Date Time;Abgedeckte Bedarf der aFRR+;Abgedeckte Bedarf der aFRR-;NRV+ (Import);NRV- (Export);Abgedeckte Bedarf der SA mFRR+;Abgedeckte Bedarf der SA mFRR-;Abgedeckte Bedarf der DA mFRR+;Abgedeckte Bedarf der DA mFRR-;Abgedeckte Bedarf der RR+;Abgedeckte Bedarf der RR-;FRCE+ (Import);FRCE- (Export);Total System Imbalance (Positiv = long / Negativ = short);AE-Preis long;AE-Preis short
01.11.2024 00:00;164.7998056;-0.449488889;51.72148;-0.471314444;0;0;0;0;0;0;27.58843778;-10.21075889;-232.9781611;-1.69;112.34
01.11.2024 00:15;134.1330144;0;69.39827667;0;0;0;0;0;0;0;9.452311111;-18.56280778;-194.4207944;7.56;92.44
01.11.2024 00:30;49.05747333;-0.890026667;70.85858333;0;0;0;0;0;0;0;7.556401111;-12.71540778;-113.8670233;1.87;41.5
01.11.2024 00:45;1.713588889;-3.229563333;54.59542889;-7.463462222;0;0;0;0;0;0;10.84284667;-8.948835556;-47.51000333;0.07;19.09
01.11.2024 01:00;110.7225;0;58.45064556;0;0;0;0;0;0;0;20.16739889;-17.29026667;-172.0502778;6.8;89.64
01.11.2024 01:15;25.55935556;-0.473087778;82.16535111;-0.218328889;0;0;0;0;0;0;7.408325556;-11.3531;-103.0885156;2.41;34.96
01.11.2024 01:30;22.20854222;-0.490854444;48.99789778;-0.561728889;0;0;0;0;0;0;9.070076667;-8.870744444;-70.35318889;1.9;26.16
01.11.2024 01:45;0.575482222;-5.983338889;17.72553889;-2.974602222;0;0;0;0;0;0;6.252722222;-6.423636667;-9.172165556;0.18;17.67
01.11.2024 02:00;44.88755222;-1.014675556;64.19246222;-0.025933333;0;0;0;0;0;0;14.79055556;-13.96345;-108.8665111;2.24;54.37
01.11.2024 02:15;0.936401111;-3.774116667;41.41602667;-0.547478889;0;0;0;0;0;0;6.378044444;-8.046326667;-36.36255;1.35;16.86
01.11.2024 02:30;11.65347333;-0.670963333;8.110343333;-13.12343;0;0;0;0;0;0;9.327535556;-8.227278889;-7.06968;2.1;23.67
01.11.2024 02:45;0.091414444;-23.17952222;0;-49.89027444;0;0;0;0;0;0;4.395076667;-8.504202222;77.08750778;-7.54;15.95
01.11.2024 03:00;21.19803889;-1.653503333;18.89076333;-5.764324444;0;0;0;0;0;0;10.77227222;-6.2063;-37.23694667;-3.1;29.47
01.11.2024 03:15;9.549423333;-0.125997778;4.44604;-7.3638;0;0;0;0;0;0;5.942435556;-6.328672222;-6.119428889;2.54;21.16
01.11.2024 03:30;0.897065556;-3.939996667;0.601428889;-33.10627444;0;0;0;0;0;0;5.465245556;-5.247951111;35.33048222;1.41;16.21
01.11.2024 03:45;1.12343;-2.976324444;0.901158889;-27.81872778;0;0;0;0;0;0;6.16317;-6.636812222;29.24410556;0.04;16.51
01.11.2024 04:00;1.271686667;-2.549227778;38.88074778;-0.741046667;0;0;0;0;0;0;6.634116667;-7.537678889;-35.95859778;0.22;16.53
01.11.2024 04:15;1.036917778;-3.615441111;49.30632556;-4.302733333;0;0;0;0;0;0;7.926124444;-6.930872222;-43.42032111;0.78;16.58
01.11.2024 04:30;20.21782111;-0.051264444;63.95978111;-0.412837778;0;0;0;0;0;0;12.06138556;-8.492797778;-87.28208778;2.48;37.6
01.11.2024 04:45;38.79610889;-0.853815556;67.09924444;-0.599284444;0;0;0;0;0;0;8.39681;-13.03248556;-99.80657778;0.56;33.76
01.11.2024 05:00;3.605121111;-2.200925556;3.675192222;-32.01936889;0;0;0;0;0;0;8.242486667;-6.949078889;25.64657333;-0.3;19.73
01.11.2024 05:15;21.44747111;-0.000948889;23.50940556;-2.223315556;0;0;0;0;0;0;8.557917778;-7.194255556;-44.09627444;1.77;28.9
01.11.2024 05:30;34.96772778;0;32.45734667;-0.34396;0;0;0;0;0;0;9.815033333;-8.842752222;-68.05339556;6.8;33.1
01.11.2024 05:45;38.48199111;0;91.38949889;0;0;0;0;0;0;0;9.283553333;-9.546977778;-129.6080656;6.8;38.34
01.11.2024 06:00;3.192003333;-4.187957778;8.771171111;-69.93664778;0;0;0;0;0;0;9.66933;-10.56073444;63.05283556;-0.07;22.84
01.11.2024 06:15;7.531727778;-0.58431;42.41801333;-2.415174444;0;0;0;0;0;0;8.69875;-8.379456667;-47.26955;1.67;23.79
01.11.2024 06:30;13.99006333;-0.626218889;109.3314533;0;0;0;0;0;0;0;12.14789222;-13.28587778;-121.5573122;2.75;28.58
01.11.2024 06:45;2.076126667;-2.414137778;190.2662556;0;0;0;0;0;0;0;9.311768889;-8.851716667;-190.3882967;2.26;21.62
01.11.2024 07:00;2.770313333;-6.585012222;30.21740444;-11.88556222;0;0;0;0;0;0;11.58796556;-12.47316778;-13.63194111;0.61;25.43
01.11.2024 07:15;1.968036667;-6.857494444;51.99338333;-3.337906667;0;0;0;0;0;0;12.15277333;-11.62514667;-44.29364556;-2.09;21.66
01.11.2024 07:30;2.341835556;-2.668325556;117.5754156;-0.015191111;0;0;0;0;0;0;11.13118333;-11.70654;-116.6583778;0.72;20.75
01.11.2024 07:45;1.990425556;-4.000097778;143.1965833;-0.115942222;0;0;0;0;0;0;11.71983556;-12.14870778;-140.6420967;0.16;20.09
01.11.2024 08:00;3.046323333;-2.325438889;140.6365589;-0.018542222;0;0;0;0;0;0;13.48388778;-12.88980889;-141.93298;-0.1;25.06
01.11.2024 08:15;1.959222222;-3.525784444;135.8154444;-0.312146667;0;0;0;0;0;0;11.10161444;-12.09853333;-132.9398167;-0.24;22.25
01.11.2024 08:30;0.774053333;-13.09434556;31.92056556;-0.992421111;75;0;0;0;0;0;13.93038;-14.09341444;-93.44481778;-8.83;20.61
01.11.2024 08:45;0.431718889;-20.29865556;18.57015333;-1.551953333;75;0;0;0;0;0;10.07839889;-15.06347222;-67.16619;-15.75;18.46
01.11.2024 09:00;29.15500333;-3.515894444;52.17322667;-4.720424444;58;0;0;0;0;0;20.09628889;-13.61057111;-137.5776289;-9.84;37.8
01.11.2024 09:15;2.553974444;-5.478244444;54.77133111;-2.292633333;58;0;0;0;0;0;10.17523556;-11.48326667;-106.2463967;-4.46;22.88
01.11.2024 09:30;0.852456667;-6.474725556;32.37658;-1.206356667;58;0;0;0;0;0;10.81542333;-10.21376111;-84.14961667;-1.15;17.59
01.11.2024 09:45;0.907114444;-23.61679;18.30076556;-15.45745556;58;0;0;0;0;0;11.76188333;-12.57460778;-37.32091;-14.3;17.4
01.11.2024 10:00;45.48095778;-0.201412222;66.77601778;-1.691626667;92;0;0;0;0;0;13.46896444;-12.10450222;-203.7283989;0.45;37.24
01.11.2024 10:15;15.01193;-2.377096667;107.3175744;0;51;0;0;0;0;0;13.05556778;-13.70524667;-170.3027289;-0.09;25.43
01.11.2024 10:30;3.366293333;-2.649601111;42.18309111;-1.238292222;55;0;0;0;0;0;10.39170222;-10.79238889;-96.26080444;-0.26;14.48
01.11.2024 10:45;1.545942222;-2.693278889;47.31207;-0.994102222;0;0;0;0;0;0;9.116746667;-9.863806667;-44.42357111;0;18.12
01.11.2024 11:00;31.46945111;0;57.18233333;-0.154353333;0;0;0;0;38;0;12.69664111;-10.73267889;-128.4613933;2.69;23.71
01.11.2024 11:15;4.064945556;-4.545748889;2.239755556;-73.46859;78;0;0;0;38;0;8.770893333;-11.71630333;-41.34495222;0.38;16.42
01.11.2024 11:30;0.79251;-11.58894556;0.108871111;-84.59646333;110;0;0;0;38;0;11.62566667;-10.91878111;-53.42285778;-2.62;16.42
01.11.2024 11:45;1.249441111;-21.66435333;0.254382222;-43.92736333;50;0;0;0;38;0;7.525787778;-14.17449444;-17.2634;-24.38;12.53
01.11.2024 12:00;3.1037;-11.63708556;2.934666667;-45.58137556;196;0;0;0;38;0;17.45791556;-9.538576667;-190.7392444;-21.92;13.1
01.11.2024 12:15;4.691567778;-12.69300778;15.29320444;-17.65499;15;0;0;0;38;0;8.05583;-13.00431;-37.68829444;-2.26;16.92
01.11.2024 12:30;3.746188889;-3.691;1.207897778;-52.25442444;0;-50;0;0;38;0;12.90421333;-9.032126667;59.11925111;-5.55;13.15
01.11.2024 12:45;3.419318889;-2.491988889;0.854728889;-67.39765111;0;-80;0;0;38;0;9.430343333;-11.08476111;109.27001;-0.74;17.25
01.11.2024 13:00;6.874183333;-2.729493333;1.944232222;-39.98264444;65;0;0;0;38;0;12.89441667;-9.893935556;-72.10675889;-2.25;16.39
01.11.2024 13:15;6.027288889;-1.674666667;4.031281111;-42.86466556;22;0;0;0;38;0;10.23380667;-11.41707889;-24.33596556;-0.07;13.87
01.11.2024 13:30;0.293237778;-14.77674444;5.040037778;-18.64723111;0;0;0;0;38;0;10.94806111;-10.93288333;-9.924477778;-3.51;19.17
01.11.2024 13:45;0.412596667;-11.55286667;7.882235556;-27.90921111;0;-15;0;0;38;0;10.98879111;-12.76179444;9.940248889;-8.19;11.47
01.11.2024 14:00;1.501994444;-9.444716667;0.006511111;-121.0645056;25;0;0;0;0;0;12.68742556;-11.75401333;103.0673044;-9.96;15.99
01.11.2024 14:15;1.480027778;-2.88113;0.004342222;-89.18456222;34;0;0;0;0;0;9.600432222;-9.530141111;56.51103111;-5.38;16.12
01.11.2024 14:30;5.354816667;-1.626787778;0.719351111;-63.56417889;30;0;0;0;0;0;11.10704556;-11.07989667;29.08965;-4.71;16.5
01.11.2024 14:45;3.423916667;-2.838806667;0.203213333;-60.67113111;38;0;0;0;0;0;11.47160111;-11.40433333;21.81554;-7.47;17.67
01.11.2024 15:00;11.16237667;-2.669798889;15.34710222;-9.625866667;0;-109;0;0;0;0;11.67941333;-8.137993333;91.24476667;-5.35;28.5
01.11.2024 15:15;14.49353667;-0.866281111;16.49351889;-7.497405556;0;-60;0;0;0;0;10.37270111;-12.43218778;39.43611778;-3.79;27.98
01.11.2024 15:30;22.50651889;-3.543156667;4.611676667;-15.52258556;0;0;0;0;0;0;13.75947889;-9.498148889;-12.31378333;-4.85;38.75
01.11.2024 15:45;22.90975444;-0.046794444;19.87222;-6.006175556;107;0;0;0;0;0;9.018536667;-14.09724111;-138.6503;-3.22;40.79
01.11.2024 16:00;0.455184444;-19.30256;21.48054333;-12.93181667;0;-50;0;0;0;0;15.01061889;-15.60599444;60.89402444;-12.97;24.67
01.11.2024 16:15;6.891278889;-4.61372;57.33458444;-2.012426667;13;0;0;0;0;0;16.12875667;-14.64218556;-72.08628778;-6.9;26.4
01.11.2024 16:30;35.22797778;-0.962041111;37.65348;-0.473355556;71;0;0;0;0;0;15.08627444;-13.35125778;-144.1810778;-2.18;49.68
01.11.2024 16:45;20.90711778;-0.487738889;9.130165556;-19.74012333;187;0;0;0;0;0;11.65690889;-13.19087222;-195.2754578;-1.25;37.49
01.11.2024 17:00;0.208061111;-33.08415556;5.664635556;-15.00784222;36;0;0;0;0;0;13.76570444;-15.32687778;7.780474444;-19.55;24.64
01.11.2024 17:15;3.20718;-2.385791111;40.44695444;-6.049577778;125;0;0;0;0;0;10.65515889;-10.49941778;-160.3745067;-2.51;25.03
01.11.2024 17:30;2.46595;-3.252892222;61.05729222;-2.502351111;168;0;0;0;0;0;11.14233111;-10.15327111;-226.7570589;-2.53;25.49
01.11.2024 17:45;13.89446333;-1.408823333;68.89004111;-1.48409;184;0;0;0;0;0;9.861151111;-10.38764889;-263.3650933;-2.61;29.87
01.11.2024 18:00;11.88206333;-0.432125556;56.45912444;-3.614177778;70;0;0;0;0;0;11.18492222;-10.75251;-134.7272967;0.33;28.36
01.11.2024 18:15;15.03727556;-0.503738889;54.22380111;-3.229707778;30;0;0;0;0;0;13.06609889;-11.93357444;-96.66015444;-0.17;28.5
01.11.2024 18:30;5.708807778;-2.60849;9.305985556;-18.57556778;104;0;0;0;0;0;11.75483;-13.26441444;-96.32115111;-1.55;25.54
01.11.2024 18:45;14.42653444;-1.99735;11.27572;-28.02118778;63;0;0;0;0;0;12.94193111;-12.42869889;-59.19694889;-3.16;29.69
01.11.2024 19:00;2.479653333;-9.414742222;1.841413333;-61.07430444;151;0;0;0;0;0;10.32795667;-16.46457;-78.69540667;-7.68;26.66
01.11.2024 19:15;3.474254444;-35.91513;5.273616667;-22.43224778;81;0;0;0;0;0;17.95761;-17.13864556;-32.21945778;-14.12;26.79
01.11.2024 19:30;0.514727778;-32.56847667;4.34948;-24.38501444;36;0;0;0;0;0;16.58855333;-15.88404778;15.38477778;-10.77;22.46
01.11.2024 19:45;0;-81.23522333;0.303822222;-10.66647778;0;0;0;0;0;0;13.79936667;-17.25341667;95.05192889;-32.99;12.79
01.11.2024 20:00;2.95951;-10.39144333;54.30417667;-2.442847778;76;0;0;0;0;0;17.73791667;-9.288185556;-128.8791267;-15.21;25.54
01.11.2024 20:15;0.959467778;-17.89035333;46.46916333;-1.495198889;30;0;0;0;0;0;10.34533;-13.11472;-55.27368889;-19.56;21.64
01.11.2024 20:30;4.714752222;-4.903696667;27.66318556;-5.8153;0;-33;0;0;0;0;10.27558889;-8.238638889;9.304108889;-5.11;24.7
01.11.2024 20:45;1.605625556;-8.906784444;55.08261111;-3.33721;0;-94;0;0;0;0;8.644221111;-12.77561889;53.68715556;-15.38;21.43
01.11.2024 21:00;1.757945556;-7.98597;17.60640444;-10.84731667;106;0;0;0;0;0;12.50867444;-9.255108889;-109.7846289;-9.08;23.1
01.11.2024 21:15;8.490793333;-5.377728889;34.21258222;-2.353254444;55;0;0;0;0;0;8.645335556;-9.385296667;-89.23243111;-10.35;25.54
01.11.2024 21:30;6.376284444;-3.561047778;38.70878444;-4.247315556;0;0;0;0;0;0;10.50210111;-8.537023333;-39.24178333;-2.14;23.35
01.11.2024 21:45;2.277565556;-3.353791111;68.94365889;-1.194706667;0;-84;0;0;0;0;7.724087778;-9.683968889;19.28715444;-1.02;19.11
01.11.2024 22:00;88.33795667;-0.683184444;84.36836556;-0.899333333;0;-61;0;0;0;0;20.50345667;-17.58766111;-113.0396;-8.86;92.33
01.11.2024 22:15;16.78969222;-1.583386667;56.47401556;-2.248686667;79;0;0;0;0;0;12.96711;-13.13992667;-148.2588178;3.61;38.14
01.11.2024 22:30;9.85067;-0.779748889;120.41816;0;46;0;0;0;0;0;10.21129;-10.66977111;-175.0306;2.82;24.29
01.11.2024 22:45;11.99340667;-16.38102111;69.46067778;-3.110433333;0;0;0;0;0;0;13.66374;-15.17309556;-60.45327444;-23.7;32.65
01.11.2024 23:00;177.7152522;-0.035535556;83.00122;0;0;0;0;0;0;0;27.11261;-16.57740778;-271.2161389;3.68;224.26
01.11.2024 23:15;158.5396233;-0.330128889;111.1733178;0;0;0;0;0;0;0;24.55484556;-32.15797667;-261.7796811;2.91;192.03
01.11.2024 23:30;75.53940667;-0.916475556;46.15901333;-1.229035556;0;0;0;0;0;0;15.47903667;-17.26910889;-117.7628367;2.12;59.32
01.11.2024 23:45;0;-76.78724;0.915572222;-53.07198444;206;0;0;0;0;0;3.368874444;-19.72223667;-60.70298556;-99.17;14.06
02.11.2024 00:00;0.069036667;-39.52528556;5.274801111;-11.64866;200;0;0;0;0;0;25.23621556;-7.848282222;-171.5578256;-25.59;22.44
02.11.2024 00:15;2.608907778;-1.575784444;65.28620222;-0.067462222;0;0;0;0;0;0;7.512723333;-7.135378889;-66.62920778;3.79;18.48
02.11.2024 00:30;0.759543333;-9.987363333;33.47955889;-1.221935556;0;0;0;0;0;0;7.205938889;-8.990842222;-21.2449;-2.79;17.12
02.11.2024 00:45;0.997848889;-13.21791222;19.75911;-2.435348889;0;0;0;0;0;0;9.59093;-9.702693333;-4.991934444;-3.74;17.48
02.11.2024 01:00;42.34373556;-1.336534444;44.31116111;-0.982375556;0;0;0;0;0;0;13.10793333;-11.67883889;-85.76508111;0.59;32.9
02.11.2024 01:15;3.728971111;-6.858994444;18.35342667;-6.605635556;0;0;0;0;0;0;6.646625556;-7.12835;-8.136043333;0.39;21.21
02.11.2024 01:30;0.544698889;-10.24439667;27.10150556;-2.073918889;0;0;0;0;0;0;8.107607778;-8.837623333;-14.59787333;-1.95;16.25
02.11.2024 01:45;0.034042222;-49.67678778;2.957911111;-4.792781111;0;0;0;0;0;0;12.80299556;-15.90194889;54.57656889;-17.31;15.95
02.11.2024 02:00;4.337821111;-3.224811111;66.98623444;-0.489862222;0;0;0;0;0;0;11.61457333;-5.024681111;-74.19927444;-6.34;19.67
02.11.2024 02:15;1.303154444;-5.935318889;26.23483222;-4.737154444;0;0;0;0;0;0;5.734583333;-8.650158889;-13.94993778;-0.34;17.59
02.11.2024 02:30;0.168182222;-26.59804222;6.230203333;-5.31866;0;0;0;0;0;0;9.114576667;-9.679403333;26.08314333;-7.56;17.11
02.11.2024 02:45;0;-29.87007;3.28857;-4.901962222;0;0;0;0;0;0;10.77525889;-9.09969;29.80789333;-11.03;10.33
02.11.2024 03:00;1.907547778;-1.599372222;48.97375889;-0.472461111;0;0;0;0;0;0;6.67264;-6.319453333;-49.16266;2.94;18.16
02.11.2024 03:15;0.609394444;-10.29919889;19.42628;-1.499491111;0;0;0;0;0;0;6.954785556;-8.749988889;-6.441781111;-11.78;16.39
02.11.2024 03:30;0;-31.14108556;0.169275556;-8.164725556;0;0;0;0;0;0;6.179156667;-7.427854444;40.38523333;-11.27;10.13
02.11.2024 03:45;0.016407778;-20.47823222;1.90164;-9.96343;0;0;0;0;0;0;10.11441444;-8.659132222;27.06833222;-9.38;15.95
02.11.2024 04:00;18.53392444;-1.870248889;4.170877778;-11.41415333;0;0;0;0;0;0;11.09214778;-8.24734;-12.26520778;-2.88;23.77
02.11.2024 04:15;16.13403889;-1.382385556;3.967142222;-10.08183111;0;0;0;0;0;0;8.548183333;-6.358272222;-10.82687556;2.13;22.9
02.11.2024 04:30;31.21745444;0;16.11953111;-0.107422222;0;0;0;0;0;0;7.062186667;-7.13706;-47.15469;7.55;24.52
02.11.2024 04:45;9.181454444;-1.449243333;5.362444444;-13.87078444;0;0;0;0;0;0;6.461876667;-9.797403333;4.111655556;1.29;21.75
02.11.2024 05:00;1.727426667;-3.273234444;0.736252222;-33.91295667;0;0;0;0;0;0;7.32775;-5.673238889;33.06800111;1.09;18.77
02.11.2024 05:15;4.876301111;-1.059697778;8.757624444;-9.669008889;0;0;0;0;0;0;5.858547778;-6.139615556;-2.624151111;2.23;19.19
02.11.2024 05:30;14.42939222;-1.658661111;14.38894111;-10.04663111;0;0;0;0;0;0;9.283033333;-6.48004;-19.91603444;1.05;22.68
02.11.2024 05:45;28.10167444;-0.150548889;15.1773;-0.975817778;0;0;0;0;0;0;9.599612222;-10.76197222;-40.99024778;1.98;25.2
02.11.2024 06:00;2.299917778;-10.93220556;1.13928;-21.06724444;0;0;0;0;0;0;9.066815556;-8.20177;27.69520667;-4.6;20.05
02.11.2024 06:15;3.52144;-0.942361111;4.087865556;-16.88139778;0;0;0;0;0;0;7.367881111;-7.43462;10.28119222;3.16;20.9
02.11.2024 06:30;20.51702333;-0.846352222;14.08647667;-6.404847778;0;0;0;0;0;0;11.38428444;-6.506105556;-32.23047889;3.35;27.73
02.11.2024 06:45;4.634728889;-2.523584444;75.52863333;-0.060168889;0;0;0;0;0;0;7.511922222;-13.26172222;-71.82980889;2.45;24.9
02.11.2024 07:00;1.066481111;-43.28028;9.905328889;-11.52886111;0;0;0;0;0;0;24.71300222;-24.98049444;44.10482333;-52.42;20.78
02.11.2024 07:15;0.686175556;-15.59976556;18.30947778;-8.199945556;0;0;0;0;0;0;7.992604444;-10.66593889;7.477392222;-3.32;20.74
02.11.2024 07:30;1.955402222;-4.065611111;50.15030222;-1.088886667;0;0;0;0;0;0;9.156051111;-7.591132222;-48.51612556;0.25;20.05
02.11.2024 07:45;1.181363333;-4.358162222;59.05680889;-0.907574444;0;0;0;0;0;0;9.243155556;-10.10465444;-54.11093667;0.82;20.66
02.11.2024 08:00;4.382727778;-1.43297;33.48852;-13.43785444;0;0;0;0;0;0;8.757341111;-8.072625556;-23.68513889;-0.49;24.08
02.11.2024 08:15;1.032028889;-7.173525556;52.48483556;-5.877585556;0;0;0;0;0;0;8.501773333;-11.23102222;-37.73650444;-3.23;23.18
02.11.2024 08:30;0.094944444;-20.37936778;4.768337778;-13.69616111;40;0;0;0;0;0;11.01318556;-8.652901111;-13.14803778;-3.55;21.29
02.11.2024 08:45;0.803892222;-14.67326111;19.78842889;-6.150756667;40;0;0;0;0;0;7.934847778;-10.43732222;-37.26582889;-4.32;21.99
02.11.2024 09:00;35.44339111;-4.093144444;46.92436667;-1.53396;40;0;0;0;0;0;16.64738;-12.42241333;-120.96562;-3.94;48.38
02.11.2024 09:15;1.96776;-5.373804444;65.19289667;-0.484635556;40;0;0;0;0;0;8.382984444;-11.00040556;-98.68479556;-3.98;25.06
02.11.2024 09:30;1.26953;-8.457843333;39.48270111;-1.528142222;40;0;0;0;0;0;10.80838778;-9.979351111;-71.59528222;-4.99;24.52
02.11.2024 09:45;2.010615556;-6.598984444;83.61140333;-1.789461111;40;0;0;0;0;0;9.783514444;-11.26001667;-115.7570711;-4.35;24.45
02.11.2024 10:00;92.00711778;-1.477724444;48.26116778;-0.481542222;36;0;0;0;0;0;21.82508;-9.518496667;-186.6156022;-6.52;62.32
02.11.2024 10:15;28.04715444;-6.251362222;89.54803;-4.497697778;36;0;0;0;0;0;9.054123333;-18.11659778;-133.78365;-2.46;39.31
02.11.2024 10:30;2.053207778;-2.057964444;48.89179222;-1.047928889;139;0;0;0;0;0;10.10037778;-10.10414556;-186.8353389;-0.84;20.49
02.11.2024 10:45;3.112101111;-2.137722222;95.20378556;-0.744193333;100;0;0;0;0;0;10.65591444;-11.13770333;-194.9521822;-1.56;20.64
02.11.2024 11:00;16.20089556;-2.178813333;60.37968667;-0.363971111;150;0;0;0;0;0;11.76271556;-10.93313333;-224.86738;-1.39;26.38
02.11.2024 11:15;3.396652222;-1.427257778;77.82355444;-0.106093333;150;0;0;0;0;0;10.29648333;-9.64844;-230.3348989;-0.6;21.38
02.11.2024 11:30;32.78890667;-0.297983333;87.45222222;-0.057688889;150;0;0;0;0;0;15.2531;-8.737806667;-276.40075;-1.06;28.16
02.11.2024 11:45;87.20065;0;50.60479222;0;150;0;0;0;0;0;14.00690222;-13.38487222;-288.4274722;7.48;44.43
02.11.2024 12:00;111.0054556;0;104.7246311;0;150;0;0;0;0;0;14.48024667;-17.30275556;-362.9075778;7.13;61.97
02.11.2024 12:15;96.74154778;0;53.28744556;-0.812713333;204;0;0;0;0;0;13.49118889;-15.36076111;-351.3467078;7.13;64.68
02.11.2024 12:30;74.41880889;0;33.64509889;-0.241966667;204;0;0;0;0;0;15.85205556;-11.51718556;-316.1568111;7.13;46.07
02.11.2024 12:45;53.85809333;-0.000677778;25.69775556;-3.399263333;249;0;0;0;0;0;7.920723333;-14.76727889;-318.3093522;-0.28;41.11
02.11.2024 13:00;20.78640667;-0.031873333;39.78243667;-2.042471111;300;0;0;0;0;0;13.69521222;-12.21352;-359.9761911;-0.28;25.79
02.11.2024 13:15;9.62252;-1.331647778;40.46576556;-2.470382222;300;0;0;0;0;0;9.356535556;-10.69444222;-344.9483489;-1.16;25.43
02.11.2024 13:30;73.07006444;0;49.05245222;0;284;0;0;0;0;0;13.24542;-8.617884444;-410.7500522;7.38;41.39
02.11.2024 13:45;59.1101;-0.467798889;36.81995222;-0.09602;284;0;0;0;0;0;10.86885111;-17.61772;-372.6173644;-1.98;51.17
02.11.2024 14:00;12.69436222;-10.75358333;36.19083;-9.361175556;340;0;0;0;0;0;17.76073667;-14.19782778;-372.3333422;-26.78;28.21
02.11.2024 14:15;24.85067111;-0.123021111;20.87934889;-1.943901111;340;0;0;0;0;0;10.12992889;-11.06038778;-382.7326389;-0.65;30.29
02.11.2024 14:30;29.23420444;-0.151232222;6.282953333;-9.672845556;340;0;0;0;0;0;12.52602889;-8.630647778;-369.5884611;-0.5;37.77
02.11.2024 14:45;44.61942222;0;16.70741778;-4.891221111;340;0;0;0;0;0;12.61336889;-16.21936778;-392.82962;8.22;41.47
02.11.2024 15:00;0.625267778;-44.49315111;1.344932222;-36.41761889;332;0;0;0;0;0;19.96690889;-19.98456333;-253.0417756;-26.25;25.96
02.11.2024 15:15;1.85342;-3.15008;0.354413333;-60.44182556;360;0;0;0;0;0;10.44133333;-10.34559667;-298.7116644;-0.82;25.22
02.11.2024 15:30;26.45737778;-0.163571111;1.043256667;-12.89932;312;0;0;0;0;0;15.70449;-9.106997778;-333.0352356;-0.35;49.88
02.11.2024 15:45;22.54678111;-0.536157778;1.163981111;-27.43194778;312;0;0;0;0;0;10.62256778;-17.81900333;-300.5462211;-0.49;44.75
02.11.2024 16:00;2.172972222;-26.52520444;0.075093333;-96.58072778;310;0;0;0;0;0;14.08663778;-13.70689;-189.5218811;-21.33;27.21
02.11.2024 16:15;1.553277778;-2.906616667;0.032142222;-96.27795222;310;0;0;0;0;0;10.51460444;-10.72269778;-212.1927578;-0.65;26.35
02.11.2024 16:30;3.134751111;-1.723208889;0.287395556;-59.40793333;310;0;0;0;0;0;9.610462222;-8.952084444;-252.9493822;-0.37;28.87
02.11.2024 16:45;18.94247;-0.02916;6.302737778;-9.544268889;255;0;0;0;0;0;11.54516111;-11.78788;-270.42906;0.36;45.25
02.11.2024 17:00;1.728378889;-89.80561667;0.49599;-37.91080444;250;0;0;0;0;0;19.81823889;-19.16205222;-125.1641344;-63.35;32.68
02.11.2024 17:15;2.658678889;-1.712502222;2.050154444;-63.79343111;250;0;0;0;0;0;9.696195556;-10.30461222;-188.5944833;0.95;29.47
02.11.2024 17:30;19.78217;-0.193678889;15.31694556;-11.62191333;191;0;0;0;0;0;14.16447333;-12.08766;-216.3603367;1.25;45.85
02.11.2024 17:45;16.47894889;-3.682585556;28.69394667;-12.74351667;191;0;0;0;0;0;8.106001111;-12.44331556;-215.4094789;-2.21;44.9
02.11.2024 18:00;0;-38.48918222;0.045573333;-69.20411444;190;0;0;0;0;0;9.625113333;-11.52641556;-80.45097444;-18.8;27.3
02.11.2024 18:15;0;-58.29616222;0;-83.19717889;190;0;0;0;0;0;10.87673889;-13.16432111;-46.21907667;-26.99;27.27
02.11.2024 18:30;0;-88.17044444;0;-45.47934556;140;0;0;0;0;0;13.04115778;-13.90381111;-5.487556667;-33.08;26.07
02.11.2024 18:45;0;-119.6043667;0;-48.86081333;140;0;0;0;0;0;19.33295111;-16.92247444;26.05470333;-65.35;26.07
02.11.2024 19:00;1.628553333;-23.93838889;1.564396667;-67.75482778;90;0;0;0;0;0;14.75425;-9.782705556;-6.471277778;-6.19;31.03
02.11.2024 19:15;2.672248889;-13.65179556;12.41396778;-19.10265667;0;0;0;0;0;0;10.15840556;-12.41238667;19.92221667;-4.94;28.42
02.11.2024 19:30;0;-55.24942556;1.174048889;-19.24222;0;0;0;0;0;0;10.52734333;-15.48232222;78.27257556;-32.73;15.22
02.11.2024 19:45;0;-69.75111222;0.415586667;-25.47782667;0;0;0;0;0;0;20.75006333;-14.31045222;88.37374111;-44.74;15.22
02.11.2024 20:00;55.51377222;-0.599095556;80.6549;-2.53748;0;-36;0;0;0;0;19.59447444;-17.21351333;-99.41305778;3.01;65.28
02.11.2024 20:15;12.52684333;-2.069498889;63.41624667;-0.163887778;0;-36;0;0;0;0;8.817506667;-9.688297778;-36.83891222;3.55;36.32
02.11.2024 20:30;0.776901111;-19.61846444;19.49732778;-1.103558889;0;0;0;0;0;0;9.261611111;-15.43644889;6.622632222;-18.9;22.39
02.11.2024 20:45;0.132782222;-33.78348556;4.852426667;-19.28581667;0;0;0;0;0;0;14.37362333;-11.31454889;45.02501889;-20.34;21.56
02.11.2024 21:00;12.24515222;-2.467984444;55.81475222;-4.141902222;0;0;0;0;0;0;13.67729333;-9.389375556;-65.73793556;-2.83;34.73
02.11.2024 21:15;2.547056667;-19.88496889;22.09763111;-11.26528222;58;0;0;0;0;0;7.302236667;-15.49427667;-43.30239667;-26.85;22.2
02.11.2024 21:30;6.606581111;-7.104354444;6.231312222;-34.62295222;27;0;0;0;0;0;16.23587111;-8.658604444;-5.687853333;-25.65;27.29
02.11.2024 21:45;2.061357778;-30.62905556;1.498622222;-34.18092111;0;-11;0;0;0;0;7.705628889;-16.87254667;81.41691444;-46.73;22.94
02.11.2024 22:00;5.253221111;-8.266872222;1.54318;-53.52125444;89;0;0;0;0;0;20.46523222;-9.414316667;-45.05919;-22.63;26.29
02.11.2024 22:15;7.202151111;-17.17163444;16.59563;-16.3049;44;0;0;0;0;0;10.46009889;-13.43289;-31.34845556;-9.07;35.51
02.11.2024 22:30;5.159776667;-3.580721111;15.46551111;-13.49488444;27;0;0;0;0;0;10.90876222;-7.346172222;-34.11227222;1.57;24.62
02.11.2024 22:45;8.747147778;-2.080208889;36.92483444;-7.901421111;0;-45;0;0;0;0;12.99612333;-11.71820778;8.031732222;1.22;32.39
02.11.2024 23:00;11.50972333;-3.095566667;5.039395556;-18.37327222;104;0;0;0;0;0;8.535411111;-12.31662778;-95.29906333;0.28;42.24
02.11.2024 23:15;1.751024444;-9.371464444;2.118186667;-19.66080889;40;0;0;0;0;0;7.364073333;-7.687437778;-14.51357333;-7.99;20.4
02.11.2024 23:30;0.861534444;-16.60564222;2.578891111;-15.37231444;0;0;0;0;0;0;8.722364444;-10.68712111;30.50228778;-10.13;18.94
02.11.2024 23:45;0.091685556;-59.44010222;4.597705556;-3.488497778;0;-40;0;0;0;0;9.601794444;-17.85317222;106.4905867;-66.06;16.92
03.11.2024 00:00;1.07164;-16.74831222;5.928357778;-24.13148667;92;0;0;0;0;0;20.94452556;-8.315431111;-70.74929333;-31.9;21.27
03.11.2024 00:15;2.735991111;-10.28156222;15.62601889;-9.610678889;29;0;0;0;0;0;6.235905556;-9.780005556;-23.92566889;-4.65;22.29
03.11.2024 00:30;0.472677778;-13.18832889;2.456862222;-22.71142556;0;0;0;0;0;0;11.32889111;-9.591161111;31.23248444;-5.11;17.74
03.11.2024 00:45;0.906573333;-17.04144333;9.401393333;-25.34064333;0;-56;0;0;0;0;9.984528889;-7.948703333;86.03829444;-7.54;19.15
03.11.2024 01:00;26.21716333;-0.054385556;27.07284222;-4.455218889;40;0;0;0;0;0;11.96396556;-12.15871333;-88.58565333;3.93;28.28
03.11.2024 01:15;2.88222;-3.504488889;4.052263333;-36.69709667;6;0;0;0;0;0;6.810987778;-6.640615556;27.09673;1.3;20.71
03.11.2024 01:30;3.630905556;-2.604973333;9.397365556;-20.18467111;0;0;0;0;0;0;7.431098889;-7.181527778;9.511802222;-0.45;17.85
03.11.2024 01:45;2.709265556;-5.195984444;7.053383333;-32.41940444;0;-56;0;0;0;0;6.770023333;-6.772732222;83.85544889;-2.19;17.49
03.11.2024 02:00;51.89738444;-0.025092222;6.720948889;-2.847494444;0;0;0;0;0;0;10.88729667;-8.268503333;-58.36454;3.42;31.54
03.11.2024 02:15;15.69226556;-2.359604444;1.976667778;-18.14667556;0;0;0;0;0;0;7.019323333;-10.41883778;6.236861111;-1.45;25.47
03.11.2024 02:30;1.078273333;-1.900896667;0;-49.21225;0;0;0;0;0;0;6.200361111;-3.952094444;47.78660667;0.44;16.15
03.11.2024 02:45;0.586881111;-17.30766889;0;-37.69325556;0;0;0;0;0;0;6.229923333;-8.996812222;57.18093222;-9.85;16.39
03.11.2024 03:00;7.297224444;-1.926526667;2.534102222;-20.24173556;0;0;0;0;0;0;9.046816667;-6.391627778;9.681746667;-0.6;20.62
03.11.2024 03:15;3.663176667;-0.885946667;2.36447;-20.60630222;0;0;0;0;0;0;5.740866667;-6.085845556;15.80958111;1.89;17.03
03.11.2024 03:30;1.549596667;-1.298122222;0.133985556;-41.26611778;0;0;0;0;0;0;6.458897778;-5.737062222;40.15882222;2.29;16.4
03.11.2024 03:45;0.848647778;-3.04619;0;-72.29854222;0;0;0;0;0;0;5.22543;-7.070293333;76.34094778;-0.65;16.12
03.11.2024 04:00;0.31873;-6.624342222;5.17283;-13.61785;0;0;0;0;0;0;7.523582222;-6.843791111;14.07084111;-1.01;17.26
03.11.2024 04:15;0.5938;-8.868534444;3.20811;-33.86649;0;0;0;0;0;0;6.184093333;-7.619058889;40.36808;-8.03;16.02
03.11.2024 04:30;0.882852222;-19.66187333;0.685717778;-39.05803;0;0;0;0;0;0;6.809064444;-7.204864444;57.54713333;-17.46;16.54
03.11.2024 04:45;0;-42.60078889;0.01736;-19.57960444;0;0;0;0;0;0;6.704894444;-7.904694444;63.36283333;-26.1;11.12
03.11.2024 05:00;0.007595556;-31.95691333;0;-26.15844222;0;0;0;0;0;0;12.26076333;-7.26945;53.11644667;-16.88;17.31
03.11.2024 05:15;0.10172;-28.24383333;0.118684444;-39.12955778;0;0;0;0;0;0;7.854821111;-9.406454444;68.70462;-25.17;16.07
03.11.2024 05:30;0.739341111;-13.04794667;0.133977778;-46.22314889;0;0;0;0;0;0;9.548034444;-9.554845556;58.40458778;-10.53;16.66
03.11.2024 05:45;0.586211111;-13.06273333;0.045248889;-51.10821778;0;0;0;0;0;0;6.220654444;-10.17933222;67.49816889;-21.37;16.53
03.11.2024 06:00;2.786178889;-13.61706222;0.029217778;-98.51183778;0;0;0;0;0;0;12.82769778;-7.274563333;103.7603689;-38.64;19.48
03.11.2024 06:15;1.278473333;-7.53295;0.835758889;-42.77106;0;-56;0;0;0;0;7.349165556;-6.375876667;103.2164889;-8.52;18.8
03.11.2024 06:30;1.035685556;-8.548991111;17.97938778;-4.733123333;0;-56;0;0;0;0;7.593624444;-9.711643333;52.38506;-7.04;18.09
03.11.2024 06:45;0.318193333;-7.48289;16.31226444;-8.604584444;0;-56;0;0;0;0;8.964857778;-7.87239;54.36454889;-5.96;18.55
03.11.2024 07:00;10.73090889;-0.499257778;12.45588111;-11.27483556;0;-56;0;0;0;0;9.496508889;-7.057546667;42.14834111;1.54;26.94
03.11.2024 07:15;12.46444556;-0.45952;34.91397111;-12.29382333;0;-56;0;0;0;0;7.670616667;-10.07732667;23.78163667;1.6;28.13
03.11.2024 07:30;13.32871;-1.004094444;33.49327222;-12.41377556;0;-56;0;0;0;0;9.592291111;-8.274745556;21.27834222;0.53;29.29
03.11.2024 07:45;13.62588222;-1.286611111;49.00924889;-6.200471111;0;0;0;0;0;0;8.938244444;-9.130818889;-54.95547444;-0.49;30.16
03.11.2024 08:00;33.93445556;-0.274247778;9.020073333;-3.197698889;0;0;0;0;0;0;13.47142556;-12.13210111;-40.82190667;-2.29;28.62
03.11.2024 08:15;10.62743667;-5.346007778;23.47768778;-4.152097778;0;0;0;0;0;0;9.365488889;-10.43159333;-23.54091444;-10.75;24.33
03.11.2024 08:30;2.781971111;-2.076146667;67.54209667;-1.356026667;0;0;0;0;0;0;10.81811667;-10.15485667;-67.55515444;-2.45;19.59
03.11.2024 08:45;1.677777778;-2.811944444;70.61820111;-0.752918889;0;0;0;0;0;0;8.633933333;-9.608852222;-67.75619667;-3.63;19.18
03.11.2024 09:00;27.40423222;-1.691777778;90.39737889;-0.063081111;0;0;0;0;0;0;12.53394889;-11.58988333;-116.9908178;-4.81;30.13
03.11.2024 09:15;3.247865556;-1.940367778;106.7925633;-0.058186667;0;0;0;0;0;0;8.858227778;-8.589126667;-108.3109756;-3.61;21.73
03.11.2024 09:30;1.350098889;-6.019957778;18.30887;-6.224476667;80;0;0;0;0;0;9.700516667;-10.12636111;-86.98869;-5.65;20.1
03.11.2024 09:45;4.70703;-9.603408889;21.15843444;-5.24508;80;0;0;0;0;0;10.29811556;-11.38805556;-89.92703556;-16.67;21.88
03.11.2024 10:00;14.27599111;-1.051432222;72.81203222;-0.378591111;80;0;0;0;0;0;12.44765111;-8.867183333;-169.2384678;-4.71;19.89
03.11.2024 10:15;29.49909889;0;25.01822556;-1.199556667;80;0;0;0;0;0;9.9069;-11.04276222;-132.1819056;4.73;25.13
03.11.2024 10:30;22.47410778;0;31.17155111;-1.82184;80;0;0;0;0;0;10.89929;-9.691285556;-133.0318233;4.73;19.57
03.11.2024 10:45;10.08028667;-0.946581111;25.18305222;-12.67205889;80;0;0;0;0;0;10.02820667;-10.39196111;-101.2809444;-4.75;18.79
03.11.2024 11:00;54.18403;0;21.23732889;-0.421821111;80;0;0;0;0;0;13.56663444;-10.00081222;-158.56536;3.68;43.33
03.11.2024 11:15;48.78281444;0;33.27164444;0;80;0;0;0;0;0;12.33587556;-15.31468111;-159.0756533;3.68;46.71
03.11.2024 11:30;33.14208556;0;21.95745556;-3.386761111;80;0;0;0;0;0;11.57222444;-9.101817778;-134.1831867;3.68;27.88
03.11.2024 11:45;41.10880778;-0.057914444;10.40743222;-3.602426667;117;0;0;0;0;0;13.72581778;-14.27407889;-164.3076378;-4.4;39.67
03.11.2024 12:00;33.23989444;-0.395101111;74.57989556;0;124;0;0;0;0;0;8.79909;-10.16329222;-230.0604867;-5.1;29.06
03.11.2024 12:15;12.17827111;-1.318624444;129.3654111;0;32;0;0;0;0;0;10.66921111;-11.26326333;-171.6310056;-5.21;20.52
03.11.2024 12:30;39.77159333;-0.132377778;51.94410889;-0.166827778;100;0;0;0;0;0;12.10531556;-9.697807778;-193.8240044;-4.14;33.77
03.11.2024 12:45;5.539825556;-14.55593111;27.22396333;-14.58310222;100;0;0;0;0;0;7.765282222;-10.99906222;-100.3909756;-28.21;19.4
03.11.2024 13:00;26.14718111;-0.022241111;59.42503333;-1.603506667;100;0;0;0;0;0;11.92731889;-10.68685222;-185.1869333;-4.24;26.03
03.11.2024 13:15;2.650551111;-2.269813333;59.01587;-0.93236;100;0;0;0;0;0;9.341055556;-9.642727778;-158.1625756;-5.18;18.23
03.11.2024 13:30;0.397941111;-9.056531111;10.41244111;-15.98814556;155;0;0;0;0;0;9.208154444;-10.31794778;-139.6559122;-18.78;14.86
03.11.2024 13:45;2.544211111;-3.102338889;30.89374;-3.828625556;115;0;0;0;0;0;8.694674444;-10.01192;-140.1897411;-4.7;20.86
03.11.2024 14:00;1.166444444;-30.60681;0.907747778;-27.08004778;139;0;0;0;0;0;16.95556667;-15.20831556;-85.13458556;-56.64;20.86
03.11.2024 14:15;2.344832222;-5.040144444;0.999897778;-43.64712;139;0;0;0;0;0;9.444704444;-8.571251111;-94.53091889;-18.59;20.31
03.11.2024 14:30;2.226403333;-2.09417;0.03696;-66.71519889;189;0;0;0;0;0;10.44840556;-11.70083111;-121.2015689;-4.07;20.44
03.11.2024 14:45;2.16891;-2.381444444;0.061831111;-79.06481222;189;0;0;0;0;0;11.11519444;-10.80971444;-110.0899644;-5.57;21.12
03.11.2024 15:00;1.5553;-11.08397444;0;-161.5271644;179;0;0;0;0;0;12.16637333;-11.71900889;-8.391525556;-32.97;20.75
03.11.2024 15:15;2.793781111;-1.809072222;0.127991111;-81.61674222;179;0;0;0;0;0;9.849467778;-9.860045556;-98.48538;-4.29;21.05
03.11.2024 15:30;19.36754556;-0.485703333;2.811264444;-23.32249667;179;0;0;0;0;0;14.70163778;-7.493236667;-184.5790111;-2.67;35.12
03.11.2024 15:45;38.02233889;0;9.568651111;-4.757791111;179;0;0;0;0;0;8.887828889;-15.02303333;-215.6979944;8.45;31.07
03.11.2024 16:00;1.725937778;-48.68639111;0.429288889;-104.3984056;174;0;0;0;0;0;20.11827;-21.24567111;-21.94302889;-56.41;27.04
03.11.2024 16:15;1.380881111;-2.884377778;0.303141111;-65.82164111;174;0;0;0;0;0;9.298507778;-9.521505556;-106.7550056;-4.27;24.62
03.11.2024 16:30;18.9034;-0.405131111;2.565891111;-26.36978;174;0;0;0;0;0;12.81764889;-8.232945556;-173.2790833;-1.1;35.36
03.11.2024 16:45;61.90496556;0;5.81788;-2.175555556;172;0;0;0;0;0;14.05898778;-17.92588444;-233.6803933;9.94;51.29
03.11.2024 17:00;8.523073333;-9.02342;7.032144444;-32.26914333;100;0;0;0;0;0;14.45257333;-10.82166222;-77.89356556;-8.78;37.73
03.11.2024 17:15;25.49560111;-0.011528889;12.41222;-4.551505556;100;0;0;0;0;0;12.36276;-10.33367667;-135.37387;-0.19;43.35
03.11.2024 17:30;127.2013389;0;26.46024333;-0.10308;100;0;0;0;0;0;20.89169;-11.59260778;-262.8575844;11.28;125.09
03.11.2024 17:45;139.6340756;0;55.38846111;0;100;0;0;0;0;0;7.90501;-19.57274333;-283.3548033;11.28;142.86
03.11.2024 18:00;2.937141111;-3.660331111;1.587506667;-50.3387;165;0;0;0;0;0;8.855547778;-13.01758556;-111.3635789;-0.89;32.11
03.11.2024 18:15;2.88587;-5.713146667;2.469804444;-53.8141;165;0;0;0;0;0;10.31712333;-13.11363667;-108.0319144;-4.94;26.24
03.11.2024 18:30;0;-70.66081556;0;-59.08793778;165;0;0;0;0;0;14.02101;-14.65144444;-34.62081222;-32.96;18.71
03.11.2024 18:45;2.068128889;-7.341971111;0.065564444;-117.1853911;165;0;0;0;0;0;12.47913889;-13.81183556;-41.27363444;-5.35;27.06
03.11.2024 19:00;4.37865;-6.908102222;2.046666667;-49.76316778;110;0;0;0;0;0;13.70412333;-9.101575556;-64.35659444;-12.88;30.36
03.11.2024 19:15;4.924448889;-4.751785556;1.700504444;-86.51096222;110;0;0;0;0;0;9.402691111;-11.73555111;-23.02934556;-2.78;28.76
03.11.2024 19:30;1.392137778;-10.44893889;0.055328889;-96.73922667;110;0;0;0;0;0;13.51316222;-12.05729;-5.715173333;-12.1;24.89
03.11.2024 19:45;1.586085556;-6.737732222;0.31469;-76.04518556;40;0;0;0;0;0;10.25227444;-9.906718889;40.53658667;-7.37;24.44
03.11.2024 20:00;22.31446556;-8.600396667;19.76293778;-5.726558889;35;0;0;0;0;0;13.63875889;-11.57873222;-64.81047444;-22.59;39.53
03.11.2024 20:15;14.23460778;-10.11747;17.82451556;-6.781848889;35;0;0;0;0;0;13.00701222;-14.71300444;-48.45381222;-7.54;44.53
03.11.2024 20:30;1.002464444;-23.44280222;3.032375556;-37.05643778;35;0;0;0;0;0;9.57868;-12.50787556;24.39359556;-24.38;22.77
03.11.2024 20:45;2.110865556;-19.46952556;0.461715556;-66.53782778;35;0;0;0;0;0;18.12933222;-14.16365556;44.46909556;-31.53;23.24
03.11.2024 21:00;58.2445;-0.000271111;8.737914444;-6.218263333;0;0;0;0;0;0;18.03171889;-15.67794889;-63.11765;4.66;53.68
03.11.2024 21:15;11.65647889;-0.733365556;4.843748889;-20.99080444;0;0;0;0;0;0;8.278252222;-10.00621889;6.951908889;3.71;30.64
03.11.2024 21:30;10.63311778;-0.417754444;8.480378889;-14.51904;0;-13;0;0;0;0;10.60709444;-9.607463333;7.823666667;2.48;26.79
03.11.2024 21:45;0.993776667;-21.80039667;0.86852;-45.27432444;0;-53;0;0;0;0;7.359477778;-13.20666444;124.0596111;-38.88;17.22
03.11.2024 22:00;9.375808889;-3.424894444;5.450751111;-30.74054667;40;0;0;0;0;0;13.72695222;-9.211447778;-25.17662333;-13.52;33.68
03.11.2024 22:15;11.45331889;-9.54834;8.024038889;-17.35196556;19;0;0;0;0;0;11.41707556;-12.46716556;-10.52696222;-13.56;34.2
03.11.2024 22:30;7.610666667;-4.065478889;27.35365333;-5.738595556;0;0;0;0;0;0;10.61277444;-8.97947;-26.79355;-4.45;30.98
03.11.2024 22:45;11.23196111;-11.27523444;42.25693;-3.983104444;0;-96;0;0;0;0;9.639223333;-12.55535667;60.68558111;-23.83;32.59
03.11.2024 23:00;41.72009889;-1.54704;21.77997778;-0.860757778;40;0;0;0;0;0;12.96439222;-11.22507889;-102.8315922;-3.02;59.2
03.11.2024 23:15;15.61958556;-1.772725556;2.914382222;-21.60793;0;0;0;0;0;0;11.07124778;-11.16508778;4.940527778;1.34;34.95
03.11.2024 23:30;3.447522222;-3.836803333;5.817846667;-18.93641333;0;-56;0;0;0;0;8.026;-8.346876667;69.82872444;-3.59;19.55
03.11.2024 23:45;1.273603333;-19.70824556;24.03617111;-7.279007778;0;-96;0;0;0;0;7.310931111;-12.69751111;103.0640589;-28.9;18.46
04.11.2024 00:00;15.77729667;-3.871246667;24.48804444;-5.563198889;53;0;0;0;0;0;15.89765444;-8.537888889;-91.19066111;-7.37;26.19
04.11.2024 00:15;6.827938889;-1.169023333;27.73801444;-3.213924444;9;0;0;0;0;0;6.75671;-7.772577778;-38.16713778;4.08;22.47
04.11.2024 00:30;6.759843333;-2.992751111;10.88488;-10.37171444;0;-41;0;0;0;0;6.391838889;-8.141035556;38.46893889;3;20.83
04.11.2024 00:45;0.528975556;-18.65790444;2.887008889;-7.358185556;0;-116;0;0;0;0;5.441884444;-11.28384889;144.44207;-3.46;16.27
04.11.2024 01:00;1.816951111;-11.54648;1.370386667;-22.35750333;40;0;0;0;0;0;12.54529667;-5.561473333;-16.26717778;-9.38;20.27
04.11.2024 01:15;0.544433333;-14.42220222;2.137041111;-25.29630889;23;0;0;0;0;0;4.789774444;-9.373081111;18.62034333;-1.05;16.2
04.11.2024 01:30;2.050086667;-3.63564;0.999191111;-44.20520444;0;-7;0;0;0;0;10.55340667;-5.249281111;46.48744111;1.18;17.77
04.11.2024 01:45;3.831774444;-0.64507;1.354227778;-20.41721333;0;-88;0;0;0;0;5.302746667;-5.543048889;104.1165833;3.28;18.46
04.11.2024 02:00;7.569435556;-4.515231111;1.688484444;-16.13318778;31;0;0;0;0;0;8.356636667;-7.925366667;-20.04077111;2.92;24.35
04.11.2024 02:15;5.239383333;-1.005575556;1.429465556;-46.00747667;0;0;0;0;0;0;6.609683333;-5.52302;39.25754;4.08;21.02
04.11.2024 02:30;1.259482222;-3.467173333;2.865261111;-11.92516333;0;0;0;0;0;0;4.323433333;-5.573247778;12.51740778;3.74;16.23
04.11.2024 02:45;0.147025556;-34.25766667;0.0034;-20.72118;0;0;0;0;0;0;5.682532222;-9.7;58.84588889;-11.47;15.95
04.11.2024 03:00;12.45226444;-4.436565556;23.47213111;-7.231217778;0;0;0;0;0;0;14.40399111;-6.416566667;-32.24403667;-8.07;23.44
04.11.2024 03:15;19.37215667;-0.033091111;10.23489;-3.157572222;0;0;0;0;0;0;7.316876667;-6.732294444;-27.00096556;4.13;24.59
04.11.2024 03:30;1.353215556;-11.26504222;5.088774444;-14.45519;0;0;0;0;0;0;5.911698889;-6.940933333;20.30747667;2.15;20.28
04.11.2024 03:45;0.455587778;-18.05107;5.774673333;-4.563793333;0;0;0;0;0;0;4.297956667;-11.18957667;23.27622222;-9.49;17.07
04.11.2024 04:00;0.459925556;-14.21805556;1.182706667;-12.68137778;0;0;0;0;0;0;11.43497667;-6.906227778;20.72805222;-7.14;17.15
04.11.2024 04:15;0;-20.45789889;0.487206667;-14.94637778;0;0;0;0;0;0;5.567761111;-4.202262222;33.55157111;1.45;11.43
04.11.2024 04:30;7.605645556;-2.172018889;18.11020222;-3.343734444;0;0;0;0;0;0;8.257654444;-6.795526667;-21.66222222;3.88;21.86
04.11.2024 04:45;10.05141;-3.380396667;21.43539222;-5.43064;0;0;0;0;0;0;7.475585556;-11.61241556;-18.53893556;1.1;24.27
04.11.2024 05:00;0.072292222;-78.76762333;0;-68.38637222;0;0;0;0;0;0;19.94764;-19.05546333;146.1895267;-59.81;16.59
04.11.2024 05:15;0.263938889;-27.36991778;0.363697778;-26.98333889;0;0;0;0;0;0;10.15817333;-7.982298889;51.54974556;-2.24;16.47
04.11.2024 05:30;5.916061111;-7.700454444;1.353814444;-53.76944667;64;0;0;0;0;0;12.01467111;-9.700238889;-12.11440667;0.93;23.63
04.11.2024 05:45;15.53466556;-0.841063333;9.795853333;-9.910541111;138;0;0;0;0;0;9.526895556;-13.94826333;-148.1575467;0.37;25.75
04.11.2024 06:00;19.61683889;-13.64596;23.51074111;-25.29638778;0;-150;0;0;0;0;19.19647667;-12.85697222;139.4752633;-9.68;33.85
04.11.2024 06:15;72.24026444;0;32.54682444;-2.843145556;0;-115;0;0;0;0;16.74993333;-15.30381333;11.60993667;7.82;36.91
04.11.2024 06:30;132.7604078;0;12.71617;-0.018444444;6;0;0;0;0;0;27.74090889;-11.88558222;-167.31346;10.46;54.85
04.11.2024 06:45;144.08542;0;21.19534556;-1.879066667;52;0;0;0;0;0;9.478356667;-30.09683111;-194.7832244;10.46;56.81
04.11.2024 07:00;2.896986667;-3.925083333;0.116031111;-101.5971933;100;0;0;0;0;0;11.20227444;-12.41753111;3.724515556;5.05;27.17
04.11.2024 07:15;11.49711444;-0.934111111;0.887362222;-41.92218333;100;0;0;0;0;0;13.77415889;-13.99332667;-69.30901444;5.26;28.44
04.11.2024 07:30;26.14108111;-0.420602222;12.56176222;-16.33383;100;0;0;0;0;0;14.68641667;-11.18626333;-125.4485644;5.31;34.78
04.11.2024 07:45;84.68477556;0;93.62541333;0;0;0;0;0;0;0;17.84528111;-11.22314556;-184.9323244;12.2;45.66
04.11.2024 08:00;147.9165311;0;33.99999778;0;0;0;0;0;0;0;19.01881556;-15.77963889;-185.1557056;11.93;63.62
04.11.2024 08:15;96.9957;-1.105683333;72.83205222;0;0;0;0;0;0;0;10.02604222;-23.99956889;-154.7485422;5.04;60.92
04.11.2024 08:30;18.53677111;-2.387282222;118.0573711;0;0;0;0;0;0;0;13.68516;-13.08077667;-134.8112433;5.15;35.67
04.11.2024 08:45;4.571116667;-2.089567778;111.3095878;-0.079275556;0;0;0;0;0;0;12.27511556;-11.79359778;-114.1933789;4.88;26.89
04.11.2024 09:00;116.1899044;-0.286187778;54.61421333;0;0;0;0;0;0;0;21.2096;-22.09556778;-169.6319622;4.93;69.43
04.11.2024 09:15;57.47978222;-2.598202222;87.96271;-0.006933333;0;0;0;0;0;0;19.46209444;-18.61514111;-143.68431;4.88;55.29
04.11.2024 09:30;23.51453889;-2.189666667;115.1999889;-0.072958889;0;0;0;0;0;0;11.99110444;-13.01403778;-135.4289689;4.84;37.71
04.11.2024 09:45;10.83387889;-0.386961111;19.99009556;-13.91480444;106;0;0;0;0;0;12.68472333;-10.61523667;-124.5916956;4.6;25.09
04.11.2024 10:00;81.09876;0;41.59991;-0.536026667;121;0;0;0;0;0;16.91025111;-15.79104556;-244.2818489;9.58;48.55
04.11.2024 10:15;38.64039;-1.24119;40.06754889;-0.45642;86;0;0;0;0;0;13.64123111;-14.76456111;-161.8869989;4.6;43.73
04.11.2024 10:30;16.01505889;-1.95583;45.29715778;-0.309116667;61;0;0;0;0;0;11.55708444;-11.36639889;-120.2379556;4.38;29.75
04.11.2024 10:45;5.54333;-1.734877778;64.98587889;-0.815824444;43;0;0;0;0;0;12.59517444;-12.99480111;-110.57888;4.23;21.94
04.11.2024 11:00;91.76146;-0.147028889;62.42551444;-0.024955556;43;0;0;0;0;0;23.38489778;-12.55860111;-207.8412867;3.95;47.68
04.11.2024 11:15;76.79645444;-0.032552222;42.45418333;0;43;0;0;0;0;0;8.812113333;-18.37182667;-152.6583722;3.96;44.62
04.11.2024 11:30;43.99142222;0;123.30997;0;43;0;0;0;0;0;15.92066111;-15.26855778;-210.9534956;8.91;32.62
04.11.2024 11:45;14.14305556;-2.015108889;172.4149089;0;43;0;0;0;0;0;10.41559556;-11.79418111;-226.16427;3.93;32.05
04.11.2024 12:00;3.039681111;-2.126457778;292.3578578;0;95;0;0;0;0;0;9.17533;-9.677218889;-387.7691922;3.72;23.02
04.11.2024 12:15;27.07030556;-2.80056;177.24055;0;100;0;0;0;0;0;13.74834444;-13.89240333;-301.3662367;3.65;35.48
04.11.2024 12:30;31.15181222;-0.294051111;29.92271333;-3.676328889;185;0;0;0;0;0;11.95448778;-13.15376111;-240.9048722;3.73;32.11
04.11.2024 12:45;0.523;-8.730444444;27.54085778;-3.928228889;190;0;0;0;0;0;10.56125222;-10.74817667;-205.21826;3.59;21.67
04.11.2024 13:00;35.87946889;-0.377197778;149.3210767;0;170;0;0;0;0;0;13.73480667;-9.069775556;-359.4883789;4.06;35.36
04.11.2024 13:15;125.1255922;0;59.44508889;0;170;0;0;0;0;0;16.77869667;-10.40229111;-360.9470867;9.01;52.88
04.11.2024 13:30;154.0828667;0;59.05080222;0;170;0;0;0;0;0;14.03292;-9.114286667;-388.0523022;9.01;63.45
04.11.2024 13:45;79.89799889;-0.781104444;99.95058222;0;211;0;0;0;0;0;7.725416667;-22.33748222;-375.4554111;4.05;56.55
04.11.2024 14:00;4.012584444;-4.066016667;54.58275778;-1.958607778;300;0;0;0;0;0;12.91125889;-12.31338222;-353.1685944;4.58;23.38
04.11.2024 14:15;17.99249333;-5.104432222;72.98843778;-3.26564;300;0;0;0;0;0;16.50580667;-13.97519333;-385.1414722;3.14;30.74
04.11.2024 14:30;105.0185711;-0.01275;15.91447333;-1.519093333;300;0;0;0;0;0;24.59151556;-10.59947778;-433.3932389;4.92;58.12
04.11.2024 14:45;204.4036122;0;11.16752;0;300;0;0;0;0;0;13.27475778;-23.02242556;-505.8234644;9.87;81.54
04.11.2024 15:00;15.23842778;-1.665168889;11.2028;-32.11181667;350;0;0;0;0;0;10.91389222;-16.98566889;-336.5924656;4.77;37.9
04.11.2024 15:15;23.42340111;-0.076631111;4.725918889;-11.66097333;348;0;0;0;0;0;20.38603778;-14.96444111;-369.8333122;4.95;35.08
04.11.2024 15:30;90.37990889;0;3.100585556;-0.783413333;350;0;0;0;0;0;20.42944222;-14.76345333;-448.36307;12.03;62.27
04.11.2024 15:45;74.82816444;0;7.738543333;-1.740175556;350;0;0;0;0;0;10.38764556;-19.03944667;-422.1747311;12.03;61.53
04.11.2024 16:00;3.396813333;-7.064487778;8.863854444;-22.34373889;350;0;0;0;0;0;13.64175556;-17.12888333;-329.3653133;4.76;31.18
04.11.2024 16:15;10.20251111;-0.53968;16.23359667;-20.24686556;348;0;0;0;0;0;13.36212111;-13.09299222;-353.9186911;5.32;31.03
04.11.2024 16:30;16.27210556;-1.86129;1.740504444;-51.26852667;351;0;0;0;0;0;18.31082222;-15.17580111;-319.0178144;5.18;36.91
04.11.2024 16:45;31.34602667;-0.403644444;5.34559;-13.06320444;353;0;0;0;0;0;11.78793667;-15.66839778;-372.3443067;5.34;42.27
04.11.2024 17:00;3.839926667;-3.666976667;0.026902222;-117.0533011;351;0;0;0;0;0;16.30206667;-14.97934889;-235.4692689;5;28.38
04.11.2024 17:15;4.450672222;-3.122416667;0.139857778;-79.33296;350;0;0;0;0;0;16.19249556;-17.23060667;-271.0970422;5.22;28.48
04.11.2024 17:30;14.99932889;-1.547038889;3.112998889;-46.96044778;346;0;0;0;0;0;21.25704222;-14.70648889;-322.1553944;5.22;37.1
04.11.2024 17:45;38.50706889;-1.963156667;15.13138667;-17.09916222;302;0;0;0;0;0;14.63488;-20.62038556;-330.5906311;5.11;55.56
04.11.2024 18:00;0.756018889;-21.79889444;0.130404444;-63.04665333;303;0;0;0;0;0;15.02549778;-15.87457667;-218.1917967;3.93;29.35
04.11.2024 18:15;3.145068889;-4.52514;0.112875556;-111.5941467;303;0;0;0;0;0;17.28597556;-17.32501667;-190.0996167;5.74;29.31
04.11.2024 18:30;4.357633333;-3.700496667;0;-171.9160444;303;0;0;0;0;0;18.36184;-17.72786444;-132.3750678;5.48;29.59
04.11.2024 18:45;1.055495556;-29.44267222;0.295686667;-58.63399444;210;0;0;0;0;0;12.69531444;-18.32277333;-117.6470567;2.49;29.85
04.11.2024 19:00;31.87242222;-3.223467778;11.33335556;-11.38822111;150;0;0;0;0;0;20.98010222;-16.14881222;-183.4253789;4.55;41.96
04.11.2024 19:15;2.76326;-29.30841222;2.241868889;-43.34407444;150;0;0;0;0;0;13.15672;-18.18061111;-77.32875111;0.98;28.45
04.11.2024 19:30;0.051542222;-49.49883889;0.394968889;-43.01240444;150;0;0;0;0;0;18.13205444;-18.45188222;-57.61544;0.73;23.36
04.11.2024 19:45;0;-71.57280333;0.011937778;-59.26486;100;0;0;0;0;0;21.01371333;-19.20030889;29.01232111;-2.75;21.34
04.11.2024 20:00;6.081533333;-1.968051111;85.11073111;-5.454884444;61;0;0;0;0;0;16.62815;-12.63862222;-148.7588567;5.03;25.84
04.11.2024 20:15;7.270772222;-2.869458889;89.67459444;-3.40265;0;0;0;0;0;0;13.06482556;-15.97548667;-87.76259667;4.71;25.21
04.11.2024 20:30;0.839164444;-23.74485;0.051262222;-75.54547333;101;0;0;0;0;0;10.61280556;-13.29017778;0.077268889;-0.62;20.74
04.11.2024 20:45;0.090874444;-56.65229444;0.018448889;-34.87352333;61;0;0;0;0;0;12.95759222;-18.55765111;36.01655333;-12.72;21.01
04.11.2024 21:00;9.708927778;-14.56338667;4.455393333;-19.88404667;80;0;0;0;0;0;21.71520222;-9.287352222;-72.14473778;-18.01;26.82
04.11.2024 21:15;23.21749556;-7.65977;11.29771556;-7.132127778;0;0;0;0;0;0;8.365922222;-15.19614111;-12.89309444;2.04;32.77
04.11.2024 21:30;2.204728889;-17.29435556;1.160155556;-27.45469333;0;0;0;0;0;0;10.50805667;-12.13732889;43.01343667;0.53;21.17
04.11.2024 21:45;0.091955556;-79.24790222;1.635468889;-7.793238889;0;-48;0;0;0;0;12.74307444;-21.56710222;142.1377444;-55.08;17.72
04.11.2024 22:00;0.803353333;-32.61475333;0.094404444;-50.62920222;85;0;0;0;0;0;20.88979;-8.522947778;-15.02064444;-15.39;21.18
04.11.2024 22:15;2.143404444;-6.788183333;59.35633111;-0.634706667;11;0;0;0;0;0;13.23485;-13.81345667;-64.49823889;3.3;19.65
04.11.2024 22:30;1.308316667;-15.33066333;24.64345444;-1.0535;0;-24;0;0;0;0;10.57969111;-12.39854556;16.25124667;0.41;20.15
04.11.2024 22:45;2.133791111;-12.70196444;30.77149778;-9.934155556;0;-95;0;0;0;0;14.08988667;-11.52642667;82.16737111;2.57;20.27
04.11.2024 23:00;13.10234111;-1.22464;45.46874222;-8.133096667;89;0;0;0;0;0;13.06232889;-11.85928;-139.4163956;4.48;25.47
04.11.2024 23:15;1.460911111;-27.08387111;7.398594444;-5.348357778;40;0;0;0;0;0;10.71149333;-11.91058111;-15.22818889;-4.06;19.51
04.11.2024 23:30;0.978867778;-7.083321111;16.28554222;-0.993455556;0;-61;0;0;0;0;10.70228889;-8.701721111;49.81179889;3.61;17.57
04.11.2024 23:45;0.978741111;-16.41315;22.07685444;-1.767412222;0;-97;0;0;0;0;11.37725111;-13.61544444;94.36316;-3.71;17.96
05.11.2024 00:00;1.025528889;-12.14925556;18.23810444;-3.747828889;105;0;0;0;0;0;11.53595778;-10.17335111;-109.7291556;2.9;19.7
05.11.2024 00:15;1.462251111;-11.63302778;32.07191778;-5.155098889;45;0;0;0;0;0;7.415403333;-10.92860444;-58.23284111;0.98;17.73
05.11.2024 00:30;1.737997778;-10.65917;25.53846556;-1.914405556;0;-29;0;0;0;0;11.95776;-8.525622222;10.86497444;2.28;18.19
05.11.2024 00:45;0.964486667;-9.478348889;15.46415111;-2.985771111;0;-94;0;0;0;0;9.293351111;-9.735822222;90.47795333;1.91;17.42
05.11.2024 01:00;4.431011111;-7.650538889;12.90951111;-6.454656667;65;0;0;0;0;0;8.408494444;-11.53369444;-65.11012667;-3.57;21.3
05.11.2024 01:15;0.341655556;-41.07380444;2.713568889;-15.89344;42;0;0;0;0;0;9.992935556;-12.38739778;14.30648222;-26.55;16.7
05.11.2024 01:30;0.479056667;-15.92772556;3.196297778;-5.94581;5;0;0;0;0;0;14.53534222;-7.314725556;5.977564444;-7.38;16.39
05.11.2024 01:45;0.609936667;-15.53275778;10.26802222;-6.325492222;0;-84;0;0;0;0;7.975517778;-10.49858889;97.50336222;-5.44;16.63
05.11.2024 02:00;1.341956667;-6.904418889;28.91612222;-3.214285556;42;0;0;0;0;0;11.66610444;-7.898983333;-65.90649556;0.31;16.99
05.11.2024 02:15;0.412594444;-8.037785556;7.64539;-4.794367778;0;-14;0;0;0;0;8.968097778;-7.336957778;17.14302889;3.24;16.3
05.11.2024 02:30;0.890161111;-6.354571111;5.548827778;-13.76729556;0;-14;0;0;0;0;8.844142222;-7.65379;26.49252556;3.67;17.03
05.11.2024 02:45;2.523468889;-3.416598889;17.47235111;-6.528135556;0;-79;0;0;0;0;6.927638889;-8.698977778;70.72025333;3.66;17.99
05.11.2024 03:00;0.090597778;-27.29477889;2.721096667;-18.80384778;45;0;0;0;0;0;7.792425556;-7.425637778;-2.079855556;-2.56;16.32
05.11.2024 03:15;1.587996667;-5.852297778;10.78162778;-4.759631111;0;-14;0;0;0;0;9.795747778;-8.16406;10.61061667;3.53;17.61
05.11.2024 03:30;0.770662222;-4.867067778;7.521007778;-11.26616111;0;-29;0;0;0;0;8.025428889;-9.116742222;37.93287222;3.84;17.31
05.11.2024 03:45;0.228265556;-10.90834444;9.691857778;-4.333385556;0;-84;0;0;0;0;8.665903333;-9.201144444;89.85684778;2.69;15.95
05.11.2024 04:00;3.806291111;-6.699078889;20.91199111;-3.31197;0;-34;0;0;0;-14;11.47083444;-9.180242222;31.00217444;-4.18;18.8
05.11.2024 04:15;16.36420444;-2.079117778;9.542563333;-10.22242889;0;-29;0;0;0;-14;8.516951111;-9.855701111;30.73352889;2.95;23.24
05.11.2024 04:30;14.68314667;-5.560438889;0.947028889;-17.38770667;0;0;0;0;0;-14;11.92302444;-7.881081111;17.27602667;2.38;23.89
05.11.2024 04:45;5.836726667;-4.198261111;27.97331333;-4.476461111;5;0;0;0;0;-14;8.531027778;-13.62767111;-11.03867444;-0.26;20.31
05.11.2024 05:00;0.569658889;-25.06062;2.544627778;-20.85680222;0;-117;0;0;0;0;18.44128444;-14.71733889;156.07919;-30.09;18.68
05.11.2024 05:15;5.662694444;-1.473933333;5.211264444;-23.67658778;0;-34;0;0;0;0;11.48302333;-10.64072667;47.43426556;4.13;19.21
05.11.2024 05:30;11.91377111;-1.019964444;1.653213333;-26.15885111;40;0;0;0;0;0;14.64328778;-13.49825778;-27.53319889;4.39;23.45
05.11.2024 05:45;3.624946667;-3.323834444;6.142537778;-35.01131333;115;0;0;0;0;0;10.30569222;-12.81142;-83.92660889;3.95;20.63
05.11.2024 06:00;8.22835;-21.05699111;10.56405111;-17.52849556;0;-154;0;0;0;0;18.40656333;-16.80177;172.1882922;-11.15;24.96
05.11.2024 06:15;16.60386222;-0.852188889;12.33600222;-15.35149889;0;-59;0;0;0;0;15.61415667;-14.41567;45.06533667;4.97;26.08
05.11.2024 06:30;43.51766333;-0.412058889;3.772401111;-9.453098889;79;0;0;0;0;0;19.89066;-15.84608333;-120.4694833;5.05;33.64
05.11.2024 06:45;44.77321333;-0.004883333;6.181981111;-3.945864444;160;0;0;0;0;0;14.99589778;-20.72618111;-201.2741633;5.4;33.53
05.11.2024 07:00;6.4095;-2.949633333;5.070677778;-55.31033556;0;-43;0;0;0;0;15.23135667;-13.43125889;87.97969333;5.05;26.31
05.11.2024 07:15;4.487032222;-7.516554444;31.32720111;-5.210893333;0;0;0;0;0;0;12.56944778;-19.09345889;-16.56277444;3.04;28.21
05.11.2024 07:30;1.75713;-9.648565556;31.54111667;-3.528628889;54;0;0;0;0;0;17.46796778;-14.06955222;-77.51946778;4.61;25.45
05.11.2024 07:45;2.35447;-10.68156556;39.77511556;-2.484164444;111;0;0;0;0;0;14.90969333;-17.84047111;-137.0330778;0.64;24.79
05.11.2024 08:00;4.065744444;-10.71222556;8.364621111;-32.19830778;110;0;0;0;0;0;18.69519556;-16.79824;-81.41678778;3.57;26.71
05.11.2024 08:15;1.608475556;-18.65883333;4.349737778;-38.04400778;110;0;0;0;0;0;14.06169222;-15.71940333;-57.59766111;1.87;25.06
05.11.2024 08:30;1.119388889;-24.48199222;2.613717778;-33.08280111;115;0;0;0;0;0;13.29128;-18.54085444;-55.91873889;-2.78;23.62
05.11.2024 08:45;0.013021111;-37.567;2.528755556;-61.76815333;105;0;0;0;0;0;22.10368556;-13.83896333;-16.47134556;-1.27;21.79
05.11.2024 09:00;11.68415444;-1.54365;22.32642778;-9.370216667;89;0;0;0;0;0;14.55838667;-12.04861556;-114.6064867;4.64;26.11
05.11.2024 09:15;2.464725556;-5.312905556;69.25298889;-1.449906667;25;0;0;0;0;0;14.47130111;-15.81002111;-88.61618222;4.51;22.37
05.11.2024 09:30;9.695767778;-2.066773333;76.06365778;-0.626846667;0;-3;0;0;0;0;14.12622889;-13.83680333;-80.35523111;4.8;22.63
05.11.2024 09:45;3.396005556;-2.923586667;81.54776444;-1.126744444;0;-33;0;0;0;0;13.99063778;-14.1607;-47.72337667;4.78;21.31
05.11.2024 10:00;64.03021556;-0.157334444;60.53142;-0.258787778;0;-40;0;0;0;0;18.4489;-15.51457778;-87.07983556;4.11;33.03
05.11.2024 10:15;7.668598889;-2.39338;7.255541111;-35.93886222;90;0;0;0;0;0;11.46862778;-14.90340333;-63.15712222;4.21;23.64
05.11.2024 10:30;8.866776667;-2.033953333;6.331471111;-28.79885667;63;0;0;0;0;0;11.85628444;-12.40370444;-46.81801778;4.22;22.65
05.11.2024 10:45;8.224258889;-1.055357778;27.15282667;-9.811562222;20;0;0;0;0;0;11.02405333;-10.38957778;-45.14464111;4.21;21.77
05.11.2024 11:00;149.9803289;-0.105113333;146.1215844;0;15;0;0;0;0;0;25.53952778;-14.24128889;-322.2950389;3.81;38.98
05.11.2024 11:15;141.9957044;0;93.19468444;0;15;0;0;0;0;0;16.89967111;-25.56203889;-241.5280211;8.76;41.04
05.11.2024 11:30;13.97431889;-2.119273333;5.342766667;-43.44999889;199;0;0;0;0;0;13.87805667;-16.50904667;-170.1168233;3.77;26.12
05.11.2024 11:45;4.542764444;-2.316608889;0.480102222;-67.00140778;199;0;0;0;0;0;14.52908;-14.66013444;-134.5737956;3.79;22.07
05.11.2024 12:00;70.77962111;-0.110541111;24.32943889;-2.49621;180;0;0;0;0;0;18.33821444;-17.00463556;-273.8358878;3.69;31.92
05.11.2024 12:15;8.105613333;-3.18739;4.976753333;-70.11173222;185;0;0;0;0;0;11.05548111;-13.63957333;-122.1991522;3.68;25.68
05.11.2024 12:30;3.462046667;-3.610823333;0;-160.8583467;185;0;0;0;0;0;15.17387333;-13.87940778;-25.28734222;3.57;22.85
05.11.2024 12:45;2.92887;-3.356795556;0.032808889;-120.7794611;40;0;0;0;0;0;13.36479333;-14.55892111;82.36870556;3.66;23.18
05.11.2024 13:00;4.391397778;-2.026498889;1.149044444;-68.2837;40;0;0;0;0;0;11.09049444;-9.256202222;22.93546444;3.73;21.97
05.11.2024 13:15;4.761137778;-1.610498889;1.91844;-32.11615778;40;0;0;0;0;0;9.728202222;-10.66541667;-12.01570667;3.73;22.67
05.11.2024 13:30;38.30810444;-0.017225556;3.566276667;-4.231213333;0;-65;0;0;0;0;16.44205444;-10.59408;21.52608333;3.73;28.36
05.11.2024 13:45;18.32545556;-8.179516667;2.551551111;-22.39712556;0;-65;0;0;0;0;8.370508889;-20.36163222;86.69075889;-0.8;28.57
05.11.2024 14:00;0.288485556;-30.88132667;6.375876667;-18.74918333;0;-40;0;0;0;0;16.52099667;-13.93605889;80.38121;-3.8;21.05
05.11.2024 14:15;4.49882;-5.016544444;33.19500333;-3.708217778;0;-40;0;0;0;0;14.99048667;-11.15804556;7.198497778;3.88;23.62
05.11.2024 14:30;70.79902222;0;2.200451111;-3.222644444;0;-45;0;0;0;0;19.62155;-12.84288;-31.55549889;7.75;34.09
05.11.2024 14:45;146.4038211;0;5.416171111;-0.19748;0;-40;0;0;0;0;15.02519111;-20.26399333;-106.38371;7.79;45.87
05.11.2024 15:00;4.47144;-5.832795556;14.16499778;-27.84696222;0;0;0;0;0;0;13.18496111;-14.54753556;16.40589444;4.36;27.53
05.11.2024 15:15;24.15310889;-1.580264444;41.78064333;-0.849065556;0;0;0;0;0;0;14.28660444;-13.17301222;-64.61801444;4.92;34.62
05.11.2024 15:30;153.9275422;0;0.619748889;0;0;-40;0;0;0;0;25.40336667;-10.95348889;-128.9971689;11.21;60.37
05.11.2024 15:45;210.9646344;0;5.738974444;0;0;-40;0;0;0;0;12.90310556;-22.01252667;-167.5941878;11.21;78.38
05.11.2024 16:00;41.35214111;-0.031467778;32.52941778;-0.531684444;0;0;0;0;0;0;15.91634;-15.62879;-73.60595667;5.85;41.57
05.11.2024 16:15;35.3647;-1.866181111;40.34602333;-3.860111111;49;0;0;0;0;0;18.10359333;-21.83973222;-115.2482922;5.51;41.79
05.11.2024 16:30;78.72817;0;14.22495778;-4.404565556;49;0;0;0;0;0;24.95796222;-21.78004667;-140.7264778;17.03;51.79
05.11.2024 16:45;134.7068856;0;2.959515556;-0.046657778;49;0;0;0;0;0;22.91234444;-18.81401111;-190.7180767;17.03;62.85
05.11.2024 17:00;37.71064778;-0.001492222;6.187842222;-6.023228889;35;0;0;0;0;0;16.45127889;-21.81641222;-67.50863556;5.85;49.37
05.11.2024 17:15;71.20741333;0;12.78715;-0.2455;35;0;0;0;0;0;16.81342222;-17.04506889;-118.5174167;16.54;54.23
05.11.2024 17:30;113.0643633;0;4.691134444;-0.096573333;35;0;0;0;0;0;23.18137111;-15.52491111;-160.3153844;16.54;61.11
05.11.2024 17:45;176.7294633;0;7.438727778;0;50;0;0;0;0;0;22.39689111;-24.84592;-231.7191622;16.54;71.41
05.11.2024 18:00;18.99196667;-2.325288889;49.27663556;-7.620222222;64;0;0;0;0;0;12.65566778;-23.52294;-111.4558189;5.77;50.07
05.11.2024 18:15;2.365577778;-4.323174444;11.41197556;-25.59025111;149;0;0;0;0;0;15.29405;-16.95530444;-131.2028733;5.69;32.4
05.11.2024 18:30;7.292064444;-1.366097778;12.13259111;-18.97536444;145;0;0;0;0;0;15.02035333;-15.03662;-144.0669267;5.74;34.97
05.11.2024 18:45;6.5149;-2.913394444;4.478422222;-44.01759778;145;0;0;0;0;0;15.08219333;-14.65467556;-109.4898478;5.51;36.37
05.11.2024 19:00;34.36468667;-0.037026667;47.39149556;-1.252028889;149;0;0;0;0;0;18.70334111;-14.62455889;-233.5459089;5.85;47.24
05.11.2024 19:15;45.33053889;-0.00434;19.00908222;-1.654736667;95;0;0;0;0;0;12.16227444;-13.48007778;-156.3627411;5.85;49.79
05.11.2024 19:30;6.094681111;-3.272687778;3.330652222;-31.07368333;95;0;0;0;0;0;13.43530778;-15.68087778;-67.83339222;5.81;35.66
05.11.2024 19:45;0.908742222;-26.33287444;7.933993333;-19.58786444;95;0;0;0;0;0;14.73793111;-16.54378333;-56.11614444;2.6;28.87
05.11.2024 20:00;74.88620444;-0.435521111;27.64472222;-1.817466667;97;0;0;0;0;0;22.54525667;-15.14376333;-204.6794322;5.22;49.73
05.11.2024 20:15;39.45597333;-0.171847778;3.408158889;-4.686144444;100;0;0;0;0;0;11.84813222;-14.74552889;-135.1087433;5.35;47.33
05.11.2024 20:30;10.30638889;-2.772075556;3.111957778;-23.69474111;100;0;0;0;0;0;12.69395111;-15.49805667;-84.14742444;5.32;47.24
05.11.2024 20:45;2.049555556;-8.696544444;0.60338;-78.51935889;100;0;0;0;0;0;14.22337889;-11.97697;-17.68344111;4.67;46.91
05.11.2024 21:00;80.40378222;-0.093861111;9.587516667;-7.848608889;97;0;0;0;0;0;17.05133444;-10.37274444;-185.7274189;5.37;47.88
05.11.2024 21:15;42.84883;-0.476617778;9.795614444;-7.893362222;97;0;0;0;0;0;11.56352778;-16.96720667;-135.8707856;5.29;41.35
05.11.2024 21:30;11.96234222;-5.158284444;2.239232222;-26.4398;45;0;0;0;0;0;12.76587667;-15.85530111;-24.51406556;4.12;27.63
05.11.2024 21:45;0.49425;-21.30397889;6.524037778;-15.43793111;0;-17;0;0;0;0;9.082561111;-13.30183889;50.9429;-0.97;19.91
05.11.2024 22:00;34.11201222;-2.831626667;45.01319778;-1.743095556;105;0;0;0;0;0;18.73453667;-13.25682778;-185.0281967;-12.09;29.55
05.11.2024 22:15;17.81709778;-0.690235556;34.90830444;-6.731096667;105;0;0;0;0;0;13.31732111;-12.40235556;-151.2190356;5.3;28.85
05.11.2024 22:30;29.20708444;-2.626011111;107.2560033;0;5;0;0;0;0;0;17.19375222;-15.29571778;-140.7351111;5.07;34.78
05.11.2024 22:45;36.26139556;-2.904862222;74.82185778;-3.59918;0;-40;0;0;0;0;15.95891333;-18.58204778;-61.95607667;4.34;35.58
05.11.2024 23:00;23.92061889;-0.152454444;10.44074111;-8.682174444;160;0;0;0;0;0;15.39877333;-11.46668222;-189.4588222;5.33;28.99
05.11.2024 23:15;5.375966667;-7.653787778;7.915638889;-25.81826333;120;0;0;0;0;0;8.028975556;-15.93641889;-91.91211111;-2.77;23.2
05.11.2024 23:30;0.397265556;-59.15446;0;-36.27007778;120;0;0;0;0;0;12.99779111;-19.16672222;-18.80379667;-56.12;17.61
05.11.2024 23:45;0;-65.21905444;1.778422222;-23.61839222;0;-9;0;0;0;0;19.66739;-19.90857778;96.30021222;-64.43;12.75
06.11.2024 00:00;3.901373333;-20.03919667;0.138895556;-50.08842333;196;0;0;0;0;0;18.92662667;-7.79244;-141.0468356;-44.56;24.38
06.11.2024 00:15;5.700803333;-5.519203333;5.176007778;-8.945605556;104;0;0;0;0;0;9.049196667;-11.07940444;-98.38179444;3.71;24.07
06.11.2024 00:30;4.028455556;-3.06206;10.80857667;-7.761063333;0;0;0;0;0;0;9.167762222;-7.319053333;-5.862617778;3.62;21.32
06.11.2024 00:45;18.06450111;-0.31549;16.25122778;-3.030121111;0;-62;0;0;0;0;10.21074667;-9.056511111;29.87564667;4.53;27.87
06.11.2024 01:00;20.70557667;-2.045082222;5.438128889;-29.90452;97;0;0;0;0;0;12.68935556;-11.52020333;-92.36325556;4.72;34.11
06.11.2024 01:15;5.203982222;-6.721595556;0.943562222;-29.39078;82;0;0;0;0;0;6.522391111;-9.558662222;-48.99889778;2.58;25.73
06.11.2024 01:30;7.144366667;-6.009114444;1.768486667;-23.69128667;35;0;0;0;0;0;11.21365556;-9.762934444;-15.66317333;3.08;26.82
06.11.2024 01:45;1.233312222;-3.575845556;0.719173333;-38.46778889;0;-15;0;0;0;0;9.176155556;-6.771918889;52.68691222;4.05;17.63
06.11.2024 02:00;77.21312333;0;7.42783;-0.470926667;55;0;0;0;0;0;16.85299667;-10.91284556;-145.1101778;9.18;37.86
06.11.2024 02:15;56.02675;-0.16642;7.791842222;-2.654611111;15;0;0;0;0;0;10.62089889;-15.58675556;-71.03170444;4.54;34.94
06.11.2024 02:30;12.09593333;-0.570064444;0.200631111;-12.76665111;14;0;0;0;0;0;9.625151111;-8.014622222;-14.57037778;4.53;27.06
06.11.2024 02:45;11.86603667;-1.887614444;3.755183333;-6.680921111;0;-32;0;0;0;0;6.646306667;-7.847172222;26.14818111;4.11;27.09
06.11.2024 03:00;4.064128889;-1.851671111;1.453513333;-28.77720889;95;0;0;0;0;0;8.885376667;-7.746843333;-71.02729556;4.58;23.73
06.11.2024 03:15;2.706015556;-1.168333333;0.229488889;-40.91608;45;0;0;0;0;0;8.3127;-7.428373333;-6.735417778;4.65;18.93
06.11.2024 03:30;25.50008444;-0.018986667;5.055391111;-3.477913333;0;-5;0;0;0;0;8.469014444;-6.938221111;-23.58936889;4.71;30.15
06.11.2024 03:45;16.28146111;-0.297033333;4.683827778;-7.111821111;0;-26;0;0;0;0;8.454884444;-8.965394444;12.95407556;4.24;28.4
06.11.2024 04:00;50.9543;-0.118675556;2.154155556;-4.035922222;0;-5;0;0;0;0;13.01484556;-10.17440556;-46.79429778;4.78;36.58
06.11.2024 04:15;47.69626444;0;2.98659;-0.520828889;0;-15;0;0;0;0;10.32310222;-11.39020444;-34.09492333;7.02;35.31
06.11.2024 04:30;23.12363222;-0.363634444;2.433265556;-6.773825556;40;0;0;0;0;0;10.93889333;-9.640836667;-59.71749444;4.86;31.19
06.11.2024 04:45;36.36283889;-0.612791111;11.06512;-4.292801111;40;0;0;0;0;0;14.20436222;-15.51078333;-81.21594556;3.79;34.15
06.11.2024 05:00;1.814222222;-6.662455556;1.221088889;-53.80710778;0;-67;0;0;0;0;10.02685556;-9.24452;123.6519167;4.22;20.24
06.11.2024 05:15;5.274515556;-1.065668889;4.604255556;-14.13112889;0;0;0;0;0;0;8.149927778;-8.474123333;5.642222222;5.16;21.7
06.11.2024 05:30;12.0809;-0.537511111;2.076921111;-17.84965667;92;0;0;0;0;0;12.41428444;-9.184833333;-91.00010444;5.25;28.31
06.11.2024 05:45;12.84992556;-2.700741111;5.028596667;-19.50383222;165;0;0;0;0;0;11.66913222;-18.04333667;-154.2997444;-3.36;34.96
06.11.2024 06:00;12.89413556;-44.56951;0.956793333;-10.56804778;0;-129;0;0;0;0;26.12221778;-19.61915;163.7835611;-70.91;38.19
06.11.2024 06:15;44.60030889;-0.009495556;1.048046667;-1.173151111;0;-40;0;0;0;0;14.02913444;-15.64481889;-2.850024444;5.4;41.63
06.11.2024 06:30;23.61299444;-1.170917778;2.143828889;-27.73928111;127;0;0;0;0;0;16.08347667;-14.96556333;-124.9645378;5.26;40.13
06.11.2024 06:45;31.44706667;-0.136176667;7.496661111;-8.879018889;191;0;0;0;0;0;16.76192444;-18.49772444;-219.1927322;5.33;41.5
06.11.2024 07:00;27.41618889;-1.469042222;12.22175667;-19.67719556;0;-24;0;0;0;0;18.29918556;-16.35227111;3.561377778;5.14;42.74
06.11.2024 07:15;32.19699222;0;21.54804667;-0.173604444;25;0;0;0;0;0;10.98738667;-11.30640778;-78.25241333;13.44;39.56
06.11.2024 07:30;30.66907333;-0.20996;51.35606222;-2.793231111;92;0;0;0;0;0;14.64627222;-16.40950444;-169.2587122;5.26;42.06
06.11.2024 07:45;6.875546667;-4.007985556;43.88774667;-8.673591111;114;0;0;0;0;0;15.22597667;-16.52046889;-150.7872244;5.14;32.64
06.11.2024 08:00;8.385834444;-2.19563;16.13453222;-10.77156667;98;0;0;0;0;0;13.46384222;-11.41794333;-111.5990689;5.61;31.05
06.11.2024 08:15;1.715351111;-8.630354444;28.21793333;-3.459271111;88;0;0;0;0;0;11.69134556;-12.00980333;-105.5252011;5.41;27.2
06.11.2024 08:30;4.260783333;-1.947824444;47.93326778;-0.632314444;67;0;0;0;0;0;12.97340111;-12.23605222;-117.3512611;5.74;29.42
06.11.2024 08:45;6.245506667;-4.434675556;46.14724889;-14.23670111;27;0;0;0;0;0;15.93504778;-15.52272111;-61.13370556;5.57;32.08
06.11.2024 09:00;35.57725667;-0.414361111;5.04717;-9.372284444;55;0;0;0;0;0;19.41597667;-20.20696667;-85.04679111;5.29;54.49
06.11.2024 09:15;15.38382889;-1.3326;2.421385556;-27.88739444;47;0;0;0;0;0;14.86866667;-13.51455889;-36.93932778;5.26;38.68
06.11.2024 09:30;14.85840667;-1.133076667;0.577371111;-25.36243111;11;0;0;0;0;0;13.53404667;-15.59299556;2.118678889;5.21;30.92
06.11.2024 09:45;3.858785556;-33.10872;0.312524444;-73.90464444;30;0;0;0;0;0;19.57735889;-18.5528;71.81749556;-3.88;28.99
06.11.2024 10:00;10.05194333;-2.6827;0.223923333;-60.02902556;82;0;0;0;0;0;13.80235222;-13.52319889;-29.84329444;4.59;32.2
06.11.2024 10:15;7.677405556;-1.539571111;0.386285556;-46.44722444;45;0;0;0;0;0;14.74174;-15.25880333;-4.559832222;4.94;28.49
06.11.2024 10:30;33.68555444;-0.319553333;0.297366667;-21.39105556;0;-64;0;0;0;0;19.45667222;-13.53110889;45.80212444;4.95;39.7
06.11.2024 10:45;51.57172333;-1.214055556;0.609275556;-11.55274;0;-127;0;0;0;0;16.46321667;-19.42380889;90.54638889;4.59;48.84
06.11.2024 11:00;39.10021444;-0.004475556;0.256364444;-4.598511111;0;-54;0;0;0;-21;16.24867111;-17.25149889;41.24923556;4.95;34.25
06.11.2024 11:15;26.32947333;-2.04956;0.366664444;-32.64972;0;-54;0;0;0;-21;16.96774333;-18.49285556;84.52825444;4.75;36.65
06.11.2024 11:30;4.346774444;-2.055927778;0.015017778;-68.28340111;5;0;0;0;0;-21;12.90988778;-12.43271889;81.50036778;4.88;26.07
06.11.2024 11:45;2.976995556;-3.213833333;0.002986667;-70.15596444;0;0;0;0;0;-21;14.05977778;-14.43140111;91.76143889;4.5;24.97
06.11.2024 12:00;11.21907667;-0.609257778;0;-33.90869444;0;-19;0;0;0;-2;15.43321222;-14.59009333;43.45575667;4.91;33.66
06.11.2024 12:15;1.84475;-20.06211111;0.081742222;-163.1297544;0;-21;0;0;0;0;11.15423667;-21.35444889;212.4655856;-11.28;28.65
06.11.2024 12:30;1.795646667;-20.22895222;0;-276.8743456;0;-21;0;0;0;0;24.98590556;-16.17486667;307.4966122;-9.95;26.56
06.11.2024 12:45;2.048202222;-24.27843667;0;-294.8806067;0;-21;0;0;0;0;11.23423667;-26.79441889;353.6710233;-52.13;26.67
06.11.2024 13:00;9.043092222;-51.76499222;1.332464444;-119.4984744;0;-21;0;0;0;-84;29.17858111;-11.99708222;248.7064111;-82.38;35.97
06.11.2024 13:15;55.37477222;-0.008138889;5.727755556;-4.631882222;0;-200;0;0;0;-84;18.04823333;-16.15752333;225.6467833;4.95;51.92
06.11.2024 13:30;78.73793778;0;2.292091111;-2.945953333;0;-200;0;0;0;-84;20.38085444;-17.45605333;202.9911233;10.23;55.95
06.11.2024 13:45;84.57817111;0;0;-1.930306667;0;-200;0;0;0;-84;24.92538111;-18.54683111;194.9735856;10.23;54.49
06.11.2024 14:00;26.75848111;-4.233536667;42.85030667;-1.117693333;0;-150;0;0;0;-84;14.41432333;-21.07502556;176.4031444;3.92;45.52
06.11.2024 14:15;48.59442667;0;30.99934111;-1.525604444;0;-150;0;0;0;-84;12.61610556;-15.51843889;158.83417;10.76;36.62
06.11.2024 14:30;38.10006;-0.005967778;4.675516667;-4.335943333;0;-100;0;0;0;-84;17.21952889;-12.51927333;140.8660789;4.95;40.55
06.11.2024 14:45;76.69391;0;4.750601111;-0.409345556;0;-100;0;0;0;-84;17.04023889;-20.51755333;106.4421489;11.43;54.16
06.11.2024 15:00;22.37005778;-0.835772222;9.530378889;-12.02445778;0;-100;0;0;0;-84;13.54633;-12.08522556;163.4986889;4.93;40.38
06.11.2024 15:15;33.29385111;-0.02672;3.711564444;-6.552466667;0;0;0;0;0;-84;11.31350667;-14.20976333;56.47002778;4.95;43.28
06.11.2024 15:30;81.18788;-0.011662222;9.594974444;-4.057615556;0;0;0;0;0;-84;23.81022222;-13.86689889;-12.6569;4.95;57.63
06.11.2024 15:45;110.1465022;0;36.62516556;0;0;0;0;0;0;-84;8.908151111;-17.27269111;-54.40712778;12.7;61.61
06.11.2024 16:00;17.55045111;-1.54215;7.148697778;-14.65359556;50;0;0;0;0;-84;17.14844667;-15.52407111;23.87222111;4.87;40.57
06.11.2024 16:15;35.31318222;-0.026312222;2.111832222;-7.603894444;96;0;0;0;0;-84;14.46558556;-16.55790111;-39.70249222;5.04;43.16
06.11.2024 16:30;77.85402222;0;0.796998889;-0.624186667;96;0;0;0;0;-84;19.22471111;-12.76936333;-96.48218222;13.49;54.08
06.11.2024 16:45;126.1206056;0;2.205608889;0;96;0;0;0;0;-84;17.41291333;-17.65271333;-140.0864144;13.49;64.78
06.11.2024 17:00;16.36419222;-1.748318889;0.4996;-21.67288444;142;0;0;0;0;-84;15.23221222;-17.15305;-49.52175111;5.37;45.65
06.11.2024 17:15;47.10694222;-0.063612222;5.176641111;-4.7933;160;0;0;0;0;-84;13.90626333;-17.51902778;-119.8139067;5.5;44.69
06.11.2024 17:30;57.26264333;-0.016817778;16.30363556;-3.332246667;160;0;0;0;0;-84;21.61456111;-13.14207778;-154.6896978;5.5;49.88
06.11.2024 17:45;151.0698711;0;11.89434444;-0.00868;160;0;0;0;0;-84;18.78556;-17.91231333;-239.8287822;14.5;72.46
06.11.2024 18:00;102.8828911;0;13.97252333;-0.042315556;138;0;0;0;0;-84;18.28535222;-24.65632444;-164.4421267;14.76;70.25
06.11.2024 18:15;33.87627889;-0.075546667;6.209848889;-6.172588889;238;0;0;0;0;-84;14.23042111;-15.98739667;-186.0810167;5.76;47.32
06.11.2024 18:30;21.17417667;-1.072721111;4.216594444;-7.85558;238;0;0;0;0;-84;19.32754667;-19.99160222;-169.7984144;5.7;46.29
06.11.2024 18:45;8.09895;-23.85756444;3.22412;-29.36882222;238;0;0;0;0;-84;15.48556556;-17.69613111;-109.8861178;4.11;42.37
06.11.2024 19:00;13.02896444;-3.564994444;49.60221222;-1.931007778;225;0;0;0;0;-81;14.54372889;-12.75930556;-202.9195978;5.37;36.76
06.11.2024 19:15;11.33463556;-6.641988889;19.99151333;-23.79459111;225;0;0;0;0;-81;11.81965;-16.29233222;-140.4168867;4.95;36.92
06.11.2024 19:30;1.344531111;-19.35939222;14.37651444;-15.06933556;125;0;0;0;0;-58;17.15196444;-14.73413444;-50.71014778;4.49;27.23
06.11.2024 19:45;0.074733333;-50.13333444;6.656878889;-0.621756667;125;0;0;0;0;-58;15.59542222;-20.00243667;-18.56950667;-1.75;23.51
06.11.2024 20:00;49.96338222;-2.438153333;8.728686667;-3.616757778;218;0;0;0;0;-84;22.69719111;-12.84070333;-196.4936456;2.61;48.15
06.11.2024 20:15;42.42918222;-1.540932222;4.469237778;-5.10056;218;0;0;0;0;-84;12.99803778;-19.38826889;-167.8666967;5.18;48.64
06.11.2024 20:30;0.454504444;-30.00163889;0.457044444;-22.10293444;218;0;0;0;0;-84;11.79527111;-17.72296556;-76.87928111;-0.9;22.3
06.11.2024 20:45;1.827387778;-31.20578667;0.034346667;-62.57356222;218;0;0;0;0;-84;18.79044889;-15.07431333;-45.79852111;-4.74;24.84
06.11.2024 21:00;66.60021889;-1.147462222;2.966944444;-3.232437778;200;0;0;0;0;-84;20.39382333;-14.68072222;-186.9003644;1.46;46.83
06.11.2024 21:15;14.69428111;-1.3642;3.920473333;-21.66367333;200;0;0;0;0;-84;11.28639111;-14.4301;-108.4431722;5.25;37.59
06.11.2024 21:30;2.773831111;-14.32983444;0.951092222;-36.15190333;200;0;0;0;0;-84;11.01807333;-13.73367222;-66.52758667;0.82;25.42
06.11.2024 21:45;1.044502222;-18.49161;0.089408889;-136.67895;200;0;0;0;0;-84;16.00749333;-16.16568222;38.19483778;-8.49;21.01
06.11.2024 22:00;22.64702;-0.659311111;2.403953333;-22.09392556;116;0;0;0;0;0;17.55589667;-13.02519667;-122.8284367;4.84;37.02
06.11.2024 22:15;19.24058111;-2.422417778;1.078324444;-30.41585889;116;0;0;0;0;0;14.69482111;-13.89246333;-104.2829867;5.09;43.12
06.11.2024 22:30;2.972965556;-4.32047;0.8076;-33.24114667;116;0;0;0;0;0;8.282094444;-10.13485222;-80.36619111;3.42;22.03
06.11.2024 22:45;1.888678889;-4.83235;0.003253333;-105.3286578;116;0;0;0;0;0;10.82111556;-10.04717444;-8.504865556;4.59;20.9
06.11.2024 23:00;20.97304333;-0.279677778;11.73130778;-6.73394;100;0;0;0;0;0;13.68356556;-11.26549778;-128.1088011;4.21;38.4
06.11.2024 23:15;22.41429444;-3.961443333;1.130991111;-29.37379;60;0;0;0;0;0;11.78603444;-15.12642667;-46.86966;3.46;43.17
06.11.2024 23:30;2.15698;-20.14945667;0.042457778;-53.12620778;60;0;0;0;0;0;10.10825778;-19.84863333;20.81660222;-45.74;22.02
06.11.2024 23:45;0.22963;-76.31767556;0;-74.38126333;60;0;0;0;0;0;19.57358556;-16.21172222;87.10744556;-40.75;21.71
07.11.2024 00:00;84.38734;-5.881341111;63.94960333;-4.520665556;25;0;0;0;0;-45;25.50105;-10.89952667;-132.53646;-29.42;38.37
07.11.2024 00:15;42.90647667;-3.564857778;66.24242778;-0.478444444;30;0;0;0;0;-45;10.43241;-16.11896889;-84.41904333;4.55;34.38
07.11.2024 00:30;6.064715556;-12.48792333;16.17042667;-8.281173333;81;0;0;0;0;-45;7.81465;-12.12649111;-33.15420444;-2.33;23.32
07.11.2024 00:45;0.000135556;-57.08615556;0.4572;-37.46751667;91;0;0;0;0;-45;14.15395556;-9.49817;43.44055111;-21.24;17.99
07.11.2024 01:00;5.858546667;-0.436597778;3.322453333;-14.97849667;60;0;0;0;0;0;8.419608889;-7.633483333;-54.55203111;4.93;21.49
07.11.2024 01:15;1.717936667;-17.13120667;1.249814444;-23.81325222;65;0;0;0;0;0;9.188647778;-12.35327778;-23.85866222;-5.18;18.7
07.11.2024 01:30;3.012141111;-6.820336667;9.421034444;-35.76051111;65;0;0;0;0;0;11.84593333;-8.553082222;-38.14517889;2.62;19.92
07.11.2024 01:45;0.004611111;-46.85911222;0;-62.78934222;65;0;0;0;0;0;8.999834444;-12.68312556;48.32713444;-29.68;15.95
07.11.2024 02:00;8.78525;-2.931985556;3.979905556;-16.29109778;60;0;0;0;0;0;13.69439556;-9.243691111;-57.99277667;3.4;25.21
07.11.2024 02:15;0.028482222;-24.26283111;0;-42.44163556;60;0;0;0;0;0;7.95057;-10.18850333;8.913917778;-0.61;15.95
07.11.2024 02:30;1.562638889;-22.52888889;0.164262222;-40.10304111;60;0;0;0;0;0;8.990654444;-7.575136667;-0.510488889;-2.68;19.2
07.11.2024 02:45;0.00624;-42.99451444;0;-82.86535333;60;0;0;0;0;0;10.27210778;-18.85171;74.43323;-29.43;15.95
07.11.2024 03:00;0.581191111;-23.62398889;0;-46.41759889;60;0;0;0;0;0;16.78897667;-6.242682222;-1.085897778;-44.9;17.15
07.11.2024 03:15;1.147998889;-29.2951;0;-49.79260889;60;0;0;0;0;0;6.595071111;-14.53832556;25.88296444;-24.48;17.67
07.11.2024 03:30;1.713865556;-24.90858778;0;-85.09622889;60;0;0;0;0;0;14.51175111;-6.919781111;40.69898111;-24.2;18.24
07.11.2024 03:45;0.195988889;-14.58644111;1.199101111;-39.43163667;5;0;0;0;0;0;10.74544222;-9.136827778;46.01437333;1.91;16.26
07.11.2024 04:00;0.333513333;-21.70572556;2.036395556;-50.96793444;0;0;0;0;0;0;12.63237667;-11.89618444;69.56755889;-4.27;18.24
07.11.2024 04:15;3.575427778;-1.172815556;0.651013333;-26.39808444;0;0;0;0;0;0;7.700996667;-7.648645556;23.29210778;4.45;18.33
07.11.2024 04:30;9.558366667;-0.416934444;11.74586444;-11.60492889;0;0;0;0;0;0;8.875104444;-9.423025556;-8.734446667;4.92;21.44
07.11.2024 04:45;17.78265111;-1.138098889;30.92088889;-6.137717778;0;0;0;0;0;0;9.932444444;-10.39905889;-40.96110889;2.28;25.64
07.11.2024 05:00;4.524197778;-5.404323333;19.15141889;-24.41229556;0;0;0;0;0;0;13.23731778;-11.34521444;4.248898889;0.87;21.31
07.11.2024 05:15;33.07711222;-0.150821111;49.77430111;-0.60004;0;0;0;0;0;0;16.05957111;-9.634354444;-88.52576889;4.35;30.04
07.11.2024 05:30;109.13601;0;43.02310556;0;0;0;0;0;0;0;16.65472222;-16.26006556;-152.5537722;9.23;38.55
07.11.2024 05:45;62.20512222;-1.044786667;55.02156;-3.323523333;36;0;0;0;0;0;12.54176778;-20.84797556;-140.5521644;4.22;33.1
07.11.2024 06:00;36.20888667;-5.805797778;10.11418556;-17.94500444;0;-60;0;0;0;-84;21.13144;-12.29436778;112.5906578;3.54;33.22
07.11.2024 06:15;59.84538667;0;29.63492444;-2.377108889;15;0;0;0;0;-84;13.92631556;-19.15255889;-12.87695889;11.38;33.11
07.11.2024 06:30;49.94372778;-0.677898889;16.93958889;-10.55554667;149;0;0;0;0;-84;21.77191667;-15.30327111;-127.1185167;4.96;35.08
07.11.2024 06:45;90.21674889;0;27.42640333;-0.823573333;206;0;0;0;0;-84;20.16247111;-21.80964333;-237.1724067;11.38;39.11
07.11.2024 07:00;37.57865667;-1.365018889;17.47448444;-10.45853667;0;0;0;0;0;-84;19.45340889;-16.77735;38.09435556;5.14;32.58
07.11.2024 07:15;110.6118511;0;18.68876556;0;40;0;0;0;0;-84;12.60089222;-17.90904778;-79.99246111;12.57;37.75
07.11.2024 07:30;63.50870333;0;34.37074222;-0.151688889;105;0;0;0;0;-84;18.93747889;-13.86336556;-123.80187;12.57;33.95
07.11.2024 07:45;58.70295222;0;43.60408444;-0.246853333;160;0;0;0;0;-84;11.87285;-17.46036333;-172.47267;12.57;34.31
07.11.2024 08:00;19.56149333;-0.200327778;3.347916667;-16.31987667;102;0;0;0;0;0;14.05056556;-15.47657556;-106.9631956;5.37;27
07.11.2024 08:15;12.43204667;-3.701707778;11.35329667;-8.525371111;99;0;0;0;0;0;11.15833444;-12.33914222;-109.3774567;5.02;27.41
07.11.2024 08:30;15.99636;-0.96272;5.783913333;-16.67736222;45;0;0;0;0;0;14.49730111;-13.33062111;-50.30687111;5.27;26.11
07.11.2024 08:45;2.008051111;-9.990372222;0.82804;-84.52644667;59;0;0;0;0;0;13.66535778;-13.71960556;32.73497556;4.39;23.79
07.11.2024 09:00;54.18538;-0.022514444;5.961685556;-5.007602222;69;0;0;0;0;0;19.53530778;-13.94015667;-129.7121;4.95;33.65
07.11.2024 09:15;67.49050889;0;7.610167778;-0.893017778;46;0;0;0;0;0;16.83078333;-18.43204889;-118.6063933;11.97;34.29
07.11.2024 09:30;89.98807444;0;6.349837778;-0.252822222;0;0;0;0;0;0;20.72889556;-12.39446667;-104.4195189;11.97;36.64
07.11.2024 09:45;115.8767133;-0.103892222;53.49891222;0;0;-86;0;0;0;0;15.54088333;-27.68257333;-71.13004333;4.95;45.31
07.11.2024 10:00;127.7258389;-0.010307778;14.88757556;0;60;0;0;0;0;0;28.45432778;-12.46395556;-218.5934789;4.95;47.41
07.11.2024 10:15;144.7607556;0;4.864694444;0;27;0;0;0;0;0;13.71393667;-21.48520222;-168.8541844;10.99;52.84
07.11.2024 10:30;71.28499333;0;4.236294444;-0.287537778;60;0;0;0;0;0;13.91166222;-16.67264889;-132.4727633;10.99;34.47
07.11.2024 10:45;44.99202444;-0.077175556;25.83454778;-2.566746667;11;0;0;0;0;0;14.93081778;-19.32156889;-74.79189889;4.95;31.95
07.11.2024 11:00;50.35103111;-0.01275;32.40018778;-1.182992222;63;0;0;0;0;0;16.3287;-9.573013333;-151.3111633;4.95;28.5
07.11.2024 11:15;101.1420456;0;27.55535111;0;50;0;0;0;0;0;14.27435444;-15.4663;-177.5054511;10.37;34.51
07.11.2024 11:30;76.10378778;0;9.459064444;-0.041231111;157;0;0;0;0;0;15.03878444;-13.6247;-243.9357056;10.37;35.54
07.11.2024 11:45;75.41219333;-0.045977778;17.81103;-0.792106667;137;0;0;0;0;0;8.914651111;-16.89532889;-221.4044611;4.95;38.91
07.11.2024 12:00;88.56960333;-0.056287778;63.28491;0;232;0;0;0;0;0;18.73561667;-12.45767556;-390.0761667;4.95;39.54
07.11.2024 12:15;74.50480333;0;74.14463111;0;98;0;0;0;0;0;12.14193444;-16.30154667;-242.4898222;10.02;39.1
07.11.2024 12:30;35.55068111;-0.022243333;41.07540222;-1.672895556;95;0;0;0;0;0;14.79141667;-12.49458778;-172.2277733;4.95;29.55
07.11.2024 12:45;54.30420111;-0.02862;37.61509889;-1.710075556;62;0;0;0;0;0;14.30584667;-16.83948111;-149.64697;4.95;34.13
07.11.2024 13:00;57.50612333;-0.518117778;14.96029333;-5.083281111;207;0;0;0;0;0;18.05666333;-18.47276;-273.4489211;4.82;39.81
07.11.2024 13:15;55.16548222;-0.062662222;11.50185889;-1.181644444;207;0;0;0;0;0;17.73897222;-12.32667111;-277.8353356;4.95;34.29
07.11.2024 13:30;81.23711222;0;6.701732222;-1.635195556;207;0;0;0;0;0;17.78239222;-14.30175444;-296.7842867;10.3;38.24
07.11.2024 13:45;63.48240333;0;7.754382222;-1.451817778;222;0;0;0;0;0;13.79176;-17.68419;-287.8925378;10.3;36.73
07.11.2024 14:00;55.50998556;0;65.15779111;0;126;0;0;0;38;0;10.45548222;-10.61821444;-284.5050444;11.34;46.69
07.11.2024 14:15;35.86941778;-0.009901111;15.80055667;-4.674462222;211;0;0;0;38;0;12.77450889;-16.31645;-292.44367;4.95;40.45
07.11.2024 14:30;27.57663556;-0.02021;8.514791111;-6.530762222;226;0;0;0;38;0;16.81503222;-13.27175778;-297.0837289;4.95;33.45
07.11.2024 14:45;32.14815222;-2.486438889;11.83211667;-11.89065667;211;0;0;0;38;0;13.21071889;-18.94941222;-272.86448;4.39;42.01
07.11.2024 15:00;2.214347778;-29.05924667;0.358151111;-80.93924111;174;0;0;0;36;0;13.19359667;-11.99573222;-103.7718756;0.26;28.8
07.11.2024 15:15;3.120657778;-3.694375556;1.497955556;-62.47611444;174;0;0;0;36;0;15.408;-15.83630556;-148.0198178;4.82;28.15
07.11.2024 15:30;4.292507778;-2.198478889;0.627751111;-50.36838333;204;0;0;0;36;0;13.63260333;-13.00808889;-192.9779111;4.92;29.44
07.11.2024 15:45;16.54377444;-1.167255556;5.613423333;-20.08083556;204;0;0;0;36;0;16.02781;-14.30743333;-242.6294833;4.82;39.89
07.11.2024 16:00;26.85776;-0.38723;30.06053889;-5.220402222;65;0;0;0;0;0;14.36958667;-10.73024333;-119.95001;4.92;43.91
07.11.2024 16:15;23.91303111;-0.512431111;22.34576333;-10.97573889;116;0;0;0;0;0;12.45198444;-17.34783778;-145.8747711;5.28;42.6
07.11.2024 16:30;16.64714;-0.505232222;11.19605556;-15.14986222;149;0;0;0;0;0;16.58013889;-14.75883222;-163.0094078;5.29;39.36
07.11.2024 16:45;14.93053222;-1.614171111;2.373703333;-41.33490222;204;0;0;0;0;0;15.89569444;-15.21641889;-179.0344378;5.23;44.34
07.11.2024 17:00;19.22295333;-0.681421111;4.390605556;-24.40838556;127;0;0;0;0;0;16.62191444;-12.07438667;-130.07128;4.95;39.68
07.11.2024 17:15;35.74854556;-0.233016667;12.05856778;-7.9533;128;0;0;0;0;0;13.33142;-18.06397444;-162.8882422;5.29;45.3
07.11.2024 17:30;14.98316889;-1.395395556;13.44982556;-25.24494;170;0;0;0;0;0;16.31943222;-13.48361;-174.6284811;5.23;38.86
07.11.2024 17:45;24.39223444;-0.667585556;13.21467667;-9.220032222;175;0;0;0;0;0;13.46952111;-15.58598889;-200.6028256;5.15;42.36
07.11.2024 18:00;5.177412222;-3.139913333;6.333087778;-27.99614222;155;0;0;0;0;0;17.05592444;-15.79613444;-136.6342344;5.31;31.37
07.11.2024 18:15;8.807233333;-3.117803333;13.22526;-25.27578889;140;0;0;0;0;0;13.77305444;-15.39685222;-132.0151033;5.35;34.45
07.11.2024 18:30;2.416706667;-8.978543333;22.34254667;-14.37227333;94;0;0;0;0;0;16.33843889;-14.60339667;-97.14347889;4.98;31.9
07.11.2024 18:45;9.005263333;-1.325545556;13.41464111;-10.44776333;54;0;0;0;0;0;13.06017;-13.57803444;-64.12873111;5.42;33.6
07.11.2024 19:00;6.129288889;-2.140694444;1.76843;-40.70395222;199;0;0;0;0;0;17.30007111;-15.89952667;-165.4536167;5.19;29.62
07.11.2024 19:15;6.143233333;-2.072206667;0.951308889;-64.85242222;139;0;0;0;0;0;11.81232111;-13.99903444;-76.9832;5.25;29.74
07.11.2024 19:30;10.54497444;-1.809893333;6.588803333;-27.50699889;45;0;0;0;0;0;16.55653;-16.80771889;-32.56569667;5.04;31.96
07.11.2024 19:45;0.74408;-20.29838889;13.54874222;-20.55428889;0;0;0;0;0;0;12.35133556;-17.05866111;31.26718111;3.51;24.56
07.11.2024 20:00;19.61861111;-4.060322222;2.192406667;-24.32125778;165;0;0;0;0;0;19.19245222;-9.051364444;-168.5705256;1.89;39.44
07.11.2024 20:15;53.65776778;-0.078528889;8.6881;-3.605126667;65;0;0;0;0;0;11.88500222;-17.29866667;-118.2485478;5.4;43.04
07.11.2024 20:30;21.46796667;-0.966382222;5.94177;-16.10688778;42;0;0;0;0;0;14.03999;-14.32808667;-52.04837;5.19;35.86
07.11.2024 20:45;15.67952;-4.473465556;12.24672556;-35.85605667;0;-24;0;0;0;0;12.34185333;-11.59475667;35.65618;4.31;35.57
07.11.2024 21:00;20.03076222;-0.739198889;10.98439889;-16.56938;124;0;0;0;0;0;12.28433;-12.36654556;-137.6243667;5.18;29.57
07.11.2024 21:15;9.717058889;-8.336578889;6.335716667;-20.10751;59;0;0;0;0;0;9.437381111;-11.83888889;-44.20717889;3.82;25.43
07.11.2024 21:30;3.910173333;-11.50037444;18.42470778;-10.05389111;11;0;0;0;0;0;9.91618;-10.00790889;-11.68888667;1.06;22.72
07.11.2024 21:45;1.395116667;-15.80363444;37.58979889;-1.192291111;0;-80;0;0;0;0;10.37568444;-13.73968222;61.37500778;-12.87;18.71
07.11.2024 22:00;66.78358333;-1.073403333;162.73743;-0.12583;0;-46;0;0;0;0;20.29863333;-13.86966;-188.7507533;2.46;35.48
07.11.2024 22:15;96.80745;-3.158634444;78.01078778;-0.094955556;0;-46;0;0;0;0;18.72910222;-21.61486556;-122.6788844;4.12;54.68
07.11.2024 22:30;27.95260111;-6.338956667;49.60078;-1.55569;32;0;0;0;0;0;11.93034444;-15.75739444;-97.83168444;2.71;30.92
07.11.2024 22:45;0;-71.86306111;3.653431111;-29.17333556;100;0;0;0;0;0;9.980477778;-14.86631222;2.2688;-46.08;15.07
07.11.2024 23:00;34.71055;-2.608908889;19.81243222;-5.000401111;100;0;0;0;0;0;20.26938111;-12.81168;-154.3713733;-14.89;33.53
07.11.2024 23:15;3.794756667;-25.08992222;2.753543333;-54.61861778;100;0;0;0;0;0;8.356411111;-17.25422556;-17.94194556;-34.24;22.99
07.11.2024 23:30;2.551394444;-63.37470778;0;-82.91890111;100;0;0;0;0;0;12.30416222;-18.37508667;49.81313889;-99.37;20.79
07.11.2024 23:45;0;-192.11604;0;-19.34750556;100;0;0;0;0;0;17.18804667;-22.84044667;117.1159456;-213.77;14.8
08.11.2024 00:00;6.325957778;-47.17421333;14.58184444;-36.68844333;100;0;0;0;0;0;25.6193;-4.09099;-58.57345556;-106.35;25.48
08.11.2024 00:15;6.643887778;-4.186325556;48.19730889;-2.966946667;0;0;0;0;0;0;10.49699889;-10.42099444;-47.76392889;4.17;26.82
08.11.2024 00:30;2.560765556;-27.74481;19.55409111;-3.873722222;0;0;0;0;0;0;5.828191111;-12.70126556;16.37675;-18.79;22.49
08.11.2024 00:45;0.882426667;-22.90024222;6.046862222;-16.69501667;0;0;0;0;0;0;14.49682;-9.487312222;27.65646222;-8.28;19.85
08.11.2024 01:00;85.71735111;-1.159936667;17.80372111;-1.407288889;0;0;0;0;0;0;17.42621556;-9.233116667;-109.1469456;2.41;41.75
08.11.2024 01:15;16.32649111;-0.487188889;6.043437778;-5.52587;0;0;0;0;0;0;3.905152222;-11.15746444;-9.104557778;4.9;28.97
08.11.2024 01:30;19.61643222;-1.07463;11.79727889;-4.742102222;0;0;0;0;0;0;9.92213;-10.58535889;-24.93375;4.78;29.55
08.11.2024 01:45;0.389125556;-31.70015667;8.770073333;-31.09256333;0;0;0;0;0;0;7.895208889;-13.02515;58.76346222;-22.45;17.05
08.11.2024 02:00;28.98696778;-2.164305556;35.60457444;-11.08991444;0;0;0;0;0;0;16.80886889;-8.184405556;-59.96178556;1.79;30.76
08.11.2024 02:15;20.21430889;-0.856666667;17.73459778;-5.483715556;0;0;0;0;0;0;9.484288889;-13.02543778;-28.06737556;4.78;29.99
08.11.2024 02:30;3.947083333;-6.684281111;10.33015778;-21.08232333;0;0;0;0;0;0;4.849158889;-7.454935556;16.09514;2.35;23.02
08.11.2024 02:45;1.40773;-7.855752222;0.488933333;-43.19716444;0;0;0;0;0;0;8.986774444;-6.010993333;46.18047222;2.06;20.4
08.11.2024 03:00;22.89319667;-0.127087778;20.88717111;-1.491537778;0;0;0;0;0;0;7.800026667;-7.764446667;-42.19732222;4.58;28.98
08.11.2024 03:15;2.87935;-0.935868889;19.75815889;-14.26525111;0;0;0;0;0;0;6.218791111;-5.700994444;-7.954185556;4.73;19.78
08.11.2024 03:30;8.983536667;-0.363082222;3.227703333;-16.36394556;0;0;0;0;0;0;7.417006667;-5.60736;2.706141111;4.67;25.83
08.11.2024 03:45;11.72120111;-0.321716667;12.49617333;-4.326362222;0;0;0;0;0;0;5.252025556;-7.581693333;-17.23962778;3.71;25.55
08.11.2024 04:00;0.623633333;-3.037103333;0.990422222;-34.27915778;0;0;0;0;0;0;6.734712222;-5.760933333;34.72842667;4.63;17.21
08.11.2024 04:15;6.098355556;-2.286097778;18.62817333;-8.426877778;0;0;0;0;0;0;8.235948889;-5.066703333;-17.18279889;4.28;24.95
08.11.2024 04:30;38.11210222;-0.001897778;28.19752;-1.989502222;0;0;0;0;0;0;10.96706222;-8.739127778;-66.54615667;4.98;32.17
08.11.2024 04:45;19.18441667;-8.094614444;40.58393111;-6.908647778;0;0;0;0;0;0;7.145975556;-16.31697;-35.59409111;-6.07;30.64
08.11.2024 05:00;3.97433;-13.46014889;6.364966667;-39.84523667;0;0;0;0;0;0;15.65536556;-10.78391889;38.09464222;-18.08;25.97
08.11.2024 05:15;2.496324444;-1.794562222;9.909541111;-15.90018111;0;0;0;0;0;0;8.801001111;-8.902988889;5.390865556;4.88;19.36
08.11.2024 05:30;11.40920556;-2.73654;30.83003222;-3.125293333;0;0;0;0;0;0;11.62379;-6.60425;-41.39694444;4.71;30.43
08.11.2024 05:45;8.292762222;-2.609991111;105.2991767;0;0;0;0;0;0;0;8.545476667;-14.48484889;-105.0425756;3.99;36.28
08.11.2024 06:00;2.893608889;-39.69021667;1.666678889;-40.60892889;0;-63;0;0;0;0;16.65309222;-12.9915;135.0772656;-26.69;29.77
08.11.2024 06:15;13.47941;-1.807042222;27.31086556;-9.221398889;0;-12;0;0;0;0;9.997272222;-13.49504778;-14.26405889;5.25;30.25
08.11.2024 06:30;16.68293778;-1.10555;46.26338778;-2.806862222;55;0;0;0;0;0;13.66454333;-8.965637778;-118.7328189;5.26;33.49
08.11.2024 06:45;34.52285;-0.002442222;27.00955889;-0.835511111;130;0;0;0;0;0;9.640051111;-13.31407;-187.0204367;5.29;38.7
08.11.2024 07:00;14.0043;-6.334621111;42.41711;-4.978146667;0;-36;0;0;0;0;11.09535111;-11.26762889;-8.936364444;4.73;31.03
08.11.2024 07:15;12.61135222;-0.585938889;39.90235556;-9.192328889;28;0;0;0;0;0;11.06604778;-11.76946;-70.03202778;5.31;28.99
08.11.2024 07:30;48.96172889;0;29.51435;-2.003044444;82;0;0;0;0;0;16.94934444;-13.79337667;-161.6290022;12.65;37.76
08.11.2024 07:45;23.24598556;-0.04937;13.08014222;-8.383244444;128;0;0;0;0;0;14.32973778;-13.14777778;-157.0754733;5.4;32.44
08.11.2024 08:00;32.84681333;-0.000406667;4.413204444;-7.79404;136;0;0;0;0;0;14.12763444;-14.39452889;-165.1986767;12.85;33.66
08.11.2024 08:15;26.64333778;-0.488682222;6.583824444;-11.33389111;123;0;0;0;0;0;13.53787;-16.05820222;-141.8842567;5.34;34.65
08.11.2024 08:30;6.006801111;-5.989301111;8.563391111;-31.49349;123;0;0;0;0;0;11.41002444;-12.25506667;-99.24235889;4.59;27.46
08.11.2024 08:45;1.355655556;-7.129855556;28.15241222;-6.536411111;58;0;0;0;0;0;10.71720667;-10.97952778;-73.57948;4.71;23.46
08.11.2024 09:00;12.56292556;-0.397676667;47.65277667;-2.390968889;117;0;0;0;16;0;11.43665;-11.40952556;-190.4541811;4.95;29.54
08.11.2024 09:15;5.53033;-11.65961778;22.22965222;-14.80860556;60;0;0;0;16;0;12.86189444;-14.17290111;-75.98075222;3.5;29.72
08.11.2024 09:30;7.538514444;-5.055734444;23.11049667;-12.56260111;9;0;0;0;16;0;14.03238778;-12.01036667;-40.05269667;4.27;28.48
08.11.2024 09:45;3.585068889;-16.96505778;22.80405;-13.88932556;0;0;0;0;16;0;9.558922222;-17.06570111;-4.027956667;-7.49;25.19
08.11.2024 10:00;12.16429444;-3.788513333;4.89263;-20.03454444;148;0;0;0;0;0;19.50033556;-12.13730667;-148.5968956;-1.27;30.17
08.11.2024 10:15;14.59838222;-3.787827778;24.12780111;-4.08066;23;0;0;0;0;0;11.64495111;-15.37001889;-50.13262778;1.84;30.36
08.11.2024 10:30;1.862377778;-15.85966;0.940658889;-100.8815689;0;-42;0;0;0;0;14.77536444;-16.62789556;157.7907233;-1.66;24.86
08.11.2024 10:45;0.002712222;-27.44494111;2.468528889;-22.60278778;0;-51;0;0;0;0;13.71746111;-12.30630111;97.16532778;0.04;20.25
08.11.2024 11:00;3.807781111;-8.145061111;1.963337778;-49.36714;54;0;0;0;0;0;15.70746556;-10.62555111;-7.340832222;2.02;25.71
08.11.2024 11:15;14.99443667;-6.12034;16.35865889;-7.183368889;0;0;0;0;0;0;11.01782444;-13.22837889;-15.83883222;-2;30.34
08.11.2024 11:30;4.575053333;-5.263942222;15.14109556;-14.43495889;11;0;0;0;0;0;14.60367111;-12.04698556;-13.57393333;3.89;21.34
08.11.2024 11:45;5.811218889;-11.61403556;12.80321;-51.82831111;0;0;0;0;0;0;12.34973556;-17.52766889;50.00585111;-5.32;27.69
08.11.2024 12:00;7.181118889;-4.605842222;13.19772889;-25.97222778;103;0;0;0;0;0;14.97314778;-13.98736556;-93.78656;3.42;22.94
08.11.2024 12:15;1.973324444;-8.143704444;0.370386667;-134.9792833;42;0;0;0;0;0;18.59267556;-15.80079778;95.98739889;3.13;22.35
08.11.2024 12:30;4.855001111;-2.619486667;0.053482222;-155.4996944;0;-49;0;0;0;0;16.41627222;-14.07577667;199.8702022;3.86;22.96
08.11.2024 12:45;4.806726667;-2.429065556;0.312451111;-63.31628222;0;-167;0;0;0;0;13.26632222;-14.38858444;228.7484322;3.83;26.79
08.11.2024 13:00;57.31011778;0;16.67674889;-3.194696667;0;-167;0;0;0;0;21.38211222;-15.23654889;90.06226667;8.22;39.97
08.11.2024 13:15;22.91068889;-1.941584444;1.474835556;-30.02086556;0;-70;0;0;0;0;11.31945;-18.51562778;84.77310333;3.86;30.86
08.11.2024 13:30;23.35881556;-0.130884444;1.863845556;-9.313431111;0;-98;0;0;0;0;13.59046444;-9.678257778;78.30944778;3.97;32.47
08.11.2024 13:45;53.92849;-0.720486667;16.75922889;-4.16232;0;-98;0;0;0;0;15.95245;-19.51443333;35.75707111;3.2;40.35
08.11.2024 14:00;22.25122444;-0.173067778;57.35889667;-1.111106667;0;-83;0;0;0;-18;15.49806556;-11.08369111;18.25967889;4.23;32.98
08.11.2024 14:15;74.02846556;0;21.80891111;-0.226777778;0;-40;0;0;0;-18;17.38362556;-15.94914222;-39.04508222;9.18;44.29
08.11.2024 14:30;92.07602222;0;8.963707778;-0.047742222;0;0;0;0;0;-18;19.83752889;-16.40000778;-86.42950889;9.18;48.07
08.11.2024 14:45;71.05442444;0;7.34383;-3.141271111;60;0;0;0;0;-18;14.17347222;-21.06963556;-110.36082;9.18;48.62
08.11.2024 15:00;9.566652222;-0.8161;10.71076889;-17.79433222;0;0;0;0;0;-18;11.07692778;-10.17822556;15.43430889;4.94;24.17
08.11.2024 15:15;50.25976333;0;18.28022111;-1.204696667;34;0;0;0;0;-18;13.73452667;-12.76936778;-84.30044667;10.03;32.43
08.11.2024 15:30;62.07964778;0;10.77346222;-0.629342222;79;0;0;0;0;-18;15.39224778;-13.90924333;-134.7067722;10.03;36.57
08.11.2024 15:45;15.51363333;-1.69935;2.805658889;-36.43880667;217;0;0;0;0;-18;14.38827333;-17.50895333;-176.0604556;4.77;31.09
08.11.2024 16:00;8.54857;-0.820035556;64.67582444;-6.540301111;0;0;0;0;0;-18;15.13891222;-16.75862222;-46.24434778;4.93;28.2
08.11.2024 16:15;23.15293333;-1.146233333;46.44565222;-4.873313333;28;0;0;0;0;-18;16.50067667;-13.89294444;-76.18677111;4.74;33.89
08.11.2024 16:30;61.18814889;-0.324843333;1.689823333;-6.706395556;82;0;0;0;0;-18;21.47403889;-16.31757667;-125.0031956;4.92;42.39
08.11.2024 16:45;41.68660556;-0.266525556;43.82386111;-1.065537778;137;0;0;0;0;-16;15.11094;-19.74690667;-200.5424367;4.86;37.53
08.11.2024 17:00;17.53159111;-2.526573333;98.53904444;-0.16264;0;-50;0;0;0;-18;18.72314667;-14.94707;-49.15749889;4.63;32.66
08.11.2024 17:15;48.03330111;-1.918133333;161.8332044;0;0;-20;0;0;0;-18;17.39774222;-21.04219;-166.3039244;4.71;38.38
08.11.2024 17:30;9.821368889;-2.943242222;174.9507011;0;0;-10;0;0;0;-18;16.63167556;-19.44145111;-151.0190522;4.63;30.11
08.11.2024 17:45;3.393682222;-4.018282222;135.0051867;0;45;0;0;0;0;-18;14.79384222;-15.88704889;-160.28738;4.83;27.18
08.11.2024 18:00;0.811223333;-14.74107111;18.66969444;-12.77541667;52;0;0;0;0;-18;15.13184556;-17.81737556;-23.2789;1.67;26.51
08.11.2024 18:15;0.012207778;-50.01639889;1.52507;-48.84110889;102;0;0;0;0;-18;12.74303444;-15.40853222;15.98572778;-1.66;21.66
08.11.2024 18:30;1.351855556;-17.77926667;21.89915222;-13.74512111;47;0;0;0;0;-18;20.41015;-16.44503111;-24.69173889;3.01;25.51
08.11.2024 18:45;2.476121111;-19.47184;32.35109778;-8.718931111;13;0;0;0;0;-18;14.87980778;-16.14013111;-0.376124444;2.25;27.3
08.11.2024 19:00;6.194932222;-2.664107778;16.70980889;-16.30405333;115;0;0;0;0;0;18.08702;-15.73567;-121.28793;4.16;26.37
08.11.2024 19:15;1.592876667;-8.857;40.48583333;-1.768035556;10;0;0;0;0;0;13.02080778;-13.28639778;-41.18808444;4.38;24.03
08.11.2024 19:30;0.887577778;-18.43560667;17.09365111;-9.774255556;0;-46;0;0;0;0;16.31780111;-17.38334111;57.29417333;2.86;22.78
08.11.2024 19:45;2.785778889;-14.40022333;47.95354667;-5.634131111;0;-76;0;0;0;0;15.72700556;-13.83296556;43.40098889;2.05;24.57
08.11.2024 20:00;78.32736;-0.002034444;110.9992411;0;0;-85;0;0;0;0;21.62188889;-15.76440222;-110.1820533;5.4;49.29
08.11.2024 20:15;22.66439889;-3.701167778;7.407206667;-31.87522;72;0;0;0;0;0;10.70936667;-20.27477556;-56.92980889;4.49;38.74
08.11.2024 20:30;2.049014444;-14.54399556;5.39345;-27.5009;0;0;0;0;0;0;14.00472222;-12.40099667;32.99870556;2.57;24.21
08.11.2024 20:45;1.474472222;-22.96535;20.50319667;-11.84942889;0;-65;0;0;0;0;11.69027444;-14.72898222;80.87581778;-1.64;21.16
08.11.2024 21:00;5.538304444;-4.520791111;2.408547778;-41.72701222;133;0;0;0;0;0;18.96862222;-13.10711222;-100.5605589;2.55;27.45
08.11.2024 21:15;3.085787778;-2.488592222;0.486654444;-45.32282667;83;0;0;0;0;0;11.82884;-12.74549889;-37.84436444;4.93;22.23
08.11.2024 21:30;6.021724444;-1.80867;3.759312222;-21.65291111;3;0;0;0;0;0;11.78792556;-11.42385889;10.31647778;5.01;23.71
08.11.2024 21:45;3.431534444;-7.138393333;13.24669889;-29.43352;0;-76;0;0;0;0;13.25790556;-14.37526111;97.01103556;3.31;24.08
08.11.2024 22:00;117.0133467;-0.377465556;24.56475889;-1.074282222;0;-96;0;0;0;0;19.92733444;-8.899484444;-55.15420778;3.22;55.39
08.11.2024 22:15;76.96804;0;108.7954411;0;0;-96;0;0;0;0;10.66977778;-17.13758333;-83.29567556;9.01;44.49
08.11.2024 22:30;32.92141111;-3.408754444;87.63152222;-0.002168889;0;-85;0;0;0;0;15.67656111;-16.07015;-31.74842111;4.67;42.89
08.11.2024 22:45;1.402046667;-31.76986444;23.00147;-17.55458778;43;0;0;0;0;0;12.97907333;-15.27100111;-15.78713667;-14.15;23.09
08.11.2024 23:00;58.88221333;-0.508354444;52.22051667;-0.194988889;28;0;0;0;0;0;16.88369;-15.54791444;-139.7351622;4.14;42.58
08.11.2024 23:15;2.571085556;-10.63732444;3.42732;-41.80082444;102;0;0;0;0;0;10.39819556;-12.25560333;-53.70284889;3.03;23.93
08.11.2024 23:30;2.600364444;-4.894745556;0;-98.29166333;100;0;0;0;0;0;14.00717222;-10.85856889;-2.562558889;2.98;19.23
08.11.2024 23:45;1.072456667;-58.77617444;0.011795556;-57.68808333;0;0;0;0;0;0;12.77042667;-21.46974;124.0793189;-62.56;20.76
09.11.2024 00:00;97.72692333;-3.134901111;47.82298222;-2.037448889;0;0;0;0;0;0;27.62533111;-12.12590889;-155.8769778;-15.05;38.82
09.11.2024 00:15;93.30133333;0;49.50384222;0;0;0;0;0;0;0;10.82655;-15.82737333;-137.8043522;9.4;37
09.11.2024 00:30;20.04108889;-0.243463333;5.496233333;-9.029204444;0;0;0;0;0;0;9.091494444;-9.980198889;-15.37595;4.56;28.03
09.11.2024 00:45;6.150448889;-18.36980111;3.031711111;-38.78419333;0;0;0;0;0;0;13.12906333;-16.26626556;51.10903667;-23.51;25.33
09.11.2024 01:00;60.40500222;-0.394827778;9.394574444;-4.525553333;0;0;0;0;0;0;18.12148;-11.41166;-71.58901556;3.83;34.31
09.11.2024 01:15;12.16579556;-2.265348889;3.168315556;-35.32032111;0;0;0;0;0;0;6.518847778;-11.72010889;27.45282;4.42;30.09
09.11.2024 01:30;2.335203333;-14.37459;1.773121111;-31.41938111;0;0;0;0;0;0;8.057176667;-13.43560222;47.06407222;-5.2;21.34
09.11.2024 01:45;0.02699;-54.02181;0.092231111;-41.71022333;0;0;0;0;0;0;12.39013667;-15.45084;98.67351556;-45.74;16.5
09.11.2024 02:00;26.24864667;-7.24542;12.13815778;-41.00304222;0;0;0;0;0;0;21.87117;-12.38472444;0.375212222;-6.38;32.45
09.11.2024 02:15;7.733562222;-2.904855556;3.639588889;-29.87469778;0;0;0;0;0;0;9.401326667;-10.54441889;22.54949444;4.17;25.12
09.11.2024 02:30;1.643203333;-3.803833333;0.550337778;-57.35434333;0;0;0;0;0;0;9.110235556;-9.375794444;59.23019444;4.17;19.49
09.11.2024 02:45;2.274152222;-1.544726667;0;-126.0784178;0;0;0;0;0;0;9.510896667;-7.829604444;123.6677;3.98;18.17
09.11.2024 03:00;4.98928;-1.497125556;2.098267778;-26.49495333;0;0;0;0;0;0;9.054951111;-8.885634444;20.73521444;4.12;22.01
09.11.2024 03:15;1.378162222;-2.532256667;0;-73.23589778;0;0;0;0;0;0;7.580854444;-7.454145556;74.26328333;4.09;17.48
09.11.2024 03:30;2.429607778;-1.785204444;0;-94.20393111;0;0;0;0;0;0;8.918688889;-9.492466667;94.13330556;4.11;18.27
09.11.2024 03:45;1.609558889;-2.992185556;0;-111.3504178;0;0;0;0;0;0;6.797968889;-7.271902222;113.2069778;3.8;18.79
09.11.2024 04:00;2.892651111;-4.022755556;0;-131.9032867;0;0;0;0;0;0;9.78947;-9.309853333;132.5537744;3.53;21.7
09.11.2024 04:15;2.516543333;-2.122388889;0.490046667;-67.37412333;0;-44;0;0;0;0;8.040084444;-8.637726667;111.0875644;4.21;19.09
09.11.2024 04:30;2.1533;-1.045995556;0.145302222;-52.98480111;0;-44;0;0;0;0;7.624802222;-6.619454444;94.72684667;4.34;18.4
09.11.2024 04:45;0.486242222;-6.033116667;0.049275556;-43.96577444;0;-44;0;0;0;0;6.35037;-7.734083333;94.84708667;3.56;18.1
09.11.2024 05:00;12.90825;-5.850553333;6.777084444;-21.97851444;0;-63;0;0;0;0;12.04175444;-11.00155889;70.10353778;2.84;28.18
09.11.2024 05:15;11.47245;-1.440156667;9.561486667;-17.28703111;0;-63;0;0;0;0;7.341333333;-6.729835556;60.08175333;4.47;26.41
09.11.2024 05:30;9.657513333;-2.208388889;12.44045667;-15.61979222;0;-68;0;0;0;0;10.35372;-8.923614444;62.30010556;4.18;27.15
09.11.2024 05:45;2.2058;-8.442922222;8.424195556;-15.44504444;0;-63;0;0;0;0;8.30022;-13.38948333;81.34723444;-2.21;21.93
09.11.2024 06:00;0.552298889;-76.51232556;0;-46.93193556;0;-63;0;0;0;0;16.93553444;-12.45033;181.4067578;-64.07;21.99
09.11.2024 06:15;1.821143333;-4.53287;1.443413333;-36.99364556;0;-68;0;0;0;0;9.971243333;-9.834238889;106.1249544;4.4;22.59
09.11.2024 06:30;4.917792222;-1.494268889;2.622266667;-24.78954444;0;-63;0;0;0;0;10.09604222;-9.516066667;81.16377889;4.68;24.24
09.11.2024 06:45;2.293554444;-3.07006;3.208637778;-24.97731778;0;-14;0;0;0;0;11.85437333;-11.53807778;36.22889;4.17;22.74
09.11.2024 07:00;38.20029444;-3.184816667;15.51594556;-26.17756778;0;-149;0;0;0;0;18.63828;-13.73834333;119.7462078;-0.22;32.56
09.11.2024 07:15;27.23606444;-0.171033333;8.010166667;-4.226882222;0;-74;0;0;0;0;8.949671111;-12.96656889;47.16858222;4.37;30.65
09.11.2024 07:30;3.856743333;-1.594365556;2.42867;-34.54055556;0;-15;0;0;0;0;11.12741;-10.58077111;44.30286889;4.36;24.06
09.11.2024 07:45;1.875266667;-4.332276667;5.53518;-33.58890556;4;0;0;0;0;0;10.58650444;-11.10652333;27.03075444;3.9;23.29
09.11.2024 08:00;8.923326667;-0.672871111;2.542415556;-16.81396889;0;-15;0;0;0;-13;10.77259111;-9.187275556;32.43578222;4.47;29.8
09.11.2024 08:15;3.148584444;-2.383213333;0.565968889;-64.73364556;37;0;0;0;0;-13;8.666988889;-9.977752222;40.71306889;4.38;28.06
09.11.2024 08:30;3.942858889;-1.976317778;0.992368889;-52.98343778;29;0;0;0;0;-13;13.38136;-12.80926333;33.45243111;4.32;26.01
09.11.2024 08:45;5.4252;-1.274545556;2.196196667;-26.36391889;12;0;0;0;0;-13;10.05971778;-9.349522222;20.30687222;4.33;26.73
09.11.2024 09:00;35.40893889;0;16.68668222;-1.539984444;39;0;0;0;0;0;14.30500111;-13.11714222;-90.74349556;9.38;33.04
09.11.2024 09:15;38.22563;0;14.39763778;-1.368266667;13;0;0;0;0;0;12.36868667;-13.27906778;-63.34462;9.38;33.72
09.11.2024 09:30;26.98662444;0;8.044418889;-2.511933333;8;0;0;0;0;0;10.65537556;-9.921616667;-41.25286889;9.38;31.19
09.11.2024 09:45;34.31342;-0.002982222;11.00210778;-2.026915556;0;-28;0;0;0;0;12.53877444;-11.56224556;-16.26215889;4.43;33.24
09.11.2024 10:00;88.28938222;0;16.60658222;-0.056426667;0;0;0;0;0;0;17.15412111;-11.69383444;-110.2998244;9.12;37.44
09.11.2024 10:15;28.70482333;-1.015747778;3.397258889;-15.93612556;110;0;0;0;0;0;10.09004111;-18.38976111;-116.8504889;4.14;33.84
09.11.2024 10:30;8.941368889;-0.528157778;0.153677778;-18.29127778;110;0;0;0;0;0;12.62016667;-9.877951111;-103.0178267;4.17;26.18
09.11.2024 10:45;34.74162556;-0.000813333;12.08473;-2.516817778;40;0;0;0;0;0;13.53622333;-13.79421222;-84.05073556;4.17;31.34
09.11.2024 11:00;194.1941944;0;26.90162111;0;0;0;0;0;0;0;27.60091333;-7.143814444;-241.5529144;8.93;86.21
09.11.2024 11:15;313.2322956;0;12.96074556;0;0;0;0;0;0;0;17.04375222;-17.50161444;-325.7351789;8.93;170.44
09.11.2024 11:30;67.29072667;-3.877487778;8.582184444;-32.00918556;205;0;0;0;0;0;6.138247778;-29.06978444;-222.0547011;2.82;65.42
09.11.2024 11:45;0.845002222;-7.25638;0.006991111;-114.74611;268;0;0;0;0;0;13.14752889;-14.27899889;-145.7180333;2.49;23.79
09.11.2024 12:00;0.505907778;-12.97336667;0;-90.27670333;300;0;0;0;0;0;15.75224;-14.83614333;-198.1719344;1.03;24.53
09.11.2024 12:15;5.297573333;-1.871865556;1.173404444;-55.56062111;220;0;0;0;0;0;12.27078222;-11.46485222;-169.8444211;3.51;26.54
09.11.2024 12:30;3.834901111;-1.931683333;0.335484444;-48.89304111;202;0;0;0;0;0;12.74523;-12.71485;-155.3760411;3.43;25.25
09.11.2024 12:45;1.735026667;-8.161488889;0.237776667;-61.38738222;202;0;0;0;0;0;12.20241222;-15.61550556;-131.0108389;-1.24;24.57
09.11.2024 13:00;4.089352222;-8.178026667;10.15947222;-26.43187333;242;0;0;0;0;0;15.91877333;-12.00032222;-225.5573756;-1.74;26.12
09.11.2024 13:15;7.033552222;-1.75293;2.47434;-57.55506778;242;0;0;0;0;0;12.46363889;-11.39700556;-193.2665278;3.38;26.82
09.11.2024 13:30;3.031394444;-2.797431111;0.376187778;-57.16932222;232;0;0;0;0;0;13.69927556;-14.18590333;-174.9542011;3.35;25.19
09.11.2024 13:45;4.476163333;-2.150871111;1.167414444;-55.34941444;232;0;0;0;0;0;12.71077889;-13.69276889;-179.1613022;3.28;26.76
09.11.2024 14:00;2.837311111;-8.11904;0.242533333;-73.32028556;203;0;0;0;0;0;12.90388111;-12.42568556;-125.1187144;0.28;24.46
09.11.2024 14:15;2.744005556;-2.626284444;0.238386667;-73.51833222;223;0;0;0;0;0;12.12375;-11.90920222;-150.0523233;3.95;24.46
09.11.2024 14:30;10.01749;-0.992292222;1.987555556;-36.16688667;203;0;0;0;0;0;13.46030556;-13.44753;-177.8586422;4.08;28.67
09.11.2024 14:45;38.78730556;-0.252957778;16.30966444;-3.849291111;103;0;0;0;0;0;11.27304667;-11.53778778;-153.72998;3.72;35.79
09.11.2024 15:00;3.099218889;-3.915871111;2.738692222;-53.75505333;117;0;0;0;0;0;12.90743667;-12.89688889;-65.17753444;4.15;28.47
09.11.2024 15:15;5.17008;-1.992318889;3.591906667;-48.76299667;117;0;0;0;0;0;13.95182111;-12.71674333;-76.24174889;4.74;30.1
09.11.2024 15:30;55.12600889;-0.024142222;4.492521111;-3.444008889;112;0;0;0;0;0;20.38196;-11.09645778;-177.4358811;4.95;39.3
09.11.2024 15:45;61.76527556;-1.061472222;7.61852;-12.01192778;112;0;0;0;0;0;7.739272222;-18.66291889;-157.3867489;4.14;39.31
09.11.2024 16:00;7.009004444;-3.259278889;2.634691111;-72.67186333;107;0;0;0;0;0;14.90749333;-11.23563889;-44.38440778;3.91;31.06
09.11.2024 16:15;11.01549;-1.07978;4.627416667;-38.78662222;107;0;0;0;0;0;11.49712;-13.04770889;-81.22591556;4.65;32
09.11.2024 16:30;19.29618778;-0.109317778;2.486868889;-17.31391222;107;0;0;0;0;0;14.25401667;-12.12107333;-113.49277;4.95;34.33
09.11.2024 16:45;53.43167556;0;9.485675556;-1.276312222;107;0;0;0;0;0;14.07011444;-15.35049556;-167.3606578;11.71;39.5
09.11.2024 17:00;0.327826667;-144.1176844;1.004511111;-0.017087778;150;0;0;0;0;0;11.46132889;-23.41471556;4.755821111;-68.2;30.94
09.11.2024 17:15;0;-115.1695433;0;0;150;0;0;0;0;0;15.77415889;-14.55972556;-36.04489;-39.56;19.56
09.11.2024 17:30;8.587773333;-30.40554;9.38064;0;88;0;0;0;0;0;17.28945;-6.435018889;-86.41730444;-15.59;33.79
09.11.2024 17:45;53.38894222;0;34.48444778;0;0;0;0;0;0;0;12.93429778;-14.21659444;-86.59109333;13.49;37.86
09.11.2024 18:00;4.363461111;-5.811222222;28.73233222;0;20;0;0;0;0;0;11.71657667;-14.24204778;-44.7591;4.85;31.38
09.11.2024 18:15;4.076615556;-21.15546333;12.59871778;0;20;0;0;0;0;0;11.20469778;-16.74887;-9.975697778;-8.4;30.15
09.11.2024 18:30;0;-87.73477333;0;0;50;0;0;0;0;0;12.51599111;-13.60270444;38.82148667;-24.62;19.74
09.11.2024 18:45;0;-90.89463;0;0;50;0;0;0;0;0;19.00556444;-15.94945667;37.83852222;-29.32;19.74
09.11.2024 19:00;43.61016222;-2.568624444;21.36720556;-3.627386667;0;0;0;0;0;0;19.92540222;-12.99047667;-65.71628222;-0.13;36.64
09.11.2024 19:15;15.60709778;-3.637962222;21.84831111;-9.129234444;0;0;0;0;0;0;8.216934444;-11.84483;-21.06031667;4.63;32.28
09.11.2024 19:30;0.762803333;-40.42982889;1.17156;-21.73240222;0;0;0;0;0;0;13.09030333;-14.48761111;61.62517556;-22.15;27.53
09.11.2024 19:45;0;-49.43537444;2.645697778;-22.27622222;0;0;0;0;0;0;14.05273222;-14.41164889;69.42481556;-26.15;16.31
09.11.2024 20:00;40.35413444;-1.285265556;29.66735444;-3.059233333;0;0;0;0;0;0;17.33856111;-12.72571889;-70.28983222;1.39;35.18
09.11.2024 20:15;29.50870333;-1.319026667;4.200524444;-17.10640333;0;0;0;0;0;0;11.07312778;-12.27052111;-14.08640444;5.23;34
09.11.2024 20:30;5.29744;-6.408015556;2.794275556;-26.78745111;0;0;0;0;0;0;9.146614444;-10.83032444;26.78746111;3.91;27.32
09.11.2024 20:45;1.829154444;-35.85992111;0.380906667;-37.10741444;0;0;0;0;0;0;9.571423333;-13.70824222;74.89409333;-41.39;26.05
09.11.2024 21:00;36.25907889;-3.069931111;6.159404444;-10.45718222;0;0;0;0;0;0;23.03028889;-12.63537;-39.28628889;-9.91;36.23
09.11.2024 21:15;34.32630222;-0.988896667;3.437396667;-18.55903667;0;0;0;0;0;0;11.993;-16.19518333;-14.01358222;5.21;34.93
09.11.2024 21:30;1.008697778;-5.13779;9.067856667;-12.53949667;0;0;0;0;0;0;8.111993333;-8.9521;8.440838889;5.15;22.27
09.11.2024 21:45;0.427646667;-27.51680444;12.22221;-9.155151111;0;0;0;0;0;0;9.216316667;-14.53908667;29.34486889;-31.28;20.15
09.11.2024 22:00;28.99520444;-1.561416667;4.930381111;-7.595066667;0;0;0;0;0;0;18.07342;-12.85752889;-29.98499333;-2.91;35.63
09.11.2024 22:15;36.19195222;-2.580835556;50.64810889;-0.531362222;0;0;0;0;0;0;14.52147889;-14.86081667;-83.38852556;4.98;38.18
09.11.2024 22:30;25.00094444;-0.415986667;46.14597;-0.892974444;24;0;0;0;0;0;12.21513778;-12.61719444;-93.43589667;5.11;32.05
09.11.2024 22:45;14.21806889;-1.714541111;11.06568444;-15.14647222;11;0;0;0;0;0;11.2622;-8.450795556;-22.23414444;4.93;29.69
09.11.2024 23:00;52.44696667;-0.125596667;6.460767778;-2.735994444;84;0;0;0;0;0;16.46838889;-15.02362889;-141.4909033;5.31;35.09
09.11.2024 23:15;28.91505889;-1.085062222;1.37859;-19.07498333;34;0;0;0;0;0;9.297377778;-14.28578111;-39.1452;5.09;34.11
09.11.2024 23:30;5.268008889;-1.093881111;1.984973333;-27.33212222;0;-15;0;0;0;0;10.28022667;-9.431956667;35.32475111;5.19;22.5
09.11.2024 23:45;4.731431111;-3.324372222;7.033231111;-55.12232556;0;-20;0;0;0;0;9.594464444;-11.56496667;68.65253778;4.07;23.56
10.11.2024 00:00;53.34771778;-0.368516667;7.760963333;-13.33251222;105;0;0;0;0;0;25.94076;-23.85172778;-154.4966844;4.76;49.82
10.11.2024 00:15;21.39973667;-1.931964444;3.548004444;-24.27030556;31;0;0;0;0;0;10.33446222;-9.850222222;-30.22971111;4.69;32.72
10.11.2024 00:30;2.620031111;-4.331324444;0.297455556;-39.38795111;0;-10;0;0;0;0;5.860991111;-7.842097778;52.78289556;4.55;23.84
10.11.2024 00:45;0.307344444;-7.670218889;0.335048889;-54.47939;0;-69;0;0;0;0;7.26399;-6.991905556;130.2351311;3.79;17.39
10.11.2024 01:00;4.776874444;-1.0837;0.305888889;-30.71140778;87;0;0;0;0;0;7.381983333;-6.870684444;-60.79895444;4.62;24.99
10.11.2024 01:15;1.104997778;-1.142565556;0;-81.59165333;35;0;0;0;0;0;5.55284;-5.008946667;46.08532778;4.65;17.95
10.11.2024 01:30;2.036517778;-0.85637;0.155448889;-29.66118222;0;-20;0;0;0;0;6.391583333;-6.205548889;48.13955111;4.62;18.58
10.11.2024 01:45;1.504173333;-12.60226444;5.979275556;-32.17412556;0;-86;0;0;0;0;5.95129;-9.970946667;127.3125978;-4.07;21.56
10.11.2024 02:00;6.97427;-2.455223333;0.822624444;-18.52293778;44;0;0;0;0;0;9.883686667;-6.199545556;-34.50287444;2.67;25.15
10.11.2024 02:15;0.42331;-7.444112222;2.759528889;-22.84253222;0;0;0;0;0;0;4.113761111;-7.528486667;30.51853111;2.5;17.77
10.11.2024 02:30;0.813393333;-4.82625;0.184813333;-35.45860556;0;-20;0;0;0;0;7.727584444;-4.767514444;56.32657889;3.67;17.92
10.11.2024 02:45;1.987698889;-3.719608889;27.78376444;-2.696623333;0;-96;0;0;0;0;6.463478889;-6.860085556;73.04137556;3.4;18.37
10.11.2024 03:00;5.875256667;-4.218081111;19.95282778;-8.361248889;0;0;0;0;0;0;7.637248889;-7.382524444;-13.50347889;4.02;24.08
10.11.2024 03:15;8.638106667;-1.662055556;11.00618;-3.247023333;0;-25;0;0;0;0;6.571937778;-4.020181111;7.713035556;4.38;23.82
10.11.2024 03:30;16.11869778;-0.494654444;20.03582;-2.400098889;0;-69;0;0;0;0;9.059224444;-9.89232;36.57333111;4.48;26.75
10.11.2024 03:45;8.390436667;-0.378143333;2.505084444;-6.481954444;0;-78;0;0;0;0;6.391868889;-7.445186667;75.01789444;4.08;24.36
10.11.2024 04:00;43.00130333;-0.027941111;23.67562778;-0.132818889;0;-10;0;0;0;-9;10.05258222;-8.964004444;-48.60474889;4.57;33.05
10.11.2024 04:15;5.952945556;-1.831323333;36.42797333;-0.747782222;0;-30;0;0;0;-9;7.223562222;-9.937847778;1.912472222;4.26;22.32
10.11.2024 04:30;2.146808889;-2.404764444;8.477308889;-8.021226667;0;-10;0;0;0;-9;8.5175;-5.663761111;15.94813444;4.4;19.8
10.11.2024 04:45;7.059314444;-0.790862222;19.88620111;-9.295942222;0;-9;0;0;0;-9;8.42179;-9.198967778;1.918466667;4.01;21.75
10.11.2024 05:00;1.729733333;-1.943478889;0.505902222;-43.92627222;7;0;0;0;0;0;7.782085556;-8.466812222;37.31884222;4.51;19.9
10.11.2024 05:15;3.167844444;-0.556086667;1.337977778;-24.28360333;11;0;0;0;0;0;7.220615556;-5.969504444;8.082756667;4.66;18.79
10.11.2024 05:30;14.48784889;-0.432805556;5.359997778;-7.614488889;12;0;0;0;0;0;10.71559444;-7.447097778;-27.06904889;4.42;25.37
10.11.2024 05:45;8.294142222;-0.935041111;3.773913333;-13.19688889;26;0;0;0;0;0;7.15033;-9.338595556;-21.74786;4.06;24.83
10.11.2024 06:00;13.25318556;-5.238571111;24.16375333;-16.01397111;0;-84;0;0;0;0;10.79970444;-9.751585556;66.78748444;3.34;27.95
10.11.2024 06:15;8.267004444;-1.905386667;6.75404;-26.23529889;0;-10;0;0;0;0;7.068701111;-7.510827778;23.56176778;4.47;26.36
10.11.2024 06:30;0.004745556;-38.02273222;0;-41.45297556;35;0;0;0;0;0;6.54109;-10.95375556;48.88362778;-4.31;18.91
10.11.2024 06:45;0;-36.25270667;0.98416;-19.69180889;67;0;0;0;0;0;13.15183778;-9.950882222;-15.2406;-7.96;15.32
10.11.2024 07:00;2.371812222;-10.42465;1.17777;-71.35812;67;0;0;0;0;0;11.34628444;-12.28356;12.17046333;1.37;27.39
10.11.2024 07:15;1.10622;-17.00954333;0;-88.84866778;67;0;0;0;0;0;11.96668333;-9.463177778;35.24848556;-2.44;23.74
10.11.2024 07:30;1.563987778;-1.88164;2.028026667;-72.38778889;67;0;0;0;0;0;7.581886667;-7.515467778;3.610995556;4.39;21.63
10.11.2024 07:45;3.010101111;-1.828195556;32.73572778;-2.648868889;0;0;0;0;0;0;9.599122222;-10.23028333;-30.63760333;4.38;24.4
10.11.2024 08:00;20.47146556;-0.791962222;3.706673333;-11.43737222;0;0;0;0;0;0;11.60919222;-9.159905556;-14.39809111;3.88;28.68
10.11.2024 08:15;4.681401111;-1.126035556;0.559746667;-25.16302444;0;0;0;0;0;0;9.157173333;-10.72970556;22.62044444;4.53;23.64
10.11.2024 08:30;15.38262222;-0.608317778;12.78292;-17.90875111;0;0;0;0;0;0;11.80069556;-7.977132222;-13.47203667;4.59;28.92
10.11.2024 08:45;29.26948111;-0.103624444;34.90511778;-1.110576667;0;0;0;0;0;0;10.32984889;-14.58925556;-58.70099111;4.59;31.34
10.11.2024 09:00;59.53588222;-0.039605556;33.49078;-0.11068;0;0;0;0;0;0;15.94567889;-9.597947778;-99.22410778;4.55;33.73
10.11.2024 09:15;74.78257444;0;49.40291778;0;0;0;0;0;0;0;12.43488333;-15.57591222;-121.0444633;9.5;35.18
10.11.2024 09:30;80.34219;0;22.53848778;0;0;0;0;0;0;0;16.35171667;-14.53583333;-104.6965611;9.5;35.68
10.11.2024 09:45;67.92128333;0;13.86985;0;0;0;0;0;0;0;12.29628556;-11.20304333;-82.88437556;9.5;33.95
10.11.2024 10:00;96.1731;0;61.01227222;0;0;0;0;0;0;0;16.77167222;-11.25919556;-162.6978489;9.28;42.17
10.11.2024 10:15;115.4626389;0;31.53427778;0;0;0;0;0;0;0;7.896636667;-16.45346667;-138.4400867;9.28;46.36
10.11.2024 10:30;50.59936333;0;12.85540778;-0.977653333;100;0;0;0;0;0;13.28475556;-14.81611556;-160.9457578;9.28;33.93
10.11.2024 10:45;20.52001556;-0.285365556;4.417137778;-10.96326778;137;0;0;0;0;0;14.42218111;-11.60668333;-153.5040178;4.32;30.23
10.11.2024 11:00;99.71801333;0;40.94724556;0;100;0;0;0;0;0;16.03509667;-10.53441333;-246.1659422;9.28;42.19
10.11.2024 11:15;96.46675222;0;34.77968111;0;100;0;0;0;0;0;10.53438;-14.21521667;-227.5655967;9.28;42.37
10.11.2024 11:30;67.52400778;0;16.80188333;-0.360791111;199;0;0;0;0;0;15.87454667;-13.38376556;-285.4558811;9.28;37.67
10.11.2024 11:45;88.76940333;0;22.22148222;-0.001084444;200;0;0;0;0;0;15.90951222;-16.85245556;-310.0468578;9.28;40.73
10.11.2024 12:00;72.58246889;-0.026855556;51.74764;-2.850471111;238;0;0;0;0;0;15.55041333;-12.28704778;-362.7161478;4.23;40.46
10.11.2024 12:15;147.37835;0;90.39535222;0;138;0;0;0;0;0;12.39829778;-15.86669444;-372.3053056;9.18;51.12
10.11.2024 12:30;81.69066778;0;32.33473556;0;238;0;0;0;0;0;14.75178778;-13.94102556;-352.8361656;9.18;39.4
10.11.2024 12:45;71.98676222;-0.112845556;67.35696556;0;213;0;0;0;0;0;11.15669;-18.47955667;-344.9080156;3.89;40.32
10.11.2024 13:00;81.37018444;-0.074327778;19.03864667;-0.014648889;261;0;0;0;0;0;19.02425667;-14.64224444;-365.7018667;4.11;41.46
10.11.2024 13:15;61.74018556;0;20.34005333;-0.143773333;270;0;0;0;0;0;11.42583;-13.13909;-350.2232056;9.12;38.3
10.11.2024 13:30;50.32904444;0;51.49325667;-0.598955556;291;0;0;0;0;0;12.67006667;-12.7409;-392.1525122;9.12;36.18
10.11.2024 13:45;43.28749333;-2.784697778;14.47179333;-21.03765778;298;0;0;0;0;0;15.24983111;-19.33513889;-327.8516233;-0.61;38.14
10.11.2024 14:00;42.53647556;-0.980222222;55.26735222;-3.715728889;165;0;0;0;100;0;17.22906;-8.197395556;-367.1395411;1.47;36.56
10.11.2024 14:15;72.06228889;0;46.32178222;-0.047742222;165;0;0;0;100;0;15.75898889;-17.36167889;-381.7336389;9.17;40.4
10.11.2024 14:30;73.23880222;0;5.962372222;-1.209845556;195;0;0;0;100;0;19.20519667;-12.28162556;-379.9149;9.17;41.7
10.11.2024 14:45;114.1328978;0;32.25621222;-0.105253333;195;0;0;0;100;0;10.92499556;-20.57020111;-431.6386511;9.17;49.37
10.11.2024 15:00;13.63958111;-0.565726667;26.83825556;-4.105164444;220;0;0;0;0;0;9.830176667;-11.95882;-253.6783022;4.92;33.4
10.11.2024 15:15;26.47637778;-0.180394444;5.628747778;-8.442946667;292;0;0;0;0;0;15.70720111;-14.57327556;-316.61571;4.94;35.82
10.11.2024 15:30;82.68067222;0;6.578557778;-0.042315556;268;0;0;0;0;0;15.06099778;-11.95527889;-360.3226333;10.17;45.38
10.11.2024 15:45;18.19443333;-1.447201111;1.838784444;-27.91017222;392;0;0;0;0;0;13.25493;-17.01826111;-378.9125133;4.64;36.71
10.11.2024 16:00;4.081334444;-2.374674444;0.552017778;-66.34140444;160;0;0;0;0;0;13.44263778;-12.17637333;-97.18353778;4.65;29
10.11.2024 16:15;9.122713333;-1.179603333;3.245685556;-23.30187111;189;0;0;0;0;0;10.93777556;-10.85261111;-176.9720889;4.67;32.07
10.11.2024 16:30;7.791583333;-0.689282222;0.501853333;-27.10205778;252;0;0;0;0;0;12.21761111;-9.232826667;-235.4868811;4.89;33.56
10.11.2024 16:45;52.94174778;0;5.607825556;-2.242833333;267;0;0;0;0;0;13.29884667;-15.79238;-320.8132067;10.98;44.11
10.11.2024 17:00;13.04551778;-3.215601111;12.43450222;-0.657551111;92;0;0;0;0;0;15.99009333;-12.40314444;-117.1938167;4.75;38.04
10.11.2024 17:15;64.84104333;-0.008002222;26.36341889;0;92;0;0;0;0;0;11.30750778;-16.28496889;-178.2189989;4.95;44.3
10.11.2024 17:30;57.36368556;-0.343965556;14.91254556;0;192;0;0;0;0;0;19.37391444;-10.15162556;-273.1545544;4.95;48.61
10.11.2024 17:45;89.68287;-0.217017778;20.70686111;0;192;0;0;0;0;0;10.00164889;-19.22202667;-292.9523356;4.95;51.88
10.11.2024 18:00;2.756753333;-11.53619;11.79893111;0;137;0;0;0;0;0;11.25624778;-14.03048667;-137.2452556;3.92;32.03
10.11.2024 18:15;1.135787778;-7.141917778;20.38549;0;73;0;0;0;0;0;11.89454111;-11.92949444;-87.34440667;4.54;27.9
10.11.2024 18:30;0.514185556;-13.07290556;18.77116111;0;67;0;0;0;0;0;13.36420778;-12.22982111;-74.34682778;3.84;27.61
10.11.2024 18:45;1.370705556;-29.70144889;27.89576333;0;28;0;0;0;0;0;10.98935111;-18.92252889;-19.63184222;-10.57;29.49
10.11.2024 19:00;5.080564444;-13.11930778;32.95702;-4.15988;68;0;0;0;13;0;18.83492;-10.09090556;-110.5024111;-18.83;32.88
10.11.2024 19:15;7.923721111;-4.933391111;47.81993778;-1.174223333;2;0;0;0;13;0;11.29257111;-12.57785778;-63.35075778;4.32;33.47
10.11.2024 19:30;1.589487778;-10.19802333;3.779903333;-25.2565;12;0;0;0;13;0;13.23704667;-13.40820222;5.256287778;4.06;27.03
10.11.2024 19:45;2.389864444;-16.67370333;4.231274444;-26.83310333;0;-22;0;0;13;0;15.55852222;-13.00105111;43.32819667;-3.84;27.8
10.11.2024 20:00;6.944572222;-4.895015556;17.20377889;-11.94301667;75;0;0;0;0;0;13.23323333;-15.45735889;-80.08619333;4.62;32.45
10.11.2024 20:15;2.233753333;-17.38565;1.572442222;-32.85459333;61;0;0;0;0;0;12.27592889;-13.39655556;-13.44532556;-5.54;26.26
10.11.2024 20:30;2.592488889;-14.20911222;1.376217778;-47.71784;14;0;0;0;0;0;16.68675889;-13.07726222;40.34874889;1.08;26.42
10.11.2024 20:45;1.826571111;-11.45886444;2.000676667;-58.02485333;0;-40;0;0;0;0;12.70619;-12.37412667;105.3244067;2.65;25.17
10.11.2024 21:00;12.50758222;-0.404454444;1.333034444;-24.12462778;82;0;0;0;0;0;14.25538444;-12.84340778;-72.72351111;5.35;31.09
10.11.2024 21:15;18.08281222;-1.438127778;1.006528889;-25.91305333;27;0;0;0;0;0;9.453163333;-12.31146889;-15.87985444;5.11;32.06
10.11.2024 21:30;3.000892222;-13.70670778;3.55018;-17.68571444;0;-30;0;0;0;0;10.82521778;-10.37404889;54.39018111;1.26;24.43
10.11.2024 21:45;1.708581111;-28.97989333;24.99294667;-2.17802;0;-95;0;0;0;0;11.44288556;-15.61934111;103.6328411;-33.42;22.02
10.11.2024 22:00;5.385461111;-11.82156;4.326613333;-25.52772778;50;0;0;0;0;0;14.28574667;-13.07372;-23.57481333;-0.71;32.84
10.11.2024 22:15;0;-55.74474778;0.507813333;-11.92139444;50;0;0;0;0;0;11.62081556;-15.30138;20.83889333;-23.69;16.26
10.11.2024 22:30;1.603462222;-10.21145889;31.56410333;-1.384143333;0;-30;0;0;0;0;16.30828778;-9.000925556;1.120674444;-2.09;24.04
10.11.2024 22:45;0.682104444;-16.54772667;14.46425778;-5.975606667;0;-65;0;0;0;0;10.93150556;-10.72992778;72.17539333;0.8;23.04
10.11.2024 23:00;9.884175556;-0.251867778;10.07249222;-6.386991111;56;0;0;0;0;0;9.887951111;-8.31542;-70.89034;4.96;30.34
10.11.2024 23:15;3.414846667;-4.50262;35.90817889;-1.752932222;0;-30;0;0;0;0;10.36706111;-11.93736;-1.497174444;4.16;25.25
10.11.2024 23:30;0.859368889;-10.31439333;16.83864111;-2.944096667;0;-84;0;0;0;0;9.822335556;-10.74405222;80.48219667;3.67;21.24
10.11.2024 23:45;1.1168;-30.57791889;13.07941444;-5.569214444;0;-133;0;0;0;0;9.385554444;-21.78168;167.3470444;-61.4;22.61
11.11.2024 00:00;0.523003333;-23.78892667;1.127925556;-26.40115;53;0;0;0;0;0;19.28550444;-7.27485;-16.47150667;-44.18;21.31
11.11.2024 00:15;0.570738889;-15.34180111;5.45692;-17.35375333;0;0;0;0;0;0;10.56755444;-11.27659889;27.37694;-14.34;18.6
11.11.2024 00:30;1.716851111;-34.80563333;2.801804444;-10.49838111;0;-69;0;0;0;0;9.166973333;-13.08753667;113.7059222;-46.89;20.69
11.11.2024 00:45;0.335421111;-23.32085333;5.137671111;-10.15109556;0;-109;0;0;0;0;14.86329111;-9.526897778;131.6624633;-19.36;22.98
11.11.2024 01:00;10.59435444;-1.099433333;4.614637778;-16.58364778;0;0;0;0;0;0;10.08814111;-9.726595556;2.112543333;4.96;24.98
11.11.2024 01:15;1.488828889;-1.290665556;0.107622222;-45.67734778;0;-43;0;0;0;0;6.620878889;-5.473402222;87.22408556;5.16;17.21
11.11.2024 01:30;3.463268889;-0.796438889;1.010366667;-14.03230333;0;-89;0;0;0;0;5.556947778;-5.702296667;99.50045556;4.43;17.87
11.11.2024 01:45;0.045293333;-18.01839222;0.261107778;-35.20654667;0;-97;0;0;0;0;4.912104444;-6.482756667;151.48919;-14.72;15.95
11.11.2024 02:00;3.699;-1.687137778;0.57493;-32.37819444;0;0;0;0;0;-18;8.420421111;-5.967058889;45.33804;-1.61;21.47
11.11.2024 02:15;1.380195556;-1.267615556;0.103142222;-44.85351556;0;-35;0;0;0;-18;5.604646667;-5.975211111;98.00835778;4.92;16.84
11.11.2024 02:30;2.513026667;-0.879707778;0.235715556;-19.30692333;0;-70;0;0;0;0;6.859793333;-6.023477778;86.60157333;4.24;17.5
11.11.2024 02:45;3.734671111;-1.018195556;5.686592222;-13.59007;0;-101;0;0;0;0;6.215815556;-5.381978889;105.3531656;3.77;19.53
11.11.2024 03:00;1.295287778;-1.386702222;0;-48.06451333;0;-35;0;0;0;0;6.371466667;-5.83521;82.61967111;3.12;16.4
11.11.2024 03:15;1.780186667;-0.862757778;16.40260222;-5.380188889;0;-70;0;0;0;0;4.728175556;-4.781053333;58.11303556;4.25;16.41
11.11.2024 03:30;1.742606667;-2.728657778;36.51345;-0.964351111;0;-94;0;0;0;0;8.440507778;-7.20785;58.20429444;2.5;16.89
11.11.2024 03:45;1.454515556;-1.822903333;62.71104667;-0.00964;0;-104;0;0;0;0;6.090196667;-6.677802222;42.25458667;3.6;16.74
11.11.2024 04:00;1.309668889;-14.29335556;12.59362667;-14.61272556;0;-87;0;0;0;0;6.148277778;-9.883848889;105.7383567;-6.86;18.53
11.11.2024 04:15;0;-24.39361;0;-29.47466;0;-89;0;0;0;0;6.580424444;-5.852043333;142.1398889;-17.58;11.64
11.11.2024 04:30;1.376955556;-4.513481111;0.015382222;-42.97574889;0;-80;0;0;0;0;6.711431111;-7.395835556;126.7812967;-7.63;17.02
11.11.2024 04:45;0.06904;-24.09884667;0;-41.83602111;0;0;0;0;0;0;6.808535556;-10.20046667;69.25775889;-20.23;16.61
11.11.2024 05:00;0.048962222;-46.00587444;0;-96.79119222;0;-114;0;0;0;0;18.52210889;-13.21503778;251.4410333;-83.65;17.29
11.11.2024 05:15;0.917833333;-7.760263333;0.196075556;-55.35679333;0;-114;0;0;0;0;9.979415556;-9.335926667;175.3596589;-5.08;19.41
11.11.2024 05:30;17.89659556;-0.2379;3.557005556;-8.853622222;0;-69;0;0;0;0;10.11233;-7.438993333;53.96458444;5.23;29.27
11.11.2024 05:45;32.35744111;-0.065644444;9.681921111;-9.0424;13;0;0;0;0;0;13.14783222;-15.09033333;-43.98881667;-0.33;31.8
11.11.2024 06:00;2.759596667;-15.62240889;2.371708889;-64.07831;0;-191;0;0;0;0;18.56359667;-18.42475889;265.4305756;-32.64;24.51
11.11.2024 06:15;4.309752222;-3.176532222;4.290686667;-30.76753444;0;-107;0;0;0;0;13.79859889;-14.89962333;133.4446522;1.96;23.21
11.11.2024 06:30;22.22967;-0.687783333;3.72246;-25.33990444;10;0;0;0;0;0;15.33039444;-13.10384111;-12.15099556;4.26;31.1
11.11.2024 06:45;32.01471222;-1.145151111;6.399334444;-5.827784444;107;0;0;0;0;0;14.23206222;-17.45004;-135.2231333;-5.62;33.25
11.11.2024 07:00;12.09241111;-21.97170889;16.78473222;-12.70104778;0;-144;0;0;0;0;20.15080778;-11.96531889;141.6101244;-31.74;31.13
11.11.2024 07:15;47.02201444;-0.017766667;18.15914667;-5.944026667;0;-91;0;0;0;0;14.93133778;-21.30537;38.15466444;5.38;32.42
11.11.2024 07:30;34.41189889;-0.07175;5.734878889;-8.117934444;40;0;0;0;0;0;18.14233444;-13.94038222;-76.15904556;5.33;32.99
11.11.2024 07:45;48.66574889;-0.152313333;13.76098778;-4.80987;69;0;0;0;0;0;18.61706333;-22.57325667;-122.50836;5.35;35.19
11.11.2024 08:00;1.888696667;-2.395543333;97.82197;-0.01904;23;0;0;0;0;0;10.00976778;-10.47470111;-119.83115;4.64;24.87
11.11.2024 08:15;1.96451;-3.426366667;104.8269478;-0.221044444;37;0;0;0;0;0;10.69579778;-11.24323556;-139.5966089;3.79;24.53
11.11.2024 08:30;2.41372;-3.313925556;97.32613667;-0.062471111;37;0;0;0;0;0;12.68881778;-12.03830333;-134.0139744;4;24.63
11.11.2024 08:45;6.981188889;-0.848385556;57.07986;-0.994848889;37;0;0;0;0;0;8.641785556;-9.31153;-98.54807;5.29;26.72
11.11.2024 09:00;11.73571556;-2.650818889;5.590582222;-13.09051778;162;0;0;0;0;0;11.38511667;-11.52179556;-163.4482822;0.9;29.13
11.11.2024 09:15;6.982827778;-18.62563889;6.56803;-14.25564889;132;0;0;0;0;0;10.78892111;-15.40827556;-108.0502156;-2.26;23.91
11.11.2024 09:30;2.651765556;-7.8068;4.125974444;-32.57516222;162;0;0;0;0;0;14.65088556;-9.078502222;-133.9681611;3.29;23.05
11.11.2024 09:45;7.946617778;-1.937382222;0.400555556;-60.39953;162;0;0;0;0;0;11.07420667;-11.84787111;-107.2365967;3.84;27.52
11.11.2024 10:00;47.89034444;-0.934652222;17.50463667;-19.15364889;71;0;0;0;0;0;16.06771111;-10.62718667;-121.7472044;3.89;31.37
11.11.2024 10:15;81.97279778;0;8.284573333;-0.34776;71;0;0;0;0;0;16.09867222;-17.35948444;-159.6487989;10.91;31.79
11.11.2024 10:30;21.54296;-0.489907778;0.133168889;-19.03205778;83;0;0;0;0;0;11.26358889;-15.95160333;-80.46614889;4.46;26.35
11.11.2024 10:45;8.146137778;-0.900736667;0.453017778;-47.16525889;83;0;0;0;0;0;9.518222222;-8.936648889;-44.11473333;3.78;26.78
11.11.2024 11:00;14.49461556;-0.779213333;22.67442;-16.80659111;90;0;0;0;0;0;13.75705444;-10.63691556;-112.70337;3.8;29.92
11.11.2024 11:15;12.42566222;-4.690478889;51.77385;-1.444204444;80;0;0;0;0;0;12.86050667;-17.3142;-133.6111356;3.61;31.41
11.11.2024 11:30;7.848308889;-1.143667778;10.53852444;-10.14361;80;0;0;0;0;0;9.004723333;-8.036572222;-88.06770667;3.74;24.33
11.11.2024 11:45;8.508296667;-1.827794444;5.476237778;-52.59670222;80;0;0;0;0;0;10.11932889;-10.12584778;-39.55351889;3.74;29.81
11.11.2024 12:00;160.4894956;0;12.29624;0;80;0;0;0;0;0;21.63793222;-13.77711111;-260.6465567;10.17;50.67
11.11.2024 12:15;21.06581;-3.722593333;0.991237778;-114.5901144;93;0;0;0;0;0;7.790554444;-16.12980222;11.59490778;1.81;35.8
11.11.2024 12:30;2.214612222;-1.979976667;0;-207.2515411;88;0;0;0;0;0;9.716776667;-9.19271;118.4928389;3.56;24.86
11.11.2024 12:45;2.293277778;-2.24785;0;-175.5308167;0;-50;0;0;0;0;9.099378889;-9.992973333;226.3789833;3.41;24.84
11.11.2024 13:00;1.876091111;-17.04657667;1.298822222;-98.62276;0;-50;0;0;0;0;12.12375889;-13.06802778;163.4386922;-27.25;26.22
11.11.2024 13:15;0.47363;-17.04575333;2.849217778;-39.72338667;0;-100;0;0;0;0;10.98604444;-12.25368444;154.7139322;-14.7;24.85
11.11.2024 13:30;4.553631111;-3.740094444;2.376684444;-45.96496333;0;-100;0;0;0;0;11.60891333;-8.369148889;139.5349778;2.13;28.22
11.11.2024 13:45;9.097348889;-0.840378889;7.643538889;-15.68781111;0;-100;0;0;0;0;8.761407778;-9.18726;100.2131544;-0.25;27.79
11.11.2024 14:00;0.831156667;-9.093403333;17.80570889;-3.376415556;0;-126;0;0;0;0;9.637036667;-9.985105556;120.1810222;-10.87;23.93
11.11.2024 14:15;7.448856667;-1.201717778;61.05200556;-1.779991111;0;-174;0;0;0;0;9.893666667;-8.655331111;107.2425111;3.67;29.06
11.11.2024 14:30;35.78194111;-0.004475556;14.94107111;-2.813037778;0;-105;0;0;0;0;16.35148778;-11.18842444;51.93143778;3.9;36.36
11.11.2024 14:45;56.53753444;0;35.76454556;-2.574858889;0;-54;0;0;0;0;13.39002778;-17.40531778;-31.71193111;10.31;38.52
11.11.2024 15:00;18.94733778;-0.286863333;58.17900556;-3.075164444;0;-134;0;0;0;0;11.10430889;-7.730311111;56.86168667;3.87;28.34
11.11.2024 15:15;74.46846111;0;24.58808889;-0.592448889;0;-32;0;0;0;0;19.05027;-15.82653222;-69.68783889;10.06;39.37
11.11.2024 15:30;116.5607456;0;14.95531889;0;0;-32;0;0;0;0;22.54338667;-14.35141667;-107.7080344;10.06;47.53
11.11.2024 15:45;177.93865;0;23.00828778;0;0;-32;0;0;0;0;10.98280222;-23.63011889;-156.2996211;10.06;54.12
11.11.2024 16:00;4.652771111;-4.720995556;9.147922222;-27.58521444;100;0;0;0;0;0;9.784365556;-14.45857889;-76.82027;3.65;32.83
11.11.2024 16:15;7.546112222;-1.161435556;15.13714889;-31.39966222;100;0;0;0;0;0;10.67815222;-11.93474;-88.86557556;4.49;29.4
11.11.2024 16:30;38.37728;-0.42426;7.37477;-16.19194778;100;0;0;0;0;0;17.09389111;-10.81432111;-135.4154122;4.34;40.26
11.11.2024 16:45;104.6132933;0;10.94385111;-0.126951111;50;0;0;0;0;0;19.74743111;-19.60260111;-165.5750233;12.12;53.98
11.11.2024 17:00;12.31810111;-1.307503333;7.26568;-32.54855556;17;0;0;0;0;0;15.19831667;-19.81365889;1.88762;3.76;36.83
11.11.2024 17:15;7.187494444;-2.250305556;12.70231;-19.77895889;77;0;0;0;0;0;11.85871444;-13.21992;-73.49933444;4.5;30.46
11.11.2024 17:30;9.513467778;-1.261798889;13.31959333;-16.69861222;101;0;0;0;0;0;14.88145667;-12.69801444;-108.0560922;4.73;33.54
11.11.2024 17:45;4.451501111;-8.898521111;9.587687778;-27.50445889;135;0;0;0;0;0;8.82214;-12.02337444;-109.4349744;4.1;37.36
11.11.2024 18:00;0.493838889;-17.55887;16.46104778;-18.74806778;71;0;0;0;0;0;16.86413778;-15.43512778;-53.07695889;1.05;28.34
11.11.2024 18:15;3.479807778;-2.544618889;65.06743667;-0.552981111;11;0;0;0;0;0;13.57532;-14.06875333;-75.95621111;4.5;28.56
11.11.2024 18:30;8.85918;-1.659612222;51.11486556;-0.829933333;5;0;0;0;0;0;16.28146778;-14.24964222;-64.51632556;4.49;33.53
11.11.2024 18:45;13.10112333;-1.430254444;24.38073444;-12.10829333;0;-39;0;0;0;0;13.04799;-15.00326889;17.01196889;4.03;34.58
11.11.2024 19:00;33.34988111;-0.393195556;70.92262556;0;32;0;0;0;0;0;12.68935;-13.65232889;-134.9163322;5.08;36.74
11.11.2024 19:15;15.51363556;-4.812678889;39.38067333;-20.60030889;32;0;0;0;0;0;9.699958889;-11.70600889;-59.47527111;3.12;33.22
11.11.2024 19:30;2.69924;-5.614812222;17.05072111;-7.546294444;0;-10;0;0;0;0;11.35878111;-10.89166333;2.944027778;2.2;23.54
11.11.2024 19:45;1.519364444;-20.77867;22.07709778;-4.415561111;0;-94;0;0;0;0;12.08359333;-14.81502556;98.32920111;-1.07;26.37
11.11.2024 20:00;5.144174444;-2.671977778;1.298288889;-35.28014667;113;0;0;0;0;0;13.43345;-9.511187778;-85.41260111;-4.69;27.14
11.11.2024 20:15;6.502004444;-9.576272222;2.990186667;-49.25487111;58;0;0;0;0;0;9.442217778;-13.97786111;-4.125404444;-5.3;30.8
11.11.2024 20:30;2.617453333;-9.47373;3.716604444;-29.46407111;0;0;0;0;0;0;11.25945;-8.034427778;29.37872111;-3.06;23.61
11.11.2024 20:45;2.957485556;-17.29614222;5.737208889;-10.36950556;0;-61;0;0;0;0;9.15742;-12.22383;83.03736333;-9.44;25.39
11.11.2024 21:00;57.47760778;-2.24026;16.29205111;-2.69154;84;0;0;0;0;0;23.32500889;-12.97715778;-163.18571;-26.53;39.93
11.11.2024 21:15;31.25365889;-0.39821;24.80423778;-3.504222222;45;0;0;0;0;0;6.14931;-13.66943667;-89.63533778;5.09;36.54
11.11.2024 21:30;1.240507778;-6.104876667;19.26119667;-3.753486667;0;-11;0;0;0;0;8.690317778;-7.239842222;-1.093816667;-0.32;19.49
11.11.2024 21:45;2.494161111;-10.46602778;78.72411889;-0.891928889;0;-106;0;0;0;0;9.038352222;-14.42490111;41.52622556;-17.73;22.03
11.11.2024 22:00;17.16538222;-1.610372222;10.10370111;-9.366964444;72;0;0;0;0;0;14.46720222;-9.672012222;-93.08693667;-16.03;32.6
11.11.2024 22:15;2.777775556;-21.35483667;7.907371111;-12.31554667;54;0;0;0;0;0;5.993898889;-10.12097667;-26.88768556;-30.08;23.07
11.11.2024 22:30;2.726104444;-12.09432111;5.461497778;-16.64336444;33;0;0;0;0;0;9.132473333;-9.721147778;-11.86124222;-17.46;22.38
11.11.2024 22:45;0.003662222;-26.52669778;0.736822222;-47.75173889;0;-10;0;0;0;0;12.22194111;-12.75201111;84.06802222;-20.95;17.13
11.11.2024 23:00;4.177645556;-2.003027778;1.821953333;-36.64384333;127;0;0;0;0;0;11.42634222;-7.983921111;-97.79514889;-0.95;25.57
11.11.2024 23:15;1.916498889;-10.06374556;5.008702222;-10.30952;24;0;0;0;0;0;7.146537778;-10.20187222;-7.496601111;-11.55;23.24
11.11.2024 23:30;2.066918889;-2.793762222;17.60624444;-10.48477111;0;-42;0;0;0;0;10.39604222;-8.223744444;33.43307222;2.22;19.26
11.11.2024 23:45;3.287628889;-7.862808889;22.05823111;-12.67520444;0;-110;0;0;0;0;9.703485556;-12.17473;107.6633978;-14.26;22.32
12.11.2024 00:00;36.56765444;-3.228897778;24.13901778;-4.453287778;71;0;0;0;0;0;16.19407667;-10.34067556;-129.8778878;-24.23;33.17
12.11.2024 00:15;24.46736778;-1.776263333;55.11938111;-0.690391111;28;0;0;0;0;0;8.649365556;-11.13414444;-102.6353156;3.27;34.14
12.11.2024 00:30;0.853115556;-3.819021111;25.73877667;-1.22638;0;-10;0;0;0;0;7.264248889;-7.510324444;-11.30041556;1.79;17.91
12.11.2024 00:45;0.950653333;-5.984418889;17.39283111;-25.16843667;0;-76;0;0;0;0;8.030347778;-7.434897778;88.21392111;-0.65;20.23
12.11.2024 01:00;40.67043222;-0.015325556;4.414741111;-3.737976667;66;0;0;0;0;0;14.90638444;-14.16827111;-108.0699844;-3.34;37.48
12.11.2024 01:15;15.90085222;-0.268408889;6.216158889;-9.808193333;70;0;0;0;0;0;8.254135556;-7.741116667;-82.55342778;4.86;28.9
12.11.2024 01:30;40.98674;0;22.03701667;-0.884064444;29;0;0;0;0;0;13.41392556;-11.85466778;-92.69895;9.02;31.27
12.11.2024 01:45;33.13123889;0;40.41404667;-0.008675556;0;-30;0;0;0;0;7.313073333;-8.612201111;-42.23748222;8.44;30.57
12.11.2024 02:00;35.58064444;-0.436866667;17.46443889;-5.93532;83;0;0;0;0;0;11.88618222;-10.90392778;-130.6551511;4.69;35.78
12.11.2024 02:15;1.812338889;-14.49815556;10.37002444;-7.483511111;56;0;0;0;0;0;6.025116667;-8.760607778;-43.46520556;-7.96;21.29
12.11.2024 02:30;1.551495556;-2.851954444;16.10000889;-12.15668111;61;0;0;0;0;0;7.339408889;-6.354978889;-64.62729889;1.72;18.54
12.11.2024 02:45;0.896117778;-4.228091111;10.97796889;-35.78441;13;0;0;0;0;0;8.255174444;-8.585365556;15.46860556;-0.09;18.24
12.11.2024 03:00;0.420054444;-6.907274444;0.046653333;-56.14172556;113;0;0;0;0;0;6.727651111;-4.962844444;-52.18251444;0.88;18.6
12.11.2024 03:15;0.2246;-12.01916556;3.50768;-14.24570444;51;0;0;0;0;0;6.630572222;-7.451953333;-27.64602889;-5.86;17.2
12.11.2024 03:30;2.508685556;-10.76482889;6.447586667;-29.53435222;26;0;0;0;0;0;8.553614444;-8.940988889;5.730283333;-7.32;22.34
12.11.2024 03:45;0.538998889;-13.53324;6.820931111;-6.843378889;2;0;0;0;0;0;10.00894667;-10.73295778;11.7407;-27.59;17.37
12.11.2024 04:00;0.976152222;-16.63017222;6.630775556;-22.53806556;19;0;0;0;0;0;10.62608;-8.717458889;10.65268889;-24.78;20.49
12.11.2024 04:15;0;-24.86504778;2.92779;-17.92118667;5;0;0;0;0;0;6.867166667;-9.779172222;37.77045;-15.9;13.46
12.11.2024 04:30;0.278588889;-10.03484444;0.641404444;-38.12653556;26;0;0;0;0;0;9.207073333;-5.478185556;17.51249889;-8.57;17.78
12.11.2024 04:45;0.391968889;-21.93820111;7.213808889;-13.96937778;27;0;0;0;0;0;7.586265556;-12.09553778;5.811073333;-34.04;20.01
12.11.2024 05:00;0.30856;-30.50808111;0.262746667;-54.21097;0;-65;0;0;0;0;11.25085556;-6.926015556;144.8229044;-41.55;20.05
12.11.2024 05:15;2.879494444;-6.455195556;3.698413333;-39.73133778;0;-26;0;0;0;0;8.628232222;-9.04842;66.02881333;-0.2;27.05
12.11.2024 05:30;1.958278889;-3.928748889;5.56812;-27.65419333;83;0;0;0;0;0;9.705381111;-9.480214444;-59.16862333;1.07;22.63
12.11.2024 05:45;1.309131111;-9.073467778;41.16637111;-5.261105556;125;0;0;0;0;0;8.930111111;-13.47307889;-148.5979611;-21.29;21.47
12.11.2024 06:00;10.43146;-17.02772111;15.05471333;-12.25427667;0;-139;0;0;0;0;15.32575556;-10.13614222;137.6062111;-37.91;33.14
12.11.2024 06:15;5.922305556;-0.819221111;8.84596;-22.88438444;0;-34;0;0;0;0;9.344587778;-10.78173889;44.37249111;3.75;27.72
12.11.2024 06:30;29.55158111;-0.281984444;3.721875556;-12.71566444;92;0;0;0;0;0;13.45322222;-12.92152;-112.80751;5.05;39.43
12.11.2024 06:45;53.80112778;-0.705972222;10.44748556;-10.25608778;184;0;0;0;0;0;18.42910444;-19.77022444;-235.9454333;0.79;48.55
12.11.2024 07:00;2.34469;-13.61395889;0;-171.3432367;191;0;0;0;0;0;16.69191111;-15.87049444;-9.208911111;-12.16;29.42
12.11.2024 07:15;3.062452222;-1.899275556;0.120471111;-56.88776778;190;0;0;0;0;0;10.57697556;-11.87960444;-133.0932511;3.94;27.14
12.11.2024 07:30;49.04023778;-0.383297778;9.892036667;-13.58425778;87;0;0;0;0;0;19.30203889;-14.06114;-137.2056178;4.14;47.78
12.11.2024 07:45;112.1105811;0;44.37431778;-0.072697778;50;0;0;0;0;0;17.29821333;-16.09132111;-207.6190933;14.47;66.06
12.11.2024 08:00;49.83261778;0;48.72580889;-0.509986667;39;0;0;0;0;0;17.06622222;-17.23443222;-136.88023;15.64;48.79
12.11.2024 08:15;30.75777444;-0.213488889;22.96383333;-6.140963333;52;0;0;0;0;0;15.41015667;-18.12825889;-96.64905333;3.83;53.19
12.11.2024 08:30;32.51639333;0;8.598037778;-5.087346667;107;0;0;0;0;0;13.78850667;-14.49270778;-142.3228833;15.64;49.41
12.11.2024 08:45;12.99478556;-2.293162222;3.029413333;-38.90746;107;0;0;0;0;0;13.62684333;-15.55387444;-79.89654556;3.02;41.54
12.11.2024 09:00;5.212935556;-4.859207778;0.533688889;-31.46326889;95;0;0;0;0;0;9.354375556;-11.31833667;-62.46018667;1;34.97
12.11.2024 09:15;2.172982222;-20.39631667;3.101866667;-26.79598222;95;0;0;0;0;0;10.38844556;-12.99886667;-50.47212889;2.85;26.92
12.11.2024 09:30;0;-33.23688889;5.283204444;-10.39191778;80;0;0;0;0;0;15.20154444;-13.79559778;-43.06034444;3.19;21.75
12.11.2024 09:45;0.005695556;-42.13500444;3.497241111;-4.695811111;80;0;0;0;0;0;8.703335556;-16.26245111;-29.11300556;-8.55;29.89
12.11.2024 10:00;16.81179556;-14.50631111;3.144331111;-5.766524444;84;0;0;0;0;0;20.80833778;-8.904063333;-95.58756556;-1.29;32.16
12.11.2024 10:15;20.13360667;-1.790495556;7.455523333;-7.848371111;80;0;0;0;0;0;10.20724667;-14.18644111;-93.97106889;4.75;29.74
12.11.2024 10:30;12.89441889;-1.539163333;7.010903333;-7.64594;80;0;0;0;0;0;10.35313111;-8.923321111;-92.15002889;3.97;27.02
12.11.2024 10:45;13.70647333;-1.267615556;23.36714;-1.833185556;80;0;0;0;0;0;10.22266333;-9.739588889;-114.4558867;4.62;27.66
12.11.2024 11:00;41.70220222;-0.300016667;54.11160222;-1.914053333;84;0;0;0;0;0;15.89218667;-16.46648667;-177.0254344;4.12;46.38
12.11.2024 11:15;34.02886556;-0.535204444;41.44287556;-1.201715556;74;0;0;0;0;0;13.91820556;-13.09135333;-148.5616733;3.88;40.44
12.11.2024 11:30;25.40825;-0.676133333;23.73861111;-2.376998889;154;0;0;0;0;0;13.78556889;-7.528221111;-206.3510767;4.53;42.92
12.11.2024 11:45;42.55209;-0.011393333;26.49017556;-2.082992222;149;0;0;0;0;0;10.14130667;-14.88583444;-211.2033522;3.98;46.79
12.11.2024 12:00;125.0530156;0;54.01368444;0;150;0;0;0;0;0;23.39761556;-15.21619778;-337.2481178;11.72;74.51
12.11.2024 12:15;65.44393222;-0.953502222;6.173998889;-18.63742889;218;0;0;0;0;0;11.45235667;-20.90713111;-260.5722256;4.11;71.41
12.11.2024 12:30;2.625041111;-2.408972222;0.007106667;-85.00001556;244;0;0;0;0;0;11.25491333;-10.57918889;-159.8988844;4.13;27.44
12.11.2024 12:45;1.95325;-2.393512222;0.00392;-106.3821067;244;0;0;0;0;0;10.75954;-11.36583556;-136.5752556;4.13;30.75
12.11.2024 13:00;56.37342667;-0.105116667;1.131582222;-12.70643222;203;0;0;0;0;0;21.42278889;-9.925121111;-259.1911278;3.98;54.43
12.11.2024 13:15;157.3653311;0;5.311422222;0;101;0;0;0;0;0;14.26918111;-14.42817778;-263.5177567;12.06;98.12
12.11.2024 13:30;167.8417978;0;9.41886;0;91;0;0;0;0;0;14.36716111;-12.85616333;-269.7716556;12.06;166.07
12.11.2024 13:45;105.695;0;32.16662111;-0.135631111;153;0;0;0;0;0;11.23723444;-21.02673333;-280.9364911;12.06;116.31
12.11.2024 14:00;50.73906667;0;26.66044889;-0.287542222;192;0;0;0;33;0;17.00819444;-12.81711222;-306.3030556;12.65;46.85
12.11.2024 14:15;68.56444444;-0.001492222;9.615834444;-1.255961111;192;0;0;0;33;0;11.40107;-17.64594778;-295.6779478;5.04;53.95
12.11.2024 14:30;30.45002333;-0.31779;1.980217778;-6.924377778;241;0;0;0;33;0;16.86411444;-13.85607;-302.1961178;4.65;43.61
12.11.2024 14:45;42.19049778;-0.45342;2.362966667;-6.911621111;241;0;0;0;33;0;12.91505556;-17.27809889;-306.82538;4.48;46.56
12.11.2024 15:00;0.610614444;-16.96138111;2.889964444;-45.30576889;250;0;0;0;0;0;17.39881;-17.75175;-190.8804889;1.51;30.74
12.11.2024 15:15;1.745326667;-11.29717667;1.21281;-76.53284111;249;0;0;0;0;0;15.73567111;-15.54989444;-164.3138956;2.88;31.51
12.11.2024 15:30;16.27970333;-0.208603333;8.173801111;-29.72808778;206;0;0;0;0;0;14.79384333;-11.19980778;-204.1108489;5.12;37.78
12.11.2024 15:45;8.526743333;-7.233878889;20.99442667;-14.36528111;206;0;0;0;0;0;9.307186667;-15.26826222;-207.9609344;-0.96;34.6
12.11.2024 16:00;1.537278889;-25.81636333;3.864388889;-23.26848667;217;0;0;0;0;0;20.08709667;-14.54831667;-178.8555978;-0.68;33.21
12.11.2024 16:15;5.997301111;-2.454561111;39.88212333;-5.914738889;108;0;0;0;0;0;14.4366;-16.43148556;-143.5152389;4.9;36.81
12.11.2024 16:30;29.17331222;-0.252146667;7.519542222;-8.537322222;142;0;0;0;0;0;16.88937444;-14.41569889;-172.3770611;5.24;47.08
12.11.2024 16:45;43.34038333;0;12.80229889;-4.373902222;177;0;0;0;0;0;17.08627889;-15.33828222;-230.5167767;14.46;48.01
12.11.2024 17:00;30.73895333;0;21.19551556;-3.047428889;87;0;0;0;15;0;13.48795667;-12.94917444;-151.4258222;14.03;42.35
12.11.2024 17:15;34.80304667;-0.20521;21.48883667;-8.269045556;86;0;0;0;15;0;12.57512222;-16.01019333;-145.3825567;5.28;44.02
12.11.2024 17:30;3.464216667;-3.381742222;6.301814444;-42.44522889;185;0;0;0;15;0;14.53453889;-15.437;-163.0365989;4.83;33.03
12.11.2024 17:45;26.17798556;-0.453832222;61.44558333;-1.086155556;130;0;0;0;15;0;15.89356556;-17.60984667;-229.3673;4.79;54.43
12.11.2024 18:00;10.85421778;-9.484725556;20.72405667;-24.66722556;150;0;0;0;0;0;17.36055556;-20.67656667;-144.1103122;3.09;37.46
12.11.2024 18:15;3.172475556;-7.229804444;12.44804111;-16.20006778;159;0;0;0;0;0;17.43844333;-12.09932778;-156.52976;1.9;29.52
12.11.2024 18:30;7.964951111;-1.35348;30.03479556;-7.976312222;100;0;0;0;0;0;15.13047444;-15.84065444;-127.9597744;3.41;31.71
12.11.2024 18:45;18.86962333;-2.129986667;9.360177778;-23.03342222;100;0;0;0;0;0;15.63016;-15.70149778;-102.9950544;2.22;39.88
12.11.2024 19:00;41.53833667;-0.050046667;3.808973333;-6.929251111;217;0;0;0;0;0;19.01179444;-13.49391778;-260.8858889;5.4;64.95
12.11.2024 19:15;37.75498778;-0.246852222;7.110027778;-4.584963333;137;0;0;0;0;0;10.56042889;-14.56759667;-173.0260322;4.48;60.73
12.11.2024 19:30;16.75399778;-0.672071111;29.50767778;-5.474876667;37;0;0;0;0;0;14.83153222;-13.83409;-78.11217;4.18;40.48
12.11.2024 19:45;27.95503333;-6.211884444;14.97584889;-4.186562222;18;0;0;0;0;0;16.66964889;-15.97110556;-51.23097889;0.21;53.78
12.11.2024 20:00;14.87195333;-1.336131111;2.77219;-15.70318444;235;0;0;0;0;0;12.11076556;-10.72536778;-236.9902256;2.39;36.35
12.11.2024 20:15;47.08198333;-0.238445556;14.41907889;-3.809693333;135;0;0;0;0;0;16.11731333;-14.70484889;-193.8653878;4.18;47.22
12.11.2024 20:30;37.70480333;-0.046793333;4.5765;-3.720971111;91;0;0;0;0;0;15.77687667;-16.96559556;-128.32482;4.24;43.73
12.11.2024 20:45;8.205426667;-1.835663333;0.991633333;-34.19081;42;0;0;0;0;0;14.95604667;-15.42833222;-14.69830111;1.85;31.83
12.11.2024 21:00;23.96714;-0.629058889;7.706323333;-12.07944667;183;0;0;0;0;0;15.16109556;-15.89000444;-201.2360489;3.46;42.04
12.11.2024 21:15;17.35594889;-3.523347778;11.09591556;-23.30032889;192;0;0;0;0;0;13.04525889;-14.68237;-191.9910767;-1.02;39.48
12.11.2024 21:30;3.743482222;-5.520556667;26.11204333;-12.16956667;110;0;0;0;0;0;13.95236222;-13.15675667;-122.9610078;-2.23;25.81
12.11.2024 21:45;1.512451111;-22.43977222;63.84469444;-2.042277778;9;0;0;0;0;0;10.30840333;-18.79669444;-41.38680444;-31.86;26.86
12.11.2024 22:00;3.205147778;-7.993025556;19.58343889;-7.272386667;145;0;0;0;0;0;19.71762556;-11.45833111;-160.7824689;-19.79;28.86
12.11.2024 22:15;6.671542222;-5.543628889;54.54992;-1.064828889;130;0;0;0;0;0;13.23538667;-14.00740667;-183.8409844;1.71;34.36
12.11.2024 22:30;1.01792;-8.680551111;9.912162222;-21.76791556;131;0;0;0;0;0;11.35553778;-10.49861333;-112.33854;0.08;21.97
12.11.2024 22:45;5.284835556;-24.36590444;13.51645778;-12.99316889;43;0;0;0;0;0;12.43763667;-16.40492444;-20.47493222;-19.59;30.72
12.11.2024 23:00;11.98526444;-9.303935556;15.12755778;-6.602705556;203;0;0;0;0;0;16.82859889;-13.09058;-217.9442;-14.09;39.6
12.11.2024 23:15;1.153013333;-30.31711333;15.69410667;-7.101341111;133;0;0;0;0;0;8.054738889;-15.15734111;-105.3260633;-51.2;22.58
12.11.2024 23:30;0.004882222;-28.22348222;5.0236;-10.86797222;74;0;0;0;0;0;15.57240222;-10.28996778;-45.21946222;-26.12;18.56
12.11.2024 23:45;0.587698889;-16.71955889;13.08268111;-3.614221111;0;-13;0;0;0;0;11.21880222;-12.38526111;20.82985889;-13.28;24.17
13.11.2024 00:00;9.101137778;-4.984667778;11.33626;-6.922878889;170;0;0;0;0;0;12.19048333;-10.04746778;-180.6728667;-20.33;23.6
13.11.2024 00:15;5.979678889;-1.95976;10.96112;-19.08953222;108;0;0;0;0;0;10.56801667;-9.056022222;-105.4035011;2.27;21.16
13.11.2024 00:30;2.929413333;-24.43168444;0.993368889;-31.51914667;53;0;0;0;0;0;7.519502222;-12.62859556;4.137142222;-27.99;20.5
13.11.2024 00:45;0;-50.58959667;1.997617778;-6.085553333;0;-20;0;0;0;0;13.27151444;-13.44106667;74.84708444;-36.75;13.08
13.11.2024 01:00;1.017386667;-16.67913111;11.70638667;-10.55277111;143;0;0;0;0;0;14.08177111;-10.93288556;-131.6407567;-19.95;19.84
13.11.2024 01:15;0.079343333;-30.80063778;1.986515556;-10.06627444;83;0;0;0;0;0;8.260064444;-14.13034111;-38.32867;-30.55;16.84
13.11.2024 01:30;0.007732222;-40.26529778;0.37652;-9.684082222;57;0;0;0;0;0;12.62988222;-6.71384;-13.35091444;-30.45;16.82
13.11.2024 01:45;0.444466667;-12.87882333;18.65126556;-1.135551111;0;-20;0;0;0;0;9.128141111;-12.5589;18.34940111;-13.81;17.5
13.11.2024 02:00;0.299205556;-16.87488222;6.703471111;-14.29485333;104;0;0;0;0;0;12.38718667;-9.331853333;-82.88827444;-12.73;18.26
13.11.2024 02:15;0;-14.76020556;1.506065556;-11.53436778;53;0;0;0;0;0;7.13489;-6.297456667;-29.04892556;-4.77;14.17
13.11.2024 02:30;0.645068889;-4.426133333;20.09004444;-4.691524444;13;0;0;0;0;0;6.650897778;-6.260013333;-25.00834;2.06;16.49
13.11.2024 02:45;0.018311111;-23.98561778;1.987565556;-9.372786667;0;-15;0;0;0;0;6.725788889;-7.474493333;47.10123222;-18.77;16.35
13.11.2024 03:00;13.57367889;-0.196803333;9.169694444;-2.817784444;76;0;0;0;0;0;7.11563;-5.308436667;-97.53597889;2.86;23.84
13.11.2024 03:15;10.09480111;-3.120635556;8.61991;-10.81983222;13;0;0;0;0;0;6.783857778;-8.083722222;-16.47437889;1.36;26.68
13.11.2024 03:30;0.429808889;-2.823205556;0.210502222;-24.02198111;0;0;0;0;0;0;5.285913333;-4.566232222;25.48519444;4.26;16.4
13.11.2024 03:45;1.817475556;-2.380211111;2.424398889;-13.16125222;0;-35;0;0;0;0;5.2265;-7.209444444;48.28253333;-6.89;17.34
13.11.2024 04:00;0.030247778;-13.59973;0.138013333;-25.09167;0;0;0;0;0;0;8.071038889;-7.26238;37.71448;-6.11;17.79
13.11.2024 04:15;0.65076;-10.62987667;0.924386667;-10.40948222;0;0;0;0;0;0;5.385198889;-5.972224444;20.05123778;-2.31;16.8
13.11.2024 04:30;23.66224222;-2.048614444;23.04338333;-2.13996;0;0;0;0;0;0;9.712492222;-4.751516667;-47.47802667;-0.28;33
13.11.2024 04:45;22.71334778;-1.519237778;55.76896111;-0.304022222;25;0;0;0;0;0;10.00378333;-14.25047;-97.41236222;-2.79;34.07
13.11.2024 05:00;0.956221111;-9.289674444;45.27639333;-2.078526667;0;-152;0;0;0;0;12.19050333;-11.81311333;116.7581967;-11.15;19.13
13.11.2024 05:15;1.483684444;-4.473592222;45.33800889;-2.558642222;0;-50;0;0;0;0;7.751753333;-8.209872222;10.66866;-0.72;18.53
13.11.2024 05:30;4.16856;-6.355928889;1.782841111;-26.75214556;94;0;0;0;0;0;9.341616667;-8.445386667;-67.73955667;-2.93;21.39
13.11.2024 05:45;1.00694;-7.415224444;19.09891444;-4.339247778;164;0;0;0;0;0;7.102051111;-11.90211889;-167.5513144;-6.78;19.75
13.11.2024 06:00;2.020807778;-21.72256;1.189562222;-32.38116222;0;-110;0;0;0;0;13.84411889;-7.976054444;155.0252878;-35.41;23.73
13.11.2024 06:15;5.466431111;-2.689743333;13.31210667;-23.33217333;0;-29;0;0;0;0;10.45493778;-11.10922889;36.89767;1.2;24.72
13.11.2024 06:30;37.25395444;-0.01804;1.89584;-6.942816667;94;0;0;0;0;0;16.91460444;-13.28723778;-129.8163044;5.4;34.76
13.11.2024 06:45;60.53548;0;1.406327778;-3.087572222;166;0;0;0;0;0;20.17008556;-22.34699778;-222.6773233;12.16;39.05
13.11.2024 07:00;1.010606667;-23.98638889;0.14161;-126.4002656;131;0;0;0;0;0;14.05056444;-13.69383222;17.87770556;-4.39;29.62
13.11.2024 07:15;12.58165444;-0.365261111;1.869414444;-20.77162111;131;0;0;0;0;0;13.24300556;-12.48941222;-125.06778;4.5;35.21
13.11.2024 07:30;137.7261089;0;16.29903667;-0.910911111;0;0;0;0;0;0;27.35106444;-18.92716889;-161.53813;15.14;61.93
13.11.2024 07:45;174.6710856;0;34.93068111;0;0;0;0;0;0;0;17.08492778;-12.59899667;-214.0876978;15.14;60.22
13.11.2024 08:00;49.62958333;-3.253846667;221.24083;0;0;0;0;0;0;0;15.08762;-27.01715333;-255.6870333;2.55;51.92
13.11.2024 08:15;6.000148889;-3.013094444;150.5343789;-0.079426667;104;0;0;0;0;0;11.11055667;-14.74500222;-253.8075611;3.34;30.9
13.11.2024 08:30;2.471108889;-12.83936111;10.03754111;-29.3204;232;0;0;0;0;0;10.99065333;-11.81151889;-201.5280233;1.1;25.73
13.11.2024 08:45;0.093316667;-42.71704222;0.091146667;-90.21548222;232;0;0;0;0;0;15.23842556;-13.83325222;-100.6571122;-10.87;25.71
13.11.2024 09:00;2.945011111;-2.558048889;0;-124.4271411;250;0;0;0;0;0;9.527998889;-9.712167778;-125.7756522;3.88;29.75
13.11.2024 09:15;2.205662222;-1.704227778;0;-157.4022389;250;0;0;0;0;0;9.618295556;-10.03200444;-92.68548667;4.28;26.71
13.11.2024 09:30;18.80928111;-0.221216667;31.28029333;-14.98025889;0;0;0;0;0;0;13.04391556;-10.70583556;-37.22617889;4.66;38.03
13.11.2024 09:45;22.22681889;-1.32405;18.71643333;-9.648244444;0;0;0;0;0;0;12.68473778;-13.01514556;-29.64055;5.07;31.56
13.11.2024 10:00;97.15441444;0;14.29245556;-0.05968;0;0;0;0;0;0;20.80430333;-15.27237667;-116.9191167;14.36;48.15
13.11.2024 10:15;83.24054;-0.12261;29.80869;-2.417524444;0;0;0;0;0;0;10.10717778;-17.36107444;-103.2551989;5.36;52.94
13.11.2024 10:30;102.1283711;-0.002575556;12.00087556;0;0;0;0;0;0;0;19.23286222;-10.45060222;-122.9089311;5.4;54.53
13.11.2024 10:45;90.25092444;0;13.13326556;0;0;0;0;0;0;0;17.88954;-21.15047111;-100.1232589;14.36;51.38
13.11.2024 11:00;72.91884667;0;8.488211111;-2.35676;0;0;0;0;0;0;21.58826778;-18.47331111;-82.16525444;14.38;55.45
13.11.2024 11:15;134.9642078;0;19.21785222;0;0;0;0;0;0;0;16.25246;-16.80797222;-153.6265478;14.38;64.65
13.11.2024 11:30;166.54446;0;25.75267333;0;0;0;0;0;0;0;19.62698667;-13.83519;-198.08893;14.38;85.72
13.11.2024 11:45;87.37563778;0;13.58352222;-1.051341111;100;0;0;0;0;0;6.029703333;-18.81619667;-187.1213256;14.38;64.43
13.11.2024 12:00;193.84182;0;82.66512111;0;100;0;0;0;0;0;27.32558556;-11.16593111;-392.6665956;13.35;114.61
13.11.2024 12:15;140.1435211;-1.669923333;29.37352778;-2.840175556;100;0;0;0;0;0;10.90605222;-30.10658889;-245.8064133;4.57;142.97
13.11.2024 12:30;2.558855556;-1.518;0.589486667;-53.38950444;250;0;0;0;0;0;10.17415;-9.524466667;-198.8905211;4.7;30.32
13.11.2024 12:45;14.49544778;-0.044625556;0.591886667;-14.27135667;150;0;0;0;0;0;11.74695444;-9.148748889;-153.3695578;4.77;38.5
13.11.2024 13:00;109.2556311;0;3.315938889;-0.709635556;150;0;0;0;0;0;24.48269778;-14.59145444;-271.7531778;13.26;64.24
13.11.2024 13:15;112.9058078;0;32.53180778;-0.583355556;150;0;0;0;0;0;13.72964667;-20.54709111;-288.0368156;13.26;86.63
13.11.2024 13:30;155.5645167;0;22.04756778;0;150;0;0;0;0;0;25.90114333;-13.77306;-339.7401678;13.26;94.46
13.11.2024 13:45;226.52941;0;35.64873667;0;95;0;0;0;0;0;18.82652222;-18.86556889;-357.1391;13.26;159.44
13.11.2024 14:00;276.0188733;0;41.70652222;0;20;0;0;0;0;0;16.24267222;-16.43960778;-337.52846;13.62;262.73
13.11.2024 14:15;56.66762778;-1.970621111;2.416935556;-24.37038667;273;0;0;0;0;0;11.13470556;-26.94389;-289.9343711;4.83;80.81
13.11.2024 14:30;15.83535444;-0.401335556;0.432481111;-20.52790667;263;0;0;0;0;0;11.52968889;-11.53728444;-258.3309978;5.17;50.98
13.11.2024 14:45;6.940906667;-1.391734444;0.172906667;-57.55047889;348;0;0;0;0;0;10.75144111;-10.10660333;-296.8164378;5.15;46.55
13.11.2024 15:00;2.021606667;-1.906592222;0;-97.69284111;238;0;0;0;0;0;9.093988889;-9.924311111;-139.5918511;4.3;32.44
13.11.2024 15:15;1.833621111;-1.80039;0.022653333;-81.64797333;238;0;0;0;0;0;9.185908889;-9.247227778;-156.3465922;5.18;32.44
13.11.2024 15:30;64.96285556;-0.269364444;1.856405556;-15.20752778;55;0;0;0;0;0;16.75808556;-12.45442222;-110.6460322;5.15;57.26
13.11.2024 15:45;39.78490222;0;4.848;-5.931786667;130;0;0;0;0;0;15.96218889;-18.65320222;-166.0101022;14.3;48.72
13.11.2024 16:00;7.811271111;-4.129778889;19.49127778;-12.70596889;173;0;0;0;0;0;12.97416;-11.89725333;-184.5437078;4.3;45.57
13.11.2024 16:15;51.42687556;0;17.34822222;-3.607044444;72;0;0;0;0;0;14.71603222;-16.19407333;-135.6900122;16;66.84
13.11.2024 16:30;65.08476444;0;7.414887778;-4.202735556;107;0;0;0;0;0;20.12887667;-13.04414889;-182.3816444;16;74.07
13.11.2024 16:45;66.04491333;-0.195448889;6.314135556;-5.759557778;117;0;0;0;0;0;12.73734111;-19.62891667;-176.5124667;5.38;81.47
13.11.2024 17:00;5.258655556;-3.253307778;0.576115556;-52.84315222;111;0;0;0;0;0;13.91847444;-14.35736111;-60.29942444;4.94;43.1
13.11.2024 17:15;3.154291111;-3.088102222;0;-126.0175156;216;0;0;0;0;0;14.75236444;-14.27515889;-90.52587889;5;49.61
13.11.2024 17:30;3.932558889;-5.699442222;1.177897778;-86.35371444;206;0;0;0;0;0;16.58015;-17.09718;-118.54027;4.7;49.54
13.11.2024 17:45;3.998064444;-2.506102222;0.34896;-83.15812;254;0;0;0;0;0;14.62920778;-13.61136889;-173.7006411;4.98;52.79
13.11.2024 18:00;3.412128889;-10.75737222;1.53364;-43.55169;135;0;0;0;0;0;13.29480556;-18.33768444;-80.59382778;3.92;40.61
13.11.2024 18:15;6.236838889;-3.848327778;0.98692;-52.65135333;135;0;0;0;0;0;15.01598111;-12.09742;-88.64263889;2.18;41.55
13.11.2024 18:30;2.96778;-4.359266667;4.009892222;-47.75488222;135;0;0;0;0;0;9.906944444;-11.09537222;-88.67509556;2.56;40.29
13.11.2024 18:45;4.839945556;-6.345221111;4.962742222;-51.58701889;135;0;0;0;0;0;16.34795333;-11.31512;-91.90328111;2.23;40.19
13.11.2024 19:00;142.3027867;0;36.55594889;0;0;0;0;0;0;0;21.01316556;-21.25325444;-178.6186467;14.15;137.1
13.11.2024 19:15;60.73379333;0;79.21776667;0;51;0;0;0;0;0;15.28561889;-16.13523556;-190.1019433;14.15;77.4
13.11.2024 19:30;33.07604;-0.875785556;50.96432;-0.528992222;40;0;0;0;0;0;17.49996333;-18.79479333;-121.3407522;3.39;61.41
13.11.2024 19:45;2.522915556;-31.02036667;29.66940667;-15.48839778;9;0;0;0;0;0;14.02286222;-16.25166222;7.545242222;-18.85;43.74
13.11.2024 20:00;33.30769444;-2.133793333;19.85119667;-4.20602;186;0;0;0;0;0;16.57633111;-13.99822222;-235.3971867;-3.35;51.16
13.11.2024 20:15;16.05957111;-16.12182333;1.649398889;-19.23638889;159;0;0;0;0;0;11.44746444;-16.52476778;-136.2734544;-34.55;47.21
13.11.2024 20:30;2.537705556;-32.37098889;0;-63.37706222;97;0;0;0;0;0;15.36077333;-17.13781222;-2.012615556;-53.04;30.66
13.11.2024 20:45;2.607962222;-47.44559889;0.040537778;-40.03396;14;0;0;0;0;0;15.44731667;-13.55469556;68.93843778;-52.22;30.81
13.11.2024 21:00;15.76960556;-8.690984444;13.83355667;-5.94804;97;0;0;0;0;0;15.55857111;-9.969095556;-117.5536133;-23.78;40.58
13.11.2024 21:15;13.09055222;-16.49183667;15.03599333;-2.550817778;55;0;0;0;0;0;9.967993333;-15.78018556;-58.27169889;-19.82;39.53
13.11.2024 21:30;1.62407;-12.47287;14.54895;-10.92089111;8;0;0;0;0;0;14.67203444;-8.310551111;-7.140742222;-15.45;22.99
13.11.2024 21:45;1.797272222;-5.376524444;74.83616;-0.22004;0;-75;0;0;0;0;10.12180778;-12.48319;6.324514444;0.1;22.78
13.11.2024 22:00;50.47443444;-0.882298889;151.8735322;0;0;-78;0;0;0;0;21.17811111;-18.10573;-126.5380489;-0.01;58.48
13.11.2024 22:15;92.12959333;-2.30401;94.60947333;0;0;-79;0;0;0;0;19.26647667;-21.63683778;-103.0646956;-2.5;72.24
13.11.2024 22:30;5.470641111;-3.518471111;61.74906889;-1.404024444;0;0;0;0;0;0;11.59722778;-10.60114222;-63.2933;0.29;26.43
13.11.2024 22:45;2.620303333;-13.99372778;19.64332556;-10.15494;0;0;0;0;0;0;12.97684889;-12.99446778;1.902657778;-23.37;23.04
13.11.2024 23:00;39.3662;-1.569553333;90.71669444;-0.002713333;0;0;0;0;0;0;13.99333444;-12.13407556;-130.3698867;-4.07;54.42
13.11.2024 23:15;28.55291556;-9.817014444;36.12983778;-0.88645;0;0;0;0;0;0;11.35633889;-17.24665333;-48.08897444;-13.12;54.98
13.11.2024 23:30;0.014241111;-52.13976;1.108935556;-8.641945556;50;0;0;0;0;0;7.928373333;-14.89176;16.62191556;-52.57;16.67
13.11.2024 23:45;0;-131.4674267;0;-14.74850889;50;0;0;0;0;0;15.06675889;-20.52894889;101.6781256;-103.08;14.39
14.11.2024 00:00;1.167944444;-30.99133778;0.126946667;-36.10191;50;0;0;0;0;0;22.00269889;-5.898188889;-0.306153333;-76.62;23.7
14.11.2024 00:15;12.52848889;-1.588394444;2.996682222;-20.62328444;0;0;0;0;0;0;9.875746667;-10.59705667;7.407817778;1.59;36.3
14.11.2024 00:30;2.567002222;-8.502326667;1.816831111;-34.10296667;0;0;0;0;0;0;7.491361111;-8.879681111;39.60978;-10.02;23.5
14.11.2024 00:45;0.664875556;-27.45238778;0;-56.35602222;0;0;0;0;0;0;7.113683333;-12.13111222;88.16096333;-47.23;19.18
14.11.2024 01:00;20.14526667;-5.607633333;19.41158;-2.010451111;0;0;0;0;0;0;15.13241667;-7.547444444;-39.52373444;-42;45.39
14.11.2024 01:15;0.886488889;-12.23482667;8.056608889;-8.049002222;0;0;0;0;0;0;5.296554444;-8.691415556;14.73559222;-15.41;20.28
14.11.2024 01:30;2.228315556;-8.54777;7.900244444;-3.78611;0;0;0;0;0;0;7.788853333;-6.524243333;0.94071;-6.78;24.01
14.11.2024 01:45;0;-34.88307111;1.374514444;-5.404436667;0;0;0;0;0;0;6.632183333;-13.03872889;45.31953889;-35.48;12.96
14.11.2024 02:00;3.42949;-6.71575;24.05644778;-3.792112222;0;0;0;0;0;0;14.85484889;-5.977974444;-25.85495;-36.73;20.88
14.11.2024 02:15;2.217734444;-8.851716667;8.303768889;-12.07738556;0;0;0;0;0;0;8.5932;-9.189197778;11.00359667;-9.4;19.97
14.11.2024 02:30;2.022014444;-4.133027778;0.774551111;-20.07920556;0;0;0;0;0;0;6.614603333;-7.433808889;22.23487333;-10.83;18.56
14.11.2024 02:45;0.064561111;-27.08577111;0;-46.73571333;0;0;0;0;0;0;9.326994444;-8.251405556;72.68133444;-26.09;18.23
14.11.2024 03:00;2.020246667;-4.285595556;1.610622222;-27.11404778;0;0;0;0;0;0;7.8814;-4.89775;24.78512444;-13.6;19.14
14.11.2024 03:15;0.163156667;-24.61819222;1.442705556;-9.698095556;0;0;0;0;0;0;7.214368889;-10.41367556;35.90973222;-38.46;17.93
14.11.2024 03:30;0.308434444;-26.83309111;0;-30.57618667;0;0;0;0;0;0;7.384696667;-8.700388889;58.41653556;-30.94;18.03
14.11.2024 03:45;0;-57.96144222;0;-17.18652667;0;0;0;0;0;0;7.989068889;-8.872921111;76.03182111;-53.02;12.68
14.11.2024 04:00;0;-45.31834333;0.00868;-29.18347667;0;0;0;0;0;0;13.14268444;-9.576545556;70.92700111;-37.55;12.65
14.11.2024 04:15;0;-47.12035444;0.214844444;-26.27811556;0;0;0;0;0;0;9.109432222;-8.170836667;72.24503;-35.26;12.65
14.11.2024 04:30;1.174983333;-7.392024444;0.055377778;-33.90683222;0;0;0;0;0;0;9.059563333;-6.279863333;37.28879556;-13.38;17.74
14.11.2024 04:45;1.461723333;-6.079916667;7.26646;-25.92882667;0;0;0;0;0;0;9.696216667;-9.048437778;22.63278111;-2.81;21.88
14.11.2024 05:00;0;-97.50460222;0;-52.98302222;0;0;0;0;0;0;12.45225556;-17.70508556;155.7404544;-78.95;13.76
14.11.2024 05:15;1.90184;-10.12165222;4.466497778;-10.75321111;0;-83;0;0;0;0;13.10733667;-7.107767778;91.50695667;-13;26.5
14.11.2024 05:30;48.67281111;-0.000406667;24.52360222;-0.095486667;0;-51;0;0;0;0;15.65316778;-7.924801111;-29.82888667;9.03;59.45
14.11.2024 05:45;50.09616444;-3.251001111;95.73592667;-0.08074;0;-51;0;0;0;0;10.66894222;-20.09144111;-82.07785111;-1.4;77.79
14.11.2024 06:00;0.540084444;-23.56920333;2.91884;-34.95507333;0;0;0;0;0;0;13.37103556;-11.22070444;52.91502111;-36.83;22.13
14.11.2024 06:15;2.06732;-8.398702222;0.161373333;-56.70566222;0;0;0;0;0;0;9.724163333;-9.78029;62.93179778;-12.3;25.81
14.11.2024 06:30;16.78005333;-0.270181111;1.461255556;-15.15516444;83;0;0;0;0;0;12.70453444;-9.956317778;-88.56418;4.35;39.54
14.11.2024 06:45;65.66635222;-0.016547778;19.61737222;-1.763512222;83;0;0;0;0;0;13.40493111;-15.91282667;-163.9957689;5.4;57.43
14.11.2024 07:00;1.753462222;-7.724603333;0.444346667;-58.73828556;86;0;0;0;0;0;11.87583222;-11.17484556;-22.43590667;-0.96;26.47
14.11.2024 07:15;14.08786778;-0.104026667;15.09155889;-9.513627778;86;0;0;0;0;0;10.46554444;-11.49792556;-104.5293911;4.39;32.68
14.11.2024 07:30;54.93053889;-0.224611111;25.33984667;-9.558381111;86;0;0;0;0;0;20.49424667;-13.19690333;-163.7847367;3.22;50.1
14.11.2024 07:45;51.94565778;0;56.56654889;-0.491466667;86;0;0;0;0;0;11.26681556;-15.36783;-189.9197256;11.97;51.57
14.11.2024 08:00;35.87483444;0;22.64075222;-1.604684444;86;0;0;0;0;0;15.25689222;-13.63825222;-144.5295422;12.56;45.16
14.11.2024 08:15;31.04695444;-1.064316667;3.465902222;-8.742955556;94;0;0;0;0;0;10.89679889;-15.43023111;-114.1721522;4.21;49.15
14.11.2024 08:30;4.230544444;-1.666247778;3.412126667;-35.84064778;94;0;0;0;0;0;11.24569;-10.91933222;-64.46213333;3.09;27.55
14.11.2024 08:45;0.343015556;-44.02099778;0.721027778;-47.77420222;100;0;0;0;0;0;7.9484;-16.16293556;-1.054307778;-26.03;24.37
14.11.2024 09:00;2.074095556;-15.43850556;0;-73.25551889;106;0;0;0;0;0;15.48663889;-12.00087778;-22.86583222;-2.97;25.71
14.11.2024 09:15;1.148542222;-61.47418889;0;-67.97069889;106;0;0;0;0;0;9.965282222;-19.27736444;31.60842778;-57.4;25.06
14.11.2024 09:30;0;-121.7047833;0;-51.90716333;106;0;0;0;0;0;14.41051444;-11.6672;64.86863222;-75.8;21
14.11.2024 09:45;0;-124.8970478;0;-23.36554222;0;0;0;0;0;0;14.6755;-13.67079444;147.2578844;-100.73;16.13
14.11.2024 10:00;6.232095556;-13.23472111;9.374038889;-22.93354;0;-6;0;0;0;0;17.99860333;-9.706775556;18.27029889;-21.54;25.14
14.11.2024 10:15;0;-41.97824333;4.817167778;-3.975817778;0;-32;0;0;0;0;11.02021667;-16.70249444;78.81917111;-31.21;14.86
14.11.2024 10:30;0;-49.39114778;2.159297778;-8.170766667;0;-73;0;0;0;0;14.72357889;-12.16686333;125.8459011;-43.44;14.86
14.11.2024 10:45;0;-106.3788367;0;-16.34129667;0;-99;0;0;0;0;7.048066667;-14.10017444;228.7722411;-94.88;14.86
14.11.2024 11:00;0.348581111;-57.22860556;0;-82.82032778;0;-99;0;0;0;0;18.66428333;-13.03871444;233.0747833;-50.21;23.78
14.11.2024 11:15;0;-94.41513444;0;-41.81970444;0;-99;0;0;0;0;13.74513556;-16.39648889;237.8861922;-72.71;14.63
14.11.2024 11:30;5.266504444;-21.38740222;8.196017778;-13.33328889;0;-203;0;0;0;0;18.30457444;-7.086856667;213.0404511;-68.7;28.1
14.11.2024 11:45;15.13345889;-3.101404444;17.56439111;-3.069696667;0;-243;0;0;0;0;10.32850111;-11.71741;217.86216;-2.15;26.54
14.11.2024 12:00;84.12379222;-0.312501111;73.86565556;-0.056141111;0;-260;0;0;0;0;16.73855222;-14.51305556;100.1536978;3.44;57.28
14.11.2024 12:15;0.841602222;-34.89461667;24.71727111;-34.91060667;0;-152;0;0;0;0;11.03244222;-19.53342778;204.7473356;-36.56;23.25
14.11.2024 12:30;0.117998889;-63.87410778;0;-125.1943244;0;-102;0;0;0;0;27.45929333;-19.98861778;283.4797578;-44.61;23.99
14.11.2024 12:45;1.339645556;-44.73427222;0.57074;-93.28489222;0;-102;0;0;0;0;11.49140556;-15.36134333;241.9787167;-25.37;24.71
14.11.2024 13:00;57.99449667;-4.671357778;47.74972778;-9.622701111;0;-195;0;0;0;0;18.74433;-6.512048889;91.31755333;-0.85;47.87
14.11.2024 13:15;119.4116233;-1.18259;91.83755222;0;0;-200;0;0;0;0;17.82959222;-27.45528444;-0.440893333;3.61;70.38
14.11.2024 13:30;8.837475556;-2.088482222;53.49994333;-0.046835556;0;0;0;0;0;0;10.86936111;-9.051358889;-62.02010333;4.57;25.3
14.11.2024 13:45;2.274284444;-2.324084444;70.44097667;-0.205693333;0;0;0;0;0;0;9.444725556;-10.51677;-69.11343889;4.76;24.43
14.11.2024 14:00;28.59116222;-8.234054444;40.55718778;-10.45701778;0;0;0;0;0;0;15.66515;-11.58313556;-54.53929222;2.12;44.13
14.11.2024 14:15;37.75675778;0;76.97543778;0;0;0;0;0;0;0;10.69277889;-14.09937111;-111.3256033;11.35;32.63
14.11.2024 14:30;95.24817667;0;34.77484444;0;0;0;0;0;0;0;17.59708111;-9.861662222;-137.75844;11.35;53.64
14.11.2024 14:45;96.30696667;-0.390625556;53.83322444;-0.749796667;0;0;0;0;0;0;11.45994889;-20.84691222;-139.6128056;4.43;76.09
14.11.2024 15:00;2.230231111;-16.29164;3.147527778;-33.18517889;99;0;0;0;0;0;11.49607667;-9.980218889;-56.41679778;2.17;29.47
14.11.2024 15:15;13.22197444;-0.631782222;4.404842222;-17.84531556;99;0;0;0;0;0;10.69635667;-11.14228778;-97.70378778;4.57;35.29
14.11.2024 15:30;25.28048889;-0.38574;5.353206667;-14.49889778;104;0;0;0;0;0;14.01311222;-9.052466667;-124.7097033;4.91;46.31
14.11.2024 15:45;46.48505;-0.248342222;10.45130444;-5.4345;104;0;0;0;0;0;13.45918222;-17.70672556;-151.0059689;4.93;56.85
14.11.2024 16:00;0.603567778;-11.09577222;0;-119.57563;150;0;0;0;0;0;11.18299222;-9.632701111;-21.48245667;4.22;26.63
14.11.2024 16:15;1.793472222;-2.020924444;0;-92.01145778;150;0;0;0;0;0;8.783902222;-9.244;-57.30099222;4.89;26.7
14.11.2024 16:30;64.39561889;-0.000135556;7.958194444;-3.873695556;0;0;0;0;0;0;22.83067889;-13.57883444;-77.73182667;13.56;63.16
14.11.2024 16:45;106.3292122;0;14.57784556;0;0;0;0;0;0;0;12.75553333;-15.47362333;-118.1889678;13.56;68.54
14.11.2024 17:00;24.01624333;-3.188198889;45.27699111;-1.994346667;0;0;0;0;0;0;12.30440778;-17.91641;-58.49868667;4.33;52.16
14.11.2024 17:15;4.372141111;-2.793357778;122.4658056;-0.043044444;0;0;0;0;0;0;15.59217889;-14.47454444;-125.1191789;4.97;30.71
14.11.2024 17:30;4.488378889;-3.572033333;118.0493333;-0.244475556;0;0;0;0;0;0;16.05875778;-17.27403778;-117.5059233;4.95;31.33
14.11.2024 17:45;24.69197;-1.849497778;91.73109111;-0.015191111;0;0;0;0;0;0;17.08873444;-16.61623778;-115.0308689;5.01;54.12
14.11.2024 18:00;4.897314444;-1.822767778;62.24786778;-5.738657778;0;0;0;0;0;0;11.95828667;-12.21733667;-59.32470667;5.17;31.58
14.11.2024 18:15;2.005325556;-3.549928889;91.36965556;-0.583093333;0;0;0;0;0;0;11.26519778;-11.93224111;-88.57491556;5.08;27.02
14.11.2024 18:30;2.422547778;-3.150484444;81.49282;-0.583768889;0;0;0;0;0;0;13.32980556;-12.85564;-80.65528;4.94;27.99
14.11.2024 18:45;1.60359;-7.411413333;53.54139222;-9.004256667;0;0;0;0;0;0;12.30332778;-13.43343333;-37.59920667;4.25;28.44
14.11.2024 19:00;110.2041411;-0.142008889;40.39570444;-1.39457;0;0;0;0;0;0;21.39027;-14.15528778;-156.2982489;5.34;76.89
14.11.2024 19:15;63.88020222;-1.953125556;85.01038;0;0;0;0;0;0;0;14.65547111;-21.38264556;-140.2102822;4.4;66.79
14.11.2024 19:30;7.00072;-1.481521111;55.07756778;-0.370724444;0;0;0;0;0;0;10.77335667;-11.13578444;-59.86361444;5.18;30.58
14.11.2024 19:45;2.076003333;-4.847531111;57.89550556;-0.179973333;0;0;0;0;0;0;11.41330444;-10.28508556;-56.07222333;4.22;25.63
14.11.2024 20:00;3.9373;-2.3116;220.5809467;-0.013511111;0;0;0;0;0;0;10.27152667;-12.09038889;-220.3742733;4.51;26.11
14.11.2024 20:15;15.01925222;-4.1116;118.6221289;-0.087846667;0;0;0;0;0;0;13.40682333;-14.61319889;-128.2355589;4.77;48.9
14.11.2024 20:30;1.813682222;-7.073157778;43.90296889;-1.542792222;0;0;0;0;0;0;11.86576778;-13.08133889;-35.88513;1.66;22.41
14.11.2024 20:45;0;-72.88832778;1.915957778;-7.448446667;105;0;0;0;0;0;9.283852222;-16.50661667;-19.35641889;-36.08;18.35
14.11.2024 21:00;30.82221444;-8.629007778;81.51395778;-1.523508889;0;0;0;0;0;0;19.18431667;-11.57497333;-109.7929989;-40.32;45.52
14.11.2024 21:15;22.57757111;-2.459586667;49.25550111;-1.413394444;0;0;0;0;0;0;10.29164222;-10.54823333;-67.7035;5.01;41.24
14.11.2024 21:30;0.495743333;-23.21966667;4.468936667;-13.47095556;56;0;0;0;0;0;8.836777778;-12.20863889;-20.90219667;-12.2;22.38
14.11.2024 21:45;0;-47.98881333;2.820633333;-7.12129;0;-25;0;0;0;0;11.20850222;-16.90271444;82.98368222;-33.35;14.29
14.11.2024 22:00;14.32371889;-8.525522222;2.284038889;-20.41903;74;0;0;0;0;0;20.41317333;-9.50605;-72.57032889;-48.5;32.56
14.11.2024 22:15;23.17111;-1.524924444;7.288385556;-24.07399667;49;0;0;0;0;0;11.21472778;-12.81168667;-52.26361556;5.21;46.13
14.11.2024 22:30;28.62100444;-0.509841111;17.58274556;-5.909134444;32;0;0;0;0;0;10.63663778;-10.39740333;-72.02400889;5.34;43.55
14.11.2024 22:45;1.633017778;-3.149676667;57.62645111;-0.488796667;0;-43;0;0;0;0;7.987426667;-9.071745556;-11.53667667;4.36;20.85
14.11.2024 23:00;54.71434444;-0.420736667;73.18239;-0.14355;40;0;0;0;0;0;13.86690667;-12.90122111;-168.2981333;4.77;60.2
14.11.2024 23:15;11.21445333;-17.34564333;16.46533889;-14.14214444;73;0;0;0;0;0;9.755826667;-13.80341667;-65.14441444;-11.79;42.03
14.11.2024 23:30;0;-55.73281889;0;-47.35654778;100;0;0;0;0;0;8.484184444;-11.37098778;5.97617;-32.58;16.59
14.11.2024 23:45;0;-63.36480222;0.028213333;-16.11404889;0;0;0;0;0;0;12.91451556;-9.856785556;76.39290778;-37.6;13.17
15.11.2024 00:00;40.49289;-3.578154444;38.21822778;-1.472511111;60;0;0;0;0;0;16.46512222;-8.968122222;-141.1574522;-33.46;69.83
15.11.2024 00:15;14.98059889;-4.154323333;6.880116667;-14.25335333;73;0;0;0;0;0;7.149002222;-8.934717778;-74.66732333;-4.34;49.38
15.11.2024 00:30;8.736441111;-7.546253333;4.032072222;-42.14288222;73;0;0;0;0;0;7.894935556;-11.93719222;-32.03712111;-19.72;48.79
15.11.2024 00:45;5.285902222;-20.23627;7.013111111;-81.59678667;73;0;0;0;0;0;18.85418667;-10.64669;8.326546667;-35.22;46.22
15.11.2024 01:00;15.38317667;-1.006947778;2.434881111;-14.41595778;80;0;0;0;0;0;7.734354444;-10.55958222;-79.56992444;3.9;37.34
15.11.2024 01:15;1.116783333;-2.230873333;0;-74.13856778;80;0;0;0;0;0;5.884872222;-6.710602222;-3.921612222;-4.14;16.9
15.11.2024 01:30;0.696192222;-9.604508889;0.64416;-36.51614;36;0;0;0;0;0;6.694632222;-6.202788889;8.288453333;-7.8;16.87
15.11.2024 01:45;1.333688889;-3.742521111;0.244417778;-49.19239222;0;0;0;0;0;0;7.785343333;-5.560737778;49.13220111;-2.28;17.32
15.11.2024 02:00;61.05603889;-0.005696667;14.41701889;-0.438368889;0;0;0;0;0;0;10.35402778;-7.127295556;-78.25572444;5.4;54.81
15.11.2024 02:15;28.60512889;-1.066076667;16.50121667;-9.306666667;50;0;0;0;0;0;5.229234444;-9.527741111;-80.43509556;3.32;45.28
15.11.2024 02:30;16.01506556;-0.223521111;10.97639889;-4.360083333;22;0;0;0;0;0;7.635644444;-7.377956667;-44.66554778;4.34;30.15
15.11.2024 02:45;1.496702222;-2.869201111;3.355783333;-15.37144222;0;-33;0;0;0;0;5.246615556;-5.57368;46.71522222;2.51;18.74
15.11.2024 03:00;53.99440333;-0.404456667;77.04728222;-0.101404444;0;-39;0;0;0;0;10.69821667;-11.87693778;-90.35710333;2.26;49.86
15.11.2024 03:15;1.186798889;-1.952305556;77.31864556;-0.073247778;0;-33;0;0;0;0;5.286381111;-5.479284444;-43.28698778;4.11;16.58
15.11.2024 03:30;0.343541111;-14.32615667;12.02882222;-7.388087778;50;0;0;0;0;0;3.572075556;-7.94404;-36.28615444;-26.02;16.34
15.11.2024 03:45;0;-51.15085222;0;-33.52447556;50;0;0;0;0;0;8.1098;-8.562541111;35.12806889;-45.33;13.8
15.11.2024 04:00;0;-45.56749556;0;-29.10908333;50;0;0;0;0;0;10.87941889;-8.127967778;21.92512778;-36.51;13.86
15.11.2024 04:15;0;-26.24578;1.048168889;-12.90755222;50;0;0;0;0;0;8.92116;-9.519576667;-11.29642;-22.18;13.86
15.11.2024 04:30;2.572555556;-4.001043333;13.97546444;-15.32819444;50;0;0;0;0;0;11.70302889;-7.308215556;-51.61359556;-14.77;19.99
15.11.2024 04:45;2.652858889;-12.52224667;4.655134444;-15.34474556;50;0;0;0;0;0;6.947147778;-11.46076667;-24.92738222;-34.33;30.08
15.11.2024 05:00;2.12403;-60.85191444;0.148653333;-60.66404;50;0;0;0;0;0;19.72030778;-15.94997444;65.47293778;-81.12;26.41
15.11.2024 05:15;4.452982222;-2.818732222;1.311115556;-30.69567778;50;0;0;0;0;0;9.210904444;-9.123234444;-22.33735778;2.58;27.77
15.11.2024 05:30;57.10421444;-0.217685556;12.12255222;-1.550832222;50;0;0;0;0;0;17.40561667;-10.98386667;-123.8799989;4.4;71.38
15.11.2024 05:45;75.97073889;-2.22154;52.02146111;-0.033137778;50;0;0;0;0;0;10.69065222;-17.49567;-168.9325044;-4.96;77.61
15.11.2024 06:00;0.877824444;-45.04462222;1.280503333;-33.01291;50;0;0;0;0;0;15.24525222;-14.74173667;25.39568889;-58.14;23.98
15.11.2024 06:15;1.43405;-3.408197778;12.55182333;-20.66171222;100;0;0;0;0;0;9.204938889;-9.561874444;-89.55902778;2.2;22.08
15.11.2024 06:30;61.12981889;-0.439592222;6.549426667;-5.775801111;100;0;0;0;0;0;17.98799556;-15.59272667;-163.8591211;3.35;63.11
15.11.2024 06:45;102.7068356;-0.009086667;46.50287111;0;100;0;0;0;0;0;16.01456333;-18.24623222;-246.9689511;5.07;76.2
15.11.2024 07:00;0.604652222;-24.96880444;19.31314222;-16.57502111;100;0;0;0;0;0;13.78334111;-15.20669778;-76.95061222;-14.67;19.99
15.11.2024 07:15;2.621385556;-2.875564444;11.06075444;-17.92196333;100;0;0;0;0;0;10.40421556;-9.669572222;-93.61925556;7.28;19.67
15.11.2024 07:30;59.92039778;-0.200872222;22.65914444;-6.216637778;100;0;0;0;0;0;18.44505333;-15.72939556;-178.87769;8.1;51.54
15.11.2024 07:45;56.22355556;0;40.59010111;-0.398488889;100;0;0;0;0;0;12.26671889;-12.64028222;-196.0416044;12.28;48.31
15.11.2024 08:00;41.13594;-0.001084444;32.65537667;-0.802675556;100;0;0;0;0;0;12.47938444;-11.17346667;-174.2934744;8.55;43.68
15.11.2024 08:15;45.37746444;-0.239798889;11.27830222;-11.54079;100;0;0;0;0;0;13.56880333;-16.76784222;-141.6761389;7.93;51.59
15.11.2024 08:30;23.05432556;-0.089246667;12.20552222;-8.806425556;100;0;0;0;0;0;11.80204;-11.22369444;-126.9425211;8.55;34.27
15.11.2024 08:45;10.38954222;-9.844293333;13.07917;-39.01808667;100;0;0;0;0;0;12.93563111;-14.37392444;-73.16803889;3.98;32.33
15.11.2024 09:00;57.27634556;0;15.94465889;-4.118648889;98;0;0;0;0;0;15.22543111;-14.80658333;-167.5212033;11.99;55.54
15.11.2024 09:15;8.590908889;-6.7471;11.00834444;-16.39591889;98;0;0;0;0;0;10.86695333;-14.16097444;-91.16221333;4.23;30.64
15.11.2024 09:30;5.0571;-2.398265556;0.58793;-56.75540667;98;0;0;0;0;0;11.99544333;-8.746193333;-47.74060778;6.71;23.83
15.11.2024 09:45;2.381863333;-51.89669889;1.20584;-31.91758111;10;0;0;0;0;0;15.69851;-18.87315444;73.40122111;-27.87;24.02
15.11.2024 10:00;18.33521;-0.692001111;10.50568444;-15.71569111;65;0;0;0;0;0;14.35847667;-9.410538889;-82.38114;1.12;24.91
15.11.2024 10:15;14.15364667;-19.78352333;23.60119333;-6.075045556;29;0;0;0;0;0;8.794733333;-17.18204333;-32.50896111;-21.61;37.77
15.11.2024 10:30;0;-77.46366111;0;-30.49713667;14;0;0;0;0;0;16.67481444;-17.40804444;94.69402778;-44.33;16.64
15.11.2024 10:45;0;-62.23769444;0.032555556;-29.23846222;0;-160;0;0;0;0;15.07651667;-13.59861222;249.9656967;-34.77;14.8
15.11.2024 11:00;2.35311;-41.86645;0;-77.28167111;0;-74;0;0;0;0;15.42695556;-15.17386889;190.5419244;-33.44;20.23
15.11.2024 11:15;0.772838889;-28.29208889;0.077675556;-71.80947333;0;-74;0;0;0;0;15.51734222;-19.78026889;177.5139744;-29.76;18.69
15.11.2024 11:30;3.484161111;-28.45404556;3.58885;-33.19890222;0;-114;0;0;0;0;21.18165333;-9.371166667;156.76945;-36.11;21.63
15.11.2024 11:45;27.92179333;-0.008545556;12.35335111;-4.599273333;0;-114;0;0;0;0;14.24970222;-15.92936222;80.01233444;4.95;33.64
15.11.2024 12:00;67.83366778;0;41.01753444;-0.016275556;0;-114;0;0;0;0;21.51451444;-21.02131444;4.671873333;8.75;43.59
15.11.2024 12:15;9.104543333;-7.219245556;18.90261111;-48.91271222;0;-114;0;0;0;0;11.69516222;-14.71813889;145.14778;4.18;23.03
15.11.2024 12:30;1.830226667;-7.367871111;0;-95.65225667;0;-114;0;0;0;0;10.10768333;-14.48026556;219.5624833;-9.17;18.37
15.11.2024 12:45;0.118816667;-48.00498111;0;-88.21367222;0;-114;0;0;0;0;17.88980111;-20.84203333;253.0520689;-26.98;17.6
15.11.2024 13:00;6.932892222;-7.534852222;2.540703333;-55.51634556;0;-114;0;0;0;0;18.65646333;-8.982753333;157.9038922;-27.8;19.85
15.11.2024 13:15;15.20210444;-0.38031;9.969146667;-15.02413444;0;-114;0;0;0;0;11.04191333;-11.04709111;104.2383711;3.56;22.06
15.11.2024 13:30;19.88974;-0.098061111;3.228614444;-12.32205889;0;-114;0;0;0;0;15.16491667;-10.51189889;98.64874778;3.56;23.02
15.11.2024 13:45;40.76308667;-4.369302222;9.473777778;-6.92742;0;-114;0;0;0;0;12.61909333;-20.22544444;82.66620889;2.46;37.47
15.11.2024 14:00;0;-61.31210444;1.149088889;-23.80898111;0;0;0;0;0;0;12.15278111;-14.94386556;86.76308111;-22.16;14.42
15.11.2024 14:15;2.564001111;-7.000727778;0.275608889;-70.17578222;0;0;0;0;0;0;14.34544222;-8.54193;68.53338778;-2.3;18.63
15.11.2024 14:30;17.49878333;-0.422905556;0.358697778;-19.53394222;0;-34;0;0;0;0;13.17351778;-11.43473333;34.36058222;3.88;25.06
15.11.2024 14:45;77.01696889;-1.059027778;7.845642222;-1.360075556;0;-34;0;0;0;0;16.36202;-19.48026556;-45.32526222;-1.64;59.97
15.11.2024 15:00;0.949697778;-35.86534778;2.422106667;-34.57459444;0;0;0;0;0;0;14.74015111;-13.56311889;65.89110556;-44.02;19.25
15.11.2024 15:15;8.477796667;-2.876522222;9.846736667;-18.72811444;0;0;0;0;0;0;11.88044556;-10.16629;1.565947778;3.23;21.61
15.11.2024 15:30;44.18633333;0;4.529408889;-2.695302222;0;0;0;0;0;0;16.70438889;-11.34494667;-51.37988222;11.77;41.68
15.11.2024 15:45;83.20975111;-0.86724;16.72962;-5.123903333;0;0;0;0;0;0;16.33682444;-24.24882556;-86.03622667;-1.56;59.33
15.11.2024 16:00;2.054306667;-20.40526778;7.845694444;-19.75555333;0;0;0;0;0;0;14.37500889;-11.74531;27.63112111;0.47;24.81
15.11.2024 16:15;67.20188778;0;39.24374778;-0.059677778;0;0;0;0;0;0;16.44774444;-10.71182556;-112.1218767;12.45;55.37
15.11.2024 16:30;118.3730678;0;36.54951111;-0.027128889;0;0;0;0;0;0;20.16032;-17.78236556;-157.2734044;12.45;81.04
15.11.2024 16:45;105.9418444;0;79.14016333;0;0;0;0;0;0;0;18.87531667;-25.97006778;-177.9872567;12.45;59.16
15.11.2024 17:00;2.947168889;-5.258384444;25.89475222;-17.06468111;129;0;0;0;0;0;9.688848889;-12.54585667;-132.6618478;4.84;27.17
15.11.2024 17:15;6.393484444;-2.762858889;23.03035444;-10.20355;129;0;0;0;0;0;11.17350333;-9.794627778;-146.8363056;5.55;29.42
15.11.2024 17:30;3.245717778;-1.770135556;146.4853044;-0.319115556;0;0;0;0;0;0;12.08466778;-12.52685111;-147.1995878;5.82;24.92
15.11.2024 17:45;47.24608889;-2.537026667;166.56416;0;0;0;0;0;0;0;18.60189556;-19.52177;-210.3533478;4.99;67.57
15.11.2024 18:00;1.597758889;-7.972128889;84.96986333;-3.771802222;146;0;0;0;0;0;12.78915444;-13.37943556;-220.23341;2.52;28.16
15.11.2024 18:15;4.591458889;-4.562571111;32.24159111;-11.76486333;146;0;0;0;0;0;12.23823778;-13.78853;-164.9553233;1.1;28.22
15.11.2024 18:30;0.251327778;-34.57750889;13.10085111;-10.72055556;146;0;0;0;0;0;14.24424444;-19.14198222;-109.1563767;-19.01;24.01
15.11.2024 18:45;0.054388889;-70.06985556;0.65864;-21.01513889;146;0;0;0;0;0;20.8868;-16.95474;-59.56009444;-44.52;23.74
15.11.2024 19:00;1.361357778;-19.55280556;11.90650333;-15.03327111;172;0;0;0;0;0;17.55155444;-12.02962111;-156.2037178;-9.4;27.39
15.11.2024 19:15;29.5794;-1.705995556;83.98216111;-0.016235556;0;0;0;0;0;0;13.87015667;-15.10307667;-110.60641;5.72;44.93
15.11.2024 19:30;3.520498889;-2.340217778;105.6595478;0;0;0;0;0;0;0;12.09908222;-12.71349889;-106.2254122;5.78;24.67
15.11.2024 19:45;2.453474444;-7.616657778;71.99134667;-0.224584444;0;0;0;0;0;0;15.19204667;-15.49509222;-66.30053333;2.27;27.12
15.11.2024 20:00;73.63712667;-3.605686667;123.2185456;0;0;0;0;0;0;0;19.87146333;-19.47480111;-193.6466478;-3.96;68.49
15.11.2024 20:15;1.608888889;-4.024505556;126.7765489;-0.07204;0;0;0;0;0;0;10.11718889;-12.36056333;-122.0455178;-1.12;18.43
15.11.2024 20:30;2.284615556;-2.304801111;77.95981778;-0.026968889;0;0;0;0;0;0;10.24277333;-9.462096667;-78.69334;2.6;18.19
15.11.2024 20:45;1.629488889;-3.907186667;73.99276111;-0.732431111;0;0;0;0;0;0;9.693458889;-10.54253222;-70.13355889;0.6;18.35
15.11.2024 21:00;126.2913644;0;90.69139222;0;0;0;0;0;0;0;20.46766222;-14.29986444;-223.1505544;10.89;102.75
15.11.2024 21:15;17.53418444;-2.945417778;150.4489711;-0.004928889;0;0;0;0;0;0;8.763293333;-13.55520778;-160.2408944;2.02;60.63
15.11.2024 21:30;1.581605556;-2.151;73.61113444;-0.135157778;80;0;0;0;0;0;8.397915556;-8.697133333;-152.6073644;3.06;20.41
15.11.2024 21:45;1.006535556;-21.76255889;46.55409333;-1.739177778;19;0;0;0;0;0;8.124481111;-14.93379778;-36.24957556;-43.77;21.75
15.11.2024 22:00;2.945291111;-11.91080444;17.75636889;-8.745524444;131;0;0;0;0;0;13.44047667;-7.87843;-136.6073778;-30.05;28.46
15.11.2024 22:15;0.777991111;-10.85205444;24.34697;-2.719463333;140;0;0;0;0;0;9.419473333;-11.06017333;-149.9127433;-9.4;21.9
15.11.2024 22:30;4.22065;-4.533276667;39.62513333;-2.443372222;117;0;0;0;0;0;9.247536667;-8.490152222;-154.6265189;0.73;26.93
15.11.2024 22:45;1.465923333;-4.809706667;40.29591778;-1.705583333;55;0;0;0;0;0;9.322385556;-8.624131111;-90.94480556;-2.2;21.11
15.11.2024 23:00;161.0241611;0;59.15377556;0;30;0;0;0;20;0;24.91672;-12.98503889;-282.1096178;9.98;132.12
15.11.2024 23:15;80.67342556;-0.172114444;29.73394333;-4.268393333;30;0;0;0;20;0;6.676163333;-19.62374667;-143.0192778;4.83;93.49
15.11.2024 23:30;10.59746778;-0.921755556;10.59298778;-3.493426667;30;0;0;0;20;0;6.781928889;-6.501161111;-67.05604111;3.79;32.41
15.11.2024 23:45;0.098197778;-26.51177667;3.639324444;-7.718934444;30;0;0;0;20;0;6.890192222;-10.32094889;-16.07605444;-27.64;17.46
16.11.2024 00:00;78.36264;-1.807997778;38.63129;-0.319526667;35;0;0;0;20;0;17.86485556;-10.01059;-177.7206711;-13.73;42.03
16.11.2024 00:15;65.65781444;0;24.72033111;-0.373262222;35;0;0;0;20;0;9.949007778;-12.88624333;-142.0676478;9.89;39.03
16.11.2024 00:30;7.116976667;-6.68864;11.39885111;-6.480881111;35;0;0;0;20;0;6.753763333;-9.810127778;-57.28994222;-7.67;29.53
16.11.2024 00:45;0;-36.85410333;0.11149;-21.65686778;35;0;0;0;20;0;9.474787778;-9.325341111;3.250034444;-22;15.58
16.11.2024 01:00;23.08389333;-1.844876667;100.1548789;-0.133726667;40;0;0;0;20;0;13.10629556;-10.74922333;-183.6172411;1.09;35.65
16.11.2024 01:15;2.391207778;-2.168096667;96.71189444;-0.072281111;40;0;0;0;20;0;7.766408889;-9.085795556;-155.5433378;1.43;22.39
16.11.2024 01:30;2.030816667;-1.090612222;47.36108556;-0.618147778;50;0;0;0;20;0;6.112975556;-6.281996667;-117.5141211;2.95;21.72
16.11.2024 01:45;0.603013333;-6.520578889;25.13536778;-16.61352889;50;0;0;0;20;0;8.550018889;-8.444847778;-72.70944444;-2.04;20.84
16.11.2024 02:00;57.84124778;-0.086391111;29.25638;-2.362986667;59;0;0;0;20;0;14.43058889;-12.31713667;-165.7617022;2.77;37.88
16.11.2024 02:15;9.085408889;-7.680653333;7.04246;-15.39320556;79;0;0;0;20;0;5.000845556;-11.20419889;-85.85065667;-26.63;29.41
16.11.2024 02:30;7.461608889;-13.97935889;18.25869444;-4.596761111;79;0;0;0;20;0;11.93897889;-9.517397778;-108.5657644;-24.42;28.6
16.11.2024 02:45;0.022107778;-44.98019556;1.345333333;-32.26522;79;0;0;0;20;0;9.819312222;-13.39708667;-19.54425111;-58.13;19.76
16.11.2024 03:00;16.26776778;-1.720925556;34.89519333;-2.159437778;73;0;0;0;20;0;15.63962222;-8.471964444;-147.4502556;-26.78;30.37
16.11.2024 03:15;25.67775333;-0.007866667;23.36427111;-3.997666667;73;0;0;0;20;0;8.899467778;-8.684377778;-138.2515811;3.2;31.12
16.11.2024 03:30;11.71929556;-4.094238889;19.20383111;-4.974066667;73;0;0;0;20;0;5.787227778;-9.578421111;-111.0636278;-21.47;28.62
16.11.2024 03:45;0.002984444;-25.34260556;0.574004444;-18.08487889;73;0;0;0;20;0;9.537235556;-7.475036667;-52.21170333;-28.23;19.62
16.11.2024 04:00;10.53467111;-1.318082222;9.940304444;-12.44193667;73;0;0;0;20;0;9.855694444;-8.605982222;-100.9646689;1.13;29.6
16.11.2024 04:15;1.701922222;-2.682007778;4.513837778;-18.90156778;73;0;0;0;20;0;5.549582222;-7.025305556;-76.15646111;1.07;20.6
16.11.2024 04:30;0.066044444;-15.68724333;2.527124444;-14.02764778;89;0;0;0;20;0;6.024285556;-6.370464444;-81.53209889;-8.22;19.58
16.11.2024 04:45;0.915381111;-6.42198;33.55990667;-1.40016;53;0;0;0;20;0;6.508247778;-7.89549;-98.26590556;-5.94;20.55
16.11.2024 05:00;0;-40.76903667;0.83087;-24.58721111;80;0;0;0;20;0;8.898936667;-11.55980667;-32.81375222;-41.72;14.39
16.11.2024 05:15;0.014104444;-18.71946556;2.524675556;-11.93661444;80;0;0;0;20;0;8.872868889;-6.942267778;-73.81330111;-12.36;19.72
16.11.2024 05:30;0.028075556;-23.32424667;2.210558889;-9.127002222;80;0;0;0;20;0;10.63364111;-9.643033333;-70.77799333;-17.16;19.72
16.11.2024 05:45;1.801754444;-9.731581111;3.978918889;-42.47974444;80;0;0;0;20;0;10.74028222;-9.461202222;-54.84842778;-11.69;24.13
16.11.2024 06:00;1.798496667;-14.57776667;0;-112.3115756;80;0;0;0;20;0;9.08015;-10.11122;26.12191556;-20.32;25.78
16.11.2024 06:15;0.979392222;-2.992071111;0.314982222;-101.6845044;80;0;0;0;20;0;7.878392222;-7.186692222;2.690501111;2.25;24.67
16.11.2024 06:30;1.67696;-2.691091111;0.530475556;-64.038;80;0;0;0;20;0;6.912191111;-8.284773333;-34.10576222;1.68;24.1
16.11.2024 06:45;3.076711111;-2.130247778;1.29865;-47.77482333;80;0;0;0;20;0;10.12751444;-9.924078889;-54.67372556;0.77;25.8
16.11.2024 07:00;1.292298889;-2.235917778;0;-137.8857444;80;0;0;0;20;0;8.281526667;-7.407222222;37.95505889;1.89;26.06
16.11.2024 07:15;1.44841;-2.595611111;0.135866667;-80.34569556;80;0;0;0;20;0;8.44857;-8.263868889;-18.82767111;1.06;26.35
16.11.2024 07:30;12.89021333;-0.745291111;8.424917778;-27.83508333;36;0;0;0;20;0;9.213296667;-8.523523333;-49.42453;1.96;32.64
16.11.2024 07:45;21.22315333;-0.248207778;19.31008556;-10.05400222;73;0;0;0;20;0;14.15524222;-13.10357111;-124.2827;0.74;33.7
16.11.2024 08:00;52.68812333;0;65.97393111;-0.555555556;0;0;0;0;20;0;17.64512111;-14.21928889;-141.5323311;10.45;38.62
16.11.2024 08:15;25.48882444;-0.100638889;130.8461167;0;10;0;0;0;20;0;12.23391;-18.24680111;-180.2214111;-0.16;35.27
16.11.2024 08:30;3.684874444;-1.67494;112.4629856;0;34;0;0;0;20;0;10.80403111;-10.94288111;-168.33407;-0.91;27.66
16.11.2024 08:45;2.044937778;-2.696526667;63.46039333;-0.574982222;86;0;0;0;20;0;10.16518556;-10.06697556;-168.3320322;-2.39;26.85
16.11.2024 09:00;49.78909444;0;57.76644;0;74;0;0;0;0;0;11.32953667;-10.06946556;-182.8156056;10.56;42
16.11.2024 09:15;2.073157778;-22.39799667;10.46411556;-13.64609222;238;0;0;0;0;0;7.99755;-12.85751889;-209.6332156;-15.73;32.84
16.11.2024 09:30;1.123315556;-12.39718111;11.44651111;-16.68382556;174;0;0;0;0;0;10.68223111;-10.46822444;-157.7028267;-17.38;28.76
16.11.2024 09:45;0;-35.73852222;0.955942222;-26.86636444;168;0;0;0;0;0;11.26602444;-10.19934778;-107.4177322;-23.78;16.79
16.11.2024 10:00;18.58844889;-0.222025556;14.09836222;-6.037457778;187;0;0;0;0;0;10.68599889;-8.368848889;-215.7444778;-2.74;34.74
16.11.2024 10:15;2.458642222;-12.99032778;22.05285444;-4.912345556;198;0;0;0;0;0;9.910766667;-15.14187444;-199.3777156;-38.92;30.68
16.11.2024 10:30;0.905895556;-15.1344;10.96231111;-15.49943556;169;0;0;0;0;0;11.97538111;-10.7205;-151.4892522;-25.1;27.7
16.11.2024 10:45;1.329477778;-8.066132222;16.02970444;-8.55547;96;0;0;0;0;0;12.71646889;-10.04286556;-99.41118333;-9.73;28.49
16.11.2024 11:00;93.05962333;-0.107557778;32.36494667;-1.760251111;0;0;0;0;99;0;23.76492444;-16.29039889;-230.0312867;-4.89;51.58
16.11.2024 11:15;23.23404778;-4.619537778;7.571804444;-26.28013333;79;0;0;0;99;0;10.60108778;-19.65736333;-168.8499056;-7.24;39.32
16.11.2024 11:30;12.48317111;-6.283624444;10.21372;-28.61259889;62;0;0;0;99;0;11.68375778;-11.46184556;-149.02258;-12.38;34.94
16.11.2024 11:45;0.53155;-19.27067222;8.437895556;-14.75856667;24;0;0;0;99;0;13.10495556;-12.95544;-98.08972222;-24.42;28.27
16.11.2024 12:00;17.88059222;-4.824352222;13.04895444;-14.29778111;174;0;0;0;74;0;13.40061778;-13.13204889;-260.0759822;-10.86;36.89
16.11.2024 12:15;3.164873333;-2.101913333;10.38228667;-8.654297778;117;0;0;0;74;0;10.29108111;-8.435042222;-195.6469878;-4.04;27.38
16.11.2024 12:30;25.26447667;-0.002034444;23.19294556;-3.906253333;13;0;0;0;74;0;11.37346889;-10.56504111;-132.3575622;-2.39;36.73
16.11.2024 12:45;14.02695111;-0.98524;3.824848889;-21.07211111;0;0;0;0;74;0;10.62282778;-10.27183222;-70.14544444;-2.91;34
16.11.2024 13:00;4.966356667;-1.452763333;1.190962222;-43.70554;90;0;0;0;77;0;9.45176;-10.20069667;-127.2500789;-3.52;29.6
16.11.2024 13:15;0.858556667;-11.08019111;0.297328889;-68.00876333;88;0;0;0;77;0;7.712633333;-12.75280222;-82.02676222;-16.35;28.16
16.11.2024 13:30;1.128862222;-11.77394444;0.508182222;-45.19104222;77;0;0;0;77;0;13.26361444;-9.22096;-102.7147122;-22.08;28.04
16.11.2024 13:45;0.51473;-10.87713444;1.819368889;-47.90041222;70;0;0;0;77;0;10.28513778;-10.51546111;-90.32622889;-7.62;29.13
16.11.2024 14:00;1.156673333;-128.1999911;19.42708889;-35.13206111;139;0;0;0;0;0;17.05486778;-25.64233778;12.33576;-144.48;30.05
16.11.2024 14:15;0.757644444;-72.45213667;0;-105.3619944;139;0;0;0;0;0;19.91994556;-9.821782222;27.95832333;-82.77;29.63
16.11.2024 14:30;9.898545556;-5.232472222;3.328937778;-37.55674111;99;0;0;0;0;0;13.15808556;-14.83340889;-67.76294667;-9.54;35.34
16.11.2024 14:45;2.228997778;-16.43335778;11.24910556;-3.33663;139;0;0;0;0;0;11.39947111;-13.43589111;-130.6716956;-26.29;35.35
16.11.2024 15:00;2.517225556;-26.98960222;3.310777778;-20.31989;24;0;0;0;0;0;14.20572111;-10.72725556;14.00302333;-33.99;31.51
16.11.2024 15:15;24.99567444;-0.209956667;27.24280889;-3.156083333;56;0;0;0;0;0;12.10205;-12.67171889;-104.3027744;-2.39;39.46
16.11.2024 15:30;27.09647556;-1.590574444;7.661398889;-9.452906667;125;0;0;0;0;0;16.76702889;-12.37466889;-153.1067533;-5.97;40.46
16.11.2024 15:45;51.11313222;-1.698271111;8.398684444;-8.47918;160;0;0;0;0;0;12.98502889;-20.63205778;-201.6873367;-11.48;43.58
16.11.2024 16:00;0.543351111;-55.54429444;0;-45.28688111;147;0;0;0;0;0;14.98181889;-11.66663889;-50.02735556;-45.59;29.93
16.11.2024 16:15;2.773562222;-8.193755556;2.898235556;-27.30746222;147;0;0;0;0;0;13.11657778;-12.10260889;-118.1845489;-2.5;30.88
16.11.2024 16:30;35.56139444;-3.920768889;8.278755556;-5.496427778;147;0;0;0;0;0;17.98046556;-10.99799444;-188.4054244;-0.77;43.22
16.11.2024 16:45;45.03634667;-2.07072;51.03639333;-5.246964444;147;0;0;0;0;0;15.07924111;-23.34335111;-227.4909456;1.85;45.15
16.11.2024 17:00;0.149873333;-43.60405556;3.105066667;-33.08772333;155;0;0;0;0;0;13.22154111;-13.77523222;-81.00947;-31.97;22.61
16.11.2024 17:15;3.732513333;-8.109806667;9.4624;-15.03384444;155;0;0;0;0;0;11.54160556;-10.17117111;-146.4216967;4.36;26.66
16.11.2024 17:30;38.76520111;-0.032144444;76.68129778;-0.599424444;34;0;0;0;0;0;16.69679333;-11.28881778;-154.2229056;8.45;36.18
16.11.2024 17:45;85.48001444;0;110.6929267;0;34;0;0;0;0;0;15.78749;-21.05357778;-224.9068533;11.29;45.41
16.11.2024 18:00;12.97240778;-1.072858889;44.18316222;-0.31628;153;0;0;0;0;0;12.44387889;-10.13808667;-211.0722233;5.18;34.85
16.11.2024 18:15;21.15246778;-2.090787778;6.752785556;-38.91627;230;0;0;0;0;0;12.78021889;-15.03876444;-214.63965;3.97;36.33
16.11.2024 18:30;0.258785556;-24.62660778;3.29996;-35.29109667;230;0;0;0;0;0;12.31447778;-13.35122444;-172.6042944;-11.61;26.68
16.11.2024 18:45;7.365572222;-0.919993333;33.25141667;-6.38999;121;0;0;0;0;0;11.23834556;-11.16887778;-154.3764733;4.76;31.63
16.11.2024 19:00;54.81689778;-0.023057778;73.60089667;0;131;0;0;0;0;0;18.27447556;-15.22923778;-262.4399744;8.55;38.33
16.11.2024 19:15;21.86631667;-7.696394444;49.9491;-4.747296667;131;0;0;0;0;0;12.26126;-18.32107889;-184.3119067;-2.83;36.14
16.11.2024 19:30;0.387913333;-37.33397111;6.26145;-7.672137778;181;0;0;0;0;0;9.645191111;-16.01589333;-136.2725522;-29.19;19.34
16.11.2024 19:45;0;-89.33783667;0.059675556;-4.791137778;181;0;0;0;0;0;17.84450556;-14.09071444;-90.68449222;-48.06;17.66
16.11.2024 20:00;4.155948889;-3.809398889;99.72459667;-0.050846667;132;0;0;0;0;0;13.03467;-7.906908889;-237.1480611;-4.15;23.05
16.11.2024 20:15;0.664744444;-11.46427556;30.39368333;-1.346382222;132;0;0;0;0;0;8.564428889;-10.23442889;-148.57777;2.33;18.6
16.11.2024 20:30;1.002188889;-11.28121;6.463945556;-10.21990778;132;0;0;0;0;0;9.092915556;-9.569743333;-117.4881889;2.43;19.2
16.11.2024 20:45;0.013426667;-59.75219444;1.50691;-33.07805778;132;0;0;0;0;0;12.88442111;-14.59688778;-38.97761778;-50;17.63
16.11.2024 21:00;6.375322222;-7.327737778;3.530153333;-18.26368778;139;0;0;0;0;0;11.80285333;-9.649273333;-125.46763;-9.76;32
16.11.2024 21:15;0;-50.42968222;3.450243333;-4.635518889;139;0;0;0;0;0;8.362896667;-16.55519667;-79.19274222;-38.93;17.61
16.11.2024 21:30;0;-63.65735889;0.015464444;-50.45538667;139;0;0;0;0;0;14.78625778;-8.696035556;-30.99294111;-31.76;17.61
16.11.2024 21:45;0;-22.33885556;1.865816667;-29.01250222;32;0;0;0;0;0;10.74383778;-8.551454444;15.29315778;-4.11;16.28
16.11.2024 22:00;58.01677;-0.346274444;35.10559667;-0.746961111;0;0;0;0;0;0;15.07650667;-11.64197778;-95.46366;-4.97;42.36
16.11.2024 22:15;33.76898222;-0.10525;65.80806444;0;0;0;0;0;0;0;10.30760111;-11.38643333;-98.39296444;3.83;39.69
16.11.2024 22:30;64.87017333;-1.32188;66.92422333;-0.0968;0;0;0;0;0;0;15.13238222;-15.36077333;-130.1473256;0.82;51.27
16.11.2024 22:45;5.271271111;-5.290125556;57.04922778;-1.132164444;0;0;0;0;0;0;10.03253333;-10.05151667;-55.87922556;-2.53;32.78
16.11.2024 23:00;71.99476222;-0.787353333;71.83880556;0;0;0;0;0;0;0;17.93455778;-17.94302556;-143.0377467;0.64;55.78
16.11.2024 23:15;1.675187778;-1.65078;152.9398022;0;0;0;0;0;0;0;7.368196667;-6.835937778;-153.4964689;2.49;21.91
16.11.2024 23:30;6.172815556;-2.178531111;45.55757;-0.112284444;89;0;0;0;0;0;8.540297778;-9.044052222;-137.9358156;1.27;30.72
16.11.2024 23:45;0.844174444;-14.83614;23.24672556;-7.566274444;89;0;0;0;0;0;10.23435222;-10.58566556;-90.33717222;-18.45;21.41
17.11.2024 00:00;74.66594889;-0.093316667;25.30272222;-1.231328889;110;0;0;0;0;0;13.30320556;-7.236076667;-214.7111544;2.47;37.9
17.11.2024 00:15;87.29571111;0;15.68189889;0;110;0;0;0;0;0;13.42800778;-19.12925222;-207.2763656;10.07;39.59
17.11.2024 00:30;20.20532111;-0.363091111;21.96588;-7.087137778;110;0;0;0;0;0;8.192294444;-9.753421111;-143.1598456;3.79;27.43
17.11.2024 00:45;3.452405556;-0.778795556;15.69463889;-5.53379;110;0;0;0;0;0;6.28339;-6.171916667;-122.9459322;1.77;22.9
17.11.2024 01:00;154.6464011;0;0.129542222;0;104;0;0;0;0;0;22.55289;-12.51272556;-268.8161078;9.95;56.64
17.11.2024 01:15;95.25633333;0;0;0;117;0;0;0;0;0;6.499265556;-12.05808333;-206.6975156;9.95;39.9
17.11.2024 01:30;54.15635111;-0.746255556;0;-3.612981111;200;0;0;0;0;0;7.379553333;-14.33779222;-242.8388756;-0.81;34.44
17.11.2024 01:45;0.329584444;-32.18278667;0.284288889;-10.53802889;200;0;0;0;0;0;10.86183333;-14.52822889;-154.2266622;-32.99;21.4
17.11.2024 02:00;63.31989556;-2.130672222;0;-3.322996667;196;0;0;0;0;0;20.19012;-8.096987778;-265.9593589;-14.62;33.28
17.11.2024 02:15;110.2619233;0;0.249222222;0;96;0;0;0;0;0;11.62818778;-13.27198111;-204.8673522;9.73;57.92
17.11.2024 02:30;24.36780444;-2.981631111;0.202128889;-21.57117333;199;0;0;0;0;0;6.28906;-11.79172667;-193.5144622;1.25;32.79
17.11.2024 02:45;2.732057778;-10.86303111;0.183817778;-20.29116444;199;0;0;0;0;0;9.765867778;-8.03759;-172.4899578;-7.82;23.1
17.11.2024 03:00;44.28264333;0;0;-0.630155556;207;0;0;0;0;0;13.44536222;-9.217381111;-254.8804689;9.53;35.88
17.11.2024 03:15;62.23415;0;23.85984889;-0.0364;115;0;0;0;0;0;13.98544778;-16.80343667;-198.23961;9.53;47.33
17.11.2024 03:30;70.21198333;0;18.22058667;0;98;0;0;0;0;0;13.62931;-12.77861222;-187.2832678;9.53;44.93
17.11.2024 03:45;10.68454556;-9.530846667;4.017506667;-20.25991333;181;0;0;0;0;0;9.090157778;-13.61738667;-161.3840633;-22.73;30.15
17.11.2024 04:00;8.09379;-1.541332222;2.65183;-10.96784;158;0;0;0;0;0;7.829921111;-5.855858889;-158.21051;-1.12;25.88
17.11.2024 04:15;24.30010556;-0.115283333;1.303204444;-3.982736667;142;0;0;0;0;0;9.032093333;-7.320414444;-165.2169689;3.47;31.54
17.11.2024 04:30;22.14518;-0.06551;8.260207778;-0.50375;136;0;0;0;0;0;8.233802222;-9.202723333;-164.8672067;3.47;27.18
17.11.2024 04:45;2.994234444;-5.236544444;11.64867556;-16.31345444;136;0;0;0;0;0;5.241726667;-9.093665556;-125.2409722;-16.77;22.2
17.11.2024 05:00;0.254294444;-8.364778889;5.59488;-8.265375556;159;0;0;0;0;0;7.418313333;-5.584602222;-150.0527311;-7.19;23.04
17.11.2024 05:15;3.48658;-1.267075556;48.33251111;-0.351226667;87;0;0;0;0;0;7.755254444;-5.407177778;-139.5488656;1.72;22.2
17.11.2024 05:30;69.86530556;-0.009087778;45.06118889;0;0;0;0;0;0;0;14.89153778;-5.755208889;-124.0537356;3.56;44.25
17.11.2024 05:45;134.6440967;0;26.00134556;0;0;0;0;0;0;0;12.26372444;-16.05471667;-156.85445;9.62;64.54
17.11.2024 06:00;56.67886333;-0.2718;37.90226333;0;0;0;0;0;0;0;14.60641889;-14.61289;-94.30285556;3.1;40.82
17.11.2024 06:15;55.21767556;0;39.17703333;-0.345053333;0;0;0;0;0;0;8.860128889;-12.77674889;-90.13303556;9.98;39.93
17.11.2024 06:30;23.42341;-0.072427778;66.01213778;-0.023871111;0;0;0;0;0;0;10.31412556;-10.20916222;-89.44421222;3.28;30.87
17.11.2024 06:45;37.23103111;-0.35617;61.32093333;-2.828773333;0;0;0;0;0;0;9.094224444;-12.13191778;-92.32932778;0.88;32.02
17.11.2024 07:00;20.92583667;-1.000974444;10.96556222;-14.82368222;40;0;0;0;0;0;9.68047;-6.976436667;-58.77077556;1.43;31.73
17.11.2024 07:15;13.50260778;-0.555143333;20.83497556;-7.155212222;53;0;0;0;0;0;6.39457;-9.00174;-77.02005778;-0.07;29.06
17.11.2024 07:30;1.317935556;-4.043218889;8.785557778;-13.47705333;53;0;0;0;0;0;7.783456667;-7.039664444;-46.32701333;0;24.09
17.11.2024 07:45;0.768897778;-2.722568889;22.73039778;-14.91899444;53;0;0;0;0;0;6.301568889;-7.428135556;-57.73116556;0.62;23.7
17.11.2024 08:00;4.279096667;-2.324757778;9.231668889;-14.08524222;40;0;0;0;0;0;7.413185556;-6.531042222;-37.98290889;-1.34;25.93
17.11.2024 08:15;2.786716667;-2.586664444;28.28926556;-10.28820333;53;0;0;0;0;0;6.64525;-7.939457778;-69.90690667;-1.11;25.24
17.11.2024 08:30;5.187568889;-1.026467778;2.459357778;-21.58757222;40;0;0;0;0;0;8.624395556;-8.476034444;-25.18124778;-0.72;26.47
17.11.2024 08:45;8.19877;-0.988227778;9.920105556;-27.48690667;40;0;0;0;0;0;7.960616667;-7.462562222;-30.14179556;-1.18;26.76
17.11.2024 09:00;35.05467;-1.299506667;5.880895556;-15.42181444;6;0;0;0;0;0;11.23645667;-12.51057444;-28.94012667;-2.54;35.26
17.11.2024 09:15;1.138226667;-12.08237111;0;-174.9129867;98;0;0;0;0;0;7.694242222;-16.17836111;96.34125;-42.94;25.29
17.11.2024 09:30;0.882974444;-62.97986333;0;-92.83238667;6;0;0;0;0;0;15.81000333;-17.82661444;150.9458867;-93.7;25.65
17.11.2024 09:45;1.295988889;-61.93684889;0;-141.3709511;0;-36;0;0;0;0;28.24463444;-16.77328667;226.5404633;-82.75;25.78
17.11.2024 10:00;2.434896667;-4.951981111;0;-179.8090856;0;-23;0;0;18;0;9.116216667;-9.34653;187.5564833;-23.44;25.66
17.11.2024 10:15;1.709658889;-23.38947667;0.199362222;-59.3243;0;-183;0;0;18;0;11.54377667;-13.9632;248.2241789;-43.14;25.3
17.11.2024 10:30;3.359767778;-3.81537;0;-71.46129111;0;-251;0;0;18;0;11.97729444;-9.029157778;301.9687567;-17.06;25.31
17.11.2024 10:45;4.025588889;-1.511362222;0.016884444;-42.64754222;0;-352;0;0;18;0;7.868913333;-8.444258889;374.6917767;-4.57;27.69
17.11.2024 11:00;3.266187778;-11.20956556;0.059765556;-78.51400889;0;-155;0;0;0;0;11.01695667;-12.14274333;242.5234078;-18.43;26.74
17.11.2024 11:15;1.291765556;-18.28477444;0;-153.7236478;0;-109;0;0;0;0;13.72991889;-11.34033333;277.3270711;-36.79;25.34
17.11.2024 11:30;1.320521111;-5.63112;0.198368889;-66.69175111;0;-174;0;0;0;0;7.529017778;-9.768888889;247.0438522;-3.41;25.29
17.11.2024 11:45;4.524595556;-7.964407778;8.146853333;-16.81082444;0;-225;0;0;0;0;10.60600222;-9.878222222;236.3760033;-10.6;26.68
17.11.2024 12:00;24.19161667;-2.862956667;26.79089;-3.89441;0;-71;0;0;0;-221;12.79811111;-9.119763333;244.0965122;-16.34;33.53
17.11.2024 12:15;8.5928;-2.257354444;20.42990667;-14.23226;0;-16;0;0;0;-221;7.9237;-10.33390778;226.8771156;-2.64;25.51
17.11.2024 12:30;3.480902222;-1.392807778;1.10565;-32.36097889;0;-43;0;0;0;-221;8.871252222;-9.465332222;293.7613144;-2.69;24.93
17.11.2024 12:45;1.963963333;-13.78337111;0.260168889;-73.22693;0;-71;0;0;0;-221;10.04503222;-10.45601444;377.1971511;-25.54;25.31
17.11.2024 13:00;13.90379667;-0.309925556;4.741316667;-28.23216667;0;-71;0;0;0;-221;10.46688;-9.113514444;300.5436133;-2.67;26.97
17.11.2024 13:15;6.964262222;-2.505011111;4.648241111;-45.37244222;0;-100;0;0;0;-221;9.714871111;-10.48177889;358.0318578;-2.99;27.38
17.11.2024 13:30;2.534575556;-1.530757778;5.651453333;-27.28137333;0;-100;0;0;0;-221;8.718232222;-9.010677778;341.9185478;-2.76;25.4
17.11.2024 13:45;12.94773222;-0.020613333;32.98010556;-0.43809;0;-100;0;0;0;-221;9.623215556;-8.776024444;274.6836744;-2.39;27.58
17.11.2024 14:00;105.3961811;-0.080837778;39.13013889;-2.171217778;0;-322;0;0;0;0;22.42569556;-9.599613333;166.8996533;-2.97;65.77
17.11.2024 14:15;161.03678;0;17.38149778;0;0;-322;0;0;0;0;18.94535333;-19.17616444;143.8125333;8.87;69.5
17.11.2024 14:30;170.1452667;0;33.14789556;0;0;-321;0;0;0;0;17.30362556;-19.28521778;119.68843;9.02;76.19
17.11.2024 14:45;169.1575567;0;55.08234;0;0;-221;0;0;0;0;21.76621333;-12.36246889;-12.64364111;9.72;83.8
17.11.2024 15:00;28.50421889;-4.622928889;135.3588089;-1.033822222;0;-17;0;0;0;-204;11.32678222;-32.21438444;83.68132556;0.28;76.85
17.11.2024 15:15;7.550737778;-4.628633333;22.18596889;-5.06605;183;0;0;0;0;-204;10.04992;-8.845736667;-0.246206667;5.86;33.98
17.11.2024 15:30;72.36679667;-0.107827778;39.95527778;-0.218577778;183;0;0;0;0;-204;16.35143667;-8.045598889;-99.30150667;7.99;56.56
17.11.2024 15:45;96.69281778;-0.321315556;21.11574778;-2.347511111;183;0;0;0;0;-204;11.70897778;-23.02057889;-82.82813778;4.74;63.34
17.11.2024 16:00;0;-106.2411778;0.087893333;-34.97500333;301;0;0;0;0;-221;15.71506556;-21.92382778;67.33705;-47.62;18.69
17.11.2024 16:15;3.3663;-17.77560778;0.024462222;-69.70945111;303;0;0;0;0;-221;17.30440444;-8.210986667;-6.999121111;-6.8;26.24
17.11.2024 16:30;125.7028444;0;91.69291778;-0.312225556;0;0;0;0;0;-221;24.61671889;-7.462315556;-13.23794;8.73;82.51
17.11.2024 16:45;187.5794567;-2.113986667;154.5140744;0;0;0;0;0;0;-221;10.42318889;-32.1655;-97.23723333;0.8;117.21
17.11.2024 17:00;0;-170.8901678;1.955288889;-13.45158222;398;0;0;0;0;-221;12.76909889;-23.60107667;16.21843889;-125.82;20.65
17.11.2024 17:15;2.917746667;-88.11931222;0.007431111;-85.44040222;398;0;0;0;0;-221;26.14392222;-12.28192778;-20.22745778;-70.09;26.53
17.11.2024 17:30;153.8410189;0;69.37039111;-1.473528889;0;0;0;0;0;-221;27.33803333;-8.829202222;-19.24671222;8.91;94.75
17.11.2024 17:45;101.5184022;-0.723195556;183.5667667;0;0;0;0;0;0;-221;10.61578222;-30.76521556;-43.21254;7.25;76.51
17.11.2024 18:00;0.559352222;-5.605476667;27.86132556;-4.775533333;0;0;0;0;0;0;11.23534889;-11.42985444;-17.84516222;6.09;18.54
17.11.2024 18:15;2.875156667;-4.098291111;16.31900333;-27.56106333;0;0;0;0;0;0;10.71238889;-10.40039889;12.15320444;5.77;21.18
17.11.2024 18:30;1.911326667;-1.406231111;0.094511111;-63.64966778;0;0;0;0;0;0;7.663312222;-7.925374444;63.31212333;8.29;19.12
17.11.2024 18:45;7.265621111;-1.43067;2.653435556;-51.43473222;0;0;0;0;0;0;9.47049;-9.687774444;43.16363;7.52;24.3
17.11.2024 19:00;16.60412778;-0.178755556;1.256191111;-18.97817;0;0;0;0;0;0;10.84581444;-10.01191667;0.462708889;8.5;37.05
17.11.2024 19:15;5.5664;-10.09235667;0.235302222;-66.06138;0;0;0;0;0;0;9.894756667;-15.12803444;75.58531222;-14.53;31.77
17.11.2024 19:30;1.764043333;-11.76962222;0;-106.7339589;0;0;0;0;0;0;12.27943444;-13.26820778;117.7283111;-10.75;19.75
17.11.2024 19:45;0.950378889;-31.31631778;0;-133.7023189;0;0;0;0;0;0;13.97408333;-11.91434889;162.0085233;-18.37;20.44
17.11.2024 20:00;24.62077667;-0.930718889;9.818142222;-13.4524;0;-100;0;0;0;0;14.78865556;-6.710893333;71.86643778;-9.42;48.56
17.11.2024 20:15;54.51849889;-0.042317778;16.63455111;-0.600044444;0;-200;0;0;0;0;10.77094444;-15.01197222;133.73034;5.4;55.41
17.11.2024 20:30;11.53875667;-2.101642222;16.98784667;-4.866942222;0;-200;0;0;0;0;10.23549333;-10.39251333;178.5990011;0.55;35.68
17.11.2024 20:45;1.971967778;-3.905975556;22.14976444;-2.798126667;0;-200;0;0;0;0;9.772143333;-9.105071111;181.9152978;-3.37;24.52
17.11.2024 21:00;46.79469556;-0.948345556;111.27179;0;0;-200;0;0;0;0;15.74492222;-15.28699;42.42392778;3.3;60.96
17.11.2024 21:15;12.32598778;-16.13782778;40.13654889;-8.628884444;0;-100;0;0;0;0;12.06543444;-14.04539778;74.28413889;-22.49;37.23
17.11.2024 21:30;0.883244444;-30.88092667;0.657186667;-36.04109111;0;0;0;0;0;0;8.41633;-16.56463;73.52988667;-58.4;22.35
17.11.2024 21:45;1.512035556;-37.35418667;0;-106.5836289;0;0;0;0;0;0;19.87411667;-8.803176667;131.35484;-49.71;26.24
17.11.2024 22:00;2.32759;-1.351706667;0;-77.38795556;0;0;0;0;0;0;7.437067778;-8.624435556;77.59944;4.3;28.26
17.11.2024 22:15;2.529955556;-1.472832222;0.779968889;-76.32593889;0;0;0;0;0;0;7.376015556;-7.335882222;74.44871333;4.78;24.58
17.11.2024 22:30;1.410323333;-39.41866556;0;-36.03867;0;0;0;0;0;0;8.844385556;-15.90437556;81.10700222;-56.52;22.75
17.11.2024 22:45;0.354548889;-34.99551556;4.723142222;-9.276093333;0;-50;0;0;0;0;15.37870556;-11.25566111;85.07087333;-40.71;21.53
17.11.2024 23:00;45.76375556;-4.550641111;30.68387556;-1.951412222;0;-50;0;0;0;0;19.70839333;-17.42777889;-22.22619222;-9.57;54.34
17.11.2024 23:15;0.555824444;-27.88288222;9.472628889;-7.315418889;0;-50;0;0;0;0;10.23928667;-14.41485444;79.34541556;-30.45;22.62
17.11.2024 23:30;0;-71.68037556;0;-56.45340333;0;-50;0;0;0;0;8.26391;-12.21812;182.0879889;-79.85;13.57
17.11.2024 23:45;0;-98.20719889;0.058591111;-20.65213556;0;-100;0;0;0;0;17.62070889;-9.427895556;210.60793;-74.49;13.57
18.11.2024 00:00;39.21929111;-2.324085556;11.86678;-2.817446667;0;-150;0;0;0;0;16.11358;-13.46488778;101.4067689;-2.39;55.9
18.11.2024 00:15;8.661153333;-11.44883444;20.35508889;-6.077958889;0;-154;0;0;0;0;9.327263333;-13.82677444;147.0100622;-5.09;38.38
18.11.2024 00:30;0;-55.68562889;0;-47.19495778;0;-97;0;0;0;0;8.297287778;-5.427212222;197.0105111;-10.91;13.07
18.11.2024 00:45;0;-45.37664556;0.011937778;-38.73467333;0;-154;0;0;0;0;8.49636;-8.937688889;238.54071;-10.98;13.07
18.11.2024 01:00;20.75248778;-2.064746667;22.27161333;-2.446815556;0;-154;0;0;0;0;12.12102222;-8.369108889;111.7355478;-6;32.49
18.11.2024 01:15;7.991934444;-3.063008889;35.46719111;-7.609774444;0;-199;0;0;0;0;7.066822222;-6.714686667;165.8615222;0.37;23.94
18.11.2024 01:30;1.04166;-13.87042556;1.843124444;-16.98233222;0;-149;0;0;0;0;4.828268889;-7.222477778;179.3621822;-16.14;19.85
18.11.2024 01:45;0;-44.46831222;0;-21.08311778;0;-149;0;0;0;0;5.443212222;-7.018455556;216.1266733;-28.52;12.94
18.11.2024 02:00;34.46748889;-2.927926667;10.40870222;-1.64654;0;-148;0;0;0;0;15.46630111;-8.431;100.6629744;-23.32;33.62
18.11.2024 02:15;2.93579;-12.45876778;6.073122222;-4.418463333;0;-148;0;0;0;0;5.662693333;-7.316352222;157.5219778;-6.86;22.98
18.11.2024 02:30;0.310594444;-10.78450333;0.294998889;-42.1075;0;-80;0;0;0;0;8.07372;-7.983951111;132.1966411;-6.23;19.18
18.11.2024 02:45;0;-20.77230333;0;-92.46068889;0;-80;0;0;0;0;9.032695556;-9.194871111;193.3951678;-12.02;12.76
18.11.2024 03:00;2.290703333;-2.168358889;0.337275556;-69.29049333;0;-80;0;0;0;0;8.135084444;-6.811802222;147.5075911;0.34;21.62
18.11.2024 03:15;0.156788889;-11.99489333;0;-78.25913667;0;-80;0;0;0;0;6.642533333;-8.749477778;172.2041856;-8.91;19.17
18.11.2024 03:30;0.384245556;-29.21806556;0;-67.13355111;0;-80;0;0;0;0;10.02496444;-13.21643667;179.1588433;-28.07;19.54
18.11.2024 03:45;0.908607778;-18.58396889;0.098737778;-29.01301778;0;-144;0;0;0;0;12.00062556;-8.10928;186.6982956;-18.91;19.87
18.11.2024 04:00;0.698097778;-25.66445778;0;-48.54703778;0;-134;0;0;0;0;10.78718;-9.88395;206.6101678;-24.8;21.7
18.11.2024 04:15;0.6844;-10.10850889;0.004342222;-63.91086111;0;-134;0;0;0;0;6.882083333;-7.093378889;207.5419233;-5.64;19.66
18.11.2024 04:30;26.89125778;-0.303951111;3.560813333;-1.659885556;0;-179;0;0;0;0;11.84275556;-7.221918889;145.8909289;1.33;27.62
18.11.2024 04:45;21.97022;-22.14315333;4.603153333;-0.001626667;0;-134;0;0;0;0;6.185696667;-22.0296;145.41531;-44.87;29.98
18.11.2024 05:00;0;-173.6037933;4.918;0;0;-132;0;0;0;0;19.79277222;-18.45025778;299.3432789;-109.61;13.76
18.11.2024 05:15;0;-86.23929778;3.04916;0;0;-132;0;0;0;0;13.33493;-12.82091111;214.6761189;-44.16;13.76
18.11.2024 05:30;22.88640556;-26.96668;11.40641333;-2.388782222;0;-132;0;0;0;0;20.01680333;-3.312728889;110.3585689;-36.9;46.58
18.11.2024 05:45;51.08086444;-1.131316667;92.20906778;-12.93483333;0;-183;0;0;0;0;13.45784333;-20.54690778;60.86528222;-2.04;48.88
18.11.2024 06:00;1.902937778;-104.7275111;0;-142.8392933;0;-52;0;0;0;0;24.94385667;-24.16692667;296.8869367;-77.31;23.85
18.11.2024 06:15;1.859522222;-2.486565556;0.002071111;-100.6611122;0;-52;0;0;0;0;9.828835556;-10.12694889;153.5841978;3.69;21.97
18.11.2024 06:30;83.35923667;-0.09318;38.94107444;-1.004753333;0;-131;0;0;0;0;23.50291889;-12.4395;-1.265796667;5.4;69.2
18.11.2024 06:45;110.0260611;0;94.55876778;-0.061248889;0;-131;0;0;0;0;18.19120444;-27.92700778;-63.78777667;-44.55;65.6
18.11.2024 07:00;1.68131;-22.54380889;30.23726333;-6.430508889;0;-161;0;0;0;0;12.03288889;-15.33909111;161.3619467;-10.68;20.74
18.11.2024 07:15;0.688745556;-5.507686667;26.40240556;-15.25698778;0;-36;0;0;0;0;10.43514444;-9.759966667;28.99834556;6.87;20.34
18.11.2024 07:30;17.73803111;-0.498045556;3.036255556;-28.92307889;37;0;0;0;0;0;13.16922333;-10.44597444;-31.07641111;8.44;29.12
18.11.2024 07:45;27.00806;-0.680327778;3.768703333;-18.11114444;97;0;0;0;0;0;14.46831556;-16.15725889;-107.2963478;7.63;35.51
18.11.2024 08:00;40.40297667;-0.635167778;8.791145556;-12.62829444;0;-10;0;0;0;0;17.18073333;-17.85592;-25.25547333;7.38;40.56
18.11.2024 08:15;2.185455556;-2.734503333;5.260498889;-42.64216667;0;-10;0;0;0;0;9.91399;-9.612642222;47.62936778;7.77;21.29
18.11.2024 08:30;3.925506667;-19.08637333;5.721822222;-33.38975111;0;-33;0;0;0;0;8.782821111;-18.16678556;85.21276;-9.12;25.23
18.11.2024 08:45;0;-135.5436222;1.205515556;-60.20669667;72;0;0;0;0;0;25.42293889;-24.70622;121.8280844;-31.4;19.9
18.11.2024 09:00;2.582055556;-84.47768111;0;-92.86912667;102;0;0;0;0;-18;17.44602667;-23.43124889;96.74997444;-41.38;24.2
18.11.2024 09:15;0;-118.6637344;0;-20.32272556;0;-12;0;0;0;-18;22.9297;-18.65533;164.71209;-35.77;15.96
18.11.2024 09:30;0.138485556;-43.21654778;1.992177778;-25.65165889;0;-111;0;0;0;-18;19.29825667;-13.53025444;189.9695411;-8.08;19.24
18.11.2024 09:45;0.433213333;-68.00090333;6.470808889;-1.888428889;0;-187;0;0;0;-18;11.98944444;-19.51495667;275.5108222;-17.65;19.34
18.11.2024 10:00;0.231798889;-42.68377556;2.243384444;-28.69000556;0;-166;0;0;0;-13;19.78274222;-11.81639444;239.93225;-18.58;19.01
18.11.2024 10:15;0;-51.71618111;0.327586667;-51.58466667;0;-215;0;0;0;-13;10.77176667;-17.47122;337.6727144;-25.23;15.29
18.11.2024 10:30;0;-102.6315511;0;-43.21864889;0;-272;0;0;0;-13;17.43789556;-18.82571444;432.2380189;-18.95;15.29
18.11.2024 10:45;0;-198.2165489;0;-36.25685889;0;-272;0;0;0;-13;15.40337111;-19.78026556;523.8503022;-111.48;15.29
18.11.2024 11:00;4.656028889;-27.01104889;0.002168889;-86.56966778;0;-336;0;0;0;0;23.5303;-9.697238889;431.0894578;-19.67;25.99
18.11.2024 11:15;0.634486667;-7.407616667;19.15341889;-2.785072222;0;-433;0;0;0;0;10.18745;-9.581432222;422.7987656;3.48;23.5
18.11.2024 11:30;21.18732778;-1.944574444;76.15282333;-3.757402222;0;-443;0;0;0;0;15.18747778;-7.389882222;343.56423;3.42;32.21
18.11.2024 11:45;62.5887;0;174.8971267;0;0;-443;0;0;0;0;15.63988222;-19.86164111;209.7359322;9.55;55.92
18.11.2024 12:00;42.91380556;-0.16466;176.6398567;0;0;-200;0;0;0;-150;16.05493778;-14.12814;128.6842;0.21;50.35
18.11.2024 12:15;12.74101444;-18.11143444;58.87561111;-12.45294556;0;-50;0;0;0;-150;7.606856667;-19.21629667;170.5571944;-10.48;39.78
18.11.2024 12:30;0.168048889;-22.00561333;2.550585556;-31.97395889;0;-50;0;0;0;-150;13.54326556;-7.542292222;245.2599644;-9.84;24.16
18.11.2024 12:45;5.648853333;-6.228851111;49.18990333;-4.930243333;0;-100;0;0;0;-150;11.42820111;-11.95527889;206.8474156;-3.95;27.5
18.11.2024 13:00;52.22847444;-0.58146;122.50709;-0.158023333;0;-250;0;0;0;0;15.05530778;-9.443884444;70.39249556;-2.65;53.05
18.11.2024 13:15;88.6202;0;155.01069;0;0;-250;0;0;0;0;15.21783333;-12.27866889;3.429945556;11.38;62.78
18.11.2024 13:30;129.2465756;0;68.48948778;0;0;-250;0;0;0;0;15.54260333;-12.98290111;49.70423444;11.38;74.35
18.11.2024 13:45;65.82274889;-0.025496667;23.73979667;-6.014537778;0;-150;0;0;0;0;8.547656667;-18.35804111;76.28787333;3.9;60.1
18.11.2024 14:00;37.38172333;0;20.43437889;-0.936408889;0;-172;0;0;0;0;12.85920111;-8.104367778;110.3654733;9.67;45
18.11.2024 14:15;78.44729778;0;32.76656667;0;0;-172;0;0;0;0;10.07329111;-10.76416778;61.47701222;9.67;58.04
18.11.2024 14:30;135.9715422;0;3.413237778;0;0;-172;0;0;0;0;16.26627778;-7.902287778;24.25123;9.67;76.71
18.11.2024 14:45;164.0515311;0;2.258904444;0;0;-172;0;0;0;0;14.58847889;-22.83988222;13.94096778;9.67;88.28
18.11.2024 15:00;4.699417778;-2.219902222;2.323754444;-29.51227778;0;-72;0;0;0;0;8.200706667;-12.33205667;100.8403578;-0.62;33.16
18.11.2024 15:15;2.371546667;-4.654665556;0.12268;-58.35648111;0;0;0;0;0;0;10.62690222;-10.30571889;60.19573667;0.98;26.03
18.11.2024 15:30;27.96426667;-0.38411;0.282406667;-19.11512222;0;0;0;0;0;0;13.18388222;-12.02281556;-9.908507778;4.21;45.66
18.11.2024 15:45;41.59856889;-0.026311111;0.151084444;-3.188763333;41;0;0;0;0;0;15.67710889;-17.11858;-78.09310778;5.11;40.03
18.11.2024 16:00;16.69500556;-0.37095;23.64169222;-4.755843333;0;-100;0;0;0;0;12.28000444;-11.41332333;63.92341444;-0.12;32.32
18.11.2024 16:15;32.09051111;-0.160454444;7.868512222;-5.99906;0;-60;0;0;0;0;12.37385889;-13.69194222;27.51857444;2.02;44.55
18.11.2024 16:30;10.04829;-0.752091111;0.133324444;-30.6985;30;0;0;0;0;0;12.03828111;-11.93007111;-8.839233333;4.86;32.38
18.11.2024 16:45;10.68250667;-1.971572222;0.072862222;-65.75658222;90;0;0;0;0;0;13.08729333;-14.06005222;-32.05445556;4.45;38.44
18.11.2024 17:00;2.272406667;-24.55647667;2.995608889;-32.45764667;0;-33;0;0;0;0;13.72884556;-13.51701778;84.53428;0.31;28.32
18.11.2024 17:15;3.029504444;-1.413832222;0.308132222;-45.20103333;20;0;0;0;0;0;10.66920889;-11.07879667;23.68681667;5.18;27.04
18.11.2024 17:30;1.269518889;-8.081454444;5.439297778;-45.92262778;58;0;0;0;0;0;10.10525667;-10.80865889;-10.00133222;4.08;27.39
18.11.2024 17:45;1.98118;-22.22995222;0.429388889;-90.32941556;85;0;0;0;0;0;11.74206667;-21.24701778;34.65375;-1.22;26.49
18.11.2024 18:00;0;-89.79222;0.941848889;-7.660474444;20;0;0;0;0;0;20.86584556;-19.06767889;74.71267889;-5.79;20.9
18.11.2024 18:15;0.977655556;-15.13930778;4.943368889;-26.18727;0;0;0;0;0;0;15.06455111;-12.61070778;32.95171;1.75;27.54
18.11.2024 18:30;0;-33.94408111;10.50347;-2.470498889;0;-57;0;0;0;0;17.16195333;-15.45462778;81.20378444;2.34;20.54
18.11.2024 18:45;0.265836667;-19.60544111;10.61331889;-11.05607444;0;-95;0;0;0;0;13.20964;-9.807946667;111.3806667;1.37;26.12
18.11.2024 19:00;14.74297;-0.187846667;49.07861778;-1.827742222;0;-12;0;0;0;0;11.78114556;-11.36907111;-50.21807333;5.22;30.02
18.11.2024 19:15;16.16670778;-5.363362222;34.66461889;-7.323934444;0;-65;0;0;0;0;10.42369556;-12.56672556;28.999;0.6;29.49
18.11.2024 19:30;5.314677778;-5.312887778;20.85695222;-7.457105556;0;-147;0;0;0;0;11.80607889;-12.24474889;134.0370333;1.81;25.35
18.11.2024 19:45;1.309811111;-21.66203889;42.25579222;-2.794895556;0;-193;0;0;0;0;12.58407889;-15.26665444;176.5739067;-2.02;24.13
18.11.2024 20:00;45.37448222;-1.172824444;9.372897778;-4.981573333;29;0;0;0;0;0;20.48961556;-14.37504333;-83.70755444;1.49;44.78
18.11.2024 20:15;5.256475556;-23.20203;0.6668;-25.04057222;0;-28;0;0;0;0;8.221815556;-14.10752;76.20503111;-9.48;24.63
18.11.2024 20:30;1.096184444;-11.24620222;16.86644778;-7.704151111;0;-128;0;0;0;0;15.20369444;-11.19304889;124.9770756;-1.67;21.18
18.11.2024 20:45;1.181236667;-12.84479556;30.48971111;-10.11213111;0;-185;0;0;0;0;8.822181111;-12.75901667;180.2228144;-1.19;20.9
18.11.2024 21:00;4.863;-3.218853333;0.240868889;-44.88098333;45;0;0;0;0;0;13.82675889;-9.369295556;-6.461495556;1.63;26.42
18.11.2024 21:15;1.408013333;-49.30650778;0.230892222;-43.66602667;0;-18;0;0;0;0;6.702483333;-20.31272778;122.9438733;-47.42;22.02
18.11.2024 21:30;0;-63.22347889;1.078742222;-26.68766444;0;-68;0;0;0;0;24.70865889;-10.80075778;142.9245;-18.37;15.39
18.11.2024 21:45;8.593197778;-21.27291333;9.774815556;-19.25916889;0;-179;0;0;0;0;11.82861667;-17.91473444;207.2501867;-11.11;26.69
18.11.2024 22:00;2.379267778;-8.91275;0.755333333;-78.13311222;0;-53;0;0;0;0;16.97809111;-10.33012778;130.2632978;-6.18;22.66
18.11.2024 22:15;14.43535111;-2.546655556;2.948193333;-22.29758556;0;-105;0;0;0;0;11.3064;-9.836678889;110.9909756;3.25;28.61
18.11.2024 22:30;0.221081111;-21.75292;14.16044333;-2.58673;0;-105;0;0;0;0;7.826054444;-14.02862;121.1606911;-4.21;20.4
18.11.2024 22:45;0.075684444;-71.49020333;5.706373333;-6.061866667;0;-162;0;0;0;0;11.90158667;-16.28930889;238.1577344;-41.9;19.53
18.11.2024 23:00;2.607266667;-19.79952556;1.279368889;-35.84959778;0;-40;0;0;0;0;19.32784333;-9.410276667;81.84492111;-32.04;22.34
18.11.2024 23:15;1.041255556;-25.77675667;0.159164444;-72.99312111;0;-92;0;0;0;0;7.553978889;-16.11384556;198.1293244;-23.26;21.3
18.11.2024 23:30;3.005775556;-13.96674333;0;-115.81537;0;-189;0;0;0;0;12.90906778;-9.401891111;312.2691611;-6.92;25.08
18.11.2024 23:45;0.331622222;-67.12401778;0;-47.4236;0;-249;0;0;0;0;8.33797;-17.86050889;372.7385344;-44.52;19.83
19.11.2024 00:00;15.39306111;-13.14276667;11.05778778;-10.32205111;0;-30;0;0;0;0;20.61955111;-6.723608889;13.11802667;-47.26;35.85
19.11.2024 00:15;36.35580111;-0.011664444;20.64702;-1.472437778;0;-113;0;0;0;0;9.657385556;-10.27340222;58.09729778;5.4;46.1
19.11.2024 00:30;21.75821556;-2.337496667;41.54207111;-0.350604444;0;-176;0;0;0;0;9.687188889;-9.98863;115.6892556;1.66;48.04
19.11.2024 00:45;0.886081111;-7.752403333;33.12311667;-0.29466;0;-247;0;0;0;0;5.421801111;-9.693203333;225.3092678;-5.13;18.33
19.11.2024 01:00;17.67265556;-1.892488889;67.47727222;-0.094388889;0;-58;0;0;0;0;10.96026778;-7.035815556;-29.08750222;-1.18;41
19.11.2024 01:15;10.86913111;-1.231821111;52.94002;-0.053377778;0;-94;0;0;0;0;7.384772222;-6.704378889;30.79565444;4.96;34.96
19.11.2024 01:30;1.41885;-0.873863333;59.81126444;0;0;-110;0;0;0;0;4.788397778;-5.056362222;49.91171333;4.25;18.36
19.11.2024 01:45;0.982642222;-4.113208889;59.07956667;-1.486315556;0;-164;0;0;0;0;4.933225556;-9.087422222;113.6915122;-1.66;18.33
19.11.2024 02:00;3.294936667;-3.174493333;3.441467778;-17.99006444;70;0;0;0;0;0;8.611384444;-4.537233333;-59.64599778;-1.61;24.25
19.11.2024 02:15;37.67170667;-0.434433333;11.09007889;-1.279457778;0;-58;0;0;0;0;10.37248222;-11.96915111;12.54877444;1.8;46.8
19.11.2024 02:30;15.71871222;-4.484178889;11.96364556;-14.21867667;0;-58;0;0;0;0;10.01274556;-11.47465444;50.48240667;-0.47;42.19
19.11.2024 02:45;2.053355556;-3.891845556;4.141203333;-33.28366333;0;-6;0;0;0;0;7.76993;-5.415017778;34.62603778;-0.56;20.9
19.11.2024 03:00;27.32110333;-0.099827778;4.457926667;-7.66439;0;0;0;0;0;0;10.12233556;-7.879804444;-26.25734333;3.27;30.42
19.11.2024 03:15;2.012117778;-1.367034444;5.782994444;-11.29356111;0;0;0;0;0;0;5.420207778;-6.862775556;6.308051111;3.76;19.84
19.11.2024 03:30;0.481493333;-4.641081111;19.39735111;-2.594816667;0;0;0;0;0;0;5.071067778;-6.546476667;-11.16753778;0.54;19.25
19.11.2024 03:45;1.130772222;-7.864167778;4.897244444;-13.71978;0;0;0;0;0;0;7.299547778;-6.076388889;14.33277222;-0.97;20.97
19.11.2024 04:00;15.31548222;-0.041775556;14.30632889;-4.838042222;0;0;0;0;0;0;9.155277778;-5.95242;-27.94485111;2.93;30.62
19.11.2024 04:15;24.55321667;-0.046113333;12.51515333;-6.464852222;0;0;0;0;0;0;10.70663556;-12.94572;-28.31832;2.93;37.34
19.11.2024 04:30;9.995781111;-0.515542222;13.54920667;-2.754082222;0;0;0;0;0;0;6.91409;-4.870094444;-22.31935889;4.82;29.71
19.11.2024 04:45;12.61501;-0.531264444;30.27325778;-1.547371111;0;0;0;0;0;0;8.199592222;-10.43406;-38.57516444;4.21;36.58
19.11.2024 05:00;1.837831111;-65.12234889;0.145235556;-163.5148256;0;0;0;0;0;0;27.27294889;-28.20747333;227.5886322;-125.71;23.55
19.11.2024 05:15;3.149933333;-6.601542222;0.864524444;-46.75497222;0;0;0;0;0;0;8.742958889;-8.292086667;48.89118444;-1.32;26.34
19.11.2024 05:30;112.4045089;0;5.550771111;-1.784931111;0;-66;0;0;0;0;21.24434333;-8.779304444;-62.63538778;9.1;91.85
19.11.2024 05:45;53.42026778;-2.243381111;152.6399122;-0.155438889;0;-52;0;0;0;0;12.83288222;-25.20696889;-139.2872733;-1.61;72.84
19.11.2024 06:00;7.902283333;-19.06629889;26.68909111;-0.885796667;0;-157;0;0;0;0;16.45017889;-14.20678889;140.1173311;0.6;36.21
19.11.2024 06:15;15.49463556;-2.497011111;40.60593889;-3.517806667;0;-79;0;0;0;0;11.43665;-13.34227;30.81986333;5.9;37.35
19.11.2024 06:30;8.61126;-2.422813333;2.787058889;-29.48570556;108;0;0;0;0;0;11.20687667;-10.36567333;-88.33100333;5.9;34.57
19.11.2024 06:45;4.607338889;-1.036502222;11.90759889;-21.21262;184;0;0;0;0;0;7.714581111;-10.11205;-175.8683467;5.9;25.79
19.11.2024 07:00;1.373291111;-32.07464889;3.514888889;-24.20862;0;-32;0;0;0;0;14.52308889;-14.78651222;83.65851222;-2.53;25.23
19.11.2024 07:15;0.077717778;-25.56057222;6.662693333;-27.0634;25;0;0;0;0;0;12.57407333;-12.98230889;21.29179667;1.71;23.2
19.11.2024 07:30;6.497405556;-4.554307778;8.670724444;-43.62774333;117;0;0;0;0;0;11.19304444;-9.608837778;-85.57028556;5.86;30.11
19.11.2024 07:45;9.647343333;-3.015932222;14.34262111;-17.69185222;137;0;0;0;0;0;9.262665556;-11.95803333;-137.5868122;5.76;31.93
19.11.2024 08:00;0.407166667;-14.31967333;10.66677222;-16.01750889;50;0;0;0;0;0;12.41480111;-10.90196667;-32.24959111;4.39;26.02
19.11.2024 08:15;2.293152222;-2.380892222;92.41997444;-0.118511111;0;0;0;0;0;0;9.985093333;-9.881467778;-92.31734889;5.9;25.79
19.11.2024 08:30;2.833245556;-2.206086667;107.1009967;-0.065128889;0;0;0;0;0;0;10.35233;-10.75929333;-107.2560633;5.9;26.49
19.11.2024 08:45;2.032456667;-1.999094444;76.62486111;-0.057008889;50;0;0;0;0;0;10.06945889;-9.857565556;-126.8131078;5.9;25.75
19.11.2024 09:00;32.01075667;-0.479872222;83.03847778;-0.540844444;42;0;0;0;0;0;13.71335778;-13.17144;-156.5704356;5.9;40.91
19.11.2024 09:15;5.534115556;-8.282324444;42.46503222;-5.133922222;97;0;0;0;0;0;9.256987778;-11.86175;-128.9781389;5.87;25.83
19.11.2024 09:30;1.148664444;-4.423281111;27.52387111;-2.450554444;127;0;0;0;0;0;9.572227778;-8.721805556;-149.6491222;5.9;24.37
19.11.2024 09:45;0.790327778;-9.334564444;31.42035111;-2.539176667;162;0;0;0;0;0;7.967702222;-12.35267222;-177.9519678;0.93;24.27
19.11.2024 10:00;7.30822;-8.436553333;28.63674444;-4.894988889;104;0;0;0;92;0;17.14007556;-11.83241667;-223.9210811;2.39;27.55
19.11.2024 10:15;4.054893333;-8.926333333;11.59573333;-19.74869556;58;0;0;0;92;0;8.419351111;-12.14057;-133.2543789;4.28;25.59
19.11.2024 10:30;1.206592222;-38.00006111;0.365582222;-61.77846111;61;0;0;0;92;0;12.63695111;-16.04900556;-51.38159778;1.19;25.59
19.11.2024 10:45;0;-78.41052556;0.483942222;-39.32612444;61;0;0;0;92;0;12.89038333;-19.04320333;-29.59447222;-16.2;16.34
19.11.2024 11:00;2.179505556;-23.22076111;0;-174.3550967;22;0;0;0;147;0;23.49850778;-12.17311667;15.07096111;-8;22.37
19.11.2024 11:15;1.015068889;-7.06014;5.63219;-33.85066556;0;-73;0;0;147;0;13.13068;-12.58731778;-40.27981556;6.55;19.93
19.11.2024 11:30;5.611422222;-2.00222;2.354586667;-31.06505667;0;-73;0;0;147;0;13.07184333;-12.27318889;-49.69738667;7.37;22.34
19.11.2024 11:45;19.37906444;-14.22837333;12.42887222;-9.54481;0;-73;0;0;147;0;10.88109444;-16.08912222;-76.82672556;0.79;32.21
19.11.2024 12:00;57.99371;-2.356094444;62.26888;-0.479353333;45;0;0;0;0;0;20.55122333;-14.76644111;-168.2119244;2.94;42.02
19.11.2024 12:15;17.30943111;-5.430347778;10.05883111;-61.77120222;57;0;0;0;0;0;8.881524444;-15.92504333;-10.12319333;3.28;26.53
19.11.2024 12:30;1.92084;-7.2956;0;-153.34713;100;0;0;0;0;0;14.39993778;-8.552242222;52.87419444;4.31;20.11
19.11.2024 12:45;9.768323333;-2.05376;9.496687778;-14.43028444;0;-79;0;0;0;0;10.49316222;-10.36268667;76.08855778;6.84;25.18
19.11.2024 13:00;14.30406778;-0.170896667;12.25447889;-8.111682222;39;0;0;0;0;0;10.84767778;-9.616724444;-58.50692111;7.79;24.6
19.11.2024 13:15;5.244684444;-8.757742222;14.92888333;-16.29588556;22;0;0;0;0;0;9.151745556;-12.28651556;-13.98517;5.7;23.37
19.11.2024 13:30;4.489723333;-2.042771111;28.88278;-7.226077778;22;0;0;0;0;0;9.776751111;-7.980961111;-47.89944444;6.91;21.8
19.11.2024 13:45;1.9896;-6.625964444;59.19806222;-4.19439;22;0;0;0;0;0;10.41236333;-12.21654556;-70.56312556;5.81;20.6
19.11.2024 14:00;40.19084889;-0.51134;43.33932;-1.082137778;0;-10;0;0;0;0;15.44108667;-4.809282222;-82.56849556;5.41;38.21
19.11.2024 14:15;91.50269;0;27.21265667;-0.160591111;0;-15;0;0;0;0;12.19350333;-16.93249889;-98.81576;11.09;64.92
19.11.2024 14:30;64.84077444;0;20.38442889;-0.361328889;0;-6;0;0;0;0;16.44178333;-12.51166222;-82.79399556;11.09;41
19.11.2024 14:45;58.55332333;-0.080294444;17.93423778;-6.822381111;43;0;0;0;0;0;10.74030222;-17.47041778;-105.85477;5.9;49.66
19.11.2024 15:00;13.74022556;-0.225832222;45.28191111;-4.112268889;0;-9;0;0;0;0;9.578435556;-9.119738889;-46.14273222;8.27;30.27
19.11.2024 15:15;25.35455889;-0.01424;24.17721111;-2.80219;54;0;0;0;0;0;10.23844556;-10.42152333;-100.5322622;8.55;34.77
19.11.2024 15:30;26.42076444;-0.054523333;7.89548;-7.32422;96;0;0;0;0;0;13.43639;-11.29559;-125.0783011;8.32;36.45
19.11.2024 15:45;8.299008889;-0.992154444;6.10955;-25.06971556;117;0;0;0;0;0;9.032653333;-11.36146;-103.0178822;7.91;28.96
19.11.2024 16:00;1.369625556;-6.038942222;37.40401;-7.456536667;29;0;0;0;0;0;10.94399778;-11.70628778;-53.51586667;6;21.7
19.11.2024 16:15;2.471918889;-3.77387;24.11197111;-31.69662333;74;0;0;0;0;0;12.51303778;-11.39973667;-66.22669778;6.79;22.59
19.11.2024 16:30;2.005194444;-3.171763333;0.153982222;-89.73782;102;0;0;0;0;0;9.339751111;-10.22189667;-10.36744778;7.35;22.47
19.11.2024 16:45;3.744554444;-2.084676667;0.473963333;-85.08058;125;0;0;0;0;0;12.27785;-11.22995222;-43.10115889;7.43;24.21
19.11.2024 17:00;4.060055556;-1.492644444;0.833693333;-65.75033556;49;0;0;0;0;0;9.457771111;-10.76033333;14.65179333;7.62;23.56
19.11.2024 17:15;5.093975556;-1.410163333;1.981007778;-58.08604;85;0;0;0;0;0;12.10287556;-12.14087222;-32.54078333;7.89;24.51
19.11.2024 17:30;9.547776667;-0.889072222;4.418468889;-35.21267111;45;0;0;0;0;0;12.68418111;-11.40542444;-24.14325889;7.59;27.91
19.11.2024 17:45;8.22306;-2.587882222;3.859536667;-68.95176556;49;0;0;0;0;0;11.92682667;-14.62429;13.15451444;6.86;25.57
19.11.2024 18:00;2.560887778;-2.65502;0.535173333;-76.2593;16;0;0;0;0;-17;10.82438222;-8.792847778;74.78672444;7.05;21.55
19.11.2024 18:15;13.76723889;-1.168618889;1.41728;-30.83360333;3;0;0;0;0;-17;13.59566;-13.40953333;30.63157667;7.58;32.48
19.11.2024 18:30;5.913632222;-1.284041111;1.977208889;-33.64910111;0;0;0;0;0;-17;11.98216333;-12.82442667;44.88456444;7.52;22.12
19.11.2024 18:45;17.39040111;-1.758762222;3.616382222;-49.43850778;0;-53;0;0;0;-17;14.75752889;-13.64450556;99.07746333;7.1;35.05
19.11.2024 19:00;15.31356889;-1.159808889;6.985393333;-22.15566333;14;0;0;0;0;0;11.08753111;-11.50335111;-12.56767;7.36;30.77
19.11.2024 19:15;18.40711;-1.566572222;12.50673333;-17.40979778;0;-36;0;0;0;0;11.41900222;-10.91146444;23.55498889;7.41;35.04
19.11.2024 19:30;21.49684667;-4.034696667;14.11248889;-10.44121333;0;-143;0;0;0;0;12.73978111;-13.90544333;123.0322367;5.52;33.69
19.11.2024 19:45;0.379771111;-59.60029667;16.04008333;-8.273275556;0;-140;0;0;0;0;11.36394667;-19.74089333;199.8306644;-7.31;18.88
19.11.2024 20:00;5.699451111;-8.567305556;25.58454667;-9.277522222;24;0;0;0;0;0;20.34505889;-10.58161111;-47.20261778;1.95;30.11
19.11.2024 20:15;0.486653333;-18.65547667;16.16400111;-8.192612222;0;-18;0;0;0;0;9.607485556;-14.66821;33.25815889;3.69;22.95
19.11.2024 20:30;1.045187778;-10.78855556;20.38900444;-2.858516667;0;-130;0;0;0;0;13.88832444;-9.378524444;117.70308;4.98;21.23
19.11.2024 20:45;1.088588889;-7.751322222;24.31284333;-29.93966333;0;-160;0;0;0;0;8.854203333;-9.043805556;172.4791556;5.23;21.02
19.11.2024 21:00;2.631434444;-2.686206667;1.09293;-45.66074556;23;0;0;0;0;0;7.839365556;-6.928713333;20.71193556;5.08;26.26
19.11.2024 21:15;4.903828889;-10.53466556;6.252852222;-19.48529556;0;0;0;0;0;0;8.960282222;-11.72172222;21.62472;3.74;23.5
19.11.2024 21:30;1.405974444;-5.241018889;15.34568556;-10.39677667;0;-113;0;0;0;0;9.720336667;-7.695604444;109.8614033;4.6;19.93
19.11.2024 21:45;0.56233;-28.35245222;24.40162222;-1.801837778;0;-195;0;0;0;0;5.381155556;-17.50189889;212.3110811;-14.83;18.61
19.11.2024 22:00;4.67678;-14.06928778;0.596448889;-48.37371111;0;-20;0;0;0;0;21.49816667;-9.570321111;65.24192444;-28.17;27.5
19.11.2024 22:15;7.75295;-5.139966667;3.169253333;-37.06462889;0;-30;0;0;0;0;9.869533333;-10.95078111;62.36364;3.72;24.55
19.11.2024 22:30;2.631958889;-5.195701111;0.824977778;-37.71229889;0;-30;0;0;0;0;9.448487778;-9.805223333;69.80779889;4.31;21.9
19.11.2024 22:45;0.117864444;-44.45055333;0.803711111;-32.73001556;0;-130;0;0;0;0;12.26588333;-17.02228889;211.0153989;-26.28;18.01
19.11.2024 23:00;4.319665556;-7.59127;2.262533333;-85.40534111;7;0;0;0;0;0;14.25293667;-6.858953333;72.02042889;-3.56;24.26
19.11.2024 23:15;0.86208;-36.99612111;2.424044444;-26.10641333;0;-50;0;0;0;0;8.31405;-16.96152889;118.4638889;-31.97;20.68
19.11.2024 23:30;1.060796667;-28.07128556;10.87266444;-2.166365556;0;-145;0;0;0;0;14.78840667;-8.457578889;156.9733622;-12.85;22.94
19.11.2024 23:45;0.253224444;-22.10720111;11.05576556;-3.752627778;0;-220;0;0;0;0;8.797464444;-14.99565778;240.7490322;-9.62;18.37
20.11.2024 00:00;0;-38.96213;0.762804444;-19.90191444;0;-5;0;0;0;0;13.99606222;-7.988283333;57.09346111;-18.72;13.42
20.11.2024 00:15;0.241968889;-32.63997556;0.749848889;-12.47651667;0;-55;0;0;0;0;7.486163333;-11.63651333;103.2750244;-19.87;21.2
20.11.2024 00:30;0.589732222;-15.97818667;14.41107667;-3.308253333;0;-107;0;0;0;0;12.45360667;-11.10302778;109.9350522;-11.04;20.63
20.11.2024 00:45;0.21348;-21.57076444;4.33382;-9.877487778;0;-182;0;0;0;0;9.089073333;-11.4825;211.2943789;-14.44;19.99
20.11.2024 01:00;40.24576667;-4.15907;10.48499667;-1.385426667;0;-29;0;0;0;-5;15.45083222;-4.932724444;-21.70437444;-16.76;44.94
20.11.2024 01:15;94.41323444;0;18.01655778;0;0;-107;0;0;0;-5;12.85972889;-12.03019889;-1.259322222;8.95;77.94
20.11.2024 01:30;33.36954;-1.187747778;47.60119222;-0.763214444;0;-107;0;0;0;-5;6.847871111;-11.44369;37.57604889;2.07;47.64
20.11.2024 01:45;10.86031333;-1.447751111;51.64504333;-1.568985556;0;-146;0;0;0;-5;11.76026;-7.818434444;87.56955444;1.84;29.37
20.11.2024 02:00;74.21385556;0;17.40573556;0;0;-18;0;0;0;0;11.20445;-10.82600333;-73.99803778;8.74;70.68
20.11.2024 02:15;14.82692667;-8.415257778;33.51689333;-5.95361;0;-46;0;0;0;0;4.747175556;-11.01045667;18.28832889;-7.29;41.42
20.11.2024 02:30;1.045182222;-14.60488333;13.79496889;-11.02976222;0;-49;0;0;0;0;6.86527;-9.016646667;61.94587111;-10.16;19.32
20.11.2024 02:45;1.739227778;-7.915578889;0.272422222;-62.19004556;0;-47;0;0;0;0;9.17204;-4.173233333;110.0951678;-11.98;20.25
20.11.2024 03:00;2.016181111;-3.660724444;1.77516;-109.2783067;0;0;0;0;0;0;7.875473333;-7.455742222;108.7279589;1.02;24.64
20.11.2024 03:15;0.998653333;-1.883802222;0;-197.8108333;0;0;0;0;0;0;5.975486667;-6.312996667;199.0334922;2.65;19.54
20.11.2024 03:30;1.33463;-4.862732222;0;-156.3228;0;-71;0;0;0;0;5.087365556;-9.188631111;234.9521678;-12.23;19.52
20.11.2024 03:45;0.13821;-70.03092444;0;-92.02767222;0;-85;0;0;0;0;15.06239556;-10.26690667;242.1248978;-54.62;19.5
20.11.2024 04:00;1.207956667;-30.26626;0;-51.57389778;0;-85;0;0;0;-57;8.902424444;-10.72237111;224.4521478;-17.21;21.58
20.11.2024 04:15;0.157326667;-9.53855;8.858958889;-5.077707778;0;-104;0;0;0;-57;8.419645556;-8.878007778;167.0583344;-0.76;18.91
20.11.2024 04:30;6.658536667;-6.941991111;1.984894444;-22.72322889;0;-82;0;0;0;-57;10.05209111;-5.48722;155.4569178;-4.51;27.91
20.11.2024 04:45;58.37552333;0;6.264291111;-0.436191111;0;-94;0;0;0;-57;12.20730667;-11.51640444;86.10547444;-4.95;62.63
20.11.2024 05:00;22.55776667;-0.93994;51.01975333;-0.535257778;0;-211;0;0;0;-92;13.55714889;-11.01805;228.3585789;2.79;43.52
20.11.2024 05:15;23.80314556;-0.298121111;1.102833333;-17.84831556;0;-72;0;0;0;-92;8.336843333;-13.73808556;162.6417;3.94;45.45
20.11.2024 05:30;59.84794333;0;0.707197778;-2.156035556;0;-7;0;0;0;-92;16.52344;-10.22191222;34.29936667;9.72;52.62
20.11.2024 05:45;54.92690556;-0.168726667;21.37648889;-1.81126;74;0;0;0;0;-92;14.22853667;-20.28430556;-50.26763889;1.21;63.38
20.11.2024 06:00;3.188871111;-8.422027778;1.380316667;-42.04351444;0;-189;0;0;0;0;13.17952333;-10.72564889;232.44248;-5.34;27.5
20.11.2024 06:15;38.69547667;0;14.23707444;-2.356775556;0;-155;0;0;0;0;14.24533889;-15.21183889;105.3907244;8.88;56.94
20.11.2024 06:30;26.61429778;-0.270858889;3.568383333;-10.86288889;0;-3;0;0;0;0;13.68465556;-12.11261889;-17.62097;4.91;47.63
20.11.2024 06:45;51.8693;-0.006238889;2.646234444;-2.094184444;84;0;0;0;0;0;13.59076444;-15.06428556;-134.94159;5.4;60.46
20.11.2024 07:00;53.57191111;-0.407853333;14.10765889;-12.70916111;0;-146;0;0;0;0;18.10030444;-12.57187;85.90901;7.57;64.5
20.11.2024 07:15;91.68891889;0;22.56716222;-0.021702222;0;-64;0;0;0;0;13.86015889;-14.77322556;-49.32131222;9.84;72.12
20.11.2024 07:30;113.95751;0;10.85935222;-0.417752222;27;0;0;0;0;0;23.94068667;-13.65367778;-161.6861189;11.89;93.33
20.11.2024 07:45;119.1870356;0;10.62822667;-0.155164444;91;0;0;0;0;0;10.52652778;-24.62862333;-206.5580022;11.89;110.83
20.11.2024 08:00;17.88750889;-1.315372222;22.9291;-9.616331111;94;0;0;0;0;0;12.1541;-13.62742333;-122.4115822;7.47;37.19
20.11.2024 08:15;3.967134444;-1.74329;12.00154778;-29.16500667;94;0;0;0;0;0;9.862221111;-9.23584;-79.68676667;7.57;21.05
20.11.2024 08:30;7.354876667;-0.598282222;3.293285556;-26.12657444;94;0;0;0;0;0;12.23254333;-11.60102333;-78.55482556;7.94;23.18
20.11.2024 08:45;5.122471111;-1.417498889;0.978377778;-56.62353333;94;0;0;0;0;0;10.00108111;-10.78012111;-41.28077667;7.86;24.21
20.11.2024 09:00;17.76230444;-0.21932;9.339026667;-9.928948889;76;0;0;0;4;0;11.89044111;-12.00439111;-96.83911222;7.96;32.9
20.11.2024 09:15;11.41859222;-1.153967778;0.344795556;-37.97091111;50;0;0;0;4;0;11.39515333;-11.18109778;-26.85256444;7.97;23.3
20.11.2024 09:30;1.845426667;-6.187462222;0;-118.7548611;60;0;0;0;4;0;9.591743333;-15.19124444;64.69639778;3.91;19.01
20.11.2024 09:45;0.010443333;-61.89386111;0;-118.6012011;54;0;0;0;4;0;23.39057778;-24.06876444;123.1628056;-12.09;18.41
20.11.2024 10:00;4.705404444;-15.33040556;10.71604556;-9.798626667;0;-80;0;0;0;0;15.79806556;-10.56697778;84.47649444;3.83;25.64
20.11.2024 10:15;30.35495333;-3.277177778;14.51370889;-7.469841111;0;-133;0;0;0;0;14.65737889;-15.33342333;99.55440111;4.92;30.78
20.11.2024 10:30;1.432013333;-5.709906667;26.32344778;-8.740651111;0;-160;0;0;0;0;9.50527;-8.958316667;146.1481433;5.46;23.23
20.11.2024 10:45;5.102263333;-7.991665556;32.69061778;-3.722212222;0;-198;0;0;0;0;12.63347333;-12.68039889;171.9679222;2.63;32.84
20.11.2024 11:00;2.639423333;-4.923627778;13.77785;-14.50629111;0;-67;0;0;0;-24;10.61687111;-9.838076667;93.23385111;-1.94;34
20.11.2024 11:15;6.520586667;-5.971391111;10.04442444;-38.90844222;0;-67;0;0;0;-24;12.56536889;-11.70711556;118.4565689;3.64;25.26
20.11.2024 11:30;4.09462;-3.325055556;4.827348889;-49.50453667;0;-67;0;0;0;-24;12.46582444;-11.49796556;133.9397644;3.92;26.07
20.11.2024 11:45;20.55432667;-4.226336667;25.06043556;-7.880264444;0;-131;0;0;0;-24;11.65531222;-13.71903333;123.55556;3.27;47.68
20.11.2024 12:00;2.969407778;-2.35079;133.1778811;-0.346044444;0;-132;0;0;0;0;10.62176667;-11.27793;-0.794291111;3.74;25.84
20.11.2024 12:15;1.045998889;-21.27754;52.03424889;-11.08710889;0;-64;0;0;0;0;7.547713333;-15.85854889;51.59523667;-6.44;24.48
20.11.2024 12:30;0;-58.71147222;0.185551111;-50.48216222;0;-7;0;0;0;0;14.86273667;-6.946894444;108.0922411;-6.47;15.02
20.11.2024 12:45;8.364381111;-8.146424444;19.54389333;-6.887581111;0;-122;0;0;0;0;12.06818889;-12.53124;109.5887822;3.6;30.08
20.11.2024 13:00;46.99773444;-0.872528889;26.98980333;-1.50938;0;-106;0;0;0;0;15.36595778;-11.68265222;30.71106556;3.65;48.17
20.11.2024 13:15;5.427926667;-22.75851333;3.100658889;-36.95799222;13;0;0;0;0;0;12.79813222;-15.03556333;40.42535111;-6.54;34.76
20.11.2024 13:30;4.170997778;-0.90765;0.599467778;-37.97363;2;0;0;0;0;0;10.68443889;-10.57863222;32.00500778;8.8;20.33
20.11.2024 13:45;1.771232222;-26.66285333;0.117728889;-57.88667667;0;-21;0;0;0;0;8.599161111;-20.84718111;115.9085889;-19.43;19.87
20.11.2024 14:00;2.975386667;-19.08934556;0.383371111;-39.68486556;0;0;0;0;0;0;20.79918778;-8.109288889;42.72555444;-15.35;24.5
20.11.2024 14:15;17.50040667;-0.140786667;5.168196667;-6.153438889;0;-13;0;0;0;0;8.890558889;-8.963447778;-3.301488889;3.75;25.78
20.11.2024 14:30;4.845354444;-1.935615556;31.61699444;-3.300758889;9;0;0;0;0;0;9.647601111;-9.919964444;-39.95361111;3.75;25.22
20.11.2024 14:45;2.899432222;-3.134215556;105.5639967;-0.013595556;0;-49;0;0;0;0;12.17529778;-12.66417111;-55.82674444;3.57;25.82
20.11.2024 15:00;1.433088889;-6.091833333;42.79009333;-0.699665556;0;-34;0;0;0;0;12.47422333;-12.36082556;-3.545081111;3.62;24.84
20.11.2024 15:15;22.30998;-1.03583;102.0133589;-0.184457778;0;-9;0;0;0;0;14.97122333;-11.28313;-117.7911444;3.75;32.04
20.11.2024 15:30;72.04046889;0;43.90162333;0;56;0;0;0;0;0;19.66417556;-14.73117556;-176.8750922;12.44;39.69
20.11.2024 15:45;40.89652889;-0.114202222;72.40855667;-0.791124444;96;0;0;0;0;0;14.03592444;-19.18457222;-203.2511111;4.76;40.36
20.11.2024 16:00;111.5140922;0;23.55920889;0;0;-4;0;0;0;0;18.74703111;-16.33139444;-133.4889378;11.39;55.69
20.11.2024 16:15;62.05986333;-0.080022222;0.271343333;-2.858882222;101;0;0;0;0;0;13.59566333;-19.45854889;-154.5294167;4.09;43.88
20.11.2024 16:30;37.83893889;-0.131018889;0.768337778;-7.088481111;150;0;0;0;0;0;16.46511333;-15.59381;-182.25908;4.22;38.01
20.11.2024 16:45;48.39342111;-1.795377778;1.01944;-11.49105444;150;0;0;0;0;0;18.97893444;-20.46548333;-184.63988;4.55;42.3
20.11.2024 17:00;4.077271111;-8.025041111;0.029213333;-59.95427889;150;0;0;0;0;0;13.75352556;-13.22293667;-86.65775333;3.27;28.91
20.11.2024 17:15;14.90166667;-0.573588889;0.342438889;-31.14525778;150;0;0;0;0;0;13.35504556;-14.38449444;-132.49581;5.01;35.29
20.11.2024 17:30;5.639912222;-1.925588889;0.794252222;-50.43809444;150;0;0;0;0;0;13.63255889;-11.68595333;-106.0170867;4.83;31.84
20.11.2024 17:45;61.13905556;-1.777601111;36.60981556;-1.246121111;32;0;0;0;0;0;14.71542889;-19.12004333;-122.3205344;4.37;44.3
20.11.2024 18:00;2.75239;-1.936966667;137.2461178;-0.321905556;32;0;0;0;0;0;12.22520333;-11.41573333;-170.5491056;4.96;26.73
20.11.2024 18:15;3.849952222;-1.923411111;116.8795456;-0.373047778;32;0;0;0;0;0;11.67775889;-11.42336556;-150.6874322;4.96;28.87
20.11.2024 18:30;0.233557778;-15.49058222;20.86290333;-7.004528889;152;0;0;0;0;0;12.80432667;-15.57238222;-147.8332944;3.87;24.4
20.11.2024 18:45;0.271941111;-21.56738;12.98420889;-12.88721556;152;0;0;0;0;0;11.61191333;-13.03901444;-129.3744533;3.05;24.01
20.11.2024 19:00;55.95649444;-1.580541111;67.03656111;-4.458534444;150;0;0;0;0;0;23.50884556;-13.12257222;-277.3402533;3.85;45.5
20.11.2024 19:15;42.41075;-1.15084;33.35302444;-1.924971111;150;0;0;0;0;0;12.60659111;-19.59744333;-215.6971111;4.78;40.34
20.11.2024 19:30;3.199326667;-7.476671111;2.424621111;-32.27975889;150;0;0;0;0;0;8.959412222;-13.16134222;-111.6655878;4.17;23.31
20.11.2024 19:45;2.999798889;-12.35364556;1.048444444;-72.20163222;150;0;0;0;0;0;17.13052333;-14.38313222;-72.24035667;2.07;23.85
20.11.2024 20:00;18.73384222;-0.2577;6.047437778;-26.92023222;225;0;0;0;0;0;16.79771111;-11.51205111;-227.8890078;5.3;36.46
20.11.2024 20:15;61.91716111;-1.373007778;9.084956667;-14.81715889;195;0;0;0;0;0;13.56742778;-18.71586333;-244.6635156;4.83;48.83
20.11.2024 20:30;20.88051667;-0.225964444;13.28656111;-10.73873444;128;0;0;0;0;0;13.58539222;-10.82301778;-153.9647533;4.34;26.45
20.11.2024 20:45;8.702114444;-8.810354444;9.913384444;-31.33865556;58;0;0;0;0;0;9.892037778;-13.92196556;-32.43656111;3.75;32.04
20.11.2024 21:00;2.315791111;-2.751991111;2.357675556;-43.38609;211;0;0;0;0;0;11.52910222;-10.07976667;-170.9847211;4.7;18.42
20.11.2024 21:15;9.642868889;-3.421217778;6.039072222;-64.47296333;167;0;0;0;0;0;9.800085556;-11.05903556;-113.52881;4.6;29.64
20.11.2024 21:30;1.293946667;-12.35501111;0.081377778;-68.74895444;99;0;0;0;0;0;9.427876667;-11.70628556;-16.99295;3.71;20.18
20.11.2024 21:45;0.104304444;-39.08826222;2.932936667;-8.289443333;0;0;0;0;0;0;8.100315556;-14.98212444;51.22227333;-2.98;19.09
20.11.2024 22:00;63.15252778;-5.533035556;25.99753333;-2.000534444;31;0;0;0;0;0;27.20942;-13.62633111;-126.19958;-38.67;50.67
20.11.2024 22:15;70.43782556;-0.058864444;42.45101778;-0.447053333;35;0;0;0;0;0;11.77082333;-15.02629889;-144.12745;4.68;54.22
20.11.2024 22:30;68.35463556;-0.133325556;18.71700556;-1.078568889;0;-30;0;0;0;0;16.38187333;-16.65144556;-55.59017444;4.09;52.18
20.11.2024 22:45;2.415083333;-3.90774;37.44404111;-7.450702222;0;-20;0;0;0;0;9.01582;-10.07161222;-7.44489;0.26;27.33
20.11.2024 23:00;17.11725;-0.814062222;3.800884444;-21.79686778;154;0;0;0;0;0;10.53388889;-9.983475556;-152.8576178;3.51;50.15
20.11.2024 23:15;1.290151111;-63.27025667;5.670071111;-15.45914111;85;0;0;0;0;0;5.825723333;-17.27320778;-1.78334;-14.12;22.39
20.11.2024 23:30;0.989988889;-16.7753;0.318537778;-52.09942;13;0;0;0;0;0;17.99314333;-7.137602222;43.71065222;-14.5;20.39
20.11.2024 23:45;0.812308889;-33.17789222;4.582368889;-35.30433778;0;-35;0;0;0;0;15.23272556;-14.87089667;97.72572333;-27.41;22.73
21.11.2024 00:00;4.272588889;-1.141894444;4.729911111;-45.57942889;150;0;0;0;0;0;7.843936667;-7.407774444;-112.7173389;3.85;23.03
21.11.2024 00:15;39.16245444;-0.197888889;6.014616667;-8.652346667;47;0;0;0;0;0;12.88768444;-12.78052333;-83.43399667;3.85;38.07
21.11.2024 00:30;5.426837778;-2.812497778;22.07155222;-4.961002222;0;-1;0;0;0;0;7.470978889;-9.570591111;-16.62527778;3.73;22.96
21.11.2024 00:45;0.445424444;-27.88751333;13.64935333;-16.71037222;0;-72;0;0;0;0;5.551766667;-13.64994778;110.6012889;-12.78;20.22
21.11.2024 01:00;12.25152444;-5.72103;104.6437856;-1.989724444;72;0;0;0;0;0;18.28395667;-8.838974444;-190.6295378;-11.74;24.96
21.11.2024 01:15;3.835853333;-1.823714444;79.19728;-0.146184444;33;0;0;0;0;0;6.161048889;-7.50867;-112.7156133;3.79;21.85
21.11.2024 01:30;17.41427333;-1.296246667;47.85553111;-0.403713333;11;0;0;0;0;0;10.50887667;-9.031607778;-76.04711333;3.8;25.52
21.11.2024 01:45;33.29441444;-0.624317778;47.96150667;-3.84361;0;-36;0;0;0;0;9.634297778;-9.792192222;-40.63009889;3.73;29.2
21.11.2024 02:00;56.13919;-0.132108889;14.91017333;-1.302443333;126;0;0;0;0;0;14.48918444;-12.34480111;-197.7591944;3.78;67.68
21.11.2024 02:15;20.30273556;-0.244274444;14.48935444;-0.729127778;76;0;0;0;0;0;8.940151111;-9.31993;-109.4389089;3.84;26.69
21.11.2024 02:30;46.80937111;0;19.73433333;-0.129937778;57;0;0;0;0;0;13.29013778;-12.40476667;-124.2991378;9.72;62.69
21.11.2024 02:45;36.31889889;-0.6509;17.48672778;-3.365876667;13;0;0;0;0;0;12.97363333;-14.19757889;-61.56490444;3.73;62.92
21.11.2024 03:00;3.653832222;-1.190714444;0.954783333;-23.86176778;139;0;0;0;0;0;7.150582222;-6.269791111;-119.4369244;3.75;23.49
21.11.2024 03:15;18.74810222;-0.127356667;4.879493333;-4.577101111;96;0;0;0;0;0;9.591772222;-9.542328889;-114.9725811;3.76;40.5
21.11.2024 03:30;24.64720333;-0.041637778;3.296975556;-5.767928889;72;0;0;0;0;0;11.21744889;-9.758294444;-95.59376667;3.76;48.7
21.11.2024 03:45;10.75846556;-1.585152222;1.530955556;-22.30359556;53;0;0;0;0;0;7.158461111;-7.622063333;-40.93707111;3.73;48.84
21.11.2024 04:00;46.22000778;-0.002305556;0;-2.102054444;0;0;0;0;0;0;11.22995333;-10.64368111;-44.70192;3.87;63.51
21.11.2024 04:15;27.70521778;-0.641002222;1.123608889;-9.187808889;13;0;0;0;0;0;9.611493333;-11.37694333;-30.23456556;3.8;49.81
21.11.2024 04:30;1.453566667;-1.625421111;1.499866667;-43.75544667;53;0;0;0;0;0;6.161307778;-5.957057778;-10.77681556;3.85;20.32
21.11.2024 04:45;6.702874444;-0.654554444;0.773368889;-23.05689444;53;0;0;0;0;0;8.971662222;-8.454847778;-37.28160889;3.72;29.14
21.11.2024 05:00;2.461593333;-3.849827778;1.747426667;-129.7951867;0;-13;0;0;0;0;10.28864;-11.14609;143.2934444;3.87;24.96
21.11.2024 05:15;0.975464444;-3.974462222;0;-81.65144;40;0;0;0;0;0;7.643798889;-8.657496667;45.66413556;3.96;20.43
21.11.2024 05:30;0.692817778;-15.87294889;8.884646667;-20.02381;90;0;0;0;0;0;9.541034444;-8.830053333;-64.39168667;2.59;21.36
21.11.2024 05:45;1.476096667;-5.725634444;53.41796222;-1.212855556;130;0;0;0;0;0;9.444431111;-10.24469;-177.15531;3.72;21.61
21.11.2024 06:00;1.484231111;-20.73484778;44.00198889;-0.677782222;0;-140;0;0;0;0;17.86726;-16.95691;115.01606;-5.82;28.57
21.11.2024 06:15;28.68719444;-0.657145556;40.39683111;-3.288582222;0;-59;0;0;0;0;14.41270667;-10.59677444;-9.95423;4.97;47.56
21.11.2024 06:30;90.85910889;0;10.10879111;-0.21267;52;0;0;0;0;0;17.96658556;-10.17577;-160.5460456;11.42;109.82
21.11.2024 06:45;118.9095067;0;28.39760556;-1.141493333;127;0;0;0;0;0;10.47388889;-20.89546778;-262.74404;11.42;90.93
21.11.2024 07:00;4.011506667;-28.08350556;5.775622222;-30.61544444;127;0;0;0;0;0;13.08512444;-14.15146778;-77.02183556;-1.36;27
21.11.2024 07:15;11.35659778;-0.657274444;43.94720333;-3.338587778;61;0;0;0;0;0;10.87429111;-12.06458667;-111.1176433;4.78;32.02
21.11.2024 07:30;1.230462222;-9.125555556;32.80725222;-6.468083333;135;0;0;0;0;0;13.30839556;-12.37117333;-154.3812978;6.53;24.49
21.11.2024 07:45;0.798471111;-11.55842;32.84735444;-4.930962222;198;0;0;0;0;0;12.18042333;-14.34001778;-212.9968489;5.92;22.7
21.11.2024 08:00;0;-78.74972444;3.017084444;-57.23480444;194;0;0;0;0;0;15.70585778;-28.75952778;-47.97888556;-10.52;21.09
21.11.2024 08:15;0;-110.5554167;0;-83.44373;194;0;0;0;0;0;17.95788444;-19.60503667;1.646298889;-12.89;21.09
21.11.2024 08:30;0;-68.65640111;0;-117.2281267;194;0;0;0;0;0;30.80623556;-17.02990222;-21.89180556;-6.47;21.09
21.11.2024 08:45;1.097814444;-76.96505333;0;-141.9244711;194;0;0;0;0;0;14.67044444;-23.34877111;32.47003667;-36.9;23.57
21.11.2024 09:00;5.641817778;-8.299148889;0;-156.1523189;65;0;0;0;0;0;21.50444333;-10.02656556;82.33177222;-24.05;25.17
21.11.2024 09:15;2.300624444;-7.895897778;0.036008889;-128.4516756;60;0;0;0;0;0;10.31439556;-16.00205889;79.69860333;1.08;22.92
21.11.2024 09:30;3.243521111;-4.951568889;0.94796;-84.82195889;10;0;0;0;0;0;16.32272667;-10.92934333;70.18866333;0.93;22.85
21.11.2024 09:45;2.628848889;-10.83481444;16.21222889;-15.96723222;0;-55;0;0;0;0;9.13248;-11.32597;65.15445889;2.79;23.32
21.11.2024 10:00;9.789203333;-3.726808889;56.63564889;-5.857604444;0;-3;0;0;0;0;11.46540556;-9.802262222;-55.50358222;3.87;27.2
21.11.2024 10:15;1.469988889;-6.862925556;13.53713111;-13.69638778;0;-34;0;0;0;0;7.927521111;-10.31196333;41.93663556;2.28;25.04
21.11.2024 10:30;26.27846444;-2.659906667;17.85334111;-13.31545667;0;-30;0;0;0;0;16.61944556;-8.44998;-6.325907778;3.08;30.12
21.11.2024 10:45;87.82878556;0;47.93836778;0;0;-36;0;0;0;0;12.50272111;-13.54870222;-98.72117222;9.66;49.85
21.11.2024 11:00;79.51689333;0;39.43670444;0;0;-55;0;0;0;0;11.25434778;-11.01104222;-64.19690333;9.58;61.67
21.11.2024 11:15;82.12442889;0;14.51802667;0;0;0;0;0;0;0;13.94609;-13.6868;-96.90174556;11.6;63.85
21.11.2024 11:30;67.39326222;0;63.17609;-0.072702222;110;0;0;0;0;0;16.54082889;-13.74510556;-243.2923733;11.6;78.16
21.11.2024 11:45;83.15878;0;58.48736556;-0.143226667;125;0;0;0;0;0;14.84156778;-14.70297333;-266.6415133;11.6;86.01
21.11.2024 12:00;85.40852222;0;1.637591111;-0.139973333;223;0;0;0;0;0;12.59334;-15.79398444;-306.7054956;11.5;82.04
21.11.2024 12:15;35.99784778;-0.567356667;10.89339667;-15.56722667;183;0;0;0;0;0;12.13351111;-14.09693222;-211.79324;3.73;55.78
21.11.2024 12:30;19.27028556;-0.080158889;2.399878889;-13.31216444;198;0;0;0;0;0;12.91857333;-13.10220889;-206.0942056;3.73;37.5
21.11.2024 12:45;24.73143556;-2.759065556;1.936784444;-32.04981111;247;0;0;0;0;0;16.58935556;-17.64020444;-237.8084944;3.73;77.74
21.11.2024 13:00;103.7551567;-0.049505556;0.280013333;-2.159013333;251;0;0;0;0;0;21.92683;-10.32308667;-364.4303944;6.99;125.25
21.11.2024 13:15;125.57481;0;20.41700667;0;246;0;0;0;0;0;9.130856667;-14.92026111;-386.2024122;11.91;114.82
21.11.2024 13:30;48.32314667;0;4.831835556;-1.922742222;350;0;0;0;0;0;11.56385444;-13.40088778;-399.3952067;11.91;49.07
21.11.2024 13:45;15.78613889;-0.875375556;11.03110444;-21.46591556;350;0;0;0;0;0;10.18957444;-13.08187667;-351.58365;7.37;40.88
21.11.2024 14:00;9.586317778;-1.164817778;10.45588667;-30.30545778;300;0;0;0;100;0;11.31180667;-11.21226889;-388.6714667;6.74;26.76
21.11.2024 14:15;13.16583;-0.514187778;5.020733333;-18.03954889;250;0;0;0;100;0;11.98892444;-10.63964889;-350.9821022;7.19;29.74
21.11.2024 14:30;83.58452444;0;9.706958889;-1.74804;204;0;0;0;100;0;22.39662333;-12.73192;-405.2081467;12.61;80.76
21.11.2024 14:45;120.6363944;0;5.794663333;-0.872395556;150;0;0;0;100;0;12.11453889;-19.25105222;-368.4221489;12.61;93.7
21.11.2024 15:00;11.26219889;-1.963428889;45.01652444;-3.62837;231;0;0;0;100;0;9.522304444;-12.92344111;-378.2857878;6.97;34.29
21.11.2024 15:15;1.690135556;-4.74866;17.71848333;-30.25618444;220;0;0;0;100;0;10.02359444;-10.45736;-303.9700089;7.09;25.44
21.11.2024 15:30;3.238915556;-1.465636667;1.583077778;-67.12050111;260;0;0;0;100;0;9.197062222;-9.790346667;-295.6425711;7.97;26.49
21.11.2024 15:45;34.62646111;-0.085042222;12.68670889;-3.659937778;177;0;0;0;100;0;13.47410222;-12.99808556;-321.0442067;8.04;53.43
21.11.2024 16:00;12.05091333;-9.60964;46.86128333;-3.877266667;115;0;0;0;150;0;14.72957111;-13.141;-312.0138611;4.17;41.03
21.11.2024 16:15;15.62879;-1.143655556;84.44383889;-3.987362222;50;0;0;0;150;0;11.64091444;-14.69996333;-291.8825622;7.55;39.69
21.11.2024 16:30;13.20027;-1.885441111;54.85835778;-1.744597778;90;0;0;0;150;0;11.69353444;-12.90907778;-303.2130456;7.28;39.91
21.11.2024 16:45;0.470781111;-31.63900444;14.6137;-10.62528556;100;0;0;0;150;0;9.877111111;-19.09238556;-213.6049167;0.52;28.83
21.11.2024 17:00;0;-69.88320667;1.057125556;-5.494727778;148;0;0;0;80;0;16.95639556;-11.65306222;-158.9825244;-1.89;32.44
21.11.2024 17:15;1.359303333;-7.364501111;54.82095667;-3.588272222;0;0;0;0;80;0;13.59511444;-10.93565;-127.8869511;5.41;31.86
21.11.2024 17:30;0.067001111;-27.38920333;4.171;-17.45023;40;0;0;0;80;0;13.12607889;-14.20979222;-78.31485444;3.89;31.8
21.11.2024 17:45;0.744224444;-8.208258889;21.26923778;-6.399208889;40;0;0;0;80;0;9.70569;-10.32176333;-126.7899211;5.8;31.8
21.11.2024 18:00;64.22472778;-1.216228889;47.49222222;-6.032505556;99;0;0;0;0;0;17.52495;-14.65413444;-206.3390311;5.82;59.47
21.11.2024 18:15;125.9225911;0;51.79116333;0;10;0;0;0;0;0;18.98461889;-18.34365889;-188.3547144;14.17;102.24
21.11.2024 18:30;62.06149111;0;43.45839889;-0.825737778;110;0;0;0;0;0;13.28692444;-15.21458444;-212.7664922;14.17;51.43
21.11.2024 18:45;10.74721556;-0.806608889;7.723511111;-21.40516667;215;0;0;0;0;0;10.85309889;-11.35716222;-210.7548878;7.27;31.59
21.11.2024 19:00;34.86843667;-0.033637778;45.61953889;-1.332471111;231;0;0;0;0;0;11.17217222;-11.77217444;-309.5218644;8.53;44.63
21.11.2024 19:15;45.07270444;-0.389538889;55.13676444;-0.862142222;188;0;0;0;0;0;15.77852222;-15.24413778;-287.4921722;7.8;54.4
21.11.2024 19:30;3.594284444;-14.84183778;8.418097778;-14.95271778;238;0;0;0;0;0;7.31093;-15.10580222;-212.4229544;3.56;28.01
21.11.2024 19:45;2.304964444;-27.12049556;8.770681111;-14.42595667;188;0;0;0;0;0;15.72347889;-12.08577778;-161.1668944;2.87;26.63
21.11.2024 20:00;61.74003444;-2.409388889;48.19682778;-2.104746667;130;0;0;0;37;0;22.54121;-19.84563889;-275.1182978;5.48;45.64
21.11.2024 20:15;27.84478778;-1.498876667;14.34152778;-8.252702222;130;0;0;0;37;0;15.51401889;-14.92836889;-200.0203867;7.73;36.74
21.11.2024 20:30;12.66466333;-1.805805556;28.84746889;-4.267313333;130;0;0;0;37;0;12.75741778;-11.70953778;-203.4868933;7.69;26.58
21.11.2024 20:45;3.695463333;-7.01795;12.97252333;-25.26572556;130;0;0;0;37;0;8.909511111;-12.39610111;-147.8977211;5.78;21.83
21.11.2024 21:00;58.36629222;-1.582572222;68.08435556;-1.41322;141;0;0;0;0;0;19.05656;-8.650983333;-274.8604322;5.45;41.1
21.11.2024 21:15;87.26519889;-0.356852222;36.78263667;0;141;0;0;0;0;0;11.57198667;-18.87481222;-257.3881578;7.42;44.61
21.11.2024 21:30;6.278615556;-16.52357667;7.600041111;-16.97444889;200;0;0;0;0;0;10.61850444;-12.71427667;-178.2848589;1.13;23.65
21.11.2024 21:45;1.638322222;-58.12921222;10.13084889;-4.852377778;200;0;0;0;0;0;8.107097778;-20.26937222;-136.6253067;-30.98;21.48
21.11.2024 22:00;20.89139222;-14.02587556;25.59023;-15.73153667;150;0;0;0;0;0;25.07050778;-10.30653;-181.4881878;-22.96;30.71
21.11.2024 22:15;1.133208889;-9.704585556;32.66330222;-3.553335556;150;0;0;0;0;0;9.77734;-10.45169222;-169.8642378;4.28;21.93
21.11.2024 22:30;28.93514333;-2.443708889;32.39335667;-3.546907778;150;0;0;0;0;0;10.90497778;-12.92584889;-203.3170122;3.09;28.85
21.11.2024 22:45;4.11621;-14.17357667;14.96645556;-29.53797889;150;0;0;0;0;0;10.10899556;-10.31734333;-125.1627622;2;21.93
21.11.2024 23:00;65.83456111;-1.339921111;30.03741333;-4.1704;150;0;0;0;0;0;21.00262556;-17.51705556;-243.8472233;2.14;42.51
21.11.2024 23:15;10.87646;-5.313587778;27.73605444;-4.330645556;150;0;0;0;0;0;9.532634444;-12.23717111;-176.2637444;4.55;28.67
21.11.2024 23:30;0.911725556;-28.37131444;9.006335556;-18.53603222;184;0;0;0;0;0;7.968501111;-13.97865;-141.0005656;-25.64;21.1
21.11.2024 23:45;0;-83.35150333;0;-50.42918;184;0;0;0;0;0;9.597146667;-11.96070111;-47.85576222;-40.42;21.1
22.11.2024 00:00;8.216275556;-18.35406778;10.23701;-22.91860556;200;0;0;0;0;0;18.66646444;-6.580701111;-189.2663756;-4.61;26.67
22.11.2024 00:15;5.51689;-10.88786222;11.17327222;-10.91218;200;0;0;0;0;0;9.676126667;-12.32426;-192.2419867;2.65;24.04
22.11.2024 00:30;0.721562222;-61.78292444;0.024768889;-32.68833667;200;0;0;0;0;0;6.276613333;-13.76467889;-98.78700444;-31.66;19.68
22.11.2024 00:45;0;-80.08040444;0;-68.79084;200;0;0;0;0;0;16.32681444;-7.445204444;-60.01036556;-23.36;16.11
22.11.2024 01:00;113.8290767;-0.090466667;73.08876667;-1.730413333;0;0;0;0;0;0;20.49804222;-10.54172444;-195.0532811;3.99;104.76
22.11.2024 01:15;116.5501589;0;75.10493556;0;0;0;0;0;0;0;11.42169667;-18.51157444;-184.5652167;9.81;83.02
22.11.2024 01:30;24.17356556;-0.695795556;80.93664111;-0.033222222;0;0;0;0;0;0;9.687256667;-9.619166667;-104.4492789;3.23;28.92
22.11.2024 01:45;2.345377778;-6.460893333;5.013347778;-43.15188889;108;0;0;0;0;0;7.559147778;-7.776188889;-65.52890222;3.57;21.6
22.11.2024 02:00;23.00470667;-0.061442222;7.490287778;-8.077788889;100;0;0;0;0;0;10.42293;-9.382401111;-123.3962922;3.95;31.67
22.11.2024 02:15;4.486074444;-1.092923333;0.935306667;-45.60031222;100;0;0;0;0;0;6.724712222;-7.249378889;-58.20347889;4.02;22.31
22.11.2024 02:30;1.192335556;-1.60887;0.013973333;-75.82111444;100;0;0;0;0;0;5.847898889;-5.873207778;-23.75101556;4.03;20.22
22.11.2024 02:45;1.556242222;-0.85338;0;-73.26545778;0;0;0;0;0;0;4.758835556;-4.756918889;72.56067889;3.74;19.83
22.11.2024 03:00;64.74880333;-0.012206667;0;-2.095266667;0;0;0;0;0;0;14.02208778;-6.040847778;-70.62257;4.09;73.84
22.11.2024 03:15;31.61594;-0.273294444;0;-2.298177778;0;0;0;0;0;0;7.08905;-14.25834889;-21.87516889;4.07;45.59
22.11.2024 03:30;27.69613;-0.337041111;0;-5.896282222;0;0;0;0;0;0;9.647057778;-9.063125556;-22.04673889;4.03;39.03
22.11.2024 03:45;6.40664;-0.366203333;1.901204444;-12.23687333;0;0;0;0;0;0;6.838898889;-7.706952222;5.163285556;3.74;23.76
22.11.2024 04:00;5.368641111;-0.964886667;1.411364444;-27.08065889;0;0;0;0;0;0;7.431361111;-4.226373333;18.06055222;4.06;39.32
22.11.2024 04:15;25.67056333;-0.002441111;6.078588889;-5.646158889;0;0;0;0;0;0;10.35318778;-12.12160667;-24.33213333;4.11;37.77
22.11.2024 04:30;26.28242889;-0.256074444;7.643838889;-4.120265556;0;0;0;0;0;0;9.34893;-10.59327111;-28.30558667;4.09;44.46
22.11.2024 04:45;13.73860889;-1.805005556;48.85688444;-0.810124444;0;0;0;0;0;0;10.02956556;-10.87919556;-59.13073333;3.74;47.05
22.11.2024 05:00;3.292088889;-20.57358889;0.015746667;-83.95837778;0;0;0;0;0;0;16.11788333;-14.95902444;100.0652722;-15.68;27.34
22.11.2024 05:15;1.616604444;-1.597482222;1.278693333;-47.45249889;0;0;0;0;0;0;7.79975;-8.519697778;46.87463111;4.11;20.95
22.11.2024 05:30;39.50371778;-0.13197;20.92178889;-3.221312222;0;0;0;0;0;0;13.25438;-5.989863333;-64.33674111;4.15;53.59
22.11.2024 05:45;98.15483;-0.029024444;47.52555;-2.377387778;0;0;0;0;0;0;12.05729;-19.02237778;-136.30888;3.71;86.58
22.11.2024 06:00;3.772924444;-24.90328444;0;-142.0329833;0;0;0;0;0;0;17.51926889;-18.61162778;164.2557022;-11.57;22.96
22.11.2024 06:15;1.931287778;-12.01495111;0.211543333;-68.57973889;0;0;0;0;0;0;11.55490111;-10.30272444;77.19968222;3.66;21.82
22.11.2024 06:30;18.93988889;-1.179474444;3.735385556;-39.50116;0;0;0;0;0;0;14.77244;-10.06512222;13.29804222;4.77;31.78
22.11.2024 06:45;82.03368222;-0.013562222;22.17087;-4.846995556;0;0;0;0;0;0;14.07849556;-17.84104778;-95.58144222;5.4;50.04
22.11.2024 07:00;0.273433333;-62.97241444;0;-105.2464233;0;0;0;0;0;0;14.06438111;-20.41855778;174.2995811;-11.38;22.29
22.11.2024 07:15;4.051504444;-33.25926333;5.275448889;-63.99580222;0;0;0;0;0;0;18.93418444;-12.81846667;81.81239444;-15.45;24.4
22.11.2024 07:30;13.22643556;-0.433884444;3.336076667;-28.95670667;0;0;0;0;0;0;10.60492889;-9.546151111;11.76930111;5.27;27.39
22.11.2024 07:45;43.93392444;-0.353188889;8.756386667;-5.472813333;0;0;0;0;0;0;13.96105111;-15.35293;-45.47243;4.82;30.43
22.11.2024 08:00;6.67006;-16.37260667;2.079132222;-40.27885778;0;0;0;0;0;0;15.12476111;-11.29993333;44.07744444;2.63;26.12
22.11.2024 08:15;47.76122889;-0.091008889;7.10127;-3.441842222;0;0;0;0;0;0;12.66712111;-14.42519;-49.57157889;7.97;53.2
22.11.2024 08:30;32.53348889;-0.09318;5.901143333;-5.930994444;0;0;0;0;0;0;15.31059444;-12.63862556;-35.08242667;8.32;44.31
22.11.2024 08:45;87.52739;0;11.70423222;0;0;0;0;0;0;0;13.65371444;-11.95745222;-100.9278844;12.57;46.15
22.11.2024 09:00;126.3772156;0;9.459735556;0;0;0;0;0;0;0;17.68828556;-13.30674;-140.2184967;12.41;89.58
22.11.2024 09:15;109.76128;0;29.34764111;0;0;0;0;0;0;0;11.38374;-18.77114444;-131.7215167;12.41;87.98
22.11.2024 09:30;24.06791778;-2.249621111;150.2792256;0;0;0;0;0;0;0;12.45443;-14.30743667;-170.2445156;7.48;55.13
22.11.2024 09:45;8.595228889;-1.498606667;82.94349222;-0.248466667;141;0;0;0;0;0;14.14632889;-12.18209444;-232.7558822;7.15;32.01
22.11.2024 10:00;29.77309;-0.134545556;46.82479778;-4.206832222;92;0;0;0;0;0;14.01392;-13.92335;-164.34708;8.49;49.01
22.11.2024 10:15;69.28589889;-0.126411111;65.72193444;0;88;0;0;0;0;0;12.97852444;-15.08461556;-220.7753311;8.01;61.82
22.11.2024 10:30;74.97437667;-0.002033333;70.03445889;0;90;0;0;0;0;0;16.07774444;-14.38094222;-236.7036044;8.55;67.09
22.11.2024 10:45;16.22204444;-1.528995556;167.0642767;0;83;0;0;0;0;0;12.26592778;-13.73674111;-263.2865122;7.16;47.4
22.11.2024 11:00;102.5099;-0.22488;96.31499444;0;83;0;0;0;0;0;19.72194222;-15.91527556;-285.4066811;6.88;76.69
22.11.2024 11:15;118.2660611;0;136.7464656;0;83;0;0;0;0;0;17.75794333;-11.06284222;-344.7076278;11.29;71.25
22.11.2024 11:30;188.3256044;0;115.30321;0;83;0;0;0;0;0;17.39530667;-7.167168889;-396.8569522;11.29;97.19
22.11.2024 11:45;161.8793356;0;155.9178711;0;83;0;0;0;0;0;6.228321111;-24.72899556;-382.2965322;11.29;103.42
22.11.2024 12:00;113.8644722;0;190.2206411;0;300;0;0;0;0;0;20.27262444;-18.75383;-605.6039078;10.86;80.58
22.11.2024 12:15;46.69096333;-2.300888889;87.03236667;-1.63452;300;0;0;0;0;0;8.95044;-15.32420556;-423.4141556;0.58;56.67
22.11.2024 12:30;0.151774444;-19.55050667;0;-90.08070556;500;0;0;0;0;0;10.24005667;-8.28507;-392.4755489;-1.5;26.45
22.11.2024 12:45;0.954311111;-19.74825111;0;-82.92026889;500;0;0;0;0;0;12.48538111;-11.11871333;-399.6524589;-3.43;26.44
22.11.2024 13:00;52.47870667;-0.295136667;2.840257778;-20.44819778;400;0;0;0;0;0;17.91720778;-9.267825556;-443.2250122;0.24;53.41
22.11.2024 13:15;86.50742222;0;4.008564444;-0.4107;300;0;0;0;0;0;9.040506667;-17.25123889;-381.8945544;11.07;64.37
22.11.2024 13:30;55.95404778;-0.023191111;5.047022222;-1.074221111;350;0;0;0;0;0;13.34907;-13.74161111;-409.5111167;3.62;54.53
22.11.2024 13:45;35.12166444;-0.001627778;53.90583333;-0.613063333;350;0;0;0;0;0;13.15049778;-12.87759667;-438.6857078;3.62;41.48
22.11.2024 14:00;1.116944444;-26.07434444;9.815522222;-16.21778111;255;0;0;0;100;0;13.14753333;-14.59499333;-322.1928811;-11.29;25.67
22.11.2024 14:15;12.34877111;-2.00275;3.461924444;-15.59696111;255;0;0;0;100;0;11.87606556;-12.19887667;-352.8881733;6.18;36.02
22.11.2024 14:30;4.993756667;-1.273461111;0.325768889;-43.82519222;255;0;0;0;100;0;9.2052;-9.414324444;-315.0117478;6.93;30.06
22.11.2024 14:45;1.203071111;-11.14841667;0.019062222;-81.68786111;255;0;0;0;100;0;10.10606111;-14.28494667;-259.20697;-0.58;28.11
22.11.2024 15:00;0.985645556;-15.48948889;2.413267778;-47.40405444;167;0;0;0;150;0;14.44848556;-10.34994222;-261.6039133;-10.3;27.14
22.11.2024 15:15;1.993398889;-9.847131111;31.95822111;-8.182595556;67;0;0;0;150;0;8.969983333;-13.48278111;-228.4090956;-7.1;26.66
22.11.2024 15:30;13.21533222;-14.03483556;19.59527889;-9.566392222;50;0;0;0;150;0;13.11059333;-8.089198889;-214.2307778;-10.99;37.5
22.11.2024 15:45;9.699416667;-0.623231111;10.14002444;-18.21179444;61;0;0;0;150;0;12.11457111;-11.18488889;-212.9340978;2.54;33.46
22.11.2024 16:00;17.26659222;-0.310732222;17.29360667;-7.536481111;69;0;0;0;77;0;12.56077444;-13.20638556;-172.0673744;7.04;33.76
22.11.2024 16:15;10.58498889;-1.267354444;43.49163556;-5.033447778;41;0;0;0;77;0;9.754237778;-11.89725444;-163.6328056;4.81;31.16
22.11.2024 16:30;14.15052889;-3.99983;3.734303333;-16.97472111;69;0;0;0;77;0;13.17111;-14.30012;-141.7812711;1.57;37.29
22.11.2024 16:45;15.54619333;-0.733775556;13.50963222;-9.385533333;69;0;0;0;77;0;13.60866;-10.89140111;-167.6537756;5.11;35.78
22.11.2024 17:00;1.956906667;-6.149492222;35.76751778;-0.670587778;78;0;0;0;45;0;9.795745556;-10.32173667;-153.3783533;3.44;26.01
22.11.2024 17:15;2.123067778;-4.236383333;73.19498667;-2.273866667;79;0;0;0;45;0;9.019375556;-10.83363778;-190.9935422;5.51;26.56
22.11.2024 17:30;0.995548889;-12.64784111;9.328968889;-13.58345333;128;0;0;0;45;0;12.1791;-10.63613778;-158.6361856;2;26.75
22.11.2024 17:45;15.30284778;-1.145562222;13.55435444;-12.61449556;128;0;0;0;45;0;12.37739333;-13.96920444;-186.5053333;4.06;35.83
22.11.2024 18:00;0.941835556;-10.89924889;11.83432;-12.65142889;90;0;0;0;43;0;11.21066111;-10.56341667;-122.8727222;2.36;26.26
22.11.2024 18:15;1.166451111;-15.76739778;33.14620889;-3.081155556;60;0;0;0;43;0;11.17893556;-15.07595778;-114.5670844;-1.51;25.19
22.11.2024 18:30;0;-50.05344222;1.175951111;-11.55174444;94;0;0;0;43;0;13.99303;-13.58130333;-76.98249111;-10.22;20.47
22.11.2024 18:45;0.082056667;-44.72289889;3.686853333;-7.203656667;92;0;0;0;43;0;14.19894222;-13.14449889;-87.89679778;-10.02;25.19
22.11.2024 19:00;18.86350333;-1.425645556;92.93408111;-0.71796;40;0;0;0;0;0;13.64606556;-9.735772222;-153.5642722;2.88;36.64
22.11.2024 19:15;19.62510444;-3.820527778;80.17051333;-2.745155556;45;0;0;0;0;0;9.380133333;-12.44006;-135.1700078;2.85;41.82
22.11.2024 19:30;0.957714444;-15.23192778;10.83385778;-12.92297556;120;0;0;0;0;0;11.09807889;-14.32316778;-100.41158;-1.03;24.53
22.11.2024 19:45;0.283068889;-64.85771778;8.365444444;-0.953712222;105;0;0;0;0;0;12.10073444;-20.73107;-39.20674778;-27.98;24.9
22.11.2024 20:00;37.02935333;-22.20038333;9.345537778;-3.392797778;120;0;0;0;0;0;27.67631333;-10.71477333;-157.74325;-34.83;50.09
22.11.2024 20:15;60.27709556;0;16.17340111;-0.017266667;0;0;0;0;0;0;13.81232889;-14.61340778;-75.63215111;11.67;57
22.11.2024 20:30;26.63967222;-2.817925556;5.105377778;-1.221156667;0;0;0;0;0;0;10.19498778;-16.03295778;-21.86799778;-4.95;43.1
22.11.2024 20:45;1.648763333;-21.19765;3.098443333;-16.38459;0;0;0;0;0;0;10.88353222;-10.00489333;31.95639444;-3.1;30.27
22.11.2024 21:00;81.82875;-1.36814;0.013128889;-6.612466667;0;0;0;0;0;0;24.31940778;-13.41064444;-84.77003556;1.16;63.71
22.11.2024 21:15;99.59297;-0.438638889;0.026;-2.159588889;0;0;0;0;0;0;14.07282333;-21.98023;-89.11333556;6.21;71.23
22.11.2024 21:30;21.90687778;-6.486931111;9.880455556;-4.172427778;0;0;0;0;0;0;12.04483333;-15.73924556;-17.43356222;-3.43;45.91
22.11.2024 21:45;0.351425556;-49.43589889;3.199308889;-32.05371333;62;0;0;0;0;0;10.33609333;-16.03678667;21.63957111;-24.39;24.7
22.11.2024 22:00;11.54717667;-5.828983333;3.101901111;-23.37718444;129;0;0;0;0;0;18.34773444;-9.256708889;-123.5339356;-31.17;36.24
22.11.2024 22:15;10.18390889;-2.174074444;0.527128889;-15.21351444;93;0;0;0;0;0;10.09276;-11.51045333;-84.90575556;0.3;32.74
22.11.2024 22:30;23.46436;-2.365443333;35.73933889;-2.135672222;56;0;0;0;0;0;16.91352889;-12.03587889;-115.5802333;0.18;42.32
22.11.2024 22:45;60.16398444;-8.315964444;0.647875556;-6.685626667;0;0;0;0;0;0;13.74703556;-18.53081111;-41.02649333;-7.95;58.55
22.11.2024 23:00;13.26700333;-1.817496667;6.073791111;-10.26173444;170;0;0;0;0;0;13.19360222;-7.69043;-182.7647356;-9.26;33.42
22.11.2024 23:15;19.84143667;-6.285276667;22.48761222;-7.220164444;97;0;0;0;0;0;9.280585556;-13.93880222;-121.1653911;-6.29;44.35
22.11.2024 23:30;5.11081;-13.31515889;2.492614444;-20.78092111;51;0;0;0;0;0;11.05225778;-11.45156778;-24.10803444;-10.51;29.72
22.11.2024 23:45;4.378945556;-4.993203333;16.53598222;-18.55752889;0;0;0;0;0;0;10.31360222;-7.086843333;-0.590954444;-6.28;26.31
23.11.2024 00:00;72.41780556;-0.016818889;9.649854444;-3.697835556;171;0;0;0;0;0;20.61741111;-13.98223556;-255.9881811;-0.8;60.41
23.11.2024 00:15;56.19086444;-3.39992;15.86971778;-3.868795556;111;0;0;0;0;0;9.046811111;-15.72105111;-169.1176267;1.8;68.84
23.11.2024 00:30;6.006262222;-2.016997778;94.52273444;-1.474453333;40;0;0;0;0;0;9.472112222;-8.329541111;-138.1801167;2.19;28.76
23.11.2024 00:45;1.598841111;-5.927737778;62.90910778;-9.654583333;0;-9;0;0;0;0;7.04456;-8.293196667;-38.67699111;1.06;22.3
23.11.2024 01:00;13.72734111;-1.094965556;4.761644444;-8.399458889;161;0;0;0;0;0;8.098417778;-6.890476667;-171.2025022;2.48;35.67
23.11.2024 01:15;0.029157778;-25.20061;0.002888889;-57.88431333;130;0;0;0;0;0;4.028047778;-10.46556889;-40.50960222;-14.78;19.43
23.11.2024 01:30;1.713596667;-22.30672333;0.168466667;-38.03024889;116;0;0;0;0;0;12.89466556;-7.488328889;-62.95142778;-4.67;26.34
23.11.2024 01:45;6.286894444;-18.84127667;3.542533333;-9.187393333;44;0;0;0;0;0;10.81056889;-11.47380111;-25.13752556;-4.56;36.86
23.11.2024 02:00;16.36135778;-1.99449;1.542804444;-32.52789667;96;0;0;0;50;0;10.60845667;-8.058824444;-131.9314078;3.46;46.29
23.11.2024 02:15;2.294498889;-5.212258889;0.477608889;-30.37388889;59;0;0;0;50;0;9.227733333;-8.906522222;-76.50717111;1.48;24.05
23.11.2024 02:30;0.62703;-2.3733;2.780758889;-12.51067889;2;0;0;0;50;0;4.638397778;-5.302707778;-39.8595;3.93;19.01
23.11.2024 02:45;4.238278889;-9.909652222;1.979924444;-12.16006667;0;-38;0;0;50;0;6.309942222;-10.98417;8.525743333;-3.06;31.17
23.11.2024 03:00;8.061652222;-14.95212;3.089321111;-22.93857222;136;0;0;0;0;0;12.61090889;-11.29447778;-110.5767122;-3.59;35.43
23.11.2024 03:15;1.795506667;-8.516963333;5.213262222;-11.32462222;70;0;0;0;0;0;9.089667778;-5.967062222;-60.28978889;-0.81;20.13
23.11.2024 03:30;0.647233333;-4.583467778;4.827368889;-5.783384444;25;0;0;0;0;0;7.31012;-7.211916667;-20.20595333;3.29;19.43
23.11.2024 03:45;0.128713333;-14.21319;6.242483333;-5.684637778;0;0;0;0;0;0;6.730403333;-10.68364556;17.47987333;-2.06;20.87
23.11.2024 04:00;0.81692;-23.90922111;3.140863333;-14.38001889;31;0;0;0;19;0;9.644082222;-6.957147778;-18.35547778;-1.7;24.24
23.11.2024 04:15;3.577344444;-11.64862778;5.946128889;-5.957298889;21;0;0;0;19;0;10.20424111;-10.89169444;-31.23009333;-0.82;27.24
23.11.2024 04:30;3.923878889;-2.354731111;19.51970222;-4.668813333;14;0;0;0;19;0;10.14053111;-8.043585556;-51.51698222;1.24;23.36
23.11.2024 04:45;2.333703333;-1.230183333;58.07621444;-1.460728889;6;0;0;0;19;0;6.684028889;-7.3907;-82.01233444;1.56;21.77
23.11.2024 05:00;19.03401444;-2.072481111;58.25676111;-5.754195556;18;0;0;0;0;0;10.9044;-9.243726667;-89.12477222;0.2;32.03
23.11.2024 05:15;9.63908;-1.574556667;41.16047556;-2.513725556;32;0;0;0;0;0;9.981543333;-10.25094778;-78.44186889;1.48;28.81
23.11.2024 05:30;101.88733;0;12.28006111;-0.006408889;65;0;0;0;0;0;20.29843;-13.88077;-185.5786422;10.57;62.97
23.11.2024 05:45;57.35786111;-0.213353333;82.75527889;-0.00524;100;0;0;0;0;0;13.66045556;-20.79862556;-232.7563767;-2;48.24
23.11.2024 06:00;23.91643;-5.795348889;37.40621667;-1.785568889;56;0;0;0;0;0;15.4077;-10.35157111;-114.7978578;-1.13;49.63
23.11.2024 06:15;31.42672;-0.068356667;26.80450667;-1.107078889;114;0;0;0;0;0;9.57982;-13.53514444;-167.1004667;8.55;45.42
23.11.2024 06:30;14.14509222;-1.311173333;10.69665444;-13.40919556;161;0;0;0;0;0;11.42525;-11.56763222;-170.9789956;7.43;42.92
23.11.2024 06:45;8.581813333;-1.900501111;5.284973333;-23.87666778;215;0;0;0;0;0;11.34685667;-11.06145889;-203.3750156;6.83;34.86
23.11.2024 07:00;1.959481111;-5.072544444;0;-102.2821467;215;0;0;0;0;0;11.00829444;-11.40704222;-109.2060422;5.24;28.59
23.11.2024 07:15;1.565888889;-10.67423111;0;-81.56679;215;0;0;0;0;0;10.36458889;-9.949843333;-124.7396133;-0.89;28.44
23.11.2024 07:30;13.55318333;-0.090194444;11.95671333;-14.9428;100;0;0;0;0;0;10.35838222;-9.938673333;-110.8966111;8.55;36.18
23.11.2024 07:45;43.49039444;-0.023598889;26.64348778;-1.273871111;100;0;0;0;0;0;11.89072889;-13.06311111;-167.66403;8.55;46.96
23.11.2024 08:00;17.44425222;-0.081784444;10.98435111;-3.247608889;100;0;0;0;0;0;11.63901222;-8.570957778;-128.1672644;8.43;36.98
23.11.2024 08:15;53.97595222;0;25.99755556;-0.168186667;100;0;0;0;0;0;10.23029667;-12.48319222;-177.5524256;11.71;53.54
23.11.2024 08:30;39.83194667;0;43.52979667;0;100;0;0;0;0;0;9.011772222;-7.498364444;-184.8751511;11.71;47.59
23.11.2024 08:45;20.60911778;-1.410315556;81.82905889;0;100;0;0;0;0;0;10.28942667;-12.13919667;-199.1780911;6.11;50.18
23.11.2024 09:00;175.2819844;0;2.861674444;0;116;0;0;0;0;0;24.13192889;-10.57207444;-307.7035133;11.63;136.74
23.11.2024 09:15;115.9741222;0;39.19245333;0;112;0;0;0;0;0;8.79882;-21.02212333;-254.9432722;11.63;101
23.11.2024 09:30;47.92235333;0;85.05800222;0;106;0;0;0;0;0;13.83356444;-9.637588889;-243.1763311;11.63;52.72
23.11.2024 09:45;36.57388222;-0.972086667;69.8376;-0.13964;200;0;0;0;0;0;7.908491111;-13.78742444;-299.4208222;3.74;54.44
23.11.2024 10:00;54.43154556;-0.906973333;72.22194222;-0.02604;186;0;0;0;0;0;16.81560444;-16.90944222;-311.6266367;-2.97;55.77
23.11.2024 10:15;28.83150556;-0.927865556;82.14196778;-0.016613333;192;0;0;0;0;0;15.36102333;-11.19872778;-306.19129;-1.82;39.73
23.11.2024 10:30;97.38444444;0;49.96023111;0;209;0;0;0;0;0;15.13047111;-11.85140556;-359.6237411;11.35;62.76
23.11.2024 10:45;78.01569111;-0.004204444;21.36177778;-0.758737778;209;0;0;0;0;0;15.32120778;-19.21308444;-303.72265;11.35;71.54
23.11.2024 11:00;190.1565256;0;0;0;183;0;0;0;0;0;26.12327889;-11.27387444;-388.00593;10.66;119.18
23.11.2024 11:15;198.4304489;0;0;0;183;0;0;0;0;0;13.43535;-14.32941444;-380.5363844;10.66;118.53
23.11.2024 11:30;211.2805211;0;0.140413333;0;183;0;0;0;0;0;16.51802889;-13.08050111;-397.8584622;10.66;125.37
23.11.2024 11:45;237.1331111;0;0;0;183;0;0;0;0;0;14.03674111;-24.82587333;-409.3439789;10.66;155.54
23.11.2024 12:00;208.4965022;0;0.426511111;0;301;0;0;0;0;0;26.44692556;-23.69084333;-512.6790956;10.32;113.01
23.11.2024 12:15;128.0973256;0;42.63908444;0;304;0;0;0;0;0;18.37698111;-19.95876889;-473.1546222;10.32;82.07
23.11.2024 12:30;173.2556022;0;0.05308;0;300;0;0;0;0;0;14.37907222;-14.42079444;-473.26696;10.32;86.65
23.11.2024 12:45;93.56784222;0;6.674142222;-0.29328;299;0;0;0;0;0;18.20885444;-20.42725222;-396.7303067;10.32;68.5
23.11.2024 13:00;161.2289789;0;4.436151111;0;277;0;0;0;0;0;20.69309;-10.66759889;-452.6906211;10.35;87.66
23.11.2024 13:15;127.4243222;0;0.496288889;0;277;0;0;0;0;0;12.56373333;-17.04372333;-400.4406211;10.35;74.88
23.11.2024 13:30;121.5987167;0;0;-0.013524444;277;0;0;0;0;0;12.13622;-22.77069556;-387.9507167;10.35;71.37
23.11.2024 13:45;70.51174444;-0.157201111;3.327373333;-2.253782222;277;0;0;0;0;0;17.53987667;-20.15655333;-345.8114578;-2.9;61.11
23.11.2024 14:00;0.637744444;-30.60696667;16.39757667;-5.90928;300;0;0;0;0;0;18.50857667;-21.24347556;-277.7841756;-25.34;29.74
23.11.2024 14:15;2.819005556;-9.84565;0.70684;-13.67842667;300;0;0;0;0;0;11.81534778;-9.543454444;-282.2736622;-12.87;30.89
23.11.2024 14:30;2.334103333;-2.883023333;0;-40.89231444;300;0;0;0;0;0;11.25572111;-11.86414111;-257.9503456;-3.7;30.96
23.11.2024 14:45;3.822536667;-1.728781111;0;-70.34913;300;0;0;0;0;0;10.57045556;-10.31547444;-231.9996067;-2.63;32.59
23.11.2024 15:00;0.23072;-30.57209889;1.056453333;-17.40750444;218;0;0;0;0;0;13.82106333;-16.55599;-168.5726433;-19.1;27.23
23.11.2024 15:15;1.183547778;-14.32250222;0.03748;-62.18760556;218;0;0;0;0;0;11.78708556;-9.092094444;-145.4059111;-15.25;28.98
23.11.2024 15:30;2.152904444;-1.855057778;0;-93.53844;213;0;0;0;0;0;10.86369333;-10.02064222;-120.6024578;0.41;29.99
23.11.2024 15:45;2.375464444;-4.946287778;0;-100.62554;208;0;0;0;0;0;9.731736667;-12.77913889;-101.7562344;-8.04;31.36
23.11.2024 16:00;3.257921111;-8.606628889;0.179875556;-71.00295333;72;0;0;0;0;0;15.75463889;-11.67773778;0.094884444;-14.69;29.82
23.11.2024 16:15;2.584347778;-2.075326667;0.252222222;-64.21875;104;0;0;0;0;0;9.991567778;-9.835086667;-40.69897444;5.05;29.56
23.11.2024 16:30;3.138412222;-1.474464444;0.149764444;-58.29343;111;0;0;0;0;0;9.855982222;-10.75057778;-53.62568667;5.53;31.61
23.11.2024 16:45;2.293287778;-8.180481111;1.486935556;-28.24955333;158;0;0;0;0;0;11.68266889;-12.49815778;-124.5347;0.64;35.62
23.11.2024 17:00;4.774577778;-4.254407778;56.15566889;-4.075662222;26;0;0;0;0;0;10.85856778;-9.483781111;-79.97496333;0.81;32
23.11.2024 17:15;33.59183444;-0.028888889;53.24331444;0;57;0;0;0;0;0;12.14899889;-12.43025889;-143.525;6.43;47.51
23.11.2024 17:30;4.671893333;-2.146137778;45.36991889;-0.706488889;106;0;0;0;0;0;11.05091222;-11.44099667;-152.7991011;4.86;32.93
23.11.2024 17:45;5.379088889;-21.71589222;40.32699778;-6.394106667;122;0;0;0;0;0;17.16879;-21.49685556;-135.2680222;-18.98;35.96
23.11.2024 18:00;0.795625556;-24.20965222;18.55619889;-1.534672222;114;0;0;0;0;0;13.92166667;-12.05810889;-109.4710578;-9.47;31.35
23.11.2024 18:15;0.104162222;-25.95825333;11.38355778;-16.37165333;131;0;0;0;0;0;10.06403556;-14.00440667;-96.21744222;-6.16;26.25
23.11.2024 18:30;0.040147778;-29.90113444;3.286217778;-13.24925222;76;0;0;0;0;0;13.18414;-13.35015444;-36.00996444;-6.87;25.61
23.11.2024 18:45;3.794891111;-23.07942556;12.21820333;-3.495658889;45;0;0;0;0;0;12.29141222;-14.17971667;-32.54970556;-12.19;30.88
23.11.2024 19:00;1.495628889;-20.31114333;7.360375556;-9.818224444;154;0;0;0;0;0;19.965;-13.49961778;-139.1920189;-8.15;32.82
23.11.2024 19:15;11.10107778;-23.08837889;11.82947111;-1.075822222;56;0;0;0;0;0;11.63522;-14.42220667;-51.97936111;-11.48;39.53
23.11.2024 19:30;3.373892222;-7.687025556;43.07056556;-0.46163;1;0;0;0;0;0;11.23998444;-14.00823556;-36.52755111;-5.37;29.22
23.11.2024 19:45;0.293917778;-28.31731778;11.67106667;-0.98585;0;-3;0;0;0;0;13.20446889;-13.55635;20.69006444;-14.11;28.52
23.11.2024 20:00;13.20665111;-4.498431111;0.818352222;-18.16648778;139;0;0;0;0;0;16.38940444;-10.37544222;-136.3740467;-9.11;42.68
23.11.2024 20:15;1.407471111;-36.40271444;11.26046667;-13.84982778;84;0;0;0;0;0;13.06885667;-16.50772;-42.97653222;-22.82;31.18
23.11.2024 20:30;0.139974444;-27.35758222;4.104422222;-4.850372222;26;0;0;0;0;0;11.67911889;-10.09221778;0.376656667;-16.21;22.94
23.11.2024 20:45;2.747391111;-22.25558889;9.290593333;-28.82516;0;-18;0;0;0;0;9.462886667;-12.84424;60.42411778;-19.48;26.81
23.11.2024 21:00;0.232067778;-23.25914667;0;-108.08949;86;0;0;0;0;0;13.25599556;-8.517764444;40.37833778;-12.93;25.89
23.11.2024 21:15;9.167348889;-9.523925556;5.377911111;-8.690497778;0;0;0;0;0;0;7.314744444;-12.13784222;8.492261111;-16.16;33.23
23.11.2024 21:30;1.382772222;-19.36495444;0.474673333;-17.38658222;0;0;0;0;0;0;11.73775333;-13.73346;36.88979778;-14.34;33.22
23.11.2024 21:45;0;-80.93534778;1.028666667;-11.65125111;0;0;0;0;0;0;13.44782222;-19.65060667;97.76071667;-96.18;14.63
23.11.2024 22:00;20.08137333;-9.071173333;3.272811111;-14.92370222;0;0;0;0;0;0;22.63833778;-10.0472;-11.95044667;-36.58;54.6
23.11.2024 22:15;42.36176889;-0.022243333;0;-4.010071111;0;0;0;0;0;0;13.47686222;-12.96872667;-38.83759;4.83;49.47
23.11.2024 22:30;45.73608444;-0.472816667;21.42609333;-0.74656;0;-23;0;0;0;0;15.20345;-15.57455111;-42.5717;0.05;54.57
23.11.2024 22:45;0.321582222;-22.41361444;7.363395556;-5.308523333;0;0;0;0;0;0;9.348938889;-9.144966667;19.83318778;-14.64;24.17
23.11.2024 23:00;64.40727667;-0.123291111;6.350364444;-0.063764444;40;0;0;0;0;0;16.29907889;-12.36735556;-114.5023089;-1.26;50.48
23.11.2024 23:15;62.27565333;-1.493867778;7.773897778;-0.003546667;0;0;0;0;0;0;15.34615333;-18.53814778;-65.36014222;-0.4;54.36
23.11.2024 23:30;3.81401;-1.925441111;1.34188;-45.48199778;50;0;0;0;0;0;10.96872667;-9.750678889;-8.966498889;1.89;29.21
23.11.2024 23:45;6.958394444;-2.526572222;0;-38.39450667;40;0;0;0;0;0;9.047287778;-10.09843444;-4.986168889;-1.74;31.84
24.11.2024 00:00;147.02677;-0.500222222;21.13151111;-5.797186667;0;0;0;0;0;0;26.42822889;-18.83217222;-169.4569289;-5.03;84.87
24.11.2024 00:15;79.55094111;-0.705294444;0;-6.855471111;0;0;0;0;0;0;17.53007889;-14.03455778;-75.48569667;0.93;67.89
24.11.2024 00:30;103.7867522;0;9.521595556;0;0;0;0;0;0;0;14.81769444;-19.06308222;-109.06296;10.34;65.28
24.11.2024 00:45;15.49737111;-10.34098778;19.96944222;-15.54235111;0;0;0;0;0;0;8.658585556;-15.44351333;-2.798546667;-8.54;36.16
24.11.2024 01:00;74.76874778;-0.469971111;1.479396667;-2.2537;80;0;0;0;0;0;15.82140444;-9.837207778;-159.50867;-3.81;57.05
24.11.2024 01:15;56.20728222;-3.796118889;0;-4.944804444;60;0;0;0;0;0;8.409002222;-14.17456667;-101.7007944;-7.88;51.74
24.11.2024 01:30;0.067406667;-17.36952222;0;-50.33637889;78;0;0;0;0;0;7.62694;-7.679298889;-10.30914667;-6.24;21.48
24.11.2024 01:45;0.316831111;-16.84379778;0.02964;-36.32106556;14;0;0;0;0;0;10.35426222;-6.691863333;35.15599333;-9.03;21.62
24.11.2024 02:00;10.27086222;-1.86481;0.029335556;-20.99295222;97;0;0;0;0;0;11.53347222;-11.35581556;-84.62009222;1.69;34.73
24.11.2024 02:15;0.401065556;-11.11516111;0;-42.80499111;97;0;0;0;0;0;6.194681111;-8.29483;-41.38076444;-3.62;22.03
24.11.2024 02:30;2.399471111;-3.232277778;0;-23.26033333;20;0;0;0;0;0;6.655255556;-6.146357778;3.584242222;2.29;23.3
24.11.2024 02:45;14.11283;-1.319165556;0;-17.27198667;0;-30;0;0;0;0;10.28208889;-9.590405556;33.78663889;0.6;31.19
24.11.2024 03:00;2.025682222;-5.749102222;0;-38.92993222;97;0;0;0;0;0;5.741377778;-5.402621111;-54.68540444;-0.87;25.45
24.11.2024 03:15;0.419647778;-17.89347222;4.44E-06;-32.08627333;40;0;0;0;0;0;5.904124444;-6.513125556;10.16909444;-7.3;21.98
24.11.2024 03:30;3.626972222;-1.976445556;1.933391111;-9.747706667;0;0;0;0;0;0;6.844657778;-5.604933333;4.924064444;0.42;22.54
24.11.2024 03:45;13.24869333;-0.635168889;0;-5.917531111;0;-62;0;0;0;0;6.931695556;-7.470125556;55.84243667;-2.23;27.51
24.11.2024 04:00;0.816233333;-2.916384444;0;-77.33884667;0;0;0;0;0;0;5.924802222;-4.81093;78.32512556;1.62;24.12
24.11.2024 04:15;1.523976667;-1.623523333;0.104662222;-36.81768;0;0;0;0;0;0;5.413385556;-5.752473333;37.15165222;3.12;21.55
24.11.2024 04:30;1.046386667;-2.696797778;0.023746667;-38.42167556;0;-10;0;0;0;0;6.531293333;-6.744238889;50.26128556;1.64;21.59
24.11.2024 04:45;1.03392;-3.316762222;0;-42.42153778;0;-10;0;0;0;0;7.07276;-5.068615556;52.70023556;0.83;21.72
24.11.2024 05:00;41.00816778;-0.141196667;0;-5.61983;0;-82;0;0;0;0;12.76314333;-7.01796;41.00767556;-0.39;40.63
24.11.2024 05:15;18.24517778;-0.876465556;20.27750778;-5.957324444;0;-65;0;0;0;0;6.461293333;-12.66681889;39.51663;0.66;37.5
24.11.2024 05:30;66.30197;-0.082871111;0;-0.093666667;0;-58;0;0;0;0;13.31678667;-10.31574778;-11.12647111;3.03;47.57
24.11.2024 05:45;25.77272111;-1.099174444;0.494973333;-3.510288889;0;0;0;0;0;0;12.55234556;-12.18181889;-22.02875778;1.74;36.41
24.11.2024 06:00;17.23335111;-6.320802222;4.899684444;-10.94252667;0;-80;0;0;0;0;12.02938222;-12.56916222;75.67007333;-7.44;32.22
24.11.2024 06:15;43.19063889;-3.243675556;1.513888889;-4.400848889;0;-69;0;0;0;0;11.03053444;-14.10861444;35.01807667;-5.41;48.31
24.11.2024 06:30;7.257893333;-4.517685556;4.779391111;-9.575363333;0;0;0;0;0;0;11.39674667;-9.653595556;0.312613333;-2.86;30.35
24.11.2024 06:45;0.480007778;-25.89220778;2.67732;-16.12718556;45;0;0;0;0;0;10.61739;-12.92561;-3.829714444;-9.6;25.34
24.11.2024 07:00;0.818814444;-39.23422222;1.916026667;-11.72865889;0;-43;0;0;0;0;12.15437667;-11.76622222;90.83988556;-30.66;25.58
24.11.2024 07:15;0.056825556;-24.38978556;2.345586667;-35.43297889;7;0;0;0;0;0;7.521133333;-12.54855778;55.44777667;-13.68;25.33
24.11.2024 07:30;0;-41.8765;0;-46.81421;25;0;0;0;0;0;14.46644111;-12.80027778;62.02454667;-16.58;15.26
24.11.2024 07:45;0;-49.23623222;0.560506667;-13.07014111;23;0;0;0;0;0;11.19731667;-10.05645111;37.60500111;-17.22;15.26
24.11.2024 08:00;1.120463333;-23.99780778;12.25803;-5.839863333;0;-46;0;0;0;0;11.74101667;-10.15975;60.87791111;-17.79;26.05
24.11.2024 08:15;0.852996667;-11.73026556;11.29363556;-5.717573333;0;-18;0;0;0;0;10.61523111;-8.662941111;21.34891667;-8.18;25.97
24.11.2024 08:30;38.70169889;-0.072968889;24.67527667;-0.257342222;0;-33;0;0;0;0;13.88077;-13.94639;-29.98104444;0.26;43.11
24.11.2024 08:45;32.77438778;-0.662976667;2.548413333;-8.126655556;0;0;0;0;0;0;15.45357556;-13.96974222;-28.01700222;-0.46;40.27
24.11.2024 09:00;90.65673667;0;12.03763111;-0.123697778;0;-10;0;0;0;0;13.13122222;-10.59843222;-95.10346;9.63;55.9
24.11.2024 09:15;96.94770778;0;6.885687778;0;70;0;0;0;0;0;12.57894111;-12.46558;-173.9467567;10.77;54.39
24.11.2024 09:30;86.37139;0;7.091203333;-0.079208889;105;0;0;0;0;0;15.81945778;-13.29237;-200.9104722;10.77;53.46
24.11.2024 09:45;119.6087133;0;0;0;82;0;0;0;0;0;16.08123444;-17.26477778;-200.42517;10.77;63.17
24.11.2024 10:00;167.6026622;0;0;0;55;0;0;0;50;0;19.48999667;-16.05548444;-276.0371744;10.44;82.38
24.11.2024 10:15;34.50764222;-1.842973333;0.099844444;-32.25446;277;0;0;0;50;0;9.36794;-19.14084778;-317.7371456;-4.96;53.99
24.11.2024 10:30;4.079317778;-1.449778889;1.362615556;-38.80484111;237;0;0;0;50;0;10.21729333;-10.83037;-251.5742367;-3.78;28.33
24.11.2024 10:45;5.144706667;-2.962371111;0.541004444;-59.04425556;237;0;0;0;50;0;12.09827667;-11.03056222;-231.7467989;-3.92;29.15
24.11.2024 11:00;17.25626222;-0.850286667;0;-13.34512889;57;0;0;0;250;0;11.3105;-10.74518222;-310.6261644;-3.82;34.88
24.11.2024 11:15;5.946596667;-9.627554444;1.289075556;-21.84805889;120;0;0;0;250;0;10.85339556;-12.16038222;-344.4530722;-12.11;32.6
24.11.2024 11:30;9.374974444;-1.993133333;11.20533667;-22.1692;70;0;0;0;250;0;11.93846;-10.96950222;-317.3869356;-7.95;30.21
24.11.2024 11:45;18.88862556;-0.334202222;19.24435556;-5.121003333;100;0;0;0;250;0;13.06668111;-12.18944556;-383.5550111;-2.97;33.56
24.11.2024 12:00;31.44992556;-0.856802222;73.42677333;-0.230035556;150;0;0;0;200;0;17.51085667;-12.91258111;-458.3881367;-5.02;41.46
24.11.2024 12:15;115.9957067;0;7.097617778;0;100;0;0;0;200;0;17.32748556;-16.71960111;-423.7012089;10.35;63.43
24.11.2024 12:30;105.2160567;0;0;0;100;0;0;0;200;0;17.44218667;-14.74852556;-407.9097178;10.35;59.74
24.11.2024 12:45;36.93955444;-6.44301;0.500142222;-12.11188889;150;0;0;0;200;0;10.09085111;-18.23864444;-360.7370044;-14.7;52.81
24.11.2024 13:00;30.62744222;0;0.840657778;-4.861543333;140;0;0;0;200;0;10.93314444;-10.55959556;-366.9801056;10.26;36.46
24.11.2024 13:15;12.32082889;-0.64548;5.343956667;-17.89170222;140;0;0;0;200;0;10.61498333;-10.27913667;-339.46345;-3.01;31.18
24.11.2024 13:30;27.52969889;-0.061712222;10.4682;-4.582253333;80;0;0;0;200;0;10.73569333;-11.47729556;-312.6123311;-2.84;35.79
24.11.2024 13:45;2.123195556;-5.230558889;3.40462;-30.04353111;80;0;0;0;200;0;7.91803;-13.67163556;-244.50012;-12.17;30.19
24.11.2024 14:00;1.118563333;-11.45655333;0.280244444;-94.11155556;80;0;0;0;200;0;14.94166778;-11.19061;-179.5817567;-19.67;28.4
24.11.2024 14:15;1.206985556;-2.546648889;0;-88.84214556;80;0;0;0;200;0;9.697045556;-9.21575;-190.2994867;-3.21;28.24
24.11.2024 14:30;1.375465556;-3.628048889;0;-94.29362778;80;0;0;0;200;0;8.796107778;-10.26882111;-181.9810756;-5.24;29.32
24.11.2024 14:45;1.431867778;-3.351085556;0.025755556;-102.8709567;80;0;0;0;200;0;10.50101556;-9.715413333;-176.0211833;-2.62;28.01
24.11.2024 15:00;2.722574444;-18.69371333;0;-234.5541744;100;0;0;0;200;0;13.41280778;-13.23077556;-49.65671889;-27.57;28.61
24.11.2024 15:15;2.353648889;-2.654747778;0;-145.5570478;0;0;0;0;200;0;11.47105556;-12.12863778;-53.48427111;-2.04;27.48
24.11.2024 15:30;1.885984444;-2.327056667;0.791657778;-63.28892;0;0;0;0;200;0;8.682955556;-9.237724444;-136.5068967;-2.88;29.3
24.11.2024 15:45;14.57681778;-0.901954444;20.21457556;-12.91999778;0;0;0;0;200;0;14.23692889;-11.45945;-223.74692;-5.51;35.71
24.11.2024 16:00;14.46017889;-12.90907111;42.63706333;-1.099253333;0;0;0;0;0;0;17.78022667;-17.21216444;-43.65698;-26.24;37.27
24.11.2024 16:15;9.428167778;-7.51721;19.47898;-5.337893333;100;0;0;0;0;0;14.14607111;-17.19914889;-112.9989667;-11.74;34.21
24.11.2024 16:30;22.44616556;-8.629272222;19.87792333;-1.244515556;100;0;0;0;0;0;16.43635;-9.979944444;-138.9067067;-10.6;44.67
24.11.2024 16:45;66.51150333;-0.063068889;79.63878667;-0.27684;100;0;0;0;0;0;12.49324;-18.52023556;-239.7833856;6.43;58.66
24.11.2024 17:00;5.714236667;-8.892684444;18.17132;-6.633062222;92;0;0;0;0;0;12.92668444;-11.58012;-101.7063744;-4.07;33.39
24.11.2024 17:15;30.87755778;-1.187336667;48.99391556;-5.219435556;92;0;0;0;0;0;10.81326667;-14.46260222;-161.8153656;-0.63;45.88
24.11.2024 17:30;19.81497889;-1.211345556;16.93057889;-6.08633;112;0;0;0;0;0;14.25891778;-6.602903333;-149.1038967;-0.05;41.49
24.11.2024 17:45;71.58229444;0;49.35697222;-0.043888889;92;0;0;0;0;0;15.52868222;-18.47628667;-209.9477733;11.52;58.11
24.11.2024 18:00;5.595436667;-4.093417778;56.09796556;-1.364871111;100;0;0;0;0;0;10.47119;-14.62346222;-152.0828411;3.06;38.91
24.11.2024 18:15;3.526741111;-2.624095556;28.29058333;-16.52478444;100;0;0;0;0;0;10.61008222;-10.96406778;-112.3144589;4.72;22
24.11.2024 18:30;1.347106667;-5.638973333;15.75980556;-16.71842111;100;0;0;0;0;0;12.99831889;-12.80002111;-94.94781556;3.41;21.51
24.11.2024 18:45;3.678108889;-10.91945556;3.774768889;-38.74510333;100;0;0;0;0;0;10.18745111;-13.04660333;-54.92916667;-12.9;22.49
24.11.2024 19:00;24.77282222;-2.592367778;15.23136333;-9.688937778;125;0;0;0;0;0;13.79067889;-9.809313333;-156.7042456;-1.62;37.62
24.11.2024 19:15;2.28867;-9.041491111;1.223646667;-36.19658667;125;0;0;0;0;0;9.228768889;-11.78762778;-80.71538;0.12;28.39
24.11.2024 19:30;0.024276667;-29.26948667;0.351386667;-54.60317667;125;0;0;0;0;0;9.897768889;-14.62374333;-36.77702556;-10.52;24.21
24.11.2024 19:45;0.092364444;-73.56649444;0;-64.67079444;125;0;0;0;0;0;16.04708778;-18.21368778;15.31152444;-46.23;26.93
24.11.2024 20:00;33.17029778;-5.436194444;1.680854444;-19.90295222;100;0;0;0;0;0;20.51755444;-9.793292222;-120.2362678;-25.8;41.59
24.11.2024 20:15;40.10186889;0;6.063803333;-4.544535556;0;0;0;0;0;0;17.09203;-14.45097;-44.26219667;11.37;38.39
24.11.2024 20:30;34.30121889;-0.056966667;4.666707778;-1.272593333;0;0;0;0;0;0;12.1449;-16.53561667;-33.24765;3.05;35.18
24.11.2024 20:45;7.868927778;-33.68082111;6.501373333;-10.38211778;0;0;0;0;0;0;9.703766667;-15.69441556;35.68328667;-32.9;29.67
24.11.2024 21:00;38.45012333;-3.603377778;38.13400111;-1.362241111;0;0;0;0;0;0;19.43169;-8.182484444;-82.86771111;-25.44;38.29
24.11.2024 21:15;46.57497778;-0.586344444;3.390933333;-5.036013333;0;0;0;0;0;0;16.09022889;-19.41211;-41.02167222;3.01;51.76
24.11.2024 21:30;1.507427778;-18.19431111;0.159635556;-39.84716444;60;0;0;0;0;0;7.39774;-11.41141667;0.388088889;-19.41;19.31
24.11.2024 21:45;4.093291111;-25.41043444;12.89233444;-3.959401111;0;-40;0;0;0;0;10.74219222;-16.78494111;58.42695889;-35.95;21.75
24.11.2024 22:00;3.800854444;-5.537505556;0;-38.5495;47;0;0;0;37;0;16.86309222;-9.210056667;-51.36688444;-23.92;20.89
24.11.2024 22:15;11.43337222;-25.14078;0;-18.01011444;5;0;0;0;37;0;10.27723667;-13.49041556;-7.069298889;-27.29;36.41
24.11.2024 22:30;2.841515556;-7.802591111;16.49422111;-1.814813333;0;-20;0;0;37;0;11.23939556;-8.511014444;-29.44671333;-7.76;20.21
24.11.2024 22:45;5.138486667;-13.67676778;6.126991111;-24.84648667;0;-50;0;0;37;0;12.43705;-11.98651889;39.80724556;-21.52;23.22
24.11.2024 23:00;0.667317778;-27.69409778;0.677857778;-57.75891;75;0;0;0;37;0;8.33274;-10.29349222;-25.93141556;-22.56;18.65
24.11.2024 23:15;0;-49.50291556;0;-40.0936;0;0;0;0;37;0;6.574445556;-12.14571556;58.16778556;-29.62;15.44
24.11.2024 23:30;0.075681111;-19.94426;2.031313333;-24.72048111;0;-50;0;0;37;0;15.02440889;-7.628592222;48.16193;-19.55;17.4
24.11.2024 23:45;0.811222222;-26.37572778;3.907782222;-35.59391333;0;-80;0;0;37;0;6.662898889;-12.50218;106.0899178;-26.6;18.29
25.11.2024 00:00;6.552596667;-4.619937778;1.102897778;-31.53821222;70;0;0;0;0;0;14.21523889;-7.489645556;-48.22293778;-31.57;24.62
25.11.2024 00:15;14.18905;-1.226802222;0.508324444;-23.49066444;0;0;0;0;0;0;8.221037778;-8.420145556;10.2192;2.81;26.59
25.11.2024 00:30;3.462162222;-1.405841111;4.331875556;-21.66680333;0;-52;0;0;0;0;8.210447778;-8.062312222;67.13047111;1.19;22.2
25.11.2024 00:45;18.02937444;-2.373857778;10.53062222;-3.79024;0;-110;0;0;0;0;12.27834111;-12.53092556;87.85668556;-10.57;26.5
25.11.2024 01:00;25.70813;-0.213622222;3.077908889;-2.996076667;20;0;0;0;0;0;11.14091111;-9.438801111;-47.27845;-2.27;29.75
25.11.2024 01:15;24.97068889;-3.420956667;0;-8.443611111;0;-10;0;0;0;0;7.444082222;-10.12422111;-0.425982222;-10.87;26.68
25.11.2024 01:30;19.44526222;-1.363802222;1.307704444;-4.971415556;0;-38;0;0;0;0;8.490091111;-7.163624444;22.25578444;0;25.67
25.11.2024 01:45;5.581465556;-2.101903333;12.97555333;-2.379844444;0;-94;0;0;0;0;6.54733;-5.152236667;78.52963556;0.47;24.06
25.11.2024 02:00;32.92423222;-0.063747778;1.252792222;-3.049208889;48;0;0;0;0;0;13.86772667;-12.11673444;-80.81506;4.67;27.21
25.11.2024 02:15;26.80272889;-1.86647;0.686485556;-16.11677778;0;0;0;0;0;0;8.907368889;-9.881732222;-8.531603333;-2.62;28.14
25.11.2024 02:30;5.139693333;-0.83821;0.735586667;-21.27905333;0;-10;0;0;0;0;7.401287778;-6.487613333;25.32830889;4.09;23.19
25.11.2024 02:45;1.394826667;-1.116524444;0.304084444;-36.96786778;0;-54;0;0;0;0;5.608707778;-5.553918889;90.33069222;2.84;21.21
25.11.2024 03:00;21.30249222;-0.139702222;0;-8.140195556;35;0;0;0;0;0;9.178837778;-7.283007778;-49.91842444;4.28;25.72
25.11.2024 03:15;21.16495556;0;0.188582222;-5.226056667;8;0;0;0;0;0;9.82532;-9.149322222;-24.80347889;10.26;25.07
25.11.2024 03:30;41.18760333;0;1.488673333;-1.347666667;0;-30;0;0;0;0;10.83194;-5.124784444;-17.03576556;9.29;27.98
25.11.2024 03:45;40.16901667;-0.066594444;36.88006667;0;0;-59;0;0;0;0;11.63170556;-12.08088111;-17.53331333;3.35;28.21
25.11.2024 04:00;28.09177333;-0.637068889;3.457573333;-3.630063333;0;0;0;0;0;0;6.46565;-11.12711556;-22.62074889;-5.86;26.22
25.11.2024 04:15;29.13830889;-0.367976667;1.452466667;-3.956328889;0;0;0;0;0;0;9.574634444;-5.79669;-30.04441444;-0.59;26.24
25.11.2024 04:30;56.76023889;0;2.855011111;-0.487195556;0;0;0;0;0;0;9.771024444;-7.511404444;-61.38767444;10.28;41.86
25.11.2024 04:45;24.147;-2.48142;6.764511111;-10.27975444;55;0;0;0;0;0;7.562665556;-13.82808778;-66.88491444;-13.68;34.82
25.11.2024 05:00;4.82299;-11.60643778;8.655907778;-25.62065667;0;-78;0;0;0;0;13.49013;-12.04101556;100.2990822;-28.27;25.85
25.11.2024 05:15;5.975061111;-6.264783333;10.65809333;-3.513255556;0;0;0;0;0;0;10.62829;-10.69988111;-6.783524444;-8.92;27.59
25.11.2024 05:30;20.07024556;-0.301514444;5.282328889;-7.931771111;100;0;0;0;0;0;13.59696778;-9.931111111;-120.7851456;0.09;31.53
25.11.2024 05:45;48.95605111;-0.413546667;14.92961778;-6.965834444;161;0;0;0;0;0;11.07747778;-14.51523111;-214.0685344;-10.19;45.35
25.11.2024 06:00;14.88918111;-3.02069;4.982257778;-37.23325667;0;-108;0;0;0;0;15.20397556;-9.751807778;122.93034;-4.82;35.74
25.11.2024 06:15;18.96701444;-0.310868889;4.230718889;-11.29569778;0;-25;0;0;0;0;11.29206889;-13.13665556;15.25342;6.24;33.31
25.11.2024 06:30;146.8376989;0;11.80880889;-0.219182222;41;0;0;0;0;0;26.05417556;-13.50506889;-211.9764322;11.73;81
25.11.2024 06:45;160.12735;-0.004882222;28.26806333;-0.825742222;90;0;0;0;0;0;12.88196222;-26.71899111;-263.72776;6.43;83.08
25.11.2024 07:00;1.449921111;-71.07178556;0.112751111;-123.3068444;200;0;0;0;0;0;20.63096444;-21.64173333;-6.173273333;-67.35;24.39
25.11.2024 07:15;4.651547778;-2.673063333;0.801963333;-84.28226111;200;0;0;0;0;0;11.40842;-12.03235444;-117.8742522;5.27;25.74
25.11.2024 07:30;99.67706667;-0.595297778;42.14408778;-2.039964444;0;0;0;0;0;0;20.91333778;-12.01007667;-148.0891533;4.48;67.16
25.11.2024 07:45;85.31643333;-1.494536667;112.8621033;-0.072053333;0;0;0;0;0;0;15.48938556;-22.74250111;-189.3588311;4.24;69.05
25.11.2024 08:00;6.304246667;-3.058526667;10.46997333;-24.80535556;102;0;0;0;0;0;11.58528889;-13.73453111;-88.76109556;3.91;32.94
25.11.2024 08:15;0;-64.36156333;0;-93.70558667;285;0;0;0;0;0;9.456085556;-18.4039;-117.9850356;-45.01;18.57
25.11.2024 08:30;0;-44.79451111;1.124128889;-39.25401556;150;0;0;0;0;0;15.53438111;-11.35363444;-71.25634889;-25.44;18.02
25.11.2024 08:45;0;-98.44239;0.288888889;-19.32665222;150;0;0;0;0;0;11.86168556;-19.66632889;-24.71520333;-63.2;18.02
25.11.2024 09:00;0;-74.62009222;0.042315556;-36.94901333;200;0;0;0;0;0;19.80144222;-16.11274889;-92.16190333;-40.82;18.99
25.11.2024 09:15;0;-65.19166;0;-68.95371556;200;0;0;0;0;0;18.14293;-12.52036444;-71.47719;-5.78;19.02
25.11.2024 09:30;1.532917778;-9.740387778;28.00578333;-9.741982222;0;0;0;0;0;0;14.27459111;-8.43478;-15.89614222;-3.15;24.36
25.11.2024 09:45;6.239965556;-11.15381556;40.37215444;-5.645244444;0;-92;0;0;0;0;10.17985;-15.63503667;67.64212667;-8.84;31.51
25.11.2024 10:00;1.689175556;-34.27774111;4.080871111;-19.114;68;0;0;0;0;0;14.21491;-15.36487222;-19.22834333;-31.12;25.77
25.11.2024 10:15;0.399027778;-31.08060778;6.011451111;-4.259775556;0;0;0;0;0;0;14.72762111;-14.38229889;28.58458222;-11.81;25.08
25.11.2024 10:30;1.140403333;-50.94321333;8.235102222;-30.92472778;0;0;0;0;0;0;17.49322222;-10.26207;65.26128333;-31.15;25.3
25.11.2024 10:45;29.49461444;-1.293398889;53.03206222;-1.323955556;0;-200;0;0;0;0;13.20639556;-14.43820111;121.3224833;3.37;29.45
25.11.2024 11:00;19.15188333;-1.307776667;13.31600444;-22.05215333;0;-102;0;0;0;0;16.54676889;-10.88353111;87.22880444;3.81;27.43
25.11.2024 11:15;91.34140778;0;5.358034444;-0.215928889;0;-122;0;0;0;0;18.91551;-15.43541;22.03638667;9.45;34.08
25.11.2024 11:30;91.923;0;28.52173444;0;0;-30;0;0;0;0;20.94834444;-16.43418556;-94.95889333;9.98;51.17
25.11.2024 11:45;117.1585989;0;18.40889333;-0.961688889;0;-82;0;0;0;0;12.39851778;-24.90071333;-40.10360778;9.71;58.21
25.11.2024 12:00;58.82120889;-1.926544444;6.078053333;-4.295164444;150;0;0;0;0;0;19.64430556;-23.05038222;-205.2714767;3.84;53.58
25.11.2024 12:15;16.55788889;-6.14989;3.11062;-46.83346111;150;0;0;0;0;0;15.70798889;-14.57355889;-117.8195878;3.83;48.9
25.11.2024 12:30;2.535524444;-2.915973333;0;-133.93881;92;0;0;0;0;0;12.44115333;-11.23369222;41.11179778;3.92;26.03
25.11.2024 12:45;29.00715667;-2.152633333;5.692106667;-12.58369111;0;-112;0;0;0;0;15.63639778;-16.61236111;93.01302444;3.88;53.25
25.11.2024 13:00;22.98420111;-0.219044444;65.19581556;-0.753017778;0;-112;0;0;0;0;12.85806556;-11.96748889;23.90146889;3.99;40.53
25.11.2024 13:15;3.847375556;-3.566876667;60.49643;-1.172413333;0;-112;0;0;0;0;9.208187778;-10.70963667;53.89693333;3.92;26.34
25.11.2024 13:30;5.225957778;-2.573513333;12.44717889;-7.815404444;0;0;0;0;0;0;10.22625444;-10.91417333;-6.5963;3.89;26.91
25.11.2024 13:45;8.711875556;-11.12697778;24.66877778;-11.09986556;0;0;0;0;0;0;10.32391111;-14.24723222;-7.230488889;-5.31;36.82
25.11.2024 14:00;0.736898889;-22.20649333;2.905176667;-33.37480111;0;0;0;0;0;0;12.24337889;-9.401003333;49.09684333;0.95;27.36
25.11.2024 14:15;0.276956667;-7.537557778;5.426111111;-19.76611889;58;0;0;0;0;0;10.88565111;-10.19340667;-37.09163556;3.89;25.79
25.11.2024 14:30;3.134895556;-5.667722222;5.293824444;-17.52108778;0;0;0;0;0;0;10.74329;-10.40689778;14.42369778;3.83;29.91
25.11.2024 14:45;3.957658889;-3.908151111;12.90383111;-10.75031778;0;0;0;0;0;0;10.67977667;-12.50434889;-0.378448889;2.64;25.67
25.11.2024 15:00;0;-48.48278556;0.737462222;-17.70443889;0;0;0;0;0;0;13.52214889;-12.39012889;64.31774222;-5.44;15.57
25.11.2024 15:15;0.890291111;-8.865286667;13.39390444;-8.56347;0;0;0;0;0;0;12.66711667;-11.08672333;1.564167778;4.36;24.49
25.11.2024 15:30;11.37517667;-4.053828889;24.41129111;-2.392662222;0;0;0;0;0;0;11.04164889;-10.77554889;-29.60607667;4.43;32.65
25.11.2024 15:45;6.60114;-4.495163333;22.65443667;-14.17228;0;0;0;0;0;0;12.89659;-14.68043556;-8.804287778;4.48;26.03
25.11.2024 16:00;0.043263333;-22.99885556;3.272238889;-27.33223556;0;0;0;0;0;0;11.76378222;-13.42803;48.67983667;3.45;24.96
25.11.2024 16:15;3.14927;-2.865255556;7.805172222;-26.23145222;0;0;0;0;0;0;13.19174444;-12.20784444;17.15836556;4.56;26.17
25.11.2024 16:30;2.918431111;-12.26453;7.538262222;-23.34954667;0;0;0;0;0;0;13.10061444;-10.86261778;22.91938667;4.16;30.09
25.11.2024 16:45;12.49387889;-5.525035556;22.87530111;-33.58000667;0;0;0;0;0;0;12.26348889;-14.52771556;6.000088889;4.33;27.57
25.11.2024 17:00;0.01953;-19.62497889;1.568588889;-36.14038667;0;0;0;0;0;0;10.47823111;-12.83009444;56.52911;4.06;23.03
25.11.2024 17:15;0;-69.74541111;1.790866667;-15.03538556;0;0;0;0;0;0;14.58063;-19.07256222;87.48186222;0.36;15.99
25.11.2024 17:30;0;-88.24462111;0;-25.31286111;0;0;0;0;0;0;16.58882222;-11.94658444;108.9152444;-4.32;15.99
25.11.2024 17:45;3.369797778;-2.951797778;0.45852;-74.12285778;0;0;0;0;0;0;13.80454111;-12.55697556;71.99877222;5.1;25.17
25.11.2024 18:00;0;-80.38764111;0.111764444;-29.36995444;0;0;0;0;0;0;11.81913333;-21.93604889;119.7627467;-6.54;16.2
25.11.2024 18:15;0;-68.29954556;1.794284444;-6.575247778;0;-58;0;0;0;0;16.60537778;-13.12607333;127.6012044;-3.18;16.2
25.11.2024 18:30;0;-103.4287989;0.047746667;-8.541747778;0;-58;0;0;0;0;18.64283111;-23.98033333;175.2603022;-12.63;16.2
25.11.2024 18:45;0;-82.03261111;0.003253333;-38.22273;0;-98;0;0;0;0;18.61760222;-12.97795333;212.6124389;-7.53;16.2
25.11.2024 19:00;2.142064444;-18.93961333;6.629767778;-18.40810333;0;-58;0;0;0;0;14.19219222;-12.03015667;84.41384889;0.47;24.41
25.11.2024 19:15;1.97414;-16.08587889;21.18611444;-1.483373333;0;-158;0;0;0;0;10.81919667;-12.60473556;154.1945367;1.23;23.33
25.11.2024 19:30;0;-49.30662667;1.217115556;-15.11726778;0;-158;0;0;0;0;15.23113556;-16.34306222;222.3187056;-7.17;15.76
25.11.2024 19:45;0;-90.72591556;0.074871111;-13.42764333;0;-158;0;0;0;0;16.16101;-15.88051667;261.7981944;-23.28;15.76
25.11.2024 20:00;25.95729556;-1.320394444;12.63487444;-7.011748889;0;-150;0;0;0;0;17.12919111;-11.83077444;114.4415567;-0.76;24.6
25.11.2024 20:15;14.10020444;-9.191076667;18.53484778;-6.271311111;0;-150;0;0;0;0;8.311092222;-12.89955222;137.4157956;-2.08;24.25
25.11.2024 20:30;0.035397778;-23.07957222;2.644364444;-33.94976111;0;-150;0;0;0;0;9.562155556;-11.05251;205.8399256;-7.44;20.02
25.11.2024 20:45;0;-109.9865633;0.022591111;-74.94379667;0;-54;0;0;0;0;7.007653333;-17.76742;249.6675356;-50.8;15.51
25.11.2024 21:00;31.11736444;-13.68882889;20.93854;-12.83350444;0;-118;0;0;0;0;26.96913889;-11.06336556;76.56065556;-48.28;31.98
25.11.2024 21:15;29.15675667;-18.38514333;16.88783556;-4.599424444;0;-118;0;0;0;0;9.848634444;-20.04231;105.1336511;-36.03;35.69
25.11.2024 21:30;0;-113.3601978;0;-7.686928889;0;-33;0;0;0;0;9.316681111;-11.60506222;156.3355078;-59.4;15.15
25.11.2024 21:45;0;-186.6978522;0;-5.329386667;0;-33;0;0;0;0;7.868706667;-20.44053556;237.5990678;-116.61;15.15
25.11.2024 22:00;0.568024444;-50.17564778;3.897533333;-24.80692;0;-100;0;0;0;0;27.54988444;-6.357694444;149.32482;-71.92;21.56
25.11.2024 22:15;9.106167778;-4.167874444;51.35005667;-3.714373333;0;-150;0;0;0;0;11.55164444;-10.84740111;96.72178;0.76;24.19
25.11.2024 22:30;6.789405556;-11.62204333;14.35905556;-6.554794444;0;-100;0;0;0;0;9.569228889;-12.31581778;99.77496556;-16.1;23.67
25.11.2024 22:45;1.198312222;-29.91686;10.89204889;-9.102414444;0;-154;0;0;0;0;8.375653333;-16.71768556;189.2709456;-47.77;21.87
25.11.2024 23:00;6.836754444;-13.91669111;1.857833333;-35.23570222;0;0;0;0;0;0;22.03071222;-8.950193333;27.37728667;-49.81;23.29
25.11.2024 23:15;22.76311667;-6.084265556;5.324285556;-6.048693333;0;-81;0;0;0;0;11.49144444;-15.593;69.14711222;-5.07;30.68
25.11.2024 23:30;1.737325556;-16.07977222;2.163066667;-30.65434222;0;-147;0;0;0;0;9.536413333;-11.65441111;191.95172;-20.67;21.75
25.11.2024 23:45;0.366753333;-41.64821556;1.687711111;-19.17480111;0;-165;0;0;0;0;11.58610556;-16.27010778;228.4525544;-42.79;20.9
26.11.2024 00:00;11.41708889;-6.760786667;8.276694444;-16.04520444;0;0;0;0;0;0;18.30132333;-8.69574;-6.493375556;-39.09;27.43
26.11.2024 00:15;2.520062222;-10.70012667;2.675253333;-32.22981556;0;-40;0;0;0;0;5.812197778;-11.54809;83.47051889;-12.26;22.96
26.11.2024 00:30;0;-32.64809667;0.345048889;-39.14052;0;-96;0;0;0;0;10.30463222;-6.377525556;163.5164611;-15.18;14.07
26.11.2024 00:45;0.001897778;-23.48347556;1.914697778;-11.74756;0;-160;0;0;0;0;7.575393333;-9.707576667;195.4466233;-3.14;20.64
26.11.2024 01:00;23.15538333;-3.381477778;7.55416;-1.840575556;0;-56;0;0;0;0;13.86475;-9.164187778;25.81194778;-21.2;28.98
26.11.2024 01:15;1.00369;-10.19312778;34.04345;-5.450961111;0;-76;0;0;0;0;4.481317778;-9.570371111;61.68600222;-20.36;20.92
26.11.2024 01:30;0.793862222;-16.10663556;8.348087778;-6.558056667;0;-121;0;0;0;0;7.769382222;-8.697687778;135.4510478;-19.21;20.93
26.11.2024 01:45;2.921137778;-10.83589444;11.08782222;-7.587778889;0;-187;0;0;0;0;8.804486667;-7.89032;190.5005467;-0.78;23.45
26.11.2024 02:00;7.184498889;-1.848678889;4.401474444;-4.150395556;0;-20;0;0;0;-20;8.625785556;-6.291762222;32.07907778;1.34;24.76
26.11.2024 02:15;12.50814111;-2.580025556;7.615133333;-1.117173333;0;-76;0;0;0;-20;9.500576667;-11.15231556;81.22566333;-5.71;24.88
26.11.2024 02:30;7.582854444;-6.719838889;5.178207778;-5.372602222;0;-96;0;0;0;-20;9.158193333;-10.43056889;116.6037544;-1.75;24.36
26.11.2024 02:45;7.367613333;-6.854801111;2.052088889;-11.86173333;0;-156;0;0;0;-20;8.326515556;-6.947118889;183.9174356;3.26;25.33
26.11.2024 03:00;6.844887778;-1.65322;1.966467778;-38.07927889;0;-18;0;0;0;-40;7.392273333;-6.675067778;88.20393778;4.5;25.07
26.11.2024 03:15;1.680892222;-1.912695556;0.035528889;-24.69083667;0;-74;0;0;0;-40;6.083733333;-5.869165556;138.6725433;4.03;20.82
26.11.2024 03:30;4.572467778;-1.122766667;0.746451111;-16.66068222;0;-98;0;0;0;-40;5.983571111;-6.033805556;150.5147644;4.33;22.52
26.11.2024 03:45;1.121403333;-2.271714444;0;-70.36106889;0;-98;0;0;0;-40;5.673044444;-5.708831111;209.5471667;3.86;21.35
26.11.2024 04:00;16.27833111;-0.729441111;6.474106667;-18.84364;0;-125;0;0;0;0;6.188386667;-6.632488889;122.2647456;4.46;25.85
26.11.2024 04:15;6.881631111;-1.921652222;2.142196667;-25.27888222;0;-154;0;0;0;0;8.478192222;-7.948138889;171.6466533;4.27;23.68
26.11.2024 04:30;4.502902222;-3.72219;0.978306667;-36.62594333;0;-131;0;0;0;0;7.466901111;-6.282598889;164.6826222;4.32;23.68
26.11.2024 04:45;10.85177778;-1.318215556;2.717191111;-13.85732778;0;-131;0;0;0;0;8.63337;-10.42839222;134.4015967;3.85;24.79
26.11.2024 05:00;4.657386667;-22.53553;23.14724444;-10.52848667;0;-299;0;0;0;0;18.35369889;-17.09013222;302.9958189;-75.62;22.7
26.11.2024 05:15;11.48748444;-0.036073333;5.579095556;-7.771798889;0;-248;0;0;0;0;7.362394444;-8.003228889;239.3821267;5.4;23.31
26.11.2024 05:30;86.87350111;0;3.766254444;-0.21684;0;-196;0;0;0;0;18.68622667;-13.59537556;100.4862333;5.4;70.16
26.11.2024 05:45;40.39440444;-1.731771111;48.17643222;-1.413337778;0;-100;0;0;0;0;10.35292444;-18.15807889;22.37942667;4.2;37.77
26.11.2024 06:00;7.579345556;-22.18788556;18.84109222;-6.701508889;0;-328;0;0;0;0;19.27574111;-16.09296556;327.2861811;-7.23;25.2
26.11.2024 06:15;6.25203;-5.814212222;11.72756667;-21.85588;0;-209;0;0;0;0;11.12604556;-12.15358556;219.7180356;4.4;23.72
26.11.2024 06:30;14.09856778;-1.025118889;0.614866667;-21.56443222;0;-73;0;0;0;0;10.72917667;-12.82877;82.97571;4.96;29.91
26.11.2024 06:45;24.25387444;-1.482472222;12.63247778;-11.93753778;0;0;0;0;0;0;18.8642;-16.03081556;-26.29972667;4.59;27.35
26.11.2024 07:00;10.50062333;-10.80457889;39.18153111;-3.191795556;0;-222;0;0;0;0;14.57651333;-15.05450889;186.7922156;3.58;28.78
26.11.2024 07:15;49.50535444;-0.003662222;56.38237111;-0.3302;0;-156;0;0;0;0;15.86263667;-11.07504333;45.65854333;5.4;47.16
26.11.2024 07:30;72.05363667;0;53.37855444;-0.007604444;0;-53;0;0;0;0;14.70049556;-16.05197;-71.07311222;10.13;42.35
26.11.2024 07:45;42.78454667;-0.018581111;50.47437667;-2.361115556;5;0;0;0;0;0;12.98391778;-14.86653778;-93.99660667;5.4;34.43
26.11.2024 08:00;19.58862111;-0.350068889;21.86979667;-4.867344444;0;-43;0;0;0;0;11.51337889;-14.89553778;10.14115444;5.15;34.74
26.11.2024 08:15;10.49085889;-7.760004444;12.52076889;-14.39881111;0;-22;0;0;0;0;11.27306333;-14.36495333;24.23907778;4.64;34.1
26.11.2024 08:30;4.783388889;-7.442337778;6.031484444;-25.60993222;0;-21;0;0;0;0;11.77683667;-13.03277778;44.49333778;4.21;28.06
26.11.2024 08:45;0.011801111;-49.91060667;2.570942222;-64.71029778;72;0;0;0;0;0;16.79607889;-18.39949778;41.64158;-1.17;22.95
26.11.2024 09:00;5.39577;-21.07597556;4.825026667;-38.72269333;0;-16;0;0;0;0;13.04227444;-13.36209444;65.89769222;2.25;29.79
26.11.2024 09:15;0.002168889;-58.41023444;1.555988889;-11.09027556;0;-80;0;0;0;0;12.79700444;-15.25875778;150.4041056;-12.92;23.86
26.11.2024 09:30;0;-89.16027778;0;-3.326132222;0;-80;0;0;0;0;13.45648889;-18.53162667;177.5615478;-33.46;15.6
26.11.2024 09:45;0;-117.5028522;0;-4.074912222;0;-80;0;0;0;0;20.75579667;-17.10176778;197.9237356;-49.34;15.6
26.11.2024 10:00;7.459995556;-14.06981333;19.32164;-4.072642222;0;-145;0;0;0;0;19.35814111;-9.519322222;126.5220011;-29.06;26.51
26.11.2024 10:15;0.536293333;-38.71053556;15.16022;-2.516653333;0;-145;0;0;0;0;12.93568889;-16.59609778;174.1910844;-45.82;22.54
26.11.2024 10:30;0;-43.93282444;1.319426667;-12.52587778;0;-145;0;0;0;0;12.37196778;-18.14889889;205.9162067;-39.16;15.24
26.11.2024 10:45;0;-69.30296889;0.018444444;-18.06158444;0;-145;0;0;0;0;15.10549556;-10.67682222;227.9174356;-37.87;15.24
26.11.2024 11:00;3.418363333;-5.900735556;94.61127667;-0.440366667;0;-248;0;0;0;0;13.73941333;-11.31130111;153.88335;2.11;23.18
26.11.2024 11:15;6.240222222;-1.270333333;85.31709222;0;0;-248;0;0;0;0;10.40960778;-9.692368889;156.99578;6.96;23.1
26.11.2024 11:30;34.72954222;-0.347491111;50.60318778;-0.000431111;0;-208;0;0;0;0;12.22116889;-9.70378;120.4978033;5.79;26.92
26.11.2024 11:45;24.47578;-1.903335556;17.56665222;-1.205493333;0;-203;0;0;0;0;9.64192;-13.95341889;168.3778956;2.11;25.62
26.11.2024 12:00;30.68753111;-9.368225556;21.53620778;-1.155968889;0;-165;0;0;0;0;16.00940556;-18.92686;126.21791;-21.74;28.62
26.11.2024 12:15;0;-62.47262;0.383271111;-18.14261222;0;-165;0;0;0;0;13.15513444;-18.24493889;250.3217656;-49.43;14.75
26.11.2024 12:30;0;-46.96832;0;-78.59549333;0;-165;0;0;0;0;18.02108778;-10.01927778;282.5620033;-15.65;14.75
26.11.2024 12:45;0.682913333;-27.22601444;1.878404444;-21.13416667;0;-315;0;0;0;0;17.25801111;-18.63631111;362.1771633;-4.04;22.99
26.11.2024 13:00;46.94850333;-2.21286;25.52178889;-3.12796;0;-250;0;0;0;0;21.97372333;-15.15027889;176.0470833;-3.5;33.25
26.11.2024 13:15;87.25924111;0;4.88148;-0.304506667;0;-250;0;0;0;0;20.65264889;-19.88632333;157.39746;9.04;42.2
26.11.2024 13:30;65.60479111;0;8.43519;-1.688364444;0;-250;0;0;0;0;20.66923111;-17.19346222;174.1726144;9.04;33.48
26.11.2024 13:45;23.87017889;-6.499836667;3.393251111;-43.77286333;0;-130;0;0;0;0;10.30600444;-17.97961778;160.6828833;-2.18;37.76
26.11.2024 14:00;0.020207778;-36.14515778;0.002924444;-38.98731556;0;-100;0;0;0;0;11.21911222;-10.12020889;174.0104378;-1.24;21.91
26.11.2024 14:15;2.234147778;-3.431253333;0.41744;-44.37897;0;-100;0;0;0;0;11.20359444;-9.908602222;143.8636433;3.86;23.7
26.11.2024 14:30;12.00112778;-1.674671111;0.464862222;-46.83719111;0;-85;0;0;0;0;14.99567111;-12.70615444;118.7563556;4.08;33.44
26.11.2024 14:45;31.65229111;-0.111083333;0.086394444;-7.594026667;0;-85;0;0;0;0;11.36365444;-13.19906333;62.80183333;4.15;30.61
26.11.2024 15:00;14.23190556;-0.375028889;4.913568889;-12.18728222;0;-56;0;0;0;-70;12.58329444;-12.15818444;118.9917267;5.78;27.11
26.11.2024 15:15;19.48716556;-0.207518889;2.50211;-12.30496667;0;-41;0;0;0;-70;10.33231889;-11.62708333;102.8179744;6.5;33.36
26.11.2024 15:30;20.05208;-2.578384444;5.475732222;-9.046134444;40;0;0;0;0;-70;15.79452556;-14.53611333;14.83829444;4.23;37.53
26.11.2024 15:45;10.35929444;-4.348544444;40.80365778;-0.458728889;71;0;0;0;0;-70;12.13838778;-15.61009111;-43.88397556;-0.58;29.94
26.11.2024 16:00;13.70414889;-4.782166667;57.81354111;-0.244795556;0;-36;0;0;0;-46;16.62978222;-12.47071;11.3502;1.34;37.49
26.11.2024 16:15;21.07475;-1.275905556;99.38122111;-0.446808889;0;-10;0;0;0;-46;15.05507556;-16.13960111;-61.64873111;5.53;36.71
26.11.2024 16:30;17.38185222;-0.654977778;66.03336778;-0.185964444;48;0;0;0;0;-46;12.29736444;-10.74811556;-86.12352667;6.36;32.42
26.11.2024 16:45;16.90103111;-1.84909;36.90609889;-0.26412;98;0;0;0;0;-46;11.21253;-14.96202111;-99.94442889;3.23;38.2
26.11.2024 17:00;1.370027778;-8.705385556;57.11263333;-1.200866667;0;-30;0;0;0;0;13.84196333;-14.12787111;-18.29050111;1.99;24.45
26.11.2024 17:15;0.795628889;-17.73247444;25.96263556;-14.65131111;50;0;0;0;0;0;12.84806556;-15.74815222;-41.47439222;-0.19;24.65
26.11.2024 17:30;2.724335556;-21.20226444;11.53349556;-21.46525556;54;0;0;0;0;0;14.39150222;-11.43965333;-28.54216;-3.59;26.51
26.11.2024 17:45;1.070418889;-13.71487111;7.248295556;-24.99848667;90;0;0;0;0;0;13.00619889;-15.34613111;-57.26542444;1.9;25
26.11.2024 18:00;0;-42.77657;5.409081111;-7.596073333;42;0;0;0;0;0;17.29003778;-16.24458222;1.918106667;-4.67;19.19
26.11.2024 18:15;1.791171111;-11.32770333;30.15922333;-7.629883333;24;0;0;0;0;0;14.35410556;-14.53936333;-36.80755;2.02;25.45
26.11.2024 18:30;1.096726667;-9.362647778;32.98425333;-0.851041111;0;-26;0;0;0;0;14.62157556;-14.15853333;1.669666667;1.75;24.24
26.11.2024 18:45;6.874727778;-2.967664444;16.55604;-5.391264444;0;-41;0;0;0;0;15.03477111;-13.81127889;24.70466889;4.45;26.36
26.11.2024 19:00;33.37348111;-2.398542222;55.01125667;-0.665064444;38;0;0;0;0;0;13.36774778;-14.38016778;-122.3087111;4.94;78.43
26.11.2024 19:15;1.773412222;-16.32663556;32.48060778;-2.627626667;14;0;0;0;0;0;13.22481778;-16.90621667;-25.61835889;-0.4;24.22
26.11.2024 19:30;3.272965556;-7.080204444;51.24024889;-0.93722;0;-63;0;0;0;0;14.43900444;-10.98957222;13.05477778;-1.77;24.17
26.11.2024 19:45;1.442867778;-17.09756778;65.14408889;-2.250644444;0;-119;0;0;0;0;9.6967;-15.03933111;77.10388667;-14.26;23.46
26.11.2024 20:00;1.479073333;-7.335346667;2.91072;-80.07538;96;0;0;0;0;0;16.76486111;-11.27687;-18.46705778;-2.31;22.67
26.11.2024 20:15;0.003255556;-97.20662778;0.115008889;-19.62076667;27;0;0;0;0;0;4.017474444;-25.33148667;111.0231422;-103.3;21.24
26.11.2024 20:30;0.123012222;-116.1340089;6.968332222;-36.10218667;0;-20;0;0;0;0;26.40650333;-6.168618889;144.9069667;-162.42;20.73
26.11.2024 20:45;5.495056667;-14.37498889;17.73956333;-6.664775556;0;-104;0;0;0;0;9.293663333;-14.18866556;106.7001467;-15.5;24.45
26.11.2024 21:00;77.17598111;-1.964248889;14.58057889;-1.444435556;0;-4;0;0;0;0;24.19948222;-13.31267333;-95.23468444;-16.83;95.12
26.11.2024 21:15;48.87464333;-0.44962;22.65815889;-0.497466667;0;-42;0;0;0;0;10.23625889;-16.28361333;-22.53836111;6.96;75.45
26.11.2024 21:30;20.00569222;-0.257294444;26.02283556;-1.908871111;0;-105;0;0;0;0;10.40037889;-9.13982;59.87707889;6.82;36.12
26.11.2024 21:45;34.25279556;-9.484721111;39.52218889;-0.11979;0;-181;0;0;0;0;9.85672;-16.00398444;122.9767911;-36.9;51.56
26.11.2024 22:00;3.84996;-3.977453333;10.24288444;-9.642027778;0;0;0;0;0;0;12.16854;-7.231452222;-5.410451111;-7.82;23.76
26.11.2024 22:15;6.957193333;-28.21382667;16.57716444;-10.28078778;6;0;0;0;0;0;9.787603333;-15.04234889;14.21500222;-20.3;33.43
26.11.2024 22:30;1.560593333;-27.72553667;12.65941778;-4.054605556;0;-10;0;0;0;0;12.98177222;-13.10169222;27.68005111;-17.06;22.67
26.11.2024 22:45;0.079208889;-41.16399556;1.727441111;-18.43978;0;-10;0;0;0;0;13.78715111;-14.40320222;68.41317667;-25.3;20.28
26.11.2024 23:00;3.903135556;-6.326772222;6.003882222;-17.12044889;66;0;0;0;0;0;14.27458333;-7.714034444;-59.02034556;-19.26;23.93
26.11.2024 23:15;10.00257667;-9.991856667;16.17771222;-4.544328889;0;-40;0;0;0;0;9.617265556;-12.38962778;31.12825889;-2.69;37.17
26.11.2024 23:30;3.291812222;-22.12482444;12.36820667;-10.07467111;0;-106;0;0;0;0;9.177215556;-11.71113;125.0733911;-28.32;24.74
26.11.2024 23:45;0.413412222;-35.40187889;4.394822222;-9.565872222;0;-146;0;0;0;0;10.99175333;-15.70311444;190.8708778;-48.23;19.69
27.11.2024 00:00;1.082748889;-8.710105556;13.58281556;-12.51426778;76;0;0;0;0;0;17.27973444;-6.516095556;-80.20483;-56.15;20.13
27.11.2024 00:15;1.152475556;-24.72994556;3.447084444;-16.98337556;13;0;0;0;0;0;5.179825556;-12.3329;31.26683556;-53.28;21.5
27.11.2024 00:30;0.355908889;-13.12348556;8.693585556;-3.396315556;0;-55;0;0;0;0;12.30304444;-6.074213333;56.24147556;-38.84;17.73
27.11.2024 00:45;0.331617778;-12.75864111;21.41331444;-0.381306667;0;-132;0;0;0;0;6.606457778;-12.13025111;128.9188089;-30.93;18.01
27.11.2024 01:00;7.386878889;-5.774598889;34.35265556;-0.400396667;17;0;0;0;0;0;13.67778889;-7.802154444;-58.44017333;-46.78;25.3
27.11.2024 01:15;1.424546667;-3.882496667;40.37448444;-0.768435556;0;-7;0;0;0;0;5.861835556;-8.027555556;-27.98237889;-4.13;18.98
27.11.2024 01:30;2.577995556;-2.639142222;46.71129;-0.764798889;0;-43;0;0;0;0;8.196901111;-6.545081111;-4.537164444;-0.5;19.97
27.11.2024 01:45;7.84723;-0.999742222;34.55332222;-0.16964;0;-113;0;0;0;0;6.599425556;-6.56362;71.73302444;2.32;25.15
27.11.2024 02:00;38.94272778;0;51.77855556;0;36;0;0;0;0;0;10.96135444;-8.446402222;-129.2362356;9.32;34.8
27.11.2024 02:15;35.25526;-0.014376667;33.12981444;-0.297742222;0;-5;0;0;0;0;5.79128;-8.237603333;-60.62663222;4.91;32.98
27.11.2024 02:30;59.30162778;0;29.98434778;-0.126791111;0;-35;0;0;0;0;12.10584778;-8.979536667;-57.28549556;8.36;41.36
27.11.2024 02:45;64.60573778;0;32.53833111;0;0;-105;0;0;0;0;8.795337778;-8.716394444;7.776987778;8.03;39.79
27.11.2024 03:00;1.220702222;-25.95486667;9.152112222;-12.72788444;76;0;0;0;0;0;4.78272;-10.78804222;-41.68474111;-28.35;26.15
27.11.2024 03:15;0.134414444;-10.08559556;1.154262222;-15.33603333;19;0;0;0;0;0;5.56103;-4.826936667;4.398858889;-6.14;16.79
27.11.2024 03:30;0;-35.87173;0;-52.70330333;5;0;0;0;0;0;6.988138889;-10.58727111;87.17416556;-35.04;14.22
27.11.2024 03:45;0;-44.85404444;0;-37.85241889;0;-27;0;0;0;0;8.851433333;-6.621114444;107.4761444;-39.93;12.11
27.11.2024 04:00;0;-47.64862778;0.023088889;-18.15544333;0;-7;0;0;0;0;11.51388667;-8.875325556;70.14242111;-61.79;12.66
27.11.2024 04:15;7.984201111;-0.676667778;14.98090556;-0.666844444;0;-27;0;0;0;0;8.890545556;-7.917747778;4.405607778;2.15;25.24
27.11.2024 04:30;50.81840889;0;32.27965556;-0.000884444;0;-48;0;0;0;0;10.18066889;-5.207534444;-40.07031444;8.26;40.84
27.11.2024 04:45;58.92020778;0;52.60447889;0;0;-35;0;0;0;0;7.728918889;-9.352956667;-74.90064889;8.34;42.06
27.11.2024 05:00;73.6796;0;57.88286889;0;0;-170;0;0;0;0;12.57410222;-12.60689444;38.47032333;8.23;48.38
27.11.2024 05:15;16.93777889;-4.833034444;16.72360889;-1.861274444;0;-56;0;0;0;0;7.040512222;-15.38379889;37.37620778;-23.2;35.51
27.11.2024 05:30;38.27841444;-2.250695556;22.64355222;-4.855298889;52;0;0;0;0;0;18.48961444;-11.40923667;-112.89635;-31.94;43.79
27.11.2024 05:45;19.38299444;-0.721161111;36.89913222;-0.388478889;123;0;0;0;0;0;10.06943111;-13.56903667;-174.6728811;2.78;39.06
27.11.2024 06:00;2.520612222;-31.39797556;11.74103333;-10.60752444;0;-40;0;0;0;0;15.94992778;-16.26299444;68.05692111;-20.67;23.57
27.11.2024 06:15;20.57386444;-2.0855;11.54063889;-10.31045;0;0;0;0;0;0;14.09667;-14.19814778;-19.61707556;5.91;38.32
27.11.2024 06:30;23.48077333;-0.852183333;6.981512222;-10.40971778;131;0;0;0;0;0;14.21443667;-10.58429;-153.8305311;6.19;35.16
27.11.2024 06:45;33.12404778;-1.096187778;9.24124;-20.63584778;223;0;0;0;0;0;12.30060778;-16.22589444;-239.7079656;4.49;39.84
27.11.2024 07:00;9.982227778;-12.32245778;15.48022222;-6.014897778;0;-3;0;0;0;0;14.57195111;-14.18752667;-4.509518889;2.78;34.79
27.11.2024 07:15;21.15125333;-0.184865556;45.71432889;-2.030213333;72;0;0;0;0;0;9.887137778;-10.68357889;-135.8540622;6.99;35.37
27.11.2024 07:30;57.24893222;-0.326742222;20.75103;-4.40564;167;0;0;0;0;0;18.92688667;-13.99061667;-245.20385;6.23;50.17
27.11.2024 07:45;35.61984667;-0.174022222;37.64154667;-0.799502222;194;0;0;0;0;0;11.23424889;-16.18653778;-261.33558;6.88;41.86
27.11.2024 08:00;32.64172111;-0.762531111;72.07169778;-0.305568889;108;0;0;0;0;0;17.65216889;-13.50366556;-215.7938222;6.04;46.18
27.11.2024 08:15;29.33458556;-2.163625556;15.95519889;-28.6772;145;0;0;0;0;0;13.03113556;-16.83592111;-155.6441733;6.24;52.27
27.11.2024 08:30;1.673993333;-11.39932667;0.766977778;-49.2825;127;0;0;0;0;0;10.70614444;-14.39859778;-65.06669111;5.22;25.59
27.11.2024 08:45;0;-54.79749778;0.172431111;-47.50052;124;0;0;0;0;0;16.30397889;-16.89558556;-21.28280667;0.63;23.74
27.11.2024 09:00;5.98075;-24.71924556;2.499502222;-65.57763778;135;0;0;0;0;0;13.56339;-19.69074222;-47.05601667;-1.01;36.53
27.11.2024 09:15;0;-111.1200711;0;-40.07590778;127;0;0;0;0;0;13.00018556;-14.70024444;25.89603778;-14.88;21.42
27.11.2024 09:30;0;-109.6601067;0;-25.62896556;8;0;0;0;0;0;15.34071556;-14.23202111;126.1803778;-8.51;20.37
27.11.2024 09:45;0;-107.6041667;0;-6.323217778;0;-44;0;0;0;0;16.60914444;-17.50296;158.8212;-17.58;19.2
27.11.2024 10:00;0.267876667;-65.04625778;2.392231111;-9.544282222;0;0;0;0;0;0;24.72196778;-17.55970222;64.76816667;-20.87;24.87
27.11.2024 10:15;3.260362222;-35.49681556;10.98038222;-3.37328;0;-95;0;0;0;0;12.55588111;-16.12820556;123.2016756;-20.04;24.99
27.11.2024 10:30;1.454801111;-26.59085444;8.920341111;-7.58409;0;-135;0;0;0;0;16.69029;-12.17717667;154.2866889;-16.23;28.15
27.11.2024 10:45;0.160858889;-58.29425444;6.355502222;-9.853776667;0;-175;0;0;0;0;10.28967667;-17.96575556;244.3077489;-38.36;23.67
27.11.2024 11:00;0;-53.34513333;1.432106667;-13.51542;0;-177;0;0;0;0;15.90683111;-12.45091;238.9725256;-24.49;17.81
27.11.2024 11:15;0.087078889;-30.39427556;2.067173333;-10.09597333;0;-177;0;0;0;0;13.31165444;-10.60899222;212.6333344;-12.89;23.67
27.11.2024 11:30;7.514377778;-14.97721556;14.52781889;-3.347664444;0;-195;0;0;0;0;15.48416111;-11.22397333;187.0224956;-20.4;27.54
27.11.2024 11:45;3.211938889;-51.84393333;7.707277778;-30.77181111;0;-195;0;0;0;0;9.610452222;-26.13037667;283.2164522;-67.14;25.76
27.11.2024 12:00;21.10772222;-9.026276667;15.65395111;-24.98360556;0;-185;0;0;0;0;23.00021667;-11.22963333;170.4776256;-61.46;46.65
27.11.2024 12:15;0.098608889;-70.51296333;0.017128889;-44.66450333;0;-185;0;0;0;0;6.388073333;-20.58300222;314.2566578;-112.72;24.84
27.11.2024 12:30;0;-125.1883911;0;-134.5694422;0;-115;0;0;0;0;18.39707333;-16.36665778;372.7274178;-101.24;16.02
27.11.2024 12:45;0;-260.6844167;0;-48.26271111;0;-115;0;0;0;0;10.58756667;-24.48294667;437.8425078;-338.58;16.02
27.11.2024 13:00;0;-177.5165589;0;-50.89043222;0;-142;0;0;0;0;29.87795111;-7.293293333;347.8223333;-291.66;15.77
27.11.2024 13:15;2.01687;-12.73316556;7.25227;-25.42515111;0;-297;0;0;0;0;14.64976889;-11.53617444;322.7755822;-8.57;25.18
27.11.2024 13:30;4.591324444;-5.067001111;12.45154222;-9.66989;0;-297;0;0;0;0;13.41606333;-10.70233;291.9802911;-2.53;28.25
27.11.2024 13:45;20.03553667;-0.7803;55.25126778;-0.084086667;0;-297;0;0;0;0;12.02119889;-11.85680556;222.4131889;0.8;35.9
27.11.2024 14:00;32.03816;-16.70328333;38.23764333;-1.869462222;0;-325;0;0;0;0;25.01303;-23.78360333;272.0675156;-64.16;29.16
27.11.2024 14:15;33.31421111;0;21.65155667;-2.125564444;0;-270;0;0;0;0;11.98294333;-13.83111667;219.00797;8.84;27.93
27.11.2024 14:30;79.25210222;0;20.45245111;0;0;-270;0;0;0;0;13.93526;-8.564462222;164.9246489;8.84;43.01
27.11.2024 14:45;78.38895222;-0.362274444;8.374447778;-6.772447778;0;-200;0;0;0;0;13.63469889;-21.30401333;128.0406367;2.14;46.32
27.11.2024 15:00;21.18013889;-0.239252222;44.74969667;-5.954374444;0;-205;0;0;0;0;14.09776333;-8.833271111;139.9992989;2.33;31.41
27.11.2024 15:15;102.1221122;0;32.21026667;0;0;-205;0;0;0;0;17.54668778;-16.08318556;69.20411889;8.72;55.34
27.11.2024 15:30;108.5915767;0;10.23127444;-0.043404444;0;-105;0;0;0;0;19.45151;-12.20623667;-21.02472;8.83;62.82
27.11.2024 15:45;186.3366678;0;22.19632333;0;0;-105;0;0;0;0;14.04350111;-17.44844;-100.1280522;8.83;62.57
27.11.2024 16:00;13.14548667;-2.285151111;98.55471444;-2.140297778;0;-117;0;0;0;0;9.530438889;-21.78197222;21.97678111;5.18;37.76
27.11.2024 16:15;0.758596667;-15.05181111;18.41329778;-34.93805333;95;0;0;0;0;0;10.30657667;-13.11279111;-61.37581556;3.53;23.67
27.11.2024 16:30;1.588405556;-12.67008667;4.500388889;-35.33976444;95;0;0;0;0;0;14.47431333;-11.12415667;-56.4291;3.78;24.28
27.11.2024 16:45;13.95251222;-3.390435556;4.241706667;-16.67995667;95;0;0;0;0;0;13.29646222;-13.56256667;-92.85772222;5.49;28.27
27.11.2024 17:00;0.251196667;-46.99150111;0.066008889;-54.36532556;93;0;0;0;0;0;14.89315;-21.33356;14.48003111;-12.12;24.45
27.11.2024 17:15;1.188154444;-45.07704222;0;-81.13414889;93;0;0;0;0;0;21.34280889;-13.06530889;23.74553667;-9.93;23.72
27.11.2024 17:30;1.441107778;-19.52486444;1.360106667;-66.06865222;93;0;0;0;0;0;12.76858778;-19.05899222;-3.917293333;1;23.75
27.11.2024 17:45;5.456543333;-7.547061111;24.08206556;-5.301655556;0;-5;0;0;0;0;17.04320333;-13.49744889;-15.23564667;3.28;25.48
27.11.2024 18:00;10.48800222;-6.319313333;2.935261111;-6.897373333;0;-5;0;0;0;0;16.25922889;-16.17647111;4.710665556;-0.99;35.55
27.11.2024 18:15;10.32441889;-19.04039556;6.427543333;-4.484757778;0;-5;0;0;0;0;13.16650778;-18.46551;17.07219333;-12.98;30.96
27.11.2024 18:30;0.155027778;-26.39892444;4.937964444;-21.69491778;0;-5;0;0;0;0;16.23258111;-10.75057889;42.51884778;-9.86;23.67
27.11.2024 18:45;5.688612222;-10.75764667;5.575684444;-32.25621111;0;-5;0;0;0;0;15.25472111;-17.07330667;38.56814667;-2.22;27.13
27.11.2024 19:00;45.65414222;-0.488694444;15.32867;-0.461878889;0;-5;0;0;0;0;15.69905;-12.34296778;-58.38832111;2.29;42.79
27.11.2024 19:15;18.25221333;-3.97081;7.672542222;-22.70015;0;-5;0;0;0;0;11.55137667;-14.03211;8.226937778;3.27;36.62
27.11.2024 19:30;0.138072222;-33.46855556;0.053457778;-73.36901;0;-5;0;0;0;0;11.21096556;-19.45800111;119.8930711;-19.34;21.14
27.11.2024 19:45;0.057643333;-37.70033778;0;-107.2575922;0;-5;0;0;0;0;20.77121222;-11.66100556;140.79008;-15.41;21.16
27.11.2024 20:00;54.10496444;-0.897885556;19.51545778;-4.319005556;0;0;0;0;0;0;14.93348889;-9.674491111;-73.66252889;1.69;49.39
27.11.2024 20:15;20.21511;-7.175974444;8.35799;-22.67896444;0;0;0;0;0;0;8.325753333;-15.72506;8.681145556;-10.36;43.07
27.11.2024 20:30;0.175645556;-38.96402333;0;-65.27628556;0;0;0;0;0;0;8.840594444;-13.95504556;109.1791144;-37.21;21.16
27.11.2024 20:45;0;-69.74012444;0;-42.38268111;0;0;0;0;0;0;11.30477889;-16.34168778;117.1597144;-62.19;15.82
27.11.2024 21:00;16.42117444;-16.44274667;38.39947111;-4.104052222;0;0;0;0;0;0;21.64440333;-7.895506667;-48.02274333;-56.68;37.59
27.11.2024 21:15;6.89465;-28.86094222;9.921864444;-5.877295556;22;0;0;0;0;0;8.064234444;-14.96794889;2.825437778;-31.63;31.87
27.11.2024 21:30;1.828874444;-49.69048778;6.84686;-5.081124444;0;-87;0;0;0;0;11.05631333;-22.77210667;144.8116711;-108.78;21.29
27.11.2024 21:45;0;-195.23046;0;-18.09333222;0;-120;0;0;0;0;12.99233667;-12.43549111;332.7669467;-197.12;14.97
27.11.2024 22:00;7.908116667;-13.58886333;0.597822222;-61.66584333;0;0;0;0;0;0;27.87298444;-10.59404778;49.46983111;-116.59;27.17
27.11.2024 22:15;6.795246667;-19.33960556;3.373024444;-17.49413889;0;-55;0;0;0;0;7.784863333;-12.67743889;86.55804889;-26.39;26.64
27.11.2024 22:30;5.938853333;-16.52885556;1.559445556;-25.68320333;0;-77;0;0;0;0;11.38150111;-9.297678889;109.6299378;-10.81;24.33
27.11.2024 22:45;0.49764;-23.92401111;1.139462222;-34.58738111;0;-170;0;0;0;0;10.09579778;-10.61087889;227.3893711;-23;19.14
27.11.2024 23:00;17.23184667;-1.798492222;10.12778;-5.419071111;18;0;0;0;0;0;12.21547889;-9.100197778;-41.25734444;-0.18;38.27
27.11.2024 23:15;24.85485667;-4.028995556;15.3954;-5.446396667;0;-77;0;0;0;0;10.00375444;-11.63305667;47.85443778;-0.83;43.24
27.11.2024 23:30;1.392686667;-17.73356;6.857604444;-7.229601111;0;-154;0;0;0;0;8.348242222;-9.948492222;172.31312;-18.59;20.51
27.11.2024 23:45;0;-71.90441889;0.21784;-4.965598889;0;-226;0;0;0;0;8.449683333;-16.55106667;310.7535611;-65.02;13.33
28.11.2024 00:00;0.456953333;-23.22605;1.467764444;-20.49942;36;0;0;0;0;0;18.50422889;-7.94813;-4.755346667;-74.68;22.58
28.11.2024 00:15;1.852612222;-10.97601667;0;-31.46845556;0;0;0;0;0;0;7.560264444;-7.673612222;40.70520778;-18.34;23.6
28.11.2024 00:30;4.02494;-20.44041;0.590808889;-5.938181111;0;-99;0;0;0;0;8.035222222;-10.97741778;123.7050378;-46.46;26.03
28.11.2024 00:45;0;-73.35150556;0.010311111;-7.273974444;0;-165;0;0;0;0;11.06336667;-13.27639556;247.8281978;-115.03;13.87
28.11.2024 01:00;21.12805556;-2.989765556;21.24669889;-0.046408889;0;0;0;0;0;0;15.41800444;-7.169323333;-47.58726111;-41.4;32.91
28.11.2024 01:15;29.23555556;-0.361463333;52.35098111;-0.094408889;0;-99;0;0;0;0;7.001406667;-7.744937778;18.61286667;4.11;36.36
28.11.2024 01:30;1.737046667;-1.705721111;46.98094667;-0.300475556;0;-99;0;0;0;0;6.421947778;-6.135774444;52.00203;3.75;21.8
28.11.2024 01:45;0.954432222;-6.037031111;39.46753;-0.460074444;0;-150;0;0;0;0;4.644105556;-8.680568889;120.1116067;-26.12;20.72
28.11.2024 02:00;1.27522;-6.446511111;2.496501111;-32.66729667;0;0;0;0;0;0;9.113515556;-5.365696667;31.59426778;-18.68;23.71
28.11.2024 02:15;0.003526667;-30.91443889;0;-28.81476111;0;-33;0;0;0;0;4.498442222;-9.818023333;98.04525444;-44.76;20.36
28.11.2024 02:30;0.772704444;-17.64078778;0;-31.45275333;0;-71;0;0;0;0;10.44381444;-8.854466667;117.7314889;-29.53;21.78
28.11.2024 02:45;0;-48.94298889;0;-17.70707333;0;-102;0;0;0;0;6.45939;-8.170835556;170.3615078;-49.05;13.85
28.11.2024 03:00;4.894736667;-5.398076667;1.010916667;-14.0836;0;-26;0;0;0;0;11.75425111;-5.133263333;32.95503556;-39.98;26.04
28.11.2024 03:15;0.011662222;-17.72298556;0.214204444;-5.933025556;0;-76;0;0;0;0;2.576511111;-5.700717778;102.5543511;-21.57;20.38
28.11.2024 03:30;0;-23.57204111;0.873973333;-1.213733333;0;-107;0;0;0;0;5.938051111;-6.721433333;131.6951833;-27.58;13.87
28.11.2024 03:45;0;-34.80999;0;-11.26354889;0;-107;0;0;0;0;5.872943333;-8.059651111;155.2602467;-37.29;13.87
28.11.2024 04:00;0;-94.35384222;0;-13.35573222;0;-105;0;0;0;0;7.355693333;-8.636344444;213.9902256;-85.44;13.82
28.11.2024 04:15;0;-73.55592;0;-4.844301111;0;-99;0;0;0;0;6.065842222;-6.139604444;177.4739833;-69.75;13.82
28.11.2024 04:30;0;-25.64452444;0.625;-7.755566667;0;-107;0;0;0;0;9.907992222;-3.713933333;133.5810322;-31.45;13.82
28.11.2024 04:45;3.142353333;-4.693594444;9.303592222;-3.649654444;0;-107;0;0;0;0;6.244285556;-8.218585556;104.8716033;-11.52;23.47
28.11.2024 05:00;0.013427778;-24.41067444;1.604955556;-24.07057667;0;-201;0;0;0;0;11.34465778;-9.454198889;245.9724089;-17.55;22.03
28.11.2024 05:15;4.101702222;-1.737187778;4.955861111;-10.09609889;0;-173;0;0;0;0;6.472176667;-6.98406;176.2876067;2.37;23.38
28.11.2024 05:30;33.18506444;-0.049911111;3.155886667;-5.497996667;0;-81;0;0;0;0;14.83641556;-8.795023333;44.16556444;3.8;39.88
28.11.2024 05:45;25.41136778;-1.918127778;14.45924444;-2.357775556;0;0;0;0;0;0;8.877484444;-14.53341;-29.93878333;-7.06;35.72
28.11.2024 06:00;2.923858889;-25.28468667;12.51607444;-8.791154444;0;-224;0;0;0;0;15.63881333;-14.09262556;241.08972;-35;22.56
28.11.2024 06:15;29.0351;-1.11382;10.99211444;-6.591562222;0;-174;0;0;0;0;13.31811778;-14.20930222;142.5693522;4.98;34.81
28.11.2024 06:30;5.398214444;-1.914331111;0.861083333;-32.97029889;0;-5;0;0;0;0;10.27398667;-9.112632222;32.46397778;6.98;24
28.11.2024 06:45;14.63268778;-0.718576667;2.505057778;-12.54274889;67;0;0;0;0;0;11.09271556;-11.28421111;-70.68492444;6.81;28.8
28.11.2024 07:00;0.233832222;-61.36392889;1.146573333;-19.71360778;0;-144;0;0;0;0;16.86008667;-19.20435111;226.0413956;-53.36;22.93
28.11.2024 07:15;0.102672222;-20.23152111;3.513835556;-24.79636333;0;-62;0;0;0;0;11.73364667;-12.07196667;103.7496967;-4.59;20.69
28.11.2024 07:30;8.278811111;-8.022727778;2.781821111;-24.78732444;19;0;0;0;0;0;11.63817667;-8.272061111;-0.616695556;0.98;26.75
28.11.2024 07:45;18.47005;-1.900363333;12.49687111;-10.81078667;54;0;0;0;0;0;11.37449889;-14.14547111;-69.48479889;-0.78;29.2
28.11.2024 08:00;5.990267778;-4.14794;31.92898222;-14.96569;0;-38;0;0;0;-18;13.48390333;-11.92599667;35.63647333;3.8;27.52
28.11.2024 08:15;8.578562222;-1.602378889;35.54636889;-4.004776667;0;-7;0;0;0;-18;11.06527667;-11.41111778;-13.17193444;4.22;24.86
28.11.2024 08:30;32.68987111;-0.066596667;39.33466222;-0.244417778;5;0;0;0;0;-18;11.81155444;-10.79860444;-59.72646889;7.47;34.56
28.11.2024 08:45;24.75436222;-2.57392;48.06365444;-1.820986667;10;0;0;0;0;-18;10.30703111;-12.14026111;-58.58988;6.07;35.85
28.11.2024 09:00;22.96509778;-1.373962222;18.61101444;-2.593962222;14;0;0;0;0;0;9.6232;-10.63258889;-50.59879889;3.96;26.13
28.11.2024 09:15;0.259055556;-35.88161778;4.094168889;-7.793637778;10;0;0;0;0;0;9.733386667;-13.99982889;33.58847333;-1.56;22.14
28.11.2024 09:30;0.54524;-37.68797667;0.050302222;-34.67268222;85;0;0;0;0;0;13.17544778;-10.05265667;-16.35767444;-13.81;22.44
28.11.2024 09:45;0.459388889;-29.65548333;1.43648;-36.20050222;84;0;0;0;0;0;8.486593333;-10.29645444;-18.23002222;-0.16;21.76
28.11.2024 10:00;32.62315444;-2.054033333;1.014837778;-10.52984333;77;0;0;0;18;0;18.90543667;-9.046735556;-125.9128167;1.25;27.7
28.11.2024 10:15;113.1909178;0;5.825374444;0;0;-41;0;0;18;0;14.31292;-11.12959333;-99.19961889;11.55;49
28.11.2024 10:30;84.3548;0;45.20271111;0;0;-21;0;0;18;0;9.846987778;-9.890676667;-126.5138222;11.55;44.19
28.11.2024 10:45;64.63284778;-0.031873333;34.24782444;-0.008692222;14;0;0;0;18;0;10.78044;-17.61582889;-124.0047178;7.87;38.35
28.11.2024 11:00;27.74846889;0;6.532064444;-1.43481;85;0;0;0;0;0;12.40315;-8.58618;-121.6626933;11.97;31.58
28.11.2024 11:15;49.63962333;-0.179575556;4.38253;-3.800996667;75;0;0;0;0;0;11.00911333;-14.54773778;-121.5029567;7.55;47.25
28.11.2024 11:30;6.394027778;-1.076933333;23.17305333;-7.108385556;169;0;0;0;0;0;10.45468222;-10.25092333;-190.5855211;7.22;24.27
28.11.2024 11:45;19.81486444;-5.84731;6.455051111;-36.34679778;197;0;0;0;0;0;12.11672;-15.14893556;-178.0435922;3.4;36.06
28.11.2024 12:00;11.40976667;-3.007806667;3.727543333;-25.84839;240;0;0;0;34;0;13.29152444;-9.723874444;-263.8487633;3.68;32.9
28.11.2024 12:15;16.17850222;-3.791366667;10.31846778;-22.72425111;121;0;0;0;34;0;9.018816667;-9.764246667;-154.2359222;5.21;35.08
28.11.2024 12:30;4.460194444;-2.463638889;3.266385556;-22.46400111;77;0;0;0;34;0;10.74764111;-9.17123;-95.37535111;5.58;26.61
28.11.2024 12:45;6.014534444;-6.699487778;23.25403444;-10.97746667;0;-9;0;0;34;0;10.81297;-12.50026111;-34.90432333;2.35;28.35
28.11.2024 13:00;6.67942;-0.74028;80.23912444;-0.17869;60;0;0;0;26;0;10.94810333;-9.024815556;-173.9228622;1.72;29.06
28.11.2024 13:15;5.945893333;-2.228317778;89.09439444;-0.216413333;60;0;0;0;26;0;9.975046667;-10.90821667;-177.6623867;2.45;32.49
28.11.2024 13:30;3.937702222;-1.89656;27.69637667;-3.030306667;102;0;0;0;26;0;10.90766222;-10.94863667;-154.6662378;1.69;26.59
28.11.2024 13:45;1.268027778;-9.523503333;8.689211111;-25.33696556;102;0;0;0;26;0;9.170737778;-12.24502;-100.0224878;2.37;26.02
28.11.2024 14:00;9.6049;-5.577663333;5.5103;-33.12957778;40;0;0;0;50;0;14.12594333;-10.91012333;-69.62377889;2.21;47.49
28.11.2024 14:15;1.77366;-2.251095556;0.460137778;-66.22198222;40;0;0;0;50;0;9.621321111;-10.39904333;-22.98299778;3.49;24.81
28.11.2024 14:30;2.543106667;-2.145296667;2.868164444;-33.96677444;40;0;0;0;50;0;11.35443333;-11.96994333;-58.68369;3.74;25.33
28.11.2024 14:45;2.846275556;-11.83417333;5.890384444;-33.50943111;0;0;0;0;50;0;9.12925;-12.41586778;-10.10643778;1.88;25.57
28.11.2024 15:00;0;-65.98076889;0.085417778;-42.28297111;0;0;0;0;50;0;13.88541111;-15.02118889;59.3141;-7.68;16.21
28.11.2024 15:15;0.774871111;-26.27740556;0.221417778;-73.72724;0;0;0;0;50;0;12.90798222;-10.70556889;46.80594333;1.12;24.41
28.11.2024 15:30;0;-40.05235778;0.036635556;-45.23485;0;0;0;0;50;0;12.23656333;-14.90044778;37.91445667;0.34;16.21
28.11.2024 15:45;0.931394444;-15.66921111;0.307248889;-82.57061222;0;0;0;0;50;0;13.25358889;-9.31479;43.06238111;2.06;26.26
28.11.2024 16:00;1.720647778;-5.927874444;0.858315556;-51.35626667;0;0;0;0;0;0;11.01510222;-11.56517444;55.25525;1.5;24.78
28.11.2024 16:15;5.299466667;-1.829001111;2.691675556;-45.81978333;0;0;0;0;0;0;10.18583111;-11.21307222;40.68488333;3.78;25.7
28.11.2024 16:30;6.194937778;-1.235204444;0.715991111;-46.76665889;0;0;0;0;0;0;13.21914667;-12.53172667;40.40351444;4.13;26.73
28.11.2024 16:45;10.99256444;-0.924612222;1.991063333;-24.43091333;0;0;0;0;0;0;12.53388444;-12.80382222;12.64183556;3.69;27.24
28.11.2024 17:00;6.237781111;-1.43473;3.866088889;-36.81885667;0;0;0;0;0;0;12.85125;-12.32036889;27.61883556;3.38;26.01
28.11.2024 17:15;13.93663556;-1.135117778;3.59356;-26.07691778;0;0;0;0;0;0;13.38919889;-13.98764333;10.28028444;4.43;29.21
28.11.2024 17:30;4.460153333;-1.761341111;4.945706667;-33.74056;0;0;0;0;0;0;11.70872;-12.13461889;26.52194;4.74;25.9
28.11.2024 17:45;7.445878889;-5.710721111;10.86915111;-14.80316222;0;0;0;0;0;0;12.42324556;-14.23796333;4.013571111;2.21;27.11
28.11.2024 18:00;0.57671;-11.87974111;15.61557556;-2.778574444;0;0;0;0;0;0;11.75945;-10.66348667;-2.629933333;2.54;25.97
28.11.2024 18:15;1.007347778;-7.590035556;20.09167111;-22.00576667;0;0;0;0;0;0;11.87824667;-11.95717;8.575706667;5.36;25.29
28.11.2024 18:30;1.685784444;-8.459057778;1.352836667;-30.32677556;0;0;0;0;0;0;11.82619333;-11.94715111;35.86817;4.85;25.23
28.11.2024 18:45;9.548757778;-1.778692222;3.727925556;-48.97595444;0;0;0;0;0;0;15.06807556;-13.85444889;36.26433667;6.2;26.76
28.11.2024 19:00;51.05416889;-0.073103333;43.05573222;-1.235066667;0;0;0;0;0;0;14.68805;-12.92995111;-94.55983;7.46;45.68
28.11.2024 19:15;22.67522667;-0.428595556;52.98429667;-0.837353333;0;0;0;0;0;0;12.70531333;-14.08149556;-73.01739222;7.58;35.96
28.11.2024 19:30;27.79297667;-0.014242222;22.83766333;-2.771853333;0;0;0;0;0;0;13.00237889;-13.21911889;-47.62780444;7.92;30.46
28.11.2024 19:45;8.301338889;-18.26280556;5.908493333;-35.88090222;30;0;0;0;0;0;11.64546667;-12.52520556;10.81361444;2.29;26.67
28.11.2024 20:00;91.25229222;-0.145668889;43.33949222;-0.944247778;23;0;0;0;0;0;17.65653222;-13.93579667;-160.2226033;6.88;84.43
28.11.2024 20:15;22.48331111;-2.551665556;64.41885556;-0.274844444;23;0;0;0;0;0;11.98785667;-15.51593667;-103.5475767;6.93;50.51
28.11.2024 20:30;0.963001111;-23.69859;2.04672;-23.89447333;80;0;0;0;0;0;9.013943333;-13.35424222;-31.07635889;2.24;22.71
28.11.2024 20:45;0.000813333;-21.00748778;0;-88.82596889;80;0;0;0;0;0;11.16156222;-8.368868889;27.03995;3.87;20.72
28.11.2024 21:00;38.59631556;-0.812172222;14.87325333;-2.837734444;80;0;0;0;0;0;12.97686;-10.13725667;-132.6592656;4.94;55.03
28.11.2024 21:15;15.58457222;-4.160296667;15.81837111;-15.73334556;80;0;0;0;0;0;10.60223889;-11.4586;-90.65294;5.85;34.86
28.11.2024 21:30;1.045326667;-14.44973556;0.337001111;-33.13707444;80;0;0;0;0;0;7.800282222;-10.31957333;-31.27622667;2.65;20.98
28.11.2024 21:45;0.000406667;-39.77931444;1.035146667;-22.91788444;0;-16;0;0;0;0;10.40311667;-14.39126444;81.64979333;-16.11;19.33
28.11.2024 22:00;4.676095556;-7.999381111;17.50074556;-7.907337778;56;0;0;0;0;0;15.61281667;-7.739536667;-70.14340222;-0.16;23.96
28.11.2024 22:15;11.16007222;-5.796445556;18.87300556;-12.85680778;36;0;0;0;0;0;7.064051111;-8.890483333;-45.55339222;4.12;26.57
28.11.2024 22:30;3.320037778;-3.851992222;7.035232222;-15.32449778;56;0;0;0;0;0;8.443202222;-7.929978889;-47.69200333;4.96;22.85
28.11.2024 22:45;2.054713333;-24.16219222;6.465142222;-30.68537;0;0;0;0;0;0;6.685134444;-12.40179556;52.04436778;-9.99;22.81
28.11.2024 23:00;8.344045556;-4.481875556;5.114702222;-20.54461667;156;0;0;0;0;0;15.25200556;-8.643371111;-151.04089;-2.78;28.68
28.11.2024 23:15;8.225228889;-11.60169222;9.008231111;-8.85878;41;0;0;0;0;0;7.570546667;-11.28908667;-34.05444778;3.1;26.48
28.11.2024 23:30;8.915748889;-3.06817;21.78426667;-6.398357778;0;0;0;0;0;0;11.71115667;-6.701606667;-26.24303778;3.19;24.18
28.11.2024 23:45;2.994104444;-10.16533222;30.14001778;-4.653712222;0;-56;0;0;0;0;6.880684444;-15.49450778;46.29874556;-27.14;21.64
29.11.2024 00:00;0;-26.88667222;0.029297778;-73.81937222;121;0;0;0;0;0;13.45456778;-7.326657778;-26.45116333;-6.09;15.93
29.11.2024 00:15;0.033501111;-31.93480333;0.008902222;-59.40256222;55;0;0;0;0;0;6.0387;-13.29648778;43.55275;-3.79;18.95
29.11.2024 00:30;0;-46.07245556;0;-36.84146;13;0;0;0;0;0;11.78979444;-11.33056333;69.45468444;-10.52;14.36
29.11.2024 00:45;0.107691111;-32.96183778;0;-84.37555667;0;-51;0;0;0;0;13.88185222;-7.571865556;161.9197167;-13.24;17.94
29.11.2024 01:00;22.94840444;-0.485972222;2.221696667;-6.503508889;52;0;0;0;0;0;10.13239333;-9.802522222;-70.51049111;4.83;29.39
29.11.2024 01:15;14.29145;-5.029706667;1.52482;-20.71210667;0;0;0;0;0;0;8.445346667;-10.78939111;12.26958778;-8.1;27.13
29.11.2024 01:30;1.48898;-8.16174;0.781035556;-38.88814111;0;-40;0;0;0;0;6.962645556;-8.836038889;86.65325889;-9.64;18.74
29.11.2024 01:45;2.256664444;-18.22778778;13.86416;-5.105486667;0;-121;0;0;0;0;9.220132222;-11.09155889;130.0838767;-14.4;21.4
29.11.2024 02:00;15.65386778;-3.890776667;35.58176889;-3.641935556;36;0;0;0;0;0;12.21650889;-7.226022222;-84.69341111;-1.71;27.67
29.11.2024 02:15;2.885333333;-4.163684444;2.398448889;-11.88649778;0;-10;0;0;0;0;6.08937;-4.260004444;18.93703444;2.27;23.21
29.11.2024 02:30;30.14988444;-0.031601111;16.90095;-3.669348889;0;-41;0;0;0;0;7.966897778;-8.264426667;-2.052355556;5.4;29.33
29.11.2024 02:45;6.711824444;-1.710745556;57.34484222;-0.454031111;0;-121;0;0;0;0;7.623147778;-9.95476;61.43972222;3.6;24.01
29.11.2024 03:00;0.666764444;-5.986723333;14.87797111;-13.15928;0;0;0;0;0;0;7.2884;-6.00043;2.313297778;2.48;19.1
29.11.2024 03:15;2.453324444;-3.10343;5.360164444;-14.96394778;0;-10;0;0;0;0;6.41414;-5.872901111;19.71265;3.91;19.26
29.11.2024 03:30;7.572263333;-0.278184444;20.99086556;-8.415604444;0;-51;0;0;0;0;5.968391111;-5.435397778;30.59766667;5.1;22.26
29.11.2024 03:45;1.40354;-3.65601;46.20142222;-0.491982222;0;-67;0;0;0;0;5.769024444;-8.717155556;26.49116111;0.66;17.73
29.11.2024 04:00;4.857721111;-11.10541;14.87648333;-4.419448889;0;-21;0;0;0;0;10.15598222;-5.122065556;11.75673778;-0.42;23.11
29.11.2024 04:15;3.802344444;-1.933718889;36.16818333;-1.324617778;0;-21;0;0;0;0;7.218442222;-9.516084444;-13.41454889;4.28;21.56
29.11.2024 04:30;5.006766667;-1.064988889;22.89898333;-5.48552;2;0;0;0;0;0;7.14898;-6.976207778;-23.52801333;4.9;23.47
29.11.2024 04:45;1.449372222;-2.692592222;35.64275444;-0.993702222;13;0;0;0;0;0;7.702622222;-8.209895556;-45.89855889;3.3;19.77
29.11.2024 05:00;0.54822;-25.80673778;14.34569444;-3.036962222;0;-91;0;0;0;0;16.39325222;-16.44533667;105.00187;-19;19.32
29.11.2024 05:15;0.891381111;-16.11393556;24.24939556;-4.594825556;0;-40;0;0;0;0;11.64033111;-19.61557556;43.54322889;-7.39;19.02
29.11.2024 05:30;3.788646667;-20.25961111;0.47151;-32.55685222;36;0;0;0;0;0;14.23908333;-7.356187778;5.673411111;-22.4;23.87
29.11.2024 05:45;4.66484;-5.697284444;8.907484444;-9.731291111;119;0;0;0;0;0;10.52812444;-13.25330222;-114.4185711;-4.38;24.43
29.11.2024 06:00;7.640652222;-28.77372667;32.54557;-4.332276667;0;-154;0;0;0;0;21.98897556;-16.11622111;141.0470267;-42.3;26.47
29.11.2024 06:15;21.36557556;-0.642904444;22.55999889;-6.122513333;0;-22;0;0;0;0;10.71885111;-14.39672667;-11.48228111;3.51;28.9
29.11.2024 06:30;23.81469889;-0.662704444;1.436731111;-20.65075667;40;0;0;0;0;0;13.51834667;-11.14312111;-46.31319444;4.66;38.7
29.11.2024 06:45;19.31980778;-0.23383;7.084867778;-13.15329778;135;0;0;0;0;0;12.92997667;-13.75868111;-147.1888433;4.6;28.17
29.11.2024 07:00;2.95545;-28.03087333;35.02889778;-3.65291;0;-79;0;0;0;0;15.73349;-16.00285;72.96879556;-4.91;27.28
29.11.2024 07:15;37.08889111;0;32.37961667;-0.790808889;30;0;0;0;0;0;13.12983333;-13.37483;-98.43270222;14.99;35.94
29.11.2024 07:30;94.57247333;0;14.72836444;-0.257471111;69;0;0;0;0;0;19.89880111;-10.02764222;-187.9145256;14.99;126.12
29.11.2024 07:45;122.4072289;0;20.74788111;-0.347115556;120;0;0;0;0;0;10.78233222;-17.59141111;-255.9989156;14.99;142.89
29.11.2024 08:00;111.4737989;0;29.14303111;-0.045137778;50;0;0;0;0;0;18.84411444;-14.11621222;-195.2995944;16.81;117.16
29.11.2024 08:15;59.65563;0;14.84342556;-2.283137778;140;0;0;0;0;0;11.26166;-18.61794667;-204.8596311;5.4;75.94
29.11.2024 08:30;16.36107889;-3.469373333;29.10125444;-6.754847778;130;0;0;0;0;0;10.98443222;-15.15405111;-161.0684933;3.07;37.79
29.11.2024 08:45;1.036376667;-22.58653889;21.85824222;-7.988956667;162;0;0;0;0;0;15.40448333;-12.94190222;-156.7817044;2.56;28.92
29.11.2024 09:00;48.51915667;-0.96883;11.10739444;-4.036793333;143;0;0;0;0;0;16.16863667;-14.72733889;-199.0622256;4.14;56.76
29.11.2024 09:15;4.341895556;-47.99709111;1.781124444;-17.75362222;205;0;0;0;0;0;9.518515556;-19.94133889;-134.9494833;-2.05;36
29.11.2024 09:30;0;-60.60860222;0;-29.56987333;195;0;0;0;0;0;16.34113889;-14.13441;-107.0282533;-2.47;23.44
29.11.2024 09:45;0.109862222;-91.37926333;1.314008889;-12.10205111;153;0;0;0;0;0;14.00337889;-18.15162667;-46.79430889;-16.63;25.68
29.11.2024 10:00;4.236251111;-18.35367222;7.791801111;-17.72676111;152;0;0;0;0;0;21.42985889;-9.130068889;-140.2474089;-10.77;27.82
29.11.2024 10:15;0.729708889;-35.09901889;16.72495333;-3.039275556;102;0;0;0;0;0;12.94354556;-17.75661889;-76.50329444;-11.06;24.43
29.11.2024 10:30;0;-63.76871556;0.189595556;-7.232332222;50;0;0;0;0;0;13.08241444;-16.63360778;24.36264556;-14.94;19.85
29.11.2024 10:45;0;-140.60303;0;-8.566101111;45;0;0;0;0;0;10.29570333;-18.53242444;112.4058522;-49.71;19.72
29.11.2024 11:00;0;-63.98519889;0.503675556;-42.45136333;0;0;0;0;74;0;21.13823778;-10.70694556;21.50159444;-23.85;17.6
29.11.2024 11:15;0;-70.14446222;0;-48.37888778;0;0;0;0;74;0;12.47614778;-17.52955778;49.57676;-33.67;17.6
29.11.2024 11:30;0.008273333;-31.61810111;1.370077778;-48.33623222;0;-62;0;0;74;0;17.30112333;-7.378484444;56.65334333;-19.26;22.55
29.11.2024 11:45;1.083442222;-30.93382778;5.812511111;-20.22168889;0;-117;0;0;74;0;10.26910778;-15.84444778;92.83490333;-28.37;24.09
29.11.2024 12:00;18.96214333;-3.896484444;11.31344111;-4.827536667;91;0;0;0;0;0;15.87373667;-9.845635556;-118.5796644;-17.86;27.73
29.11.2024 12:15;28.64784889;-16.14149667;5.441298889;-10.84072444;0;-26;0;0;0;0;14.31748667;-18.94801667;23.52360333;-16.64;31.97
29.11.2024 12:30;6.185297778;-4.801697778;10.43529778;-14.1872;0;-105;0;0;0;0;13.92258778;-11.29608778;104.7418022;-3.85;26.36
29.11.2024 12:45;1.640622222;-18.24272;29.98383778;-8.144952222;0;-181;0;0;0;0;9.438198889;-16.27495222;182.5999656;-23.81;25.09
29.11.2024 13:00;0.02075;-32.98055222;0;-74.06017667;81;0;0;0;0;0;16.76158556;-10.93967444;20.19806778;-14.06;21.62
29.11.2024 13:15;0;-48.78254111;0.019288889;-67.27895333;82;0;0;0;0;0;10.40176111;-17.32419222;40.96463667;-35.15;18.3
29.11.2024 13:30;0;-48.15173111;0.120675556;-55.70841889;27;0;0;0;0;0;13.97733;-9.319122222;72.08126667;-25.46;17.42
29.11.2024 13:45;0;-71.46607778;0;-35.27999889;17;0;0;0;0;0;10.15980111;-12.42243667;92.00871222;-29.63;17.26
29.11.2024 14:00;1.243215556;-56.14422333;0.352785556;-33.13558222;0;-49;0;0;0;0;24.19408222;-18.95808667;131.4478089;-67.53;24.85
29.11.2024 14:15;4.949274444;-1.186786667;5.027837778;-23.05459778;0;-56;0;0;0;0;12.23336667;-12.27026889;70.30117444;3.78;24.9
29.11.2024 14:30;5.453015556;-6.234114444;4.665142222;-38.65388222;0;-45;0;0;0;0;12.66412556;-12.57056333;79.67627667;2.13;27.84
29.11.2024 14:45;2.802464444;-5.544146667;3.246437778;-50.67857111;0;-45;0;0;0;0;12.99048667;-13.15700778;95.34033667;2.67;26.82
29.11.2024 15:00;1.541868889;-46.89058778;0.01588;-72.55088667;0;-45;0;0;0;0;15.34613;-15.92013556;163.4577311;-24.25;26.13
29.11.2024 15:15;3.972841111;-1.853561111;1.287675556;-50.82821;0;-45;0;0;0;0;13.72665111;-12.80819889;91.50280222;3.93;25.99
29.11.2024 15:30;49.50372778;-0.018038889;15.24411556;-3.691475556;0;-82;0;0;0;0;17.53745444;-13.14207333;16.56629;4.68;44.72
29.11.2024 15:45;68.21872889;-1.025941111;17.06754;-12.46273111;0;-57;0;0;0;0;16.55541889;-22.11562444;-9.237391111;3.93;71.39
29.11.2024 16:00;11.32119667;-1.507693333;9.960834444;-32.18718778;0;-37;0;0;0;0;14.47703;-12.94595222;47.88177222;3.27;28.77
29.11.2024 16:15;24.31829556;-0.269233333;15.90514444;-9.053408889;10;0;0;0;0;0;13.89679444;-16.40840444;-38.38918778;3.91;29.8
29.11.2024 16:30;1.086152222;-12.02730444;1.732791111;-34.93727222;75;0;0;0;0;0;15.68874;-13.87800889;-32.66509778;2.93;32.41
29.11.2024 16:45;8.564854444;-4.144697778;13.55930667;-21.73076556;110;0;0;0;0;0;16.40053778;-20.01301778;-102.6362178;2.77;28.91
29.11.2024 17:00;0;-69.37364333;0.084905556;-6.984245556;108;0;0;0;0;0;16.89860333;-20.48336556;-28.14225444;-2.47;20.18
29.11.2024 17:15;0.0845;-42.99506556;6.935443333;-0.308324444;0;0;0;0;0;0;20.10960889;-15.26799333;31.44183111;0.06;26.04
29.11.2024 17:30;0.012478889;-45.51228889;3.815102222;-0.025493333;0;0;0;0;0;0;14.96341333;-15.15408889;41.90087667;-1.52;24.81
29.11.2024 17:45;0.46278;-26.91337333;15.04555444;-1.024133333;0;0;0;0;0;0;15.39957556;-17.08656778;14.11616444;-1.74;27.36
29.11.2024 18:00;0;-44.48080111;5.98796;-3.190276667;0;0;0;0;0;0;17.49755778;-18.16462222;42.35018222;-3.57;18.29
29.11.2024 18:15;0.0373;-72.89017889;2.70996;-7.995167778;0;0;0;0;0;0;14.78218556;-17.08468333;80.44058444;-10.24;22.95
29.11.2024 18:30;0;-76.69187778;0.68468;-2.010735556;0;0;0;0;0;0;15.23737111;-17.96113667;80.74169889;-8.8;18.29
29.11.2024 18:45;0;-97.93334333;0.523275556;-5.040436667;0;0;0;0;0;0;22.49242889;-19.69560444;99.65368;-16;18.29
29.11.2024 19:00;1.216226667;-14.62212111;12.42541333;-12.92716;0;0;0;0;0;0;16.61432444;-10.02875889;7.322075556;-8.38;24.81
29.11.2024 19:15;0.9813;-10.40770444;37.22001889;-0.319987778;0;-57;0;0;0;0;13.53489889;-13.08378444;29.07525889;-1.04;23.37
29.11.2024 19:30;0.476201111;-11.35103667;16.93169444;-0.219693333;0;-119;0;0;0;0;10.84581111;-12.23685111;114.5538744;-0.6;21.43
29.11.2024 19:45;1.647948889;-19.42139333;43.98439111;-1.697958889;0;-141;0;0;0;0;12.29981556;-15.18226;119.3694567;-11.66;22.23
29.11.2024 20:00;20.95635111;-3.212347778;50.35840444;-1.98563;13;0;0;0;0;0;16.30941444;-13.15264111;-82.27355111;-2.57;44.38
29.11.2024 20:15;4.097624444;-3.396926667;49.55208333;-0.169992222;0;-51;0;0;0;0;12.41700333;-13.76898889;2.269196667;0.25;24.18
29.11.2024 20:30;0.868867778;-12.15398333;20.57834556;-4.825346667;0;-66;0;0;0;0;11.61509222;-12.55346222;62.47048667;-2.58;21.71
29.11.2024 20:45;0.132916667;-30.20644444;7.248501111;-20.47838222;0;-122;0;0;0;0;12.96795111;-13.98414667;166.3196044;-15.03;19.71
29.11.2024 21:00;7.758115556;-3.878453333;19.31445;-8.279817778;0;0;0;0;0;0;12.17829667;-10.53360111;-16.55899;-0.02;27.69
29.11.2024 21:15;0.526805556;-21.06254556;7.326731111;-25.02035556;51;0;0;0;0;0;7.5049;-11.38073556;-8.8948;-6.1;21.47
29.11.2024 21:30;0.861407778;-25.65793;0.4286;-34.03134222;0;0;0;0;0;0;10.13889;-9.580381111;57.84075556;-10.59;20.42
29.11.2024 21:45;0.000948889;-41.81384556;1.998353333;-7.370723333;0;-110;0;0;0;0;8.888595556;-16.84189;165.1385611;-27.08;18.29
29.11.2024 22:00;5.831024444;-8.774946667;7.262934444;-21.71153222;0;0;0;0;0;0;17.88416667;-7.387167778;6.895521111;-31.05;24.82
29.11.2024 22:15;8.1239;-1.200893333;4.090765556;-23.96943;9;0;0;0;0;0;7.84151;-8.632816667;4.746964444;4.53;31.93
29.11.2024 22:30;26.50945556;-0.2752;7.104394444;-5.248048889;0;-40;0;0;0;0;10.96406778;-9.674723333;10.62005444;3.31;46.32
29.11.2024 22:45;17.59739556;-2.99831;7.785422222;-46.56016778;0;-96;0;0;0;0;10.47254222;-11.53379111;121.2369089;0.84;41.74
29.11.2024 23:00;20.28848556;-0.545107778;5.988768889;-12.36489444;73;0;0;0;0;0;12.36190778;-12.72080333;-86.00835667;3.08;37.25
29.11.2024 23:15;8.107638889;-24.31030778;3.773904444;-8.874316667;0;0;0;0;0;0;7.89958;-13.37374889;26.77725;-22.44;31.02
29.11.2024 23:30;2.804494444;-14.13180444;2.190717778;-19.66646;0;-56;0;0;0;0;11.78709778;-8.506683333;81.52263778;-10.6;22.41
29.11.2024 23:45;3.913436667;-18.65559889;3.98129;-12.64650778;0;-120;0;0;0;0;8.642557778;-11.88478111;146.6496033;-15.76;25.62
30.11.2024 00:00;1.799307778;-11.12778111;2.600786667;-10.65754;76;0;0;0;0;0;14.33542;-8.557982222;-64.39221111;-24.83;23.15
30.11.2024 00:15;16.61103889;-23.17397333;0;-4.003091111;4;0;0;0;0;0;7.51894;-14.32698556;13.37407111;-51.03;28.47
30.11.2024 00:30;0;-50.52205333;0.048826667;-4.276696667;0;-61;0;0;0;0;11.07476667;-9.173181111;113.8483378;-49.85;12.86
30.11.2024 00:45;0;-46.60468444;2.352426667;-4.548623333;0;-125;0;0;0;0;11.09288556;-8.480892222;171.1888878;-44.61;12.86
30.11.2024 01:00;3.206778889;-6.236293333;1.776768889;-18.34870111;25;0;0;0;0;0;9.912663333;-5.283972222;-10.02724444;-16.63;22.8
30.11.2024 01:15;0.37815;-17.56821667;0.95236;-31.08028222;0;-30;0;0;0;0;5.315231111;-8.062888889;80.06564667;-20.16;20.07
30.11.2024 01:30;0.625678889;-10.49288778;0.2368;-31.22195333;0;-61;0;0;0;0;8.212585556;-7.468007778;101.1077844;-16.12;20.15
30.11.2024 01:45;0;-36.53226333;0.187715556;-17.51736222;0;-120;0;0;0;0;6.201465556;-12.78620111;180.4466456;-45.79;12.63
30.11.2024 02:00;5.474433333;-12.27035889;0;-37.04941111;0;0;0;0;0;0;16.79286444;-6.420883333;33.47335556;-40.38;28.16
30.11.2024 02:15;3.183721111;-7.09065;0;-20.08280444;0;-61;0;0;0;0;5.281606667;-6.194887778;85.90301444;-5.3;21.45
30.11.2024 02:30;2.1087;-14.28181889;0;-12.67276444;0;-85;0;0;0;0;5.605193333;-7.624728889;111.8654189;-14.91;20.96
30.11.2024 02:45;0;-31.93956333;0;-9.018277778;0;-130;0;0;0;0;5.336658889;-8.948207778;174.56939;-40.58;12.21
30.11.2024 03:00;0;-51.68213556;0;-51.75419333;40;0;0;0;0;0;11.44073222;-10.57270556;62.56830222;-46.15;14.96
30.11.2024 03:15;0;-67.27864556;0;-39.78761111;0;-16;0;0;0;0;7.475044444;-9.780473333;125.3716856;-60.07;12.13
30.11.2024 03:30;0;-58.99035333;0;-33.97181556;0;-46;0;0;0;0;9.104276667;-9.302784444;139.1606767;-54.29;12.13
30.11.2024 03:45;0.034584444;-46.61499667;0;-65.90346111;0;-75;0;0;0;0;10.52463778;-6.302627778;183.2618633;-56.62;19.4
30.11.2024 04:00;1.188822222;-8.456878889;0;-153.8806044;0;0;0;0;0;0;10.48962556;-6.474045556;157.1330811;-29.05;22.27
30.11.2024 04:15;0.036623333;-74.05112444;0;-53.80260889;0;-30;0;0;0;0;4.888517778;-12.97341444;165.9020067;-83.43;19.49
30.11.2024 04:30;0;-88.85348778;0;-30.27311444;0;-36;0;0;0;0;7.970362222;-8.729094444;155.8853344;-75.84;12.21
30.11.2024 04:45;0;-86.23536333;0;-10.77392333;0;-51;0;0;0;0;10.31167778;-8.522096667;146.2197056;-80.01;12.21
30.11.2024 05:00;0;-53.38528556;0.265844444;-6.248715556;0;-56;0;0;0;-98;11.57499333;-9.252376667;211.04554;-52.1;12.54
30.11.2024 05:15;0.190833333;-10.66974667;6.205751111;-1.781298889;0;-51;0;0;0;-98;7.778594444;-6.173788889;153.4496556;-15.79;19.89
30.11.2024 05:30;19.62699333;-1.50811;10.90354222;-1.001454444;0;-30;0;0;0;-98;10.35647222;-7.428383333;97.05094;-5.63;27.07
30.11.2024 05:45;18.47452889;-0.003933333;44.80984889;-0.260613333;0;0;0;0;0;-98;8.881616667;-6.491984444;32.59053667;3.8;25.94
30.11.2024 06:00;10.82030667;-20.04353444;7.668604444;-11.46410667;0;-175;0;0;0;0;21.56060667;-24.47293556;190.9310589;-93.73;24.8
30.11.2024 06:15;4.332677778;-13.93948444;0;-21.54643444;0;-115;0;0;0;0;8.14046;-10.08596444;148.0987456;-25.29;23.33
30.11.2024 06:30;0.229216667;-17.27701;0;-50.33137111;0;-51;0;0;0;0;12.03367;-10.68628778;117.0317822;-33.75;19.52
30.11.2024 06:45;0.993506667;-22.77723556;0.12189;-71.12694111;0;0;0;0;0;0;9.763467778;-14.09889111;97.12420333;-42.57;19.83
30.11.2024 07:00;0;-49.59880111;0.427924444;-19.08520667;0;-160;0;0;0;0;13.15538222;-10.16140333;225.2621044;-60.25;13.39
30.11.2024 07:15;0.131971111;-14.02033778;4.8745;-23.50418;0;-135;0;0;0;0;9.18701;-8.93554;167.2665767;-15.08;13.94
30.11.2024 07:30;0.042723333;-13.54882778;0.521275556;-41.91971444;0;-61;0;0;0;0;9.026403333;-9.14061;116.01875;-10.79;13.94
30.11.2024 07:45;0.711132222;-6.057797778;1.496074444;-23.06060222;0;-47;0;0;0;0;9.767222222;-8.67619;72.82016111;-3.31;13.97
30.11.2024 08:00;6.921101111;-0.821118889;45.92343333;-0.4138;0;-204;0;0;0;0;8.588361111;-7.890353333;151.6923767;-1.25;25.73
30.11.2024 08:15;8.153743333;-0.93601;33.78733667;-1.600372222;0;-148;0;0;0;0;8.492568889;-9.099086667;109.20182;0.52;26.98
30.11.2024 08:30;16.34182333;-0.473626667;18.95672333;-2.358088889;0;-116;0;0;0;0;9.677178889;-9.009614444;82.86560444;1.24;30.24
30.11.2024 08:45;14.05693889;-0.499806667;22.42920667;-3.500372222;0;-105;0;0;0;0;10.35103667;-10.51242778;72.67542444;-0.85;30.09
30.11.2024 09:00;97.74482;0;45.20216;0;0;-149;0;0;0;0;15.74873556;-10.20641667;0.510701111;-3;85.14
30.11.2024 09:15;41.41346667;-0.687117778;46.40273889;-0.098484444;0;-86;0;0;0;0;8.603004444;-15.01654667;5.382938889;-0.56;39.74
30.11.2024 09:30;1.615115556;-9.181453333;27.60028;-1.921114444;0;-51;0;0;0;0;9.961193333;-13.39358889;36.31956778;-9.85;16.3
30.11.2024 09:45;0.746523333;-21.50159556;10.59304444;-3.989053333;0;-51;0;0;0;0;12.09521111;-9.543177778;62.59904778;-31.27;15.48
30.11.2024 10:00;65.03320222;-0.873617778;69.05880556;-0.068991111;23;0;0;0;0;-93;17.62807;-15.96490556;-64.81256333;-1.44;67.15
30.11.2024 10:15;13.19037444;-2.14938;92.19152556;-0.015866667;12;0;0;0;0;-93;11.84350111;-12.55506;-21.50509444;-1.47;26.31
30.11.2024 10:30;1.680356667;-4.241933333;37.89060222;-0.312737778;71;0;0;0;0;-93;11.64929667;-12.83123667;-11.83434778;-5.68;23.42
30.11.2024 10:45;2.580015556;-2.24596;64.99118444;-0.006261111;0;0;0;0;0;-93;10.31522;-10.65865333;28.02445444;-1.44;24.24
30.11.2024 11:00;4.513472222;-2.416038889;79.05766889;-0.7284;0;-60;0;0;0;-57;11.49059;-10.33394444;35.41665222;-1.44;25.12
30.11.2024 11:15;1.736643333;-6.38699;74.06332333;-0.181452222;0;-60;0;0;0;-57;11.20441667;-13.59077;50.15482889;-5.14;23.91
30.11.2024 11:30;0;-81.86753778;0.003253333;-8.527657778;76;0;0;0;0;0;10.77881889;-17.01711889;20.63024222;-59.66;14.71
30.11.2024 11:45;0;-69.55713889;0.079208889;-6.6735;36;0;0;0;0;0;18.00486556;-12.33075333;34.47731778;-32.55;14.43
30.11.2024 12:00;0;-33.90584667;0.842906667;-35.00982;77;0;0;0;0;0;12.89794222;-11.38371333;-10.44146889;-14.97;15.18
30.11.2024 12:15;0.431034444;-18.27662889;4.284204444;-22.22369111;17;0;0;0;0;0;8.606737778;-10.15268111;20.33102444;-25.68;22.99
30.11.2024 12:30;11.51000111;-3.030324444;31.67089222;-9.216598889;0;-55;0;0;0;0;13.67811111;-9.561075556;19.94899444;-17.92;25.94
30.11.2024 12:45;2.634137778;-16.76201889;14.52846889;-6.670461111;0;-25;0;0;0;0;8.860685556;-12.07543444;34.48462222;-20.79;24.97
30.11.2024 13:00;54.09274778;-0.499673333;34.79640444;-0.067827778;0;0;0;0;0;-33;15.68521889;-7.926177778;-63.08069222;-15.77;30.46
30.11.2024 13:15;9.693458889;-1.609285556;80.62099111;-1.527951111;0;0;0;0;0;-33;7.711045556;-12.70476667;-49.18349222;-3.21;27.17
30.11.2024 13:30;25.56423222;-0.053032222;42.52089;-0.588213333;23;0;0;0;0;-33;13.60704111;-10.64889;-60.40202778;-2.36;27.24
30.11.2024 13:45;13.61027889;-1.227473333;53.20667778;-1.114015556;36;0;0;0;0;-33;9.093664444;-13.18138556;-63.38774667;-2.03;27.48
30.11.2024 14:00;10.17889556;-8.277722222;10.31917222;-17.71886556;40;0;0;0;0;0;13.52156333;-10.60169333;-37.42135;-19.2;26.9
30.11.2024 14:15;16.38537556;-0.532628889;21.43475556;-2.638262222;40;0;0;0;0;0;11.58610778;-11.24839889;-74.98694889;-3.06;27.01
30.11.2024 14:30;43.63431222;-0.061714444;10.18597111;-0.84308;69;0;0;0;0;0;15.51319889;-11.80962667;-125.6190611;-1.6;30.01
30.11.2024 14:45;46.34099889;-0.254313333;33.43474333;-0.72268;71;0;0;0;0;0;8.828941111;-16.25349;-142.3742;-2.09;32.28
30.11.2024 15:00;18.01173;-3.661153333;22.59472444;-11.79158222;0;-20;0;0;0;0;14.59282889;-10.15787556;-9.588672222;-5.33;32.66
30.11.2024 15:15;36.77122222;-0.425892222;13.61889667;-7.78972;55;0;0;0;0;0;10.66677222;-14.24042111;-93.60085778;-0.6;40.83
30.11.2024 15:30;30.17253889;-0.451658889;9.276808889;-8.367598889;111;0;0;0;0;0;16.2565;-12.46639;-145.4202;-0.61;39.88
30.11.2024 15:45;24.91320333;-0.034721111;37.35625778;-1.586538889;139;0;0;0;0;0;10.68331556;-14.39886778;-195.9326489;-0.08;32.28
30.11.2024 16:00;3.502182222;-2.078305556;81.59187556;-2.500915556;0;-58;0;0;0;0;11.77950222;-11.98408444;-22.31025444;-3;26.74
30.11.2024 16:15;20.33948444;-0.270044444;78.05529;-0.328;0;-35;0;0;0;0;12.59607444;-12.13026889;-63.26253556;-0.14;28.9
30.11.2024 16:30;14.58494889;-0.386687778;38.78520778;-0.456613333;99;0;0;0;0;0;10.73081444;-10.85858556;-151.3990844;0.07;28.84
30.11.2024 16:45;5.839842222;-5.498443333;4.962803333;-22.30171667;206;0;0;0;0;0;12.01471778;-12.78942889;-188.2277744;-1.35;28.72
30.11.2024 17:00;2.273484444;-6.592047778;11.23635333;-26.02187889;38;0;0;0;0;0;10.47498889;-11.45450778;-17.91639222;-0.03;27.13
30.11.2024 17:15;1.551503333;-3.477767778;35.04487111;-2.768702222;0;0;0;0;0;0;9.847576667;-9.648178889;-30.54930222;0.95;26.91
30.11.2024 17:30;6.152615556;-2.74779;18.33743889;-6.872353333;47;0;0;0;0;0;10.99066667;-9.960136667;-62.90044111;1.03;28.27
30.11.2024 17:45;11.28391333;-1.142306667;28.98713;-3.937594444;30;0;0;0;0;0;10.78993222;-12.19480333;-63.78627111;1;28.79
30.11.2024 18:00;1.78181;-11.75115778;6.148607778;-22.33556556;30;0;0;0;0;0;10.84065;-11.68591778;-2.998426667;0.83;29.21
30.11.2024 18:15;0.062932222;-28.47206444;4.15337;-18.42009111;10;0;0;0;0;0;8.590176667;-12.09554222;36.18121889;-0.78;25.53
30.11.2024 18:30;0;-32.95559667;1.536306667;-10.14314667;0;-7;0;0;0;0;13.64692111;-12.51247222;47.42798778;-0.76;16.28
30.11.2024 18:45;2.705621111;-12.54327;2.426973333;-39.25606444;0;-32;0;0;0;0;11.48275556;-11.67454111;78.85852556;-0.57;26.92
30.11.2024 19:00;24.18417556;-1.402313333;15.46897889;-4.563357778;31;0;0;0;0;-12;15.30435111;-12.30362333;-55.68821111;-0.75;37.2
30.11.2024 19:15;10.46779;-8.971368889;20.22343111;-17.19236444;10;0;0;0;0;-12;8.830304444;-11.35010667;-0.007685556;1.11;26.21
30.11.2024 19:30;0.813665556;-30.26935667;0.352742222;-53.41317667;0;-72;0;0;0;-12;9.87578;-13.11875667;169.7591022;-5.01;24.55
30.11.2024 19:45;1.142973333;-48.33495556;0.714853333;-40.68055444;0;-84;0;0;0;-12;12.90985444;-14.28441;184.5322389;-24.46;24.31
30.11.2024 20:00;0.142282222;-22.86987889;0.127453333;-67.30315111;53;0;0;0;0;0;17.23579111;-10.63746556;30.30496889;-0.51;24.76
30.11.2024 20:15;0.350206667;-48.31583444;0.669844444;-40.26334111;13;0;0;0;0;0;11.55082111;-16.53946556;79.54776889;-25.95;22.28
30.11.2024 20:30;3.586028889;-17.75837444;3.020511111;-32.87687222;0;-87;0;0;0;0;14.62866222;-6.815842222;123.2158867;-3.26;24.26
30.11.2024 20:45;22.37995778;-9.672441111;15.60353778;-15.39291;0;-201;0;0;0;0;7.72623;-15.72749556;196.0831211;-19.13;25.01
30.11.2024 21:00;1.397571111;-12.44573556;0.006608889;-109.1728822;79;0;0;0;0;0;12.09581889;-9.989448889;39.10806778;-8.26;21.45
30.11.2024 21:15;1.122363333;-7.475997778;0;-149.3036056;76;0;0;0;0;0;11.27930778;-9.727108889;78.10504111;-9.69;20.37
30.11.2024 21:30;0.77908;-34.84848667;0;-110.4333489;32;0;0;0;0;0;9.322648889;-12.35135556;115.5314622;-23.4;20.08
30.11.2024 21:45;0;-77.10122889;0;-78.18612667;0;-25;0;0;0;0;9.131106667;-14.87629;186.0325389;-59.44;13.6
30.11.2024 22:00;8.841258889;-7.869454444;1.939888889;-43.98862667;0;-25;0;0;0;0;21.80009;-9.956331111;54.23317444;-62.96;23.49
30.11.2024 22:15;5.709634444;-13.60772667;7.700493333;-17.91970778;0;-25;0;0;0;0;9.854865556;-11.13280778;44.39524889;-7.92;22.83
30.11.2024 22:30;7.231446667;-1.220563333;1.871911111;-25.62121;0;-25;0;0;0;0;9.807908889;-8.012437778;40.94294444;-0.88;22.04
30.11.2024 22:45;2.761222222;-4.351667778;0.748635556;-68.93639111;0;-25;0;0;0;0;7.356758889;-11.93764556;99.35908778;-27.45;20.72
30.11.2024 23:00;34.21591667;-5.355773333;16.66549222;-20.61264333;0;-26;0;0;0;0;17.19153222;-14.6788;-1.425724444;-16.92;30.7
30.11.2024 23:15;0.92949;-32.16768;7.775148889;-6.372462222;0;-21;0;0;0;0;7.292475556;-16.18299889;59.72602667;-60.74;18.49
30.11.2024 23:30;0;-64.10819778;0;-44.46428111;0;0;0;0;0;0;11.42304111;-11.14012889;108.2895667;-69.05;12.7
30.11.2024 23:45;0;-85.68170111;0;-17.25736778;0;0;0;0;0;0;12.56538778;-14.04220333;104.4158844;-101.68;12.7
01.12.2024 00:00;2.373987778;-14.23703333;30.76751556;-1.461838889;0;0;0;0;0;0;15.63016444;-5.199893333;-27.87290222;-57.59;21.71
01.12.2024 00:15;0.423043333;-19.14861111;9.063716667;-1.897634444;0;0;0;0;0;0;4.477233333;-8.079716667;15.16196889;-28.65;16.58
01.12.2024 00:30;0;-48.83899111;0;-19.57141222;0;0;0;0;0;0;6.739644444;-10.37462444;72.04538333;-53.84;11.95
01.12.2024 00:45;0;-116.0099411;0;-21.30479111;0;0;0;0;0;0;9.332677778;-11.61622889;139.5982833;-130.67;11.95
01.12.2024 01:00;0;-20.83561222;0;-37.99495889;0;0;0;0;0;0;12.93513778;-4.094261111;49.98969444;-25.14;11.6
01.12.2024 01:15;0;-59.45096333;0;-39.19642222;0;0;0;0;0;0;6.283644444;-14.22228889;106.58603;-63.59;11.6
01.12.2024 01:30;0;-72.90864222;0;-42.67414778;0;0;0;0;0;0;10.95811;-13.66993;118.29461;-84.18;11.6
01.12.2024 01:45;0;-104.4848633;0;-7.317484444;0;-48;0;0;0;0;9.554274444;-13.50236667;163.75044;-111.18;11.6
01.12.2024 02:00;8.399241111;-9.587944444;3.879848889;-12.15319222;0;-50;0;0;0;0;19.07089333;-4.176383333;44.56753667;-110.2;21.87
01.12.2024 02:15;1.148546667;-25.46128556;1.781866667;-9.678155556;0;-50;0;0;0;0;2.785131111;-8.260501111;87.68439778;-38.91;18.69
01.12.2024 02:30;0;-41.44327;0.053168889;-7.819981111;0;-50;0;0;0;0;8.504802222;-8.728761111;99.43404111;-41.03;11.14
01.12.2024 02:45;0;-65.89450333;0;-10.73104222;0;-49;0;0;0;0;7.03342;-5.868326667;124.4604522;-47.41;11.14
01.12.2024 03:00;6.918527778;-7.932403333;16.61656;-5.076082222;0;-54;0;0;0;0;11.12388444;-6.072877778;38.42239111;-31.26;21.66
01.12.2024 03:15;1.44979;-3.394072222;35.58453556;-0.209471111;0;-54;0;0;0;0;5.301926667;-7.226861111;22.49415222;-8.91;17.02
01.12.2024 03:30;3.234458889;-6.219068889;8.972383333;-4.934597778;0;-50;0;0;0;0;6.693006667;-7.473104444;49.72692222;-9.07;18.98
01.12.2024 03:45;0;-54.47835111;0.623906667;-13.12317222;0;0;0;0;0;0;4.843482222;-11.50328667;73.63742111;-71.73;11.01
01.12.2024 04:00;2.054711111;-12.45795111;0.02448;-52.22220556;0;0;0;0;0;0;12.90902889;-4.465864444;54.15780111;-58.64;15.68
01.12.2024 04:15;1.220425556;-10.91512333;3.992928889;-35.83873111;0;0;0;0;0;0;6.737696667;-7.482342222;42.28514556;-11.08;15.21
01.12.2024 04:30;2.852086667;-0.79562;2.882853333;-22.49124444;0;0;0;0;0;0;6.250034444;-4.80606;16.10795;2.82;15.22
01.12.2024 04:45;0.932066667;-7.798253333;5.737755556;-8.810885556;0;0;0;0;0;0;5.061847778;-11.94147556;16.81894444;-33.17;15.15
01.12.2024 05:00;0.929895556;-13.44428111;0;-57.95783111;0;0;0;0;0;0;10.42918889;-4.922688889;64.96571667;-33.43;18.39
01.12.2024 05:15;0.770795556;-3.716353333;0.04916;-43.65089778;0;0;0;0;0;0;6.653396667;-6.064774444;45.95867333;0.94;16.27
01.12.2024 05:30;4.95806;-0.449747778;1.932237778;-19.84283222;0;0;0;0;0;0;7.34507;-6.701671111;12.75888333;2.38;18.72
01.12.2024 05:45;6.965468889;-0.984967778;3.983164444;-25.00868;0;0;0;0;0;0;8.544373333;-8.598051111;15.09869222;1.32;21.03
01.12.2024 06:00;2.831071111;-2.032877778;0.718517778;-38.45626778;0;0;0;0;0;0;7.945453333;-6.571197778;35.56530111;-0.74;19.4
01.12.2024 06:15;8.965777778;-1.252167778;5.663083333;-9.098024444;0;-41;0;0;0;0;8.723167778;-8.854433333;36.85259667;-0.81;21.39
01.12.2024 06:30;0.887857778;-5.146464444;0.75166;-47.69228444;0;-5;0;0;0;0;8.264145556;-8.942298889;56.87738444;1.91;18.73
01.12.2024 06:45;0.598682222;-11.09822;0;-63.25671;20;0;0;0;0;0;5.6207;-7.240664444;55.37621222;-9.43;18.07
01.12.2024 07:00;0;-65.19830333;0.87348;-18.15145;0;-65;0;0;0;0;22.16688111;-21.34520778;146.6546;-139;10.8
01.12.2024 07:15;0.05371;-12.83745556;0.188014444;-40.44797778;0;-27;0;0;0;0;8.275813333;-6.555711111;78.32360667;-6.23;19.37
01.12.2024 07:30;1.332185556;-6.85667;0.925194444;-28.92593111;0;-41;0;0;0;0;7.990688889;-8.240578889;74.77511111;-1.57;19.95
01.12.2024 07:45;1.051024444;-3.940012222;0.386875556;-43.87653333;0;-5;0;0;0;0;7.835022222;-8.630915556;52.17453889;-0.22;20.87
01.12.2024 08:00;7.851545556;-2.035584444;2.905401111;-21.96177333;0;-55;0;0;0;-33;14.26482111;-8.952344444;95.92793444;-4.19;24.39
01.12.2024 08:15;37.58058;-0.377191111;11.03630111;-5.765583333;0;-22;0;0;0;-33;7.891455556;-11.47595111;16.11038889;0.18;26.18
01.12.2024 08:30;18.84153778;-0.747197778;29.88593444;-4.699045556;2;0;0;0;0;-33;11.39730111;-11.13392;-12.54461;0.27;25.12
01.12.2024 08:45;15.80905556;-0.434971111;22.25928889;-2.903431111;7;0;0;0;0;-33;11.48432889;-7.388246667;-12.82602444;-0.92;23.76
01.12.2024 09:00;72.62654889;0;15.59160889;-0.150355556;0;-2;0;0;0;-20;12.81362667;-11.63087222;-67.25055667;6.59;68.79
01.12.2024 09:15;24.33159222;-13.35217444;7.201616667;-28.85871333;81;0;0;0;0;-20;7.951633333;-16.45185778;-41.82209667;-5.48;41.18
01.12.2024 09:30;0.007595556;-37.76298;0;-93.66838111;112;0;0;0;0;-20;8.900522222;-11.83594;42.35918333;-17.28;21.91
01.12.2024 09:45;0;-81.38807667;0;-94.16529222;122;0;0;0;0;-20;10.54255556;-10.25771;73.26852333;-45.64;18.45
01.12.2024 10:00;40.59869333;-7.007507778;22.20185889;-17.62363333;0;-19;0;0;0;-33;18.57802333;-11.89265778;7.145223333;-11.24;53.13
01.12.2024 10:15;18.33767222;-6.6078;13.82216111;-6.634385556;0;-14;0;0;0;-33;11.58935111;-13.88456111;30.37756222;-5.42;25.53
01.12.2024 10:30;23.16624333;-1.337893333;17.83241778;-2.217752222;0;-167;0;0;0;-33;12.12971222;-8.375684444;158.8029567;-13.03;23.9
01.12.2024 10:45;21.68700778;-8.288036667;17.65911444;-20.22214667;0;-163;0;0;0;-33;7.311474444;-12.91016333;190.76275;-6.26;25.5
01.12.2024 11:00;22.48590889;-6.170784444;7.419202222;-9.639584444;0;-33;0;0;0;-62;14.30853222;-12.40803;79.00475556;-33.58;38.27
01.12.2024 11:15;0.153945556;-13.39734333;0.311671111;-93.26641667;5;0;0;0;0;-62;10.69605333;-9.663384444;162.1654744;-14.12;22.7
01.12.2024 11:30;0.495195556;-6.069603333;0;-162.3310589;5;0;0;0;0;-62;8.777944444;-9.060876667;225.1883989;-5.35;22.77
01.12.2024 11:45;0.136717778;-34.5946;0;-101.9935689;0;-97;0;0;0;-62;7.36191;-12.06760333;300.1571444;-49.49;23.12
01.12.2024 12:00;0;-152.1933367;0;-58.06664889;65;0;0;0;0;-59;8.631463333;-19.50141667;215.1299389;-197.31;16.16
01.12.2024 12:15;0;-200.8877167;0;-86.22755333;45;0;0;0;0;-59;14.34080333;-18.07969444;304.8541611;-317.17;15.57
01.12.2024 12:30;0;-72.23049222;0;-200.1756022;0;-24;0;0;0;-59;28.18519556;-9.404556667;336.6254556;-151.08;10.62
01.12.2024 12:45;0;-90.92582889;0;-156.9990433;0;-80;0;0;0;-59;12.58193333;-19.24937222;393.5923111;-138.13;10.62
01.12.2024 13:00;4.522697778;-8.275131111;0;-101.8105522;0;-143;0;0;0;-64;17.52523111;-9.476191111;304.5139456;-51.85;28.58
01.12.2024 13:15;1.622576667;-7.953411111;1.374344444;-27.46674778;0;-299;0;0;0;-64;8.312188889;-8.915487778;396.0265367;-25.91;25.46
01.12.2024 13:30;0.822344444;-8.042931111;0.899368889;-21.61383889;0;-263;0;0;0;-64;10.55124667;-10.42887556;354.8126856;-16.57;24.96
01.12.2024 13:45;19.87196778;-1.692157778;14.31144556;-5.311092222;0;-286;0;0;0;-64;9.804132222;-8.889456667;321.9051611;-22.06;39.38
01.12.2024 14:00;9.489461111;-1.266948889;13.39837667;-5.704524444;0;-350;0;0;0;0;13.26876444;-7.613123333;328.4279944;-63.09;25.41
01.12.2024 14:15;57.56985444;0;16.19409111;-0.129334444;0;-313;0;0;0;0;9.963923333;-12.50733333;241.9087989;-49.04;47.8
01.12.2024 14:30;45.45804222;0;2.885791111;-1.036576667;0;-234;0;0;0;0;14.40239778;-13.69845222;185.9887978;-30.78;40.04
01.12.2024 14:45;81.50079444;0;15.37746667;-0.340146667;0;-242;0;0;0;0;14.01775778;-15.22677333;146.6709011;-31.8;91.69
01.12.2024 15:00;74.30244778;0;28.32997111;-0.460266667;0;-266;0;0;0;-47;17.09557667;-5.798598889;199.53087;-45.61;146.97
01.12.2024 15:15;117.3158067;0;15.26310333;-0.023817778;0;-117;0;0;0;-47;11.44693444;-19.79928444;39.79725778;-21.16;144.73
01.12.2024 15:30;76.12372333;0;12.59495889;0;169;0;0;0;0;-211;17.54690889;-13.86499333;-50.40059778;1.44;105.68
01.12.2024 15:45;41.00530222;-1.993;160.7082756;0;169;0;0;0;0;-210;11.58477;-22.43055;-147.8747978;-4.87;145.63
01.12.2024 16:00;0;-61.26830556;4.154465556;-24.44991111;102;0;0;0;0;0;18.87123667;-23.15998556;-16.1475;-78.53;18.59
01.12.2024 16:15;0;-48.75161889;1.425782222;-39.62568556;78;0;0;0;0;0;15.04472444;-13.03084778;6.937645556;-44.63;18.45
01.12.2024 16:30;2.52915;-6.373017778;82.41210333;-5.179131111;0;0;0;0;0;0;14.21252;-11.04875222;-76.55287222;-14.58;27.08
01.12.2024 16:45;23.62126778;-0.890976667;116.0954611;0;78;0;0;0;0;0;14.59742222;-9.076844444;-222.34633;-0.86;70.72
01.12.2024 17:00;19.52353111;-0.000948889;38.67910444;-1.432164444;0;0;0;0;0;0;11.22524667;-12.64270111;-55.35206778;-3.18;40.61
01.12.2024 17:15;11.71643111;-0.75832;10.89862333;-11.38046;74;0;0;0;0;0;8.680836667;-12.16502222;-80.99208889;-0.52;35.79
01.12.2024 17:30;2.054307778;-5.259873333;39.84034111;-1.862386667;91;0;0;0;0;0;10.34127444;-10.07350778;-126.0401556;-11.24;27.1
01.12.2024 17:45;15.68154;-5.233148889;43.41635333;-1.988425556;115;0;0;0;0;0;10.43513333;-16.46671444;-160.8447378;-45.15;43.42
01.12.2024 18:00;1.861703333;-6.542021111;19.14645111;-4.963627778;104;0;0;0;0;0;15.03958;-7.766106667;-120.7759789;-15.09;33.16
01.12.2024 18:15;7.386474444;-5.898168889;29.82424333;-9.560714444;89;0;0;0;0;0;10.67111556;-13.46297778;-107.9599722;-8.03;31.74
01.12.2024 18:30;5.748018889;-4.566115556;19.48172444;-3.335765556;69;0;0;0;0;0;11.78983667;-11.95311333;-86.16458556;-7.09;31.15
01.12.2024 18:45;14.98453333;-1.633834444;21.26705889;-9.236855556;89;0;0;0;0;0;12.99506333;-11.15914556;-116.21682;-3.37;42.7
01.12.2024 19:00;24.82448222;-0.273433333;51.53425444;-0.29024;90;0;0;0;0;0;11.94934667;-13.21067111;-164.5337389;0.31;42.93
01.12.2024 19:15;6.303447778;-7.838937778;43.13642667;-4.910641111;93;0;0;0;0;0;8.610562222;-13.29912667;-125.0017311;-30.58;27.63
01.12.2024 19:30;0.660128889;-27.63210667;0.336204444;-42.76169667;128;0;0;0;0;0;9.875472222;-11.32621889;-57.15178333;-32.87;23.44
01.12.2024 19:45;1.170927778;-24.68709667;8.471614444;-5.549608889;0;0;0;0;0;0;15.06836333;-12.57809556;18.10389556;-34.93;23.97
01.12.2024 20:00;31.40732222;-0.60818;43.23977778;-0.109007778;100;0;0;0;0;0;13.83977667;-10.73350778;-177.0361811;-10.39;57.82
01.12.2024 20:15;1.614584444;-15.37093889;38.15309667;-0.694167778;109;0;0;0;0;0;10.19258;-15.04774333;-127.8474111;-29.84;26.53
01.12.2024 20:30;1.67764;-5.212802222;25.60563333;-6.460235556;50;0;0;0;0;0;12.30279333;-9.276557778;-68.63647111;-11.82;22.99
01.12.2024 20:45;2.920325556;-3.755275556;65.71955667;-0.972768889;0;0;0;0;0;0;10.64804778;-10.64368667;-63.91619889;-2.42;23.48
01.12.2024 21:00;44.82489778;-0.052082222;59.69326;-0.129355556;68;0;0;0;0;0;13.97054111;-12.68123444;-173.6260267;5.32;78.08
01.12.2024 21:15;12.54949889;-0.159772222;54.29567111;-0.036924444;41;0;0;0;0;0;9.409943333;-9.616662222;-107.4417544;4.74;29
01.12.2024 21:30;2.918704444;-2.067456667;74.30588;-0.014382222;0;0;0;0;0;0;10.4707;-10.73351667;-74.87992889;2.02;21.79
01.12.2024 21:45;9.630675556;-5.20955;57.51583778;-0.531701111;0;-85;0;0;0;0;9.115092222;-11.59477111;26.07441667;-19.55;36.27
01.12.2024 22:00;72.18967222;-0.198566667;96.33272222;0;0;-85;0;0;0;0;17.40312333;-15.14458778;-85.58236333;0.19;128.85
01.12.2024 22:15;23.57163222;-1.401091111;130.5664578;0;0;-85;0;0;0;0;14.26108556;-14.95874333;-67.03934111;3.11;96.08
01.12.2024 22:30;10.73824444;-0.310461111;70.72196333;-0.005186667;0;-91;0;0;0;0;9.494357778;-7.984776667;8.345858889;4.07;27.54
01.12.2024 22:45;5.133314444;-2.743051111;72.13308889;-0.522355556;0;-91;0;0;0;0;6.738846667;-9.956854444;20.21701111;0.03;26.9
01.12.2024 23:00;63.95059778;-0.172524444;61.43802222;-0.007208889;0;-91;0;0;0;0;12.71945667;-12.02880111;-34.89954222;1.17;120.64
01.12.2024 23:15;5.671522222;-29.19635889;24.78434556;-4.424004444;0;0;0;0;0;0;5.581574444;-17.09287333;14.67579444;-69.82;36.75
01.12.2024 23:30;0;-66.42849889;0;-25.75317889;0;0;0;0;0;0;15.61573889;-9.153073333;85.71901222;-69.18;13.22
01.12.2024 23:45;0.015463333;-27.08090778;7.429214444;-4.613184444;0;-50;0;0;0;0;14.89529222;-13.58291556;72.93703778;-34.68;20.7
02.12.2024 00:00;114.4397022;-0.783828889;45.08396;-0.233567778;0;-40;0;0;0;0;21.00775778;-9.220905556;-130.2931178;-8.93;71.6
02.12.2024 00:15;42.48507333;0;4.271835556;-1.537787778;23;0;0;0;0;0;8.403274444;-15.45090667;-61.17148889;9.28;33.69
02.12.2024 00:30;25.77242111;-0.364713333;13.54357222;-0.467138889;0;-28;0;0;0;0;7.880882222;-10.52819333;-7.83683;1.52;28.97
02.12.2024 00:45;22.75811;-0.750458889;16.79088333;-0.750156667;0;-73;0;0;0;0;9.815804444;-10.92745333;36.06327111;-1.6;30.57
02.12.2024 01:00;148.2809756;-0.170217778;16.67552;-0.231351111;0;-78;0;0;0;0;25.61311;-15.47907778;-96.68895889;0.3;171.31
02.12.2024 01:15;70.93043444;0;35.61149556;0;0;-78;0;0;0;0;9.852718889;-18.38292333;-20.01172556;2.97;52.9
02.12.2024 01:30;0.714515556;-12.33073222;13.75937889;-15.60607444;40;0;0;0;0;0;7.444712222;-9.176744444;-24.80505556;-5.07;20.93
02.12.2024 01:45;3.28763;-3.121334444;0;-24.43651889;0;-22;0;0;0;0;6.684527778;-8.123358889;47.70905444;-2.91;20.84
02.12.2024 02:00;23.47167889;-1.329344444;0;-4.863615556;63;0;0;0;0;0;10.43970222;-7.67069;-83.04773111;-6.33;30.64
02.12.2024 02:15;30.79684778;-0.774607778;0.859506667;-5.945203333;40;0;0;0;0;0;6.558676667;-9.731752222;-61.76346778;0.06;33.98
02.12.2024 02:30;3.014306667;-0.940476667;0;-21.01475667;40;0;0;0;0;0;6.060153333;-4.466692222;-22.65253444;2.63;20.01
02.12.2024 02:45;30.25484778;-0.949976667;0;-6.943638889;0;-14;0;0;0;0;6.988923333;-7.776987778;-7.573167778;-0.93;32.98
02.12.2024 03:00;17.95843889;-0.823966667;0;-11.88192556;63;0;0;0;0;0;9.613145556;-7.736561111;-70.12913111;-1.45;27.35
02.12.2024 03:15;9.652096667;-1.660833333;0.010568889;-28.95757;40;0;0;0;0;0;5.463347778;-7.300316667;-17.20729333;2.48;27.42
02.12.2024 03:30;9.937728889;-0.487591111;0;-11.43765;0;0;0;0;0;0;5.776408889;-6.224471111;2.435574444;1.52;23.94
02.12.2024 03:45;12.64702;-5.322125556;0;-3.715042222;0;-22;0;0;0;0;10.83414556;-13.89105889;21.44706111;-7.38;28.88
02.12.2024 04:00;1.552316667;-7.818312222;22.81351;-0.906675556;0;-22;0;0;0;0;9.645461111;-6.673457778;3.387157778;-24.54;19.93
02.12.2024 04:15;12.30032111;-2.372776667;12.27901111;-0.553697778;0;-22;0;0;0;0;7.581692222;-8.001307778;0.766757778;-0.49;27.06
02.12.2024 04:30;27.07601667;-0.087077778;38.84899333;-0.00584;0;-22;0;0;0;0;10.04421;-9.688862222;-44.18744;2.82;28.98
02.12.2024 04:45;29.59267111;-0.025362222;40.65450333;0;0;-22;0;0;0;0;12.63724667;-9.604774444;-51.25428444;1.47;28.87
02.12.2024 05:00;1.043022222;-58.81809667;0.498671111;-21.26127778;0;0;0;0;0;0;11.50771667;-18.44671889;85.47668333;-48.95;27.53
02.12.2024 05:15;0.090471111;-48.07929667;0.861351111;-9.467897778;23;0;0;0;0;0;13.48766778;-10.64701222;30.75471667;-34.07;18.66
02.12.2024 05:30;39.46859111;-0.148652222;12.15364333;-0.442138889;0;0;0;0;0;0;17.19478111;-10.57456;-57.65166444;2.52;33.59
02.12.2024 05:45;30.63828222;-0.327553333;82.56276667;-0.040134444;0;0;0;0;0;0;10.73378444;-17.34621889;-106.2209267;0.09;37.31
02.12.2024 06:00;0;-108.2732367;0;-101.7230078;23;0;0;0;0;0;30.76934222;-31.40543333;187.6323356;-284.07;16.07
02.12.2024 06:15;2.582592222;-10.63164667;1.487448889;-35.39020556;0;0;0;0;0;0;11.14474556;-12.14518;42.95224556;-5.65;23.95
02.12.2024 06:30;17.02583222;-8.360867778;13.39393444;-24.32112556;105;0;0;0;0;0;12.87348444;-9.339183333;-106.2720744;-8.75;31.97
02.12.2024 06:45;20.80646556;-0.163568889;20.00626444;-6.199831111;221;0;0;0;0;0;12.31527889;-14.41651444;-253.3480944;4.88;27.21
02.12.2024 07:00;29.33120111;-6.130784444;17.52919444;-7.566261111;0;-119;0;0;0;0;14.35984;-12.37819778;83.85500778;-5.85;41.25
02.12.2024 07:15;48.48173111;-0.000135556;14.91021778;-1.005772222;24;0;0;0;0;0;14.27651333;-14.07769111;-86.58486333;5.4;43.65
02.12.2024 07:30;69.67704889;0;7.175985556;-0.455515556;148;0;0;0;0;0;17.48533444;-12.42759111;-229.4552622;12.39;44.52
02.12.2024 07:45;23.43682;-5.912811111;9.272795556;-19.76308889;257;0;0;0;0;0;9.546452222;-16.99899556;-256.5811722;-0.75;44.43
02.12.2024 08:00;25.84798778;-1.373967778;11.91470556;-14.32991;66;0;0;0;0;0;13.29103;-10.75439778;-90.59544778;2.89;33.2
02.12.2024 08:15;4.357096667;-3.474791111;10.37266667;-14.15035111;131;0;0;0;0;0;8.970308889;-10.30194667;-126.7729833;4.13;24.93
02.12.2024 08:30;1.427531111;-12.47206111;0.623211111;-50.50600778;148;0;0;0;0;0;11.62734556;-11.80719444;-86.89282444;0.35;23.53
02.12.2024 08:45;0.697152222;-24.63406111;1.982976667;-34.87399556;139;0;0;0;0;0;8.879418889;-10.74327778;-80.30821333;-3.83;22.99
02.12.2024 09:00;24.07742;-2.462703333;9.01415;-6.918774444;6;0;0;0;0;0;15.67463556;-11.54679222;-33.83793556;-7.39;34.84
02.12.2024 09:15;4.286695556;-17.65326667;8.0144;-13.26821444;0;-10;0;0;0;0;11.78576889;-12.81708778;29.65170444;-8.3;27.7
02.12.2024 09:30;0.002034444;-25.68141667;3.916125556;-7.548187778;0;-21;0;0;0;0;9.97097;-11.81477222;52.15524667;0.43;21.18
02.12.2024 09:45;0.031871111;-32.37454222;2.257631111;-11.23770667;0;-34;0;0;0;0;8.0854;-12.94866889;80.18601556;-5.66;21.18
02.12.2024 10:00;0.654292222;-16.76486556;0.155951111;-58.33906111;0;-10;0;0;0;0;15.23359556;-7.927784444;76.98787222;-11.82;25.06
02.12.2024 10:15;7.406816667;-1.717115556;9.882854444;-10.05012667;0;-83;0;0;0;0;9.491372222;-9.145254444;77.13145333;4.38;25.8
02.12.2024 10:30;36.21757778;-0.006373333;66.64224222;0;0;-122;0;0;0;0;15.07083111;-10.68876333;14.76448556;5.88;28.18
02.12.2024 10:45;81.33546222;0;54.83651556;0;0;-165;0;0;0;0;14.44447667;-16.86199333;31.24553889;8.87;38.97
02.12.2024 11:00;18.73631333;-0.001763333;185.2683933;0;0;-165;0;0;0;0;11.11738778;-11.18758667;-38.93274444;4.24;25.97
02.12.2024 11:15;13.23416556;-0.957842222;178.8059144;0;0;-76;0;0;0;0;10.77121222;-12.69341333;-113.1600367;3.25;25.66
02.12.2024 11:30;1.654311111;-2.530901111;60.10143444;-0.127231111;127;0;0;0;0;0;8.967808889;-9.517183333;-185.5482389;3.73;23.07
02.12.2024 11:45;6.272511111;-4.970158889;49.79490111;-1.787616667;166;0;0;0;0;0;9.302314444;-10.20700444;-214.4049467;1.76;24.86
02.12.2024 12:00;30.92013556;-0.803085556;8.53489;-5.957598889;202;0;0;0;0;0;14.94169889;-13.82947889;-235.8065611;0.9;29
02.12.2024 12:15;0.455583333;-25.07933333;12.84552556;-40.58249778;143;0;0;0;0;0;9.236357778;-12.56403778;-87.31159778;-0.74;22.45
02.12.2024 12:30;0.90371;-6.27129;1.470431111;-30.45945222;87;0;0;0;0;0;9.1387;-7.550981111;-54.23111778;1.94;23.54
02.12.2024 12:45;0.368786667;-27.13635111;2.517876667;-20.56242778;31;0;0;0;0;0;8.334696667;-11.56816667;17.04558556;-1.02;24.34
02.12.2024 13:00;1.028505556;-6.587571111;3.505662222;-20.51964778;120;0;0;0;16;0;10.88893444;-6.650397778;-117.6654856;-0.26;22.92
02.12.2024 13:15;6.226123333;-1.435673333;32.94248111;-4.96651;120;0;0;0;16;0;7.969001111;-8.356926667;-168.3784956;2.94;24.22
02.12.2024 13:30;22.13239556;-0.428593333;51.16973111;-2.271444444;115;0;0;0;1;0;9.965306667;-9.486486667;-187.0809089;4.22;27.35
02.12.2024 13:45;17.29587556;-0.465221111;116.9752544;0;27;0;0;0;20;0;10.37624444;-11.62461;-179.5575433;3.76;26.44
02.12.2024 14:00;30.15745556;-0.202092222;161.17457;0;39;0;0;0;0;0;15.10091778;-7.138403333;-238.0924478;0.77;28.82
02.12.2024 14:15;106.0116822;0;96.55193;0;68;0;0;0;0;0;20.94238667;-19.93355333;-271.5724456;11.8;37.12
02.12.2024 14:30;40.75331778;-0.02292;52.94746111;-0.058595556;181;0;0;0;0;0;14.03077889;-13.43128556;-275.2187567;4.89;29.77
02.12.2024 14:45;96.81193778;0;32.36399556;-0.476617778;183;0;0;0;0;0;12.96141778;-21.37182556;-303.2889078;11.8;34.59
02.12.2024 15:00;7.732866667;-1.142034444;13.29433556;-8.899072222;111;0;0;0;0;0;8.478148889;-9.428696667;-121.0355478;1.3;23.48
02.12.2024 15:15;0.989564444;-2.351056667;0.050795556;-99.91760778;240;0;0;0;0;0;7.064614444;-8.037892222;-137.7984178;4.72;21.44
02.12.2024 15:30;0.999755556;-10.37041333;0;-89.78897444;241;0;0;0;0;0;9.169398889;-9.104313333;-141.9054533;2.03;23.34
02.12.2024 15:45;0.67003;-8.395443333;1.773201111;-72.23076111;267;0;0;0;0;0;9.734683333;-10.31681556;-188.2348944;2.47;23.63
02.12.2024 16:00;18.56567889;-2.722836667;38.50476778;-1.788435556;85;0;0;0;0;0;13.35614778;-9.761827778;-141.1534944;1;26.63
02.12.2024 16:15;34.74881111;-0.009356667;67.80264222;-0.395018889;71;0;0;0;0;0;9.400504444;-11.86143222;-170.68615;5.61;27.48
02.12.2024 16:30;38.10071444;0;24.03177;-0.612486667;94;0;0;0;0;0;10.96434222;-9.342137778;-157.1422022;12.56;29.01
02.12.2024 16:45;57.21803556;0;17.63470333;-1.844883333;179;0;0;0;0;0;13.92387333;-14.64056222;-251.2911667;12.56;30.87
02.12.2024 17:00;34.50520556;-0.111485556;14.52349444;-5.340076667;80;0;0;0;0;0;12.49810333;-11.35360778;-124.7216333;4.13;31.64
02.12.2024 17:15;14.05598667;-1.219616667;4.43429;-39.30051444;115;0;0;0;0;0;10.41992667;-13.12175889;-90.26831333;5.15;28.39
02.12.2024 17:30;3.97068;-2.451176667;6.520371111;-26.03993222;98;0;0;0;0;0;10.11851444;-9.581436667;-80.53702;4.91;25.9
02.12.2024 17:45;3.569876667;-22.88968222;3.766916667;-51.48292222;159;0;0;0;0;0;8.384327778;-14.01824667;-86.33027;0.49;26.24
02.12.2024 18:00;0.604383333;-35.00705111;3.619144444;-8.394783333;121;0;0;0;0;0;16.67889778;-16.41571222;-82.08487889;0.77;23.76
02.12.2024 18:15;10.48149;-7.037223333;17.03757556;-0.764652222;77;0;0;0;0;0;15.04665444;-11.62189333;-100.1419511;2.51;26.25
02.12.2024 18:30;14.23191444;-3.329542222;45.89708667;-0.909907778;19;0;0;0;0;0;12.61748333;-11.05796111;-76.44907333;2.3;27.28
02.12.2024 18:45;9.919426667;-0.856656667;24.26917222;-13.80098667;7;0;0;0;0;0;9.663115556;-8.895694444;-27.29837667;4.94;24.72
02.12.2024 19:00;29.37404556;-0.627984444;9.361346667;-7.092533333;130;0;0;0;0;0;12.89336556;-12.11968778;-161.7885522;5.25;30.73
02.12.2024 19:15;22.20851667;-6.648085556;4.749521111;-17.14094222;99;0;0;0;0;0;13.51972444;-15.32527556;-100.3634589;2.55;30.92
02.12.2024 19:30;7.627074444;-4.138577778;3.056897778;-26.98150222;0;0;0;0;0;0;11.81966;-10.96732333;19.58377111;4.27;25.34
02.12.2024 19:45;9.339466667;-11.95476333;4.345796667;-25.49985556;0;-15;0;0;0;0;11.82017222;-11.14937667;38.09856;1.3;25.21
02.12.2024 20:00;42.15860111;0;19.96951333;-1.467311111;158;0;0;0;0;0;13.44915222;-11.53648111;-220.5734744;12.02;32.89
02.12.2024 20:15;11.48816889;-6.244033333;6.324717778;-36.24368667;129;0;0;0;0;0;8.446702222;-11.18840222;-101.5834667;3.21;27.13
02.12.2024 20:30;8.087814444;-2.883296667;15.00576444;-12.06279889;12;0;0;0;0;0;9.488658889;-9.489411111;-20.14673111;5.15;25.34
02.12.2024 20:45;0.873482222;-26.37707444;11.88967333;-12.80138333;0;-36;0;0;0;0;5.538487778;-12.11071333;68.98752778;-7.16;21.6
02.12.2024 21:00;0.719664444;-15.87239222;0.908252222;-43.35691333;179;0;0;0;0;0;13.83057333;-8.710395556;-126.5187889;0.16;21.81
02.12.2024 21:15;0.03662;-45.92082444;1.110997778;-31.62912667;142;0;0;0;0;0;7.412922222;-13.70494111;-59.30564778;-17.15;19.24
02.12.2024 21:30;0;-47.20852333;0.007435556;-51.11243667;76;0;0;0;0;0;13.97973;-13.93255222;22.26634667;-21.05;16.67
02.12.2024 21:45;0;-88.45716778;0;-5.010591111;0;-21;0;0;0;0;9.530692222;-14.84239333;119.77946;-56.55;14.65
02.12.2024 22:00;17.58353222;-12.55994889;25.85488556;-1.689974444;0;-40;0;0;0;0;20.75407333;-8.044416667;-1.898151111;-57.88;27.43
02.12.2024 22:15;23.14669;-4.767661111;17.43112222;-3.93228;0;-40;0;0;0;0;11.36176667;-11.79307778;8.55344;3.14;33.67
02.12.2024 22:30;4.189996667;-7.55126;43.79344667;-0.199206667;0;-40;0;0;0;0;8.165941111;-9.611554444;1.212636667;-3.27;22.74
02.12.2024 22:45;0.143633333;-51.49412222;7.294715556;-0.366638889;0;-40;0;0;0;0;9.772676667;-15.92963778;90.57937333;-36.45;19.04
02.12.2024 23:00;8.451737778;-3.97502;23.46312444;-0.677834444;0;-24;0;0;0;0;14.63921889;-7.503766667;-10.39746;-19.67;23.56
02.12.2024 23:15;2.448322222;-31.79511333;8.965008889;-13.18694;0;-24;0;0;0;0;3.893495556;-12.96818444;66.64341111;-33.49;21.18
02.12.2024 23:30;0;-77.40262333;0;-25.92092222;0;-24;0;0;0;0;10.96115333;-16.06771333;132.4301056;-61.18;11.58
02.12.2024 23:45;0;-102.24473;1.255405556;-16.67644222;0;-24;0;0;0;0;18.28399333;-21.51341;144.8951833;-86.09;11.58
03.12.2024 00:00;7.859161111;-19.34990333;11.37425111;-7.713577778;0;-24;0;0;0;0;23.89972556;-6.574197778;14.50454111;-214.36;25.13
03.12.2024 00:15;2.180306667;-27.52358444;0.238986667;-24.21696889;0;-24;0;0;0;0;5.053957778;-10.56232333;78.82962556;-29.81;23.92
03.12.2024 00:30;0.948213333;-55.64209556;0.064168889;-17.55312778;0;-24;0;0;0;0;8.871551111;-14.38825667;101.6995467;-71.81;19.74
03.12.2024 00:45;0;-126.9334611;0.329857778;-2.322686667;0;-24;0;0;0;0;14.04516222;-17.45845222;156.33958;-154.28;13.32
03.12.2024 01:00;0.000271111;-53.95996556;0.641275556;-11.12770889;0;-24;0;0;0;0;15.69990444;-6.40028;79.14650333;-65.42;20.16
03.12.2024 01:15;0;-72.01470444;0;-6.445563333;0;-24;0;0;0;0;6.802848889;-12.73000222;108.3874211;-47.97;13.38
03.12.2024 01:30;0;-78.53137111;0;-3.829715556;0;-24;0;0;0;0;12.59900778;-14.68127444;108.4433533;-55.97;13.38
03.12.2024 01:45;0;-128.7470022;0;-0.555757778;0;-24;0;0;0;0;6.054677778;-12.25746889;159.5055511;-129.78;13.38
03.12.2024 02:00;1.594098889;-38.65573444;1.672905556;-1.919494444;0;-24;0;0;0;0;22.13218556;-7.492642222;46.66868111;-57.82;25.54
03.12.2024 02:15;0;-40.85774556;0.23112;-1.063847778;0;-24;0;0;0;0;7.919984444;-10.10991889;67.88040778;-24.88;13.38
03.12.2024 02:30;0;-47.72107444;0.049911111;-0.514375556;0;-24;0;0;0;0;7.988548889;-9.030814444;73.22780444;-37.77;13.38
03.12.2024 02:45;0;-78.10261556;0.023871111;-18.75346;0;-24;0;0;0;0;8.715806667;-10.59871444;122.7151122;-64.71;13.38
03.12.2024 03:00;2.723928889;-15.28509667;3.40421;-11.03825333;0;-24;0;0;0;0;12.18069333;-5.938306667;37.95282444;-31.22;22.28
03.12.2024 03:15;0;-29.81893222;0.073577778;-18.55133111;0;-24;0;0;0;0;7.942435556;-9.014203333;73.36845333;-17.25;13.09
03.12.2024 03:30;0;-65.04487444;0;-17.55300444;0;-24;0;0;0;0;5.882963333;-9.620427778;110.3353433;-50.24;13.09
03.12.2024 03:45;0;-72.90840111;0;-22.45100889;0;-24;0;0;0;0;7.129434444;-11.13718111;123.3671567;-60.63;13.09
03.12.2024 04:00;0;-128.0891933;0;-27.48780333;0;-24;0;0;0;0;11.16809;-11.99487333;180.40378;-165.77;13.18
03.12.2024 04:15;0;-131.3521356;0;-26.37842444;0;-24;0;0;0;0;7.231157778;-7.437347778;181.93675;-170.72;13.18
03.12.2024 04:30;0;-44.05720889;0;-83.68480222;0;-29;0;0;0;0;13.75839222;-3.516968889;146.5005878;-74.73;13.18
03.12.2024 04:45;0.584304444;-20.30610889;0;-75.08280222;0;-29;0;0;0;0;5.986312222;-14.31853556;132.13683;-52;16.68
03.12.2024 05:00;0;-359.3024578;0;-38.67667222;0;-29;0;0;0;0;17.22036667;-39.62728778;449.3860511;-803.63;13.62
03.12.2024 05:15;0;-213.5508967;0;-87.44538444;0;-29;0;0;0;0;25.97710444;-9.789734444;313.8089111;-440.81;13.62
03.12.2024 05:30;1.045877778;-44.35303889;0;-79.41932222;0;-142;0;0;0;0;13.40955889;-4.595272222;255.9121967;-56.81;19.41
03.12.2024 05:45;3.106133333;-4.015431111;12.00995333;-19.00357;0;-142;0;0;0;0;6.772996667;-10.66215111;153.7920689;-8.21;20.62
03.12.2024 06:00;0.503874444;-43.92700889;0.358046667;-43.23845556;0;-139;0;0;0;0;14.04728111;-10.46524444;221.7215067;-50.05;20.77
03.12.2024 06:15;8.40561;-3.743628889;8.099027778;-9.853626667;0;-139;0;0;0;0;10.38605667;-8.349968889;134.05653;1.72;26.67
03.12.2024 06:30;97.66926889;0;26.52074667;-0.079617778;0;-144;0;0;0;0;19.26183;-6.481132222;7.108904444;9.57;55.48
03.12.2024 06:45;170.5191944;0;18.56567667;0;0;-76;0;0;0;0;14.21609889;-17.75693778;-109.5440322;9.88;78.77
03.12.2024 07:00;9.059644444;-15.76714556;21.70816222;-1.088951111;0;-81;0;0;0;-101;9.704578889;-21.02780667;179.4115178;-10.56;40.08
03.12.2024 07:15;14.08731667;-0.346945556;65.62543889;-0.879151111;2;0;0;0;0;-101;11.67400222;-9.511694444;18.35103333;7.49;25.67
03.12.2024 07:30;21.12020556;-0.769041111;67.96562;-0.437683333;106;0;0;0;0;-101;12.13977778;-11.74341556;-93.27546333;3.79;29.34
03.12.2024 07:45;29.90614667;-0.024142222;46.52669778;-2.58468;146;0;0;0;0;-101;9.806342222;-12.33754111;-116.2928233;8.35;30.36
03.12.2024 08:00;20.31480556;-0.841873333;42.2198;-3.548177778;0;-26;0;0;0;0;12.66628333;-10.95702667;-33.85381111;5.44;31.41
03.12.2024 08:15;27.73193;-0.140516667;28.93176333;-5.731905556;43;0;0;0;0;0;10.93993778;-13.93445;-90.79675889;7.49;32.56
03.12.2024 08:30;8.656805556;-0.535066667;9.39738;-15.78100444;48;0;0;0;0;0;11.75482;-10.64915444;-50.84378;8.05;27.24
03.12.2024 08:45;8.603784444;-5.38465;24.70705444;-3.42228;45;0;0;0;0;0;13.33738111;-13.96455111;-68.87673889;3.4;29.96
03.12.2024 09:00;8.467054444;-3.377405556;92.43265778;-0.205662222;2;0;0;0;0;0;11.77379;-11.49384778;-99.59658667;4.26;27.93
03.12.2024 09:15;7.838125556;-1.498617778;66.24727;-0.849432222;0;-3;0;0;0;0;10.29487889;-11.28122;-67.75100444;5.33;25.47
03.12.2024 09:30;16.64388333;-0.477696667;97.48734;-0.192568889;0;-6;0;0;0;0;11.69540333;-8.715323333;-110.4410378;5.25;26.44
03.12.2024 09:45;12.06719222;-7.594683333;38.29190222;-0.349197778;62;0;0;0;0;0;10.73161667;-14.10508111;-101.0417489;2.83;30.06
03.12.2024 10:00;56.54609222;-0.578887778;30.01079889;-1.849446667;93;0;0;0;5;0;18.42068556;-11.41792444;-189.1313178;3.87;42.76
03.12.2024 10:15;29.95198333;-0.087477778;39.97434444;-0.213181111;88;0;0;0;5;0;8.04934;-12.47883556;-158.1961733;6.58;34.82
03.12.2024 10:30;11.59532111;-2.773155556;27.10253556;-5.134665556;86;0;0;0;5;0;12.02828667;-11.36990556;-122.4484167;3.79;27.83
03.12.2024 10:45;10.03730556;-15.31752333;35.41812444;-1.621448889;37;0;0;0;5;0;11.02892;-15.55639333;-65.98898444;-7.48;28.56
03.12.2024 11:00;0.883103333;-10.52869222;15.32110111;-29.83209;102;0;0;0;5;0;13.65831;-10.35755778;-86.14417444;0.23;25.64
03.12.2024 11:15;1.906598889;-26.44340889;2.802145556;-26.56026556;150;0;0;0;5;0;9.508697778;-15.22541889;-100.9883489;-9.16;25.34
03.12.2024 11:30;0;-72.02826222;0.11312;-23.88067444;221;0;0;0;5;0;15.01683222;-14.26972333;-130.9512922;-2.98;19.59
03.12.2024 11:45;3.077387778;-14.90315444;2.29256;-36.72190556;167;0;0;0;5;0;13.43127;-10.36107667;-128.8150811;0.85;27.02
03.12.2024 12:00;1.19804;-15.42155222;0.0888;-78.74701333;342;0;0;0;0;0;14.18649111;-10.52765;-252.7771156;-4.01;24.66
03.12.2024 12:15;0.937637778;-31.38929;0.08932;-69.48898889;229;0;0;0;0;0;8.132048889;-14.85054556;-122.4301822;-14.93;24.47
03.12.2024 12:30;2.815753333;-11.58011556;2.888324444;-43.02873333;108;0;0;0;0;0;16.35333;-9.881213333;-65.56734556;-6.05;26.59
03.12.2024 12:45;2.661661111;-10.82165444;1.039931111;-21.66980444;69;0;0;0;0;0;12.03098444;-13.24193667;-38.99918111;-5.57;25.53
03.12.2024 13:00;12.44329222;-6.300182222;11.28211444;-6.888906667;83;0;0;0;0;0;12.83557111;-6.66174;-99.71014889;-1.33;28.8
03.12.2024 13:15;31.99857222;-0.139428889;11.85013333;-7.687911111;76;0;0;0;0;0;12.39526778;-15.94781;-108.4688233;4.86;30.7
03.12.2024 13:30;43.14899556;-0.014646667;2.090421111;-4.58443;78;0;0;0;0;0;17.93538;-13.25574889;-123.3199711;5.44;31.46
03.12.2024 13:45;67.55643111;0;18.55659556;-0.392977778;76;0;0;0;0;0;17.16199667;-19.33485778;-159.5471878;12.06;34.31
03.12.2024 14:00;19.37893222;-1.648628889;48.12742778;-1.61722;35;0;0;0;10;0;14.52312556;-10.51894333;-113.2446933;1.99;31.56
03.12.2024 14:15;36.66395667;0;32.76193;-1.355675556;40;0;0;0;10;0;10.38304444;-14.30474;-114.1485156;12.74;31.99
03.12.2024 14:30;34.36131;-0.434701111;3.182847778;-7.469838889;102;0;0;0;10;0;17.36356;-11.58554333;-147.4176344;5.41;39.24
03.12.2024 14:45;20.93752556;-3.022728889;6.117746667;-15.96404;127;0;0;0;10;0;11.36963111;-16.80091444;-139.63722;2.89;33.05
03.12.2024 15:00;1.984718889;-10.80484556;2.213653333;-27.70814778;58;0;0;0;0;0;10.94128556;-11.87285889;-22.75380556;2.39;27.8
03.12.2024 15:15;2.961152222;-8.97651;7.854962222;-8.887056667;83;0;0;0;0;0;11.84811333;-12.22629222;-75.57436889;4.36;29.37
03.12.2024 15:30;1.964917778;-15.42629111;4.459552222;-9.208542222;124;0;0;0;0;0;15.89625889;-12.97471333;-108.7111822;3.45;30.58
03.12.2024 15:45;23.82596222;-3.621963333;5.807278889;-11.47924667;119;0;0;0;0;0;15.39717333;-16.96586222;-131.9633422;4.62;32.86
03.12.2024 16:00;18.73615556;-1.223416667;19.20851778;-12.87014;67;0;0;0;0;0;15.10526556;-10.74622;-95.21016222;5.51;36.06
03.12.2024 16:15;55.50429222;0;20.07734111;-1.249695556;35;0;0;0;0;0;13.66429333;-14.32674222;-108.6694889;17.09;40.22
03.12.2024 16:30;47.28217444;-0.069986667;9.810086667;-3.587948889;70;0;0;0;0;0;20.68764222;-14.09531333;-130.0266544;8.5;39.28
03.12.2024 16:45;82.64146667;0;9.898327778;-1.653252222;117;0;0;0;0;0;15.2995;-21.82102222;-201.36502;17.09;54.3
03.12.2024 17:00;13.16025222;-0.653883333;68.15478778;-2.269907778;11;0;0;0;0;0;11.13251667;-13.50884444;-87.01492111;6.06;32.72
03.12.2024 17:15;1.594777778;-6.332054444;13.45417;-47.95314222;43;0;0;0;0;0;11.43175333;-12.21952111;-2.975983333;6.52;31.22
03.12.2024 17:30;0;-48.84425444;0.257875556;-39.09915556;64;0;0;0;0;0;15.75198444;-16.28523333;24.21878333;2.87;29.52
03.12.2024 17:45;0.001626667;-38.86706111;0.291247778;-36.19280556;109;0;0;0;0;0;14.28926222;-16.03865333;-32.48361667;3.02;31.61
03.12.2024 18:00;15.12831222;-4.535455556;43.1549;-1.058993333;71;0;0;0;0;0;15.03719444;-10.73811222;-127.9878456;5.03;34.3
03.12.2024 18:15;35.81855667;0;68.39043778;0;0;-5;0;0;0;0;11.24296556;-8.469766667;-101.9821933;16.93;32.91
03.12.2024 18:30;56.71915556;0;96.67520556;0;0;-55;0;0;0;0;12.19099333;-10.46658;-100.1187744;16.93;43.64
03.12.2024 18:45;82.5799;0;68.44562889;-0.07204;0;-64;0;0;0;0;13.14830222;-16.64362889;-83.45816222;16.93;56.08
03.12.2024 19:00;28.84467222;-0.000677778;34.61397;-0.448662222;135;0;0;0;0;0;10.35774889;-9.692932222;-198.6741189;8.55;34.79
03.12.2024 19:15;33.46827222;0;49.40052;-0.401631111;70;0;0;0;0;0;10.9451;-12.09741333;-151.3148478;14.54;35.93
03.12.2024 19:30;38.03235333;-0.046793333;107.0046089;0;44;0;0;0;0;0;11.362;-11.28365;-189.0685189;8.24;37.78
03.12.2024 19:45;8.901776667;-2.60186;79.48566111;-0.03088;0;-30;0;0;0;0;10.20993222;-11.40353111;-54.56109889;5.43;30.39
03.12.2024 20:00;79.84265556;-0.120982222;189.1857144;0;174;0;0;0;0;0;19.99131778;-18.02706556;-444.87164;8.33;78.04
03.12.2024 20:15;44.12597444;-3.260641111;44.05005556;-14.0353;121;0;0;0;0;0;12.33397778;-14.85623556;-189.3578311;5.69;54
03.12.2024 20:30;1.534012222;-10.10999889;0.531186667;-55.67606333;121;0;0;0;0;0;8.280203333;-9.91077;-55.64857;3.79;30.23
03.12.2024 20:45;1.366645556;-26.93318556;4.92982;-22.10589667;39;0;0;0;0;0;8.30215;-12.89772778;8.338194444;1.08;26.43
03.12.2024 21:00;3.120916667;-9.235693333;0.905786667;-59.41099667;235;0;0;0;0;0;13.81998444;-7.193476667;-177.0065211;1.73;26.91
03.12.2024 21:15;0.834684444;-44.32859667;0.06172;-50.53948444;200;0;0;0;0;0;6.89049;-16.35632889;-96.56248444;-7.58;24.02
03.12.2024 21:30;0;-115.0697256;0;-26.15996889;180;0;0;0;0;0;12.01444444;-15.86782222;-34.91692778;-24.44;23.07
03.12.2024 21:45;0;-180.7177644;0;-22.58099222;131;0;0;0;0;0;8.250881111;-18.86908667;82.91696222;-72.65;21.32
03.12.2024 22:00;0;-69.57087;3.526631111;-4.471851111;125;0;0;0;0;0;29.57979556;-6.511508889;-77.55219667;-39.45;21.07
03.12.2024 22:15;8.7542;-0.509435556;121.0702722;-0.064862222;0;-76;0;0;0;0;8.530798889;-6.654774444;-55.12619889;4.04;25.4
03.12.2024 22:30;10.38751111;-0.281705556;141.2620022;0;0;-81;0;0;0;0;8.104364444;-8.023535556;-70.44863667;7.53;24.64
03.12.2024 22:45;3.810772222;-27.10990889;31.21921111;-5.297826667;0;0;0;0;0;0;7.527658889;-14.46831222;4.318405556;-12.96;23.64
03.12.2024 23:00;27.40111556;-2.322182222;6.701496667;-6.057626667;0;0;0;0;0;0;17.49373111;-12.25478889;-30.96174556;-14.47;33.38
03.12.2024 23:15;10.21687111;-3.432203333;7.636003333;-25.48792778;0;0;0;0;0;0;6.054963333;-8.512645556;13.52493889;-10.5;26.28
03.12.2024 23:30;0.000406667;-47.75415111;0.048933333;-30.84194;0;0;0;0;0;0;5.421543333;-12.21675889;85.34196667;-39.09;18.41
03.12.2024 23:45;0;-99.66973333;1.835907778;-10.63787111;0;0;0;0;0;0;15.43027444;-15.83169111;108.8731133;-73.35;14.85
04.12.2024 00:00;3.497712222;-8.162973333;74.75437333;-2.8271;0;0;0;0;0;0;15.34939111;-6.038454444;-76.57294889;-44.8;24.13
04.12.2024 00:15;2.349848889;-10.28751778;28.84222556;-0.648854444;0;0;0;0;0;0;7.022041111;-10.47197556;-16.80576778;-14.29;24.54
04.12.2024 00:30;0.096837778;-24.47145111;3.01928;-6.904861111;0;0;0;0;0;0;8.211303333;-9.716273333;29.76516444;-25.67;19.25
04.12.2024 00:45;0;-61.95314667;0.434026667;-25.01193222;0;0;0;0;0;0;12.26563333;-9.29585;83.56126889;-55.17;14.74
04.12.2024 01:00;25.58567111;-0.809325556;4.041393333;-3.932845556;0;0;0;0;0;0;10.42917667;-6.346563333;-28.96750667;-15.02;30.36
04.12.2024 01:15;7.658826667;-5.244816667;4.765755556;-14.03052889;0;0;0;0;0;0;4.693724444;-8.256511111;10.41355;-10.01;27.05
04.12.2024 01:30;0.530996667;-5.709494444;2.308773333;-26.87780111;0;0;0;0;0;0;6.193555556;-4.467242222;28.02121222;0.32;19.35
04.12.2024 01:45;0.154338889;-11.32077;0.026506667;-47.40774111;0;0;0;0;0;0;5.023335556;-6.248926667;59.77325667;-13.84;19.25
04.12.2024 02:00;8.063947778;-2.511388889;5.704462222;-23.53347778;0;0;0;0;0;0;9.538815556;-6.369558889;9.1072;-3.29;27.68
04.12.2024 02:15;0.673552222;-7.256535556;0.352626667;-33.80634111;0;0;0;0;0;0;4.117027778;-5.842278889;41.76194889;-4.07;19.68
04.12.2024 02:30;1.005718889;-3.467575556;0.492217778;-40.39098333;0;0;0;0;0;0;6.686228889;-3.661051111;39.33544444;-0.54;19.84
04.12.2024 02:45;0.414892222;-7.822933333;0;-74.25858444;0;0;0;0;0;0;4.741498889;-5.083868889;82.00899556;-9.36;19.27
04.12.2024 03:00;4.349088889;-4.025196667;4.813808889;-18.85937556;0;0;0;0;0;0;6.431471111;-6.330508889;13.62071222;2.27;26.1
04.12.2024 03:15;0.082593333;-14.12815111;0.02596;-38.35499333;0;0;0;0;0;0;5.422926667;-5.565545556;52.51721;-8.66;19.25
04.12.2024 03:30;0.599098889;-6.467142222;0;-71.80089556;0;0;0;0;0;0;5.629063333;-4.920277778;76.96015333;-4.09;19.4
04.12.2024 03:45;0.000271111;-32.42026556;0;-51.28169778;0;0;0;0;0;0;4.077933333;-8.50174;88.12549889;-27.65;19.25
04.12.2024 04:00;0;-48.00481778;0;-85.90933222;0;0;0;0;0;0;12.12807222;-10.37327111;132.1593489;-69.62;14.04
04.12.2024 04:15;0;-66.65579667;0;-50.76461;0;0;0;0;0;0;3.486898889;-9.48916;123.4226678;-73.36;14.04
04.12.2024 04:30;0;-28.10654889;0;-70.00344556;0;0;0;0;0;0;11.69619889;-3.916837778;90.33063333;-38;14.04
04.12.2024 04:45;0.022104444;-16.12371;0.008066667;-50.17105;0;0;0;0;0;0;5.22163;-12.15871556;73.20167444;-31.55;19.25
04.12.2024 05:00;0;-97.17704889;0;-61.66214667;0;0;0;0;0;0;16.84323667;-12.84235111;154.83831;-127.51;14.85
04.12.2024 05:15;0;-44.76712;0;-43.03817111;0;0;0;0;0;0;9.459658889;-8.363426667;86.70905889;-34.82;14.85
04.12.2024 05:30;24.91848333;-1.054412222;2.522035556;-14.45683556;0;0;0;0;0;0;16.41353444;-9.169923333;-19.17288222;3.45;31.77
04.12.2024 05:45;35.15909889;-3.382563333;53.48502333;-2.048895556;0;0;0;0;0;0;8.326003333;-19.04919889;-72.48946778;-25.61;35.77
04.12.2024 06:00;0.869273333;-58.28776778;0.596235556;-75.42357556;0;0;0;0;0;0;17.72323556;-12.95003333;127.4726322;-69.62;22.92
04.12.2024 06:15;1.066896667;-10.15828111;1.785822222;-30.85253667;0;0;0;0;0;0;8.907886667;-9.827763333;39.07797556;-7.24;22.8
04.12.2024 06:30;68.43206778;-0.924334444;30.88011889;-1.635101111;0;0;0;0;0;0;19.44173667;-7.894142222;-108.3003456;6.02;59.66
04.12.2024 06:45;184.7307767;0;22.53778222;-0.00868;0;0;0;0;0;0;15.95402889;-22.08734333;-201.1265644;12.85;102.45
04.12.2024 07:00;7.062865556;-22.49117667;3.465986667;-41.85993444;0;0;0;0;0;0;13.40987222;-18.31870222;58.73108889;-12;40.49
04.12.2024 07:15;76.05549444;0;17.88838444;-0.838486667;18;0;0;0;0;0;19.48730667;-15.63830778;-114.9543911;17.29;58.23
04.12.2024 07:30;151.0831544;0;6.95177;0;85;0;0;0;0;0;23.19226111;-12.60199333;-253.6251922;17.29;128.04
04.12.2024 07:45;136.1511256;0;12.80014111;-0.759546667;137;0;0;0;0;0;19.12895889;-28.50885222;-275.8118267;17.29;87.67
04.12.2024 08:00;33.68746889;-0.007053333;11.45818222;-4.884703333;133;0;0;0;0;0;12.83365333;-15.57019111;-170.5173567;11.25;46.25
04.12.2024 08:15;15.76781;-0.981852222;4.91368;-22.08742333;158;0;0;0;0;0;9.869235556;-13.36804222;-152.1134078;8.88;49.79
04.12.2024 08:30;5.680198889;-1.024024444;1.034747778;-35.01930222;200;0;0;0;0;0;10.13941889;-8.787668889;-172.02337;9.1;38.05
04.12.2024 08:45;1.513941111;-4.729668889;0.110507778;-109.9962044;210;0;0;0;0;0;12.58298667;-13.84625556;-95.63530667;7.08;35.85
04.12.2024 09:00;0.418563333;-54.21168778;1.861544444;-28.70173;135;0;0;0;0;0;12.44493111;-18.34145444;-48.47016667;-1.7;31.77
04.12.2024 09:15;0.040145556;-65.99976667;0.244595556;-29.37001889;135;0;0;0;0;0;12.99884222;-15.79398111;-37.11981667;-7.22;31.77
04.12.2024 09:30;0;-56.76322889;0.200426667;-55.00406111;133;0;0;0;0;0;13.83841667;-10.22084111;-25.05071222;-0.34;31.87
04.12.2024 09:45;0;-86.12141333;0;-55.12733556;133;0;0;0;0;0;10.31734889;-11.59857111;9.529971111;-5.94;31.87
04.12.2024 10:00;3.449976667;-8.825134444;46.73919889;-2.644906667;0;0;0;0;0;0;16.34874111;-8.183856667;-46.88401889;-5.71;28.46
04.12.2024 10:15;1.087237778;-17.11655;28.93728444;-11.86666111;0;0;0;0;0;0;10.06024778;-12.18126;1.079701111;2.11;29.48
04.12.2024 10:30;0.005831111;-23.94938889;2.961013333;-12.71273444;0;0;0;0;0;0;9.835082222;-10.87724556;34.73744222;3.49;29.22
04.12.2024 10:45;0;-59.86449333;0.06836;-19.48482667;0;0;0;0;0;0;12.73437222;-12.43111444;78.97770222;-1.6;22
04.12.2024 11:00;2.222757778;-23.60540444;0.365344444;-63.97376111;0;0;0;0;0;0;12.92722556;-10.38978444;82.45362222;-6.07;27.3
04.12.2024 11:15;0.825734444;-11.70112;0.459993333;-58.78842111;0;0;0;0;0;0;6.859795556;-9.998895556;72.34291333;2.43;28.42
04.12.2024 11:30;2.452113333;-4.426664444;0.985204444;-55.60393778;0;-30;0;0;0;0;11.92788889;-6.993562222;81.65895778;3.82;28.79
04.12.2024 11:45;23.95317556;-0.769716667;4.488948889;-12.13298667;0;-30;0;0;0;0;9.57167;-11.69052111;16.57943;5.29;31.97
04.12.2024 12:00;24.63662667;-0.492211111;30.20915667;-3.213948889;57;0;0;0;0;0;11.21094556;-10.97655111;-108.3740178;2.68;31.48
04.12.2024 12:15;2.022163333;-10.20114667;18.80337778;-11.07588333;0;-43;0;0;0;0;6.30508;-11.73608;48.88248889;-3.62;29.01
04.12.2024 12:30;0.177814444;-27.13906778;8.708333333;-11.16461444;0;-125;0;0;0;0;15.50102;-12.00496444;150.9214789;-2.51;29.76
04.12.2024 12:45;1.104044444;-29.93679667;9.111256667;-9.342484444;0;-162;0;0;0;0;13.45867444;-14.52500222;192.1303078;-14.12;30.15
04.12.2024 13:00;8.656272222;-7.125511111;12.22288444;-9.912404444;0;-162;0;0;0;0;13.43237;-9.280318889;154.0067078;0.67;30.68
04.12.2024 13:15;45.90495111;-0.374347778;9.813446667;-3.930364444;0;-162;0;0;0;0;11.23617222;-13.29156;112.6417022;5.12;35.51
04.12.2024 13:30;14.41799111;-1.237246667;12.54109444;-9.559993333;0;-162;0;0;0;0;11.30536444;-9.906102222;144.4388922;5.21;30.17
04.12.2024 13:45;0.63449;-27.67916778;0.399135556;-49.74263889;0;-80;0;0;0;0;7.833096667;-14.26185;162.8169344;-3.66;30.66
04.12.2024 14:00;0.177272222;-31.63737667;1.534086667;-34.02430556;0;-80;0;0;0;0;17.83775222;-13.39410889;139.50668;-7.22;31.62
04.12.2024 14:15;2.453478889;-15.89518;7.069575556;-24.59683111;0;-80;0;0;0;0;9.545373333;-13.13909667;114.56268;1.23;31.79
04.12.2024 14:30;7.982964444;-4.591611111;8.78636;-10.56241333;0;-100;0;0;0;0;12.88492778;-7.404766667;92.90453889;3.1;33.21
04.12.2024 14:45;37.92236;-0.46875;19.86781111;-1.957708889;0;-90;0;0;0;0;12.46420333;-14.80441778;36.97650222;5.22;36.03
04.12.2024 15:00;27.62465889;-6.216227778;64.41217444;-1.412114444;0;-160;0;0;0;0;17.53255778;-15.34229444;73.40124556;2.75;38.51
04.12.2024 15:15;14.45353556;-0.19626;42.68285222;-0.816715556;0;-58;0;0;0;0;10.60355222;-11.39349778;2.666533333;8.59;35.53
04.12.2024 15:30;58.82704111;-0.018173333;52.97486778;-0.053168889;0;-11;0;0;0;0;18.86583778;-10.82303667;-108.7733678;9.14;40.14
04.12.2024 15:45;63.25602;0;27.46983556;-5.931537778;48;0;0;0;0;0;9.858666667;-16.25677222;-126.3962122;22.18;41.36
04.12.2024 16:00;77.19644444;-0.394015556;28.14361111;-1.484982222;0;-21;0;0;0;0;20.7506;-9.890676667;-93.32098111;4.33;44
04.12.2024 16:15;85.12926444;0;44.62587556;-2.168586667;31;0;0;0;0;0;10.27425667;-18.93175222;-149.9290578;21.14;45.58
04.12.2024 16:30;31.75534889;-0.439318889;32.41305222;-1.28353;111;0;0;0;0;0;13.30594778;-13.52783889;-173.2236611;10.15;45.13
04.12.2024 16:45;68.00319556;0;24.71046;-0.756111111;151;0;0;0;0;0;14.43929889;-16.10217667;-241.2946667;21.14;46.85
04.12.2024 17:00;5.396711111;-3.367907778;32.56729;-1.44024;68;0;0;0;0;0;13.35260444;-15.03825778;-99.4702;6.45;43.37
04.12.2024 17:15;9.046344444;-0.612244444;38.42518778;-7.194373333;122;0;0;0;0;0;11.94634;-11.69488222;-161.9163722;10.14;50.69
04.12.2024 17:30;22.69070556;-0.048964444;27.48727889;-9.257923333;113;0;0;0;0;0;12.93699667;-11.71952333;-155.08857;11.25;51.37
04.12.2024 17:45;30.14051778;-0.005967778;29.47177889;-1.521027778;128;0;0;0;0;0;11.69326;-12.57487222;-185.2036889;11.25;53.23
04.12.2024 18:00;8.712957778;-4.593365556;41.87360556;-4.906871111;96;0;0;0;0;0;14.06713;-13.77141444;-137.3820422;5.98;44.05
04.12.2024 18:15;13.23824778;-16.70777222;18.70283778;-4.590841111;148;0;0;0;5;0;10.43021667;-19.04488333;-155.0278056;1.79;40.44
04.12.2024 18:30;13.96701778;-11.57091444;12.11368;-5.312011111;77;0;0;0;5;0;17.77504333;-11.71876889;-97.25404667;2.95;34.37
04.12.2024 18:45;22.03681333;-0.83577;6.866476667;-12.12385667;108;0;0;0;5;0;13.33357667;-12.83608667;-129.4411533;7.09;36.26
04.12.2024 19:00;75.83075667;-0.029162222;32.68163556;-0.353577778;131;0;0;0;0;0;18.96918667;-18.34388667;-239.7549522;11.22;45.81
04.12.2024 19:15;20.83398778;-0.695662222;59.08627111;-0.903186667;78;0;0;0;0;0;10.21861222;-11.93953333;-154.6004889;9.39;34.83
04.12.2024 19:30;27.15046222;0;21.61267778;-1.285354444;30;0;0;0;0;0;13.058;-10.60519111;-79.93059444;17.54;32.73
04.12.2024 19:45;21.85153222;-10.36579444;16.21984778;-5.21898;15;0;0;0;0;0;12.33184778;-16.10595333;-33.7125;2.32;31.97
04.12.2024 20:00;76.56615333;-0.300833333;19.19296444;-0.058351111;175;0;0;0;0;0;17.78290667;-9.828584444;-278.3542556;6.56;32.37
04.12.2024 20:15;48.97419889;-1.00206;33.52472222;-0.254373333;116;0;0;0;0;0;8.252478889;-13.89541778;-191.5995489;7.12;30.52
04.12.2024 20:30;30.81978222;-0.103894444;10.62823444;-0.660097778;27;0;0;0;0;0;13.29640333;-13.70037333;-67.28005444;8.97;26.96
04.12.2024 20:45;11.26207333;-19.509;8.328087778;-7.031495556;38;0;0;0;0;0;8.515895556;-13.66941778;-25.89614333;-0.19;25.72
04.12.2024 21:00;10.2147;-3.202313333;75.48354;-0.570712222;168;0;0;0;0;0;14.98507333;-10.02278667;-254.8875011;3.84;28.24
04.12.2024 21:15;27.54093333;-3.761383333;28.84077222;-1.965664444;114;0;0;0;0;0;12.95165111;-13.69197111;-163.9143378;4.76;27.12
04.12.2024 21:30;21.04478778;-0.75575;77.99028444;-0.003874444;0;0;0;0;0;0;9.93758;-10.03740778;-98.17562;6.37;24.05
04.12.2024 21:45;6.54419;-12.71524444;57.87352111;-0.316518889;8;0;0;0;0;0;7.528487778;-15.31577778;-51.59865778;-5.76;22.89
04.12.2024 22:00;1.464574444;-7.655003333;19.53067333;-0.843472222;110;0;0;0;0;0;14.87441;-8.157828889;-129.2133533;1.65;22.38
04.12.2024 22:15;24.24140556;-1.098217778;64.76652111;-0.322941111;90;0;0;0;0;0;10.77043667;-11.17164333;-177.1855611;5.16;23.88
04.12.2024 22:30;4.003072222;-0.814198889;109.5824522;-0.054373333;45;0;0;0;0;0;7.905856667;-8.12419;-157.4986189;5.83;19.7
04.12.2024 22:45;1.699351111;-28.99875444;31.85506111;-4.064454444;50;0;0;0;0;0;5.20537;-15.48474222;-40.21183111;-11;19.74
04.12.2024 23:00;9.774573333;-8.369692222;53.42292444;-1.068551111;155;0;0;0;0;0;18.42124;-8.316528889;-218.8639656;-20.17;23.84
04.12.2024 23:15;3.248424444;-15.54238667;33.43418444;-5.443413333;90;0;0;0;0;0;6.05039;-10.96896889;-100.77823;-0.75;20.84
04.12.2024 23:30;1.626111111;-16.60510111;1.044324444;-27.69247111;40;0;0;0;0;0;9.756928889;-8.736695556;0.606903333;-3.04;19.83
04.12.2024 23:45;0.251321111;-23.12228889;9.185124444;-5.619248889;0;-11;0;0;0;0;8.739958889;-11.49579778;33.06093111;-34.54;19.26
05.12.2024 00:00;64.40850778;-3.371716667;38.33150556;-0.117117778;156;0;0;0;0;0;19.25588444;-9.324826667;-265.1822367;-4.67;34.22
05.12.2024 00:15;37.62952667;-5.918113333;42.03701667;-0.4194;115;0;0;0;0;0;8.173018889;-13.58286778;-182.9191811;2.72;28.9
05.12.2024 00:30;5.424932222;-2.169582222;71.72962556;-0.19063;53;0;0;0;0;0;7.991771111;-6.493858889;-129.2922578;3.26;22.42
05.12.2024 00:45;22.35867889;-14.44375889;67.12474222;-4.999173333;0;-37;0;0;0;0;7.952508889;-21.77573222;-19.21726556;-75.07;24.95
05.12.2024 01:00;8.741994444;-11.00110222;6.303512222;-13.45966444;169;0;0;0;0;0;20.94239333;-5.338232222;-175.1889011;-32.46;25.42
05.12.2024 01:15;13.95848111;-6.43405;9.158754444;-3.996796667;121;0;0;0;0;0;6.452673333;-8.226671111;-131.9123911;1.9;24.34
05.12.2024 01:30;1.780575556;-5.431181111;32.73846222;-2.570386667;99;0;0;0;0;0;5.140511111;-5.550371111;-125.10761;3.14;17.61
05.12.2024 01:45;2.823334444;-1.830914444;62.24821444;-0.313712222;40;0;0;0;0;0;6.950107778;-6.082895556;-103.7941344;2.42;19
05.12.2024 02:00;71.56154444;-0.172121111;43.64981111;-0.061918889;115;0;0;0;0;0;15.82522111;-11.97670222;-233.8258344;4.33;29.86
05.12.2024 02:15;36.90484333;-0.153124444;57.09814556;-0.021365556;53;0;0;0;0;0;11.85546222;-14.59227444;-144.0916867;5.4;26.99
05.12.2024 02:30;70.82005;-0.008136667;32.73880111;-0.02631;58;0;0;0;0;0;16.42469111;-10.17471667;-167.7743789;5.4;28.85
05.12.2024 02:45;31.22056;-1.170793333;84.17294667;-0.030542222;0;0;0;0;0;0;6.840553333;-14.55402778;-106.4786967;3.24;27.34
05.12.2024 03:00;22.01456444;-2.232931111;4.300385556;-16.96038556;153;0;0;0;19;0;10.62038111;-10.32659556;-179.4154189;4.8;27.13
05.12.2024 03:15;7.617198889;-0.97235;15.23933;-0.614343333;110;0;0;0;19;0;5.59481;-6.429847778;-149.4347978;4.38;22.01
05.12.2024 03:30;12.52902222;-1.277386667;39.47954111;-0.173653333;58;0;0;0;19;0;6.907042222;-6.723343333;-127.7412222;4.81;24.42
05.12.2024 03:45;0.711256667;-2.346993333;18.59805111;-0.885923333;48;0;0;0;19;0;4.619372222;-4.676925556;-83.01883778;3.44;16.4
05.12.2024 04:00;30.51323111;-0.030245556;45.87834333;-0.101964444;40;0;0;0;19;0;8.789331111;-8.000224444;-136.0484711;5.25;26.14
05.12.2024 04:15;17.53687667;-0.031054444;45.18972111;-0.062897778;40;0;0;0;19;0;6.970457778;-7.811958889;-120.7911444;5.17;24.12
05.12.2024 04:30;34.5029;-0.010305556;69.58375778;0;53;0;0;0;19;0;9.976955556;-8.419624444;-177.6336833;5.37;26.07
05.12.2024 04:45;29.40497556;0;100.6384222;0;53;0;0;0;19;0;9.653843333;-8.788494444;-202.9087467;9.23;24.64
05.12.2024 05:00;2.90988;-5.053434444;45.10658556;-4.450197778;0;-6;0;0;16;0;8.993877778;-11.69272889;-45.81398222;3;22.29
05.12.2024 05:15;16.77936222;-0.762112222;50.36111889;-0.647664444;53;0;0;0;16;0;9.046236667;-8.073968889;-135.7029722;4.37;24.52
05.12.2024 05:30;30.72035111;-0.075678889;14.88765333;-1.783277778;156;0;0;0;16;0;15.47631111;-11.71518778;-219.5101711;5.37;26.37
05.12.2024 05:45;68.02517;0;26.37809111;-1.542646667;239;0;0;0;16;0;13.57203889;-16.03571444;-345.3969389;9.89;29.07
05.12.2024 06:00;45.82860444;-5.454498889;38.24897222;-3.880341111;18;0;0;0;0;0;16.37587222;-11.15180778;-97.96680111;2.04;32.13
05.12.2024 06:15;33.36656222;-0.003662222;29.15491778;-1.674398889;119;0;0;0;0;0;9.169651111;-14.37091667;-174.6421533;5.4;27.85
05.12.2024 06:30;48.77453889;-0.231387778;29.60571444;-1.803234444;232;0;0;0;0;0;16.63223778;-10.11799778;-314.8598711;5;33.55
05.12.2024 06:45;57.20417778;-0.049911111;12.78978778;-6.292897778;323;0;0;0;0;0;14.51660889;-22.33588;-378.8318856;4.95;34.49
05.12.2024 07:00;31.55041333;-10.02576333;27.93568444;-4.957623333;75;0;0;0;0;0;18.10841778;-14.35085;-123.2602789;1.23;31.37
05.12.2024 07:15;54.55186667;0;49.24228;-0.238715556;191;0;0;0;0;0;14.31557222;-17.01145778;-291.8595456;12.34;32.97
05.12.2024 07:30;108.1146878;0;18.85042111;-0.093457778;267;0;0;0;0;0;22.07492889;-13.93741889;-402.0091611;12.34;64.09
05.12.2024 07:45;109.7837933;0;50.52787667;-0.111764444;301;0;0;0;0;0;14.61882778;-22.38061667;-453.4381167;12.34;59.31
05.12.2024 08:00;52.09227333;-0.030652222;14.33594667;-1.630066667;301;0;0;0;0;0;18.00157889;-15.97357;-367.79551;5.4;35.89
05.12.2024 08:15;30.46845556;-3.187654444;4.584306667;-12.48945;301;0;0;0;0;0;11.21149333;-16.57663444;-315.0105167;3.33;36.69
05.12.2024 08:30;1.695682222;-4.171277778;0.526735556;-28.58384667;299;0;0;0;0;0;10.37268667;-10.51213778;-268.3278422;4.16;25.35
05.12.2024 08:45;1.520034444;-9.175063333;0.180431111;-83.62881556;299;0;0;0;0;0;10.70772111;-10.88218556;-207.7221222;2.46;25.33
05.12.2024 09:00;0;-44.85758667;0;-67.26027778;297;0;0;0;0;0;10.29759;-12.63048778;-182.5492378;0.33;23.2
05.12.2024 09:15;16.98172222;-4.029674444;21.11893;-2.54522;16;0;0;0;0;0;11.82480444;-10.33414778;-49.01641444;2.4;28.28
05.12.2024 09:30;0.26977;-29.64422889;10.77836444;-1.393303333;16;0;0;0;0;0;10.34101444;-14.21120111;7.859584444;0.13;24.56
05.12.2024 09:45;0;-125.7032756;0.075955556;-2.078554444;16;0;0;0;0;0;9.692665556;-18.22564444;120.2388533;-34.44;17.79
05.12.2024 10:00;0;-69.93462556;0.037266667;-28.41020889;0;0;0;0;0;0;16.52642;-8.781743333;90.56289111;-12.8;16.43
05.12.2024 10:15;0;-64.41380222;0.007222222;-56.57533;0;0;0;0;0;0;9.643564444;-12.05155222;123.3898978;-6.38;16.43
05.12.2024 10:30;0;-83.87641667;0.1378;-14.42232667;0;-100;0;0;0;0;15.10467556;-14.25590667;197.3121744;-23.95;16.43
05.12.2024 10:45;0;-114.3603578;0;-7.092842222;0;-110;0;0;0;0;13.70063444;-17.63675444;235.38932;-35.96;16.43
05.12.2024 11:00;0;-121.4268756;0;-27.7979;0;-45;0;0;0;-30;17.21328111;-13.24188778;220.2533822;-40.74;15.98
05.12.2024 11:15;0;-81.50188;0;-14.05128444;0;-88;0;0;0;-30;13.13451889;-11.99975333;212.4183989;-24.89;15.98
05.12.2024 11:30;0;-69.38382;0.786671111;-21.21658111;0;-42;0;0;0;-30;17.93648333;-13.44455556;157.3218022;-15.9;15.98
05.12.2024 11:45;0.022243333;-37.53471222;0;-90.57391444;0;-26;0;0;0;-30;9.93162;-16.37966111;190.5344244;-9.44;23.02
05.12.2024 12:00;2.953686667;-14.86355778;0.415444444;-77.62649556;0;-26;0;0;0;-50;19.66768111;-9.646808889;155.10005;-45.74;25.58
05.12.2024 12:15;0.270857778;-107.4850733;0.31208;-35.02659444;0;-26;0;0;0;-50;6.265462222;-26.80478111;238.4680489;-161.06;24.66
05.12.2024 12:30;0;-99.56977889;0;-72.92946333;0;-26;0;0;0;-50;23.59508889;-10.19288111;235.0970344;-95.65;15.28
05.12.2024 12:45;0;-80.81841444;0;-30.62563889;0;-26;0;0;0;-50;12.02201889;-13.10221333;188.5242478;-55.04;15.28
05.12.2024 13:00;58.96470333;-6.61716;66.3287;-0.316492222;0;-119;0;0;0;-50;29.40704333;-11.14989778;32.38310333;-34.5;50.47
05.12.2024 13:15;182.0422411;0;67.65058111;0;0;-106;0;0;0;-50;20.32795222;-23.40630444;-90.61447;9.97;111.13
05.12.2024 13:30;148.8735533;0;85.91748333;0;0;-92;0;0;0;-50;21.24757111;-17.34646222;-96.69214556;10.06;80.5
05.12.2024 13:45;135.6632667;0;90.51361;0;0;-101;0;0;0;-50;13.40574667;-23.17359556;-65.40902778;10;77.28
05.12.2024 14:00;11.20537556;-1.173086667;3.206664444;-29.76400222;120;0;0;0;0;-50;13.38433778;-13.96887222;-52.89041667;1.81;26.92
05.12.2024 14:15;28.33412778;-0.492075556;4.008825556;-8.617953333;140;0;0;0;0;-50;12.33453;-13.49797444;-112.06948;1.8;27.16
05.12.2024 14:30;62.23592111;-0.048013333;6.664565556;-3.547637778;140;0;0;0;0;-50;17.01849667;-10.95863889;-161.3646933;4.03;39.73
05.12.2024 14:45;62.14137111;-0.317243333;27.22518;-0.849591111;140;0;0;0;0;-50;9.868964444;-16.29992889;-171.7687522;4.33;35.23
05.12.2024 15:00;0.111487778;-24.46003;1.387111111;-58.09469333;199;0;0;0;0;0;12.90770889;-14.12869889;-116.7228856;-8.39;24.03
05.12.2024 15:15;1.983904444;-6.573475556;0.299084444;-66.93500111;207;0;0;0;0;0;13.24925111;-13.04089556;-135.9828678;1.75;24.56
05.12.2024 15:30;6.364727778;-1.30941;0.606085556;-65.99606778;207;0;0;0;0;0;13.93013889;-11.73532;-148.8601544;3.54;25.74
05.12.2024 15:45;51.54827222;-0.000406667;10.15212667;-2.575937778;102;0;0;0;0;0;16.21040333;-16.81449778;-160.51996;11.84;29.51
05.12.2024 16:00;29.62930778;-0.081242222;55.30617778;-1.077612222;100;0;0;0;0;0;15.14429778;-12.43789556;-186.4830333;2.81;28.66
05.12.2024 16:15;60.53220333;0;27.51063889;-0.596786667;100;0;0;0;0;0;14.82747333;-16.64849333;-185.6250356;11.83;29.34
05.12.2024 16:30;71.45372222;0;28.93137444;-1.499493333;100;0;0;0;0;0;17.32883111;-13.56310222;-202.6513322;11.83;34.42
05.12.2024 16:45;62.97215;-0.084092222;17.12858889;-6.911893333;150;0;0;0;0;0;12.93156111;-18.53244444;-217.50387;4.16;30.14
05.12.2024 17:00;0.11583;-21.33558778;6.941236667;-16.53888778;150;0;0;0;0;0;13.13421778;-17.78103333;-114.5357756;1.35;25.23
05.12.2024 17:15;0.002847778;-42.26738444;0.232191111;-30.92795111;150;0;0;0;0;0;14.26026667;-14.41432556;-76.88564444;-0.09;25.19
05.12.2024 17:30;0;-75.24699222;0.700955556;-9.699032222;150;0;0;0;0;0;20.64073889;-18.59807222;-67.79759778;-4.42;18.77
05.12.2024 17:45;0;-81.86522889;1.146364444;-8.116687778;150;0;0;0;0;0;14.73091889;-23.79043667;-52.10493;-19.81;18.77
05.12.2024 18:00;0;-160.4234489;0;-10.88045333;149;0;0;0;0;0;22.57406778;-16.57250667;16.30234111;-69.03;18.9
05.12.2024 18:15;0.03133;-40.5329;3.776154444;-6.326988889;0;0;0;0;0;0;15.25446;-14.74937333;42.54731778;-17.35;23.76
05.12.2024 18:30;1.27685;-17.10124111;10.82243;-11.89722667;0;-23;0;0;0;0;17.05756222;-12.09905444;34.94068;-6;24.41
05.12.2024 18:45;2.12781;-8.832455556;8.070776667;-14.11470333;0;-31;0;0;0;0;13.49472111;-12.06547444;42.31932556;0.08;24.73
05.12.2024 19:00;76.30262667;0;55.71626667;0;0;-31;0;0;0;0;24.21764333;-18.82569;-106.4108467;10.51;33.27
05.12.2024 19:15;70.82451;0;24.38382889;-0.032253333;0;-31;0;0;0;0;12.65759889;-15.63937778;-61.19430667;10.51;29.49
05.12.2024 19:30;41.90036667;-0.115154444;8.224393333;-1.527224444;0;-31;0;0;0;0;16.94254333;-18.78690778;-15.63801667;5.03;27.49
05.12.2024 19:45;18.12335667;-17.11087;10.60973222;-13.01868444;0;-31;0;0;0;0;13.67131333;-17.17342;35.89857222;-2.36;26.48
05.12.2024 20:00;140.2389889;-0.228543333;35.87537444;-0.087311111;0;-31;0;0;0;0;26.63903222;-11.79793889;-159.6396022;3.03;101.41
05.12.2024 20:15;66.85696889;0;106.1973667;0;0;-31;0;0;0;0;9.810364444;-22.3001;-129.5646;10.75;44.4
05.12.2024 20:30;11.79633778;-0.712213333;29.27244444;-2.364244444;0;-31;0;0;0;0;11.16997667;-11.91626444;-6.246036667;4.47;24.75
05.12.2024 20:45;0.529651111;-48.62304333;2.216682222;-57.49524444;100;0;0;0;0;0;16.64332333;-18.28611;5.014741111;-13.43;22.48
05.12.2024 21:00;30.06755778;-0.034451111;6.161248889;-10.92181333;108;0;0;0;0;0;16.68208778;-14.53099444;-135.4236356;4.75;27.28
05.12.2024 21:15;0.642767778;-33.00237556;0.462988889;-34.70924444;136;0;0;0;0;0;7.493983333;-16.57358444;-60.31453556;-7.06;23.17
05.12.2024 21:30;0;-40.64763667;1.391266667;-11.31998556;25;0;0;0;0;0;12.44171889;-11.23372333;24.36836;-7.45;17.04
05.12.2024 21:45;2.293965556;-54.39765222;0.886537778;-1.000237778;0;-41;0;0;0;0;11.70956111;-22.26696889;103.7747944;-54.79;22.6
05.12.2024 22:00;1.855463333;-16.01168778;0.644902222;-42.96561444;76;0;0;0;0;0;23.34066;-7.427823333;-35.4359;-46.2;22.53
05.12.2024 22:15;1.096868889;-24.20627222;1.613066667;-23.07648222;76;0;0;0;0;0;8.43612;-11.14529222;-28.71800889;-6.12;23.54
05.12.2024 22:30;11.76702111;-8.883331111;5.793501111;-16.15920111;10;0;0;0;0;0;10.86368778;-12.02777778;-1.3539;-1.41;24.3
05.12.2024 22:45;1.053057778;-27.30063444;1.701706667;-2.109615556;0;-56;0;0;0;0;10.09328889;-16.57820778;89.14040444;-30.9;21.92
05.12.2024 23:00;6.462821111;-27.56699667;6.771233333;-6.681637778;120;0;0;0;0;0;17.40123444;-11.06204222;-105.3246122;-35.75;25.45
05.12.2024 23:15;0.470646667;-60.49057667;0;-9.954737778;31;0;0;0;0;0;10.99361556;-17.46395222;45.44500444;-93.03;21.96
05.12.2024 23:30;0;-49.04949111;0.061493333;-5.062973333;0;-59;0;0;0;0;14.29598333;-9.331905556;108.0868933;-50.02;13.94
05.12.2024 23:45;0.052491111;-45.52177444;0.202067778;-3.792853333;0;-111;0;0;0;0;15.17494667;-13.68248667;158.5676089;-50.41;20.51
06.12.2024 00:00;44.34201444;-2.744406667;2.426222222;-0.764482222;116;0;0;0;0;0;16.12466333;-4.865427778;-170.5185833;-17.96;27.65
06.12.2024 00:15;110.27506;0;0;-0.042413333;0;0;0;0;0;0;9.407327778;-13.02709778;-106.6128767;10.02;35.34
06.12.2024 00:30;81.62217556;0;0.825407778;-0.028835556;0;-48;0;0;0;0;15.57292444;-13.97218667;-36.01948556;6.06;34.16
06.12.2024 00:45;8.959283333;-6.16198;27.67919111;-6.632382222;0;-143;0;0;0;0;5.456005556;-12.62723889;126.3271211;-2.65;24.77
06.12.2024 01:00;43.81197111;-1.300182222;0.804288889;-1.555064444;76;0;0;0;0;0;18.27801667;-13.45188333;-122.5871467;1.18;31.93
06.12.2024 01:15;21.94147111;-5.637871111;0.01512;-4.946426667;60;0;0;0;0;0;6.802025556;-9.70651;-68.46780889;1.39;26.24
06.12.2024 01:30;10.24372778;-3.476025556;7.474262222;-7.272253333;53;0;0;0;0;0;11.42738111;-9.625101111;-61.77199111;1.71;24.83
06.12.2024 01:45;10.12438556;-3.218847778;48.74630222;-2.218088889;0;-59;0;0;0;0;10.94806111;-11.17266889;5.790856667;1.3;24.68
06.12.2024 02:00;41.26072444;-1.132127778;1.189531111;-11.56247333;90;0;0;0;0;0;12.38225444;-11.82779;-120.3101189;3.22;47.67
06.12.2024 02:15;18.39639222;-0.35278;18.62398556;-1.823268889;0;0;0;0;0;0;7.36846;-8.049551111;-34.16323778;3.16;25.11
06.12.2024 02:30;3.95371;-3.831102222;28.27518111;-3.408128889;0;0;0;0;0;0;7.011434444;-7.827402222;-24.17369222;2.08;22.22
06.12.2024 02:45;0.136171111;-19.13914444;1.775723333;-13.09018222;0;0;0;0;0;0;6.040844444;-7.081951111;31.35853889;0.32;18.96
06.12.2024 03:00;2.442207778;-1.290682222;1.826288889;-17.29300222;100;0;0;0;0;0;5.772544444;-5.755448889;-85.70190778;3.48;22.71
06.12.2024 03:15;7.566718889;-0.205082222;15.93112;-7.073171111;36;0;0;0;0;0;6.591531111;-6.530533333;-52.28058333;3.81;22.45
06.12.2024 03:30;7.446548889;-2.202418889;8.664686667;-14.78797333;0;0;0;0;0;0;5.302722222;-6.374257778;1.950692222;2.95;23.29
06.12.2024 03:45;1.092244444;-5.509704444;2.864328889;-13.66942667;0;0;0;0;0;0;6.328422222;-8.381848889;17.27598444;-0.25;19.58
06.12.2024 04:00;3.470308889;-4.003901111;7.766381111;-9.03385;0;0;0;0;0;0;9.033203333;-4.893376667;-2.338765556;1.55;22.38
06.12.2024 04:15;0.251728889;-8.654362222;0.305866667;-22.81326667;0;0;0;0;0;0;6.16131;-6.676692222;31.42541556;1.72;19.35
06.12.2024 04:30;10.83074667;-0.050182222;8.740755556;-3.081934444;0;0;0;0;0;0;8.27318;-7.118326667;-17.59423889;3.89;23.15
06.12.2024 04:45;12.34727333;-6.218517778;10.44081778;-1.17236;0;0;0;0;0;0;8.145873333;-14.02639;-9.516696667;-6.38;24.12
06.12.2024 05:00;0;-56.56982556;0.321071111;-8.9161;0;-95;0;0;0;0;16.45505889;-18.12823889;161.8380344;-22.2;13.34
06.12.2024 05:15;0;-42.89659222;0.02364;-18.70015111;0;-57;0;0;0;0;10.75821222;-6.674276667;114.4891678;-21.45;13.34
06.12.2024 05:30;1.641556667;-8.95398;0;-79.50376444;53;0;0;0;0;0;9.59881;-7.863537778;32.08091556;-3.54;20.97
06.12.2024 05:45;0.091416667;-55.22175222;0;-40.72226;116;0;0;0;0;0;8.452677778;-16.04542333;-12.55465889;-60.74;19.81
06.12.2024 06:00;0.034316667;-72.91286;0.333191111;-17.25943;0;-158;0;0;0;0;17.44682111;-10.79565333;241.1536144;-100.84;20.13
06.12.2024 06:15;0.300833333;-16.43350333;0.643048889;-21.02698444;0;-91;0;0;0;0;10.58948556;-9.803051111;126.7301711;-14.34;20.51
06.12.2024 06:30;6.343585556;-8.835855556;0.596975556;-23.16013111;28;0;0;0;0;0;12.50979;-11.41848667;-4.035877778;-11.97;24.47
06.12.2024 06:45;19.02195222;-1.008566667;0.842764444;-18.18356556;91;0;0;0;0;0;12.10419111;-13.60020333;-90.17657222;2.15;25.81
06.12.2024 07:00;4.915487778;-5.032011111;0.750666667;-109.3886056;0;0;0;0;0;0;15.66837667;-13.31894222;106.4050278;-2.35;24.2
06.12.2024 07:15;17.25625889;-0.244141111;8.496978889;-10.06452889;0;0;0;0;0;0;12.75088444;-13.14342778;-15.05202444;4.86;26.17
06.12.2024 07:30;144.1432011;0;21.91568333;-0.624333333;0;0;0;0;0;0;27.28196;-12.44819333;-180.2683178;12.01;159.53
06.12.2024 07:45;217.2018811;0;31.64519;0;0;0;0;0;0;0;16.76157444;-19.17778444;-246.4308611;12.01;210.73
06.12.2024 08:00;61.54447;0;69.02573333;0;0;0;0;0;0;0;9.752326667;-20.30218222;-120.0203478;12.33;40.93
06.12.2024 08:15;44.09938444;-0.39307;35.33929667;-3.837681111;0;0;0;0;0;0;11.46866444;-15.11149222;-71.56510222;3.61;32.15
06.12.2024 08:30;24.80388;-0.33895;36.74264444;-6.331334444;0;0;0;0;0;0;13.41986889;-11.59941;-56.69669889;3.51;27.38
06.12.2024 08:45;18.11494111;-1.148133333;32.96358222;-19.55228111;0;0;0;0;0;0;12.58708333;-13.20856556;-29.75662667;3.32;26.58
06.12.2024 09:00;56.41926778;0;12.72742333;-1.885804444;0;0;0;0;0;0;15.29729778;-10.74024333;-71.81794111;11.88;32.97
06.12.2024 09:15;40.33149222;-1.629907778;13.09970222;-7.831555556;0;0;0;0;0;0;10.77747333;-16.03953;-38.70767444;1.89;29.75
06.12.2024 09:30;2.733024444;-3.885078889;4.271355556;-26.47542222;0;0;0;0;0;0;9.59827;-9.192453333;22.95030444;2.3;23.39
06.12.2024 09:45;0.75439;-16.66896667;4.270257778;-31.16698444;0;0;0;0;0;0;12.89059889;-12.82523889;42.74594333;-6.38;22.63
06.12.2024 10:00;10.10130889;-9.468578889;2.418366667;-21.73029222;0;0;0;0;0;0;11.12143444;-14.02725333;21.58501444;-6.32;26.37
06.12.2024 10:15;0.000271111;-26.86849444;0.300236667;-33.90403889;0;0;0;0;0;0;11.97620778;-11.55327111;60.04908889;-11.58;22.26
06.12.2024 10:30;0.786397778;-10.55595778;0;-85.69118778;0;0;0;0;0;0;14.21469333;-12.29928889;93.54534333;-7.04;22.99
06.12.2024 10:45;1.7905;-8.051218889;0;-169.2466722;0;0;0;0;0;0;11.34411444;-15.13214333;179.29542;-5.61;23.19
06.12.2024 11:00;0.952421111;-22.22832333;2.334937778;-46.98533333;0;-70;0;0;0;0;14.01906333;-9.289573333;131.1968078;-0.7;25.72
06.12.2024 11:15;7.081275556;-2.483581111;16.88466889;-8.260517778;0;-70;0;0;0;0;9.824748889;-10.97844667;57.93185222;2.13;25.03
06.12.2024 11:30;1.994218889;-10.67015889;23.32893222;-13.26765333;0;-30;0;0;0;0;11.27520556;-10.27178667;27.61124222;-1.54;23.69
06.12.2024 11:45;1.28811;-9.057064444;34.59009889;-4.501112222;0;-24;0;0;0;0;11.83705556;-12.33912444;2.182036667;-3.74;23.13
06.12.2024 12:00;38.44144;-0.184866667;47.27753222;-1.142577778;0;0;0;0;0;0;14.93108333;-13.80642;-85.51619111;0.16;27.37
06.12.2024 12:15;14.18454222;-8.147102222;77.87197667;-4.370017778;0;-40;0;0;0;0;13.09053222;-18.03795333;-34.59197778;-8.63;26.09
06.12.2024 12:30;5.242371111;-6.580127778;12.49548889;-14.50724111;0;-91;0;0;0;0;13.50668;-12.31555667;93.15838556;-3.18;24.51
06.12.2024 12:45;0.110406667;-50.40499556;4.377751111;-24.78901556;0;-131;0;0;0;0;9.460705556;-18.06719444;210.3123422;-31.25;23.92
06.12.2024 13:00;0;-45.87075444;0.770837778;-27.15478;0;-116;0;0;0;0;18.56255;-8.224823333;177.91697;-12.7;14.96
06.12.2024 13:15;2.911094444;-14.73470444;18.79905778;-21.29961444;0;-151;0;0;0;0;12.00384778;-14.17073667;167.4910556;-7.5;24.37
06.12.2024 13:30;0.090464444;-22.51099333;2.003758889;-33.60023111;0;-161;0;0;0;0;14.69616667;-14.63459778;214.9554322;-3.27;24.41
06.12.2024 13:45;0.180387778;-22.53146;0.83728;-44.70752333;0;-161;0;0;0;0;10.73677778;-14.00388667;230.4884244;-19.47;25.12
06.12.2024 14:00;13.64947556;-6.832816667;1.802804444;-55.01865333;0;-150;0;0;0;0;18.36071333;-9.450946667;187.4894233;-24.02;26.5
06.12.2024 14:15;43.34854778;0;3.105426667;-5.55447;0;-200;0;0;0;0;15.51511667;-18.03410667;161.6194856;9.25;27.34
06.12.2024 14:30;45.26678444;0;3.993253333;-2.124724444;0;-200;0;0;0;0;14.88175778;-13.80234556;151.7852744;9.25;27.61
06.12.2024 14:45;66.03665444;0;6.561606667;-1.719831111;0;-200;0;0;0;0;13.37051556;-14.62239889;130.3734533;9.25;29.11
06.12.2024 15:00;4.076193333;-2.878682222;0.97016;-64.30273;0;-104;0;0;0;0;13.15374;-14.38345;167.3647689;0.15;25.19
06.12.2024 15:15;0.993782222;-9.487574444;0.010657778;-98.50731222;0;-34;0;0;0;0;13.48142556;-14.33186222;141.8408833;2.79;24.26
06.12.2024 15:30;0.353328889;-17.14531556;1.56E-05;-78.92449222;23;0;0;0;0;0;12.93837222;-12.58439222;72.36248333;2.42;25.12
06.12.2024 15:45;2.043182222;-7.287317778;0.082768889;-63.01234;58;0;0;0;0;0;13.09596889;-14.80332;11.88105778;3.76;25.12
06.12.2024 16:00;20.3418;-1.725936667;22.82597333;-20.27997333;0;-63;0;0;0;0;16.75022;-11.18134;36.26925667;0.54;25.48
06.12.2024 16:15;56.74045222;0;35.89223778;-0.702571111;0;-62;0;0;0;0;18.71611778;-17.43435222;-31.21188444;10.12;27.4
06.12.2024 16:30;38.02028222;-0.377471111;3.638518889;-4.545784444;4;0;0;0;0;0;15.96763;-14.55561778;-42.14755778;3.62;27.02
06.12.2024 16:45;59.97501889;0;6.214586667;-2.109895556;48;0;0;0;0;0;16.52913889;-20.09826444;-108.5105844;11.71;27.13
06.12.2024 17:00;8.396393333;-1.213926667;6.842977778;-22.69858;48;0;0;0;0;0;12.76554778;-14.13468444;-37.95772778;0.64;24.69
06.12.2024 17:15;4.200574444;-2.343883333;3.008827778;-40.96109778;48;0;0;0;0;0;13.70523222;-13.22018667;-12.38946667;3.27;23.78
06.12.2024 17:30;9.786921111;-1.10921;6.950614444;-19.32934556;48;0;0;0;0;0;14.09236222;-13.68843778;-44.70290444;3.57;24.72
06.12.2024 17:45;20.17727333;-1.983645556;6.086107778;-27.17297111;48;0;0;0;0;0;14.83479333;-15.93643333;-44.00512444;2.93;25.8
06.12.2024 18:00;6.357122222;-1.407605556;11.87120556;-33.32324222;29;0;0;0;0;0;15.59622889;-14.28004333;-13.81366556;3.8;24.65
06.12.2024 18:15;7.459172222;-3.100445556;6.222206667;-48.62703556;29;0;0;0;0;0;14.43359667;-15.61659;10.22909556;2.87;24.93
06.12.2024 18:30;0;-67.35420333;0;-35.34507111;29;0;0;0;0;0;13.71337444;-18.47086778;78.45676778;-18.77;19.17
06.12.2024 18:45;0.031601111;-36.54554778;5.051392222;-2.990323333;0;-40;0;0;0;0;13.55276778;-15.32059667;76.22070667;-10.38;23.23
06.12.2024 19:00;3.179928889;-14.76275889;8.71081;-14.51531667;35;0;0;0;0;0;14.63866667;-12.55342222;-19.69790778;-3.93;24.11
06.12.2024 19:15;3.178975556;-20.19435111;7.825873333;-21.47308667;0;-6;0;0;0;0;12.31143889;-12.81712111;37.16827111;-6.77;22.94
06.12.2024 19:30;0.681828889;-18.05161222;4.489007778;-19.57163111;0;-54;0;0;0;0;13.31219556;-13.87504667;87.01525778;-5.1;22.22
06.12.2024 19:45;0.382886667;-44.41731222;15.86244222;-3.571842222;0;-120;0;0;0;0;15.25283556;-18.38593778;154.8769278;-29.75;21.24
06.12.2024 20:00;1.549744444;-22.04074111;11.44017111;-1.700576667;61;0;0;0;0;0;16.22314444;-12.35080333;-54.12093889;-8.91;22.86
06.12.2024 20:15;0.202771111;-29.41934556;10.98986444;-1.696102222;11;0;0;0;0;0;11.55461222;-13.99601889;11.36421889;-19.62;20.81
06.12.2024 20:30;1.653912222;-36.78467667;17.19049889;-1.92508;0;-62;0;0;0;0;14.80037444;-14.45799667;81.52296778;-19.66;23.17
06.12.2024 20:45;1.817207778;-11.14338667;35.77217778;-2.351717778;0;-154;0;0;0;0;13.80967889;-12.77205333;128.8680933;-5.18;21.45
06.12.2024 21:00;15.90629;-2.613931111;60.32816778;-0.870303333;18;0;0;0;0;0;15.16736667;-10.59326444;-95.32432556;-3.32;24.52
06.12.2024 21:15;6.983506667;-2.688388889;11.35676;-15.79610333;45;0;0;0;0;0;8.983568889;-10.90901444;-42.93032889;2.61;23.08
06.12.2024 21:30;10.43239889;-1.252708889;42.82212222;-2.179648889;0;-24;0;0;0;0;11.84356667;-10.54415556;-27.12157444;2.68;22.68
06.12.2024 21:45;12.52209778;-9.068582222;69.01047111;-10.69252444;0;-100;0;0;0;0;9.184521111;-13.97458778;43.01860444;-6.38;24.41
06.12.2024 22:00;18.23324;-1.626925556;7.622558889;-3.890392222;56;0;0;0;0;-17;12.97502;-9.587943333;-62.72555778;-4.97;24.32
06.12.2024 22:15;3.046604444;-17.58192556;12.93688222;-41.26796889;53;0;0;0;0;-17;12.44223333;-12.45466556;6.87884;-4.59;23.3
06.12.2024 22:30;3.748774444;-2.159135556;16.66765889;-6.808418889;61;0;0;0;0;-17;10.34748111;-10.06237111;-55.73398889;3.46;21.18
06.12.2024 22:45;8.139641111;-16.66354333;18.06179222;-8.318293333;36;0;0;0;0;-17;9.697837778;-16.98513111;-12.93230333;-37.23;23.19
06.12.2024 23:00;11.29109222;-4.00336;5.153957778;-11.19466889;137;0;0;0;0;0;16.10487667;-9.659008889;-144.6928889;-13.92;24.34
06.12.2024 23:15;30.81138333;-0.128038889;42.09223;-1.030162222;22;0;0;0;0;0;14.12951667;-13.01213556;-94.86279333;3.67;24.96
06.12.2024 23:30;12.74820778;-2.798798889;37.21059333;-1.550711111;7;0;0;0;0;0;11.07908778;-10.25773444;-53.43064444;2.17;24.22
06.12.2024 23:45;16.75143778;-10.75643;37.42783889;-0.423786667;0;-44;0;0;0;0;10.92124667;-19.01177111;9.091464444;-16.66;24.72
07.12.2024 00:00;49.93853778;-13.71527444;35.92401333;-1.341964444;136;0;0;0;0;0;25.38411444;-15.99419;-216.1952367;-41.45;28.47
07.12.2024 00:15;45.04367444;-2.463381111;6.295167778;-0.487648889;76;0;0;0;0;0;13.71765333;-19.08582333;-119.0196422;1.37;27.92
07.12.2024 00:30;4.091788889;-22.47179;10.29456889;-1.706037778;40;0;0;0;0;0;8.615658889;-9.997;-28.82718889;-11.76;21.43
07.12.2024 00:45;16.76621;-1.995837778;7.85307;-5.794898889;0;-36;0;0;0;0;13.54601;-9.494917778;15.12036444;1.05;24.11
07.12.2024 01:00;22.14098222;-5.009224444;0.077808889;-3.20591;142;0;0;0;0;0;7.52065;-14.25099778;-149.2733089;-0.95;25.55
07.12.2024 01:15;0.04313;-24.33866111;0;-8.15691;116;0;0;0;0;0;9.42111;-10.43698556;-82.53168333;-9.64;19.36
07.12.2024 01:30;7.794181111;-10.19327778;1.239393333;-3.83367;46;0;0;0;0;0;13.69304222;-11.29932333;-43.40034556;-5.14;23.53
07.12.2024 01:45;1.429304444;-38.41621556;2.816208889;-2.237482222;0;0;0;0;0;0;8.857652222;-17.08574778;44.63628;-64.36;20.54
07.12.2024 02:00;5.175501111;-15.82587667;0;-37.18867333;136;0;0;0;0;0;17.15820778;-9.43304;-95.88611889;-25.41;23.8
07.12.2024 02:15;0.008272222;-16.80853667;0;-69.61799333;76;0;0;0;0;0;9.022087778;-5.560718889;6.956888889;-2.8;19.36
07.12.2024 02:30;1.348062222;-2.452256667;0.258915556;-40.35895222;40;0;0;0;0;0;7.620444444;-7.436773333;1.02056;2.6;19.69
07.12.2024 02:45;1.417346667;-1.021171111;0;-79.05220111;0;0;0;0;0;0;5.603021111;-5.007854444;78.06085889;1.09;19.42
07.12.2024 03:00;34.96784778;-0.100911111;0;-2.081652222;89;0;0;0;0;0;11.63354333;-11.91053;-121.5082978;3.5;25.94
07.12.2024 03:15;2.888718889;-12.16525333;0.546831111;-31.91042;6;0;0;0;0;0;7.533681111;-8.6805;35.78694222;-9.73;22.09
07.12.2024 03:30;2.898075556;-9.487305556;4.843336667;-9.169354444;0;-16;0;0;0;0;6.791178889;-7.874346667;27.99841556;-8.6;20.6
07.12.2024 03:45;0;-18.77116111;0;-30.27469222;0;-53;0;0;0;0;8.244078889;-8.124194444;101.9259689;-9.92;13.1
07.12.2024 04:00;14.13953889;-0.446507778;0;-9.044346667;11;0;0;0;0;0;9.566533333;-5.649422222;-19.56579556;-2.1;23
07.12.2024 04:15;15.76483444;-0.096978889;2.073364444;-7.964932222;0;-6;0;0;0;0;7.664686667;-9.666314444;-1.77466;3.69;22.78
07.12.2024 04:30;12.00599222;-0.091004444;6.668775556;-4.25314;0;-19;0;0;0;0;7.564252222;-5.066702222;2.171826667;3.69;22.37
07.12.2024 04:45;28.32750333;-0.051677778;11.07177667;-1.997064444;0;-51;0;0;0;0;9.434124444;-12.25805556;16.47339333;1.82;24.07
07.12.2024 05:00;0.420597778;-7.988014444;0;-47.06705778;0;0;0;0;0;0;7.953587778;-8.675698889;55.35658556;-2.62;19.45
07.12.2024 05:15;7.001936667;-1.800801111;0.241471111;-13.40479;0;0;0;0;0;0;8.722865556;-7.122975556;6.362293333;0.46;21.53
07.12.2024 05:30;20.35222667;-0.942242222;6.743402222;-8.519088889;0;0;0;0;0;0;12.34269333;-8.259264444;-21.71772667;1.99;23.91
07.12.2024 05:45;29.26079778;0;27.95226222;-0.382608889;0;0;0;0;0;0;7.914735556;-12.12803556;-52.61715111;9.79;23.8
07.12.2024 06:00;2.462156667;-11.32812333;20.76281111;-11.58134556;0;-66;0;0;0;0;9.264584444;-9.462875556;65.88279222;-18.01;20.65
07.12.2024 06:15;1.719141111;-5.77786;12.56766667;-16.57950667;0;0;0;0;0;0;9.571447778;-9.49487;7.993981111;-3.74;20.76
07.12.2024 06:30;14.60041333;-1.195878889;6.746072222;-19.94903222;0;0;0;0;0;0;10.59004111;-9.890997778;-0.900617778;1.81;23.44
07.12.2024 06:45;18.17192778;-0.988774444;23.34770333;-5.988408889;0;0;0;0;0;0;8.114705556;-11.04655556;-31.61059778;-1.17;23.28
07.12.2024 07:00;1.63968;-31.69446778;1.817495556;-16.73926111;0;0;0;0;0;0;15.74734222;-11.18629444;40.41550556;-31.51;24.37
07.12.2024 07:15;7.35014;-2.03206;6.938073333;-26.98243333;0;0;0;0;0;0;7.24444;-9.45989;16.94173;1.29;20.24
07.12.2024 07:30;33.82338111;0;5.977034444;-1.593971111;0;0;0;0;0;0;12.64483556;-7.713483333;-43.13779667;10.18;20.82
07.12.2024 07:45;31.09607;-0.031058889;53.79542;-0.431448889;0;0;0;0;0;0;8.113623333;-13.64666556;-78.89594;2.21;20.69
07.12.2024 08:00;2.27335;-21.31862556;22.35531111;-11.77666889;0;0;0;0;0;0;11.93436889;-14.10425444;10.63651889;-12.93;18.87
07.12.2024 08:15;0.021565556;-19.28450778;2.25116;-14.41316111;0;0;0;0;0;0;8.91335;-9.377158889;31.88875222;-9.26;17.71
07.12.2024 08:30;11.15289778;-4.330373333;11.43483;-15.11520222;0;0;0;0;0;0;12.51406889;-7.632108889;-8.024112222;0.38;19.36
07.12.2024 08:45;16.84326111;-1.60495;25.68412222;-22.84124444;0;0;0;0;0;0;12.13812;-15.87128667;-14.34802222;1.81;19.88
07.12.2024 09:00;3.916136667;-2.788196667;1.045911111;-69.21378889;0;0;0;0;0;0;14.18185222;-13.54196333;66.40004889;0.13;18.23
07.12.2024 09:15;1.093345556;-11.23561778;0;-130.4586522;0;0;0;0;0;0;10.73000333;-13.75487;143.6257911;-10.82;17.93
07.12.2024 09:30;2.433262222;-5.790998889;0;-146.1068911;0;0;0;0;0;0;15.33956778;-12.49429667;146.6193567;-0.62;18.06
07.12.2024 09:45;1.954061111;-4.717874444;0;-192.50552;0;0;0;0;0;0;13.69493889;-13.84793333;195.4223278;-1.22;17.99
07.12.2024 10:00;0.92637;-18.05406111;0;-217.8787067;0;-46;0;0;0;0;12.54093556;-12.13950333;280.6049656;-12.23;18.5
07.12.2024 10:15;1.310483333;-6.550557778;0;-266.50466;0;-46;0;0;0;0;10.45087222;-12.18613;319.4799922;-1.62;18.12
07.12.2024 10:30;0.728218889;-13.25356222;0;-154.6230767;0;-199;0;0;0;0;12.62342222;-10.30491444;363.8299122;-5.35;18.92
07.12.2024 10:45;2.836506667;-3.40426;0;-153.6809111;0;-200;0;0;0;0;12.54396889;-12.31011778;354.0148133;-1.62;18.6
07.12.2024 11:00;4.104934444;-1.693106667;0.056915556;-90.05988222;0;-200;0;0;0;0;11.73587;-10.75140778;286.6066767;0.1;18.61
07.12.2024 11:15;11.43567111;-0.788565556;2.061494444;-15.81783667;0;-300;0;0;0;0;12.90527111;-11.64222;301.8461856;0.37;20.66
07.12.2024 11:30;116.8713544;0;32.45761;0;0;-300;0;0;0;0;22.05623444;-9.881706667;138.4965078;6.14;30.61
07.12.2024 11:45;208.7529811;0;53.31776333;0;0;-300;0;0;0;0;14.09100889;-22.16575667;46.00400333;6.11;59.22
07.12.2024 12:00;119.898;0;42.98024667;0;0;0;0;0;0;-100;17.04267;-11.97128667;-67.94963;7.28;29
07.12.2024 12:15;128.4407678;0;60.09390889;0;100;0;0;0;0;-100;15.55881556;-23.07293778;-181.0205544;7.28;30.36
07.12.2024 12:30;66.94689222;0;34.40530889;-0.05396;195;0;0;0;0;-100;15.41694889;-15.53006556;-196.1851244;7.28;25.04
07.12.2024 12:45;48.86327;0;79.56351111;0;195;0;0;0;0;-100;12.36463;-14.16937667;-221.6220344;7.28;23.85
07.12.2024 13:00;132.4860378;0;76.72666667;0;100;0;0;0;0;0;23.98847222;-12.42918222;-320.7719944;10.33;41.77
07.12.2024 13:15;166.8992733;0;35.76919778;0;100;0;0;0;0;0;8.427467778;-14.88171667;-296.2142222;0.45;45.95
07.12.2024 13:30;79.45801444;0;39.90255444;0;215;0;0;0;0;0;10.29051667;-11.24321333;-333.4078722;0.45;26.96
07.12.2024 13:45;44.71693778;-0.032682222;47.90107778;-0.068478889;215;0;0;0;0;0;7.621792222;-13.43804222;-301.7006044;5.35;25.72
07.12.2024 14:00;101.0577989;0;77.91742667;0;46;0;0;0;0;0;17.50786556;-7.01146;-235.4716311;10.35;49.68
07.12.2024 14:15;69.54902333;-0.111085556;102.7977878;0;86;0;0;0;0;0;10.43997667;-23.11715444;-245.5585478;4.3;48.47
07.12.2024 14:30;95.45776889;-0.00746;49.73615111;0;106;0;0;0;0;0;22.93892444;-12.89825333;-261.2271311;5.37;37.45
07.12.2024 14:45;89.16883444;0;65.93005889;0;106;0;0;0;0;0;11.87200667;-17.4981;-255.4728;10.35;33.68
07.12.2024 15:00;9.597018889;-2.04522;6.764867778;-25.34059667;116;0;0;0;100;0;9.939212222;-15.49745778;-199.4178244;-1.4;20.91
07.12.2024 15:15;1.645495556;-13.78378444;0.596243333;-76.32369667;215;0;0;0;100;0;10.18366667;-13.06555778;-224.2523667;-3.95;18.43
07.12.2024 15:30;13.45093111;-3.164873333;8.240017778;-21.35124222;80;0;0;0;100;0;13.05612222;-7.68013;-182.5508256;-1.33;20.72
07.12.2024 15:45;29.15474333;-0.948617778;20.19680444;-10.87648444;0;-8;0;0;100;0;9.174573333;-12.08301111;-126.6180078;3.83;23.14
07.12.2024 16:00;0.131428889;-28.14125556;0.478404444;-18.77135667;73;0;0;0;100;0;10.65648111;-12.53419444;-124.8195078;-4.78;18.78
07.12.2024 16:15;1.478543333;-9.600833333;1.33672;-43.50784778;92;0;0;0;100;0;12.18207889;-11.64090556;-142.2477556;-2.23;18.56
07.12.2024 16:30;0;-32.77329778;0;-71.82382889;119;0;0;0;100;0;12.08605556;-10.42098556;-116.0679433;-5.21;16.07
07.12.2024 16:45;7.558047778;-4.156764444;2.114555556;-91.36246333;152;0;0;0;100;0;15.12749667;-10.30629778;-170.9745744;-0.36;21.91
07.12.2024 17:00;1.33925;-18.12906111;0.44788;-40.26889778;38;0;0;0;32;0;9.283311111;-15.62636556;-7.046116667;-3.6;20.86
07.12.2024 17:15;0.191243333;-15.29444889;1.581;-67.26691667;38;0;0;0;32;0;9.888531111;-9.238535556;10.13912667;-2.47;18.03
07.12.2024 17:30;0.509841111;-6.116664444;0.259182222;-62.38034222;0;0;0;0;32;0;10.47090667;-10.07349333;35.33057;3.32;18.11
07.12.2024 17:45;0.120714444;-29.99741333;3.766857778;-17.19967222;38;0;0;0;32;0;11.09727444;-17.90174;-19.88602111;-10.03;17.74
07.12.2024 18:00;1.047627778;-11.49168667;15.42334333;-1.901836667;53;0;0;0;32;0;18.71908667;-10.32444889;-96.47208556;-5.19;18.57
07.12.2024 18:15;4.922406667;-2.148167778;33.00569556;-7.147302222;0;-13;0;0;32;0;8.224554444;-9.178331111;-46.67885556;1.27;19.02
07.12.2024 18:30;52.43965444;-0.06361;39.50874667;-0.148182222;0;-80;0;0;32;0;16.49765333;-8.008633333;-52.22562889;1.44;24.52
07.12.2024 18:45;42.72893778;-0.066733333;17.10955;-3.679471111;0;-62;0;0;32;0;10.30734667;-18.36942;-18.03021;0.45;24.82
07.12.2024 19:00;89.73550778;0;6.470034444;-0.027128889;8;0;0;0;0;-30;19.97724889;-14.15960778;-79.99605444;9.2;29.07
07.12.2024 19:15;99.94927333;0;20.89067778;-0.430768889;0;-26;0;0;0;-30;13.87179222;-17.41322556;-60.86774889;9.17;34.93
07.12.2024 19:30;23.22076667;-2.31487;115.1766733;0;0;-82;0;0;0;-30;10.88136;-15.03960889;-19.92432111;0.45;23.23
07.12.2024 19:45;1.599116667;-21.07990667;17.09654556;-12.98142667;0;-5;0;0;0;-30;10.22541;-12.60033111;52.74059222;-7.34;17.22
07.12.2024 20:00;5.261477778;-2.258565556;27.52195111;-6.061612222;93;0;0;0;0;-30;11.77683333;-8.156453333;-91.08363111;0.2;18.33
07.12.2024 20:15;2.345635556;-4.702555556;37.34805;-1.37797;40;0;0;0;0;-30;9.179986667;-10.53060222;-42.26254444;0.95;17.46
07.12.2024 20:30;2.777623333;-2.656655556;66.52617222;-0.455937778;0;-14;0;0;0;-30;13.21421333;-10.56779;-24.83762556;1.48;17.37
07.12.2024 20:45;8.009168889;-0.978321111;101.9744722;-0.104315556;0;-77;0;0;0;-30;11.32293333;-11.05388111;-2.170056667;0.39;17.52
07.12.2024 21:00;104.4174489;0;76.64259;0;0;-111;0;0;0;0;17.96443667;-16.44373778;-71.58073778;6.26;47.56
07.12.2024 21:15;67.25613;-0.163981111;57.40702333;-0.037977778;0;-28;0;0;0;0;11.81264;-14.45205556;-93.82177889;0.89;28.83
07.12.2024 21:30;2.767871111;-7.232528889;5.636038889;-21.25178667;40;0;0;0;0;0;10.31496;-11.63034111;-18.60421333;-0.29;17.59
07.12.2024 21:45;0;-61.68823111;0.256346667;-26.75903556;40;0;0;0;0;0;9.42623;-15.76119;54.52588;-23.56;15.28
07.12.2024 22:00;5.197331111;-5.49193;0.183786667;-47.6948;93;0;0;0;0;0;15.75732222;-7.500815556;-53.45089444;-4.37;19.4
07.12.2024 22:15;20.42439444;-2.853455556;16.70806889;-4.562048889;0;0;0;0;0;0;11.20390778;-11.13118333;-29.78968333;0.37;23.94
07.12.2024 22:30;52.32014667;-0.068086667;14.74939556;-1.179324444;0;0;0;0;0;0;15.52706111;-16.28041444;-65.06877778;3.34;26.3
07.12.2024 22:45;13.91952889;-5.459937778;19.48255667;-15.69096444;0;0;0;0;0;0;9.414621111;-13.86180667;-7.803997778;-5.34;20.36
07.12.2024 23:00;99.41299;-2.000054444;0;-5.031763333;0;0;0;0;0;0;27.60250556;-13.00076667;-106.9829111;-5.15;33.88
07.12.2024 23:15;105.4999522;0;1.038;-0.040368889;0;-48;0;0;0;0;10.3654;-19.38637667;-49.47660667;7.17;35.74
07.12.2024 23:30;10.90792556;-1.022402222;2.579002222;-22.79012111;0;0;0;0;0;0;9.781892222;-10.45760111;11.00130444;2.24;20.3
07.12.2024 23:45;2.086577778;-20.45152889;11.71201222;-11.61012444;0;0;0;0;0;0;7.01904;-13.16376111;24.40778444;-36.76;17.23
08.12.2024 00:00;33.46898111;-1.454398889;34.85112222;-3.400493333;0;-30;0;0;0;0;15.57156333;-9.801976667;-39.23479778;-3.53;24.69
08.12.2024 00:15;14.92324;-1.797823333;0;-7.238584444;0;-30;0;0;0;0;9.584411111;-9.756383333;24.28514;3.66;21.89
08.12.2024 00:30;0.651851111;-20.21498222;1.092366667;-15.61588444;0;-30;0;0;0;0;8.506121111;-8.443713333;64.02424111;-1.8;17.79
08.12.2024 00:45;0.373126667;-37.88681889;2.654557778;-1.999161111;0;-30;0;0;0;0;7.777248889;-10.88297778;69.96402444;-9.93;17.05
08.12.2024 01:00;6.100395556;-2.48372;53.11955333;-0.374184444;47;0;0;0;0;0;10.97738111;-6.674533333;-107.6648922;-0.41;19.27
08.12.2024 01:15;2.321628889;-12.93878667;36.42058222;-1.912822222;0;0;0;0;0;0;6.41765;-9.319088889;-20.98916333;-3.9;17.36
08.12.2024 01:30;1.404881111;-3.755532222;26.74065778;-0.507715556;0;-11;0;0;0;0;9.455817778;-6.019684444;-16.31842444;-2.73;17.01
08.12.2024 01:45;8.656263333;-9.269892222;40.74901444;-0.23892;0;-56;0;0;0;0;9.486506667;-9.32155;15.93857778;-7.69;19.11
08.12.2024 02:00;14.71951222;-0.368515556;54.21303889;-0.008573333;0;-54;0;0;0;0;7.966861111;-7.107183333;-15.41514;2.64;21.45
08.12.2024 02:15;6.458067778;-0.339352222;50.01357667;-0.039047778;0;-54;0;0;0;0;6.403513333;-5.994741111;-2.502016667;2.91;18.63
08.12.2024 02:30;15.80486333;-0.51649;40.28950444;-0.009948889;0;-54;0;0;0;0;7.368426667;-8.016792222;-0.919563333;2.68;20.36
08.12.2024 02:45;0.160994444;-19.16004;4.394432222;-6.347342222;0;-54;0;0;0;0;6.981375556;-6.762155556;74.73273556;-5.81;16.94
08.12.2024 03:00;7.597108889;-0.40323;96.19177667;-0.072682222;0;-52;0;0;0;0;7.050541111;-6.520491111;-51.84302333;2.91;19.06
08.12.2024 03:15;1.410045556;-3.304847778;55.62151222;-1.024451111;0;-52;0;0;0;0;6.20399;-7.506198889;0.59995;1;17.03
08.12.2024 03:30;4.825152222;-1.586362222;12.53496111;-1.36281;0;-52;0;0;0;0;5.504221111;-4.020135556;36.10497333;1.04;17.25
08.12.2024 03:45;3.018522222;-6.137016667;10.26194;-3.022411111;0;-52;0;0;0;0;7.464178889;-6.567908889;46.98269556;-4.09;17.07
08.12.2024 04:00;9.260092222;-0.514723333;22.22578667;-0.840893333;0;-52;0;0;0;0;6.483644444;-5.777782222;21.16387556;2.03;19.07
08.12.2024 04:15;9.580742222;-0.299614444;54.22023111;-0.706523333;0;-52;0;0;0;0;7.072178889;-7.253132222;-10.61388222;1.76;18.09
08.12.2024 04:30;16.45670667;-0.170216667;29.63968444;-0.470148889;0;-52;0;0;0;0;8.048191111;-6.425788889;4.921572222;2.04;19.13
08.12.2024 04:45;16.74220111;-0.213075556;38.08632;-0.001662222;0;-52;0;0;0;0;8.21021;-7.585206667;-3.238786667;0.45;20
08.12.2024 05:00;18.32262556;-0.109184444;55.89163556;-0.149213333;0;-54;0;0;0;0;8.427466667;-10.06535889;-18.31797111;1.19;20.42
08.12.2024 05:15;6.920294444;-1.886661111;72.13326111;-0.207346667;0;-54;0;0;0;0;6.406526667;-7.33589;-22.03018444;1.19;18.1
08.12.2024 05:30;1.838227778;-1.131714444;38.25505556;-0.273968889;0;0;0;0;0;0;5.866757778;-5.419394444;-39.13496333;2.75;16.99
08.12.2024 05:45;2.958971111;-1.912153333;31.86018333;-2.040782222;30;0;0;0;0;0;7.349206667;-8.534885556;-59.68054;1.79;17.19
08.12.2024 06:00;30.84907111;-0.997175556;18.21955444;-2.50104;0;-79;0;0;0;0;11.11677667;-8.17136;30.48417333;-1.16;23.57
08.12.2024 06:15;8.240547778;-1.209568889;3.859917778;-26.23879556;0;0;0;0;0;0;6.122223333;-7.9047;17.13037556;3.64;21.69
08.12.2024 06:30;0.658635556;-5.370133333;4.139284444;-24.24727556;0;0;0;0;0;0;7.320155556;-6.968014444;24.46734778;1.75;17.39
08.12.2024 06:45;0.629744444;-7.826745556;6.681158889;-21.14393778;0;0;0;0;0;0;7.495966667;-8.840006667;23.00382;-0.75;17.22
08.12.2024 07:00;1.477314444;-31.11706889;0;-62.16414333;0;0;0;0;0;0;13.78609444;-12.54448444;90.56228778;-43.34;17.1
08.12.2024 07:15;0.961496667;-4.692626667;0.047493333;-62.98590111;0;0;0;0;0;0;8.585596667;-8.489032222;66.57297333;1.25;17.47
08.12.2024 07:30;9.391681111;-0.587134444;7.473651111;-28.69394111;0;0;0;0;0;0;9.17892;-7.111282222;10.34810556;2.24;21.17
08.12.2024 07:45;23.18725222;-0.108643333;31.65226333;-3.73209;0;0;0;0;0;0;9.626466667;-10.64179667;-49.98345222;2.01;23.19
08.12.2024 08:00;3.32464;-2.209201111;1.350953333;-50.44270333;0;0;0;0;0;0;8.923058889;-10.90953333;49.96278556;0.66;17.23
08.12.2024 08:15;2.424846667;-3.886837778;7.838982222;-50.27814111;0;0;0;0;0;0;9.714588889;-9.965542222;44.15210333;-0.45;17.24
08.12.2024 08:30;8.188893333;-4.654395556;3.335493333;-13.56479111;0;0;0;0;0;0;9.396428889;-8.043632222;5.342003333;-1.81;19.21
08.12.2024 08:45;34.02763556;-0.215926667;22.6705;-0.823297778;0;-50;0;0;0;0;9.303126667;-9.193255556;-5.768782222;1.68;23.14
08.12.2024 09:00;29.04651111;-0.280488889;23.49972444;-1.569428889;0;-50;0;0;0;0;11.82782556;-12.64895222;0.124808889;-1.65;22.64
08.12.2024 09:15;22.20051111;-3.291688889;8.575167778;-12.00730778;0;0;0;0;0;0;10.48719556;-14.08230778;-11.88157;-4.12;20.58
08.12.2024 09:30;5.41015;-7.190477778;4.31504;-27.54418444;0;0;0;0;0;0;11.29226667;-8.946121111;22.66332667;0.46;18.06
08.12.2024 09:45;6.919337778;-0.524216667;20.94049444;-8.203992222;0;0;0;0;0;0;11.22935444;-9.143348889;-21.21762889;-2.63;17.48
08.12.2024 10:00;40.97532111;0;18.22459556;-2.854813333;0;0;0;0;0;0;17.8559;-18.05634556;-56.14465778;10.4;20.91
08.12.2024 10:15;23.67932222;-3.081325556;13.66849667;-15.03528889;0;0;0;0;0;0;10.66269444;-12.73354444;-17.16035444;0.24;21.25
08.12.2024 10:30;20.05736;-0.229626667;24.60106556;-2.531162222;0;0;0;0;0;0;11.67401667;-10.98253778;-42.58911556;0.83;18.9
08.12.2024 10:45;25.82776444;-0.280897778;19.84967667;-5.410355556;0;0;0;0;0;0;12.11669;-12.38197556;-39.72090222;1.05;19.35
08.12.2024 11:00;13.14357333;-2.879353333;15.46947889;-20.17748556;0;0;0;0;0;0;12.39396444;-11.62244889;-6.327728889;-0.04;20.29
08.12.2024 11:15;12.67158667;-0.465896667;14.38503889;-10.61381778;0;0;0;0;0;0;10.11795333;-10.46547222;-15.62939222;1.37;17.52
08.12.2024 11:30;16.31685667;-0.338538889;9.907024444;-5.198474444;0;0;0;0;0;0;13.46787556;-11.53755556;-22.61718778;1.68;18.23
08.12.2024 11:45;23.0945;-0.540228889;6.248207778;-14.32215889;0;0;0;0;0;0;16.50089778;-13.54060222;-17.44061556;0.59;19.41
08.12.2024 12:00;15.41341;-3.834632222;1.499913333;-17.40446333;0;0;0;0;0;0;12.31446778;-15.76902667;7.780331111;-2.37;21.93
08.12.2024 12:15;14.17561778;-2.304015556;0.27252;-50.66435222;0;0;0;0;0;0;13.70689556;-14.36063;39.17396444;0.26;18.59
08.12.2024 12:30;5.458838889;-1.466064444;0.866412222;-48.02842333;0;0;0;0;0;0;12.63752222;-12.52308;43.05479444;1.25;17.26
08.12.2024 12:45;3.850362222;-2.91028;0.920302222;-73.12608111;0;0;0;0;0;0;11.29419444;-12.25534333;72.22684556;-0.06;17.13
08.12.2024 13:00;0.973311111;-14.72713111;0.002448889;-60.27453111;0;0;0;0;0;0;10.67624889;-11.58391444;74.93356778;-2.48;17.18
08.12.2024 13:15;2.165118889;-7.831884444;0.102862222;-77.79855333;0;0;0;0;0;0;11.50905111;-14.26404444;86.11745;-3.1;17.25
08.12.2024 13:30;1.237916667;-9.599058889;0.108564444;-90.58732556;0;0;0;0;0;0;13.18824;-10.63910556;96.29076889;-4.18;17.1
08.12.2024 13:45;1.897372222;-4.565835556;0;-115.4329122;0;0;0;0;0;0;11.45830111;-11.50229444;118.1453689;-1.19;17.06
08.12.2024 14:00;3.807493333;-2.161732222;1.220453333;-61.63782333;0;0;0;0;0;0;11.75289778;-11.22721889;58.24593;1.09;17.19
08.12.2024 14:15;12.15766222;-2.09595;0.89746;-45.23438444;0;0;0;0;0;0;12.69991778;-12.14653111;33.72182556;0.36;18.06
08.12.2024 14:30;2.330187778;-4.786095556;0.489311111;-35.33784667;0;0;0;0;0;0;11.42252667;-11.48597444;37.36789111;-1;17.1
08.12.2024 14:45;3.162835556;-2.776831111;1.072583333;-46.14826333;0;0;0;0;0;0;11.18949778;-11.55352;45.05369778;-1.99;17.14
08.12.2024 15:00;9.286835556;-2.772894444;4.219871111;-59.41166333;0;0;0;0;0;0;14.00090556;-13.27258;47.94952556;-7.9;17.4
08.12.2024 15:15;16.61499556;-0.796573333;2.820771111;-20.85639778;0;0;0;0;0;0;11.51968556;-12.34266444;3.040183333;1.54;18.76
08.12.2024 15:30;15.84255667;-0.393336667;1.14124;-16.40653333;0;0;0;0;0;0;12.75989333;-10.25551889;-2.688301111;1.89;18.24
08.12.2024 15:45;61.69230778;-0.136577778;1.772741111;-3.991511111;0;0;0;0;0;0;11.12462778;-12.96414222;-57.49744556;2.15;24.69
08.12.2024 16:00;3.859854444;-16.74518889;2.096891111;-14.93772444;0;0;0;0;0;0;16.09754778;-15.79126222;25.41988222;-24.4;18.14
08.12.2024 16:15;12.72473778;-0.626756667;3.207932222;-10.77616556;0;0;0;0;0;0;11.46619333;-12.23550444;-3.760436667;-1.14;18.66
08.12.2024 16:30;90.37802778;-0.31087;8.923746667;-0.2036;0;0;0;0;0;0;23.55254667;-13.50612;-108.8337311;-1.26;33.89
08.12.2024 16:45;100.4646811;0;29.04389333;-0.006462222;0;0;0;0;0;0;18.36181444;-22.20348444;-125.6604422;11.57;34.16
08.12.2024 17:00;17.50635111;-1.677926667;7.402416667;-12.97919667;0;0;0;0;0;0;10.31878;-13.87180667;-6.698617778;-5.8;19.02
08.12.2024 17:15;24.30827444;-0.205888889;15.39949889;-3.501726667;0;0;0;0;0;0;8.838685556;-11.44455556;-33.39428778;-0.71;19.54
08.12.2024 17:30;52.19349333;-0.504557778;23.12489778;-2.32106;0;0;0;0;0;0;18.88916111;-12.22658667;-79.15534778;5.74;30.48
08.12.2024 17:45;113.8359967;0;34.88235778;0;0;0;0;0;0;0;16.13962222;-20.34449889;-144.5134778;11.89;37.24
08.12.2024 18:00;31.04370222;0;50.42062333;-0.456817778;0;0;0;0;0;0;10.98171222;-8.896754444;-83.09246556;11.6;19.59
08.12.2024 18:15;42.62449333;0;22.20646;-0.292431111;0;0;0;0;0;0;11.45395333;-13.93311556;-62.05936;11.6;20.74
08.12.2024 18:30;45.52029889;0;18.49885222;-1.488755556;0;0;0;0;0;0;14.27600889;-13.43316;-63.37324444;11.6;23.15
08.12.2024 18:45;26.82331333;-1.014805556;33.41337222;-1.082137778;0;0;0;0;0;0;9.694318889;-13.32165444;-54.51240667;-4.1;23.08
08.12.2024 19:00;46.67901667;-0.023191111;114.3414911;-0.011026667;0;0;0;0;0;0;16.55706111;-11.11738333;-166.4259678;2.31;24.05
08.12.2024 19:15;70.37721;0;26.19547;-0.035746667;0;0;0;0;0;0;13.06880556;-14.86248222;-94.74325667;11.52;30.42
08.12.2024 19:30;26.56847;0;10.90779222;-2.509695556;50;0;0;0;0;0;13.87992;-14.23988444;-84.60660222;11.52;18.87
08.12.2024 19:45;17.54434556;-21.20496333;16.78397667;-5.001826667;0;0;0;0;0;0;15.28867444;-18.27773556;-5.132471111;-12.6;20.47
08.12.2024 20:00;124.0398622;-0.002306667;49.03819444;-0.260182222;0;0;0;0;0;0;19.87685;-11.86199444;-180.8304233;5.64;53.89
08.12.2024 20:15;116.4426044;0;39.69916889;0;0;0;0;0;0;0;13.49094889;-16.75127889;-152.8814433;10.62;41.93
08.12.2024 20:30;62.01837444;0;27.82962;0;0;0;0;0;0;0;13.57092111;-14.43249;-88.98642556;10.62;26.42
08.12.2024 20:45;62.81889111;0;24.58477111;-0.029648889;0;0;0;0;0;0;15.56833778;-14.55729;-88.38506111;10.62;26.09
08.12.2024 21:00;91.92068556;-0.398896667;21.77094333;-1.039048889;146;0;0;0;0;0;17.92669333;-22.20028;-253.9800967;3.54;53.5
08.12.2024 21:15;0.521772222;-9.124473333;39.59917556;-8.14489;96;0;0;0;0;0;7.874064444;-11.02186556;-115.7037833;0.77;17.18
08.12.2024 21:30;1.16739;-24.10942889;0.237035556;-49.65294333;200;0;0;0;0;0;9.134131111;-11.22938222;-125.5468022;-6.23;17.27
08.12.2024 21:45;0.69621;-37.26520444;0;-73.58384;120;0;0;0;0;0;10.94128778;-14.91072556;-5.877727778;-27.91;17.13
08.12.2024 22:00;4.008652222;-9.725754444;4.258696667;-16.88082556;120;0;0;0;0;0;17.66958111;-8.878578889;-110.4517711;-8.23;18.49
08.12.2024 22:15;10.93911222;-5.760222222;46.61758667;-0.807342222;0;0;0;0;0;0;11.59044222;-14.14822;-48.43135667;-1.84;19.56
08.12.2024 22:30;8.068016667;-4.027363333;45.85411222;-0.129193333;0;0;0;0;0;0;11.45045222;-8.536766667;-52.67925778;1.58;18.74
08.12.2024 22:45;5.015741111;-16.28432111;12.48482778;-2.035725556;0;0;0;0;0;0;9.31504;-14.29823;5.802667778;-18.2;17.96
08.12.2024 23:00;43.24665;-1.956787778;30.51891;-0.047842222;0;0;0;0;0;0;16.68458;-6.951772222;-81.49373778;-3.41;23.45
08.12.2024 23:15;24.66078111;-9.66091;17.58485778;-0.802237778;0;0;0;0;0;0;6.991116667;-16.46945667;-22.30415111;-2.64;24.01
08.12.2024 23:30;3.653018889;-10.37462111;12.81176667;-6.066012222;0;0;0;0;0;0;12.23932333;-10.13373222;-2.129743333;-0.3;18.67
08.12.2024 23:45;0;-37.57202778;1.260804444;-14.97316778;0;0;0;0;0;0;9.2323;-11.30780333;53.35989444;-23.15;13.44
09.12.2024 00:00;40.76241556;-1.62625;23.96256889;-1.376166667;0;0;0;0;0;0;14.72080667;-8.225895556;-68.21747889;-3.42;22.99
09.12.2024 00:15;32.03041889;-5.725097778;32.71827778;-1.804946667;0;-56;0;0;0;0;9.523918889;-12.45087889;1.708307778;0.84;23.01
09.12.2024 00:30;5.2181;-3.402103333;9.386706667;-4.805368889;0;-56;0;0;0;0;5.799153333;-7.340511111;51.14402333;2.48;17.46
09.12.2024 00:45;0.038926667;-35.19516222;0.17659;-38.91098111;0;-56;0;0;0;0;9.558667778;-11.06665111;131.39861;-19.19;16.94
09.12.2024 01:00;73.18687;-0.537245556;0;-21.10323444;0;-55;0;0;0;0;16.87614;-10.22321556;-3.199314444;1.59;30.21
09.12.2024 01:15;8.515208889;-1.53998;0.7945;-15.65439222;0;-55;0;0;0;0;4.841905556;-8.515012222;66.55777;3.4;19.72
09.12.2024 01:30;19.19053333;-5.128708889;0;-22.22332889;0;-55;0;0;0;0;8.321341111;-9.729032222;64.56919556;0.1;20.2
09.12.2024 01:45;0.004204444;-23.24139222;0.12528;-16.54908889;0;-55;0;0;0;0;5.044171111;-7.605323333;97.22214889;-3.96;17.31
09.12.2024 02:00;49.98508556;-0.739742222;4.489006667;-0.215275556;0;-50;0;0;0;0;16.66498889;-10.44980556;-9.734257778;-2.24;20.65
09.12.2024 02:15;10.14051222;-0.834005556;0.881973333;-26.10919444;0;-50;0;0;0;0;6.178112222;-9.833182222;69.57578444;3.19;18.42
09.12.2024 02:30;15.07826889;-0.391298889;11.71721556;-4.137013333;0;-50;0;0;0;0;6.693277778;-6.161554444;27.20110444;2.23;18.17
09.12.2024 02:45;1.141763333;-7.968357778;6.32981;-8.314918889;0;-50;0;0;0;0;4.371492222;-8.340941111;62.78115222;-5.39;16.96
09.12.2024 03:00;50.82749556;-1.392282222;0.019377778;-1.463846667;0;-50;0;0;0;0;13.54149778;-4.015856667;-7.516385556;-2.34;21.25
09.12.2024 03:15;43.10141444;0;3.726627778;-0.665146667;0;-50;0;0;0;0;7.87374;-12.90280556;8.86617;3.77;20.01
09.12.2024 03:30;11.21906556;-1.488294444;2.02308;-37.57697444;0;0;0;0;0;0;5.22891;-7.087945556;27.68215889;2.88;18
09.12.2024 03:45;1.134154444;-5.070105556;0.022346667;-41.07798444;0;0;0;0;0;0;6.034904444;-6.620006667;45.57669111;-0.97;16.97
09.12.2024 04:00;1.343572222;-7.412238889;0;-56.83600111;0;0;0;0;0;0;7.25093;-6.304802222;61.95854;-2.56;16.99
09.12.2024 04:15;1.369881111;-6.675058889;0;-81.45022222;0;0;0;0;0;0;7.099334444;-6.174323333;85.83038889;-1.4;16.98
09.12.2024 04:30;6.232887778;-0.79996;1.720764444;-17.99453;0;0;0;0;0;0;8.785805556;-6.248362222;8.303394444;2.7;17.45
09.12.2024 04:45;13.40915333;-5.354398889;4.112442222;-12.36431111;0;0;0;0;0;0;7.853192222;-13.80269111;6.146613333;-9.3;18.47
09.12.2024 05:00;0;-74.88930667;0.655035556;-22.56377667;0;0;0;0;0;0;18.20019444;-14.56328333;93.16113667;-45.69;13.64
09.12.2024 05:15;3.47628;-3.397091111;1.260906667;-25.65969556;0;0;0;0;0;0;10.73159556;-8.47818;22.06618444;2.92;17.51
09.12.2024 05:30;65.76471444;0;1.733017778;-0.40582;0;0;0;0;0;0;17.65134;-11.17212111;-73.57113111;10.26;29.97
09.12.2024 05:45;130.6743644;0;43.26922222;0;0;0;0;0;0;0;16.88042667;-15.20915444;-175.6148589;10.26;50.18
09.12.2024 06:00;6.664083333;-28.77928667;2.204028889;-30.91750111;0;0;0;0;0;0;17.38633444;-22.78289778;56.22523889;-21.3;18.88
09.12.2024 06:15;29.93624556;0;16.01137444;-2.565222222;0;0;0;0;0;0;15.95457444;-11.04871222;-48.28826;11.3;22.3
09.12.2024 06:30;170.6448156;0;22.69147667;0;0;0;0;0;0;0;24.42060778;-10.48121;-207.27569;11.3;104.95
09.12.2024 06:45;258.0167711;0;19.35570111;0;0;0;0;0;0;0;15.42103;-23.54140111;-269.2521011;11.3;212.38
09.12.2024 07:00;10.15462556;-29.66174333;0.613828889;-173.7876756;200;0;0;0;0;0;19.24290556;-30.10062111;3.53868;-17.86;25.78
09.12.2024 07:15;21.58596556;-0.235997778;5.993467778;-9.854054444;93;0;0;0;0;0;14.91101;-11.52155111;-113.87884;4.5;21.11
09.12.2024 07:30;124.1005089;0;18.48129444;0;93;0;0;0;0;0;19.98694778;-12.07489778;-243.4938533;12.07;44.81
09.12.2024 07:45;158.0561;0;32.77117444;0;93;0;0;0;0;0;12.35026;-17.71731111;-278.4602233;12.07;60.47
09.12.2024 08:00;28.69793889;-0.112846667;39.53092222;-1.2282;86;0;0;0;0;0;11.99162111;-14.51091111;-150.3685244;7;29.57
09.12.2024 08:15;22.80855889;-1.546901111;12.54935;-29.25130667;126;0;0;0;0;0;13.62387444;-16.96611444;-127.2174611;6.89;28.22
09.12.2024 08:30;25.79183222;-0.401608889;21.28498667;-10.91796111;140;0;0;0;0;0;15.41261778;-12.02636556;-179.1435011;6.32;26.95
09.12.2024 08:45;60.90563;0;64.70180222;-0.010848889;54;0;0;0;0;0;13.31405111;-13.86636;-179.0442744;12.39;36.01
09.12.2024 09:00;33.33589889;0;9.647728889;-2.116655556;144;0;0;0;0;0;13.10927778;-13.93305778;-184.0431922;12.15;24.49
09.12.2024 09:15;60.55351889;0;3.502416667;-2.536208889;123;0;0;0;0;0;11.96480778;-13.33578444;-183.14875;12.15;30.86
09.12.2024 09:30;78.68109111;0;20.76871333;-0.805115556;127;0;0;0;0;0;17.99503889;-11.73694889;-231.9027789;12.15;37.12
09.12.2024 09:45;72.64295667;-0.830756667;40.01539667;-3.356122222;104;0;0;0;0;0;12.27997444;-21.27604778;-203.4754011;6.8;40.39
09.12.2024 10:00;60.74502556;-0.022922222;38.96544667;-0.896264444;138;0;0;0;0;0;18.40766;-10.51972889;-244.6792167;8.06;29.89
09.12.2024 10:15;76.31836556;0;56.27060778;-0.03635;121;0;0;0;0;0;12.51084889;-15.83764778;-250.2258244;12.04;30.99
09.12.2024 10:30;24.99756222;-0.895594444;22.55319222;-5.442112222;199;0;0;0;0;0;15.30189556;-11.16754556;-244.3473978;7.93;22.59
09.12.2024 10:45;57.71660222;-0.111085556;78.90174111;0;171;0;0;0;0;0;15.49856667;-18.46190333;-304.5439211;7.98;30.78
09.12.2024 11:00;40.10348;-0.550667778;103.7636889;0;81;0;0;0;0;0;11.92735556;-15.35077444;-220.8930822;7.83;26.11
09.12.2024 11:15;14.38164;-0.780298889;70.91429667;-0.018084444;147;0;0;0;0;0;13.58071;-11.62654;-233.4517233;7.88;21.89
09.12.2024 11:30;43.54193889;-0.016141111;150.28694;0;159;0;0;0;0;0;16.95473667;-9.48216;-360.2853144;8.55;29.05
09.12.2024 11:45;82.02567333;-0.327421111;98.89346333;-0.127817778;182;0;0;0;0;0;12.45634222;-20.40960778;-354.5106322;7.01;38.84
09.12.2024 12:00;25.01425778;-0.042046667;86.55356111;-0.074368889;288;0;0;0;0;0;14.06710444;-13.51456;-400.0039478;2.96;22.57
09.12.2024 12:15;30.08666444;-0.051676667;89.37927;-0.191951111;161;0;0;0;0;0;12.45607667;-13.43423444;-279.2441489;4.58;26.89
09.12.2024 12:30;27.06760778;0;32.06172667;-1.097004444;146;0;0;0;0;0;13.16811444;-10.34070889;-206.8597356;11.96;23.91
09.12.2024 12:45;15.05710333;-2.967532222;44.81440778;-1.015242222;116;0;0;0;0;0;9.764278889;-14.80169778;-166.8513178;1.38;22.97
09.12.2024 13:00;7.611064444;-4.948992222;3.026694444;-29.05909667;150;0;0;0;168;0;14.20814778;-10.91878667;-297.9190311;1.91;22.59
09.12.2024 13:15;14.72072111;-1.603997778;6.378686667;-31.80662889;150;0;0;0;168;0;12.73062667;-13.34854;-305.0708678;4.2;23.65
09.12.2024 13:30;21.90727778;-0.211992222;8.176488889;-14.88959333;150;0;0;0;168;0;15.94265333;-11.92817778;-336.9966567;4.83;23.8
09.12.2024 13:45;54.31668333;-0.092775556;53.73148889;-0.124746667;0;0;0;0;168;0;11.41788889;-14.38448;-272.8640589;4.92;34.12
09.12.2024 14:00;40.97724222;-0.00217;25.21748778;-0.009766667;130;0;0;0;20;0;14.71571889;-9.077431111;-221.8210811;3.04;27.7
09.12.2024 14:15;54.25797444;0;19.53654667;-1.073425556;130;0;0;0;20;0;11.95966;-14.89286111;-219.7878944;12.04;33.06
09.12.2024 14:30;27.10273333;-0.493296667;7.979607778;-7.53639;130;0;0;0;20;0;10.05641889;-13.13639222;-173.9726811;4.75;25.04
09.12.2024 14:45;10.91754333;-4.113212222;5.416591111;-23.55071;130;0;0;0;20;0;11.66066333;-13.29504556;-137.03583;1.98;22.02
09.12.2024 15:00;1.045191111;-25.56831222;1.478691111;-41.01831222;130;0;0;0;20;0;13.63226;-11.23614;-88.33337778;-0.6;20.65
09.12.2024 15:15;5.04868;-2.091881111;10.13036667;-14.84464333;30;0;0;0;20;0;11.03705222;-11.46586222;-47.81371222;6.74;20.82
09.12.2024 15:30;20.02453444;-0.081786667;16.30932889;-5.974674444;30;0;0;0;20;0;13.73774556;-11.14692778;-82.86822;7.44;24.01
09.12.2024 15:45;26.67913778;-0.718863333;13.21759444;-5.937387778;30;0;0;0;20;0;10.35835333;-13.63928778;-79.95954667;7;27.74
09.12.2024 16:00;12.82374;-3.266735556;64.00010222;-9.81692;0;0;0;0;0;0;13.79474667;-10.42422111;-67.11071222;5.19;24.3
09.12.2024 16:15;38.61762333;0;68.86945111;-0.199102222;0;0;0;0;0;0;13.01000778;-11.69322889;-108.6047511;13.69;28.21
09.12.2024 16:30;61.92761667;0;36.69210444;-0.758045556;0;0;0;0;0;0;16.20116889;-13.68377556;-100.3790689;13.69;35.17
09.12.2024 16:45;87.33736889;0;28.75734889;0;0;0;0;0;0;0;14.97610556;-13.60434556;-117.4664778;13.69;42.47
09.12.2024 17:00;90.47742222;0;37.23940111;-0.097653333;0;0;0;0;0;0;12.65139444;-15.51484333;-124.7557211;13.5;40.41
09.12.2024 17:15;68.51114778;-0.117187778;26.63925444;-6.123033333;46;0;0;0;0;0;12.06758556;-17.80214;-129.1756267;7.27;39.63
09.12.2024 17:30;15.54429667;-0.947264444;42.37608778;-9.906531111;46;0;0;0;0;0;15.17307333;-11.53077333;-96.70888889;6.97;25.31
09.12.2024 17:45;17.49388889;-0.817328889;45.62991;-1.414093333;46;0;0;0;0;0;10.52030333;-13.28152667;-104.1311533;6.54;23.42
09.12.2024 18:00;4.572337778;-2.161044444;100.5780178;-0.007271111;50;0;0;0;0;0;15.47442667;-15.07760667;-153.37886;6.29;19.55
09.12.2024 18:15;6.125487778;-1.83688;51.22884556;-11.91925444;97;0;0;0;0;0;12.93320889;-13.97327556;-139.5581322;6.06;20.43
09.12.2024 18:30;32.07655778;-0.142684444;19.32168333;-4.931428889;97;0;0;0;0;0;16.60999889;-14.41759222;-145.5165344;6.65;30.29
09.12.2024 18:45;35.60506889;-0.426567778;14.65238778;-3.398454444;97;0;0;0;0;0;14.39315;-12.86407889;-144.9615056;6.53;34.03
09.12.2024 19:00;53.80644111;-1.048177778;78.01589333;-0.244137778;100;0;0;0;0;0;12.93975;-17.51111444;-225.9586544;6.08;39.14
09.12.2024 19:15;74.17236667;-0.317521111;41.59779556;-0.228486667;100;0;0;0;0;0;21.31483889;-20.30489667;-216.2340967;6.58;52.19
09.12.2024 19:30;0.996223333;-21.33965444;4.491006667;-28.44392556;154;0;0;0;0;0;12.69642444;-13.98819889;-108.4118756;3.15;19.67
09.12.2024 19:45;2.688244444;-31.73203556;8.425691111;-38.95291556;154;0;0;0;0;0;14.78408333;-16.34414444;-92.86892333;0.61;19.98
09.12.2024 20:00;142.5413767;-0.731471111;60.86337444;-2.521692222;52;0;0;0;0;0;30.65643667;-19.80116778;-263.0068567;3.66;85.3
09.12.2024 20:15;35.11923;0;71.66687667;-0.045168889;52;0;0;0;0;0;10.93423;-18.73939667;-150.9357711;12.09;30.61
09.12.2024 20:30;1.09606;-24.88525;2.551935556;-2.468306667;150;0;0;0;0;0;12.87246222;-17.51791667;-121.6489844;0.63;18.95
09.12.2024 20:45;0;-85.09021667;0.906211111;-9.888213333;150;0;0;0;0;0;13.43775222;-21.23101556;-48.13451778;-21.82;18.95
09.12.2024 21:00;19.84456;-12.90243222;20.61629111;-7.72762;150;0;0;0;0;0;22.45549333;-8.799081111;-183.4872111;-11.39;22.17
09.12.2024 21:15;9.598793333;-4.050673333;56.86476556;-0.9735;52;0;0;0;0;0;12.12483889;-14.25781889;-111.3064056;4.91;22.81
09.12.2024 21:30;2.079811111;-32.03423667;9.361492222;-10.57274222;62;0;0;0;0;0;11.86034222;-13.24844111;-29.44622556;-1.35;18.69
09.12.2024 21:45;1.28255;-32.98813333;16.57052222;-0.273173333;0;0;0;0;0;0;9.127328889;-18.72472889;25.00563444;-14.65;18.36
09.12.2024 22:00;3.147924444;-10.91605333;23.03204667;-7.14817;81;0;0;0;51;0;20.61824556;-9.974455556;-150.7595378;-5.81;20.31
09.12.2024 22:15;33.64555;-1.60902;27.48692111;-0.170536667;0;0;0;0;51;0;12.84425778;-14.04731222;-109.14986;5.74;33.8
09.12.2024 22:30;12.00994222;-1.194791111;39.07909667;-1.05928;24;0;0;0;51;0;13.17059889;-9.615074444;-127.3904922;6.07;20.46
09.12.2024 22:45;4.463817778;-22.42051;20.94626556;-2.832262222;0;-24;0;0;51;0;8.34448;-17.48074556;-18.02104556;-13.4;20.13
09.12.2024 23:00;11.78085333;-3.471678889;24.75155667;-0.411371111;174;0;0;0;0;0;15.15220333;-8.077504444;-213.7240589;-2.49;21.66
09.12.2024 23:15;33.61110556;-0.752628889;19.07750222;-0.102405556;79;0;0;0;0;0;10.78474889;-13.24299222;-128.37533;4.23;28.25
09.12.2024 23:30;12.84083778;-15.75507222;18.44585556;-2.702496667;30;0;0;0;0;0;12.76173333;-15.80614778;-39.78471;-1.04;24.38
09.12.2024 23:45;0.126545556;-42.55642667;5.32628;-5.600072222;0;0;0;0;0;0;7.894164444;-16.26922222;51.07873111;-25.7;18.29
10.12.2024 00:00;43.08687333;-14.06412444;14.04804667;-3.412348889;158;0;0;0;0;0;23.26876889;-11.22152667;-209.7056889;-18.36;24.37
10.12.2024 00:15;78.08201;-5.578066667;1.7935;-0.285795556;110;0;0;0;0;0;15.04230556;-18.79038889;-180.2635644;-2.89;33.07
10.12.2024 00:30;13.73482;-2.620168889;30.51757444;-0.155155556;55;0;0;0;0;0;12.43516333;-9.130253333;-99.78198;2.25;20.2
10.12.2024 00:45;21.22735333;-0.73432;33.60950222;-0.005575556;0;-40;0;0;0;0;10.06047667;-11.99409444;-12.16334222;1.64;20.47
10.12.2024 01:00;54.70431889;-0.868324444;15.97747222;-0.730086667;138;0;0;0;0;0;16.05305556;-14.81064;-208.3257956;1.26;30.57
10.12.2024 01:15;33.21303;-2.244051111;4.044445556;-0.712851111;100;0;0;0;0;0;12.87081667;-13.74868111;-133.4227089;1.66;23.83
10.12.2024 01:30;11.80067667;-2.913266667;31.39276333;-1.29725;60;0;0;0;0;0;11.83973667;-12.12184778;-98.70081222;0.75;21.46
10.12.2024 01:45;0.00529;-27.14016333;4.185442222;-0.783158889;45;0;0;0;0;0;7.034161111;-14.03539111;-14.26618;-7.75;18.15
10.12.2024 02:00;23.93161444;-6.157223333;1.236986667;-3.631548889;132;0;0;0;0;0;17.58271667;-4.893125556;-160.06942;-11.9;21.17
10.12.2024 02:15;44.80345889;0;7.549546667;-0.048546667;83;0;0;0;0;0;8.610288889;-10.24090333;-133.6738444;10.32;23.36
10.12.2024 02:30;11.23236222;-7.66981;1.980806667;-0.959216667;72;0;0;0;0;0;8.853287778;-8.603831111;-76.83359889;-1.11;20.01
10.12.2024 02:45;26.51420444;-1.102158889;22.77111889;-0.520988889;0;0;0;0;0;0;6.893734444;-11.65746;-42.89845;-1.18;20.64
10.12.2024 03:00;12.19034556;-7.002908889;22.57235556;-4.493922222;123;0;0;0;0;0;10.97574556;-10.30112333;-146.9404922;-0.81;21.16
10.12.2024 03:15;34.59947111;-0.774873333;8.454965556;-0.228086667;61;0;0;0;0;0;12.48863556;-7.778093333;-107.7620189;2.74;21.78
10.12.2024 03:30;13.82554778;-0.721972222;29.50834444;-1.154;42;0;0;0;0;0;6.790156667;-10.98091333;-79.26716333;4.32;19.65
10.12.2024 03:45;51.75211111;-0.056018889;16.63282889;-0.018455556;0;0;0;0;0;0;11.05279333;-11.09103667;-68.27222222;3.21;23.07
10.12.2024 04:00;0.455321111;-19.52214444;4.609804444;-2.359867778;59;0;0;0;0;0;7.041534444;-8.295362222;-40.92928556;-3.23;18.22
10.12.2024 04:15;0.014784444;-17.45767889;2.925561111;-2.701738889;56;0;0;0;0;0;6.326774444;-5.891377778;-39.21632444;-0.3;18.15
10.12.2024 04:30;10.48149333;-1.394314444;30.62426778;-0.735557778;74;0;0;0;0;0;10.28674556;-10.87022556;-112.3924089;2.92;19.42
10.12.2024 04:45;18.14535444;-1.638575556;56.00101778;-0.420491111;83;0;0;0;0;0;14.05192;-14.26326222;-154.8759633;3.24;21.14
10.12.2024 05:00;25.10715667;-10.54985222;30.03794111;-1.263056667;0;-40;0;0;0;0;16.42771222;-9.810107778;-9.949793333;-0.07;24.73
10.12.2024 05:15;43.55672667;0;18.05628889;-0.034302222;17;0;0;0;0;0;11.24294556;-15.55311;-74.26854889;10.97;25.72
10.12.2024 05:30;44.25373111;-0.004203333;36.83283556;-0.89428;114;0;0;0;0;0;15.41800556;-15.92314;-193.6829489;5.99;25.51
10.12.2024 05:45;10.76457444;-3.845213333;56.15354;-2.564426667;150;0;0;0;0;0;16.45836111;-14.77104556;-212.19579;4.69;23.07
10.12.2024 06:00;4.367127778;-43.46529222;5.319287778;-26.29145;0;-20;0;0;0;0;19.64410889;-22.44004667;82.86626444;-23.75;21.89
10.12.2024 06:15;5.900464444;-14.83220889;28.63005667;-5.272926667;71;0;0;0;0;0;16.02214444;-16.59719889;-84.85033111;0.95;19.9
10.12.2024 06:30;15.59868889;-4.63351;5.681922222;-37.56968111;179;0;0;0;0;0;19.50059222;-21.29119556;-156.2868167;2.68;22.87
10.12.2024 06:45;18.87125;-2.570661111;3.342183333;-29.99650333;233;0;0;0;0;0;13.50993778;-15.01711556;-221.1390911;5.2;23.31
10.12.2024 07:00;0;-194.5576944;0;-38.77817222;233;0;0;0;0;0;20.24768111;-26.06988;6.158065556;-62.83;24.34
10.12.2024 07:15;29.34313667;-17.70033111;24.33628111;-2.231522222;94;0;0;0;0;0;27.22708222;-11.52998444;-143.4446622;-0.19;31.34
10.12.2024 07:30;188.8606622;0;35.86954333;-1.27604;0;0;0;0;0;0;28.30755778;-18.46491222;-233.2968111;14.67;91.61
10.12.2024 07:45;85.31792333;-1.866724444;8.500356667;-20.09386667;242;0;0;0;0;0;10.92830444;-26.36879444;-298.4171989;5.34;68.76
10.12.2024 08:00;0.664333333;-22.22981333;12.01428111;-3.390658889;240;0;0;0;0;0;14.33511889;-15.69119556;-225.7020656;4.38;27
10.12.2024 08:15;1.256644444;-12.71253222;19.72416778;-7.63321;250;0;0;0;0;0;13.33657333;-13.05635889;-250.9152844;5.54;26.8
10.12.2024 08:30;14.20884778;-1.126438889;74.80885;-0.605565556;106;0;0;0;0;0;12.89336111;-11.21474;-194.9643144;6.37;24.41
10.12.2024 08:45;47.55682;0;120.6677144;0;56;0;0;0;0;0;13.40334556;-12.60931333;-225.0185667;15.48;28.74
10.12.2024 09:00;113.9146578;0;68.45716889;0;64;0;0;0;0;0;16.04033778;-18.60624667;-243.8059178;14.13;51.59
10.12.2024 09:15;13.91396333;-0.46712;17.67842333;-6.836972222;218;0;0;0;0;0;12.84235;-11.96532333;-243.1653211;7.08;28.48
10.12.2024 09:30;28.65439222;-0.02889;9.212112222;-9.619391111;195;0;0;0;0;0;13.44726111;-11.65715778;-225.0083267;7.24;28.3
10.12.2024 09:45;25.20183;-4.933133333;18.08041111;-8.181306667;186;0;0;0;0;0;10.53789889;-16.52804556;-210.1776544;5.6;28.57
10.12.2024 10:00;65.00907889;-0.550266667;21.05769889;-1.212526667;167;0;0;0;0;0;18.89402333;-11.32136778;-258.87664;6.07;33.5
10.12.2024 10:15;52.83731444;0;17.58965667;-2.357862222;144;0;0;0;0;0;11.88725222;-17.36790444;-206.5884567;14.13;32.53
10.12.2024 10:30;19.90112556;-0.051944444;9.155161111;-4.657652222;157;0;0;0;0;0;12.16663444;-11.71493111;-181.7983933;7.29;26.33
10.12.2024 10:45;27.93905667;0;28.24898667;-1.11808;132;0;0;0;0;0;11.85576444;-12.20187778;-186.72385;14.13;27.02
10.12.2024 11:00;25.68195778;-0.703396667;30.40081667;-2.759866667;105;0;0;0;0;0;11.48545889;-13.96729778;-155.1376722;7;25.82
10.12.2024 11:15;5.667185556;-3.223188889;16.73215778;-18.97183222;120;0;0;0;0;0;10.74218778;-12.02722444;-118.9192856;7.06;26.02
10.12.2024 11:30;6.54487;-1.076243333;3.288474444;-27.51457333;172;0;0;0;0;0;13.31212889;-10.60815556;-155.9465011;7.13;26.62
10.12.2024 11:45;25.01749;-1.43378;4.863902222;-17.35014667;187;0;0;0;0;0;10.06264333;-13.00968111;-195.1504278;7.06;26.83
10.12.2024 12:00;50.27993667;-0.119492222;9.605594444;-5.693407778;187;0;0;0;0;0;15.22489222;-13.78387444;-242.5136489;7.25;32.43
10.12.2024 12:15;32.72703111;-2.3428;2.9931;-44.73930222;187;0;0;0;0;0;15.42534111;-16.90917333;-174.1541967;6.87;32.38
10.12.2024 12:30;3.80343;-2.244857778;0.130066667;-89.27678778;187;0;0;0;0;0;10.92368;-10.57701444;-99.75851667;7.02;25.74
10.12.2024 12:45;24.04392333;-0.158283333;15.14347444;-11.16889556;0;-10;0;0;0;0;13.94418222;-10.75737111;-21.04703;7.24;26.09
10.12.2024 13:00;93.34093556;0;20.59682444;0;76;0;0;0;0;0;16.30694;-12.66219889;-193.5825011;14.14;36.48
10.12.2024 13:15;116.3419589;0;22.02895444;-0.002168889;76;0;0;0;0;0;12.70828444;-16.14421333;-210.9328156;14.14;51.12
10.12.2024 13:30;121.7685178;0;39.39864444;0;76;0;0;0;0;0;18.91117444;-12.20210778;-243.8762289;14.14;46.74
10.12.2024 13:45;110.6301567;-0.691325556;110.2715789;0;64;0;0;0;0;0;12.29302111;-23.10870333;-273.3947278;6.44;50.02
10.12.2024 14:00;11.82755;-1.620417778;35.80822778;-2.474283333;199;0;0;0;0;0;12.80946667;-13.68432889;-241.6662144;8.06;30.13
10.12.2024 14:15;19.131;-1.307094444;27.57681111;-9.125033333;199;0;0;0;0;0;12.67255;-12.52496111;-235.4232722;7.92;30.42
10.12.2024 14:30;7.494693333;-2.70602;11.67287333;-17.76735889;194;0;0;0;0;0;11.22911889;-12.63263667;-191.29067;7.98;30.7
10.12.2024 14:45;12.87516333;-6.663683333;14.02786444;-26.43468333;209;0;0;0;0;0;9.406477778;-14.34377667;-197.8673622;6.22;31.47
10.12.2024 15:00;0.078528889;-40.42548222;1.972746667;-28.82876111;200;0;0;0;0;0;16.15667667;-12.97090333;-135.9828056;4.49;28.66
10.12.2024 15:15;2.968334444;-2.469877778;0.881648889;-56.6429;200;0;0;0;0;0;12.58956889;-10.82191667;-146.5048578;8.24;28.66
10.12.2024 15:30;10.86588222;-1.575516667;6.02602;-33.77854333;200;0;0;0;0;0;14.67881556;-13.67649333;-182.5401644;8.2;28.73
10.12.2024 15:45;9.656868889;-3.900424444;18.17241333;-39.81698111;200;0;0;0;0;0;14.55864444;-16.70355556;-181.9669656;8;28.83
10.12.2024 16:00;0.606552222;-30.90494667;4.949595556;-27.46336444;200;0;0;0;0;0;16.98378778;-14.45961111;-149.7120133;7.7;31.44
10.12.2024 16:15;45.56261444;-0.041503333;28.58282;-1.307831111;100;0;0;0;0;0;15.80350778;-14.52879556;-174.0708122;9.69;31.59
10.12.2024 16:30;65.50766889;0;13.99305333;-1.049527778;100;0;0;0;0;0;19.67610778;-13.72749889;-184.3998033;16.42;38.78
10.12.2024 16:45;95.27589111;0;23.95380222;-0.121524444;100;0;0;0;0;0;16.48705556;-20.04289889;-215.5523256;16.42;43.91
10.12.2024 17:00;8.83097;-6.858723333;9.935751111;-17.43202111;100;0;0;0;0;0;10.96299222;-16.34769778;-89.09127111;7.72;26.8
10.12.2024 17:15;10.42696667;-0.971538889;20.47501222;-10.13178111;100;0;0;0;0;0;13.66072444;-13.53082222;-119.9285611;8.44;26.8
10.12.2024 17:30;18.20719889;-0.633814444;10.87880667;-14.93923778;100;0;0;0;0;0;15.30386556;-16.13903333;-112.6777856;8.18;27.92
10.12.2024 17:45;14.29809111;-1.232365556;4.561275556;-24.99889778;100;0;0;0;0;0;14.26486778;-14.07986778;-92.81310333;8.26;28.12
10.12.2024 18:00;26.15979444;-0.581868889;7.154463333;-13.84574778;97;0;0;0;0;0;13.99790778;-13.89052;-115.9940289;8.52;26.82
10.12.2024 18:15;25.64913444;-0.586072222;5.346257778;-12.89686;97;0;0;0;0;0;13.53463667;-13.00344667;-115.04365;8.51;26.77
10.12.2024 18:30;18.09339;-0.557993333;8.716731111;-14.19839667;97;0;0;0;0;0;14.57086556;-13.75436111;-109.8702356;8.37;25.26
10.12.2024 18:45;15.87618444;-0.70068;13.94782;-11.55427444;97;0;0;0;0;0;15.15650556;-13.60107778;-116.1244778;8.55;26.96
10.12.2024 19:00;120.1662633;0;18.09172556;0;98;0;0;0;0;0;21.50145222;-17.48534444;-240.2740967;15.45;64.3
10.12.2024 19:15;51.69188889;-1.129824444;26.12676333;-2.149275556;100;0;0;0;0;0;12.31254333;-18.47844111;-168.3736544;8.46;32.31
10.12.2024 19:30;5.91117;-3.29982;13.60934778;-9.671177778;100;0;0;0;0;0;10.57020778;-10.78123222;-106.3384956;8.37;23.54
10.12.2024 19:45;1.103373333;-17.78075667;8.783093333;-53.33772444;100;0;0;0;0;0;14.68698333;-15.40123;-38.05373889;7.58;23.42
10.12.2024 20:00;66.46035;-0.069174444;31.96554333;-0.416008889;106;0;0;0;0;0;16.31077778;-12.73794111;-207.5135467;8.55;34.75
10.12.2024 20:15;25.88581889;-2.922356667;24.40672556;-11.61941333;101;0;0;0;0;0;12.17991;-15.67730889;-133.2533756;8.43;27.98
10.12.2024 20:30;0.969781111;-6.812737778;4.762823333;-26.22514444;101;0;0;0;0;0;12.03044778;-11.35120889;-74.37396111;8.41;23.16
10.12.2024 20:45;0.100231111;-29.49258889;1.439022222;-58.03911333;96;0;0;0;0;0;10.97926444;-12.84149556;-8.14532;6.31;22.81
10.12.2024 21:00;106.4537133;-0.723334444;6.401694444;-4.662082222;0;0;0;0;0;0;24.57517778;-11.50333556;-120.5418333;6.61;44.36
10.12.2024 21:15;86.01169111;-1.700437778;49.14609889;-0.025502222;0;0;0;0;0;0;7.91692;-19.94247667;-121.4062933;7.64;48.44
10.12.2024 21:30;1.544455556;-13.05257778;30.25821;-5.491857778;46;0;0;0;0;0;11.15233889;-14.37768889;-56.03288;5.12;20.42
10.12.2024 21:45;0.660675556;-41.31917;16.45994778;-19.34177333;0;-15;0;0;0;0;11.14124556;-16.01073778;63.40981222;1;21.69
10.12.2024 22:00;7.257078889;-10.11269667;1.648724444;-38.36293;0;-18;0;0;71;0;18.23456222;-9.78136;-21.88337889;11.09;22.64
10.12.2024 22:15;15.75778;-1.991501111;11.05912222;-34.43037556;10;0;0;0;71;0;13.86231333;-14.44689444;-70.81044444;6.63;25.31
10.12.2024 22:30;1.94051;-8.38731;11.34415222;-16.84484333;10;0;0;0;71;0;10.56449667;-10.53575333;-69.08125222;4.57;20.13
10.12.2024 22:45;2.218292222;-18.26850111;29.21964556;-0.726941111;0;-83;0;0;71;0;9.07933;-13.68083333;4.159007778;-0.31;20.25
10.12.2024 23:00;18.50286111;-3.04253;22.19960889;-7.806327778;155;0;0;0;0;0;16.38966556;-11.04929556;-190.1939822;2.2;23.76
10.12.2024 23:15;22.02881111;-2.356634444;19.04053222;-2.818353333;45;0;0;0;0;0;10.31762222;-10.66541778;-80.54656;6.45;24.54
10.12.2024 23:30;9.173453333;-2.698574444;36.74491;-1.322773333;0;-13;0;0;0;0;10.84797444;-10.53900889;-29.20598111;6.17;21.16
10.12.2024 23:45;0.94441;-36.97116;32.99154889;-1.254615556;0;-69;0;0;0;0;7.172873333;-19.06901333;85.18595667;-29.13;19.35
11.12.2024 00:00;3.080774444;-9.30174;3.746224444;-31.87676556;149;0;0;0;0;0;19.84372222;-9.720026667;-124.7721889;-15.86;23.48
11.12.2024 00:15;0.573193333;-8.775487778;0.086626667;-70.66368889;99;0;0;0;0;0;7.928866667;-9.733037778;-18.41647222;1.97;19.74
11.12.2024 00:30;0;-53.28165111;0.032746667;-50.10047333;69;0;0;0;0;0;7.259648889;-12.80331333;39.89304222;-14.46;16.26
11.12.2024 00:45;0;-94.44579667;0;-23.47805889;0;-46;0;0;0;0;11.36665889;-9.488913333;162.04611;-19.73;14.06
11.12.2024 01:00;5.388311111;-9.560676667;1.880333333;-21.26898444;99;0;0;0;0;0;15.29566222;-8.347152222;-82.38749333;-2.73;26.77
11.12.2024 01:15;2.560353333;-28.32722556;4.614001111;-10.09659333;0;-38;0;0;0;0;5.878364444;-12.44197444;75.81307444;-5.31;21.48
11.12.2024 01:30;0.43687;-24.49367222;1.718388889;-6.849316667;0;-38;0;0;0;0;11.74201778;-9.50549;64.95120222;-3.29;18.09
11.12.2024 01:45;0.24128;-22.36247778;5.585934444;-2.43036;0;-63;0;0;0;0;7.6259;-12.21005556;86.54977889;-8.41;16.4
11.12.2024 02:00;7.245813333;-14.18537444;8.911455556;-11.69403;69;0;0;0;0;0;14.24589556;-10.02686889;-63.49689111;-4.79;28.13
11.12.2024 02:15;0;-58.35801889;0;-34.24900222;29;0;0;0;0;0;8.322458889;-12.03564222;67.32020444;-15.38;15.94
11.12.2024 02:30;0.482171111;-16.35239889;0.061111111;-24.33878;0;-48;0;0;0;0;10.62281;-7.721951111;85.24703778;-2.24;17.73
11.12.2024 02:45;0;-58.03399111;0;-15.00877222;0;-63;0;0;0;0;8.12934;-9.788718889;137.7021422;-11.54;13.31
11.12.2024 03:00;1.981052222;-4.580343333;16.56520667;-4.134371111;29;0;0;0;0;0;10.54089556;-4.9045;-44.46794;-3.68;20.11
11.12.2024 03:15;1.61052;-2.060123333;15.65805;-2.109151111;0;-33;0;0;0;0;6.251344444;-7.635678889;21.28503889;4.17;17.62
11.12.2024 03:30;2.479244444;-10.76510111;10.62634111;-1.8334;0;-63;0;0;0;0;6.319962222;-6.576613333;62.74956667;1.48;19.28
11.12.2024 03:45;0.468881111;-8.858347778;13.44496444;-1.510605556;0;-63;0;0;0;0;7.965473333;-11.18055111;62.67018556;0.81;17.11
11.12.2024 04:00;2.783745556;-4.094644444;21.05019667;-0.321618889;0;-63;0;0;0;0;8.631946667;-6.152336667;41.10271111;1.7;18
11.12.2024 04:15;1.375592222;-14.90993889;8.481666667;-2.368905556;0;-48;0;0;0;0;8.966765556;-8.044177778;54.49899778;0.38;17.96
11.12.2024 04:30;10.40569222;-0.134817778;36.28012;-0.559924444;0;-43;0;0;0;0;8.886165556;-8.950728889;-2.926506667;5.36;22.28
11.12.2024 04:45;12.97636;-5.0807;23.78448111;-1.842535556;0;-18;0;0;0;0;6.424947778;-11.85737111;-6.405182222;-1.84;25.52
11.12.2024 05:00;3.913701111;-33.62765778;5.424235556;-13.25995889;0;-76;0;0;0;0;12.46664111;-9.895571111;110.97861;-16.74;23.08
11.12.2024 05:15;23.29480889;-2.351625556;15.27851778;-1.585113333;0;-62;0;0;0;0;11.47135111;-6.975051111;22.86711222;3.53;34.97
11.12.2024 05:30;79.90071444;0;10.99264778;-0.023946667;0;0;0;0;0;0;15.60219889;-12.76583333;-93.70578111;10.98;54.8
11.12.2024 05:45;51.2676;-2.209332222;6.181751111;-1.391138889;99;0;0;0;0;0;19.39663333;-19.55594222;-152.6895711;0.98;54.83
11.12.2024 06:00;23.56919667;-27.15589556;0.403333333;-15.80799111;0;-96;0;0;0;0;24.66553333;-26.31944667;116.64527;-24.32;53.4
11.12.2024 06:15;25.92571222;-1.113553333;3.494351111;-3.880132222;0;-13;0;0;0;0;13.11524667;-18.39973778;-6.141886667;4.33;46.38
11.12.2024 06:30;68.83761;-10.75085667;0.003253333;-8.415688889;85;0;0;0;0;0;22.87675333;-13.94832889;-143.6027422;-0.73;86.51
11.12.2024 06:45;120.1870467;-0.259057778;5.450538889;-5.181813333;142;0;0;0;0;0;15.91334444;-25.19074333;-252.9193156;5.28;97.59
11.12.2024 07:00;0.115286667;-117.9867867;0.089351111;-45.79509778;185;0;0;0;0;0;14.56300444;-24.60476333;-11.38099444;-31.8;32.34
11.12.2024 07:15;7.104898889;-37.31269444;7.970122222;-1.324837778;151;0;0;0;0;0;22.45579222;-9.300117778;-140.5931633;-14.26;40.41
11.12.2024 07:30;157.1420589;0;85.09432667;0;0;0;0;0;0;0;23.3664;-12.34452889;-253.2582567;20.24;139.37
11.12.2024 07:45;94.01420222;-0.791424444;33.18945667;-9.016903333;262;0;0;0;0;0;14.35218778;-29.02562444;-364.7218944;3.71;94.86
11.12.2024 08:00;1.819786667;-44.62457667;0;-135.3317244;300;0;0;0;0;0;19.37093667;-18.92356556;-122.3108567;-8.53;43.05
11.12.2024 08:15;7.977826667;-1.659471111;3.257607778;-18.79926556;156;0;0;0;0;0;13.472;-11.61758778;-148.63111;5.55;41.76
11.12.2024 08:30;146.4440978;0;25.29541889;-1.241587778;0;0;0;0;0;0;27.34860556;-13.45107;-184.3954644;24.58;107.46
11.12.2024 08:45;146.2200356;0;50.72076111;0;0;0;0;0;0;0;14.46643;-20.66053889;-190.7466878;24.58;97.85
11.12.2024 09:00;45.51648667;-0.40513;5.224487778;-5.015093333;111;0;0;0;0;0;16.92952222;-22.18260222;-151.0676711;5.85;53.95
11.12.2024 09:15;64.79166111;0;7.288807778;-1.869573333;91;0;0;0;0;0;13.77467889;-13.64039556;-161.3451789;20.83;60.38
11.12.2024 09:30;53.18970667;0;0.301795556;-1.4464;86;0;0;0;0;0;17.49158889;-14.95303778;-140.5836533;20.83;60.2
11.12.2024 09:45;41.14950667;-0.628391111;0.792862222;-11.74784222;60;0;0;0;0;0;8.774151111;-13.92418778;-84.41609889;5.83;60.77
11.12.2024 10:00;92.65992556;-0.00434;7.728471111;-0.798064444;56;0;0;0;0;0;23.6944;-18.07778333;-161.2026089;7.29;71.96
11.12.2024 10:15;57.96778556;-0.020208889;6.521505556;-1.836613333;65;0;0;0;0;0;9.242062222;-14.16531889;-122.7092122;7.29;61.54
11.12.2024 10:30;51.42413889;0;5.188025556;-0.858835556;56;0;0;0;0;0;15.23270333;-11.39355667;-115.5924756;26.91;57.99
11.12.2024 10:45;53.23947333;0;7.040656667;-0.39388;25;0;0;0;0;0;12.34674556;-16.14636667;-81.08662889;26.91;59.78
11.12.2024 11:00;3.646363333;-2.269682222;87.38553111;0;25;0;0;0;0;0;12.03669111;-12.44143889;-113.3574644;7.83;33.99
11.12.2024 11:15;11.08861222;-0.840375556;93.21816778;0;25;0;0;0;0;0;9.957136667;-10.70067222;-127.7228689;7.79;34.07
11.12.2024 11:30;65.94712556;-0.020344444;45.11794889;-0.004626667;72;0;0;0;0;0;17.03178778;-7.586264444;-192.4856267;7.29;64.68
11.12.2024 11:45;73.04291667;0;32.72328556;-0.189848889;130;0;0;0;0;0;8.403873333;-15.25712333;-228.7231033;21.37;68.09
11.12.2024 12:00;89.19584889;-0.006238889;74.30417556;0;125;0;0;0;0;0;16.92193889;-13.33036889;-292.0853556;7.29;61.5
11.12.2024 12:15;23.07224;-6.60821;94.14687444;-0.961238889;105;0;0;0;0;0;8.527845556;-17.49808556;-205.6794256;6.19;42.4
11.12.2024 12:30;2.431641111;-7.960467778;10.44756;-7.975481111;160;0;0;0;0;0;13.32412889;-10.29813444;-159.9692467;6.59;33.61
11.12.2024 12:45;1.536312222;-22.42525333;3.021048889;-28.16018222;180;0;0;0;0;0;10.05480111;-16.61622333;-127.4105033;2.86;33.84
11.12.2024 13:00;35.80144;-6.053463333;3.386343333;-7.42708;174;0;0;0;0;0;21.50962778;-7.762295556;-213.4545722;4.22;44.32
11.12.2024 13:15;66.44326333;0;9.368296667;-0.21072;172;0;0;0;0;0;11.68211778;-15.77449333;-243.5084644;22.67;50.47
11.12.2024 13:30;46.10445667;0;9.910861111;-0.256764444;144;0;0;0;0;0;14.23935444;-12.21626;-201.7816478;22.67;47.34
11.12.2024 13:45;41.09321;-3.719886667;14.67484333;-1.509231111;145;0;0;0;0;0;10.39953778;-15.70588222;-190.2325911;6.56;50.63
11.12.2024 14:00;51.03773889;-0.348848889;8.621668889;-4.171801111;171;0;0;0;0;0;23.28664667;-14.16340111;-235.2620033;6.89;49.31
11.12.2024 14:15;88.24719778;-0.004068889;6.762302222;-0.038875556;171;0;0;0;0;0;12.76773222;-18.45728333;-260.2770044;7.29;54.8
11.12.2024 14:30;52.16254556;-1.298551111;6.183581111;-0.743671111;200;0;0;0;0;0;20.60516556;-18.10380444;-258.8052656;6.49;47.35
11.12.2024 14:45;32.29737889;-11.87541;3.959265556;-4.550961111;200;0;0;0;0;0;13.76679778;-20.97979444;-212.6172767;6.06;46.59
11.12.2024 15:00;6.85764;-2.226416667;0.280755556;-54.33520778;262;0;0;0;0;0;16.91623222;-13.06940889;-216.4235944;7;35.53
11.12.2024 15:15;5.73066;-3.295078889;0.0182;-55.82437889;262;0;0;0;0;0;13.35149222;-13.94583667;-208.0350578;6.88;34
11.12.2024 15:30;4.278553333;-2.303313333;0.032702222;-88.12581556;262;0;0;0;0;0;13.46896;-14.18432111;-175.1667656;7.09;33.86
11.12.2024 15:45;3.448341111;-34.65292444;0.164608889;-20.86138889;262;0;0;0;0;0;16.46943111;-24.80227889;-201.7657889;-0.11;35.91
11.12.2024 16:00;0;-79.19433222;0.962457778;-1.851888889;244;0;0;0;0;0;22.84612778;-21.13628111;-165.6260833;-0.66;36.81
11.12.2024 16:15;0;-75.94372667;1.070195556;-0.713405556;208;0;0;0;0;0;20.85852778;-19.88551889;-133.3860722;2.35;35.2
11.12.2024 16:30;7.599137778;-9.967701111;27.92946222;-4.348753333;152;0;0;0;0;0;18.02704556;-11.94088667;-179.2983044;5.96;38.78
11.12.2024 16:45;19.92797444;-0.50781;43.76740222;-2.684382222;105;0;0;0;0;0;11.74373556;-13.92663667;-163.3202833;7.14;41.15
11.12.2024 17:00;3.040358889;-9.159612222;40.8363;-13.42934222;108;0;0;0;0;0;14.47674111;-15.11311333;-128.6513322;6.42;37.19
11.12.2024 17:15;16.90510778;-0.487331111;52.87435222;-1.036884444;108;0;0;0;0;0;14.02912778;-12.82008556;-177.4642867;7.11;39.17
11.12.2024 17:30;3.928496667;-7.195768889;20.80940778;-2.433782222;108;0;0;0;0;0;12.25615333;-13.98087111;-121.3836356;6.59;39.06
11.12.2024 17:45;9.363608889;-1.590566667;38.76309333;-0.447998889;108;0;0;0;0;0;13.90377444;-13.74754333;-154.2443678;6.97;40.88
11.12.2024 18:00;2.51425;-3.740217778;74.91511556;0;100;0;0;0;0;0;14.87789;-15.22623222;-173.3408056;6.94;38.32
11.12.2024 18:15;7.810034444;-3.892954444;48.46123667;-7.756673333;100;0;0;0;0;0;19.83617667;-17.88031889;-146.5775011;6.74;39.86
11.12.2024 18:30;43.19740111;0;0.135862222;-1.993815556;100;0;0;0;0;0;13.20396111;-12.90421222;-141.6391967;24.69;44.4
11.12.2024 18:45;52.37276667;0;0.344533333;-1.987812222;55;0;0;0;0;0;19.93816;-14.32536556;-111.3422822;24.69;46.47
11.12.2024 19:00;89.09777444;0;0.099656667;-0.072697778;141;0;0;0;0;0;18.67918;-16.15071889;-232.6531944;21.72;57.52
11.12.2024 19:15;111.4170944;-1.427816667;3.310452222;-6.22172;86;0;0;0;0;0;12.92018222;-22.30415222;-183.69404;6.75;68.97
11.12.2024 19:30;1.461986667;-24.91862;0.033797778;-36.61581222;163;0;0;0;0;0;10.67136556;-20.60406889;-93.02864889;1.61;36.53
11.12.2024 19:45;0;-123.1358378;0;-22.52885778;163;0;0;0;0;0;16.84328889;-17.89222889;-16.28636444;-6.2;36.53
11.12.2024 20:00;48.50288444;-5.965308889;7.380792222;-3.011653333;155;0;0;0;0;0;31.17732333;-13.85311111;-219.2309267;-1.15;44.16
11.12.2024 20:15;9.140621111;-10.72373444;1.788357778;-14.93231667;155;0;0;0;0;0;8.512912222;-17.37549333;-131.4103467;5.86;34.02
11.12.2024 20:30;2.65353;-27.54611444;2.003977778;-6.456924444;155;0;0;0;0;0;14.30067667;-14.28686444;-125.6682811;4.17;30.76
11.12.2024 20:45;3.051751111;-29.16055778;19.47232889;-1.908933333;170;0;0;0;0;0;20.35100333;-15.09034444;-166.7152478;1.7;30.65
11.12.2024 21:00;143.8701822;-0.042994444;198.1577956;0;170;0;0;0;0;0;25.29595556;-27.48697444;-509.7939644;7.25;83.39
11.12.2024 21:15;145.2340967;-0.030788889;28.48558;0;75;0;0;0;0;0;100.13376;-0.339357778;-348.48329;7.28;57.34
11.12.2024 21:30;121.7575967;0;0;0;80;0;0;0;0;0;132.3404689;0;-334.0980656;15.21;56.02
11.12.2024 21:45;84.57640667;-1.903754444;58.17847778;0;80;0;0;0;0;0;106.4078711;-44.42165111;-282.83735;6.82;84.19
11.12.2024 22:00;126.2150156;-0.090196667;154.5138589;0;80;0;0;0;0;0;24.45637556;-17.04619111;-368.0488622;6.92;73.75
11.12.2024 22:15;53.91695889;-1.005182222;70.62982556;-1.241204444;80;0;0;0;0;0;7.663038889;-14.98290111;-194.9805356;6.5;44.79
11.12.2024 22:30;10.21470222;-53.30173111;8.280311111;-26.32025444;200;0;0;0;0;0;8.68213;-18.18985667;-129.3653011;-8.52;33.16
11.12.2024 22:45;0;-118.2807089;0;-64.73678333;200;0;0;0;0;0;18.37077667;-17.19155889;-18.16172556;-18.65;19.18
11.12.2024 23:00;13.83355667;-42.42553222;136.37464;-14.15876444;0;0;0;0;0;0;36.74290556;-26.77651889;-103.5902867;-25.19;32.96
11.12.2024 23:15;17.46161222;-13.14032444;35.25450667;-7.346976667;0;0;0;0;0;0;13.63823889;-15.56861444;-30.29844222;1.87;35.39
11.12.2024 23:30;0.815968889;-35.10783222;2.506248889;-7.348407778;0;0;0;0;0;0;7.856188889;-16.61679667;47.89463;-11.95;21.1
11.12.2024 23:45;0;-74.80389444;0.164506667;-5.040993333;0;0;0;0;0;0;17.23548667;-14.62212222;77.06701667;-28.92;15.16
12.12.2024 00:00;117.1677011;-3.330214444;15.19039;-0.370293333;0;0;0;0;0;0;35.17169444;-17.22955444;-146.5997233;-8.03;44.59
12.12.2024 00:15;42.11603111;-6.180688889;29.28083667;-3.818202222;0;0;0;0;0;0;7.8497;-18.34117889;-50.90649778;3.26;30.9
12.12.2024 00:30;10.02619333;-6.793351111;3.299884444;-7.791883333;0;0;0;0;0;0;9.885252222;-12.48969333;3.863597778;-2.44;22.91
12.12.2024 00:45;0;-74.09951889;0.269488889;-3.639124444;0;0;0;0;0;0;14.78028333;-15.51569;78.20456111;-20.58;13.84
12.12.2024 01:00;25.41881889;-2.326378889;10.22782778;-2.776253333;0;0;0;0;0;0;15.98089667;-9.894754444;-36.63015667;-0.01;26.8
12.12.2024 01:15;11.13553;-1.653783333;3.143725556;-15.73517556;0;0;0;0;0;0;6.527208889;-6.974811111;3.557305556;4.5;23.46
12.12.2024 01:30;3.571357778;-1.353082222;0.782853333;-24.05654222;0;0;0;0;0;0;7.714345556;-7.768317778;21.10938556;4.32;19.22
12.12.2024 01:45;0.364441111;-38.26509111;0;-56.87335111;0;0;0;0;0;0;11.57144778;-11.37721222;94.57976556;-14.93;18.27
12.12.2024 02:00;13.07276;-2.923041111;0.800511111;-150.4845933;0;0;0;0;0;0;14.89878333;-7.239584444;131.8751644;3.11;26.78
12.12.2024 02:15;13.09136222;-5.71627;3.439465556;-42.39744889;0;0;0;0;0;0;4.640831111;-12.95903889;39.90109889;2.12;25.33
12.12.2024 02:30;6.097397778;-3.9171;0.673447778;-21.37089556;0;0;0;0;0;0;8.959955556;-6.779542222;16.33673667;2.31;22.58
12.12.2024 02:45;0.16669;-32.62045556;0;-33.69061;0;0;0;0;0;0;7.841787778;-13.67051222;71.9731;-6.81;17.33
12.12.2024 03:00;0.168316667;-14.13465667;0.554648889;-18.60421889;0;0;0;0;0;0;10.04669222;-5.779638889;27.74885667;0.16;19.92
12.12.2024 03:15;0.643845556;-9.188888889;0;-46.54058556;0;0;0;0;0;0;8.445643333;-5.638316667;52.27830222;1.06;17.68
12.12.2024 03:30;0.647107778;-11.20712778;0;-69.36501;0;0;0;0;0;0;6.127968889;-6.138515556;79.93557667;0.18;17.49
12.12.2024 03:45;0.777037778;-48.14508333;4.955791111;-21.20718111;0;0;0;0;0;0;10.47307111;-12.51297667;65.65934111;-17.79;20.09
12.12.2024 04:00;0.000677778;-12.99831333;4.742844444;-11.99475222;0;0;0;0;0;0;8.46379;-8.746204444;20.53195778;0.76;17.64
12.12.2024 04:15;0.003118889;-16.77573556;0.908426667;-13.33769;0;0;0;0;0;0;8.206855556;-8.032731111;29.02775556;0.83;17.64
12.12.2024 04:30;0.099961111;-16.10284444;1.612341111;-15.76161778;0;0;0;0;0;0;9.888544444;-8.327104444;28.59072;1.31;18.38
12.12.2024 04:45;2.291927778;-9.121747778;28.25742778;-2.887312222;0;0;0;0;0;0;8.821366667;-13.84221556;-13.51944667;-2.14;20.85
12.12.2024 05:00;0;-82.61148778;0;-51.64395333;0;0;0;0;0;0;15.49725778;-16.17728333;134.9354667;-35;14.37
12.12.2024 05:15;0;-78.44371111;0.041488889;-39.24594556;0;0;0;0;0;0;12.30039556;-10.78883444;116.1366067;-20.16;14.37
12.12.2024 05:30;13.62684222;-21.80936333;9.948221111;-4.118328889;0;0;0;0;0;0;19.62626333;-12.12404889;-5.149585556;-6.46;25.17
12.12.2024 05:45;49.90614333;-11.71101889;26.34478;-1.873795556;0;0;0;0;0;0;12.9137;-25.38575222;-50.19405667;-14.34;30.39
12.12.2024 06:00;0;-126.3872589;0.016964444;-86.42935778;0;0;0;0;0;0;21.56493333;-21.56059111;212.79531;-42.73;18.77
12.12.2024 06:15;1.995435556;-46.75604444;0.566897778;-16.16034111;0;0;0;0;0;0;16.95609889;-10.01087667;53.40883;-0.99;26.8
12.12.2024 06:30;92.73261889;0;11.67371111;-1.268455556;0;0;0;0;0;0;24.94005444;-15.75059111;-112.3273378;14.45;50.6
12.12.2024 06:45;138.7641244;-1.658261111;17.50091111;-6.081807778;0;0;0;0;0;0;15.47252111;-27.51653111;-136.4809567;7.12;109.19
12.12.2024 07:00;2.780346667;-31.35849222;0.4653;-44.80072778;0;0;0;0;0;0;15.33148444;-13.48770667;71.06979556;1.27;29.03
12.12.2024 07:15;53.43654778;-0.003661111;13.71014778;-2.070862222;0;0;0;0;0;0;17.94463556;-16.49330667;-66.52350111;8.55;36.91
12.12.2024 07:30;186.6300556;0;15.54952889;-0.030926667;0;0;0;0;0;0;30.35045;-9.845923333;-222.6531844;16.75;342.93
12.12.2024 07:45;323.0369911;0;22.80512444;-0.003253333;0;0;0;0;0;0;30.42483444;-39.35519444;-336.9085022;16.75;676.25
12.12.2024 08:00;68.05704556;0;60.07407778;-1.345368889;68;0;0;0;0;0;17.23606;-23.83111222;-188.1907022;19.08;44.51
12.12.2024 08:15;22.33722778;-2.752013333;17.81382667;-4.803875556;200;0;0;0;0;0;13.26960667;-17.47423444;-228.3905378;9.95;47.64
12.12.2024 08:30;23.88316111;-0.447725556;36.63815778;-2.532406667;200;0;0;0;0;0;18.37401444;-16.27445333;-259.6407478;11.19;47.64
12.12.2024 08:45;21.12006556;-2.13947;22.74189556;-2.700355556;200;0;0;0;0;0;17.39989556;-19.00631444;-237.4157167;10.97;47.64
12.12.2024 09:00;44.38558778;-0.491264444;19.39308556;-5.992322222;200;0;0;0;0;0;19.46264444;-17.02879444;-259.7289367;10.67;44.59
12.12.2024 09:15;10.25010222;-2.004522222;9.903906667;-20.23790222;251;0;0;0;0;0;14.12000778;-15.82008;-247.2115122;10.46;54.06
12.12.2024 09:30;0.022784444;-32.68405111;0.043488889;-45.05858889;251;0;0;0;0;0;10.88243889;-15.84742778;-168.3586444;7.24;54.06
12.12.2024 09:45;0.362553333;-32.50892778;1.544517778;-15.87191778;251;0;0;0;0;0;15.65158111;-11.53804778;-208.6397589;7.28;54.06
12.12.2024 10:00;47.93675556;-0.394694444;16.12735222;-3.132323333;240;0;0;0;0;0;23.10250889;-12.16174222;-311.4778567;9.13;43.21
12.12.2024 10:15;28.97745111;-11.59005111;12.63866778;-9.57051;300;0;0;0;0;0;7.682833333;-21.33791444;-306.8004767;7.61;46.25
12.12.2024 10:30;0;-75.14037222;0.819231111;-2.631666667;240;0;0;0;0;0;18.40925667;-17.28133333;-164.1751156;0;43.33
12.12.2024 10:45;0;-80.13849222;0.115995556;-22.08870333;245;0;0;0;0;0;13.34987111;-15.50131;-140.7373611;2.46;43.09
12.12.2024 11:00;4.769836667;-22.16131889;1.658945556;-48.13821222;255;0;0;0;0;0;19.93651444;-15.82027556;-195.24549;5.35;35.07
12.12.2024 11:15;0;-84.61086556;0.093693333;-6.788975556;255;0;0;0;0;0;9.868162222;-16.84435889;-156.7176556;-3.43;35.07
12.12.2024 11:30;0.474445556;-58.79922667;8.638505556;-0.007764444;200;0;0;0;0;0;20.71504333;-10.34236889;-160.6786344;0.86;31.52
12.12.2024 11:45;1.266266667;-18.07359333;20.24378556;-11.51621;200;0;0;0;0;0;10.66163556;-14.23502778;-188.3468567;7.98;31.52
12.12.2024 12:00;88.21899111;-1.913792222;18.31359444;-1.453448889;200;0;0;0;0;0;21.24889778;-16.50441556;-307.9098267;8.19;69.67
12.12.2024 12:15;12.71891222;-15.44800111;30.00080333;-6.212902222;200;0;0;0;0;0;11.09021111;-21.84541778;-210.3036056;0.5;36.1
12.12.2024 12:30;0.180116667;-33.22657889;0;-48.67372333;200;0;0;0;0;0;18.36345778;-11.09371889;-125.5495533;1.92;29.28
12.12.2024 12:45;0.270454444;-24.08813889;0;-110.7482522;200;0;0;0;0;0;10.75357667;-15.97982333;-60.20781667;1.23;28.04
12.12.2024 13:00;1.281994444;-16.29814778;0.173591111;-58.60229222;200;0;0;0;0;0;15.03607111;-8.412792222;-133.1784244;5.06;29.86
12.12.2024 13:15;0.936955556;-8.585061111;0.894222222;-45.74011;200;0;0;0;0;0;10.19826333;-10.97711222;-146.7271578;6.72;29.85
12.12.2024 13:30;2.24595;-2.890067778;0.007706667;-69.83437667;200;0;0;0;0;0;12.11967222;-11.32381556;-130.3250689;7.04;29.21
12.12.2024 13:45;3.506391111;-2.467852222;0.694427778;-62.62454778;150;0;0;0;0;0;12.98393444;-13.38565778;-88.70669556;7.08;29.56
12.12.2024 14:00;23.07669667;-2.799332222;3.001398889;-17.66409;150;0;0;0;0;0;16.87852333;-9.313102222;-163.1800944;6.86;35.55
12.12.2024 14:15;153.7387456;0;17.39146556;0;0;-40;0;0;0;0;16.42146889;-14.933;-132.61868;10.21;67.6
12.12.2024 14:30;118.4615089;0;35.86731778;0;0;0;0;0;0;0;12.76556222;-12.58383222;-154.5105567;16.2;48.53
12.12.2024 14:45;45.42995111;-5.541178889;8.050952222;-11.92622333;120;0;0;0;0;0;10.10249;-20.00515444;-146.1108367;6.09;41.94
12.12.2024 15:00;3.923325556;-9.174673333;2.519417778;-32.59275667;111;0;0;0;0;0;15.14076333;-13.13202778;-77.68404889;6.5;27.76
12.12.2024 15:15;10.50413778;-2.444391111;1.009817778;-30.66743111;111;0;0;0;0;0;13.58428667;-14.76423222;-88.22218778;6.35;31.56
12.12.2024 15:30;39.51943889;-0.570473333;7.608843333;-10.35672;121;0;0;0;0;0;19.46804;-12.65084222;-164.0182867;6.25;36.12
12.12.2024 15:45;38.69222333;-0.734452222;11.44160667;-22.97406;120;0;0;0;0;0;11.84059;-17.26506778;-141.00084;6.4;35.9
12.12.2024 16:00;0.001897778;-42.29994778;0.014835556;-64.41366556;130;0;0;0;0;0;14.56815333;-15.42915667;-22.44211667;2.69;34.22
12.12.2024 16:15;6.470121111;-2.741835556;0.736897778;-35.33465111;120;0;0;0;0;0;15.69064889;-14.61534778;-90.20583333;6.47;34.28
12.12.2024 16:30;10.59935889;-1.438942222;1.071415556;-35.07542;120;0;0;0;0;0;14.17014667;-13.85283333;-95.47372556;6.45;34.28
12.12.2024 16:45;19.79139667;-1.167398889;5.224072222;-21.73421889;125;0;0;0;0;0;15.59083;-13.05557111;-129.64911;6.3;34.31
12.12.2024 17:00;4.060591111;-6.513406667;5.931004444;-28.41783889;121;0;0;0;0;0;15.88676667;-17.60877889;-94.33833778;6.16;36.82
12.12.2024 17:15;8.212624444;-1.5766;7.958275556;-31.86657333;121;0;0;0;0;0;16.64792556;-15.05288;-105.3227722;6.35;36.71
12.12.2024 17:30;15.03946111;-1.293811111;3.300221111;-35.81787;121;0;0;0;0;0;16.17105111;-14.62076889;-103.7782833;6.41;39.11
12.12.2024 17:45;30.45423444;-0.929225556;7.457023333;-12.46817333;121;0;0;0;0;0;14.33079556;-14.76482889;-145.0798256;6.5;42.33
12.12.2024 18:00;9.137093333;-6.356727778;10.86543889;-12.65285;127;0;0;0;0;0;14.30987556;-15.78315667;-126.5196733;6.12;44
12.12.2024 18:15;16.46266333;-0.432942222;51.42934778;-1.669705556;0;0;0;0;0;0;16.11676556;-16.80202889;-65.1041;6.51;38.99
12.12.2024 18:30;63.71716111;-0.14187;36.02562667;-0.143231111;0;0;0;0;0;0;17.83095333;-15.55338444;-101.7352556;6.53;48.6
12.12.2024 18:45;60.18216444;-0.093856667;17.76564778;-3.658634444;0;0;0;0;0;0;17.83201667;-19.37472444;-72.65261333;6.65;47.49
12.12.2024 19:00;120.8752422;0;36.09183889;0;0;0;0;0;0;0;18.96432444;-11.16154222;-164.7698633;20.92;61.04
12.12.2024 19:15;134.2506256;0;25.14337667;0;0;0;0;0;0;0;11.78415;-17.69038778;-153.4877644;20.92;76.25
12.12.2024 19:30;65.64712;0;10.61684667;-2.119142222;0;0;0;0;0;0;18.96270556;-19.98777222;-73.11975778;20.92;41.63
12.12.2024 19:45;16.44353889;-1.519495556;6.542102222;-7.629543333;0;0;0;0;0;0;13.01675889;-12.46204556;-14.39131556;6.36;35.04
12.12.2024 20:00;200.4755367;0;19.25184111;0;0;0;0;0;0;0;25.97629667;-16.24455111;-229.4591233;16.81;230.11
12.12.2024 20:15;124.87915;-0.895724444;34.63062;-1.015796667;0;0;0;0;0;0;11.48816556;-25.13232;-143.9540944;6.33;93.96
12.12.2024 20:30;11.23045889;-2.585716667;12.33204111;-4.429522222;80;0;0;0;0;0;13.32056889;-11.46483;-98.403;6.26;33.75
12.12.2024 20:45;2.563752222;-45.89720778;6.657407778;-10.47675111;80;0;0;0;0;0;12.00085333;-17.37329556;-27.47475889;0.38;33.75
12.12.2024 21:00;76.92912222;-1.467964444;14.82124556;-0.932515556;70;0;0;0;0;0;22.23490889;-13.12829667;-168.4565;4.92;41.94
12.12.2024 21:15;54.21197333;-5.907515556;20.35304778;-5.718133333;70;0;0;0;0;0;14.63570222;-21.65852333;-125.9165511;5.68;44.4
12.12.2024 21:30;8.714457778;-27.41848111;2.674431111;-17.97719111;70;0;0;0;0;0;12.13243222;-18.4491;-29.67654889;0.38;27.82
12.12.2024 21:45;0;-113.6979022;0;-37.74263444;70;0;0;0;0;0;10.78205333;-17.73709556;88.39557889;-13.08;24.84
12.12.2024 22:00;25.74584778;-11.18597333;6.633794444;-13.88389444;80;0;0;0;0;0;25.62987778;-10.62392889;-102.3157233;-5.35;30.83
12.12.2024 22:15;12.32231;-9.890808889;54.03112;-6.584475556;5;0;0;0;0;0;11.23399;-16.97559333;-49.13654222;2.06;26.55
12.12.2024 22:30;2.247306667;-10.01302111;0.336502222;-35.93497444;85;0;0;0;0;0;16.05873222;-10.14541111;-47.54913444;4.83;24.12
12.12.2024 22:45;2.777904444;-23.62997;2.228585556;-37.67323444;0;-10;0;0;0;0;8.186572222;-15.96844;74.07858222;1.83;22.09
12.12.2024 23:00;6.222756667;-6.177706667;0.933041111;-36.66030222;148;0;0;0;0;0;17.85046111;-9.333493333;-120.8347567;1.35;23.54
12.12.2024 23:15;7.498374444;-8.045786667;1.857893333;-33.66804444;90;0;0;0;0;0;10.30709333;-13.48440778;-54.46512222;0.95;23.37
12.12.2024 23:30;2.663304444;-7.14274;3.174158889;-15.19546556;0;-3;0;0;0;0;11.74887;-9.522866667;17.27473889;2.88;21.56
12.12.2024 23:45;0;-31.25894222;1.915217778;-1.830503333;0;-57;0;0;0;0;7.233603333;-13.38456111;94.32518556;-7.29;15.28
13.12.2024 00:00;30.95852667;-6.624614444;16.31107778;-0.829668889;126;0;0;0;0;0;18.80995;-8.966192222;-175.6590789;-3.59;25.34
13.12.2024 00:15;36.16413889;-2.144226667;7.974647778;-2.140474444;53;0;0;0;0;0;11.34874222;-12.68285556;-91.51997222;5.85;27.33
13.12.2024 00:30;19.71217444;-4.537357778;32.76842778;-0.371837778;0;-1;0;0;0;0;12.98018333;-12.72820667;-46.82338333;3.04;25.5
13.12.2024 00:45;4.295394444;-3.22767;27.64491444;-0.67824;0;-81;0;0;0;0;7.017414444;-9.476975556;55.42516222;0.16;20.09
13.12.2024 01:00;18.84725;-1.750083333;53.28599889;-7.843251111;106;0;0;0;0;0;12.74983222;-10.33530667;-170.95444;5.78;24.87
13.12.2024 01:15;4.218067778;-6.029458889;3.380993333;-14.94789222;63;0;0;0;0;0;6.903748889;-8.400607778;-48.12485111;4.31;19.83
13.12.2024 01:30;3.042656667;-1.90646;11.66080222;-5.600125556;18;0;0;0;0;0;8.05718;-7.247483333;-26.00657;5.41;18.88
13.12.2024 01:45;0.42304;-22.24255556;6.47189;-8.311316667;0;-28;0;0;0;0;5.707493333;-11.62326556;57.57471444;-3.6;18.57
13.12.2024 02:00;14.03578111;-5.072968889;11.33746333;-8.82974;113;0;0;0;0;0;15.02147556;-8.026792222;-131.4652189;-4.67;22.34
13.12.2024 02:15;10.82397222;-1.04926;28.00113444;-5.659395556;45;0;0;0;0;0;7.495148889;-8.575275556;-76.03632444;6.53;23.34
13.12.2024 02:30;6.127653333;-1.607937778;9.414671111;-23.80487667;40;0;0;0;0;0;7.828237778;-7.890334444;-30.06741333;6.5;20.76
13.12.2024 02:45;0.97588;-9.471011111;29.37515;-3.13188;0;-26;0;0;0;0;8.521322222;-7.636184444;7.366723333;-1.49;18.13
13.12.2024 03:00;26.65851556;0;60.58538889;0;0;-44;0;0;0;0;7.475542222;-6.700267778;-44.01917889;7.3;23.51
13.12.2024 03:15;22.09690667;-0.005153333;65.35366111;-0.003622222;0;-44;0;0;0;0;7.27946;-8.481958889;-42.23929333;6.66;23.06
13.12.2024 03:30;1.086825556;-5.64495;36.81182222;-0.20683;0;-44;0;0;0;0;8.011894444;-8.421244444;12.36248222;4.72;17.68
13.12.2024 03:45;0.519331111;-17.38592556;11.47459556;-1.172236667;0;-5;0;0;0;0;5.866695556;-13.93068111;19.62822111;-7.33;17.32
13.12.2024 04:00;2.275526667;-29.16;10.69641444;-1.716298889;11;0;0;0;0;0;16.25731667;-8.921682222;-0.431276667;-30.6;19.11
13.12.2024 04:15;3.665483333;-1.409093333;6.536995556;-3.948026667;5;0;0;0;0;0;7.117501111;-6.978294444;-9.984565556;4.16;18.6
13.12.2024 04:30;0.029566667;-10.09658889;0.952568889;-18.42426556;5;0;0;0;0;0;6.349808889;-6.919175556;23.10808556;5.32;17.84
13.12.2024 04:45;17.89917667;-1.786418889;4.132826667;-5.120856667;4;0;0;0;0;0;10.61794667;-11.10757889;-18.63509556;5.29;23.8
13.12.2024 05:00;0.37177;-17.29057;0.051977778;-65.03767111;4;0;0;0;0;0;12.85479333;-13.28559444;78.33529444;-0.93;18.71
13.12.2024 05:15;12.41616778;-2.70982;7.635925556;-15.83956333;0;-21;0;0;0;0;12.27702556;-12.37005444;19.59031889;5.02;22.68
13.12.2024 05:30;11.18422889;-13.63769222;35.25784333;-4.149326667;34;0;0;0;0;0;14.69127556;-9.126766667;-68.21956222;0.47;22.75
13.12.2024 05:45;23.91330222;-0.915254444;22.29267444;-1.501402222;89;0;0;0;0;0;13.46974111;-17.25181;-129.0072511;6.4;23.71
13.12.2024 06:00;4.672565556;-32.20295556;1.074088889;-21.19528889;0;-135;0;0;0;0;19.50602667;-16.33407556;179.4796389;-0.21;25.03
13.12.2024 06:15;37.30075111;-0.548772222;19.79837444;-7.433848889;0;-53;0;0;0;0;16.23587222;-18.48441;6.132033333;8.22;29.84
13.12.2024 06:30;60.34585444;-0.031873333;5.542262222;-2.342124444;60;0;0;0;0;0;17.21598556;-12.35353222;-128.3765722;8.47;33.73
13.12.2024 06:45;42.03816333;-0.392252222;13.02601111;-6.195387778;159;0;0;0;0;0;14.89801889;-18.61761111;-203.7569422;8.07;29.43
13.12.2024 07:00;0.079753333;-51.69134556;1.177033333;-30.8873;0;-13;0;0;0;0;14.21439444;-20.45951;100.5669744;3.78;28.04
13.12.2024 07:15;1.195742222;-9.72057;4.0904;-41.55480556;75;0;0;0;0;0;16.69053222;-12.27242333;-33.42887556;7.23;28.62
13.12.2024 07:30;14.02776889;-3.232816667;11.02058667;-23.44072333;176;0;0;0;0;0;15.62121444;-12.93810444;-177.0579256;7.73;33.54
13.12.2024 07:45;20.22989222;-1.353486667;17.66318111;-29.10806222;254;0;0;0;0;0;16.67425778;-17.00902889;-261.0967533;7.57;33.49
13.12.2024 08:00;0.179304444;-131.8310611;0.020471111;-61.90014;254;0;0;0;0;0;15.41176;-25.88541;-49.99492444;-6.37;39.3
13.12.2024 08:15;0;-96.90103667;0;-64.80101444;254;0;0;0;0;0;14.67227556;-10.58647333;-96.38375111;3.62;34.92
13.12.2024 08:30;29.93136889;-5.639775556;48.08182444;-4.69566;0;0;0;0;0;0;19.18912333;-8.239727778;-78.62715333;6.79;42.18
13.12.2024 08:45;88.88820889;0;46.40234222;-0.016275556;0;0;0;0;0;0;14.96529;-12.81413111;-137.4254344;27.51;47.59
13.12.2024 09:00;149.4486478;0;29.41762667;0;0;0;0;0;0;0;18.99036111;-14.16234;-183.6942956;22.37;61.83
13.12.2024 09:15;89.24559778;0;44.16750444;0;0;0;0;0;0;0;8.579366667;-17.92861333;-124.0638556;22.37;47.47
13.12.2024 09:30;79.73958111;0;44.94292;0;50;0;0;0;0;0;14.59474444;-14.05923778;-175.2180078;22.37;42.74
13.12.2024 09:45;44.31206667;-0.062526667;26.70364444;-4.603396667;50;0;0;0;0;0;10.50324222;-14.14905889;-112.7039711;9.45;37.02
13.12.2024 10:00;81.78901111;0;15.95142;-0.047323333;50;0;0;0;0;0;17.10396111;-13.04008778;-151.7569811;18.1;41.01
13.12.2024 10:15;84.23598333;0;10.77292111;-0.521915556;50;0;0;0;0;0;13.42067222;-15.74763778;-142.1600233;18.1;39.74
13.12.2024 10:30;45.69934;0;0.51485;-3.503147778;50;0;0;0;0;0;15.06971667;-15.50020667;-92.28055222;18.1;31.4
13.12.2024 10:45;9.120955556;-5.68168;0.034451111;-55.21423889;50;0;0;0;0;0;13.80156333;-13.66723889;1.606187778;7.58;28.25
13.12.2024 11:00;24.64939444;-0.177138889;0.471425556;-8.96647;50;0;0;0;0;0;12.91828667;-12.70128222;-66.19421556;8.46;26.23
13.12.2024 11:15;6.284585556;-5.75778;0.505011111;-55.17728556;50;0;0;0;0;0;10.85205556;-15.30142;8.594833333;7;23.39
13.12.2024 11:30;12.95720333;-4.06426;7.836481111;-33.20438111;50;0;0;0;0;0;14.87385;-10.28079444;-38.11809889;6.95;23.77
13.12.2024 11:45;30.58824556;-3.259546667;20.21947222;-23.52319778;50;0;0;0;0;0;12.24773111;-14.64952333;-71.62318111;7.58;28.38
13.12.2024 12:00;117.2899078;-0.260006667;32.49713556;-3.195535556;50;0;0;0;0;0;21.26271556;-11.60859889;-205.9856178;7.67;55.57
13.12.2024 12:15;48.81781889;-1.20334;9.419963333;-17.23118;50;0;0;0;0;0;9.163415556;-17.54509333;-81.42158444;7.97;34.47
13.12.2024 12:30;10.47445222;-1.463212222;0.566906667;-40.77283778;50;0;0;0;0;0;15.15297667;-14.85786333;-19.10042222;7.85;22.59
13.12.2024 12:45;2.52536;-3.439122222;0.532213333;-52.99512778;50;0;0;0;0;0;11.18081;-11.55599778;3.751864444;8.08;21.73
13.12.2024 13:00;36.92044444;-0.274521111;1.14849;-11.01048;50;0;0;0;0;0;16.55220222;-12.36057889;-80.97555667;8.48;28.92
13.12.2024 13:15;28.58967778;-0.57047;5.97338;-9.442296667;50;0;0;0;0;0;11.66178556;-14.92215556;-71.28992111;7.79;29.43
13.12.2024 13:30;45.21578333;0;9.386675556;-0.609998889;70;0;0;0;0;0;18.55467111;-13.79203222;-128.7550989;15.65;28.9
13.12.2024 13:45;54.56650556;-0.41382;16.85637333;-2.920057778;55;0;0;0;0;0;11.08917444;-15.78072222;-118.3974533;8.32;32.64
13.12.2024 14:00;16.68076444;-1.204285556;5.925691111;-15.97671333;51;0;0;0;0;0;16.88040667;-12.47504222;-60.83082111;7.85;25.39
13.12.2024 14:15;32.29369333;-0.279672222;2.905701111;-5.867778889;57;0;0;0;0;0;11.14961444;-15.52436778;-81.67719;8.42;27.79
13.12.2024 14:30;23.24056333;-0.302737778;1.008296667;-6.07448;73;0;0;0;0;0;12.34319667;-10.22735222;-92.98748667;8.13;25.76
13.12.2024 14:45;39.92662556;0;9.129867778;-1.613926667;53;0;0;0;0;0;13.46594444;-14.12244778;-99.78606333;16.52;27.79
13.12.2024 15:00;1.933454444;-10.27843333;14.41663667;-2.156326667;53;0;0;0;0;0;10.40417778;-13.36047;-53.95903889;7.29;25.23
13.12.2024 15:15;4.356825556;-4.217792222;43.35735889;-4.861746667;53;0;0;0;0;0;15.85096556;-14.77728556;-92.70832556;7.78;25.33
13.12.2024 15:30;31.61541333;-0.069714444;15.32493111;-10.35833556;37;0;0;0;0;0;15.31820556;-11.59614333;-77.23435667;8.49;30
13.12.2024 15:45;27.63767222;-2.216656667;44.71490667;-2.311224444;52;0;0;0;0;0;12.26182778;-17.38313333;-114.7033922;7.66;32.22
13.12.2024 16:00;5.243453333;-15.73852889;7.052073333;-5.347611111;20;0;0;0;0;0;15.07948444;-18.69249667;-7.596374444;6.34;28.89
13.12.2024 16:15;0.020478889;-28.66266667;4.506142222;-19.04777889;63;0;0;0;0;0;15.88594889;-12.99425;-22.70787444;6.49;28.05
13.12.2024 16:30;4.92714;-2.448458889;2.652035556;-37.14657556;80;0;0;0;0;0;12.81575;-12.65110667;-48.14878444;7.82;28.42
13.12.2024 16:45;11.00015444;-2.128766667;3.176354444;-24.03844889;100;0;0;0;0;0;14.55295667;-15.04775;-87.5145;7.62;29.95
13.12.2024 17:00;0.581188889;-30.53820222;0.118191111;-78.63325444;85;0;0;0;40;0;14.05786556;-12.42865778;-18.15713111;5.91;34.1
13.12.2024 17:15;3.826225556;-3.054731111;0.515737778;-78.33142222;55;0;0;0;40;0;14.79548556;-16.01207556;-16.73922;7.99;34.14
13.12.2024 17:30;0.190836667;-22.54693444;0.375075556;-55.84471889;20;0;0;0;40;0;13.94426444;-16.49823;20.37970667;6.65;34.1
13.12.2024 17:45;1.051841111;-16.34752778;1.800657778;-51.51381333;55;0;0;0;40;0;12.66356667;-14.59798333;-28.05674111;6.83;34.13
13.12.2024 18:00;1.059562222;-15.72265444;4.028225556;-25.65506778;15;0;0;0;0;0;16.28280667;-13.92357111;18.93069889;7.01;33.38
13.12.2024 18:15;2.028132222;-9.672727778;0.698784444;-84.09298889;15;0;0;0;0;0;11.42359333;-13.32465667;77.93986333;7.38;33.41
13.12.2024 18:30;0;-38.73319;0;-83.26619;0;-14;0;0;0;0;13.88778444;-14.73144778;136.8430433;5.78;31.72
13.12.2024 18:45;2.825503333;-7.223028889;0.163857778;-126.7643533;0;-10;0;0;0;0;18.10870333;-13.72667667;136.6159944;7.19;33.38
13.12.2024 19:00;9.541815556;-0.798336667;3.900926667;-36.17604667;30;0;0;0;0;0;14.24860333;-13.49257444;-7.224387778;8.2;29.63
13.12.2024 19:15;21.21391;-3.5399;18.86414667;-4.109586667;0;-76;0;0;0;0;13.59755;-15.75573111;45.72961111;7.9;34.58
13.12.2024 19:30;24.99347333;-0.773925556;14.93134556;-3.742667778;0;-126;0;0;0;0;13.76459667;-13.72042444;90.54760222;7.77;31.12
13.12.2024 19:45;6.049396667;-29.82490889;8.471723333;-23.32589333;0;-159;0;0;0;0;9.610427778;-14.06982333;202.0890778;5.38;28.82
13.12.2024 20:00;23.69994222;-3.011073333;6.478706667;-14.44945222;20;0;0;0;0;0;18.31493222;-13.24436667;-37.78868889;6.12;26.25
13.12.2024 20:15;7.560218889;-31.41830333;6.967742222;-12.01236;10;0;0;0;0;0;10.75167444;-16.93383667;25.08486444;3.59;25.65
13.12.2024 20:30;1.530758889;-23.30132444;4.032363333;-11.27476889;0;-76;0;0;0;0;16.05844333;-13.35556778;102.3100956;5.82;21.98
13.12.2024 20:45;0;-40.70746333;0.77908;-19.65960111;0;-139;0;0;0;0;9.942473333;-13.07238333;201.7178944;4.19;20.3
13.12.2024 21:00;7.989774444;-10.04489444;3.10946;-19.61999;40;0;0;0;0;0;17.11047444;-7.919672222;-30.62515222;3.95;20.94
13.12.2024 21:15;12.56591778;-15.64209222;4.176387778;-11.56831556;0;0;0;0;0;0;9.384505556;-19.30554889;20.38914556;3.45;22.05
13.12.2024 21:30;0.087891111;-42.43909333;1.686596667;-13.80558778;0;-45;0;0;0;0;17.09143667;-14.82122889;97.19998556;4.08;19.31
13.12.2024 21:45;0.074188889;-42.91613444;1.212048889;-35.26430889;0;-121;0;0;0;0;9.962583333;-15.86616667;203.7977889;2.21;19.31
13.12.2024 22:00;26.15845222;-8.736847778;62.57337222;-1.732042222;0;-121;0;0;0;0;20.57078556;-9.943303333;32.10958333;0.47;23.35
13.12.2024 22:15;12.95789444;-2.023924444;36.26496111;-9.018955556;5;0;0;0;0;0;11.18841667;-12.98287;-41.38552222;6.67;18.28
13.12.2024 22:30;35.79236889;-0.980765556;28.77606111;-3.338097778;0;-71;0;0;0;0;16.25869778;-14.58194889;9.073684444;6.79;24.17
13.12.2024 22:45;41.59777222;-4.470898889;81.96745;-5.326595556;0;-171;0;0;0;0;13.80994444;-16.11115111;59.53347889;6.1;24.45
13.12.2024 23:00;38.94246667;-1.59546;4.416824444;-3.21467;57;0;0;0;0;0;15.46087556;-11.76241889;-99.24761778;5.4;20.91
13.12.2024 23:15;34.29118667;-4.481067778;9.265891111;-3.583558889;0;-6;0;0;0;0;11.63686778;-16.08315;-25.04616889;3.5;22.19
13.12.2024 23:30;5.23695;-6.413304444;10.88923333;-5.848554444;0;-73;0;0;0;0;11.24535444;-7.908263333;65.79858444;2.37;16.85
13.12.2024 23:45;14.13845444;-1.070827778;61.92816667;-0.140204444;0;-130;0;0;0;0;12.16286444;-9.156892222;52.13843889;3.11;17.51
14.12.2024 00:00;210.9436011;0;79.60882222;0;0;-131;0;0;0;0;29.91159;-14.13928778;-175.3247256;7.69;168.6
14.12.2024 00:15;156.3264733;-2.979872222;90.06482333;0;0;-131;0;0;0;0;4.87494;-26.12927444;-91.15709;3.6;97.29
14.12.2024 00:30;36.56643556;-4.463012222;151.9757289;0;0;-131;0;0;0;0;17.43244333;-16.64334333;-53.86825222;2.25;30.88
14.12.2024 00:45;2.322036667;-2.142735556;161.9322422;0;0;-131;0;0;0;0;8.80646;-9.24999;-30.66801333;1.57;16.5
14.12.2024 01:00;44.14442333;-2.004806667;196.0631633;0;0;-131;0;0;0;0;18.05606667;-18.63172333;-106.6271233;6.12;27.36
14.12.2024 01:15;0.310323333;-12.00005333;31.78412889;-2.244708889;53;0;0;0;0;0;5.470106667;-9.165901111;-67.15389556;0.08;16.29
14.12.2024 01:30;1.170647778;-8.813882222;18.52347778;-1.800092222;0;0;0;0;0;0;10.34125778;-6.77733;-12.64407889;1.31;16.63
14.12.2024 01:45;3.178982222;-1.440421111;71.59772778;-0.013871111;0;-45;0;0;0;0;8.282033333;-7.303605556;-29.30084556;2.39;16.57
14.12.2024 02:00;53.04484;-0.005695556;171.1889789;0;0;-55;0;0;0;0;15.76547556;-15.97028333;-169.0233156;6.66;29.8
14.12.2024 02:15;1.381968889;-2.321101111;174.1212533;0;0;-55;0;0;0;0;7.085215556;-7.870845556;-117.3964911;4.09;16.38
14.12.2024 02:30;26.88558556;-1.214474444;124.6419467;0;0;-55;0;0;0;0;12.53364889;-13.10870333;-94.73800333;3.53;18.64
14.12.2024 02:45;2.958154444;-2.145714444;80.96884444;-0.003697778;0;-55;0;0;0;0;9.528791111;-6.914586667;-29.39179111;2.04;16.51
14.12.2024 03:00;57.95885111;0;81.48709556;0;0;-45;0;0;0;0;10.32010333;-9.289816667;-95.47623333;8.68;23.51
14.12.2024 03:15;38.82242889;-0.116372222;63.79411667;-0.083811111;0;-45;0;0;0;0;8.394925556;-11.28088778;-54.5304;3.35;20.16
14.12.2024 03:30;33.45633;-1.290015556;43.39608889;-1.412377778;0;-45;0;0;0;0;9.845128889;-10.72835;-28.26680444;1.06;18.92
14.12.2024 03:45;3.314211111;-17.10476;10.66250222;-12.41558;0;0;0;0;0;0;8.217218889;-7.81329;15.13969778;-2.3;16.93
14.12.2024 04:00;1.236425556;-7.279856667;1.164817778;-22.19078556;40;0;0;0;0;0;5.731323333;-6.089178889;-12.57274556;1.76;16.42
14.12.2024 04:15;0.666901111;-6.675601111;1.980855556;-13.20715333;0;0;0;0;0;0;7.077394444;-7.20483;17.36243333;1.28;16.38
14.12.2024 04:30;7.316082222;-2.021748889;15.25574;-2.003576667;0;0;0;0;0;0;8.91521;-7.753097778;-19.70860889;1.93;16.78
14.12.2024 04:45;1.592578889;-1.509461111;33.23670667;-0.672772222;0;-40;0;0;0;0;6.473792222;-6.829173333;7.708328889;1.85;16.39
14.12.2024 05:00;1.558155556;-15.44013;22.04182;-1.524054444;0;-40;0;0;0;0;10.98927889;-11.28475889;33.65968889;-5.58;16.47
14.12.2024 05:15;0.058866667;-16.58326111;4.086904444;-1.552335556;0;0;0;0;0;0;7.788938889;-9.795216667;15.99610333;-0.69;16.28
14.12.2024 05:30;2.625052222;-4.539927778;27.42083444;-1.620843333;0;0;0;0;0;0;8.449445556;-5.852032222;-26.48252889;0.29;16.44
14.12.2024 05:45;7.86648;-1.054545556;84.47702667;-0.004213333;0;0;0;0;0;0;8.67104;-8.711147778;-91.24464;2.44;16.91
14.12.2024 06:00;25.58619889;-0.88406;57.46723556;-0.047084444;0;-96;0;0;0;0;12.72140222;-10.13889222;11.2952;3.09;19.36
14.12.2024 06:15;64.28452556;0;28.47627111;0;0;-40;0;0;0;0;15.42213222;-11.31402778;-56.86890111;8.69;22.21
14.12.2024 06:30;53.30144556;0;13.22666222;-0.895764444;13;0;0;0;0;0;9.914013333;-12.73598667;-75.81037;10.48;21.23
14.12.2024 06:45;3.767496667;-12.92588444;5.178298889;-43.17100111;126;0;0;0;0;0;8.85116;-12.18994111;-75.51012889;2.48;18.02
14.12.2024 07:00;0.903985556;-17.18681444;8.649085556;-8.057688889;0;-45;0;0;0;0;12.57160222;-13.76578111;61.88561111;-3.21;16.53
14.12.2024 07:15;0;-26.01886111;3.531131111;-11.75677667;40;0;0;0;0;0;10.11986222;-12.14353222;-3.731823333;-1.51;15.39
14.12.2024 07:30;0.010443333;-34.79669889;2.129873333;-14.92823444;126;0;0;0;0;0;12.54204;-8.807801111;-82.14962222;-0.69;16.28
14.12.2024 07:45;4.010005556;-2.542452222;69.81415444;-0.35088;80;0;0;0;0;0;10.51838;-10.38410667;-151.0651011;6.16;16.53
14.12.2024 08:00;5.385051111;-3.524706667;43.24110889;-0.293253333;0;-23;0;0;0;0;13.71011667;-11.87201667;-23.6463;0.73;17.12
14.12.2024 08:15;11.61743;-2.502424444;55.24036556;-3.148166667;7;0;0;0;0;0;8.97784;-12.51058;-64.67446444;1.53;17.14
14.12.2024 08:30;27.15955111;-2.941213333;23.27735111;-2.761266667;53;0;0;0;0;0;12.58357444;-9.717313333;-100.6006833;3.48;19.84
14.12.2024 08:45;16.88041;-3.014992222;11.60257111;-11.75620333;118;0;0;0;0;0;13.08135222;-14.49382667;-130.2993111;4.13;18.71
14.12.2024 09:00;0.000406667;-27.94730333;1.121098889;-2.692237778;53;0;0;0;0;0;10.96924111;-12.51138111;-21.93982444;-3.75;16.28
14.12.2024 09:15;8.079973333;-13.59292889;14.13179889;-9.833608889;78;0;0;0;0;0;10.13479;-13.03872556;-73.88129889;-4.13;17.32
14.12.2024 09:30;4.408226667;-10.28413889;2.075533333;-24.65733778;78;0;0;0;0;0;13.89269;-13.03466778;-50.40030556;-0.97;16.88
14.12.2024 09:45;0.37014;-12.48711889;0.082897778;-75.44993667;78;0;0;0;0;0;12.76011778;-9.700225556;6.424125556;0.38;16.41
14.12.2024 10:00;4.179681111;-2.794455556;0.770577778;-33.27482889;13;0;0;0;13;0;9.69155;-10.6464;6.073875556;1.43;16.75
14.12.2024 10:15;5.297568889;-9.086754444;2.309152222;-41.44879778;64;0;0;0;13;0;10.25360222;-12.17178;-32.15299111;-1.73;17.17
14.12.2024 10:30;3.13694;-5.2223;26.48073556;-11.88882667;13;0;0;0;13;0;16.15588556;-12.38363667;-42.27879778;-0.92;16.56
14.12.2024 10:45;24.45150556;-0.348034444;70.54173889;-0.103813333;0;-80;0;0;13;0;14.16770222;-14.99159111;-26.71750778;1.24;18.15
14.12.2024 11:00;31.92464556;-0.28469;15.82955222;-3.008672222;0;-78;0;0;0;0;13.25301222;-10.94319222;31.22934444;1.48;20.95
14.12.2024 11:15;5.244816667;-4.722215556;12.47445222;-20.08800556;38;0;0;0;0;0;11.60805111;-15.51678556;-27.00031333;0.71;17.19
14.12.2024 11:30;0.667313333;-10.51106111;17.75466667;-6.163464444;38;0;0;0;0;0;12.49188222;-12.18178778;-40.05754889;0.73;16.52
14.12.2024 11:45;2.422813333;-5.533035556;66.37393889;-0.565271111;38;0;0;0;0;0;12.22253;-13.80725889;-99.11371667;-0.03;16.56
14.12.2024 12:00;2.894011111;-4.107801111;47.84953556;-0.895431111;11;0;0;0;0;0;13.47086778;-12.32882222;-57.88236;-0.5;16.53
14.12.2024 12:15;1.859802222;-4.997955556;35.46195556;-2.657171111;33;0;0;0;0;0;11.48056;-12.05511778;-62.09207333;1.35;16.6
14.12.2024 12:30;4.760736667;-2.454691111;26.88325333;-5.609834444;13;0;0;0;0;0;13.58212;-11.87882111;-38.28276333;1.41;16.79
14.12.2024 12:45;10.32442889;-8.15945;34.81225333;-7.462987778;33;0;0;0;0;0;8.79776;-12.46174556;-58.85025889;-3.31;17.34
14.12.2024 13:00;35.39658778;-2.647031111;19.13079889;-5.200331111;63;0;0;0;0;0;16.17048889;-10.29541667;-115.5550967;-1.14;22.14
14.12.2024 13:15;29.95510778;-1.190316667;40.86035222;-2.544826667;23;0;0;0;0;0;12.30931111;-15.05261556;-87.33701222;1.01;21.97
14.12.2024 13:30;11.45427333;-5.947135556;12.24630222;-14.99889111;63;0;0;0;0;0;11.04818889;-13.41065;-63.39208778;-0.39;18.56
14.12.2024 13:45;16.78846111;-3.520772222;14.09085444;-4.140737778;23;0;0;0;0;0;14.50873778;-10.95698889;-49.76955444;0.26;18.83
14.12.2024 14:00;44.22215556;-0.298257778;12.51159667;-3.726217778;8;0;0;0;18;0;17.82385667;-12.25097556;-84.28215778;1.18;21.45
14.12.2024 14:15;33.78810444;-0.45478;2.364957778;-9.174805556;23;0;0;0;18;0;9.130058889;-14.18999667;-62.46353889;1.7;22.85
14.12.2024 14:30;41.48016111;-0.077581111;9.551757778;-6.345477778;23;0;0;0;18;0;15.97277222;-11.72847111;-89.85316111;1.7;22.01
14.12.2024 14:45;50.31696;-0.636255556;4.203706667;-10.88762556;23;0;0;0;18;0;15.09464444;-19.87547;-79.21596;1.51;24.07
14.12.2024 15:00;3.315427778;-3.270648889;29.56122778;-5.162455556;74;0;0;0;0;0;11.93333889;-12.23117556;-98.14571444;1.45;16.63
14.12.2024 15:15;44.55742333;-0.205074444;49.35655889;-0.022786667;13;0;0;0;0;0;13.87235;-11.56275556;-108.9957156;1.92;23.09
14.12.2024 15:30;11.23236;-0.724833333;13.61110222;-7.005008889;118;0;0;0;0;0;11.19329667;-12.68717222;-133.6197444;1.95;17.28
14.12.2024 15:45;9.67596;-1.411126667;17.65593556;-12.93758222;78;0;0;0;0;0;10.25962778;-11.67398778;-89.56882667;1.77;17.88
14.12.2024 16:00;5.453835556;-5.329727778;13.81414333;-14.36938889;22;0;0;0;0;0;12.07684889;-11.62540556;-22.02030556;5.47;17.66
14.12.2024 16:15;7.945265556;-1.922328889;8.776217778;-14.29220667;77;0;0;0;0;0;12.32312667;-12.11042222;-77.71965222;6.4;18.67
14.12.2024 16:30;19.27407889;-1.023221111;1.768357778;-13.19836;117;0;0;0;0;0;13.71553222;-14.44442667;-123.0919611;6.26;20.98
14.12.2024 16:45;28.13735556;-0.708545556;3.229783333;-11.68699556;134;0;0;0;0;0;14.52826;-14.86653;-152.6333278;6.4;23.24
14.12.2024 17:00;0;-116.21107;0;-32.97704111;134;0;0;0;0;0;7.535795556;-19.94793333;27.60024889;-28.88;17.12
14.12.2024 17:15;0.24997;-40.46820222;0;-78.08452;134;0;0;0;0;0;20.80104333;-9.813907778;-26.68438333;-6.05;17.12
14.12.2024 17:30;0;-97.88953444;0;-4.830638889;134;0;0;0;0;0;15.03200222;-22.27787;-24.03395889;-17.19;17.12
14.12.2024 17:45;0;-92.77099222;0.082466667;-11.84872111;134;0;0;0;0;0;16.01641889;-11.82944111;-33.64973111;-13.57;17.12
14.12.2024 18:00;5.970997778;-4.653578889;42.86115444;-0.400675556;11;0;0;0;0;0;16.28069222;-8.975686667;-62.08290333;3.11;18.41
14.12.2024 18:15;3.073864444;-18.02082333;39.13632889;-8.43857;9;0;0;0;0;0;8.261726667;-14.84268333;-18.16984333;2.42;18.53
14.12.2024 18:30;7.65951;-12.47517444;10.64114667;-8.908397778;0;-11;0;0;0;0;12.94680333;-8.95369;10.08980222;3.05;19.43
14.12.2024 18:45;12.51138222;-11.75483222;14.08993444;-5.355855556;0;-9;0;0;0;0;14.15475333;-15.02386778;0.378485556;1.84;20.91
14.12.2024 19:00;82.96523889;-0.195583333;43.46837333;-0.057016667;0;-9;0;0;0;0;17.09419333;-12.69149889;-121.5837067;4.9;32.37
14.12.2024 19:15;57.89849667;0;42.88006556;0;0;-9;0;0;0;0;10.92720556;-11.23942667;-91.46634111;9.9;21.96
14.12.2024 19:30;27.81127667;-1.424827778;29.83591222;-0.615537778;0;-9;0;0;0;0;11.13876667;-14.66745667;-43.07813333;1.83;18.59
14.12.2024 19:45;1.55558;-40.50102111;10.56515556;-40.51347667;53;0;0;0;0;0;15.23437222;-15.26748;15.92687;-15.68;16.92
14.12.2024 20:00;25.50443778;-0.638017778;14.73201889;-8.394568889;93;0;0;0;18;0;12.21462444;-12.52441556;-141.8940789;6.08;20.9
14.12.2024 20:15;7.678907778;-12.62451444;26.36670444;-2.082875556;53;0;0;0;18;0;10.61766444;-17.83094222;-83.12494444;-5.61;17.57
14.12.2024 20:30;0.232068889;-15.89883556;6.527727778;-9.627992222;0;-7;0;0;18;0;15.46523556;-8.730996667;1.032792222;-3.48;16.37
14.12.2024 20:45;0.73052;-35.13699;5.08312;-15.23425556;0;-9;0;0;18;0;8.758397778;-14.35438444;41.15359222;-13.51;16.71
14.12.2024 21:00;1.544583333;-15.06372;0.156422222;-62.85867111;111;0;0;0;0;0;15.59079778;-9.849436667;-40.51997556;-4.16;16.61
14.12.2024 21:15;0.634763333;-58.70223222;0.009871111;-57.64779111;68;0;0;0;0;0;6.874744444;-18.34878111;59.17942556;-35.22;16.62
14.12.2024 21:30;0;-58.18332444;0;-31.77513111;0;0;0;0;0;0;15.46144778;-9.979954444;84.47696222;-13.39;13.83
14.12.2024 21:45;13.14033667;-39.47577222;7.25064;-2.925422222;0;-76;0;0;0;0;13.66617222;-20.97111889;105.3151644;-51.57;19.02
14.12.2024 22:00;5.827761111;-11.09455667;2.017813333;-41.46137333;0;-4;0;0;0;0;20.56535889;-9.757505556;37.90250222;-20.23;17.01
14.12.2024 22:15;12.85454556;-3.36453;1.142546667;-19.14782111;1;0;0;0;0;0;9.915641111;-10.54558111;8.145198889;4.26;18.41
14.12.2024 22:30;18.24381222;-1.62895;32.32111889;-5.792525556;0;-22;0;0;0;0;12.78537667;-11.43063667;-22.49819556;2.06;18.44
14.12.2024 22:45;15.28211111;-12.25925;27.87695;-9.931505556;0;-52;0;0;0;0;12.33344778;-14.19892889;32.89717556;-8.48;18.96
14.12.2024 23:00;5.566805556;-2.439224444;0.632611111;-33.69328667;74;0;0;0;0;0;11.07583778;-9.175306667;-45.96743667;5.88;17.6
14.12.2024 23:15;1.858855556;-15.24141444;1.387306667;-37.22478778;0;-14;0;0;0;0;7.521976667;-12.76482444;68.46288778;-3.35;17.32
14.12.2024 23:30;0.461422222;-31.71345556;0.359423333;-26.35088111;0;-64;0;0;0;0;11.32573222;-12.29766111;122.21542;-24.9;17.01
14.12.2024 23:45;0;-53.34473;0.202866667;-22.15334778;0;-80;0;0;0;0;11.16372111;-10.49337111;154.6248611;-25.61;13.13
15.12.2024 00:00;13.34729889;-1.520316667;3.243724444;-13.93550556;68;0;0;0;0;0;16.02511111;-8.786371111;-76.37394111;-6.81;17.9
15.12.2024 00:15;29.34025778;-8.328853333;4.207862222;-7.32759;0;-30;0;0;0;0;12.65269444;-15.32036333;14.77599222;0.54;21.01
15.12.2024 00:30;26.74478778;-1.098086667;5.953678889;-2.069053333;0;-77;0;0;0;0;14.00280889;-8.185186667;41.65105111;-0.38;18.68
15.12.2024 00:45;34.72223111;-1.687274444;10.88583778;-3.535331111;0;-144;0;0;0;0;8.795597778;-13.5303;108.3492389;-1.2;19.71
15.12.2024 01:00;21.27481222;-12.59073;0;-11.49877111;0;0;0;0;0;0;10.65455222;-13.56205556;5.722192222;-3.26;21.05
15.12.2024 01:15;2.893597778;-19.30312;0;-10.01112444;0;-22;0;0;0;0;7.322004444;-9.389402222;50.48804444;-16.57;17.26
15.12.2024 01:30;0.002711111;-33.51315222;0;-3.857378889;0;-57;0;0;0;0;10.82792778;-10.52976778;94.06966;-19.27;16.94
15.12.2024 01:45;0;-69.75004333;0;-7.690168889;0;-103;0;0;0;0;5.054748889;-8.669727778;184.0551911;-46;11.46
15.12.2024 02:00;1.326083333;-22.11167222;0.071111111;-32.52800889;11;0;0;0;0;0;14.40650333;-6.762188889;34.59817222;-27.45;17.37
15.12.2024 02:15;0.453268889;-17.32909333;0.269524444;-16.27518222;0;-53;0;0;0;0;5.547357778;-7.320481111;87.65460556;-10.21;16.95
15.12.2024 02:30;1.144201111;-19.17995556;9.111362222;-3.385874444;0;-71;0;0;0;0;10.85531667;-9.651717778;82.10666778;-13.11;17.09
15.12.2024 02:45;0;-37.87706444;0.108777778;-16.41413444;0;-110;0;0;0;0;5.565553333;-9.063513333;167.6803811;-29.84;11.48
15.12.2024 03:00;26.08045889;-11.17459;0.609;-20.48338111;0;-110;0;0;0;0;13.82132667;-6.023646667;107.1708322;-19.8;18.74
15.12.2024 03:15;14.25605111;-6.919077778;2.099906667;-3.713397778;0;-110;0;0;0;0;7.723555556;-10.34042444;106.8933867;-2.08;18.31
15.12.2024 03:30;21.27483;-2.219375556;8.461915556;-4.973233333;0;-110;0;0;0;0;10.70693111;-6.634636667;83.38356889;-2.32;18.15
15.12.2024 03:45;14.25658444;-6.059017778;8.93579;-2.547951111;0;-121;0;0;0;0;5.969521111;-8.136427778;108.5815011;-0.89;18.51
15.12.2024 04:00;27.43395667;-1.199937778;1.839864444;-8.859805556;0;-64;0;0;0;0;8.95318;-8.871578889;44.70432111;1.79;19.38
15.12.2024 04:15;9.785153333;-0.463998889;0;-11.88151111;0;-68;0;0;0;0;8.819983333;-6.670958889;68.41133222;2.35;17.61
15.12.2024 04:30;4.366986667;-1.077324444;4.252848889;-28.10003889;0;-87;0;0;0;0;8.327362222;-6.876364444;106.10653;2.41;17.32
15.12.2024 04:45;3.034918889;-6.756181111;4.182465556;-6.205995556;0;-67;0;0;0;0;6.332684444;-7.976617778;74.38872556;-7.02;17.19
15.12.2024 05:00;2.707503333;-11.77082667;0.121653333;-25.40744333;0;-2;0;0;0;0;10.38603;-8.637928889;34.60101222;-23.82;17.12
15.12.2024 05:15;3.197957778;-1.423068889;0.249373333;-41.56086444;0;0;0;0;0;0;8.444241111;-9.115366667;40.20772778;1.92;17.27
15.12.2024 05:30;1.905498889;-2.06461;0.635793333;-27.47697333;23;0;0;0;0;0;7.913638889;-7.029843333;3.116495556;1.85;17.02
15.12.2024 05:45;3.440621111;-1.772864444;1.068893333;-39.64139444;23;0;0;0;0;0;8.535994444;-7.742764444;13.11151444;1.53;17.13
15.12.2024 06:00;28.96064556;-12.83093667;0;-11.79455111;0;-65;0;0;0;0;18.66535667;-14.93517556;56.93466111;-19.13;19.99
15.12.2024 06:15;21.68458222;-5.307476667;0;-20.05326778;0;-41;0;0;0;0;8.050388889;-13.7877;50.41347333;-1.85;18.8
15.12.2024 06:30;0.447725556;-11.86509;0;-59.44483;40;0;0;0;0;0;9.470755556;-9.787882222;31.17932111;0.09;17.03
15.12.2024 06:45;10.06564778;-3.856741111;0;-10.63455111;0;0;0;0;0;0;11.73829333;-11.02484333;3.712194444;0.79;18.31
15.12.2024 07:00;26.96914;-1.021586667;5.226152222;-4.544264444;0;-94;0;0;0;0;13.55086556;-9.771621111;63.59131444;0.26;19.94
15.12.2024 07:15;13.12093222;-7.100155556;6.181042222;-38.87620222;0;-20;0;0;0;0;8.632833333;-12.37814778;50.41969778;-1.1;18.42
15.12.2024 07:30;19.59012333;-2.341848889;9.658734444;-6.005565556;0;-37;0;0;0;0;11.68458333;-10.37460111;14.78857444;3.32;19
15.12.2024 07:45;4.238395556;-2.260326667;0.806588889;-41.62812;80;0;0;0;0;0;10.40638444;-10.98277667;-40.58014556;6.23;17.39
15.12.2024 08:00;4.070634444;-11.04453111;2.915395556;-34.22651333;0;-92;0;0;0;0;12.86241;-11.01673222;128.4393367;-11.42;17.52
15.12.2024 08:15;14.41419333;-12.93632444;4.214442222;-0.39914;0;-46;0;0;0;0;8.328983333;-13.67595444;46.0538;-7.77;18.66
15.12.2024 08:30;5.328625556;-9.15094;0.595326667;-20.31547444;0;0;0;0;0;0;14.76046;-12.37389889;21.15590111;-1.09;17.91
15.12.2024 08:45;3.258334444;-4.626715556;1.346524444;-26.88149444;40;0;0;0;0;0;11.62408111;-11.04737222;-13.67335778;4.99;17.27
15.12.2024 09:00;1.99856;-17.28122889;2.663271111;-20.65401778;0;-26;0;0;0;0;14.70293889;-13.27418778;57.84466444;-20.59;17.27
15.12.2024 09:15;3.265786667;-35.35223889;7.460186667;-12.13373778;2;0;0;0;0;0;13.25469222;-20.84632222;42.35163333;-27.3;17.6
15.12.2024 09:30;0;-54.62402667;0.037977778;-22.61689556;0;-13;0;0;0;0;14.27113556;-10.92964444;86.86145333;-24.21;12.1
15.12.2024 09:45;1.771381111;-24.91224111;0.949073333;-10.78174667;0;-66;0;0;0;0;9.330813333;-15.34639111;104.9891111;-19.01;17.38
15.12.2024 10:00;0;-39.02208667;0.881124444;-26.44947333;0;-79;0;0;0;0;18.50043667;-12.98909667;138.0790956;-13.65;12.53
15.12.2024 10:15;0;-72.80420444;0.075413333;-12.06664778;0;-147;0;0;0;0;9.049477778;-16.58309;239.3290511;-42.19;12.53
15.12.2024 10:30;0;-76.29272778;0.243586667;-13.29600778;0;-162;0;0;0;0;16.13600444;-8.249533333;243.4586778;-36.66;12.53
15.12.2024 10:45;19.65264444;-8.696565556;9.436937778;-3.557086667;0;-246;0;0;0;0;21.25543111;-22.32827556;230.2369144;-1.42;20.58
15.12.2024 11:00;58.66767556;-2.008327778;5.818944444;-2.337102222;0;-250;0;0;0;0;23.33877889;-10.64074444;177.1607756;-13.56;20.6
15.12.2024 11:15;61.36705111;-2.835424444;3.233853333;-6.666624444;0;-250;0;0;0;0;9.837538889;-20.59351556;205.6571211;-6.52;23.85
15.12.2024 11:30;32.43895556;-0.90156;2.647006667;-2.617747778;0;-205;0;0;0;0;15.99500889;-14.81907667;172.2574133;-0.92;19.46
15.12.2024 11:45;18.76640111;-15.63016556;0;-20.06767222;0;-174;0;0;0;0;13.81213;-15.29701111;192.4163178;-8.83;19.59
15.12.2024 12:00;3.128515556;-2.18423;0.2632;-67.66837444;0;0;0;0;0;-169;11.32489889;-9.412445556;233.5484356;-0.57;17.14
15.12.2024 12:15;2.898068889;-1.446651111;0.10002;-48.05800889;0;-10;0;0;0;-169;9.532305556;-9.774577778;225.7488433;-0.2;17.17
15.12.2024 12:30;6.923698889;-1.824671111;0.917915556;-31.47621;0;-60;0;0;0;-169;10.68791333;-12.2108;255.9821533;-1.96;17.47
15.12.2024 12:45;3.625482222;-11.02959111;0.624626667;-76.66945778;0;-60;0;0;0;-169;10.78397556;-14.38802889;316.0529933;-26.79;17.43
15.12.2024 13:00;1.875404444;-15.05791889;0.41124;-91.60162111;0;-159;0;0;0;-14;12.34751667;-10.90360222;275.9289811;-11.98;17.2
15.12.2024 13:15;0;-72.04807556;0;-43.39361222;0;-171;0;0;0;-14;10.89544;-14.34625333;303.8925011;-56.53;11.55
15.12.2024 13:30;0;-57.68296333;0;-69.96787556;0;-174;0;0;0;-14;15.35321889;-8.614358889;308.9119789;-42.52;11.55
15.12.2024 13:45;0;-44.03265667;0;-79.02422778;0;-172;0;0;0;-14;9.592022222;-11.46997111;310.9348333;-31.21;11.55
15.12.2024 14:00;6.807725556;-9.036583333;68.05787;-3.794471111;0;-246;0;0;0;-89;16.14180111;-13.70792889;270.5315867;-18.67;17.6
15.12.2024 14:15;67.53132556;-0.183508889;96.58188444;-0.004342222;0;-298;0;0;0;-89;18.15999444;-12.75201444;217.6666611;-17.38;23.05
15.12.2024 14:30;9.176033333;-9.869225556;1.860552222;-44.75909444;0;-38;0;0;0;-89;10.98278333;-15.15349222;174.7624433;-10.07;18.27
15.12.2024 14:45;34.28590222;-0.675587778;9.371513333;-2.010242222;0;-37;0;0;0;-89;13.67813;-15.79808333;87.14836778;-0.71;19.49
15.12.2024 15:00;9.3986;-4.112808889;63.15575444;-6.367132222;0;-38;0;0;0;-135;12.86731667;-12.02282778;110.0810978;-8.11;17.93
15.12.2024 15:15;7.614862222;-1.266544444;54.91626333;-2.964691111;0;-5;0;0;0;-135;11.80988444;-10.82087111;80.71109667;-0.16;18.49
15.12.2024 15:30;47.14954333;-0.00651;44.25329667;-0.026688889;7;0;0;0;0;-135;14.68372889;-12.08631333;34.03294333;-0.15;22.45
15.12.2024 15:45;111.4746067;0;41.64499444;-0.838485556;26;0;0;0;0;-135;14.06871444;-18.14209111;-39.20773889;7.5;35.82
15.12.2024 16:00;0.15964;-33.80370222;0.230997778;-68.93651;9;0;0;0;0;0;9.850258889;-15.97713444;99.47645;-18.56;17.11
15.12.2024 16:15;9.917668889;-4.22404;2.789946667;-25.96568444;2;0;0;0;0;0;14.47776;-9.30312;10.30746889;0.68;18.14
15.12.2024 16:30;10.46265;-0.22393;2.471655556;-17.43742667;48;0;0;0;0;0;10.12857111;-9.781627778;-43.61989222;6.71;17.97
15.12.2024 16:45;8.236895556;-6.993672222;2.920404444;-12.45296333;113;0;0;0;0;0;9.296877778;-12.70998778;-101.2975544;1.32;18.53
15.12.2024 17:00;2.718357778;-12.25247333;15.04184778;-16.81570778;0;-21;0;0;0;0;11.99571444;-7.815231111;28.12749222;-15.43;17.76
15.12.2024 17:15;31.03774889;-0.088297778;24.46426111;-2.273142222;28;0;0;0;0;0;12.03125444;-13.51319667;-79.65862778;0.53;19.59
15.12.2024 17:30;26.12616333;-0.067137778;37.51098222;-3.747457778;73;0;0;0;0;0;13.31838889;-13.92527333;-132.2156656;0.54;19.11
15.12.2024 17:45;39.55647333;-0.961361111;40.09487444;-0.802802222;104;0;0;0;0;0;13.18955222;-14.62296667;-180.45377;2.94;22.01
15.12.2024 18:00;1.863197778;-7.251926667;42.68464;-1.482665556;105;0;0;0;0;0;10.28972556;-9.920527778;-141.1824433;-2.12;17.6
15.12.2024 18:15;11.03746;-3.161207778;42.78461667;-1.74529;98;0;0;0;0;0;11.31077778;-11.52938;-146.6969767;-0.29;18.72
15.12.2024 18:30;14.13899111;-2.394066667;22.0338;-1.195128889;98;0;0;0;0;0;11.37180556;-11.64821556;-130.3071856;0.44;18.71
15.12.2024 18:45;1.221655556;-10.03145778;10.33209111;-2.943338889;98;0;0;0;0;0;10.64944778;-10.92936778;-96.29903;-3.36;17.7
15.12.2024 19:00;18.97759;-1.045055556;28.10611;-0.582474444;128;0;0;0;0;0;16.22366889;-12.14600222;-177.5338367;4.78;20.5
15.12.2024 19:15;9.847956667;-28.71894444;21.52524667;-3.059351111;128;0;0;0;0;0;8.771713333;-19.09371;-117.2729111;-16.01;21.64
15.12.2024 19:30;0.069036667;-22.83595111;0.01508;-33.7112;130;0;0;0;0;0;10.86130444;-8.279075556;-76.11919444;-10.8;17.44
15.12.2024 19:45;0.046795556;-53.26389778;0.267102222;-32.25355667;130;0;0;0;0;0;11.74127222;-14.23418667;-42.30352889;-28.85;17.38
15.12.2024 20:00;46.15639778;-2.328831111;1.516287778;-2.991555556;133;0;0;0;0;0;17.75281667;-10.76823889;-182.3368767;-2.15;23.19
15.12.2024 20:15;9.78339;-9.979103333;0.670903333;-13.05974444;133;0;0;0;0;0;9.834234444;-12.36027333;-117.8894067;-0.32;19.08
15.12.2024 20:30;1.532112222;-5.711925556;2.303393333;-20.03134889;138;0;0;0;0;0;11.15806444;-8.331421111;-118.9188744;1.41;17.62
15.12.2024 20:45;8.327778889;-17.29030889;20.88490556;-9.998665556;0;0;0;0;0;0;9.715956667;-15.28946556;3.649798889;-14.33;18.81
15.12.2024 21:00;4.578311111;-5.859921111;2.794323333;-14.58142;143;0;0;0;0;0;13.37454111;-7.603334444;-135.7025;2.06;18.17
15.12.2024 21:15;2.527651111;-19.60178556;7.854338889;-8.969868889;119;0;0;0;0;0;6.318075556;-11.71007111;-95.41834;-8.96;17.66
15.12.2024 21:30;0.10538;-13.29480556;4.070726667;-9.688623333;88;0;0;0;0;0;12.48672444;-6.727695556;-74.95170667;-4.8;17.38
15.12.2024 21:45;8.23039;-10.89151444;19.81816222;-4.383776667;0;0;0;0;0;0;7.868372222;-12.87570333;-7.76593;-24.89;17.89
15.12.2024 22:00;18.62536111;-2.015245556;20.13364667;-1.992721111;61;0;0;0;0;0;13.13232889;-7.8185;-101.06487;1.94;19.83
15.12.2024 22:15;18.50977556;-1.730274444;45.32559556;-0.281496667;25;0;0;0;0;0;10.80919222;-12.36491111;-85.26788111;6.17;21.57
15.12.2024 22:30;17.84355667;-0.48313;26.37397778;-0.791871111;25;0;0;0;0;0;10.41478333;-8.3876;-69.96971667;2.62;18.61
15.12.2024 22:45;25.57155556;-0.332436667;36.78749556;-0.350966667;0;-28;0;0;0;0;10.27802111;-9.932485556;-34.02118333;1.8;19.45
15.12.2024 23:00;43.06518444;-0.268417778;4.508511111;-1.78493;142;0;0;0;0;0;16.39269667;-14.80333333;-189.1097111;6.66;25.14
15.12.2024 23:15;15.56369778;-9.238955556;6.507878889;-6.068322222;77;0;0;0;0;0;6.979727778;-12.77426333;-77.96976333;0.23;18.92
15.12.2024 23:30;3.517792222;-6.786702222;9.287917778;-7.333087778;23;0;0;0;0;0;9.379601111;-8.805888889;-22.25963222;0.18;17.7
15.12.2024 23:45;1.809622222;-13.76911778;12.92479111;-1.474744444;0;-13;0;0;0;0;8.795576667;-9.493817778;14.20769;-15.72;17.2
16.12.2024 00:00;48.73155;-0.191107778;91.31501889;0;0;-10;0;0;0;0;13.95511889;-5.489321111;-138.3212589;1.43;33.23
16.12.2024 00:15;47.33750556;-0.010851111;21.89431889;-0.697706667;69;0;0;0;0;0;5.038014444;-10.42288222;-132.1383989;3.3;38.34
16.12.2024 00:30;26.22940111;0;29.68204333;-0.041715556;13;0;0;0;0;0;6.929265556;-6.867408889;-68.93158556;8.58;21.33
16.12.2024 00:45;12.29084667;-0.693894444;54.19614889;-0.472528889;0;-44;0;0;0;0;6.650171111;-7.453627778;-20.51711556;0.64;19.46
16.12.2024 01:00;96.58476444;0;7.149337778;0;79;0;0;0;0;0;13.74509889;-4.170448889;-192.3087522;8.33;151.85
16.12.2024 01:15;69.46194556;-0.022653333;0.977973333;-1.600751111;79;0;0;0;0;0;2.584655556;-11.85929444;-138.5418756;2.97;90.4
16.12.2024 01:30;8.685982222;-0.243722222;0.099231111;-7.709414444;119;0;0;0;0;0;6.015343333;-4.18537;-121.66205;2.85;19.7
16.12.2024 01:45;36.69501444;-0.531952222;27.33875333;-0.066853333;18;0;0;0;0;0;10.62141667;-10.07753444;-81.97884444;0.79;37.9
16.12.2024 02:00;99.43941222;0;0;-0.281182222;119;0;0;0;0;0;12.24826556;-6.273913333;-224.1325822;8.16;86.11
16.12.2024 02:15;58.14737889;0;21.45066;0;68;0;0;0;0;0;1.725522222;-9.82784;-139.4957211;8.16;61.02
16.12.2024 02:30;8.635671111;-3.543986667;12.25068444;-1.232297778;119;0;0;0;0;0;3.773011111;-6.097836667;-132.7852456;-1.16;19.73
16.12.2024 02:45;0;-19.55132111;0.356982222;-3.353954444;119;0;0;0;0;0;4.19137;-4.487293333;-96.15578333;-5.4;14.21
16.12.2024 03:00;24.33729111;-0.405004444;3.337702222;-0.203302222;119;0;0;0;0;0;8.58861;-6.107816667;-148.54748;0.01;21.4
16.12.2024 03:15;4.649793333;-12.47015111;3.3772;-2.247245556;119;0;0;0;0;0;3.621431111;-7.327802222;-108.6032256;-6.81;19.02
16.12.2024 03:30;0;-14.19053778;0.437345556;-7.35102;119;0;0;0;0;0;3.732092222;-5.136772222;-96.49110778;-1.64;14.21
16.12.2024 03:45;0.756838889;-14.13546556;1.152342222;-17.59643667;119;0;0;0;0;0;6.792484444;-4.6028;-91.36696333;-1.97;17.56
16.12.2024 04:00;0.960265556;-0.922977778;0;-71.28045556;119;0;0;0;0;0;5.039326667;-4.981266667;-47.81489222;1.14;17.22
16.12.2024 04:15;0.687908889;-1.308303333;0.059377778;-48.20478444;119;0;0;0;0;0;4.350321111;-5.244663333;-69.33985667;2.75;17.22
16.12.2024 04:30;15.82220333;-0.032823333;15.03563444;-1.373875556;44;0;0;0;0;0;7.936973333;-6.205513333;-75.18259889;2.94;19.73
16.12.2024 04:45;20.04799778;-0.025227778;29.37555111;-0.042853333;67;0;0;0;0;0;7.50055;-7.913712222;-115.9423056;2.94;20.96
16.12.2024 05:00;0.667315556;-17.03204556;16.73482444;-4.308323333;0;-25;0;0;0;0;11.22558778;-12.30927111;30.02191222;-25.62;17.95
16.12.2024 05:15;8.55238;-3.416742222;8.855376667;-2.325831111;41;0;0;0;0;0;10.24362111;-11.61809667;-51.29070778;-1.28;19.87
16.12.2024 05:30;17.93224778;-2.797572222;3.362664444;-4.212653333;119;0;0;0;0;0;10.93583556;-7.567254444;-136.6532678;-0.06;22.17
16.12.2024 05:45;56.49482333;0;17.91074556;-0.491226667;119;0;0;0;0;0;12.96113556;-13.58588111;-192.2895967;8.52;39.14
16.12.2024 06:00;4.041731111;-22.78279333;0.127635556;-42.92391778;0;-54;0;0;0;0;14.40378;-17.01441444;118.1479789;-51.06;19.13
16.12.2024 06:15;6.911606667;-1.961938889;0.67587;-20.44195889;40;0;0;0;0;0;12.41887667;-12.26724778;-25.33520778;-0.39;19.44
16.12.2024 06:30;68.53501;-0.081791111;0.03892;-6.191408889;94;0;0;0;0;0;19.30556333;-10.35640889;-165.2498844;5.36;121.18
16.12.2024 06:45;118.2640278;-0.066461111;1.820563333;-0.823235556;136;0;0;0;0;0;14.03211778;-22.25995556;-246.9670567;2.17;152.56
16.12.2024 07:00;0;-112.41334;0;-20.17791333;131;0;0;0;0;0;16.25951667;-24.23936778;9.571104444;-92.19;17.88
16.12.2024 07:15;16.79646444;-8.583702222;14.15119667;-3.622057778;47;0;0;0;0;0;16.19005778;-8.564715556;-73.36724333;-26.68;30.05
16.12.2024 07:30;33.82243889;-0.709364444;11.63629;-5.066404444;194;0;0;0;0;0;13.87968333;-11.08019556;-236.4824478;3.85;37.82
16.12.2024 07:45;46.59559444;-2.261284444;10.62934667;-17.16653778;259;0;0;0;0;0;10.04557889;-15.89651111;-290.9461867;1.08;63.41
16.12.2024 08:00;2.027036667;-6.722531111;0;-118.4577267;272;0;0;0;0;0;11.45321667;-10.30732889;-149.9926667;-0.38;18.86
16.12.2024 08:15;0.64371;-39.86762778;0.018115556;-57.12315889;259;0;0;0;0;0;7.932676667;-14.22036444;-156.3833511;-26.46;18.7
16.12.2024 08:30;0;-34.25646778;0.179537778;-48.54463444;259;0;0;0;0;0;10.97355667;-8.201246667;-179.1507456;-16.05;18.12
16.12.2024 08:45;0.434703333;-16.71725333;11.67630111;-6.910154444;105;0;0;0;0;0;10.58813222;-10.63016778;-93.44156111;-8.49;18.67
16.12.2024 09:00;0;-53.13367667;1.002697778;-11.36931889;87;0;0;0;0;0;11.59666;-17.17748;-17.91888222;-46.55;20.49
16.12.2024 09:15;0;-125.2613622;0;-37.90039444;77;0;0;0;0;0;9.538008889;-16.46049444;93.08424222;-113.47;20.32
16.12.2024 09:30;0;-200.0663256;0;-34.85663889;62;0;0;0;0;0;13.06748444;-16.34086333;176.1963433;-181.04;20.1
16.12.2024 09:45;0;-282.5551878;0;-28.97186333;42;0;0;0;0;0;11.15505889;-13.59320111;271.9651933;-241.57;19.58
16.12.2024 10:00;3.473164444;-48.28748111;0.048306667;-76.32860556;0;-118;0;0;0;0;28.93641889;-10.98578556;221.1439822;-67.43;21.53
16.12.2024 10:15;0.061712222;-98.82065444;0;-68.64454556;0;-117;0;0;0;0;11.59179667;-21.61404222;294.4257333;-112.58;18.27
16.12.2024 10:30;0;-167.2605922;0;-38.66418333;0;-156;0;0;0;0;11.88063333;-13.80401111;363.8481533;-143.61;13.85
16.12.2024 10:45;0;-240.6032811;0;-23.88593778;0;-189;0;0;0;0;10.23301444;-18.36101556;461.61722;-226.96;13.85
16.12.2024 11:00;0;-103.0398111;0;-103.6708033;0;-194;0;0;0;0;33.20717889;-15.34555778;382.8489933;-111.11;13.68
16.12.2024 11:15;0;-102.2351022;0;-117.1319667;0;-210;0;0;0;0;12.99942556;-19.01201556;435.3796589;-118.98;13.68
16.12.2024 11:30;0.134548889;-88.16528333;0;-138.7018656;0;-202;0;0;0;0;20.01194111;-17.19803444;425.9186933;-107.79;18.71
16.12.2024 11:45;0;-158.5328378;0;-96.48784556;0;-186;0;0;0;0;8.621987778;-19.05896333;451.4576589;-182.42;13.68
16.12.2024 12:00;1.900758889;-53.49324444;0;-129.3409411;0;-199;0;0;0;0;25.94697556;-13.75137778;367.7378289;-102.16;19.55
16.12.2024 12:15;0;-151.7111544;0;-56.99541222;0;-255;0;0;0;0;6.613745556;-17.74901667;474.8418378;-184.14;13.34
16.12.2024 12:30;0;-179.3824656;0;-84.61837333;0;-294;0;0;0;0;16.16728222;-9.679893333;551.51345;-200.35;13.34
16.12.2024 12:45;0;-181.1309244;0;-105.8261667;0;-290;0;0;0;0;11.35770444;-17.81359667;583.4129833;-212.61;13.34
16.12.2024 13:00;0;-86.65472333;0;-161.8707767;0;-286;0;0;0;0;28.11603;-12.64134444;519.0508144;-136.54;13.46
16.12.2024 13:15;0;-67.80788222;0;-46.34303667;0;-400;0;0;0;0;12.65050889;-13.56660556;515.0670156;-44.64;13.46
16.12.2024 13:30;4.165858889;-3.576384444;0.313706667;-68.12080556;0;-400;0;0;0;0;13.44619778;-8.562811111;462.3342378;-6.14;19
16.12.2024 13:45;4.240716667;-7.15291;6.626055556;-22.38932667;0;-400;0;0;0;0;10.26071333;-14.07932667;422.4940778;-8.14;19.82
16.12.2024 14:00;0.638691111;-15.28047111;7.094995556;-11.41051889;0;-400;0;0;0;0;11.04303333;-8.183298889;416.0975689;-16.44;18.67
16.12.2024 14:15;2.722957778;-2.209875556;21.32286333;-10.67535222;0;-400;0;0;0;0;10.42129667;-10.04205333;388.4601633;-14.07;18.57
16.12.2024 14:30;5.737434444;-2.826728889;2.029203333;-42.27633333;0;-300;0;0;0;0;13.49038444;-12.43625667;336.2822967;-4.12;20.22
16.12.2024 14:45;15.58555;-3.73129;23.97434;-3.799388889;0;-300;0;0;0;0;9.464003333;-13.56061222;272.0673978;-10.23;22.53
16.12.2024 15:00;2.801366667;-7.822524444;55.16428556;-2.916227778;0;-300;0;0;0;0;13.42854;-10.24413;249.58869;-18.29;19.01
16.12.2024 15:15;8.453773333;-1.030672222;122.5352956;0;0;-300;0;0;0;0;11.82209111;-11.92382222;170.1433344;-11.85;22.11
16.12.2024 15:30;31.66843444;-4.273534444;93.32025667;-0.657315556;0;-200;0;0;0;0;16.77030444;-12.59874333;75.77059778;-18.13;31.13
16.12.2024 15:45;30.16086333;-0.421007778;58.27231444;-1.794671111;0;-90;0;0;0;0;9.985371111;-15.36131889;9.158448889;0.5;25.88
16.12.2024 16:00;1.780998889;-23.32683778;6.276271111;-24.84149889;0;0;0;0;0;0;15.28427889;-16.77519889;41.60198667;-12.33;20.33
16.12.2024 16:15;0.349386667;-20.57834333;1.196728889;-41.91204;0;0;0;0;0;0;13.23461778;-10.40148778;58.11113778;-6.34;18.45
16.12.2024 16:30;3.768172222;-12.25870444;1.82519;-41.77514556;0;0;0;0;0;0;12.66791556;-12.95872111;48.73129333;-4.37;20.37
16.12.2024 16:45;78.46406333;0;25.58727333;-0.556924444;0;-150;0;0;0;0;16.99759333;-10.96162667;40.46962111;11.29;39.5
16.12.2024 17:00;57.54994111;0;39.88421;0;0;-100;0;0;0;0;10.38682667;-12.43244222;4.611464444;11.34;32.41
16.12.2024 17:15;74.93788;0;42.74151889;-0.30924;0;-100;0;0;0;0;12.63349;-13.06473;-16.93891889;11.34;49.34
16.12.2024 17:30;15.84078778;-2.258973333;33.12274333;-5.381487778;0;0;0;0;0;0;11.44367;-15.79833889;-36.96840111;4.24;27.85
16.12.2024 17:45;20.53264889;-1.573623333;42.48095111;-1.999411111;0;0;0;0;0;0;11.3493;-13.51806667;-57.27179889;3.69;30.96
16.12.2024 18:00;1.001926667;-10.29838667;23.28310667;-6.579786667;0;0;0;0;0;0;12.61559111;-11.98755333;-8.034897778;0.92;27.32
16.12.2024 18:15;4.437521111;-6.487901111;27.02041778;-7.974078889;0;0;0;0;0;0;11.80527222;-12.64487778;-16.15635333;0.42;28.29
16.12.2024 18:30;4.658594444;-2.79012;4.003446667;-19.23479778;0;0;0;0;0;0;12.41643111;-10.63207778;11.57852333;2.55;27.73
16.12.2024 18:45;5.960008889;-1.015894444;4.857358889;-35.01863556;0;0;0;0;0;0;10.67029;-8.904616667;23.45148889;4.62;27.01
16.12.2024 19:00;44.72317889;0;25.19739444;-3.19804;0;0;0;0;0;0;15.38573889;-13.39328556;-68.71498667;10.98;35.76
16.12.2024 19:15;45.50400333;-0.037838889;5.023483333;-5.171105556;0;0;0;0;0;0;10.78017778;-14.30500333;-41.79371667;5.4;45.66
16.12.2024 19:30;5.989835556;-2.668034444;1.460822222;-26.21007556;0;0;0;0;0;0;9.757783333;-10.90355444;22.57322333;2.4;18.78
16.12.2024 19:45;2.146121111;-41.66192444;1.391835556;-17.75738889;0;0;0;0;0;0;10.57562778;-17.51652556;62.82225444;-22.22;18.03
16.12.2024 20:00;74.31300222;-2.853461111;32.08384444;-0.615158889;0;0;0;0;0;0;26.10217778;-13.39358444;-115.63682;-10.74;72.13
16.12.2024 20:15;27.49159111;-4.022211111;49.56065;-0.690773333;0;0;0;0;0;0;10.27802111;-17.31390222;-65.30337556;0.83;59.26
16.12.2024 20:30;0.367696667;-23.54100556;5.122885556;-9.665552222;50;0;0;0;0;0;9.816061111;-12.99857333;-19.10151222;-6.1;17.83
16.12.2024 20:45;0;-52.68715667;0.882703333;-37.76057889;50;0;0;0;0;0;10.68818556;-10.78670889;39.66355556;-15.6;17.83
16.12.2024 21:00;6.585141111;-6.952985556;39.73618667;-8.023204444;60;0;0;0;0;0;14.75316111;-8.888361111;-97.20993778;-3.44;21.53
16.12.2024 21:15;33.84237333;-0.518793333;32.60418778;-1.242135556;0;0;0;0;0;0;12.14168778;-11.83647778;-64.99084222;4.5;35.21
16.12.2024 21:30;4.822448889;-5.874287778;14.93368444;-0.73088;7;0;0;0;0;0;9.975865556;-9.198101111;-20.92873;-0.28;17.77
16.12.2024 21:45;8.36505;-10.06008556;31.25835778;-0.349098889;0;-76;0;0;0;0;8.783646667;-12.19327222;50.19540222;-11.63;18.5
16.12.2024 22:00;21.75306;-3.191598889;90.42352111;-0.680626667;0;-76;0;0;0;0;11.50498222;-9.70972;-34.09961778;-0.23;36.36
16.12.2024 22:15;17.12334333;-0.805257778;53.14145778;-1.364201111;0;0;0;0;0;0;9.303905556;-10.73322667;-66.66602111;0.93;21.46
16.12.2024 22:30;31.48206222;-1.518141111;16.90690889;-2.081265556;0;0;0;0;0;0;12.0093;-11.71874333;-45.08012111;1.21;31.26
16.12.2024 22:45;2.962907778;-25.18501111;11.75876222;-2.894833333;0;0;0;0;0;0;7.383597778;-12.74302444;18.71760111;-17.31;18.43
16.12.2024 23:00;68.09894333;-3.884283333;11.69589667;-0.910033333;0;0;0;0;0;0;21.43009667;-14.80628333;-81.62433667;-28.44;109.86
16.12.2024 23:15;9.233392222;-22.11698667;7.591812222;-5.672684444;0;0;0;0;0;0;5.747361111;-14.23779;19.45489556;-26.68;23.31
16.12.2024 23:30;0;-39.03862778;0;-33.73585444;0;0;0;0;0;0;11.27305556;-11.83538;73.33680667;-38.6;12.86
16.12.2024 23:45;0;-68.71092556;0;-42.67393444;0;0;0;0;0;0;11.30046444;-10.04774667;110.1321422;-67.27;12.86
17.12.2024 00:00;23.34961556;-3.803435556;20.09023333;-3.745508889;0;0;0;0;0;0;13.53054667;-6.784666667;-42.63678444;-15.11;40.28
17.12.2024 00:15;13.87871444;-7.323143333;13.26381667;-5.651062222;0;0;0;0;0;0;5.112855556;-10.57424222;-8.706938889;-13.16;25.98
17.12.2024 00:30;1.168744444;-13.10369333;0.575253333;-39.29039111;0;0;0;0;0;0;8.898655556;-7.483155556;49.23458667;-13.85;20.23
17.12.2024 00:45;0;-65.96598;0;-51.51229111;0;0;0;0;0;0;5.61146;-11.21063778;123.0774489;-51.73;12.42
17.12.2024 01:00;27.80557111;-4.784481111;1.882956667;-5.486886667;0;0;0;0;0;0;16.09105;-6.230176667;-29.27803333;-24.2;58.59
17.12.2024 01:15;2.419964444;-24.93149667;3.472868889;-2.475946667;0;0;0;0;0;0;2.779947778;-9.74694;28.48160222;-29.5;21.92
17.12.2024 01:30;1.51096;-23.82445111;0.664644444;-22.13354778;0;0;0;0;0;0;9.684273333;-11.27362556;45.37174667;-30.79;21.45
17.12.2024 01:45;0;-75.59556778;0;-18.66832444;0;0;0;0;0;0;9.225201111;-8.127776667;93.16646778;-52.57;12.32
17.12.2024 02:00;58.25767222;-2.494306667;4.627936667;-1.028657778;0;0;0;0;0;0;20.95893556;-12.12516333;-68.19641667;-35.15;142.69
17.12.2024 02:15;22.75906667;-2.40112;3.709235556;-3.028921111;0;0;0;0;0;0;5.133163333;-8.363962222;-17.80746222;-4.6;38.04
17.12.2024 02:30;19.3601;-1.978207778;1.943932222;-5.137915556;0;0;0;0;0;0;7.412674444;-6.634636667;-14.96594667;-1.43;33.07
17.12.2024 02:45;0;-26.97184778;0.123915556;-33.68020667;0;0;0;0;0;0;6.440401111;-6.970476667;61.05821444;-9.29;12.83
17.12.2024 03:00;24.73592333;-1.001107778;0.418551111;-4.27541;0;0;0;0;0;0;8.16489;-6.5495;-21.49334667;0.79;59.05
17.12.2024 03:15;11.34573667;-0.900194444;0.045346667;-19.80591667;0;0;0;0;0;0;6.034072222;-5.814613333;9.095568889;3.89;29.62
17.12.2024 03:30;1.097133333;-2.510151111;0.01088;-57.09222333;0;0;0;0;0;0;6.027855556;-6.084256667;58.55076222;1.32;19.87
17.12.2024 03:45;0.837934444;-5.23557;0;-64.27322556;0;0;0;0;0;0;6.670461111;-6.726358889;68.72675889;-0.46;19.19
17.12.2024 04:00;4.981262222;-0.350458889;2.035448889;-11.42216333;0;0;0;0;0;0;6.994402222;-5.125597778;2.887106667;1.93;25.77
17.12.2024 04:15;4.702258889;-0.451382222;0.416102222;-11.84783111;0;0;0;0;0;0;4.601533333;-5.625293333;8.204612222;3.18;22.21
17.12.2024 04:30;10.50862444;-1.262475556;0.975964444;-4.671284444;0;0;0;0;0;0;8.736718889;-5.965725556;-8.321822222;1.5;26.3
17.12.2024 04:45;23.45405889;-0.410832222;3.560572222;-6.240271111;0;0;0;0;0;0;7.223872222;-8.638787778;-18.94861222;2.96;42.24
17.12.2024 05:00;0;-67.31809556;0.013017778;-29.75891556;0;0;0;0;0;0;8.830818889;-10.73051;98.96368444;-47.33;12.54
17.12.2024 05:15;0;-22.93427889;2.214026667;-1.161038889;0;0;0;0;0;0;8.54982;-9.733077778;23.06454889;-5.59;12.54
17.12.2024 05:30;9.907243333;-6.216356667;42.72002222;-0.223568889;0;0;0;0;0;0;12.08174111;-6.340058889;-51.92902222;-6.1;35.82
17.12.2024 05:45;4.86598;-2.446154444;103.6775211;-0.562026667;0;0;0;0;0;0;7.177185556;-11.00311444;-101.7093911;0.61;24.12
17.12.2024 06:00;2.565103333;-35.94320222;0.319271111;-50.75321222;0;0;0;0;0;0;16.26600222;-13.60106556;81.14710333;-49.46;21.79
17.12.2024 06:15;9.272848889;-0.60682;6.453902222;-11.68186556;0;0;0;0;0;0;11.50420333;-9.329431111;-5.612837778;4.64;29.91
17.12.2024 06:30;112.3493244;0;10.71344333;-0.469835556;0;0;0;0;0;0;23.16705778;-9.032132222;-136.7278578;9.96;259.6
17.12.2024 06:45;218.2782644;-0.00312;21.24382667;0;0;0;0;0;0;0;11.78032;-27.39417778;-223.9051133;5.4;421.17
17.12.2024 07:00;5.908738889;-20.39008111;21.48801333;-1.473135556;0;-65;0;0;0;0;13.28395222;-14.69183111;60.87434333;-13.29;26.68
17.12.2024 07:15;19.14739556;-0.259466667;27.87067222;-0.612275556;20;0;0;0;0;0;10.10524222;-11.68455222;-64.56701556;1.57;40.5
17.12.2024 07:30;3.177215556;-6.655132222;36.63583667;-2.445546667;128;0;0;0;0;0;11.90349444;-10.98986667;-159.6260011;0.19;28.01
17.12.2024 07:45;7.782111111;-1.174724444;20.84406667;-11.04847111;221;0;0;0;0;0;10.78559333;-10.06104111;-238.1275344;3.29;25.69
17.12.2024 08:00;12.73397444;-1.300451111;53.69318889;-1.089791111;25;0;0;0;0;0;10.12970333;-10.90899778;-88.25762667;3.42;33.51
17.12.2024 08:15;15.23097333;-0.973307778;70.36298222;-0.455466667;25;0;0;0;0;0;11.30314444;-12.14978111;-108.3185444;1.94;34.6
17.12.2024 08:30;0.620382222;-9.815522222;20.72765889;-2.292544444;65;0;0;0;0;0;10.76933222;-11.19873333;-73.81057333;-0.68;21.36
17.12.2024 08:45;0.026176667;-64.78883;3.494444444;-8.262092222;65;0;0;0;0;0;10.61852;-18.06664222;11.97842333;-31.45;20.6
17.12.2024 09:00;1.56915;-27.81034889;0.088408889;-64.96468222;66;0;0;0;0;0;16.15693444;-11.96155;20.92208778;-18.69;29.76
17.12.2024 09:15;0.371767778;-79.20152778;0.441013333;-56.59494778;46;0;0;0;0;0;10.13589333;-21.52507556;100.3728767;-90;23.41
17.12.2024 09:30;0;-167.5858522;0;-23.90322111;21;0;0;0;0;0;16.64494667;-17.82961556;171.6737422;-78.63;16.15
17.12.2024 09:45;0;-215.2279911;0;-23.49493556;21;0;0;0;0;0;11.99654556;-16.78007444;222.5064556;-179.54;16.15
17.12.2024 10:00;2.556557778;-49.86599889;0;-113.2680267;20;0;0;0;0;0;26.15396333;-12.72192333;127.1454278;-78.96;26.41
17.12.2024 10:15;0;-135.6944522;0;-35.12137889;0;0;0;0;0;0;15.67651111;-18.65369556;173.7930156;-111.1;13.28
17.12.2024 10:30;22.22221667;-9.909944444;48.69363222;-1.482443333;0;-310;0;0;0;0;22.19538333;-9.791384444;238.07254;-49.38;41.53
17.12.2024 10:45;7.515595556;-11.92179;33.26209222;-0.334608889;0;-345;0;0;0;0;12.12892222;-15.55310111;319.90289;-15.22;28.26
17.12.2024 11:00;69.90856778;-4.75315;34.04749333;-5.269683333;0;-220;0;0;0;-149;20.74136667;-12.40503556;266.7304411;-12.21;103.18
17.12.2024 11:15;48.90773889;-0.576981111;106.8593611;0;0;-220;0;0;0;-149;8.961611111;-15.66130222;220.5095722;0.71;101.86
17.12.2024 11:30;1.095914444;-7.678238889;42.86224889;-2.729035556;0;-95;0;0;0;-149;12.22169333;-13.04065778;211.2680756;-1.47;25.05
17.12.2024 11:45;0.323344444;-56.31754889;5.17008;-11.95016;0;-95;0;0;0;-149;9.712195556;-20.96923444;318.0313233;-85.42;21.85
17.12.2024 12:00;8.769514444;-44.86775222;24.68936889;-15.86582889;0;-251;0;0;0;0;33.73349444;-12.25613556;256.7973389;-46.36;94.9
17.12.2024 12:15;29.27233;-9.826521111;66.89591444;-1.808577778;0;-251;0;0;0;0;8.272836667;-21.40433;179.5983478;-9.62;105.44
17.12.2024 12:30;2.815082222;-11.86442778;0.665871111;-92.17313444;0;-67;0;0;0;-88;17.23144778;-11.42389556;249.7490567;-6.78;25.01
17.12.2024 12:45;0.674096667;-42.83690889;0;-151.7984278;0;-67;0;0;0;-88;9.186478889;-22.41478889;362.18955;-68.65;23.35
17.12.2024 13:00;0.764152222;-29.13668667;3.197633333;-25.33783111;0;-60;0;0;0;-255;18.80725778;-7.08497;353.7904444;-67.72;22.35
17.12.2024 13:15;0.539421111;-15.70176778;9.4051;-7.25757;0;-80;0;0;0;-255;10.99498556;-11.51421222;348.5340433;-10.67;23.2
17.12.2024 13:30;4.433991111;-3.975557778;11.18987889;-16.57080889;0;-80;0;0;0;-255;14.53614889;-12.38577667;337.7721244;-9.01;24.05
17.12.2024 13:45;5.602751111;-8.107493333;1.939758889;-44.19102444;0;-20;0;0;0;-255;9.565955556;-14.00958;324.1996322;-16.89;40.13
17.12.2024 14:00;0.724693333;-38.14561556;0;-141.6456789;0;-41;0;0;0;-181;14.51363111;-11.27767222;397.8306422;-50.6;25.08
17.12.2024 14:15;1.442868889;-18.07929222;0;-66.58034778;0;-90;0;0;0;-181;12.70995222;-13.07863556;354.5854544;-9.6;23.88
17.12.2024 14:30;9.197322222;-0.890832222;4.538194444;-21.29394;0;-76;0;0;0;-181;12.99452778;-10.79180444;263.2465322;1.71;28.7
17.12.2024 14:45;15.83143444;-1.13674;29.36552333;-2.988718889;0;-106;0;0;0;-181;10.75869444;-12.71729111;247.8870978;0.81;38.76
17.12.2024 15:00;3.380525556;-6.699206667;22.36861667;-8.085964444;0;-263;0;0;0;-41;14.41241111;-14.73442111;293.3580389;-3.41;26.51
17.12.2024 15:15;11.49156;-0.84771;63.45085333;-0.0448;0;-263;0;0;0;-41;14.41375111;-11.96126222;227.4976078;0.53;27.92
17.12.2024 15:30;54.51606667;0;34.67875778;-0.340711111;0;-178;0;0;0;-56;15.47255111;-9.827198889;139.5005344;-1.1;49.76
17.12.2024 15:45;83.81850222;-0.034176667;52.75326;-0.519748889;0;-178;0;0;0;-56;15.10851111;-22.67037444;105.5440267;1.95;62.15
17.12.2024 16:00;6.668695556;-5.605195556;36.77017444;-1.52137;0;-120;0;0;0;0;14.77292667;-15.27072667;84.18549556;-4.45;28.85
17.12.2024 16:15;22.85901444;-1.059294444;51.05102667;-0.417946667;0;-100;0;0;0;0;15.64455889;-11.52805111;23.45069222;0.43;36.27
17.12.2024 16:30;46.74384333;-0.152586667;50.00057111;-0.139097778;0;-70;0;0;0;0;17.14658889;-13.15239444;-30.44692444;2.5;90.94
17.12.2024 16:45;33.91765667;-0.914031111;58.46996667;-3.4863;0;0;0;0;0;0;12.92589444;-21.22989667;-79.68329;0.78;59.34
17.12.2024 17:00;1.355387778;-52.48712556;0.885733333;-138.8320811;50;0;0;0;0;0;22.32124778;-21.29203556;138.0488733;-37.28;27.45
17.12.2024 17:15;0.213078889;-46.94648;0;-145.0816344;100;0;0;0;0;0;14.13953333;-16.23155556;93.90705778;-10.11;25.63
17.12.2024 17:30;5.059261111;-4.564602222;149.88157;-2.573508889;0;-80;0;0;0;0;18.88589222;-17.79758222;-68.89103;-0.18;32.07
17.12.2024 17:45;3.030047778;-5.003781111;169.7102644;-0.351448889;0;-150;0;0;0;0;14.79005222;-16.33603;-15.83910444;0.95;28.25
17.12.2024 18:00;1.275897778;-11.74548111;0.117102222;-73.21975;103;0;0;0;0;0;15.41476444;-14.05981111;-20.78272222;-2.01;24.95
17.12.2024 18:15;10.56191556;-2.639285556;2.113813333;-28.28351;0;0;0;0;0;0;11.99544667;-11.85493667;18.10655667;2.44;32.06
17.12.2024 18:30;1.373276667;-9.787185556;1.415261111;-45.14340556;0;0;0;0;0;0;13.36588111;-15.25037;54.02654222;-1.36;24.53
17.12.2024 18:45;0.155845556;-32.43989667;0.249311111;-47.01209444;0;0;0;0;0;0;10.53682111;-15.33203889;83.84205222;-17.25;24.25
17.12.2024 19:00;5.159091111;-6.25066;2.226385556;-35.73364;69;0;0;0;0;0;16.67812;-10.96733444;-40.11196222;-3.88;25.55
17.12.2024 19:15;6.668024444;-11.17309111;5.312888889;-14.55736778;0;-24;0;0;0;0;10.88786333;-13.60376889;40.46545111;-5.01;28.51
17.12.2024 19:30;1.016437778;-10.32090778;11.25835333;-7.191061111;0;-103;0;0;0;0;10.84852444;-9.534522222;106.9231756;0.01;22.55
17.12.2024 19:45;1.344805556;-29.96773333;15.96711889;-3.287561111;0;-152;0;0;0;0;9.144458889;-18.14835222;176.9472633;-40.81;22.25
17.12.2024 20:00;22.18885778;-7.622886667;18.54259;-3.813626667;32;0;0;0;0;0;18.60383444;-8.945876667;-70.95289222;-29.46;37.35
17.12.2024 20:15;4.1782;-8.907864444;26.89489778;-4.191026667;0;-20;0;0;0;0;10.35347222;-10.50431;2.176631111;-0.49;27.59
17.12.2024 20:30;3.828672222;-3.098131111;24.41278;-4.383111111;0;-83;0;0;0;0;10.98414778;-10.20780556;61.46344778;2.17;24.11
17.12.2024 20:45;3.734125556;-7.947988889;41.94354889;-2.267764444;0;-164;0;0;0;0;13.96729333;-13.43942222;128.0102078;-6.07;24.21
17.12.2024 21:00;95.84363222;-0.034585556;84.80675;0;0;-164;0;0;0;0;19.35054444;-11.55164444;-24.41469667;3.95;181.54
17.12.2024 21:15;31.74383889;-11.14610111;12.37174444;-4.520068889;12;0;0;0;0;0;7.981254444;-19.36875;-29.06191778;-6.72;80.36
17.12.2024 21:30;0.311962222;-13.29954778;10.65493;-2.237734444;0;-40;0;0;0;0;12.09581222;-9.579003333;42.05358111;-4.8;19.32
17.12.2024 21:45;0.871444444;-33.77549667;19.99168667;-2.152256667;0;-124;0;0;0;0;7.365714444;-21.42899778;153.1279056;-74.69;20.84
17.12.2024 22:00;1.894102222;-17.95043444;0.77259;-24.55701;2;0;0;0;0;-10;23.71284222;-7.525494444;31.65340444;-79.9;21.82
17.12.2024 22:15;8.346083333;-8.743355556;5.120196667;-15.72396889;0;-8;0;0;0;-10;8.465984444;-10.67111889;31.20617889;-1.96;27.61
17.12.2024 22:30;6.65351;-5.143241111;13.35193556;-3.80356;0;-32;0;0;0;-10;10.97061333;-9.899908889;29.87065111;-0.6;28.31
17.12.2024 22:45;0.991748889;-19.39532;17.01213778;-0.636324444;0;-87;0;0;0;-10;9.429258889;-13.24186333;102.8403622;-34.3;19.67
17.12.2024 23:00;49.28872;-1.00179;90.70952111;-0.01694;0;-114;0;0;0;0;16.52291444;-11.74455;-29.75787556;-5.34;98.03
17.12.2024 23:15;8.850923333;-11.17919444;40.11392889;-0.501532222;0;-110;0;0;0;0;9.285775556;-13.32655556;76.75665444;-10.24;30.56
17.12.2024 23:30;0.791828889;-23.01988111;2.030231111;-19.82340111;0;-110;0;0;0;0;11.31211778;-12.61253889;151.3216433;-26.73;18.14
17.12.2024 23:45;0;-63.23243222;0.040146667;-19.14873333;0;-110;0;0;0;0;10.01842889;-11.33684778;193.6594378;-41.8;12.11
18.12.2024 00:00;24.09274889;-3.601623333;92.91061111;-0.361811111;0;-99;0;0;0;0;20.32584222;-8.861521111;-25.50424667;-14.19;36.46
18.12.2024 00:15;27.19672111;-8.500982222;0.387191111;-2.529433333;0;0;0;0;0;0;5.971994444;-12.87342222;-9.652068889;-2.98;29.94
18.12.2024 00:30;1.281871111;-4.083911111;27.90412778;-0.147184444;0;-99;0;0;0;0;8.109254444;-7.95001;73.88585222;1.44;17.5
18.12.2024 00:45;0.771202222;-6.504987778;23.85793556;-2.069728889;0;-153;0;0;0;0;6.199286667;-7.857814444;138.6041067;-0.92;17.31
18.12.2024 01:00;116.8817867;-0.327961111;54.19633222;-0.122488889;0;-144;0;0;0;0;21.66531556;-18.77170444;-29.52128;-1.19;157.38
18.12.2024 01:15;17.51668556;-3.820792222;75.28038778;-0.206417778;0;-144;0;0;0;0;9.173214444;-12.91065444;58.96757667;-2.56;27.53
18.12.2024 01:30;0;-48.54968111;4.463991111;-7.591541111;0;0;0;0;0;0;4.401874444;-9.541292222;56.81664889;-38.06;12.23
18.12.2024 01:45;0;-96.36907444;0;-13.58625;0;0;0;0;0;0;5.25061;-6.440737778;111.1454522;-58.53;12.23
18.12.2024 02:00;4.277465556;-11.07028333;1.318692222;-13.70633556;0;-10;0;0;0;0;15.03878889;-6.27604;20.41771222;-30.7;19.41
18.12.2024 02:15;0.206973333;-27.26573889;0;-22.69531222;0;-10;0;0;0;0;3.178188889;-8.792352222;65.36824111;-26.63;17.27
18.12.2024 02:30;0.004475556;-21.07381333;0;-38.28993222;0;-10;0;0;0;0;10.49311444;-7.020082222;65.88623778;-15.47;17.27
18.12.2024 02:45;0.842684444;-30.99758333;0;-60.14867;0;-10;0;0;0;0;5.177432222;-10.70805444;105.8341911;-41.17;17.49
18.12.2024 03:00;4.691406667;-6.823312222;3.181026667;-12.59602111;0;-10;0;0;0;0;13.96680222;-5.278037778;12.85813556;-35.99;18.8
18.12.2024 03:15;0.641812222;-15.67232111;0.138582222;-25.53905889;0;-10;0;0;0;0;3.266892222;-7.863495556;55.02758889;-17.25;17.1
18.12.2024 03:30;0.154885556;-15.16181889;0;-55.00277333;0;-10;0;0;0;0;8.19423;-7.389633333;79.20511;-6.9;17.08
18.12.2024 03:45;0;-42.03476333;0;-31.22458;0;-10;0;0;0;0;5.520827778;-10.35236778;88.09088333;-28.53;11.6
18.12.2024 04:00;0;-38.72070222;0;-22.00520889;0;-10;0;0;0;0;9.227933333;-5.553094444;67.05107222;-24.78;11.56
18.12.2024 04:15;0;-29.66104444;0;-13.38036889;0;-10;0;0;0;0;7.528208889;-6.073095556;51.5863;-14.84;11.56
18.12.2024 04:30;21.52885111;-2.217472222;11.54895333;-0.882985556;0;-40;0;0;0;0;11.71790667;-7.081675556;5.386422222;-1.65;21.55
18.12.2024 04:45;27.77234111;-0.921365556;25.27053667;-0.977817778;0;-40;0;0;0;0;8.452392222;-11.96230333;-7.633783333;-2.45;23.24
18.12.2024 05:00;0;-54.62809222;0.186728889;-42.43410222;0;0;0;0;0;0;12.20375333;-10.75798333;95.42969556;-49.43;12.9
18.12.2024 05:15;0.739463333;-8.161481111;0.069773333;-54.96091667;0;0;0;0;0;0;11.13010111;-10.48720778;61.67026778;0.21;16.54
18.12.2024 05:30;22.10217444;-0.069033333;11.41776556;-8.873166667;0;0;0;0;0;0;12.97740222;-10.19395444;-27.36118778;5.4;21.59
18.12.2024 05:45;7.327741111;-2.167427778;51.53850444;-1.415704444;0;0;0;0;0;0;8.687584444;-12.09394778;-51.87675;2.07;19.5
18.12.2024 06:00;0.370547778;-70.96924;0.195795556;-89.46641889;0;0;0;0;0;0;22.58056111;-20.93179778;158.2205522;-93.29;17.83
18.12.2024 06:15;3.095428889;-18.08269556;6.777665556;-17.37542889;0;-93;0;0;0;0;15.83303889;-14.94709222;117.6990833;-14.13;18.89
18.12.2024 06:30;20.64181333;-2.473962222;6.707755556;-8.058911111;23;0;0;0;0;0;12.92640556;-11.60075667;-41.14234444;1.7;23.7
18.12.2024 06:45;34.56842889;-1.143258889;5.71114;-11.7544;72;0;0;0;0;0;14.49274111;-16.35744778;-97.51720333;-0.43;26.04
18.12.2024 07:00;3.570553333;-6.373024444;0.600961111;-79.99745444;0;-141;0;0;0;0;14.37987889;-14.39343778;223.2125233;-1.58;18.66
18.12.2024 07:15;8.905711111;-1.803098889;0.988046667;-31.94385556;0;-63;0;0;0;0;15.26504111;-15.24711778;86.83527333;1.52;20.52
18.12.2024 07:30;5.493978889;-11.23778667;10.19106222;-7.997443333;52;0;0;0;0;0;13.98165667;-14.19270111;-48.23876667;-4.67;20.61
18.12.2024 07:45;16.56629222;-0.861814444;13.84525333;-8.324703333;101;0;0;0;0;0;13.99848222;-12.89685444;-123.3266556;2.81;21.88
18.12.2024 08:00;2.617041111;-3.858504444;40.88839778;-3.4738;0;0;0;0;0;-39;13.08050889;-14.48866111;4.235017778;0.78;18.29
18.12.2024 08:15;2.081434444;-9.715435556;29.03247222;-1.601192222;22;0;0;0;0;-39;9.609921111;-13.28997;0.88277;-3.37;18.18
18.12.2024 08:30;0.909012222;-10.92339778;15.35803111;-3.014685556;67;0;0;0;0;-39;12.20840111;-11.46349444;-31.07386667;-7.85;17.8
18.12.2024 08:45;0.618487778;-15.35319556;20.56715111;-1.596655556;77;0;0;0;0;-39;15.18011222;-13.63224778;-43.78365222;-3.86;17.99
18.12.2024 09:00;16.65770667;-2.118184444;46.43231444;-0.427214444;0;0;0;0;0;0;12.43107222;-12.41724778;-60.55844667;-0.29;23.6
18.12.2024 09:15;11.25705444;-7.066915556;23.08556889;-0.229931111;21;0;0;0;0;0;10.61767889;-14.09670667;-44.56674889;-7.03;22.61
18.12.2024 09:30;15.2847;-4.854733333;20.68252778;-1.833406667;23;0;0;0;0;0;15.91794;-14.346;-53.85102778;-2.59;23.27
18.12.2024 09:45;1.137278889;-21.34399556;12.02414333;-4.278782222;16;0;0;0;0;0;10.58319889;-13.53028222;-0.591561111;-15.69;18.25
18.12.2024 10:00;27.3051;-1.683352222;6.272818889;-7.243788889;99;0;0;0;0;0;17.52957556;-10.88108667;-130.2992667;-15.57;26.25
18.12.2024 10:15;18.08919556;-7.900517778;4.776765556;-9.668683333;68;0;0;0;0;0;11.07070444;-15.34340556;-69.02405889;-4.69;28.4
18.12.2024 10:30;2.057823333;-4.992942222;6.953757778;-18.63235222;46;0;0;0;0;0;13.24329556;-12.35353889;-32.27604333;-0.56;18
18.12.2024 10:45;19.21006222;-3.187393333;44.21643556;-0.820271111;0;-47;0;0;0;0;13.27093889;-13.65640556;-12.03336667;-3.42;25.43
18.12.2024 11:00;0.152315556;-25.68930889;4.964494444;-11.15137222;55;0;0;0;0;0;12.08496444;-14.85376111;-20.50733222;-8.47;18.5
18.12.2024 11:15;0.251195556;-15.17999111;10.44733778;-0.227104444;0;0;0;0;0;0;11.68074778;-11.53132667;4.559141111;-8.07;17.53
18.12.2024 11:30;2.531322222;-6.879876667;48.71468333;-0.021075556;12;0;0;0;0;0;15.39796333;-12.72677778;-59.01623889;-3.09;18.93
18.12.2024 11:45;1.688641111;-8.61696;38.76109333;-2.289905556;39;0;0;0;0;0;11.13091111;-14.49327444;-65.18050556;-8.57;18.01
18.12.2024 12:00;6.512582222;-6.853018889;17.03092778;-1.858543333;143;0;0;0;0;0;13.22103222;-10.70962889;-160.3433511;-5.35;21.02
18.12.2024 12:15;3.234854444;-15.11976667;45.67901778;-1.148692222;5;0;0;0;0;0;9.931626667;-14.96071222;-32.61632778;1.25;19.31
18.12.2024 12:30;0.699054444;-28.22835444;0.744928889;-32.27422;0;0;0;0;0;0;16.98970889;-11.89401111;53.96289333;0.44;18.75
18.12.2024 12:45;0.31535;-48.30525667;4.218987778;-5.230787778;0;-88;0;0;0;0;12.36221444;-19.97720667;144.6166989;-17.91;18.17
18.12.2024 13:00;0;-123.8770956;0;-25.49420667;27;0;0;0;0;0;12.17884778;-15.14811556;125.34057;-61.39;16.56
18.12.2024 13:15;0;-126.6223467;0;-31.85489333;0;-3;0;0;0;0;11.69086111;-12.04044778;161.8268267;-61.94;13.85
18.12.2024 13:30;0;-113.6345778;0;-115.3265122;0;-12;0;0;0;0;16.96939889;-11.41410556;235.4057967;-43.52;13.85
18.12.2024 13:45;0;-132.9182833;0;-91.85570111;0;-7;0;0;0;0;9.153934444;-22.74251778;245.3625678;-112.28;13.85
18.12.2024 14:00;0;-167.0004667;0;-35.60394222;0;-49;0;0;0;0;25.75114556;-13.06479889;238.9180622;-199.88;14.34
18.12.2024 14:15;0;-39.08190556;0;-48.15922333;0;-62;0;0;0;0;13.37700111;-10.33338889;146.1975167;-6.09;14.34
18.12.2024 14:30;3.786757778;-6.3444;0.008457778;-53.26980889;0;-80;0;0;0;0;13.67920556;-11.56547889;133.7052667;-2.74;18.86
18.12.2024 14:45;4.244092222;-11.71970889;0.779783333;-24.76059111;0;-67;0;0;0;0;11.06199778;-17.54422222;104.9386489;-14.43;19.7
18.12.2024 15:00;0;-112.6110911;0;-25.95732778;0;-45;0;0;0;0;14.04652778;-15.69664778;185.2185389;-40.25;14.85
18.12.2024 15:15;0.550673333;-47.80952667;0;-120.8944233;36;0;0;0;0;0;19.09994333;-13.58015444;126.6334878;-8.04;18.27
18.12.2024 15:30;0;-75.39607667;0;-116.0060111;102;0;0;0;0;0;23.84225333;-27.91314222;93.47297667;-20.47;17.41
18.12.2024 15:45;0.171174444;-45.21864556;0;-173.3870767;139;0;0;0;0;0;20.40095667;-18.27907778;77.31266889;-19.51;17.73
18.12.2024 16:00;0;-110.4908789;0.174967778;-8.187024444;0;-37;0;0;0;0;17.22873556;-17.19240667;155.4666067;-54.95;14.52
18.12.2024 16:15;4.646397778;-8.952098889;5.393346667;-8.289463333;0;-100;0;0;0;0;16.29525111;-12.48774778;103.3943144;4.93;22.06
18.12.2024 16:30;6.058208889;-7.222226667;8.047988889;-1.451316667;0;-100;0;0;0;0;12.33668667;-11.32511778;93.55577667;4.7;21.89
18.12.2024 16:45;14.24669556;-15.05343444;7.868792222;-5.712688889;0;-100;0;0;0;0;13.75054778;-20.69145333;105.5915411;-4.04;25.01
18.12.2024 17:00;0.060898889;-44.90884667;6.070968889;-5.910055556;0;-100;0;0;0;0;19.59498556;-14.37878778;139.4708367;-15.69;17.58
18.12.2024 17:15;0.868193333;-22.21923111;11.13517667;-12.84689444;0;-100;0;0;0;0;12.63454889;-17.86270556;128.2909122;-1.55;18.54
18.12.2024 17:30;0.018582222;-37.39298444;6.333546667;-1.176732222;0;-100;0;0;0;0;16.89233667;-15.34858889;130.67384;-2.63;17.28
18.12.2024 17:45;0.962321111;-23.98938444;16.32892222;-1.041651111;0;-100;0;0;0;0;15.46172222;-15.96084444;108.2389144;-1.4;19.31
18.12.2024 18:00;3.158771111;-7.748461111;32.05042333;-2.136148889;0;-100;0;0;0;0;17.40720778;-14.37553667;71.64374444;2.09;21.78
18.12.2024 18:15;8.863655556;-3.140461111;40.39442556;-4.221137778;0;-100;0;0;0;0;13.65669444;-15.81682778;60.26365111;2.33;21.81
18.12.2024 18:30;0.005422222;-28.30417;3.734122222;-4.772594444;0;-100;0;0;0;0;12.07543444;-14.72329444;131.98508;-0.27;18.61
18.12.2024 18:45;0.078532222;-72.03938556;4.093422222;-0.298742222;0;-56;0;0;0;0;11.03026556;-18.60157556;131.7374833;-35.38;18.62
18.12.2024 19:00;1.200088889;-29.71041667;4.350442222;-5.124262222;17;0;0;0;0;0;24.75313333;-15.69011778;3.221132222;-6.86;20.56
18.12.2024 19:15;0.094807778;-44.15105556;1.925522222;-23.62668667;6;0;0;0;0;0;11.82642778;-16.86981556;64.8008;-13.07;17.46
18.12.2024 19:30;0;-90.22379222;0;-2.733915556;0;-61;0;0;0;0;16.34576333;-14.72953889;152.3414833;-25.35;15.8
18.12.2024 19:45;0;-73.01704889;0.060235556;-8.095543333;0;-119;0;0;0;0;14.51308222;-16.39564;201.9349144;-20.58;15.8
18.12.2024 20:00;75.19368222;-3.581945556;54.95740333;0;0;-119;0;0;0;0;26.41544556;-11.45535222;-22.52923333;-7.37;37.84
18.12.2024 20:15;52.70072889;-0.406357778;28.25390333;-0.057444444;0;-119;0;0;0;0;10.58136222;-18.28801778;46.21582556;3.64;31.46
18.12.2024 20:30;1.459285556;-13.50245333;7.091317778;-4.657347778;0;-80;0;0;0;0;9.952228889;-12.29248778;91.94945667;0.96;18.64
18.12.2024 20:45;0;-61.68498556;1.218896667;-10.68065667;0;-80;0;0;0;0;10.60273889;-14.37770889;154.9217156;-15.03;15.06
18.12.2024 21:00;25.67192222;-4.699295556;30.80547;-5.938498889;0;-80;0;0;0;0;21.94659556;-14.18103222;26.39483889;0.16;41.4
18.12.2024 21:15;3.270661111;-25.86345333;11.42223111;-3.790182222;0;-35;0;0;0;0;9.546444444;-15.95841778;56.37271667;-1.2;22.85
18.12.2024 21:30;0;-38.92605222;1.935355556;-0.859065556;0;-96;0;0;0;0;13.57066444;-11.70027111;131.9793689;-1.08;13.96
18.12.2024 21:45;0.603161111;-47.97566778;5.277384444;-2.941571111;0;-145;0;0;0;0;7.424331111;-16.77165889;199.3840211;-23.03;18
18.12.2024 22:00;3.27812;-13.43925111;5.95222;-8.048196667;0;-52;0;0;0;0;22.86295222;-8.129332222;49.52348778;-12.83;22.39
18.12.2024 22:15;11.45222111;-12.38783889;16.15658556;-1.689586667;0;-67;0;0;0;0;7.482934444;-13.02843222;59.01411667;1.06;28.55
18.12.2024 22:30;27.56144333;-1.226945556;27.63925778;-0.070031111;0;-98;0;0;0;0;14.32186556;-8.725332222;38.49974222;0.86;27.39
18.12.2024 22:45;29.20003;-7.546658889;13.62273;-1.146037778;0;-136;0;0;0;0;7.237155556;-12.86135333;107.4941344;-0.43;30.47
18.12.2024 23:00;17.55926444;-2.258845556;7.520455556;-3.744812222;29;0;0;0;0;0;14.10400889;-8.968425556;-53.21164556;-1.03;26.04
18.12.2024 23:15;12.45510111;-2.240796667;3.302546667;-28.15166778;0;-54;0;0;0;0;8.491224444;-10.41584222;70.55943444;3.8;24.61
18.12.2024 23:30;1.885715556;-2.834186667;0.089248889;-56.10568667;0;-100;0;0;0;0;9.743645556;-9.516892222;156.7381556;3.95;17.27
18.12.2024 23:45;1.121688889;-46.67858667;1.311595556;-17.81654667;0;-170;0;0;0;0;6.296112222;-17.80926111;243.5749978;-38.06;18.24
19.12.2024 00:00;5.517305556;-10.06319556;3.014773333;-11.63351222;65;0;0;0;0;0;19.93107778;-7.212711111;-64.55373778;-40.68;18.57
19.12.2024 00:15;12.44316;-7.376696667;0.743724444;-6.238502222;0;0;0;0;0;0;8.604363333;-9.902643333;1.726594444;-0.71;21.12
19.12.2024 00:30;12.95057667;-0.790745556;10.94422222;-0.639205556;0;-99;0;0;0;0;9.091777778;-8.523777778;75.96715222;1.56;20.29
19.12.2024 00:45;7.417533333;-17.02392556;13.14737556;-9.450685556;0;-159;0;0;0;0;10.29430556;-13.69410444;168.3095011;-24.38;19.54
19.12.2024 01:00;23.72827889;-2.377934444;6.414991111;-3.695981111;11;0;0;0;0;0;14.04485667;-9.903952222;-39.21025889;0.63;23.83
19.12.2024 01:15;2.056885556;-13.62737889;0.266837778;-11.43409889;0;0;0;0;0;0;5.842821111;-8.681356667;25.57629;-3.03;17.49
19.12.2024 01:30;6.874578889;-2.674682222;29.50954889;-0.228101111;0;-99;0;0;0;0;10.74568;-6.917023333;61.68999889;-0.68;20.18
19.12.2024 01:45;7.345372222;-3.444953333;30.54596889;-0.86043;0;-134;0;0;0;0;5.767357778;-9.778374444;104.4250589;-1.75;18.43
19.12.2024 02:00;24.89149889;-2.013614444;0.787777778;-1.638518889;9;0;0;0;0;0;15.79401778;-11.86603444;-34.95512667;-1.66;23.76
19.12.2024 02:15;45.10633889;-0.100775556;5.651262222;-0.208831111;0;-99;0;0;0;0;9.346238889;-10.63074556;49.83651222;1.91;23.51
19.12.2024 02:30;54.53464222;-0.167778889;2.941057778;-0.206968889;0;-99;0;0;0;0;10.28485444;-9.38561;40.99980333;1.08;28.7
19.12.2024 02:45;7.413598889;-5.887856667;36.36784111;-1.727086667;0;-134;0;0;0;0;6.663686667;-9.8294;100.9992167;-0.88;19.49
19.12.2024 03:00;7.942958889;-2.436236667;7.761827778;-1.925057778;0;0;0;0;0;0;8.371894444;-4.010122222;-15.70526444;0.67;19.43
19.12.2024 03:15;90.19030778;0;1;0;0;-99;0;0;0;0;11.87962;-8.121755556;4.051827778;5.24;45.09
19.12.2024 03:30;78.99468889;0;3.846356667;0;0;-99;0;0;0;0;6.86821;-8.133628889;17.42437333;5.24;41.62
19.12.2024 03:45;65.01830444;0;0.996177778;0;0;-99;0;0;0;0;6.722315556;-8.551424444;34.81462667;5.24;28.4
19.12.2024 04:00;65.96098444;0;1.448804444;0;0;-99;0;0;0;0;8.433435556;-6.150176667;29.30695222;5.27;36.79
19.12.2024 04:15;53.41768889;-0.10837;17.60526333;-0.341684444;0;-99;0;0;0;0;6.044412222;-11.95804556;34.34073556;2.8;41.08
19.12.2024 04:30;8.893905556;-0.652394444;9.641998889;-1.235363333;0;0;0;0;0;0;6.971837778;-6.656631111;-16.96335333;2.52;19.69
19.12.2024 04:45;38.44401556;-0.399981111;10.22387889;-8.393871111;0;0;0;0;0;0;12.59821111;-13.36101111;-39.11124222;0.79;47.4
19.12.2024 05:00;32.57662667;-4.642471111;12.81443778;-25.96188889;0;-161;0;0;0;0;14.04703444;-8.914942222;141.0812033;-2;31.95
19.12.2024 05:15;58.09000556;-0.332844444;5.753908889;-0.700396667;0;-99;0;0;0;0;8.679204444;-13.23624;40.74636222;1.7;36.02
19.12.2024 05:30;9.747851111;-1.993392222;3.921617778;-1.91951;22;0;0;0;0;0;9.531246667;-9.394251111;-31.89356222;2.38;20.91
19.12.2024 05:45;5.034307778;-6.971838889;9.531461111;-2.88217;77;0;0;0;0;0;11.65905111;-12.81767889;-80.55313222;0.96;20.69
19.12.2024 06:00;3.449841111;-56.61321222;3.575613333;-24.50057667;0;-143;0;0;0;0;19.25972556;-19.16968;216.9982889;-41.13;21.41
19.12.2024 06:15;0.407842222;-17.78131;4.785204444;-11.19267667;0;-64;0;0;0;0;12.11804;-11.92432222;87.58722222;-0.09;18.79
19.12.2024 06:30;11.36678667;-5.230166667;3.938806667;-9.175536667;18;0;0;0;0;0;15.01462889;-13.54248;-20.37203889;1.46;24.37
19.12.2024 06:45;20.03215;-1.532122222;9.794325556;-10.40682778;82;0;0;0;0;0;14.08259556;-15.50703333;-98.46308778;2.31;26.45
19.12.2024 07:00;0;-77.40831333;0.099826667;-42.38696;0;-141;0;0;0;0;15.08843444;-15.43427444;261.0412867;-20.75;15.08
19.12.2024 07:15;0.117184444;-31.67561556;0.871471111;-49.52814889;0;-37;0;0;0;0;14.46209333;-17.39989889;120.1529144;-0.87;17.45
19.12.2024 07:30;0.46251;-22.90623889;0;-80.35458111;86;0;0;0;0;0;19.08585222;-14.63163;12.34408778;0.33;18.07
19.12.2024 07:45;1.089947778;-34.79086667;0.561586667;-74.98095556;131;0;0;0;0;0;13.61571111;-19.04893778;-17.44648556;-6.12;19.67
19.12.2024 08:00;2.138395556;-129.1815967;0;-134.04074;157;0;0;0;0;0;23.84984556;-16.15015889;96.38425444;-55.16;29.29
19.12.2024 08:15;3.6008;-2.058094444;0;-149.6164478;77;0;0;0;0;0;10.58998889;-11.8845;72.36825333;3.41;24.57
19.12.2024 08:30;2.099874444;-8.358697778;2.011976667;-39.13502111;0;0;0;0;0;0;13.37887222;-13.85875444;43.86175;2.29;19.27
19.12.2024 08:45;6.123592222;-31.00274;6.048902222;-13.17941111;0;-20;0;0;0;0;8.437751111;-17.74331222;61.31521778;-23.01;22.24
19.12.2024 09:00;6.199257778;-6.256512222;0.225217778;-48.54207333;0;-41;0;0;0;0;20.15597444;-9.585768889;78.80390444;-9.14;21.26
19.12.2024 09:15;6.217427778;-1.678177778;0.719848889;-28.15434222;0;-43;0;0;0;0;10.68958111;-11.88771444;67.09337667;5.85;20.65
19.12.2024 09:30;2.525214444;-3.775907778;11.07220222;-10.59625778;0;-52;0;0;0;0;12.88650556;-12.57028778;52.45853111;4.81;18.69
19.12.2024 09:45;5.118265556;-11.92056889;14.30651;-6.614353333;0;-75;0;0;0;0;8.654237778;-12.20945111;77.66536;-0.86;22.4
19.12.2024 10:00;4.555792222;-4.845656667;9.245278889;-13.60750111;0;-46;0;0;0;0;12.00300333;-10.26529444;48.91437778;-0.31;21.36
19.12.2024 10:15;1.031493333;-22.91530111;3.185496667;-16.00062778;0;-46;0;0;0;0;9.549945556;-13.55415444;84.70314778;-7.23;21.33
19.12.2024 10:30;0;-38.09163778;0.245106667;-21.64032222;0;-46;0;0;0;0;11.87174222;-11.45834667;105.0734578;-13.75;14.13
19.12.2024 10:45;0;-38.89782333;0.932992222;-11.75691111;0;-46;0;0;0;0;11.95124111;-11.44557444;95.21607556;-14.36;14.13
19.12.2024 11:00;31.86212;-1.948107778;18.37837111;-2.32472;0;-92;0;0;0;0;14.07873;-6.607274444;38.56088111;-2.53;28.18
19.12.2024 11:15;82.87094111;0;0.547102222;0;0;-128;0;0;0;0;14.27110111;-13.91737222;44.22822778;-3.99;37.96
19.12.2024 11:30;115.3084178;0;7.344355556;0;0;-89;0;0;0;0;19.52965444;-9.246442222;-43.93598556;-2.1;62.09
19.12.2024 11:45;121.2295233;0;0;-0.056551111;0;-78;0;0;0;0;7.49568;-20.83275444;-29.83589778;-1.62;73.99
19.12.2024 12:00;19.93122889;-7.935381111;0;-4.368067778;167;0;0;0;0;0;12.23359889;-13.16240444;-173.6989744;-2.35;35.23
19.12.2024 12:15;2.229405556;-36.72947;7.7716;-17.65092222;60;0;0;0;0;0;9.580082222;-18.08291444;-7.117781111;-30.6;21.18
19.12.2024 12:30;0;-73.77618444;0;-59.28776778;41;0;0;0;0;0;15.27832667;-10.38465444;87.17028;-11.45;14.84
19.12.2024 12:45;0;-76.88477222;0;-126.0350756;13;0;0;0;0;0;12.67631556;-21.14824889;198.3917811;-33.4;14.29
19.12.2024 13:00;0;-90.57792222;0;-86.33150667;0;0;0;0;0;0;15.35341778;-11.23371556;172.7897267;-29.34;13.07
19.12.2024 13:15;0;-116.9174511;0;-73.31600444;0;-33;0;0;0;0;10.39385556;-15.49776778;228.3373678;-64.75;13.07
19.12.2024 13:30;0;-146.1272533;0;-53.39092222;0;-100;0;0;0;0;16.76271;-11.49064333;294.2461089;-81.43;13.07
19.12.2024 13:45;0;-89.62251444;0;-28.00559333;0;-200;0;0;0;0;13.44752444;-14.04028;318.2208633;-55.73;13.07
19.12.2024 14:00;0.436875556;-36.49479889;1.218928889;-44.57772222;0;-248;0;0;0;0;17.51079778;-10.01926556;319.9251844;-47.67;20.29
19.12.2024 14:15;2.364084444;-3.508426667;1.83158;-41.22281333;0;-300;0;0;0;0;13.26009222;-11.99652;339.2720033;-10.63;20.3
19.12.2024 14:30;19.72981222;-0.494386667;4.304458889;-15.18839556;0;-300;0;0;0;0;13.55875333;-11.67509333;289.7648511;-9.77;25.93
19.12.2024 14:45;37.72107444;-0.636934444;5.957;-12.47474667;0;-300;0;0;0;0;16.38456889;-18.62657778;271.6756156;-9.77;28.02
19.12.2024 15:00;2.799594444;-2.641458889;2.299217778;-33.22021667;0;-195;0;0;0;-50;11.68974;-11.40871;275.4818333;-0.69;24.03
19.12.2024 15:15;9.556604444;-0.738658889;13.84450667;-12.72061444;0;-195;0;0;0;-50;13.65938222;-13.34770778;234.7464878;0.66;27.33
19.12.2024 15:30;38.30268;-0.071478889;17.37111889;-2.004715556;0;-195;0;0;0;-50;13.42441889;-8.047675556;186.0256522;0.66;36.74
19.12.2024 15:45;81.11206778;0;41.65633222;0;0;-195;0;0;0;-50;14.26270222;-16.58850667;124.5574044;0.66;40.53
19.12.2024 16:00;27.83190778;-1.696508889;48.36322444;-0.027853333;0;-100;0;0;0;-100;14.93489889;-11.14689;121.7412211;-1.16;33.19
19.12.2024 16:15;67.33235111;0;11.23364444;-0.683654444;0;-50;0;0;0;-100;11.61978667;-15.23656667;75.73443889;7.89;39.07
19.12.2024 16:30;69.2456;0;5.468578889;-0.388386667;0;0;0;0;0;-100;15.81649778;-10.84198667;20.69969667;9.5;52.26
19.12.2024 16:45;95.62174222;0;9.793142222;-0.130204444;0;0;0;0;0;-100;10.59082889;-15.50648667;-0.369022222;9.5;61.88
19.12.2024 17:00;7.478976667;-4.95374;0.158675556;-74.23015556;0;0;0;0;0;0;9.386625556;-14.62590778;76.78552556;-1.13;34.6
19.12.2024 17:15;2.553703333;-4.093825556;1.003755556;-68.3889;0;0;0;0;0;0;14.61371111;-14.30446778;68.61602333;1.92;23.23
19.12.2024 17:30;0;-45.75954889;0.881288889;-21.80865889;0;0;0;0;0;0;14.7103;-16.40434778;68.38096667;-5.38;14.3
19.12.2024 17:45;0.705831111;-16.50160556;12.83528333;-11.76690667;0;-65;0;0;0;0;12.26753333;-15.64318667;83.10305111;-0.5;20.82
19.12.2024 18:00;0.680735556;-14.23949556;15.72953778;-6.903638889;0;-50;0;0;0;0;15.453;-11.03977;50.31963111;-0.98;19.91
19.12.2024 18:15;7.985983333;-3.746195556;29.91238667;-5.614471111;0;-70;0;0;0;0;13.52460556;-13.28233111;41.22002222;1.8;22.96
19.12.2024 18:30;6.07855;-1.467684444;20.13789889;-4.670242222;0;-102;0;0;0;0;11.17944333;-10.45678111;81.19881556;2.6;20.48
19.12.2024 18:45;20.8096;-1.588811111;17.97821;-15.87472667;0;-111;0;0;0;0;12.69013778;-14.51524333;91.50083333;1.02;23.9
19.12.2024 19:00;29.50005889;-0.03011;21.95497111;-2.587824444;24;0;0;0;0;-52;13.22432;-10.52326;-23.53815556;5.99;26.62
19.12.2024 19:15;36.83174111;-4.557695556;21.45563;-4.600764444;0;-25;0;0;0;-52;10.99554111;-15.02113778;31.89668556;-2.67;29.86
19.12.2024 19:30;0.495872222;-22.70534556;0.153862222;-45.90152333;64;0;0;0;0;-52;12.90011444;-13.09110333;56.14812333;-3.2;18.58
19.12.2024 19:45;1.508918889;-7.898751111;28.5198;-1.018643333;0;-115;0;0;0;-52;11.27792778;-11.99001222;146.60076;0;19.18
19.12.2024 20:00;23.57909222;-4.901252222;29.14758222;-4.997104444;21;0;0;0;0;0;18.25871222;-12.18178333;-69.90524667;-1.38;28.91
19.12.2024 20:15;16.22949889;-8.90218;23.91964333;-0.88642;0;-18;0;0;0;0;8.580723333;-14.92322222;-6.018043333;-3.6;24.89
19.12.2024 20:30;0;-53.04919111;0.319604444;-16.12709333;50;0;0;0;0;0;13.16082556;-14.41787222;20.11372667;-9.42;14.52
19.12.2024 20:45;4.848908889;-14.18566222;13.26126667;-13.30111333;0;-131;0;0;0;0;12.77452556;-11.76594778;139.3680222;-3.54;20.25
19.12.2024 21:00;6.473801111;-3.900674444;3.520511111;-11.78954111;66;0;0;0;0;0;11.77844;-8.915167778;-63.16736889;0.09;20.54
19.12.2024 21:15;7.248116667;-16.83567111;5.503135556;-11.17171556;12;0;0;0;0;0;9.630013333;-11.41713;5.043251111;-3.17;21.67
19.12.2024 21:30;0.419238889;-12.42118778;7.328873333;-8.879037778;0;-52;0;0;0;0;10.64100667;-9.419201111;64.33030778;-0.35;18.44
19.12.2024 21:45;8.289112222;-19.94954444;30.53611111;-5.837366667;0;-153;0;0;0;0;9.943586667;-17.42949;147.4475911;-19.06;22.79
19.12.2024 22:00;4.853242222;-14.34664222;2.223423333;-9.810477778;13;0;0;0;0;0;15.78426889;-10.73161111;-0.972203333;-7.24;20.77
19.12.2024 22:15;3.266735556;-15.97210222;22.17874111;-1.721248889;0;0;0;0;0;0;10.91146333;-11.33163667;-7.331952222;-5.96;20.44
19.12.2024 22:30;1.544182222;-7.064483333;18.65098333;-11.54573333;0;0;0;0;0;0;16.00558556;-11.47052778;-6.120006667;-0.12;18.71
19.12.2024 22:45;5.010031111;-3.765871111;13.07344444;-19.84040889;0;-64;0;0;0;0;10.79915778;-13.78851889;72.51216556;-0.18;19.34
19.12.2024 23:00;36.65118111;-1.891144444;53.54135556;-2.885813333;0;-64;0;0;0;0;17.19617222;-15.86834667;-22.74340444;-0.91;40.36
19.12.2024 23:15;13.19646333;-8.449711111;46.20011778;-1.052208889;0;-64;0;0;0;0;10.60630222;-13.25627667;16.75531333;-0.64;24.74
19.12.2024 23:30;1.529262222;-10.40146889;10.35485889;-1.982325556;0;-64;0;0;0;0;8.790953333;-9.057878889;64.76659889;-1.34;17.78
19.12.2024 23:45;0.296898889;-36.47487667;3.845897778;-13.76182556;0;-64;0;0;0;0;8.634155556;-10.95788444;112.4176344;-30.03;17.26
20.12.2024 00:00;122.8620033;-1.279161111;24.08979111;-1.385806667;0;-99;0;0;0;0;22.85914778;-6.623568889;-61.52240556;-7.11;50.06
20.12.2024 00:15;86.62625111;0;31.82628444;0;0;-99;0;0;0;0;6.378316667;-16.88878444;-8.942067778;5.4;38.24
20.12.2024 00:30;23.75829222;-2.718234444;25.28020111;-5.205098889;0;-99;0;0;0;0;7.856446667;-10.58299333;60.61138667;-0.29;22.62
20.12.2024 00:45;0;-75.50863222;0.014284444;-30.46539778;0;0;0;0;0;0;4.897196667;-15.31712778;116.3796767;-43.31;10.95
20.12.2024 01:00;2.373716667;-17.19888889;3.491222222;-10.81455444;0;0;0;0;0;0;17.38312556;-5.832487778;10.59786667;-29.46;19.16
20.12.2024 01:15;0.614815556;-24.36048222;0.52728;-24.33921667;0;0;0;0;0;0;5.940487778;-12.21081778;53.82793333;-9.13;16.65
20.12.2024 01:30;0;-49.83710889;0;-37.61256667;0;0;0;0;0;0;8.480103333;-8.350451111;87.32002333;-12.5;10.09
20.12.2024 01:45;0;-73.44577444;0.444217778;-18.91188;0;0;0;0;0;0;10.60305222;-13.08484444;94.39522889;-40.94;10.09
20.12.2024 02:00;1.753062222;-18.11036333;2.193497778;-23.97267889;0;0;0;0;0;0;14.44496111;-6.709503333;30.40102444;-19.21;18.34
20.12.2024 02:15;0.039335556;-26.05412778;0.0364;-32.40065222;0;0;0;0;0;0;5.425644444;-7.725146667;60.67854667;-12.26;15.61
20.12.2024 02:30;0;-37.19007333;0;-46.19432;0;0;0;0;0;0;5.558265556;-8.602974444;86.42910222;-27.8;9.48
20.12.2024 02:45;0;-86.33530556;0;-33.09838;0;0;0;0;0;0;9.724885556;-10.60086889;120.3096689;-43.22;9.48
20.12.2024 03:00;2.272116667;-8.953847778;9.951618889;-4.798142222;0;0;0;0;0;0;12.43701444;-5.848553333;-5.060206667;-21.74;15.18
20.12.2024 03:15;0.291058889;-9.653987778;4.680827778;-4.827737778;0;0;0;0;0;0;5.796162222;-5.559607778;9.273284444;-5.1;13.21
20.12.2024 03:30;0.002168889;-10.23504444;0.1352;-22.83519667;0;0;0;0;0;0;4.431701111;-4.433807778;32.93497889;-1.02;13.2
20.12.2024 03:45;0.313854444;-34.23381778;1.801542222;-4.068011111;0;0;0;0;0;0;7.853246667;-5.653718889;33.98690444;-14.55;14.07
20.12.2024 04:00;1.786552222;-1.17511;0.920728889;-23.49108222;0;0;0;0;0;0;6.28396;-7.078422222;22.75337333;-1.14;13.98
20.12.2024 04:15;1.836881111;-4.288448889;1.345128889;-12.35900111;0;0;0;0;0;0;5.899236667;-7.992041111;15.55824444;-2.87;14.41
20.12.2024 04:30;2.378328889;-3.628327778;1.2902;-10.23328778;0;0;0;0;0;0;7.947333333;-5.166801111;7.412554444;-2.44;14.12
20.12.2024 04:45;13.32791778;-1.287295556;3.138905556;-14.33535556;0;0;0;0;0;0;8.831636667;-8.374535556;-1.301273333;-1.21;16.49
20.12.2024 05:00;0;-53.21561111;0;-61.24663556;0;0;0;0;0;0;8.567168889;-11.00994778;116.9050256;-31.54;10.35
20.12.2024 05:15;2.319735556;-4.170723333;0.07276;-56.40674444;0;0;0;0;0;0;11.93737778;-9.669591111;55.91718556;-1.32;16.89
20.12.2024 05:30;19.73444;-0.283606667;2.681122222;-14.19595778;0;0;0;0;0;0;12.25342778;-9.088525556;-11.1009;1.98;21.27
20.12.2024 05:45;37.54516222;-0.048148889;2.44544;-4.304355556;0;0;0;0;0;0;16.16428444;-15.26963333;-36.53274889;1.89;23.01
20.12.2024 06:00;3.138155556;-103.0730611;0.026666667;-103.2031433;0;0;0;0;0;0;26.44180778;-29.57247667;206.2420511;-135.05;19.92
20.12.2024 06:15;0.048285556;-37.17245;0;-51.67680667;0;0;0;0;0;0;12.57221333;-16.97673556;93.20549333;-15.96;16.34
20.12.2024 06:30;16.45657444;-14.38313333;5.928855556;-6.523448889;0;0;0;0;0;0;15.63256556;-7.374406667;-9.737006667;-12.98;22.95
20.12.2024 06:45;42.63183;-1.271023333;31.94336556;-13.98210667;0;0;0;0;0;0;14.62268111;-18.03062778;-55.91411889;2.24;25.38
20.12.2024 07:00;2.007642222;-8.51195;0.463748889;-199.3183967;0;0;0;0;0;0;15.52844;-16.03516556;205.8656811;-2.2;19.15
20.12.2024 07:15;2.71498;-3.527951111;0;-106.7599322;0;0;0;0;0;0;13.80368889;-14.08880889;107.8580233;3.25;19.05
20.12.2024 07:30;59.53913111;-0.019528889;7.47317;-5.970591111;0;-80;0;0;0;0;17.58782222;-6.576328889;7.966325556;6.59;33.89
20.12.2024 07:45;95.87715222;-0.186494444;44.55727333;-0.808115556;0;-80;0;0;0;0;10.96844889;-21.59289556;-48.81536889;2.12;38.13
20.12.2024 08:00;2.333714444;-28.65153778;0.290355556;-71.75935556;0;0;0;0;0;0;17.72924111;-16.23833556;96.29591778;-14.66;21.12
20.12.2024 08:15;3.048638889;-3.46706;0.009608889;-136.1667344;97;0;0;0;0;0;13.73342333;-13.29943889;39.14156222;2.57;20.11
20.12.2024 08:30;11.39633667;-0.411916667;3.465847778;-31.90131333;0;-23;0;0;0;0;11.12417778;-10.08707333;39.41394111;3.75;21.7
20.12.2024 08:45;26.86033778;-0.057096667;19.36223222;-2.018786667;0;-1;0;0;0;0;13.02164444;-12.78723444;-43.38109667;2.61;25.94
20.12.2024 09:00;79.77757667;0;47.43529778;-0.015191111;13;0;0;0;0;0;15.29895444;-13.69414222;-141.8024956;10.17;39.48
20.12.2024 09:15;8.660465556;-5.330807778;30.74614111;-4.009416667;53;0;0;0;0;0;10.26309778;-14.56294889;-78.76653111;0.18;23.44
20.12.2024 09:30;7.713893333;-0.594476667;47.29925556;-0.516508889;13;0;0;0;0;0;12.78591;-10.57915667;-69.10891667;2.3;20.35
20.12.2024 09:45;9.320474444;-4.270828889;54.26671778;-0.440015556;0;-9;0;0;0;0;12.87515111;-14.23394333;-48.51755556;-1.33;21.43
20.12.2024 10:00;1.326625556;-33.31313778;2.740098889;-34.42936111;244;0;0;0;0;0;11.56359222;-17.19696222;-174.6908556;-6.76;21.52
20.12.2024 10:15;0;-63.00101556;0.648835556;-4.458436667;186;0;0;0;0;0;13.26143444;-14.01992778;-118.43089;-10.27;16.06
20.12.2024 10:30;0;-54.63447;1.930953333;-1.835423333;175;0;0;0;0;0;17.51112556;-12.05677222;-125.9154133;-6.92;15.94
20.12.2024 10:45;0.306398889;-38.27190222;2.211957778;-11.40380111;145;0;0;0;0;0;12.84073333;-15.43838889;-95.24499778;-7.5;20.31
20.12.2024 11:00;7.040884444;-7.306862222;1.270464444;-31.25271444;148;0;0;0;0;0;14.90777444;-14.54322;-118.1163267;-3.62;21.46
20.12.2024 11:15;0;-24.12393778;3.073217778;-10.01827444;148;0;0;0;0;0;13.11224667;-11.96262;-118.0806322;-4.61;15.48
20.12.2024 11:30;9.402936667;-3.914238889;18.10081333;-2.599021111;101;0;0;0;0;0;14.86894778;-11.37638333;-125.4830544;-0.4;23.75
20.12.2024 11:45;13.48266;-42.18261556;12.96657778;-12.79144222;94;0;0;0;0;0;11.61352444;-21.95013333;-55.13857111;-43.47;25.35
20.12.2024 12:00;3.23037;-9.244384444;0.404034444;-62.22188889;147;0;0;0;19;0;18.80318556;-11.70221556;-105.2691011;-20.86;21.06
20.12.2024 12:15;0.48841;-13.70712889;0;-120.10055;144;0;0;0;19;0;12.03749556;-13.99006333;-27.72816333;-5.19;19.78
20.12.2024 12:30;2.717007778;-6.286615556;0;-154.2671944;76;0;0;0;19;0;13.91845889;-13.06015667;61.9785;-1.76;24.34
20.12.2024 12:45;0;-144.89924;0;-87.74240667;58;0;0;0;19;0;9.285481111;-26.97782778;173.3339933;-133.27;13.95
20.12.2024 13:00;0;-123.5119567;0;-96.90985556;25;0;0;0;19;0;22.69148222;-12.95463111;166.6849611;-91.87;13.82
20.12.2024 13:15;0;-136.8226411;0;-45.82451667;0;-40;0;0;19;0;12.85912778;-14.75233222;205.5403622;-73.5;13.36
20.12.2024 13:30;0;-111.5698156;0;-28.77876444;0;-85;0;0;19;0;16.17727556;-13.99278444;204.1640889;-66.81;13.36
20.12.2024 13:45;0;-153.8126633;0;-12.75868778;0;-85;0;0;19;0;10.61166556;-18.45159444;240.41128;-115.11;13.36
20.12.2024 14:00;0;-95.63003111;0.607946667;-21.94093444;0;-152;0;0;0;0;23.53810667;-7.367086667;252.7919989;-67.83;12.64
20.12.2024 14:15;2.779256667;-4.262824444;0.037871111;-47.61541444;0;-205;0;0;0;0;14.65034111;-12.45255556;251.8633256;-0.34;24.51
20.12.2024 14:30;19.65018222;-1.681582222;0.465804444;-8.868706667;0;-257;0;0;0;0;13.21207333;-10.82113222;245.0433611;-2.34;27.04
20.12.2024 14:45;32.90323222;-0.482175556;0.037488889;-10.05055222;0;-257;0;0;0;0;12.75282;-15.39765111;237.2368378;-2.34;31.11
20.12.2024 15:00;0.972894444;-12.30698667;3.495682222;-34.76051444;0;-100;0;0;0;-100;13.21070111;-14.97992333;244.3681467;-3.02;24.36
20.12.2024 15:15;0;-35.28170444;1.357751111;-18.71018667;0;-100;0;0;0;-100;12.52741222;-15.22057;255.3272978;-8.87;13.14
20.12.2024 15:30;17.48100667;-10.75806222;9.577053333;-6.003204444;0;-100;0;0;0;-100;18.34279444;-13.51399333;184.8744056;-4.1;30.56
20.12.2024 15:45;15.67111333;-5.34478;35.68421444;-6.166084444;0;-100;0;0;0;-100;12.09745333;-16.81369778;164.8717811;-6.44;28.78
20.12.2024 16:00;1.609832222;-33.79027333;3.304826667;-21.89067889;0;-50;0;0;0;-100;17.40504333;-10.95077333;194.3120233;-21.67;26.31
20.12.2024 16:15;24.79478778;0;36.56318667;-1.440526667;0;-103;0;0;0;-100;11.49119111;-14.97994222;146.5713033;4.73;25.31
20.12.2024 16:30;91.67220667;0;26.67969444;-0.113933333;0;-103;0;0;0;-100;20.12373111;-13.06207222;77.70037333;4.74;67.05
20.12.2024 16:45;133.9949567;0;54.92737444;0;0;-103;0;0;0;-100;18.75515889;-21.99677222;17.31928222;4.75;66.01
20.12.2024 17:00;36.23167667;0;79.00017333;0;0;-50;0;0;0;-100;18.29640778;-14.98074667;31.45248889;8.67;29.87
20.12.2024 17:15;73.99669667;0;34.76954667;-0.903866667;6;0;0;0;0;-100;13.24976111;-19.42626778;-7.68587;10.25;43.37
20.12.2024 17:30;10.56300111;-0.521376667;2.927101111;-19.70755556;150;0;0;0;0;-100;13.28828556;-14.00307889;-42.54637667;3.1;23.48
20.12.2024 17:45;9.812563333;-10.36118667;6.196561111;-12.80166111;150;0;0;0;0;-100;11.99950667;-18.42121444;-36.42456889;-4.03;25.74
20.12.2024 18:00;0;-99.69158556;0;-27.76918778;150;0;0;0;0;0;13.55469444;-16.39815333;-19.69576778;-19.49;15.99
20.12.2024 18:15;0;-85.40082222;0.636924444;-36.03452444;150;0;0;0;0;0;14.82153333;-18.36121889;-25.66189222;-10.62;15.99
20.12.2024 18:30;0;-110.6240567;0;-49.34466667;150;0;0;0;0;0;15.55255111;-16.93735;11.35352222;-21.67;15.99
20.12.2024 18:45;0;-53.71460889;3.316977778;-2.539526667;0;0;0;0;0;0;23.35121667;-19.24805889;48.834;-11.67;13.56
20.12.2024 19:00;45.70746222;-5.53588;48.22937778;-1.780588889;0;0;0;0;0;0;24.85652889;-13.14724444;-98.32965556;-10.8;36.43
20.12.2024 19:15;14.35045222;-13.11305222;9.442483333;-8.611761111;20;0;0;0;0;0;14.48189111;-21.84433889;-14.70567444;-5.69;27.23
20.12.2024 19:30;0.001762222;-28.53826444;6.389675556;-4.584228889;0;-31;0;0;0;0;13.52103556;-14.75040778;58.96042778;-4.5;17.58
20.12.2024 19:45;4.110106667;-14.32100111;32.74555222;-0.216746667;0;-109;0;0;0;0;17.81006889;-18.26906444;87.14108444;-4.35;20.33
20.12.2024 20:00;9.771167778;-7.963603333;13.63491667;-1.99583;99;0;0;0;0;0;15.10661111;-13.27503444;-114.2782278;1.93;25.69
20.12.2024 20:15;1.714677778;-37.44329889;10.38836;-3.437091111;43;0;0;0;0;0;13.61708778;-18.27689889;-9.562836667;-9.72;20.54
20.12.2024 20:30;0.006374444;-30.52923444;4.373373333;-3.658362222;0;-32;0;0;0;0;15.64370444;-13.07132333;59.23546778;-2.37;19.47
20.12.2024 20:45;0.161672222;-34.47956778;9.198596667;-1.588253333;0;-94;0;0;0;0;12.10502222;-15.51076778;124.1132978;-8.22;19.47
20.12.2024 21:00;0.580786667;-16.55029111;6.241465556;-4.792674444;65;0;0;0;0;0;15.41044;-7.74574;-58.14398667;-2.94;20.37
20.12.2024 21:15;5.388034444;-29.67868222;4.209228889;-0.99992;37;0;0;0;0;0;8.608954444;-15.63830111;-8.889314444;-11.89;22.52
20.12.2024 21:30;0.110812222;-28.90827444;2.866737778;-4.572793333;0;-7;0;0;0;0;11.84868556;-9.509267778;35.1641;-2.12;19.28
20.12.2024 21:45;0.371764444;-35.95877889;11.91646556;-3.325097778;0;-75;0;0;0;0;6.825912222;-17.14056667;112.3103011;-24.24;19.29
20.12.2024 22:00;39.15784556;-7.58802;1.420226667;-2.08758;8;0;0;0;0;0;23.66350889;-8.136632222;-54.42934889;-33.15;28.3
20.12.2024 22:15;46.62530667;-0.588917778;4.162692222;-0.805877778;0;0;0;0;0;0;10.16274778;-13.34694222;-46.20900889;3.16;31.83
20.12.2024 22:30;34.28982778;-0.255804444;42.23536333;-0.721726667;0;-15;0;0;0;0;11.7857;-9.855122222;-62.47823778;2.91;27.58
20.12.2024 22:45;23.36657111;-0.331624444;65.72608889;-1.963377778;0;-80;0;0;0;0;11.54648778;-11.84029333;-6.503852222;2.26;26.6
20.12.2024 23:00;168.6130278;0;3.829642222;0;0;0;0;0;0;0;22.68420556;-11.63029556;-183.49658;8.62;108.33
20.12.2024 23:15;100.2056311;0;8.286186667;-0.030382222;0;0;0;0;0;0;8.229441111;-19.96036111;-96.73051556;8.62;76.56
20.12.2024 23:30;10.84690111;-3.08865;32.50531889;-1.24412;0;0;0;0;0;0;7.11371;-10.58539111;-35.54776889;1.63;23.29
20.12.2024 23:45;0.251058889;-51.34288778;7.054173333;-4.59226;0;0;0;0;0;0;6.515818889;-27.29601778;69.41011444;-94.95;17.32
21.12.2024 00:00;227.9760711;-14.76562222;8.685982222;-1.467708889;0;0;0;0;0;0;51.30290222;-7.026422222;-264.7052022;-93.05;304.82
21.12.2024 00:15;228.9762289;0;9.246986667;0;0;0;0;0;0;0;6.35633;-19.82365778;-224.7558878;-110.55;265.18
21.12.2024 00:30;5.357664444;-5.258783333;77.42714;-0.236757778;50;0;0;0;0;0;6.838113333;-17.14435111;-116.9830256;3.14;24.88
21.12.2024 00:45;1.166308889;-31.12127444;4.379762222;-0.267494444;102;0;0;0;0;0;10.49968889;-11.76920667;-74.88778444;-5.39;18.8
21.12.2024 01:00;9.417865556;-4.114158889;57.59496111;-0.088066667;107;0;0;0;0;0;11.10902;-9.531253333;-171.3883678;3.29;23.19
21.12.2024 01:15;0.861947778;-21.21634444;19.13506778;-1.65927;107;0;0;0;0;0;5.914725556;-9.874675556;-100.1614511;-1.6;16.17
21.12.2024 01:30;0.59774;-10.10402111;2.12443;-27.47246222;107;0;0;0;0;0;8.495525556;-6.578512222;-74.0627;-0.6;15.59
21.12.2024 01:45;0;-48.34351111;0;-27.15974222;107;0;0;0;0;0;4.877196667;-11.22638333;-25.14756;-7.97;15.59
21.12.2024 02:00;9.256846667;-5.096835556;16.80458778;-1.920421111;100;0;0;0;0;0;14.66038;-7.908257778;-125.7963;-3.6;18.65
21.12.2024 02:15;0.049638889;-36.13022333;5.463876667;-3.329816667;100;0;0;0;0;0;4.745851111;-10.20964667;-60.58968;-5.81;15.11
21.12.2024 02:30;0;-66.85383111;0;-4.286618889;100;0;0;0;0;0;7.339397778;-8.70603;-27.49291778;-30.61;15.11
21.12.2024 02:45;0;-123.74729;0;-8.445833333;100;0;0;0;0;0;5.683352222;-8.115485556;34.62525667;-77.98;15.11
21.12.2024 03:00;4.738896667;-8.753645556;60.26037333;-0.373708889;0;0;0;0;0;0;17.92120444;-5.308684444;-68.48443556;-21.76;16.6
21.12.2024 03:15;0.588366667;-2.084541111;33.98982;-0.010791111;0;0;0;0;0;0;4.865743333;-5.31277;-32.03582778;2.39;13.43
21.12.2024 03:30;0.278722222;-10.94549444;9.615363333;-0.233698889;0;0;0;0;0;0;4.823687778;-7.42676;3.88818;-1.79;13.2
21.12.2024 03:45;0;-22.68798;0.135626667;-1.553226667;0;0;0;0;0;0;5.424061111;-5.074591111;23.75611;-1.38;8.8
21.12.2024 04:00;8.027191111;-2.505015556;29.13351778;-0.094968889;0;0;0;0;0;0;8.140727778;-4.106464444;-38.59498778;-0.6;16.09
21.12.2024 04:15;3.144394444;-0.564501111;35.82060111;-0.079622222;0;0;0;0;0;0;5.019534444;-6.266217778;-37.07418889;2.74;14.68
21.12.2024 04:30;10.70679111;-0.004881111;39.85695667;0;0;0;0;0;0;0;6.162133333;-5.584035556;-51.13696444;2.88;16.12
21.12.2024 04:45;3.36725;-1.262476667;57.15088778;-0.067217778;0;0;0;0;0;0;4.895264444;-6.160263333;-57.92344444;2.56;14.8
21.12.2024 05:00;2.749546667;-1.222461111;24.76668778;-0.641153333;0;0;0;0;0;0;6.355796667;-4.909113333;-27.09930333;2.34;14.83
21.12.2024 05:15;26.66474333;-0.014377778;39.62847222;-1.044613333;0;0;0;0;0;0;10.53171111;-7.727622222;-68.03831333;2.88;19.4
21.12.2024 05:30;81.05467333;0;47.96071778;0;0;0;0;0;0;0;9.09393;-8.402247778;-129.7070733;7.25;24.29
21.12.2024 05:45;8.079702222;-0.8435;148.8422356;0;0;0;0;0;0;0;6.652272222;-11.09592889;-151.6347811;4.14;17.46
21.12.2024 06:00;15.46534667;-10.44175556;36.60729333;-1.799313333;0;0;0;0;0;0;16.89485556;-13.28720667;-43.43922;-12.48;20.64
21.12.2024 06:15;110.3447822;0;8.987471111;0;0;0;0;0;0;0;15.57048889;-10.83627222;-124.06647;8.88;33.97
21.12.2024 06:30;134.6274167;0;3.066666667;0;0;0;0;0;0;0;15.15788222;-10.27722667;-142.5747389;8.88;48.46
21.12.2024 06:45;151.4332433;0;15.08748889;0;0;0;0;0;0;0;10.90169667;-15.07562667;-162.3468022;8.88;55.97
21.12.2024 07:00;5.427241111;-10.92353444;30.36007222;-1.029064444;0;0;0;0;0;0;13.60543333;-22.07465222;-15.36549556;-1.03;22.55
21.12.2024 07:15;15.27858222;-10.22609889;0.483907778;-0.574012222;98;0;0;0;0;0;12.12184111;-17.08602778;-97.99819222;-0.05;25.9
21.12.2024 07:30;0.485565556;-27.25641333;4.679015556;-3.189576667;157;0;0;0;0;0;14.30503889;-11.28252;-134.74111;0.23;19.63
21.12.2024 07:45;9.161791111;-15.09059444;9.773804444;-2.980673333;174;0;0;0;0;0;14.34515444;-18.79885;-170.4106322;-0.26;21.39
21.12.2024 08:00;0;-67.48614889;0.314777778;-17.73380444;174;0;0;0;0;0;14.77784778;-15.09357444;-88.77909778;-12.85;17.21
21.12.2024 08:15;0.119765556;-22.93144778;0.417635556;-33.11370444;174;0;0;0;0;0;14.82367333;-11.42903778;-121.8868844;1.29;19.52
21.12.2024 08:30;2.867981111;-5.757228889;0;-30.35513556;174;0;0;0;0;0;11.60046111;-10.84036778;-141.51571;3.13;19.75
21.12.2024 08:45;3.4889;-33.01310222;2.924528889;-23.36690556;174;0;0;0;0;0;10.14238444;-15.02195667;-119.1538489;-3.4;20.66
21.12.2024 09:00;1.627723333;-6.244704444;0;-109.2677222;174;0;0;0;0;0;15.04802111;-9.860818889;-65.30249889;2.29;20.13
21.12.2024 09:15;0.421143333;-81.90362111;0;-71.51114444;174;0;0;0;0;0;6.553811111;-22.63486;-4.925328889;-32.57;20.13
21.12.2024 09:30;0;-128.2922533;0;-60.14176111;174;0;0;0;0;0;16.65771444;-16.69458;14.47088;-35.46;17.73
21.12.2024 09:45;0;-193.3806656;0;-77.61367;174;0;0;0;0;0;10.81244778;-16.43392444;102.6158122;-88.77;17.73
21.12.2024 10:00;5.003244444;-21.51313333;0;-64.43108111;0;-3;0;0;0;0;29.92049667;-11.37203;65.39250333;-75.19;21.21
21.12.2024 10:15;0;-39.30434333;0.81554;-22.69979667;0;-89;0;0;0;0;9.935416667;-14.96717556;155.2203589;-29.83;12.36
21.12.2024 10:30;0;-55.61931889;0.451;-32.23777444;0;-89;0;0;0;0;14.39915;-8.194162222;170.2011056;-19.88;12.36
21.12.2024 10:45;0.030246667;-34.41147778;4.427512222;-10.62738222;0;-193;0;0;0;0;13.01785444;-18.64610889;239.2093556;-14.54;19.47
21.12.2024 11:00;4.854873333;-18.18046889;0;-112.6931122;0;-160;0;0;0;0;21.27059667;-14.72871667;279.4768278;-50.56;20.09
21.12.2024 11:15;0.737305556;-18.88129111;1.087593333;-43.35965444;0;-181;0;0;0;0;9.124896667;-12.84158;245.13273;-19.98;19.08
21.12.2024 11:30;0.057234444;-34.95754556;2.499426667;-18.31269;0;-197;0;0;0;0;12.79109667;-10.29273222;245.21521;-30.2;17.17
21.12.2024 11:45;0.612931111;-28.22700889;7.118285556;-8.504647778;0;-242;0;0;0;0;8.618972222;-13.91035222;276.29182;-50.77;18.69
21.12.2024 12:00;0;-53.76991556;0.002168889;-30.21287111;0;-174;0;0;0;0;12.63887111;-9.211964444;254.5537111;-32.31;10.25
21.12.2024 12:15;0;-41.32637111;0.088475556;-38.91241889;0;-230;0;0;0;0;11.02698667;-12.90418;312.0275078;-51.75;10.25
21.12.2024 12:30;2.57961;-10.58456889;0.469733333;-33.77752778;0;-265;0;0;0;0;14.83806778;-7.929155556;299.4038411;-77.47;19.62
21.12.2024 12:45;0.710446667;-33.14371444;0.990268889;-14.31516556;0;-259;0;0;0;0;7.34077;-15.11529111;312.5326856;-72.13;19.62
21.12.2024 13:00;1.273735556;-28.94517889;0.254933333;-17.02063333;0;-210;0;0;0;0;16.02646444;-11.77297;250.1836489;-52.66;19.91
21.12.2024 13:15;1.557747778;-24.13234222;0.454613333;-3.777771111;0;-229;0;0;0;0;12.71293;-14.68346556;256.8682878;-56.27;20.34
21.12.2024 13:30;0;-46.3939;0.25204;-10.97923333;0;-210;0;0;0;0;11.22312889;-11.20880222;267.1067667;-52.66;10.34
21.12.2024 13:45;0;-32.46026667;0.92286;-16.82696889;0;-210;0;0;0;0;12.67739667;-12.70724333;258.3942222;-52.66;10.34
21.12.2024 14:00;29.5143;-4.475761111;22.95971222;-7.239224444;0;-311;0;0;0;0;21.70924444;-13.46055556;261.9922844;-62.99;25.25
21.12.2024 14:15;32.23036778;-1.256911111;0.097472222;-3.254346667;0;-241;0;0;0;0;10.35347444;-16.31314889;219.1430922;-56.19;22.71
21.12.2024 14:30;110.57724;0;0;-0.084234444;0;-226;0;0;0;0;22.69965556;-8.581525556;101.3888644;-54.51;53.61
21.12.2024 14:45;160.2655778;0;20.27638778;-0.070031111;0;-195;0;0;0;0;19.20002222;-25.28509444;20.61313778;-51.21;91.39
21.12.2024 15:00;11.38303667;-3.852943333;157.5058022;0;0;-213;0;0;0;0;12.87301556;-21.04329778;56.13438667;-17.99;23.95
21.12.2024 15:15;90.84866444;-0.000677778;80.32499778;0;0;-180;0;0;0;0;20.93583778;-14.98889222;2.88007;-14.36;52.47
21.12.2024 15:30;43.63186333;0;11.47030444;-3.213364444;10;0;0;0;0;0;13.10004889;-16.37750222;-58.61135;9.93;30.06
21.12.2024 15:45;18.34200444;-7.129583333;1.960388889;-12.83010667;112;0;0;0;0;0;13.78417333;-18.07371111;-108.0531656;1.41;23.29
21.12.2024 16:00;3.010105556;-14.90206333;24.50770556;-4.732207778;0;-15;0;0;0;0;15.16465;-13.55685;5.50866;-2.87;19.89
21.12.2024 16:15;18.43602667;-0.335415556;29.87563889;-4.806614444;40;0;0;0;0;0;13.1787;-13.11496778;-83.23336778;4.07;22.83
21.12.2024 16:30;19.23732556;-1.798364444;20.19890889;-2.410377778;94;0;0;0;0;0;14.16040556;-11.36964556;-132.0182522;3.71;26.64
21.12.2024 16:45;43.45189222;0;5.264032222;-1.422507778;171;0;0;0;0;0;11.74451222;-14.91126889;-215.12666;-26.05;28.98
21.12.2024 17:00;22.26792889;-1.047636667;5.727847778;-11.23352222;0;-11;0;0;0;0;18.11085889;-12.73681778;-10.08865889;3.29;23.76
21.12.2024 17:15;18.24395333;-1.503213333;1.163043333;-31.23506667;47;0;0;0;0;0;11.60888778;-17.59384333;-27.68376111;3.98;30.8
21.12.2024 17:30;4.807118889;-1.173498889;0.296367778;-43.39708222;84;0;0;0;0;0;12.46501667;-10.87398778;-46.12393444;4.16;19.82
21.12.2024 17:45;8.774268889;-1.881908889;2.080572222;-40.07544;98;0;0;0;0;0;16.56574889;-10.45763333;-73.00560778;4.13;28.74
21.12.2024 18:00;207.8705522;0;73.53410556;0;45;0;0;0;0;0;21.57497889;-11.33572222;-336.6439144;10.24;188.46
21.12.2024 18:15;63.61735444;-9.735243333;0.946506667;-6.289117778;0;-57;0;0;0;0;7.368157778;-24.70999889;25.80234111;2.12;116.73
21.12.2024 18:30;3.205016667;-8.349071111;0.417528889;-10.71060889;0;-77;0;0;0;0;10.96514667;-12.59059889;94.06258667;2.68;20.9
21.12.2024 18:45;7.382664444;-2.165651111;2.45992;-37.30619;0;-77;0;0;0;0;14.25589667;-11.15612889;103.5294889;3.69;21.43
21.12.2024 19:00;11.11015889;-1.171322222;66.66734444;-0.400524444;0;-78;0;0;0;0;10.99745444;-12.12186667;2.918755556;4.17;25.2
21.12.2024 19:15;14.99592778;-4.659975556;23.43109444;-9.079113333;0;-78;0;0;0;0;12.34290333;-13.56117333;54.53033667;3.21;24.64
21.12.2024 19:30;2.949765556;-8.167452222;7.249385556;-16.12369889;0;-78;0;0;0;0;10.97414;-11.50797889;92.62583889;3.07;19.91
21.12.2024 19:45;3.39083;-2.862135556;1.761586667;-66.13089556;0;-118;0;0;0;0;10.35916111;-10.56993444;182.0513878;3.56;19.85
21.12.2024 20:00;10.79495667;-2.722024444;0.349658889;-19.97923889;10;0;0;0;0;0;11.47623333;-9.396412222;-0.523173333;3.7;20.59
21.12.2024 20:15;2.800701111;-12.55953667;0.502813333;-35.83967111;0;-15;0;0;0;0;6.302363333;-12.25831333;66.05164333;1.43;19.81
21.12.2024 20:30;2.799054444;-11.10648444;0.98176;-38.47827667;0;-63;0;0;0;0;13.84735111;-10.05371556;105.0103111;2.33;19.91
21.12.2024 20:45;0.834821111;-18.69493;4.077684444;-29.31501;0;-124;0;0;0;0;11.55354111;-10.02767222;165.5715656;0.97;19.6
21.12.2024 21:00;4.565018889;-1.30791;0.232795556;-47.16861111;0;-15;0;0;0;0;11.13039667;-10.63585778;58.18416778;4.15;19.75
21.12.2024 21:15;2.191972222;-3.301318889;0.357168889;-51.43715222;0;-15;0;0;0;0;9.129498889;-10.19830222;68.25813333;4.1;19.68
21.12.2024 21:30;0.874571111;-10.20086222;1.432878889;-42.51680889;0;-74;0;0;0;0;8.784462222;-11.18869111;126.81445;2.84;19.55
21.12.2024 21:45;7.474375556;-33.02693889;0.873277778;-18.28516111;0;-114;0;0;0;0;10.68279222;-14.58930111;160.8709556;-5.4;22.73
21.12.2024 22:00;25.25892222;-3.424483333;4.342307778;-5.186271111;0;-65;0;0;0;0;17.43492444;-8.960763333;35.53536333;-0.12;22.56
21.12.2024 22:15;13.30972889;-6.677241111;34.26388444;-0.276191111;0;-98;0;0;0;0;5.684142222;-11.85817333;63.55385;2.07;22.89
21.12.2024 22:30;0.033772222;-19.48690556;0.306097778;-57.33528333;52;0;0;0;0;0;10.07405333;-10.84148778;25.24975333;1.85;19.47
21.12.2024 22:45;0;-61.98119;0;-66.54551;52;0;0;0;0;0;11.61325333;-11.62188778;76.53533444;-12.22;16.18
21.12.2024 23:00;8.588333333;-10.84419;1.750882222;-28.99335667;49;0;0;0;0;0;14.94546444;-13.78743222;-20.65970111;1.33;24.77
21.12.2024 23:15;0;-62.23047556;0.018631111;-35.04588778;49;0;0;0;0;0;6.272527778;-11.34848444;53.33368889;-16.2;16.35
21.12.2024 23:30;0;-53.01796778;0.042866667;-11.47727444;0;-59;0;0;0;0;9.097463333;-6.823767778;121.17868;-8.37;11.6
21.12.2024 23:45;0;-48.45430667;0.54796;-10.44610889;0;-80;0;0;0;0;10.73786333;-9.750673333;137.3652656;-35.43;11.6
22.12.2024 00:00;130.6887433;-2.843288889;3.768826667;-0.522615556;8;0;0;0;0;0;25.93825889;-6.298576667;-158.7313478;-0.82;81.87
22.12.2024 00:15;210.4496289;0;0;0;0;-50;0;0;0;0;11.98186667;-12.81059889;-159.6208967;3.44;123.54
22.12.2024 00:30;113.8161811;0;23.37075444;0;0;-82;0;0;0;0;7.618242222;-16.79333444;-46.01184333;0.25;47.65
22.12.2024 00:45;4.057622222;-20.28225667;3.927004444;-47.95525556;56;0;0;0;0;0;6.190881111;-13.66668778;11.72869222;-2.58;20.32
22.12.2024 01:00;35.48705333;-1.828885556;7.726111111;-4.795317778;50;0;0;0;0;0;13.38622222;-7.373891111;-92.60129222;1;24.67
22.12.2024 01:15;2.459296667;-1.853277778;1.216133333;-51.55681444;119;0;0;0;0;0;5.541118889;-7.333682222;-67.47277444;4.17;18.72
22.12.2024 01:30;3.919262222;-1.929245556;0.156955556;-23.41392556;70;0;0;0;0;0;5.133755556;-6.370685556;-47.49611667;2.07;18.54
22.12.2024 01:45;0.59909;-3.167713333;0.212622222;-34.19402111;11;0;0;0;0;0;5.785088889;-4.87411;24.63904333;2.09;17.85
22.12.2024 02:00;63.47141556;-0.076768889;0;-1.878244444;79;0;0;0;0;0;13.13420222;-10.74384;-142.9067644;4.15;41.32
22.12.2024 02:15;3.566075556;-3.306738889;0.047995556;-44.24736444;35;0;0;0;0;0;3.340707778;-5.921662222;11.52098667;4.08;18.92
22.12.2024 02:30;0.236138889;-23.13299556;0;-62.60517222;25;0;0;0;0;0;4.58545;-7.994011111;63.91059;-0.51;16.81
22.12.2024 02:45;0.541717778;-21.99461667;0.884151111;-25.11652778;0;-32;0;0;0;0;9.313423333;-3.131231111;71.50308333;-2.35;17.3
22.12.2024 03:00;16.23711333;-2.557517778;0;-72.24957778;119;0;0;0;0;0;10.12963556;-9.972577778;-60.58707556;2.46;23.07
22.12.2024 03:15;0.118136667;-15.56207111;0;-47.20422111;55;0;0;0;0;0;6.783872222;-7.067328889;7.931612222;0.19;16.2
22.12.2024 03:30;6.264626667;-0.055737778;0.51272;-8.575154444;0;-37;0;0;0;0;5.092755556;-4.779468889;38.54025889;2.21;17.62
22.12.2024 03:45;9.226748889;-0.245631111;0.951131111;-5.363212222;0;-67;0;0;0;0;6.012675556;-4.753647778;61.17193556;0.57;17.93
22.12.2024 04:00;5.751692222;-0.085713333;0.974971111;-6.289048889;18;0;0;0;0;0;4.775143333;-3.569042222;-19.55800222;2.88;18.89
22.12.2024 04:15;8.133545556;-0.586065556;0.896142222;-11.07559444;0;0;0;0;0;0;4.553232222;-5.318177778;3.396917778;2.82;18.51
22.12.2024 04:30;6.456295556;-0.136444444;2.363793333;-6.625528889;0;-27;0;0;0;0;4.765955556;-4.40755;24.58347889;2.37;17.55
22.12.2024 04:45;4.469937778;-1.35714;5.918141111;-5.454111111;0;-37;0;0;0;0;5.777754444;-7.463911111;35.10932889;2.13;18.33
22.12.2024 05:00;18.31663444;-2.943512222;0.352048889;-6.73524;0;-20;0;0;0;0;8.341475556;-5.336357778;8.004951111;0.6;19.59
22.12.2024 05:15;25.42884556;-0.135088889;0;-6.405138889;0;-20;0;0;0;0;6.819705556;-10.59516222;4.886838889;2.25;20.14
22.12.2024 05:30;9.358438889;-0.066728889;0.0976;-6.650384444;0;0;0;0;0;0;5.890833333;-4.65441;-3.975348889;2.88;18.86
22.12.2024 05:45;16.67140333;-0.296491111;0.689776667;-5.016545556;0;0;0;0;0;0;7.493204444;-8.684032222;-10.85731556;2.68;19.48
22.12.2024 06:00;10.54252222;-1.042073333;0;-27.49838778;0;-63;0;0;0;0;10.07188222;-8.837383333;79.76344;-1.1;20.08
22.12.2024 06:15;6.418724444;-1.339501111;0;-35.18691111;0;-50;0;0;0;0;7.509493333;-8.482795556;81.08099;1.81;19.81
22.12.2024 06:30;1.890037778;-1.977397778;0;-78.08990444;9;0;0;0;0;0;7.824694444;-7.375737778;68.72830778;3.92;19.54
22.12.2024 06:45;1.124673333;-3.27296;0;-110.5321478;33;0;0;0;0;0;8.053948889;-7.685255556;79.31174111;3.95;19.29
22.12.2024 07:00;2.035577778;-3.61883;0;-147.4704622;33;0;0;0;0;0;8.114665556;-9.178055556;117.1171044;1.52;19.55
22.12.2024 07:15;3.655591111;-1.154777778;0;-33.75246667;0;-90;0;0;0;0;8.204511111;-7.775352222;120.8224944;-4.41;19.67
22.12.2024 07:30;6.155205556;-0.487194444;0.293333333;-24.49870333;0;-57;0;0;0;0;8.047911111;-7.719738889;75.20918667;0.9;19.78
22.12.2024 07:45;1.472562222;-6.650385556;3.847444444;-33.04843889;0;-20;0;0;0;0;10.55854222;-10.43863222;54.25890778;2.66;19.6
22.12.2024 08:00;1.187741111;-14.45515556;0;-96.95064667;0;-20;0;0;0;0;8.820253333;-9.577628889;130.9754367;-1.41;19.64
22.12.2024 08:15;0.438232222;-9.72397;0.3715;-40.45356333;0;-20;0;0;0;0;9.728451111;-9.053031111;68.69238111;2.33;19.51
22.12.2024 08:30;16.96898444;-4.675424444;17.78153889;-7.234461111;0;-20;0;0;0;0;11.11002;-7.823857778;-6.1268;1.45;22.69
22.12.2024 08:45;51.42876333;-0.232746667;13.50935556;-0.275942222;0;0;0;0;0;0;11.18193889;-14.69972222;-60.91164667;4.22;29.86
22.12.2024 09:00;49.03565556;-1.473925556;9.484276667;-6.369568889;0;0;0;0;0;0;19.67634333;-11.62352;-58.72926111;0.36;33.92
22.12.2024 09:15;57.9297;-0.069306667;87.07182222;0;0;0;0;0;0;0;11.45944111;-18.19337778;-138.1982789;4.29;49.2
22.12.2024 09:30;4.402381111;-0.822337778;200.3890356;0;0;0;0;0;0;0;9.207358889;-9.447413333;-203.7290244;4.26;19.92
22.12.2024 09:45;8.036567778;-1.135245556;240.4774433;0;0;0;0;0;0;0;10.58160333;-11.14530889;-246.81506;4.17;20.23
22.12.2024 10:00;64.44974667;-0.04096;111.9355089;0;25;0;0;0;0;0;19.08261889;-14.74855889;-205.6783556;2.88;38.5
22.12.2024 10:15;12.78345778;-1.186923333;138.3293178;0;37;0;0;0;0;0;8.894565556;-13.21668222;-182.6037356;2.01;22.82
22.12.2024 10:30;19.40688;-1.041802222;132.1847422;0;42;0;0;0;0;0;9.83971;-11.23368333;-191.1558467;3.6;21.43
22.12.2024 10:45;2.245005556;-3.903662222;58.73519889;-0.761173333;180;0;0;0;0;0;10.56775222;-9.712733333;-237.1703878;3.32;20.17
22.12.2024 11:00;143.1875356;-0.06578;13.14930556;0;5;0;0;0;0;0;24.24890333;-7.004655556;-178.5153089;4.07;118.09
22.12.2024 11:15;111.0803222;0;64.56108222;0;0;0;0;0;0;0;7.510323333;-23.09570778;-160.05602;6.89;103.13
22.12.2024 11:30;43.97624889;0;99.53165889;0;50;0;0;0;0;0;9.202761111;-10.84256778;-191.8681011;6.89;35.8
22.12.2024 11:45;11.42643111;-0.99053;104.7167544;0;50;0;0;0;0;0;13.80207667;-9.900461111;-169.0542711;3.86;26.49
22.12.2024 12:00;15.63314;-0.717502222;4.228563333;-15.83475889;132;0;0;0;50;0;11.55408222;-15.68220222;-181.1813222;4.07;37.35
22.12.2024 12:15;21.86155556;-0.73906;11.22988556;-4.094572222;132;0;0;0;50;0;10.08544778;-11.02674;-209.3165167;4.07;25.32
22.12.2024 12:30;53.87490667;-0.013021111;0.722415556;-3.032857778;132;0;0;0;50;0;16.14315222;-9.587937778;-240.1066578;4.32;39.32
22.12.2024 12:45;51.68740556;0;0.030395556;-1.206874444;100;0;0;0;50;0;12.97824444;-13.59456889;-199.8946022;7.56;43.62
22.12.2024 13:00;157.4740833;0;0;-1.381297778;45;0;0;0;50;0;22.54936111;-10.38278333;-263.2593633;6.71;121.35
22.12.2024 13:15;200.9665256;0;0;0;45;0;0;0;50;0;7.166914444;-15.19040333;-287.9430367;6.71;142.14
22.12.2024 13:30;67.78143889;0;19.82349667;0;150;0;0;0;50;0;5.233831111;-13.71445222;-279.1243144;6.71;44.41
22.12.2024 13:45;12.31365333;-2.016465556;8.545872222;-16.30658889;185;0;0;0;50;0;8.474963333;-11.12033222;-234.8911022;2.36;22.14
22.12.2024 14:00;0.639918889;-20.25553556;0.785102222;-72.04573444;300;0;0;0;0;0;11.34928222;-11.06416111;-209.4088722;0.3;20.07
22.12.2024 14:15;3.011191111;-3.108583333;0;-70.30968667;248;0;0;0;0;0;11.64960667;-11.83918556;-177.4033422;2.3;20.53
22.12.2024 14:30;2.554638889;-2.550441111;0;-100.1576144;248;0;0;0;0;0;11.81639444;-11.94854889;-147.7144289;2.6;20.32
22.12.2024 14:45;2.343341111;-3.478996667;0;-90.03217889;214;0;0;0;0;0;11.28960222;-12.79433;-121.3274378;2.07;20.28
22.12.2024 15:00;1.520182222;-9.737797778;0.025111111;-94.53776889;197;0;0;0;0;0;11.66202667;-9.791655556;-96.14009778;0.01;20.24
22.12.2024 15:15;3.874785556;-3.544236667;3.739873333;-62.20554889;155;0;0;0;0;0;13.21694889;-13.82350444;-96.25831778;2.01;20.87
22.12.2024 15:30;3.623708889;-1.444623333;0.099911111;-56.11221667;155;0;0;0;0;0;10.40638889;-9.901514444;-101.6716544;4.12;20.34
22.12.2024 15:45;11.48574556;-0.23858;6.727248889;-6.759185556;100;0;0;0;0;0;11.64874444;-11.68318333;-111.18079;4.3;22.01
22.12.2024 16:00;0.690775556;-14.25875444;0.0136;-83.44591778;100;0;0;0;0;0;11.78033444;-12.53738667;-2.242651111;-0.21;20.09
22.12.2024 16:15;2.287851111;-3.897695556;0.437528889;-43.18561222;100;0;0;0;0;0;11.09511222;-11.14260778;-55.59457667;3.19;20.4
22.12.2024 16:30;15.18149;-0.836578889;13.25876667;-22.37450444;50;0;0;0;0;0;14.29333111;-9.8448;-59.67770444;3.6;24.05
22.12.2024 16:45;45.40648333;-0.698101111;17.60358333;-11.54059111;50;0;0;0;0;0;12.84775222;-14.49487667;-99.12425;3.72;40.43
22.12.2024 17:00;6.984178889;-2.428515556;1.951797778;-45.96386333;50;0;0;0;0;0;11.47948667;-12.95685;-9.066234444;3.34;24.25
22.12.2024 17:15;4.777424444;-1.678321111;1.603927778;-36.33404889;50;0;0;0;0;0;11.51233667;-11.72936333;-18.15195556;3.92;20.49
22.12.2024 17:30;12.18709;-0.455041111;4.418057778;-18.02382333;50;0;0;0;0;0;11.47784667;-10.98606;-48.61807;4.23;22.18
22.12.2024 17:45;21.06933889;-0.917016667;11.12853778;-5.465042222;50;0;0;0;0;0;10.20233111;-12.46445333;-73.55369556;3.44;26.95
22.12.2024 18:00;0.304086667;-12.01265222;6.866142222;-9.857233333;50;0;0;0;0;0;10.96978556;-9.588501111;-36.68162778;2.76;20.15
22.12.2024 18:15;0.69064;-12.14326667;14.74996556;-12.68018889;50;0;0;0;0;0;9.22527;-12.32963556;-37.51278444;2.18;20.12
22.12.2024 18:30;0;-39.34583556;0.893458889;-11.42740444;50;0;0;0;0;0;10.69663;-12.00982778;1.192978889;0.09;16.11
22.12.2024 18:45;0;-51.91557222;3.272841111;-1.394677778;50;0;0;0;0;0;16.47243556;-15.46874556;-0.966281111;-4.43;16.09
22.12.2024 19:00;3.716756667;-2.950706667;79.10807222;-0.260584444;50;0;0;0;0;0;13.71663444;-10.92257333;-132.4075989;3.28;20.42
22.12.2024 19:15;7.05553;-2.108293333;56.46733444;-4.533592222;50;0;0;0;0;0;10.46794444;-11.64606333;-105.70286;3.78;21.59
22.12.2024 19:30;4.420965556;-2.105972222;17.77935333;-5.06457;50;0;0;0;0;0;10.64861;-9.75398;-65.92440667;3.91;20.34
22.12.2024 19:45;1.052375556;-15.84186556;13.92966111;-13.68052222;50;0;0;0;0;0;11.75673778;-12.98152333;-34.23486333;0.7;20.4
22.12.2024 20:00;77.09133444;-0.364584444;29.58868222;-0.183004444;41;0;0;0;0;0;19.89062889;-17.01713667;-150.00592;3.68;67.21
22.12.2024 20:15;5.838476667;-3.023543333;63.66134222;-1.145208889;41;0;0;0;0;0;8.881834444;-12.55778778;-102.6551133;3.51;21.4
22.12.2024 20:30;1.556794444;-6.729182222;17.56463667;-5.433728889;41;0;0;0;0;0;11.91214444;-9.966881111;-49.90378333;3.39;20.14
22.12.2024 20:45;0.692268889;-20.62555222;10.02937444;-16.29228444;41;0;0;0;0;0;8.593487778;-11.62757;-11.76972444;-0.18;20.09
22.12.2024 21:00;94.67474444;-0.737167778;8.997978889;-1.64832;57;0;0;0;0;0;21.81370333;-10.86428333;-169.2366556;1.58;62.28
22.12.2024 21:15;42.69477;-2.086038889;15.63180667;-3.453747778;57;0;0;0;0;0;8.39004;-17.12784222;-101.0489878;3.34;46.64
22.12.2024 21:30;6.468912222;-8.235946667;4.041521111;-8.528405556;100;0;0;0;0;0;10.24493778;-11.47974889;-92.51127;2.2;21.31
22.12.2024 21:45;1.052521111;-13.54736444;5.537926667;-37.64458222;100;0;0;0;0;0;12.02145667;-10.78665111;-56.63330667;0.24;20.18
22.12.2024 22:00;11.34860556;-0.731475556;2.709207778;-19.98132333;104;0;0;0;0;0;10.98417667;-9.990477778;-98.33871333;3.63;20.93
22.12.2024 22:15;7.896721111;-9.853365556;6.038162222;-11.88835111;105;0;0;0;0;0;8.31869;-10.45220778;-95.05964889;2.38;20.18
22.12.2024 22:30;4.76006;-8.300647778;8.234111111;-14.15058;105;0;0;0;0;0;11.38864333;-10.80625333;-96.12533333;1.46;19.58
22.12.2024 22:45;5.109588889;-6.652554444;6.262846667;-43.92930333;50;0;0;0;0;0;9.519017778;-9.939247778;-10.37034778;1.63;19.59
22.12.2024 23:00;68.71594;-1.135527778;4.248707778;-9.416795556;118;0;0;0;0;0;15.60168111;-11.80662;-184.2073856;2.4;41.63
22.12.2024 23:15;4.0142;-21.88924111;3.605542222;-17.58003889;119;0;0;0;0;0;5.809192222;-10.74793111;-82.21172333;0.38;18.67
22.12.2024 23:30;2.509364444;-18.34024222;1.877694444;-22.05656111;50;0;0;0;0;0;11.10678333;-11.95553333;-13.14150556;-1;18.28
22.12.2024 23:45;0;-54.94766333;0.383191111;-5.04186;50;0;0;0;0;0;14.83885778;-11.75993889;6.527413333;-27.71;15.22
23.12.2024 00:00;20.21389222;-2.677268889;28.56108222;-0.826485556;40;0;0;0;0;0;12.38441778;-10.73077444;-86.92486333;3.12;17.35
23.12.2024 00:15;12.27064111;-6.881373333;13.27453556;-0.06868;40;0;0;0;0;0;6.950981111;-9.925987778;-55.62011667;1.38;17.04
23.12.2024 00:30;0.909413333;-8.468694444;8.507548889;-2.163885556;0;0;0;0;0;0;6.742114444;-7.096838889;1.570342222;0.24;14.12
23.12.2024 00:45;0;-37.06502889;0.297288889;-4.427044444;0;0;0;0;0;0;6.757257778;-8.811861111;43.24938778;-3.45;8.22
23.12.2024 01:00;11.52100444;-2.843157778;0.920301111;-11.40042333;45;0;0;0;0;0;11.23723111;-6.289336667;-48.14561889;1.27;15.36
23.12.2024 01:15;0.010036667;-12.76921778;0.002244444;-50.86542222;45;0;0;0;0;0;5.207996667;-8.990336667;22.40469889;0.97;13.2
23.12.2024 01:30;0;-26.07503444;0;-24.25858111;0;0;0;0;0;0;6.978924444;-6.075322222;49.43001333;-1.37;7.2
23.12.2024 01:45;0;-71.50456778;0;-7.255988889;0;0;0;0;0;0;4.15013;-8.415013333;83.02544;-22.78;7.2
23.12.2024 02:00;1.863051111;-5.893143333;0.18428;-22.98330556;0;0;0;0;0;0;11.24974778;-4.186517778;19.76588778;-1.61;11.87
23.12.2024 02:15;1.053733333;-14.15473333;18.57325556;-4.59819;0;-50;0;0;0;0;3.843838889;-6.270676667;51.55277222;-0.6;11.85
23.12.2024 02:30;1.147178889;-16.59560111;1.067866667;-4.521631111;0;-50;0;0;0;0;4.288452222;-6.637961111;71.25169556;-2.89;11.8
23.12.2024 02:45;0;-33.48415667;0;-22.20913222;0;-50;0;0;0;0;6.182428889;-4.812748889;104.3236089;-3.13;5.85
23.12.2024 03:00;13.92767444;-0.902097778;9.870976667;-3.097206667;0;-50;0;0;0;0;7.842628889;-5.67301;28.03103444;-1;11.5
23.12.2024 03:15;4.375684444;-0.465758889;1.321072222;-7.652196667;0;-50;0;0;0;0;4.406463333;-3.899234444;51.91397;-1;10.97
23.12.2024 03:30;0.945352222;-1.050061111;0.005506667;-32.29540556;0;-50;0;0;0;0;4.884475556;-4.555118889;82.06525111;-1;10.87
23.12.2024 03:45;0.053843333;-9.326014444;0;-34.23733111;0;-50;0;0;0;0;3.728258889;-5.451926667;95.23317;-1;10.88
23.12.2024 04:00;1.466592222;-1.227611111;0.853352222;-19.70608;0;-43;0;0;0;0;6.580671111;-4.943311111;59.97638667;-6.22;10.04
23.12.2024 04:15;2.95804;-0.667162222;2.159492222;-14.12746111;0;-43;0;0;0;0;5.110093333;-5.789083333;53.35608111;-6.22;10.09
23.12.2024 04:30;19.19124;-0.002575556;9.914333333;-1.901924444;0;-43;0;0;0;0;6.358794444;-4.050256667;13.49038889;-6.22;10.9
23.12.2024 04:45;46.17934444;-0.092093333;9.343373333;-0.776655556;0;-43;0;0;0;0;8.712284444;-9.773206667;-10.59304667;-6.22;14.65
23.12.2024 05:00;0.026714444;-24.63119222;0.08924;-37.20291333;0;-43;0;0;0;0;7.048634444;-8.933925556;106.6034422;-1.65;13.2
23.12.2024 05:15;3.067901111;-4.073891111;1.145365556;-22.23598889;0;-43;0;0;0;0;9.708925556;-7.51029;62.89797778;-0.98;15.04
23.12.2024 05:30;30.41639667;-0.029565556;9.732972222;-2.966764444;0;-43;0;0;0;0;12.9815;-9.120296667;1.985757778;-0.98;18.5
23.12.2024 05:45;40.53248778;-1.140002222;50.73135222;-3.76604;0;-43;0;0;0;0;12.53827;-17.43002778;-38.46604;-0.98;18.73
23.12.2024 06:00;0;-61.02213667;0;-67.36973556;0;-52;0;0;0;0;11.36285778;-13.22589778;182.2549122;-13.18;11.6
23.12.2024 06:15;0;-65.89329444;0.01396;-25.88584222;0;-20;0;0;0;0;9.854057778;-13.6065;115.5176189;-7.23;11.6
23.12.2024 06:30;0.684134444;-33.99833667;0;-17.58778778;0;0;0;0;0;0;16.40078;-6.740441111;41.24165111;-1.03;20.07
23.12.2024 06:45;36.72717222;-7.241617778;0.073524444;-7.872732222;0;-71;0;0;0;0;14.02669444;-21.8254;57.11235889;-4.78;22.24
23.12.2024 07:00;0;-236.7492433;0;-20.28854667;0;-60;0;0;0;0;19.07173333;-25.35562889;323.3216856;-105.56;13.94
23.12.2024 07:15;0;-72.84748778;0;-59.94045778;0;-100;0;0;0;0;16.51041333;-8.583128889;224.8606611;-10.4;13.94
23.12.2024 07:30;2.309026667;-19.37364333;8.27237;-13.89064444;0;-150;0;0;0;0;14.86760556;-9.08663;166.9019156;1.62;19.9
23.12.2024 07:45;22.57947111;-0.131156667;26.88360444;-3.702468889;0;-150;0;0;0;0;9.437373333;-10.23223222;105.1654089;4.32;21.11
23.12.2024 08:00;5.012748889;-3.336436667;40.47971444;-5.323101111;0;-250;0;0;0;0;10.70038667;-10.03388889;212.5005767;-2.33;19.86
23.12.2024 08:15;19.04607111;-1.530215556;17.71649667;-6.228656667;0;-150;0;0;0;0;11.05202111;-11.43070444;121.3749878;2.01;21.52
23.12.2024 08:30;50.61875556;0;10.73556556;-0.669597778;0;-150;0;0;0;0;15.12428556;-10.50913;84.70012111;2.39;24.23
23.12.2024 08:45;117.34851;0;22.75485111;0;0;-150;0;0;0;0;15.25771667;-11.35332333;5.992245556;2.38;28.29
23.12.2024 09:00;156.9773878;0;0.996933333;-0.329408889;0;-150;0;0;0;0;17.84617889;-13.46136222;-12.02972889;0.51;43.03
23.12.2024 09:15;69.83451778;-0.031195556;0.533418889;-2.549906667;0;0;0;0;0;0;5.031742222;-17.19892444;-55.61965222;4.32;31.81
23.12.2024 09:30;9.553773333;-0.738927778;1.74755;-22.75254556;90;0;0;0;0;0;12.44926333;-11.70892778;-78.55018556;3.84;21.56
23.12.2024 09:45;5.794678889;-14.47021333;9.615446667;-27.42736333;110;0;0;0;0;0;9.465637778;-14.45365222;-78.52453444;0.76;21.38
23.12.2024 10:00;11.97577667;-1.679544444;0.292133333;-36.15536667;157;0;0;0;0;0;18.61598111;-13.89243556;-136.1565444;0.68;21.53
23.12.2024 10:15;0.810954444;-24.76534444;0;-79.60596;207;0;0;0;0;0;8.550083333;-12.54154111;-99.44819222;-3.8;19.67
23.12.2024 10:30;3.621152222;-7.271723333;0.836172222;-81.59795444;207;0;0;0;0;0;13.89651889;-9.506328889;-126.9778367;-1.64;19.83
23.12.2024 10:45;80.11611;0;4.854903333;-0.276014444;0;0;0;0;0;0;16.29801889;-11.49930556;-89.49371222;9.63;25.84
23.12.2024 11:00;51.59696556;0;2.864418889;-0.454355556;0;0;0;0;0;0;13.93476;-11.23563222;-56.70615667;8.7;23.37
23.12.2024 11:15;44.20600333;-6.913248889;14.12029556;-0.963864444;0;0;0;0;0;0;8.618142222;-20.10176111;-38.96556667;-1.11;24.5
23.12.2024 11:30;4.402661111;-9.23271;6.1502;-9.290562222;100;0;0;0;0;0;12.67305778;-9.786498889;-94.91614778;-0.85;19.93
23.12.2024 11:45;22.97594111;-0.240748889;18.85646667;-3.504798889;80;0;0;0;0;0;13.27800556;-12.68093333;-118.6839322;2.02;21.44
23.12.2024 12:00;67.26522444;0;73.22035111;-0.177951111;80;0;0;0;0;0;18.56199556;-11.96261;-226.90701;8.64;25.05
23.12.2024 12:15;31.12507667;-4.469802222;211.1766889;0;0;-10;0;0;0;0;12.94326;-21.31725;-219.4579733;3.34;33.13
23.12.2024 12:30;61.94241333;-0.022514444;59.68105556;-0.217013333;96;0;0;0;0;0;18.04933333;-12.07732444;-223.35595;4.07;24.25
23.12.2024 12:45;20.51201667;-13.11727;4.166422222;-19.00373333;200;0;0;0;0;0;12.49892111;-19.15444;-185.9019167;0.09;23.03
23.12.2024 13:00;50.07676;-0.533852222;2.905941111;-5.3009;192;0;0;0;0;0;16.74886667;-8.351493333;-247.5453222;3.67;24.89
23.12.2024 13:15;55.09357333;-0.114882222;9.21726;-3.258524444;192;0;0;0;0;0;9.798191111;-16.06635667;-246.6692611;4.23;25.68
23.12.2024 13:30;35.93899333;0;2.475511111;-2.095806667;192;0;0;0;0;0;11.96801667;-10.12125667;-230.1654578;8.58;22.57
23.12.2024 13:45;19.85445111;-0.93342;0.913816667;-21.20795778;192;0;0;0;0;0;7.945382222;-11.21951667;-187.3527556;4.11;22.55
23.12.2024 14:00;2.771384444;-2.655693333;0.069671111;-66.12879556;200;0;0;0;0;0;12.76770667;-11.66015;-135.1641233;3.96;19.65
23.12.2024 14:15;2.658961111;-3.876672222;0.011417778;-112.1360933;200;0;0;0;0;0;13.27309333;-13.82620333;-86.10450333;3.74;19.7
23.12.2024 14:30;1.434463333;-33.20138222;0;-87.38813778;200;0;0;0;0;0;15.91525667;-16.18517889;-80.57502111;-5.36;19.74
23.12.2024 14:45;7.976068889;-1.071643333;0.8607;-29.35599333;77;0;0;0;0;0;12.12974333;-11.80368111;-55.73519444;4.06;20.14
23.12.2024 15:00;5.791007778;-3.286795556;29.21293556;-5.774614444;0;0;0;0;0;0;13.97298444;-13.33520333;-26.58031444;3.64;20.35
23.12.2024 15:15;0.65022;-16.38250111;21.53060889;-6.742468889;0;0;0;0;0;0;11.44068111;-15.41583778;4.919297778;2.33;19.55
23.12.2024 15:30;0.977377778;-11.36378778;11.85340556;-8.626598889;0;0;0;0;0;0;13.90512889;-11.82209333;5.076567778;2.74;19.68
23.12.2024 15:45;1.83038;-21.04314778;19.15420667;-10.43541;0;0;0;0;0;0;13.36075889;-18.10629333;15.23950556;0.75;19.83
23.12.2024 16:00;0;-118.5333833;0;-14.66806667;0;0;0;0;0;0;21.30885333;-23.02839556;134.9209922;-13.35;14.31
23.12.2024 16:15;0;-56.54948333;0.246231111;-16.97090333;0;0;0;0;0;0;18.00348667;-13.78256778;69.05323667;0.12;14.31
23.12.2024 16:30;0;-46.02606333;1.115542222;-15.06189889;0;-20;0;0;0;0;16.49519556;-15.94995444;79.42717889;0.77;14.31
23.12.2024 16:45;5.23193;-7.505433333;0;-10.28400889;0;0;0;0;0;0;14.27786556;-14.35977889;12.63942556;3.47;22.56
23.12.2024 17:00;20.05519667;-4.328336667;29.89721556;-12.69053222;0;-75;0;0;0;0;18.89569444;-10.01248444;33.18324667;2.61;23.94
23.12.2024 17:15;61.88368222;0;52.90044889;-0.011937778;0;-75;0;0;0;0;11.57359222;-14.40373111;-36.94205444;7.68;25.94
23.12.2024 17:30;11.82074333;-0.535206667;52.27655778;-0.675564444;0;-40;0;0;0;0;10.78505667;-13.46846889;-20.20311778;4.65;22.47
23.12.2024 17:45;12.35244111;-6.074486667;33.97577;-6.019312222;0;-20;0;0;0;0;15.12804556;-16.11869556;-13.24376222;3.27;23.07
23.12.2024 18:00;2.160224444;-3.09488;38.65361111;-0.874208889;0;0;0;0;0;-36;11.37640889;-12.25338333;0.032227778;4.44;20.76
23.12.2024 18:15;6.566707778;-6.686874444;25.14929222;-3.497404444;0;0;0;0;0;-36;12.38713667;-15.02442222;17.10556444;3.72;22.14
23.12.2024 18:30;0.300968889;-17.51573111;9.264811111;-4.011212222;0;0;0;0;0;-36;13.10218778;-13.44455444;48.30353;3.12;20.63
23.12.2024 18:45;1.643867778;-12.97770333;14.28475556;-7.998886667;0;0;0;0;0;-36;14.49816;-13.78204778;40.33185444;2.45;21.24
23.12.2024 19:00;5.723602222;-1.50105;125.8396478;-0.022808889;0;0;0;0;0;-36;14.77565222;-13.15429222;-95.66075111;4.45;20.42
23.12.2024 19:15;1.116667778;-5.282517778;70.01388;-0.697373333;0;0;0;0;0;-36;9.977204444;-11.21930111;-27.90856;3.64;20.12
23.12.2024 19:30;1.722808889;-4.967976667;24.26896556;-2.453915556;0;0;0;0;0;-36;11.74318;-13.66050333;19.34744111;2.32;20.25
23.12.2024 19:45;0.292834444;-47.62803556;8.282915556;-7.41123;0;0;0;0;0;-36;11.59965222;-19.77081444;90.63467778;-6.09;20.27
23.12.2024 20:00;100.0826189;-4.110245556;0.921942222;-3.448712222;0;-20;0;0;0;0;30.91795;-9.631887778;-94.73166556;-2.92;29.98
23.12.2024 20:15;55.18255889;-0.839295556;2.520235556;-8.276044444;0;-20;0;0;0;0;8.7058;-18.18089444;-19.11236;4.61;27.09
23.12.2024 20:30;2.227785556;-8.48671;5.607152222;-13.75847444;0;-20;0;0;0;0;9.233373333;-11.11922778;36.29610111;4.06;20.27
23.12.2024 20:45;0.754256667;-36.72768889;2.612561111;-18.88084;0;-20;0;0;0;0;9.399686667;-14.64385333;77.48587778;-6.52;20.19
23.12.2024 21:00;32.90555;-4.179275556;71.84332444;-1.229548889;0;0;0;0;0;-36;22.77480889;-9.567605556;-76.54725333;-0.12;23.12
23.12.2024 21:15;58.76369;0;60.17539444;0;0;0;0;0;0;-36;10.81519;-15.7826;-77.97167444;9.13;24.58
23.12.2024 21:30;9.522277778;-1.20971;62.99594778;-0.003831111;0;0;0;0;0;-36;8.51725;-11.09778444;-32.72415;4.41;20.53
23.12.2024 21:45;1.237925556;-20.64884556;44.95640333;-21.90633667;0;0;0;0;0;-36;7.597897778;-14.49460222;39.25755778;-7.41;19.99
23.12.2024 22:00;93.61803111;-2.554114444;16.14467444;-7.277164444;0;0;0;0;0;0;21.93900556;-9.451748889;-112.4186833;-0.17;29.59
23.12.2024 22:15;74.06318889;0;73.02731778;0;0;-20;0;0;0;0;9.30477;-15.84498667;-120.55029;6.75;26.36
23.12.2024 22:30;45.19544778;-2.498098889;71.30815333;-0.001724444;26;0;0;0;0;0;16.09294333;-17.29142222;-138.8052989;4.15;24.34
23.12.2024 22:45;0.640858889;-18.28340889;29.44362444;-1.587805556;53;0;0;0;0;0;7.157088889;-11.22610111;-59.14425667;-2.95;18.25
23.12.2024 23:00;6.25963;-6.996668889;31.33299333;-2.482436667;166;0;0;0;0;0;14.03292444;-10.93427889;-197.2121633;3.67;21.45
23.12.2024 23:15;1.167935556;-9.837124444;20.06724333;-6.373521111;91;0;0;0;0;0;8.181456667;-10.75032556;-93.45566444;3.49;17.57
23.12.2024 23:30;0.309924444;-11.02917222;1.65553;-29.15201889;41;0;0;0;0;0;8.908677778;-7.891982222;-3.800958889;3.41;17.62
23.12.2024 23:45;0.687395556;-24.67704667;15.80022111;-4.510616667;0;-20;0;0;0;0;6.938232222;-15.54605333;41.30786778;-14.49;17.22
24.12.2024 00:00;6.116667778;-11.51461556;6.17956;-17.06462778;163;0;0;0;0;0;19.48760444;-9.707585556;-156.4970033;-6.42;19.5
24.12.2024 00:15;10.59475444;-11.85708556;4.400338889;-13.68306111;101;0;0;0;0;0;6.977858889;-9.905095556;-87.52771;2.18;20.55
24.12.2024 00:30;1.764997778;-8.908016667;0.301271111;-35.45856667;49;0;0;0;0;0;8.29722;-7.080113333;-7.916792222;3.32;16.82
24.12.2024 00:45;0;-30.33364222;0.46008;-8.518005556;0;-37;0;0;0;0;6.603476667;-10.42374889;79.21184;-4.97;10.34
24.12.2024 01:00;0.690101111;-18.80874889;1.055871111;-9.776077778;111;0;0;0;0;0;10.86591889;-8.295332222;-86.73173222;2.35;17.78
24.12.2024 01:15;0;-66.90224778;0.132373333;-4.386775556;73;0;0;0;0;0;5.748451111;-12.78779333;5.195992222;-13.29;14.17
24.12.2024 01:30;0;-58.21589444;0;-10.83716111;37;0;0;0;0;0;12.26049333;-5.977612222;25.77017444;-5.17;13.13
24.12.2024 01:45;0.630014444;-21.91787111;0;-22.93769;0;-18;0;0;0;0;8.438324444;-8.056271111;61.84349333;0.03;14.91
24.12.2024 02:00;2.008978889;-3.051875556;3.858195556;-40.95811111;102;0;0;0;0;0;8.327896667;-5.037393333;-67.14769111;2.76;18.28
24.12.2024 02:15;0.817314444;-3.108016667;0.027737778;-38.77219556;45;0;0;0;0;0;3.240298889;-5.364316667;-1.840822222;4.34;15.59
24.12.2024 02:30;0.098604444;-21.51555778;1.050773333;-13.90711778;25;0;0;0;0;0;4.181577778;-8.419815556;13.51153556;0.14;14.96
24.12.2024 02:45;0;-42.65449667;0;-22.96966889;0;-24;0;0;0;0;8.333321111;-8.786915556;90.07776;-2.3;9.23
24.12.2024 03:00;2.537136667;-3.157543333;31.64236889;-19.20736;0;-24;0;0;0;0;9.751818889;-5.098198889;7.531777778;2.76;17.48
24.12.2024 03:15;2.311215556;-0.601663333;47.58195;-0.013031111;0;-24;0;0;0;0;4.506291111;-4.895291111;-24.88947111;4.75;15.09
24.12.2024 03:30;2.759038889;-0.523521111;4.430882222;-11.85547111;0;-24;0;0;0;0;4.432822222;-5.103693333;29.85994222;4.77;15.36
24.12.2024 03:45;3.109262222;-0.464395556;8.159338889;-3.781011111;0;-69;0;0;0;0;5.007615556;-4.894187778;61.86337778;3.82;15.5
24.12.2024 04:00;6.489102222;-0.144714444;1.45562;-4.095863333;0;-20;0;0;0;0;4.959528889;-4.39508;15.73140667;4.64;16.54
24.12.2024 04:15;3.571772222;-0.294051111;0.824761111;-12.37275667;0;0;0;0;0;0;5.371891111;-5.464127778;8.362511111;4.58;15.38
24.12.2024 04:30;4.582361111;-0.423306667;1.622347778;-6.892681111;0;-1;0;0;0;0;5.255552222;-5.905744444;2.761471111;4.51;15.45
24.12.2024 04:45;9.526102222;-0.277096667;2.384241111;-6.215833333;20;0;0;0;0;0;5.864796667;-6.797074444;-24.48513556;4.54;16.62
24.12.2024 05:00;20.77148556;-0.607768889;7.751;-8.275726667;0;-89;0;0;0;0;9.81261;-5.931575556;65.47997556;2.29;19.24
24.12.2024 05:15;46.48750333;0;9.752522222;-0.52644;0;-49;0;0;0;0;11.30780667;-14.54842111;-3.472971111;3.95;20.33
24.12.2024 05:30;34.57383222;0;5.008454444;-1.002513333;20;0;0;0;0;0;9.73878;-9.898008889;-58.42054444;6.73;19.59
24.12.2024 05:45;8.980712222;-1.974004444;3.319508889;-8.019277778;94;0;0;0;0;0;10.48179333;-8.436134444;-98.35259778;4.34;18.39
24.12.2024 06:00;12.56036778;-1.87106;3.253168889;-35.41066778;0;-93;0;0;0;0;12.62424778;-15.64940667;117.49335;3.19;19.64
24.12.2024 06:15;0.765513333;-16.82305333;1.078163333;-24.28098;0;-9;0;0;0;0;7.755548889;-9.466963333;49.97177111;2.27;17.55
24.12.2024 06:30;0.025362222;-26.05101444;0.089272222;-37.73501667;62;0;0;0;0;0;10.74624889;-11.52830222;2.45345;0.17;19.35
24.12.2024 06:45;0;-42.24107444;0.217791111;-56.37778556;144;0;0;0;0;0;10.81868333;-16.37942111;-40.03819333;-1.82;16.3
24.12.2024 07:00;0;-86.90864556;0.561522222;-44.74058222;0;-71;0;0;0;0;17.67088333;-14.22310778;198.63993;-26.99;12.38
24.12.2024 07:15;0.04774;-15.85991222;2.124651111;-17.34451889;0;-52;0;0;0;0;10.06345;-8.99306;81.96165;3.28;20.02
24.12.2024 07:30;1.404075556;-11.25502111;13.17396778;-7.207255556;0;0;0;0;0;0;11.10537444;-8.594022222;1.372881111;2.76;20.2
24.12.2024 07:45;14.83631667;-0.271131111;7.865135556;-11.23779667;86;0;0;0;0;0;14.97912444;-11.41466778;-100.7569811;4.5;21.34
24.12.2024 08:00;13.11699222;-10.59475111;35.62489444;-5.841608889;0;-50;0;0;12;0;15.36459556;-16.76433556;7.094213333;-3.87;21.6
24.12.2024 08:15;38.14115;0;19.19257889;-1.765408889;0;-10;0;0;12;0;10.48694778;-12.31799667;-55.73727111;6.87;22.92
24.12.2024 08:30;5.972096667;-2.603064444;34.79919222;-3.550996667;60;0;0;0;12;0;11.64258778;-13.02303333;-105.2367822;4.31;20.65
24.12.2024 08:45;21.28662889;-0.640328889;76.40289778;0;25;0;0;0;12;0;14.16641333;-11.82072889;-136.3948822;4.32;21.8
24.12.2024 09:00;93.30675222;0;15.89734667;0;26;0;0;0;0;0;17.28111667;-9.881471111;-142.6037444;10.08;25.88
24.12.2024 09:15;41.81355667;-0.527746667;19.20194;-3.025833333;100;0;0;0;0;0;5.731841111;-15.54384889;-147.6499089;3.91;24.83
24.12.2024 09:30;15.52708111;-0.196536667;10.18204778;-7.961315556;140;0;0;0;0;0;12.63809667;-10.33881333;-159.85056;4.77;21.37
24.12.2024 09:45;8.113195556;-10.06388333;7.339305556;-17.23180556;140;0;0;0;0;0;10.00300333;-13.78907222;-124.3707433;2.5;20.93
24.12.2024 10:00;7.680662222;-1.131312222;1.203672222;-18.91069111;153;0;0;0;0;0;11.76758333;-8.338742222;-145.2711722;3.42;20.49
24.12.2024 10:15;4.124351111;-14.32712222;0.880642222;-48.93814778;153;0;0;0;0;0;7.243352222;-11.74673;-90.23634556;1.21;20.68
24.12.2024 10:30;1.898053333;-10.08693111;0;-79.48794778;136;0;0;0;0;0;12.03860111;-9.501406667;-50.86036889;2.84;20.21
24.12.2024 10:45;0.047878889;-53.86744667;0;-67.34868667;90;0;0;0;0;0;7.54041;-17.31260111;40.94044556;-19.37;20.02
24.12.2024 11:00;0;-78.34811333;0.162764444;-25.35942889;12;0;0;0;0;0;16.80524556;-11.12304667;85.86257889;-22.99;14.91
24.12.2024 11:15;0;-122.1210522;0;-19.13011667;93;0;0;0;0;0;9.007706667;-17.07276222;56.31622444;-41.11;15.94
24.12.2024 11:30;0;-129.8398033;0.594615556;-1.237193333;93;0;0;0;0;0;21.15288;-8.672154444;25.00165556;-48.08;15.94
24.12.2024 11:45;3.465437778;-4.82814;56.58397222;-0.181742222;0;-89;0;0;0;0;13.27637333;-10.50077778;31.18487667;2.49;20.42
24.12.2024 12:00;2.926426667;-2.535258889;85.89191889;-0.659582222;37;0;0;0;0;0;12.23006778;-11.29800111;-123.5555711;4.19;20.25
24.12.2024 12:15;2.280668889;-3.484825556;138.4624811;-0.016266667;0;-55;0;0;0;0;11.07234667;-11.48166556;-81.83273889;3.14;20.16
24.12.2024 12:30;0.614421111;-8.176403333;25.72834444;-1.299467778;80;0;0;0;0;0;10.52002444;-11.26572111;-96.12119778;3.3;20.13
24.12.2024 12:45;0.086533333;-31.18965111;6.433631111;-3.925711111;96;0;0;0;0;0;10.97436667;-10.66729667;-67.71187222;-8.06;20.03
24.12.2024 13:00;6.137958889;-1.836337778;176.9640556;0;0;-49;0;0;0;0;12.75092444;-12.53582667;-132.4807744;2.24;20.66
24.12.2024 13:15;4.376344444;-5.976946667;97.95201556;-1.424933333;9;0;0;0;0;0;12.57596667;-13.43206111;-103.0703856;3.1;21.03
24.12.2024 13:30;0;-47.98949;0;-31.22188556;160;0;0;0;0;0;9.851592222;-12.86374333;-77.77647333;-9.13;15.64
24.12.2024 13:45;0;-47.87759222;0.009764444;-30.85552111;120;0;0;0;0;0;12.13787556;-12.17257667;-41.24195;-10.13;15.36
24.12.2024 14:00;14.23962889;-4.726967778;27.59293667;-29.98768444;0;0;0;0;0;0;15.48150889;-8.836801111;-13.76262111;-1.96;21.24
24.12.2024 14:15;57.88629222;0;11.66899222;-0.480062222;0;0;0;0;0;0;14.20003111;-10.82603556;-72.44921778;8.87;23.53
24.12.2024 14:30;78.94653111;0;0.313653333;0;0;0;0;0;0;0;13.49609444;-10.3871;-82.36917889;8.87;24.25
24.12.2024 14:45;97.67281;-0.286997778;11.81819778;-0.267884444;0;0;0;0;0;0;10.73243222;-18.78118444;-100.8873733;4.56;25.67
24.12.2024 15:00;5.061847778;-5.158008889;44.43583111;-5.206514444;0;0;0;0;0;0;11.13255778;-9.46945;-40.79626333;4.41;20.74
24.12.2024 15:15;26.12359778;-0.433344444;16.69756333;-2.658337778;41;0;0;0;0;0;12.38988333;-12.60201;-80.51735222;6.69;22.14
24.12.2024 15:30;40.00542333;-0.176324444;11.75905333;-1.014746667;83;0;0;0;0;0;14.28655778;-10.13965333;-137.72031;7.9;23.43
24.12.2024 15:45;22.59873778;-11.72660333;28.92112444;-2.834453333;89;0;0;0;0;0;9.297378889;-18.64772222;-116.6084622;-2.06;23.18
24.12.2024 16:00;0;-67.22032111;1.648495556;-4.310546667;89;0;0;0;0;0;17.78293556;-16.46321222;-20.43735111;-9.76;15.6
24.12.2024 16:15;0;-43.39613111;4.30176;-0.558436667;89;0;0;0;0;0;17.47098778;-17.45818444;-49.35999556;-2.34;15.64
24.12.2024 16:30;7.456723333;-7.395421111;56.68380111;-1.713064444;0;0;0;0;0;0;16.91268667;-12.34755889;-59.59716667;2.89;20.82
24.12.2024 16:45;9.548194444;-2.342118889;76.76590556;-1.133251111;0;0;0;0;0;0;12.15112333;-12.64158556;-82.34826778;4.01;20.73
24.12.2024 17:00;3.710405556;-6.007618889;76.38138444;-1.22915;0;0;0;0;0;0;15.46356;-15.81351778;-72.50506333;2.52;20.39
24.12.2024 17:15;2.816693333;-3.233767778;96.65118222;-0.000871111;0;0;0;0;0;0;13.1619;-13.74566222;-95.64947444;4.09;20.29
24.12.2024 17:30;4.01393;-4.207076667;69.53396556;-0.121037778;0;0;0;0;0;0;13.67999667;-13.61190111;-69.28787667;3.94;20.45
24.12.2024 17:45;2.685125556;-9.074688889;45.29052333;-1.802996667;0;0;0;0;0;0;10.18553556;-16.02079444;-31.26270444;-4.38;20.24
24.12.2024 18:00;0.087212222;-59.33361556;3.341811111;-44.67441444;100;0;0;0;0;0;14.32484222;-17.91963222;4.173796667;-5.79;20.17
24.12.2024 18:15;0;-120.98307;0;-19.19139667;80;0;0;0;0;0;12.50436;-16.95772889;64.62783556;-31.99;15.82
24.12.2024 18:30;0;-116.1436656;0;-12.75027667;0;0;0;0;0;0;18.30808111;-14.62105778;125.2069189;-26.74;14.02
24.12.2024 18:45;0;-130.4294111;0;-16.08622667;0;0;0;0;0;0;11.13224333;-20.11116444;155.4945589;-42.99;14.02
24.12.2024 19:00;2.170274444;-31.94212;6.220258889;-51.34473778;0;0;0;0;0;0;25.51081444;-13.58911556;62.97462556;-26.38;20.91
24.12.2024 19:15;0;-116.1603489;0;-28.84825;0;-5;0;0;0;0;9.065221111;-20.23952667;161.1829044;-49.81;13.77
24.12.2024 19:30;0;-169.1274722;0;-9.328077778;0;-70;0;0;0;0;14.56272222;-13.61901333;247.5118411;-80.04;13.77
24.12.2024 19:45;0;-189.5351833;0;-2.134642222;0;-105;0;0;0;0;13.07430556;-25.54445889;309.1399789;-134.85;13.77
24.12.2024 20:00;0.005288889;-57.87881889;4.729815556;-5.688521111;0;-113;0;0;0;0;37.17391111;-11.22825444;145.8865789;-112.32;20.02
24.12.2024 20:15;0;-42.93687111;4.108017778;-3.576684444;0;-150;0;0;0;0;9.768323333;-13.27122444;195.9084389;-18.1;12.38
24.12.2024 20:30;0;-51.86891333;0.864767778;-4.68621;0;-182;0;0;0;0;14.71111;-13.54031111;236.5195567;-15.69;12.38
24.12.2024 20:45;0.914304444;-28.48632556;14.56271778;-4.315906667;0;-236;0;0;0;0;16.59451111;-13.73231778;250.4630167;-11.87;19.26
24.12.2024 21:00;5.47849;-1.305468889;89.69350111;-0.091165556;0;-254;0;0;0;0;9.58415;-8.848184444;159.4886778;-1.2;19.87
24.12.2024 21:15;1.21515;-12.16566556;30.50086;-4.981946667;0;-145;0;0;0;0;8.379704444;-9.780325556;131.8322233;0.92;17.66
24.12.2024 21:30;5.468063333;-3.053118889;23.43938222;-6.341122222;0;-170;0;0;0;0;11.77273444;-10.71880667;149.4328678;0.71;18.36
24.12.2024 21:45;4.20518;-5.957978889;43.02625889;-7.091154444;0;-259;0;0;0;0;8.294257778;-9.51694;226.0403767;-1.35;17.91
24.12.2024 22:00;2.274561111;-7.212982222;1.028443333;-32.35923444;0;-45;0;0;0;0;11.78493889;-12.14842111;81.63269444;3.12;19.24
24.12.2024 22:15;0.145262222;-17.35160333;4.663912222;-27.11313333;0;-5;0;0;0;0;10.02141333;-9.702368889;44.33651778;2.16;16.56
24.12.2024 22:30;6.997463333;-3.171918889;20.76164444;-5.425782222;0;-45;0;0;0;0;13.29996889;-11.45125222;23.98987667;3.12;19.53
24.12.2024 22:45;0.515541111;-18.70306444;7.650726667;-26.45515;0;-5;0;0;0;0;6.297475556;-12.31935222;48.01382333;-10.3;16.7
24.12.2024 23:00;12.16945444;-7.917065556;89.26427111;-9.746721111;71;0;0;0;0;0;18.24924222;-11.07420778;-161.9449733;-5.74;21.51
24.12.2024 23:15;3.232815556;-2.050231111;60.28822889;-0.20824;0;-5;0;0;0;0;7.747368889;-8.593996667;-55.41594556;2.88;16.63
24.12.2024 23:30;2.808285556;-1.290421111;72.05665778;-0.042808889;0;-40;0;0;0;0;8.502635556;-7.837155556;-34.19719333;2.79;16.34
24.12.2024 23:45;3.430443333;-3.562688889;59.55207556;-0.974068889;0;-45;0;0;0;0;6.876061111;-9.388263333;-10.93355889;2.7;17.13
25.12.2024 00:00;53.36994889;-0.992294444;43.09297778;-0.130935556;82;0;0;0;0;0;15.41450778;-8.320835556;-184.4333689;3;22.82
25.12.2024 00:15;67.96522889;-0.00895;27.20969556;-0.099284444;82;0;0;0;0;0;7.594926667;-10.51270111;-174.1489156;4.77;23.38
25.12.2024 00:30;52.14668333;-0.655385556;56.77207556;-0.470377778;30;0;0;0;0;0;11.37612778;-12.53718111;-136.6319422;4.39;23.1
25.12.2024 00:45;14.77865222;-1.130786667;78.44624889;-0.615252222;0;-14;0;0;0;0;7.909115556;-7.527928889;-77.86004889;3.04;19.95
25.12.2024 01:00;68.29114222;-0.026041111;4.238396667;-1.137696667;107;0;0;0;0;0;13.40114778;-9.870806667;-181.8961422;4.75;24.59
25.12.2024 01:15;7.604306667;-1.521245556;1.742231111;-19.68389889;107;0;0;0;0;0;5.428872222;-6.644377778;-93.92588778;4.49;19.65
25.12.2024 01:30;3.225896667;-1.151101111;1.704298889;-19.75815889;87;0;0;0;0;0;5.78125;-4.078264444;-72.72392111;3.15;16.97
25.12.2024 01:45;1.229778889;-10.23937556;0.8019;-10.49260222;30;0;0;0;0;0;3.295124444;-7.333135556;-7.26169;-2.95;15.19
25.12.2024 02:00;3.455516667;-3.108984444;65.13148667;-1.879176667;70;0;0;0;0;0;9.543745556;-5.094638889;-138.0479489;1.65;18.91
25.12.2024 02:15;1.188805556;-1.392115556;68.95670444;-0.004751111;5;0;0;0;0;0;4.24182;-5.433488889;-72.55697444;4.72;15.9
25.12.2024 02:30;1.18609;-1.257995556;70.15191;-0.028982222;0;-7;0;0;0;0;3.796852222;-3.308888889;-63.53898556;3.31;15.47
25.12.2024 02:45;0.928814444;-4.400073333;43.40442333;-1.496277778;0;-57;0;0;0;0;4.181811111;-8.193831111;22.57513333;-1.89;14.97
25.12.2024 03:00;5.895306667;-2.528335556;32.21233667;-3.245015556;115;0;0;0;0;0;8.705522222;-5.389574444;-150.65024;0.73;19.11
25.12.2024 03:15;6.42374;-0.562736667;31.68849333;-0.837566667;30;0;0;0;0;0;5.373802222;-5.490943333;-66.59478889;3.29;17.66
25.12.2024 03:30;2.402858889;-1.363112222;21.51224556;-2.404917778;13;0;0;0;0;0;4.246936667;-5.416626667;-31.97738444;3.18;15.53
25.12.2024 03:45;0.779874444;-0.731576667;26.71225556;-0.383857778;0;-35;0;0;0;0;5.141355556;-3.943666667;7.425615556;3.22;14.19
25.12.2024 04:00;8.086747778;-0.206978889;11.23890111;-1.882884444;30;0;0;0;0;0;5.498328889;-5.935111111;-46.79900333;3.25;18.08
25.12.2024 04:15;1.48896;-0.69144;20.00306111;-0.882613333;16;0;0;0;0;0;3.479337778;-3.2069;-36.19040556;3.32;15.01
25.12.2024 04:30;14.23269333;-0.008948889;22.07530111;-0.108506667;15;0;0;0;0;0;5.607651111;-4.877978889;-51.92021111;3.33;18.2
25.12.2024 04:45;11.37761889;-0.183783333;20.67475222;-0.287838889;28;0;0;0;0;0;4.051413333;-5.446542222;-58.18562;3.18;18.08
25.12.2024 05:00;1.721434444;-1.333534444;59.69077778;-1.599672222;0;-59;0;0;0;0;5.441901111;-5.181734444;0.260827778;3.25;15.43
25.12.2024 05:15;0.982511111;-2.633717778;54.07932;-1.51104;0;-29;0;0;0;0;4.963611111;-5.765756667;-21.11492778;2.73;14.52
25.12.2024 05:30;0.346806667;-4.946836667;6.640357778;-3.733603333;65;0;0;0;0;0;6.133092222;-6.581732222;-62.85808444;4.02;15.87
25.12.2024 05:45;1.043814444;-5.48596;15.06811778;-0.936192222;90;0;0;0;0;0;6.315633333;-5.626363333;-100.37905;3.79;16.05
25.12.2024 06:00;7.888201111;-7.811414444;72.40267222;-1.911338889;0;-85;0;0;0;0;12.09256;-10.50535111;12.84467111;-8.21;18.55
25.12.2024 06:15;3.147646667;-1.902257778;66.79358333;-0.445324444;0;-36;0;0;0;0;6.50555;-9.427895556;-28.67130222;3.12;17.78
25.12.2024 06:30;1.190985556;-2.312402222;17.73517111;-2.584352222;37;0;0;0;0;0;7.266435556;-7.983383333;-50.31245444;3.17;17.66
25.12.2024 06:45;0.496947778;-5.288074444;7.502198889;-37.17447556;83;0;0;0;0;0;7.781353333;-8.016761111;-48.30118889;3.95;16.96
25.12.2024 07:00;0.067817778;-54.38733556;0;-78.51477;83;0;0;0;0;0;10.50626889;-11.54188444;50.86990333;-20.57;19.22
25.12.2024 07:15;0.57617;-11.29149556;2.182742222;-28.60574556;0;-9;0;0;0;0;8.697957778;-7.181031111;44.62140222;0.49;17.59
25.12.2024 07:30;3.620068889;-11.67874;2.195298889;-26.90848111;37;0;0;0;0;0;10.83441333;-9.45315;-5.60941;0.23;18.9
25.12.2024 07:45;4.164344444;-1.343851111;5.60642;-21.68039667;77;0;0;0;0;0;7.196696667;-9.050813333;-61.8924;4.57;19.47
25.12.2024 08:00;23.06573778;-0.257701111;2.993631111;-9.705394444;0;-74;0;0;0;0;13.65617;-7.964098889;52.21165556;2.76;21.46
25.12.2024 08:15;27.11343;-0.132245556;18.36677889;-2.518982222;0;-39;0;0;0;0;7.943043333;-12.24527111;0.473246667;3.08;21.59
25.12.2024 08:30;56.58595556;0;11.23902556;-0.465488889;0;-14;0;0;0;0;12.95055;-6.644152222;-59.66589;4.13;23.05
25.12.2024 08:45;56.14568889;0;28.28305444;-0.741106667;16;0;0;0;0;0;7.291122222;-11.71439444;-95.26436444;7.99;23.15
25.12.2024 09:00;87.23970444;0;88.34472;0;0;-26;0;0;0;0;14.48454667;-10.89786889;-153.1711022;4.24;24.58
25.12.2024 09:15;45.47809667;-0.100234444;99.47408778;0;15;0;0;0;0;0;7.297881111;-13.95236333;-153.1974678;3.19;23.01
25.12.2024 09:30;59.2034;0;56.57038556;0;55;0;0;0;0;0;12.51544667;-8.018108889;-175.2711233;7.93;22.88
25.12.2024 09:45;57.74413667;0;53.61610333;0;64;0;0;0;0;0;12.28974889;-10.56177444;-177.0882144;7.93;23.33
25.12.2024 10:00;100.2530811;0;32.21477778;0;88;0;0;0;10;0;13.08623;-13.28778;-230.2663089;8.08;24.64
25.12.2024 10:15;24.60815667;-0.415851111;15.59091889;-7.796753333;178;0;0;0;10;0;7.868915556;-13.65665111;-214.1987356;2.85;22.73
25.12.2024 10:30;16.55924667;-0.00678;9.084663333;-4.912892222;168;0;0;0;10;0;10.43401556;-10.27884111;-198.8794122;3.33;20.85
25.12.2024 10:45;8.994273333;-1.052243333;11.65847778;-11.32563889;144;0;0;0;10;0;10.03768778;-9.61099;-162.7015667;1.95;20.7
25.12.2024 11:00;14.11756;-0.41409;3.218412222;-16.17865667;0;-19;0;0;184;0;10.44702111;-10.42806111;-165.7621856;3.26;20.92
25.12.2024 11:15;2.688925556;-2.47542;0.878035556;-72.72570444;0;0;0;0;184;0;9.16369;-11.28257556;-110.2469511;2.16;20.26
25.12.2024 11:30;2.547722222;-2.780876667;0;-128.3298144;30;0;0;0;184;0;12.79023778;-12.31122667;-85.91604222;4.07;20.22
25.12.2024 11:45;2.036936667;-7.102996667;0;-202.5903578;70;0;0;0;184;0;9.405387778;-12.81141556;-42.93755444;0.49;20.23
25.12.2024 12:00;0.178493333;-28.42255778;0;-112.9112967;271;0;0;0;4;0;11.55084;-11.46836333;-133.9271156;-6.87;20.25
25.12.2024 12:15;1.523574444;-10.92923333;14.24287444;-10.10462889;130;0;0;0;4;0;10.65838222;-10.19121556;-129.1997533;-1.24;20.26
25.12.2024 12:30;1.248495556;-5.822877778;10.25863444;-12.38232444;128;0;0;0;4;0;11.09155111;-8.207206667;-128.1862722;0.05;20.14
25.12.2024 12:45;1.316447778;-7.54897;24.09966111;-10.35239556;29;0;0;0;4;0;8.167811111;-9.937585556;-38.74496889;-0.57;20.17
25.12.2024 13:00;0;-40.96639222;0;-59.53227;267;0;0;0;4;0;8.950436667;-11.74019778;-167.7115767;-8.93;16.65
25.12.2024 13:15;0;-114.6118178;0;-47.33037;267;0;0;0;4;0;6.323792222;-14.85108222;-100.5305222;-46.2;16.65
25.12.2024 13:30;0;-141.4049;0;-48.45653778;248;0;0;0;4;0;14.00252778;-9.325872222;-66.81521778;-39.27;16.55
25.12.2024 13:45;0.050996667;-47.67292667;3.149695556;-14.96362;70;0;0;0;4;0;17.75879556;-9.120261111;-23.20268;-18.06;20.02
25.12.2024 14:00;6.30722;-1.441513333;75.52784222;-2.42539;0;-60;0;0;0;0;11.27414;-10.51647111;-18.72582778;1.5;20.46
25.12.2024 14:15;19.26962;-0.008953333;43.98654333;-1.20204;20;0;0;0;0;0;10.79240111;-10.01416222;-82.82340889;3.33;21.02
25.12.2024 14:30;31.42048556;-1.290148889;29.05586778;-11.94340111;20;0;0;0;0;0;14.64464;-13.86502556;-68.02241778;-0.24;21.82
25.12.2024 14:45;13.22373;-1.584874444;44.11977889;-4.881662222;63;0;0;0;0;0;8.832462222;-11.48490111;-111.2245333;0.93;21.11
25.12.2024 15:00;0.899108889;-10.53424778;11.01115444;-12.88433444;0;-6;0;0;0;0;12.70781556;-11.71603222;16.51653556;-3.06;20.1
25.12.2024 15:15;3.024095556;-4.053676667;5.010488889;-26.59676333;62;0;0;0;0;0;10.51731;-9.821768889;-40.07968556;0.57;20.29
25.12.2024 15:30;21.89126667;-2.523322222;10.97182778;-13.04866889;82;0;0;0;0;0;13.02001889;-9.217644444;-103.0934778;0.37;21.96
25.12.2024 15:45;61.77149556;0;37.04049889;0;55;0;0;0;0;0;8.739124444;-9.084985556;-153.4661333;8.83;22.99
25.12.2024 16:00;6.527355556;-1.917863333;45.64330333;-8.172124444;0;-6;0;0;0;0;9.135193333;-12.57326778;-32.64259667;2.41;21.41
25.12.2024 16:15;10.80905111;-3.574754444;60.10706667;-1.093963333;0;-1;0;0;0;0;13.59973556;-13.82134;-65.02579556;-0.85;20.95
25.12.2024 16:30;5.714518889;-3.946653333;17.41341889;-9.319354444;103;0;0;0;0;0;13.20341333;-11.61294222;-114.4524011;3.39;20.81
25.12.2024 16:45;19.95686556;-1.517873333;10.46259222;-15.9618;140;0;0;0;0;0;12.55074444;-14.95145667;-150.5390722;4.32;21.87
25.12.2024 17:00;2.189526667;-3.865002222;0.496362222;-65.92449444;0;-19;0;0;0;0;10.95947111;-11.65552111;86.79965778;2.34;20.25
25.12.2024 17:15;2.482511111;-9.367801111;2.807395556;-37.06725778;15;0;0;0;0;0;9.191068889;-12.46450444;29.41858778;0.66;20.26
25.12.2024 17:30;0;-48.18428222;0;-35.65144444;65;0;0;0;0;0;10.29108333;-10.97008556;19.51472889;-5.63;15.87
25.12.2024 17:45;0.484212222;-22.91705222;0.281744444;-59.59789;77;0;0;0;0;0;13.70714556;-9.463966667;0.505806667;1.72;20.7
25.12.2024 18:00;0.689826667;-26.24865;0.554141111;-38.70289333;0;-21;0;0;0;0;9.350594444;-14.33377333;89.69075444;-3.62;20.51
25.12.2024 18:15;0;-47.04236444;1.804471111;-7.869957778;0;-44;0;0;0;0;9.446606667;-13.71124222;101.3724867;-11.37;13.87
25.12.2024 18:30;0;-54.04270556;1.387531111;-2.473492222;0;-67;0;0;0;0;14.00826556;-9.213858889;117.33426;-6.53;13.87
25.12.2024 18:45;0.183511111;-55.48799333;7.540433333;-8.31975;0;-86;0;0;0;0;8.474944444;-25.93964667;159.5485011;-38.1;20.15
25.12.2024 19:00;0.223795556;-46.69703556;5.814903333;-13.26286;0;-3;0;0;0;0;28.40227111;-11.16131333;39.68023889;-44.18;20.09
25.12.2024 19:15;1.359854444;-22.53959444;11.70450333;-9.69556;0;-52;0;0;0;0;9.08146;-13.64503333;75.73437;-1.69;20.16
25.12.2024 19:30;0.136988889;-33.55604556;0.500268889;-26.41877556;0;-40;0;0;0;0;13.87018444;-12.64078667;98.10816556;-5.76;20.14
25.12.2024 19:45;0;-67.19129667;3.217233333;-14.21107667;0;-40;0;0;0;0;17.95167444;-15.74219556;115.9756611;-32.03;13.58
25.12.2024 20:00;1.828475556;-13.29738444;24.03157667;-4.4433;11;0;0;0;0;0;14.80143556;-12.82277778;-21.09802556;0.17;20.2
25.12.2024 20:15;1.737191111;-7.172165556;36.88934222;-0.996108889;0;-29;0;0;0;0;10.69388333;-12.34697889;0.194836667;2.87;20.15
25.12.2024 20:30;9.96393;-1.271427778;30.06082333;-2.169295556;0;-63;0;0;0;0;12.96847222;-10.70637778;24.15387556;2.93;20.71
25.12.2024 20:45;5.405543333;-5.902636667;42.73454;-1.978613333;0;-99;0;0;0;0;8.830577778;-11.21773333;61.12832222;0.09;20.46
25.12.2024 21:00;32.95627333;-0.818811111;11.06079889;-6.601854444;25;0;0;0;0;0;13.87749111;-10.92388556;-64.55001222;4.94;22.41
25.12.2024 21:15;9.375805556;-2.994786667;27.60623222;-3.411863333;4;0;0;0;0;0;6.359293333;-10.35887333;-30.57580778;4.64;20.45
25.12.2024 21:30;22.08277;-0.407578889;27.76973889;-1.04569;0;-29;0;0;0;0;13.06181222;-9.717311111;-22.74374111;3.23;20.96
25.12.2024 21:45;22.21110333;-4.646815556;52.68967111;-15.62956556;0;-100;0;0;0;0;8.339847778;-12.39775;49.43350889;-1.48;21.49
25.12.2024 22:00;42.13038556;-0.528292222;3.543573333;-3.980022222;24;0;0;0;0;0;12.18236333;-7.356717778;-69.99129;3.31;22.65
25.12.2024 22:15;56.98542222;0;16.80607111;0;12;0;0;0;0;0;12.16687;-11.70950778;-86.24885556;9.46;23.09
25.12.2024 22:30;111.6739778;0;6.710424444;0;4;0;0;0;0;0;18.09678;-13.04981333;-127.4313689;9.46;26.59
25.12.2024 22:45;55.48149111;-0.2101;42.39576556;-0.288626667;0;0;0;0;0;0;8.675683333;-14.26892778;-91.78528556;3.33;23.9
25.12.2024 23:00;151.8364911;-0.006238889;55.85833556;0;0;0;0;0;0;0;21.63736;-17.10854889;-212.2173989;4.88;46.55
25.12.2024 23:15;24.02832333;-2.45252;115.6541267;0;0;0;0;0;0;0;9.880665556;-14.09234889;-133.0182467;4.68;23.07
25.12.2024 23:30;23.51331667;-0.86209;83.05582889;0;0;0;0;0;0;0;9.509538889;-9.67829;-105.5383044;4.36;21.11
25.12.2024 23:45;1.498204444;-1.919332222;81.39633444;0;0;0;0;0;0;0;7.35649;-7.189943333;-81.14175333;3.03;17.56
26.12.2024 00:00;88.50651778;0;83.06121222;0;0;0;0;0;0;0;14.77152667;-11.23448556;-175.1047711;8.94;26.3
26.12.2024 00:15;52.01361778;-1.941591111;89.49583778;0;0;0;0;0;0;0;9.385292222;-13.19118889;-135.7619678;4.04;25.18
26.12.2024 00:30;17.45864111;-2.239296667;73.66893667;-0.006066667;0;0;0;0;0;0;10.79938889;-10.75218889;-88.92941444;4.01;22.04
26.12.2024 00:45;0.761314444;-10.43984889;22.81861222;-7.169224444;0;0;0;0;0;0;4.508446667;-6.735221111;-3.744078889;1.07;17.08
26.12.2024 01:00;98.95766333;-0.494114444;23.32429333;-0.776506667;0;0;0;0;0;0;17.82279444;-9.942838889;-128.8912911;2.22;29.94
26.12.2024 01:15;38.48564667;-1.228692222;40.35337778;-0.003497778;0;0;0;0;0;0;4.784581111;-11.12978;-71.26163556;3.88;24.26
26.12.2024 01:30;30.88895222;-0.95648;16.04683778;-0.098572222;0;0;0;0;0;0;8.892147778;-8.374007778;-46.39887778;4.07;22.72
26.12.2024 01:45;0.690772222;-5.979798889;16.19412778;-1.085603333;0;0;0;0;0;0;4.123283333;-4.77735;-9.165431111;1.94;16.09
26.12.2024 02:00;90.92109889;-0.001626667;9.223592222;-0.01736;0;0;0;0;0;0;12.55178444;-6.887722222;-105.7897667;4.77;27.78
26.12.2024 02:15;50.96869444;0;4.749436667;-0.053565556;0;0;0;0;0;0;3.470263333;-8.748082222;-50.38674667;8.46;22.99
26.12.2024 02:30;29.24872889;-0.240744444;1.922708889;-1.134022222;0;0;0;0;0;0;7.086591111;-9.004163333;-27.87909889;3.56;21.98
26.12.2024 02:45;0.966125556;-9.398467778;0.329645556;-16.33932778;0;0;0;0;0;0;3.714765556;-4.188907778;24.91616667;1.28;16.57
26.12.2024 03:00;59.79057556;-0.194904444;2.506063333;-0.138491111;0;0;0;0;0;0;11.28984667;-5.873463333;-67.37962667;3.93;23.14
26.12.2024 03:15;20.47281667;-0.681693333;4.933107778;-1.36082;0;0;0;0;0;0;2.651095556;-5.332325556;-20.68218111;3.33;20.68
26.12.2024 03:30;4.61643;-2.357042222;4.303272222;-4.422183333;0;0;0;0;0;0;2.711005556;-4.005241111;-0.846241111;3.11;17.23
26.12.2024 03:45;0;-13.51532222;0.055611111;-8.438093333;0;0;0;0;0;0;2.843618889;-4.59036;23.64454556;0.61;11.2
26.12.2024 04:00;1.451393333;-5.808224444;37.14491111;-1.708977778;0;0;0;0;0;0;6.761648889;-3.51015;-34.33060111;-1.64;17.45
26.12.2024 04:15;0.849043333;-0.854051111;32.94026;-0.004691111;0;0;0;0;0;0;4.027501111;-4.249676667;-32.70838556;3.39;16.03
26.12.2024 04:30;1.081933333;-0.812017778;38.80510111;-0.028442222;0;0;0;0;0;0;4.503316667;-5.408836667;-38.14105444;3.33;15.68
26.12.2024 04:45;3.027471111;-0.78326;49.76806111;0;0;0;0;0;0;0;6.255676667;-4.92759;-53.34035889;3.3;17.55
26.12.2024 05:00;14.68627778;-6.210661111;15.99680222;-3.210862222;0;0;0;0;0;0;7.823674444;-7.956017778;-21.12921333;-2.31;19.91
26.12.2024 05:15;21.76162667;-0.447858889;21.21547778;-0.526208889;0;0;0;0;0;0;7.397446667;-8.923657778;-40.47682556;3.3;20.21
26.12.2024 05:30;12.90853667;-0.121527778;56.35759111;-0.110164444;0;0;0;0;0;0;6.848476667;-5.562318889;-70.32059333;4.75;19.51
26.12.2024 05:45;26.17214222;0;64.97809;0;0;0;0;0;0;0;7.859402222;-8.190335556;-90.81929889;8.45;20.51
26.12.2024 06:00;5.939785556;-2.398263333;42.45101111;-0.308742222;0;0;0;0;0;0;9.044642222;-6.924356667;-47.80407667;2.28;19.68
26.12.2024 06:15;19.62700778;0;57.80904556;-0.089026667;4;0;0;0;0;0;8.812943333;-10.60136889;-79.55860111;9.07;20.48
26.12.2024 06:30;4.38842;-3.27731;60.73522889;-0.607217778;50;0;0;0;0;0;8.307274444;-10.63042444;-108.9159711;3.42;20.67
26.12.2024 06:45;2.484936667;-2.506091111;42.64978333;-0.637622222;92;0;0;0;0;0;8.244587778;-9.314516667;-132.9210778;4.38;18.67
26.12.2024 07:00;2.110996667;-2.666821111;62.03156111;-0.333214444;0;-28;0;0;0;0;8.454574444;-6.923032222;-34.67406444;2.2;20.13
26.12.2024 07:15;16.21772556;-1.161558889;60.00949889;-0.048453333;55;0;0;0;0;0;11.33956;-9.02508;-132.3316922;2.41;20.98
26.12.2024 07:30;17.41591;-0.451114444;62.19177667;-1.918251111;92;0;0;0;0;0;12.35813444;-11.78929778;-169.8071578;4.53;21.62
26.12.2024 07:45;10.09833333;-2.619764444;38.79940111;-1.982777778;156;0;0;0;0;0;8.121431111;-12.18178889;-196.2348344;4.22;20.84
26.12.2024 08:00;2.805575556;-6.892227778;41.97668667;-1.941764444;45;0;0;0;0;0;10.95782667;-11.77301889;-80.13307778;3.61;20.37
26.12.2024 08:15;0.703263333;-10.93858778;14.35377444;-17.43601556;132;0;0;0;0;0;10.24385;-11.27278444;-117.6535;3.17;20.13
26.12.2024 08:30;1.358495556;-2.476388889;6.759233333;-13.76791111;152;0;0;0;0;0;8.344461111;-6.910542222;-145.3073478;7.46;20.11
26.12.2024 08:45;6.480563333;-2.555326667;17.51111778;-10.55190778;152;0;0;0;0;0;13.27070889;-11.09671222;-165.0584433;7.03;20.84
26.12.2024 09:00;118.9741967;0;36.55654556;0;0;0;0;0;60;0;16.52095778;-9.852985556;-222.1987144;10.45;27.12
26.12.2024 09:15;55.76875889;-0.149604444;88.72297778;0;25;0;0;0;60;0;7.418625556;-16.91434778;-219.84641;3.16;25.04
26.12.2024 09:30;41.11694444;-0.000271111;114.4360633;0;25;0;0;0;60;0;13.36043556;-12.27349556;-241.6396767;4.77;22.92
26.12.2024 09:45;108.1195656;-0.352511111;68.12232111;0;0;0;0;0;60;0;27.48885333;-20.70202778;-242.6762011;4.34;34.13
26.12.2024 10:00;96.27629667;0;14.08691444;0;217;0;0;0;0;0;14.08797889;-16.45125;-324.99994;9.8;26.14
26.12.2024 10:15;72.79960889;-1.65975;46.29562222;-0.037324444;187;0;0;0;0;0;10.42590444;-16.57442889;-298.2496322;1.46;25.66
26.12.2024 10:30;3.874902222;-1.709378889;49.12340444;-1.846862222;234;0;0;0;0;0;10.40932111;-10.66104;-283.1903467;2.11;20.35
26.12.2024 10:45;2.66587;-3.071686667;60.52101667;-0.37456;217;0;0;0;0;0;11.12551889;-9.67311;-278.1930489;1.72;20.42
26.12.2024 11:00;3.567021111;-15.29121333;6.902001111;-34.47587222;224;0;0;0;70;0;10.52896444;-13.42096889;-251.8099322;-1.38;21.13
26.12.2024 11:15;0.001355556;-43.84303889;0.422155556;-23.18471889;210;0;0;0;70;0;7.389304444;-12.21513778;-208.56992;-4.18;20.02
26.12.2024 11:30;0;-31.92275;0.0268;-38.50559333;277;0;0;0;10;0;11.23588556;-7.84344;-219.9909022;-3.41;16.38
26.12.2024 11:45;0;-43.65614778;0;-67.81760111;314;0;0;0;10;0;9.2654;-12.27674111;-209.51491;-3.97;16.55
26.12.2024 12:00;7.979604444;-11.09062778;5.980441111;-24.03042222;329;0;0;0;0;0;18.15859667;-8.119011111;-317.8785811;-4.98;20.91
26.12.2024 12:15;28.51670333;-0.110672222;22.40305333;-1.361911111;272;0;0;0;0;0;11.32511556;-13.32137556;-319.4509133;3.07;22.02
26.12.2024 12:30;45.62556111;-0.04815;102.2333544;0;190;0;0;0;0;0;13.35887222;-11.20553;-339.9641078;3.27;22.34
26.12.2024 12:45;38.54939444;-2.391081111;87.92983444;-1.780782222;150;0;0;0;0;0;12.47177889;-13.87184778;-270.9072967;0.59;23.07
26.12.2024 13:00;20.87849556;0;33.34055111;-0.555754444;327;0;0;0;0;0;12.69832;-8.822431111;-384.5391811;9.2;21.26
26.12.2024 13:15;17.00562556;-3.653558889;16.09419667;-5.027447778;281;0;0;0;0;0;7.77778;-14.30343556;-298.89316;0.18;21.37
26.12.2024 13:30;22.00359444;-1.205105556;11.90737556;-2.729417778;251;0;0;0;0;0;13.43180889;-9.017444444;-285.3908111;1.55;21.39
26.12.2024 13:45;8.985052222;-4.489337778;22.05452;-3.52807;237;0;0;0;0;0;8.789058889;-12.68200222;-256.1292211;0.35;21.33
26.12.2024 14:00;19.76100889;-1.036246667;8.956291111;-8.100373333;250;0;0;0;0;0;16.35908667;-8.894578889;-277.0451878;1.16;21.82
26.12.2024 14:15;18.34146444;-2.498625556;14.43516111;-12.6393;250;0;0;0;0;0;9.518013333;-16.67648556;-260.4802278;1.14;22.2
26.12.2024 14:30;34.63336111;-0.677217778;5.666866667;-7.937784444;250;0;0;0;0;0;19.58008556;-11.99518444;-289.2701267;2.46;23.73
26.12.2024 14:45;25.00623;-1.665591111;6.182448889;-11.97978778;250;0;0;0;0;0;9.349524444;-18.36182222;-258.5310022;0.53;21.7
26.12.2024 15:00;2.929416667;-2.719978889;0.109515556;-75.52204667;250;0;0;0;0;0;11.18864667;-9.660336667;-176.3252167;1.89;20.27
26.12.2024 15:15;2.779124444;-2.964944444;0.083864444;-67.63717667;250;0;0;0;0;0;12.69829556;-12.34484889;-182.6143144;2.39;20.18
26.12.2024 15:30;7.628303333;-3.347433333;2.713104444;-40.01118889;250;0;0;0;0;0;15.39630889;-11.88341;-220.4956844;2.07;21.02
26.12.2024 15:45;21.73150667;-1.698132222;20.44657778;-6.578326667;200;0;0;0;0;0;11.04163556;-18.78175333;-226.1615078;-0.39;21.49
26.12.2024 16:00;1.003414444;-45.01763556;0;-78.33558778;200;0;0;0;0;0;17.38634111;-15.07973333;-79.95679889;-7.1;20.91
26.12.2024 16:15;1.172148889;-16.61038444;0.786053333;-48.47788222;207;0;0;0;0;0;12.93675111;-11.02647667;-145.78021;4.52;20.89
26.12.2024 16:30;76.89886444;-0.135768889;60.11652667;-0.605026667;22;0;0;0;0;0;18.83847778;-7.482916667;-169.6301567;8.08;30.38
26.12.2024 16:45;163.6261756;-0.002712222;86.84505444;0;50;0;0;0;0;0;21.44615556;-31.95476111;-289.9599122;8.55;67.41
26.12.2024 17:00;20.91402889;-6.54256;210.1617;-4.156325556;192;0;0;0;0;0;21.08128;-20.77609111;-412.6820322;3.88;31.99
26.12.2024 17:15;70.33567222;0;190.1682322;0;192;0;0;0;0;0;18.22212222;-17.23171;-453.4943167;11.56;30.75
26.12.2024 17:30;0.659722222;-55.12938444;3.370546667;-96.85708333;496;0;0;0;0;0;12.56372111;-18.0363;-342.5712222;-1.71;22.62
26.12.2024 17:45;0;-131.2650556;0;-146.0956156;496;0;0;0;0;0;14.68612889;-37.16011111;-196.1653467;-30.39;19.16
26.12.2024 18:00;0;-176.6418267;0;-166.1748767;195;0;0;0;300;0;25.38519333;-11.06989222;-166.4985978;-19.13;19.29
26.12.2024 18:15;0.472001111;-20.60804333;0;-132.0557556;0;0;0;0;300;0;19.42191222;-8.84602;-158.3840944;-0.91;20.65
26.12.2024 18:30;1.183528889;-28.78988889;1.28529;-62.46533778;0;-100;0;0;300;0;16.02431222;-15.03989556;-112.1980089;2.31;21.04
26.12.2024 18:45;11.50580333;-1.768792222;8.987448889;-28.18469889;0;-200;0;0;300;0;11.41359556;-11.26844111;-90.68491556;4.3;22.28
26.12.2024 19:00;16.71778556;-0.421815556;3.596434444;-13.84109;100;0;0;0;0;0;11.73611778;-10.43181222;-107.35562;4.59;22.77
26.12.2024 19:15;13.96376556;-1.588947778;2.068916667;-34.50872333;100;0;0;0;0;0;10.35104111;-11.81942889;-78.46662333;4.38;23.1
26.12.2024 19:30;5.961638889;-1.641296667;0.89652;-47.93319556;100;0;0;0;0;0;10.29916444;-9.78356;-57.79927111;4.46;21.55
26.12.2024 19:45;25.56586;-17.85752222;31.89713778;-44.31895333;0;-45;0;0;0;0;23.27669333;-23.83952889;50.27631333;-2.72;25.68
26.12.2024 20:00;21.62947556;-2.078167778;7.092212222;-44.47314556;181;0;0;0;0;0;19.84562333;-19.93463333;-163.0813644;5.22;29.13
26.12.2024 20:15;5.0388;-10.45598667;1.380633333;-41.45323889;125;0;0;0;0;0;9.114876667;-13.28155;-75.34353444;4.04;21.14
26.12.2024 20:30;1.636957778;-4.834773333;0.401911111;-40.93560778;44;0;0;0;0;0;12.19266556;-8.216677778;-4.244475556;4.78;20.14
26.12.2024 20:45;13.61097444;-1.311981111;5.844325556;-25.06791444;0;-45;0;0;0;0;11.23536444;-11.39517222;52.08440333;4.46;22.24
26.12.2024 21:00;11.47758556;-1.541868889;0.852663333;-24.54943222;94;0;0;0;0;0;13.07374111;-12.38473667;-80.92795222;5.76;21.64
26.12.2024 21:15;4.854743333;-1.533195556;0.706206667;-42.20928111;67;0;0;0;0;0;7.984461111;-9.192965556;-27.60996889;5.81;20.37
26.12.2024 21:30;6.86048;-0.688743333;4.916795556;-23.45169;19;0;0;0;0;0;10.49341;-9.813397778;-7.316854444;6.02;20.03
26.12.2024 21:45;12.18423778;-11.45805889;11.21393667;-27.95457889;0;-24;0;0;0;0;7.493417778;-12.27865778;44.79970333;-4.23;20.65
26.12.2024 22:00;3.580043333;-3.290334444;0.012126667;-56.10881667;93;0;0;0;0;0;13.67324333;-9.570328889;-41.29593333;4.39;20.26
26.12.2024 22:15;9.645864444;-1.417227778;2.637711111;-25.5963;52;0;0;0;0;0;9.94488;-9.587933333;-37.62699444;5.94;20.72
26.12.2024 22:30;23.30253444;-0.001355556;19.17663111;-0.791423333;12;0;0;0;0;0;9.409448889;-8.527542222;-54.56829333;6.41;21.21
26.12.2024 22:45;37.04819889;-3.297388889;41.07014667;-1.942687778;0;-47;0;0;0;0;10.78181111;-12.22385111;-24.43622889;3.33;23.15
26.12.2024 23:00;72.73492;-0.062118889;5.375974444;-0.247288889;119;0;0;0;0;0;14.63814222;-11.79607;-199.6435589;5.7;25.86
26.12.2024 23:15;29.04691444;-1.216348889;22.77945111;-1.404957778;55;0;0;0;0;0;7.399931111;-11.27169667;-100.3332933;5.61;23.1
26.12.2024 23:30;39.22744222;-0.120441111;22.76087556;-0.594502222;0;-14;0;0;0;0;10.94049667;-8.462963333;-49.75090778;5.26;22.22
26.12.2024 23:45;27.58937889;-1.812866667;12.63574889;-23.95996778;0;-38;0;0;0;0;8.522111111;-11.52857667;26.55417222;2.64;21.72
27.12.2024 00:00;7.34835;-3.513437778;1.443923333;-107.1522589;155;0;0;0;0;0;10.87188444;-9.115423333;-54.88303778;4.73;21.67
27.12.2024 00:15;0.409468889;-11.15262556;0.031217778;-82.44932;105;0;0;0;0;0;6.293403333;-9.346534444;-8.78561;2.84;20.05
27.12.2024 00:30;0.643843333;-5.746111111;0;-87.46614889;55;0;0;0;0;0;7.314193333;-6.277661111;36.53188444;3.58;17.87
27.12.2024 00:45;1.191258889;-3.201487778;0;-88.16024111;0;-35;0;0;0;0;6.892347778;-4.770253333;123.0483756;2.42;17.52
27.12.2024 01:00;4.206943333;-2.307123333;0.133572222;-44.98420778;65;0;0;0;0;0;5.614437778;-6.232875556;-21.43074667;4.73;20.55
27.12.2024 01:15;0.831278889;-3.237683333;0;-67.66813889;18;0;0;0;0;0;3.601885556;-5.29873;53.77138778;4.23;18.09
27.12.2024 01:30;1.231403333;-1.04082;0.058137778;-36.61977889;0;-20;0;0;0;0;5.465224444;-4.062177778;54.96801111;4.33;17.28
27.12.2024 01:45;0.629474444;-5.251052222;0.051368889;-39.65746333;0;-78;0;0;0;0;3.929016667;-5.702315556;124.0009711;2.15;16.97
27.12.2024 02:00;7.837853333;-1.859121111;4.074017778;-49.01714;40;0;0;0;0;0;8.980568889;-7.421057778;-2.595121111;4.5;21.87
27.12.2024 02:15;0.711247778;-6.014131111;0;-43.31317;0;-31;0;0;0;0;3.606725556;-4.95085;80.96017778;3.26;17.33
27.12.2024 02:30;1.004498889;-5.323466667;0.513048889;-27.63114;0;-53;0;0;0;0;5.439955556;-4.437412222;83.43451556;3.63;16.9
27.12.2024 02:45;0;-23.37064;0.24848;-27.58923778;0;-97;0;0;0;0;3.951653333;-6.338771111;150.0985156;-1.61;12.35
27.12.2024 03:00;0.229484444;-11.20321444;0.003866667;-29.44886556;3;0;0;0;0;0;6.788715556;-4.738008889;35.36802222;3.4;19.49
27.12.2024 03:15;0.445397778;-2.97469;0.018937778;-31.96236667;0;-61;0;0;0;0;3.353928889;-2.896018889;95.01481111;4.16;16.97
27.12.2024 03:30;1.011936667;-1.118954444;0;-48.08489778;0;-85;0;0;0;0;3.739687778;-4.077645556;133.5298733;4.47;17.05
27.12.2024 03:45;0.428734444;-8.246248889;0;-40.17562;0;-121;0;0;0;0;3.376791111;-4.767785556;170.3841289;1.93;17.09
27.12.2024 04:00;1.346694444;-1.351021111;0;-43.66700333;0;-54;0;0;0;0;6.877197778;-4.3634;95.15753222;3.71;18.24
27.12.2024 04:15;3.623837778;-0.433603333;11.47779222;-4.512034444;0;-78;0;0;0;0;2.953813333;-4.698665556;69.58886;3.29;18
27.12.2024 04:30;8.47075;-0.072837778;6.088724444;-2.581912222;0;-60;0;0;0;0;4.35599;-4.6596;48.39888556;3.33;18.62
27.12.2024 04:45;6.255253333;-1.737196667;14.34124444;-6.322595556;0;-51;0;0;0;0;4.659834444;-6.794682222;40.59814222;2.65;18.93
27.12.2024 05:00;6.908651111;-4.455152222;29.07509889;-1.204533333;0;-147;0;0;0;0;10.48664889;-6.957758889;113.1470456;1.27;19.35
27.12.2024 05:15;2.140431111;-4.141971111;25.31313444;-4.961015556;0;-91;0;0;0;0;6.855471111;-9.574618889;75.36856889;4.05;18.53
27.12.2024 05:30;1.375043333;-8.045916667;4.67531;-10.23138778;0;-4;0;0;0;0;9.187272222;-9.32315;16.36282889;3.27;18.52
27.12.2024 05:45;1.367328889;-12.52441889;5.242244444;-18.18919778;43;0;0;0;0;0;9.658206667;-13.33845889;-15.21570444;0.28;19.51
27.12.2024 06:00;0.851365556;-53.13393556;8.487145556;-9.576226667;0;-103;0;0;0;0;21.27173444;-18.19583111;153.2957478;-26.06;20.06
27.12.2024 06:15;1.26885;-7.092422222;29.97855556;-2.845586667;0;-97;0;0;0;0;10.35508556;-11.49250111;76.82801889;3.53;20.05
27.12.2024 06:30;0.109862222;-22.40707333;5.055328889;-10.9655;26;0;0;0;0;0;13.71528778;-12.91777;1.409864444;1.8;20.02
27.12.2024 06:45;1.86265;-12.24039333;10.04549111;-25.77004333;65;0;0;0;0;0;11.72089444;-10.42998333;-40.18861556;3.81;20.37
27.12.2024 07:00;0.020753333;-57.32002889;8.196037778;-6.468415556;0;-142;0;0;0;0;24.10804889;-27.03423778;200.4978422;-17.87;20.03
27.12.2024 07:15;0.011256667;-30.15475889;2.712777778;-34.91369;0;-49;0;0;0;0;12.50595889;-13.75246;112.5909156;2.12;20.02
27.12.2024 07:30;0.307751111;-34.40388667;0.517417778;-38.58390444;35;0;0;0;0;0;13.89213;-11.07316111;34.34365333;1;20.13
27.12.2024 07:45;1.295293333;-6.714665556;8.562915556;-30.38895444;78;0;0;0;0;0;12.42264111;-11.69952556;-51.47770444;4.64;20.25
27.12.2024 08:00;1.844196667;-16.34467444;31.66264222;-4.486504444;0;-70;0;0;10;0;15.16138778;-15.07217222;47.23512444;2.38;20.28
27.12.2024 08:15;2.001806667;-3.995348889;26.98167222;-7.797888889;0;-37;0;0;10;0;11.78844667;-12.70319556;10.72450778;4.38;20.27
27.12.2024 08:30;15.70474222;-0.147567778;42.82657556;-3.923443333;0;-5;0;0;10;0;13.54220111;-12.77559556;-60.22691222;4.64;21.39
27.12.2024 08:45;30.71561;-0.040418889;78.04067222;0;0;0;0;0;10;0;14.65657444;-12.76480889;-120.6076289;4.77;23.02
27.12.2024 09:00;77.17204444;0;119.8473656;0;0;0;0;0;10;0;16.10081778;-16.74450444;-206.3757233;11.55;27.06
27.12.2024 09:15;33.20976222;-1.955287778;139.417;0;35;0;0;0;10;0;14.12134;-15.26203778;-214.5307767;4.36;24.82
27.12.2024 09:30;26.24971778;-1.110561111;101.7598233;-0.001991111;92;0;0;0;10;0;16.43528556;-15.11146667;-230.2208078;4.21;23.96
27.12.2024 09:45;12.00275111;-0.975738889;82.39981667;-0.547991111;149;0;0;0;10;0;11.96287889;-12.88140556;-250.9603111;4.42;21.76
27.12.2024 10:00;80.25825556;-0.001084444;29.73863;-0.078124444;277;0;0;0;16;0;19.42898556;-16.04818;-406.2984822;3.33;25.11
27.12.2024 10:15;34.45623556;-3.00876;58.77889778;-0.232177778;277;0;0;0;16;0;12.33970889;-17.39745333;-377.9364511;1.75;24.25
27.12.2024 10:30;0.283744444;-15.75630778;16.69092556;-0.84776;319;0;0;0;70;0;13.42661667;-13.70691444;-389.0903044;0.17;20.54
27.12.2024 10:45;4.606102222;-2.745494444;72.90992;-0.005417778;177;0;0;0;70;0;13.40739889;-12.91202556;-322.2604833;1.5;20.86
27.12.2024 11:00;15.25988;-0.764428889;41.18069;-3.43811;0;0;0;0;298;0;11.35823444;-12.43060556;-349.16566;4.8;21.45
27.12.2024 11:15;7.093236667;-3.09814;3.499911111;-54.42108667;65;0;0;0;298;0;13.27582889;-12.63104444;-316.7187056;1.38;21.15
27.12.2024 11:30;7.544625556;-0.74449;1.677048889;-22.00412889;116;0;0;0;298;0;11.47867778;-12.06947667;-399.8822567;2.97;21.01
27.12.2024 11:45;13.47533889;-3.424332222;7.174143333;-32.00831444;95;0;0;0;298;0;11.88125444;-14.73797111;-375.3601189;2.15;21.61
27.12.2024 12:00;7.998438889;-3.237971111;3.847227778;-30.27291111;456;0;0;0;26;0;15.36517556;-11.60400667;-464.0959533;1.23;21.1
27.12.2024 12:15;12.63793667;-1.772185556;31.55620556;-5.987073333;374;0;0;0;26;0;12.31173889;-13.42451333;-435.3221089;2;21.59
27.12.2024 12:30;31.95652;-0.495872222;15.87101778;-4.588501111;359;0;0;0;26;0;15.32306556;-10.08595556;-432.9802744;1.93;22.22
27.12.2024 12:45;46.21362111;-0.025092222;86.48338111;0;243;0;0;0;26;0;9.97152;-13.74049778;-397.9029322;3.6;23.08
27.12.2024 13:00;9.452978889;-3.380937778;106.8550656;-0.872587778;362;0;0;0;0;0;15.80293778;-14.11566111;-475.7417956;0.45;21.27
27.12.2024 13:15;4.107512222;-2.42769;81.79234111;-0.054173333;362;0;0;0;0;0;10.57970444;-12.76854667;-443.2291478;4.58;21
27.12.2024 13:30;58.14749111;-0.049504444;26.39969889;-0.152995556;362;0;0;0;0;0;14.36846889;-10.21375778;-450.4994011;2.92;23.46
27.12.2024 13:45;50.22963222;0;45.72678556;-0.1196;307;0;0;0;0;0;10.46630667;-14.48618778;-398.8169367;9.9;23.15
27.12.2024 14:00;4.114015556;-2.866076667;43.17760444;-7.772065556;337;0;0;0;0;0;13.59454;-14.50112556;-372.7468922;2.35;20.89
27.12.2024 14:15;1.503628889;-7.755785556;31.16756889;-6.22887;327;0;0;0;0;0;13.02656556;-14.52584222;-344.1872656;1.91;20.73
27.12.2024 14:30;13.56526556;-1.47691;30.50119111;-4.98007;374;0;0;0;0;0;13.79531222;-9.270282222;-416.1345067;2.74;21.85
27.12.2024 14:45;7.553837778;-8.61192;24.39235778;-21.78829222;361;0;0;0;0;0;10.69203;-16.98052444;-356.2574889;0.87;21.89
27.12.2024 15:00;5.069444444;-7.995458889;19.64849333;-12.50976778;281;0;0;0;0;0;15.41070333;-12.24014889;-288.3832656;3.68;21.23
27.12.2024 15:15;3.747014444;-2.771268889;5.86042;-23.32867111;281;0;0;0;0;0;13.10739111;-12.59684222;-265.0180433;4.65;20.85
27.12.2024 15:30;21.16251889;-0.476206667;3.433241111;-16.16943222;269;0;0;0;0;0;14.30393444;-10.88871222;-280.3653433;4.77;22.36
27.12.2024 15:45;50.8465;0;11.45147;-1.510386667;209;0;0;0;0;0;14.18648222;-14.78870222;-269.1853633;11.28;24.85
27.12.2024 16:00;12.83772444;-2.907302222;38.49605444;-2.094161111;122;0;0;0;0;0;13.95531444;-13.82514111;-168.4624889;4.45;22.8
27.12.2024 16:15;21.34479778;-0.236406667;20.99674778;-7.543122222;137;0;0;0;0;0;10.10247;-12.46149444;-169.2029922;4.99;23.56
27.12.2024 16:30;9.831404444;-8.146834444;6.450052222;-14.73906444;187;0;0;0;0;0;16.55055778;-11.9805;-184.9656156;3.85;23.21
27.12.2024 16:45;26.42646333;0;25.45;-2.799437778;202;0;0;0;0;0;10.39713444;-12.64297889;-248.8311811;13.23;24.12
27.12.2024 17:00;21.33503222;-3.866242222;24.64885333;-5.160738889;115;0;0;0;0;0;16.39593889;-13.68134556;-154.6714978;4.08;24.97
27.12.2024 17:15;40.73893444;0;8.445312222;-2.71594;124;0;0;0;0;0;16.14149;-16.19845667;-170.41134;14.03;26.16
27.12.2024 17:30;55.93358333;0;19.12496;-0.452475556;124;0;0;0;0;0;15.55419889;-12.91857778;-201.2416889;14.03;27.51
27.12.2024 17:45;76.65921;0;16.03325111;0;149;0;0;0;0;0;15.36292222;-14.19567333;-242.85971;14.03;30.07
27.12.2024 18:00;18.24233111;-0.662433333;47.12729111;-3.63508;137;0;0;0;0;0;13.92006444;-16.83048778;-195.1616856;6.67;25.02
27.12.2024 18:15;47.08226111;0;10.49127111;-2.212457778;137;0;0;0;0;0;14.51985556;-14.32372778;-192.5572022;14.22;28.27
27.12.2024 18:30;50.17347111;0;19.21103333;-0.997168889;107;0;0;0;0;0;17.66875333;-13.76685333;-179.2892356;14.22;27.04
27.12.2024 18:45;58.18591111;-0.182561111;29.51593556;-1.24692;77;0;0;0;0;0;12.19643667;-19.36575778;-156.1030444;7.12;29.09
27.12.2024 19:00;36.2047;-0.057235556;14.17603667;-6.128477778;194;0;0;0;0;0;16.42574111;-13.64829111;-240.9724733;5.08;25.43
27.12.2024 19:15;42.65123222;-0.03106;6.09274;-5.15482;129;0;0;0;0;0;11.86491222;-14.99077667;-169.4322278;5.02;26.54
27.12.2024 19:30;26.93767889;-0.936138889;23.05217667;-3.519323333;74;0;0;0;0;0;12.41644444;-13.39381556;-118.5570222;4.68;24.66
27.12.2024 19:45;10.01912556;-10.88337333;15.16166222;-11.05128667;47;0;0;0;0;0;11.90702111;-12.81276556;-49.34038333;3.58;22.41
27.12.2024 20:00;16.93047222;-1.463214444;25.41917222;-2.984624444;121;0;0;0;0;0;13.81596333;-10.58701;-162.1307589;5.11;24.29
27.12.2024 20:15;19.25523444;-3.028687778;30.98057111;-3.437557778;75;0;0;0;0;0;9.937066667;-11.89995444;-116.8066722;5.22;24.28
27.12.2024 20:30;9.649375556;-1.594637778;23.17022222;-6.202588889;31;0;0;0;0;0;13.67976222;-12.15573667;-57.54639667;5.32;22.43
27.12.2024 20:45;7.418611111;-2.353778889;35.64984;-17.75405333;0;-45;0;0;0;0;9.832058889;-9.497355556;21.70467778;4.9;22.29
27.12.2024 21:00;28.04836111;-1.40774;12.83043778;-4.864256667;125;0;0;0;0;0;14.24208222;-14.58931778;-159.2595667;5.97;24.43
27.12.2024 21:15;9.923511111;-8.852665556;21.67966333;-4.935938889;64;0;0;0;0;0;10.42700444;-10.59597444;-81.6456;4.22;21.75
27.12.2024 21:30;0.526118889;-6.572516667;9.088545556;-4.59969;16;0;0;0;0;0;8.100312222;-9.585717778;-12.95705222;5.32;20.49
27.12.2024 21:45;0.5542;-34.87574889;11.53211556;-20.82004556;8;0;0;0;0;0;7.056476667;-13.90735;42.46035222;-2.95;19.78
27.12.2024 22:00;2.753902222;-6.635992222;0;-114.4262978;130;0;0;0;54;0;16.26356111;-9.215484444;-72.73968889;2.03;20.84
27.12.2024 22:15;2.160767778;-2.599951111;0.122688889;-73.89156333;76;0;0;0;54;0;10.09083333;-9.95822;-55.92455556;6.21;20.53
27.12.2024 22:30;38.40887333;-0.326871111;7.544072222;-3.741182222;0;-60;0;0;54;0;12.40752222;-11.73634222;-36.55607222;6.42;22.87
27.12.2024 22:45;14.40361222;-19.48012667;4.302815556;-30.59998889;0;-20;0;0;54;0;10.17114111;-15.09738111;2.299927778;0.3;22.85
27.12.2024 23:00;4.797081111;-3.794876667;0.164702222;-29.43645667;157;0;0;0;0;0;12.65056556;-7.300593333;-134.0804222;2.69;21.32
27.12.2024 23:15;5.311815556;-1.950542222;4.05724;-23.51472778;90;0;0;0;0;0;8.805348889;-7.87032;-74.83881444;5.46;20.31
27.12.2024 23:30;6.443534444;-2.477213333;10.01339778;-7.059313333;6;0;0;0;0;0;8.706318889;-9.235566667;-12.39115778;4.95;20.65
27.12.2024 23:45;2.897955556;-7.480334444;25.18984444;-11.27662667;0;-48;0;0;0;0;6.8251;-8.797757778;40.64181889;1.4;19.77
28.12.2024 00:00;1.31021;-7.196034444;3.500732222;-43.01039889;132;0;0;0;0;0;9.157723333;-8.980865556;-86.78136667;4.73;21.21
28.12.2024 00:15;0.180252222;-46.62297111;0.010506667;-12.28836778;80;0;0;0;0;0;6.442838889;-11.55037111;-16.17188778;-5.58;21.01
28.12.2024 00:30;2.25328;-32.71197333;0.030955556;-32.02979889;18;0;0;0;0;0;11.49252444;-12.39611444;45.36112667;-6.49;20.56
28.12.2024 00:45;0;-57.52101;0.093315556;-29.27998667;0;-43;0;0;0;0;11.66862444;-8.387811111;126.4268678;-9.21;13.87
28.12.2024 01:00;2.055123333;-7.609433333;0.646604444;-63.59421111;108;0;0;0;0;0;10.79073333;-9.660624444;-40.62819222;3.08;21.53
28.12.2024 01:15;0;-59.72195667;0.06863;-63.80083778;67;0;0;0;0;0;6.401634444;-12.21163333;62.26416333;-15.57;17.95
28.12.2024 01:30;1.896016667;-35.46456556;0;-43.63002889;17;0;0;0;0;0;13.74077556;-8.315933333;54.77373556;-9.9;20.09
28.12.2024 01:45;0.0609;-20.37881111;1.242404444;-12.40379667;0;-76;0;0;0;0;9.266768889;-6.719518889;104.9320533;-2.01;18.51
28.12.2024 02:00;9.350316667;-0.892461111;3.685773333;-11.38556;40;0;0;0;0;0;7.365448889;-5.483682222;-42.63983556;5.17;21.82
28.12.2024 02:15;0.786393333;-18.42230556;0.363096667;-31.93604444;0;0;0;0;0;0;2.931346667;-8.823225556;55.10073889;-4.75;18.95
28.12.2024 02:30;2.409393333;-14.63840111;1.104288889;-20.55073889;0;-60;0;0;0;0;8.670553333;-6.163676667;89.16858111;-2.8;19.51
28.12.2024 02:45;1.092111111;-10.98482667;10.71148333;-5.054887778;0;-103;0;0;0;0;6.68783;-7.689558889;108.2378489;-3.61;18
28.12.2024 03:00;8.323023333;-2.118182222;3.404548889;-4.666161111;25;0;0;0;0;0;9.34517;-5.461157778;-33.82724111;0.35;21.3
28.12.2024 03:15;13.73805778;-0.975877778;15.48790778;-0.596088889;0;-45;0;0;0;0;6.467575556;-6.727701111;17.60612667;4.79;20.94
28.12.2024 03:30;4.829371111;-0.502381111;43.08183222;-0.036315556;0;-91;0;0;0;0;5.984203333;-5.553643333;43.19693333;4.88;19.08
28.12.2024 03:45;1.251475556;-1.579567778;48.17321222;-0.224256667;0;-107;0;0;0;0;4.878465556;-5.603086667;60.10375778;3.56;17.54
28.12.2024 04:00;0.586724444;-1.613601111;23.96186778;-0.387485556;0;-22;0;0;0;-22;4.940292222;-4.885263333;21.39746556;4.64;19.73
28.12.2024 04:15;0.288074444;-4.233251111;8.101148889;-2.009858889;0;-7;0;0;0;-22;4.777814444;-5.18793;27.26400222;4.1;18.53
28.12.2024 04:30;0.707584444;-2.087926667;14.21877333;-1.090542222;0;-17;0;0;0;-22;5.686574444;-5.605446667;27.17098333;4.26;17.61
28.12.2024 04:45;0.830066667;-1.474592222;15.40922778;-3.594155556;0;-17;0;0;0;-22;6.297733333;-5.319036667;26.85075667;3.54;17.54
28.12.2024 05:00;1.179735556;-2.888181111;2.808431111;-11.63477889;0;-45;0;0;0;0;5.976551111;-5.823563333;55.38180556;3.08;18.37
28.12.2024 05:15;6.528983333;-0.564238889;2.499256667;-11.77790778;0;-25;0;0;0;0;5.992255556;-5.46388;27.78553111;4.46;19.13
28.12.2024 05:30;21.75428;-0.026313333;0.727778889;-4.235;0;0;0;0;0;0;10.22563222;-6.94116;-21.50521778;4.95;21.26
28.12.2024 05:45;61.53333889;0;5.234536667;-0.033537778;0;0;0;0;0;0;9.245037778;-10.07918;-65.90019556;9.24;23.35
28.12.2024 06:00;24.06373111;-1.175537778;8.260415556;-4.673888889;0;-76;0;0;0;0;10.42293111;-7.990447778;47.09279667;3.45;21.83
28.12.2024 06:15;16.91703;-0.171574444;12.25566111;-5.394407778;0;-20;0;0;0;0;6.76787;-10.79425111;0.419672222;4.75;21.31
28.12.2024 06:30;29.30242556;-0.14784;8.354234444;-2.841248889;12;0;0;0;0;0;15.59110667;-6.50308;-55.75559778;5.13;24.47
28.12.2024 06:45;38.06708556;-0.40731;23.96449111;-2.267606667;32;0;0;0;0;0;8.487666667;-19.08392778;-80.76039889;4.41;23.76
28.12.2024 07:00;1.138642222;-14.30527111;0.363364444;-70.02353778;32;0;0;0;0;0;11.07283222;-10.42263444;50.17660444;-4.58;21.18
28.12.2024 07:15;14.64747667;-0.749244444;18.68373778;-4.995697778;0;-10;0;0;0;0;8.995765556;-9.070873333;-17.51116444;4.51;21.92
28.12.2024 07:30;107.1809833;-0.053167778;46.41638444;-1.081808889;0;-98;0;0;0;0;20.42508222;-7.074891111;-67.81258222;5.11;51.03
28.12.2024 07:45;178.0128189;0;59.71207;0;0;-100;0;0;0;0;10.87375778;-17.65950556;-130.9391411;6.82;70.06
28.12.2024 08:00;24.89081111;-1.932648889;78.84045778;0;0;-23;0;0;0;0;9.801448889;-13.24980111;-75.35026778;2.81;23.07
28.12.2024 08:15;30.01967111;-0.079072222;29.65251333;-1.718751111;22;0;0;0;0;0;8.976547778;-12.62424;-76.22666889;3.57;22.39
28.12.2024 08:30;53.61083444;0;4.796466667;-0.559897778;66;0;0;0;0;0;15.89601889;-7.015784444;-132.7276378;10.83;25.95
28.12.2024 08:45;65.20073111;0;35.42954889;0;79;0;0;0;0;0;8.756214444;-13.66862333;-174.7178711;10.83;28.2
28.12.2024 09:00;47.95099667;0;41.00039444;-0.023871111;119;0;0;0;0;0;10.73890222;-8.455147778;-210.2112744;10.9;23.07
28.12.2024 09:15;44.49583667;-0.25228;61.11700778;0;119;0;0;0;0;0;9.58959;-14.89339444;-219.05676;3.57;27.07
28.12.2024 09:30;9.215353333;-1.051428889;117.49201;0;119;0;0;0;0;0;11.07502333;-10.97873889;-244.7522189;2.61;21.72
28.12.2024 09:45;4.156607778;-2.583948889;119.2310544;0;119;0;0;0;0;0;11.75537222;-12.08468667;-239.4743989;4.42;21.4
28.12.2024 10:00;3.774801111;-1.580544444;151.0566189;0;136;0;0;0;0;0;10.92042667;-10.69987222;-289.47143;2.79;21.34
28.12.2024 10:15;2.237684444;-4.064383333;88.43077889;-0.202337778;200;0;0;0;0;0;11.70624889;-12.02313444;-286.0848567;2;21.36
28.12.2024 10:30;1.47718;-4.125555556;36.05011;-0.434864444;213;0;0;0;0;0;10.29026333;-12.49510111;-243.7620322;1.89;21.14
28.12.2024 10:45;2.117777778;-9.177394444;51.38457889;-0.349402222;189;0;0;0;0;0;15.89924111;-15.66783667;-233.2069644;-2.2;21.29
28.12.2024 11:00;11.96776222;-1.269118889;41.91784222;-1.582533333;0;0;0;0;251;0;15.30219444;-13.57256;-303.7635867;2.02;22.28
28.12.2024 11:15;3.625335556;-1.843387778;48.27164556;-1.55364;0;0;0;0;251;0;10.30952889;-10.88080667;-298.9286756;2.42;21.33
28.12.2024 11:30;2.965086667;-2.451841111;27.16914778;-6.039644444;10;0;0;0;251;0;13.06666556;-12.04617111;-283.6632433;2.03;21.29
28.12.2024 11:45;1.800934444;-3.805734444;30.84440778;-4.152662222;3;0;0;0;251;0;10.82681;-11.82862778;-277.6851278;1.88;21.3
28.12.2024 12:00;42.06650556;-0.012071111;59.05584;-0.079262222;3;0;0;0;251;0;12.78621667;-10.32086667;-357.4963622;3.6;23.16
28.12.2024 12:15;34.45446222;-0.759822222;40.48723222;-1.884875556;3;0;0;0;251;0;9.886047778;-11.85845889;-324.3245856;1.23;22.72
28.12.2024 12:30;28.93351111;-0.248071111;6.147137778;-2.108014444;53;0;0;0;251;0;12.72844222;-8.66887;-340.7841356;1.59;22.27
28.12.2024 12:45;28.86637333;-1.621775556;22.42144778;-5.776356667;18;0;0;0;251;0;10.58322222;-13.65446889;-309.8184422;-0.09;23.31
28.12.2024 13:00;85.69972778;-0.005288889;57.16082556;0;45;0;0;0;226;0;16.77084111;-10.80617667;-419.8199289;3.6;32.59
28.12.2024 13:15;37.59372;0;99.50593556;0;41;0;0;0;226;0;10.95786444;-13.69004667;-401.3674733;9.13;22.7
28.12.2024 13:30;37.61256444;0;11.14908;-1.44748;145;0;0;0;226;0;11.76265556;-12.31635889;-417.7604611;9.13;22.4
28.12.2024 13:45;23.95249333;-0.63653;3.013311111;-14.00173778;145;0;0;0;226;0;12.31607444;-14.23147;-381.4121411;1.02;22.35
28.12.2024 14:00;7.261676667;-0.805928889;3.642853333;-28.09915889;343;0;0;0;0;0;12.81791667;-11.13172667;-326.6856322;2.74;21.61
28.12.2024 14:15;5.288766667;-1.435672222;9.382471111;-13.95368889;343;0;0;0;0;0;9.337303333;-9.15389;-342.46529;2.57;21.62
28.12.2024 14:30;39.43358556;0;7.249771111;-6.497391111;323;0;0;0;0;0;17.15741444;-11.69219;-368.65119;9.7;24.44
28.12.2024 14:45;39.50860222;-0.42372;27.83636444;-0.440222222;277;0;0;0;0;0;8.150807778;-14.89502;-336.7368122;2.36;23.95
28.12.2024 15:00;12.6614;-4.608825556;72.45894667;-8.141746667;293;0;0;0;0;0;14.72357778;-12.63400444;-367.4593478;-0.97;22.53
28.12.2024 15:15;3.249495556;-6.424688889;58.94763556;-1.702402222;225;0;0;0;0;0;12.77369111;-16.09018556;-275.7535456;-1.77;21.24
28.12.2024 15:30;32.88003667;-0.175231111;40.28859444;-1.01698;117;0;0;0;140;0;13.82814;-6.363387778;-336.4411722;3.54;24.17
28.12.2024 15:45;59.84211444;-0.028076667;42.34859111;-0.075675556;77;0;0;0;140;0;9.163136667;-16.53025;-311.71984;3.6;27.08
28.12.2024 16:00;0.417612222;-24.08243333;14.57940667;-1.984343333;90;0;0;0;78.8;0;15.41558667;-15.96193778;-157.1838911;1.38;21.34
28.12.2024 16:15;0.657414444;-7.117925556;13.64128333;-13.24895;80;0;0;0;78.8;0;10.50996889;-11.27604;-151.9657511;4.39;20.98
28.12.2024 16:30;1.932504444;-24.64572;1.688061111;-26.90102333;152;0;0;0;78.8;0;16.08047667;-15.38248444;-183.5718144;0.64;21.44
28.12.2024 16:45;4.244091111;-1.460086667;0.093653333;-33.39110333;190;0;0;0;78.8;0;11.74750778;-10.02225444;-240.0118078;4.89;21.4
28.12.2024 17:00;7.923691111;-3.830428889;22.35915111;-5.430292222;122;0;0;0;0;0;14.29388556;-16.28608333;-141.0299233;3.77;21.84
28.12.2024 17:15;2.860105556;-4.044456667;38.17814889;-0.322563333;129;0;0;0;0;0;12.56128889;-11.44149333;-166.79103;4.64;21.35
28.12.2024 17:30;18.78851556;-2.678894444;36.20534111;-0.803417778;132;0;0;0;0;0;14.56949667;-10.63149667;-187.4495444;4.65;25.18
28.12.2024 17:45;39.25278333;-0.004608889;18.38010111;-1.558297778;144;0;0;0;0;0;9.275158889;-12.99748333;-196.3476533;5.13;27.07
28.12.2024 18:00;4.834111111;-2.163614444;16.25246111;-4.907445556;123;0;0;0;0;0;10.04285556;-10.74270667;-136.3156611;4.52;22.87
28.12.2024 18:15;4.383261111;-3.927534444;6.186994444;-34.51087778;123;0;0;0;0;0;11.24132333;-11.67916778;-94.69399889;4.61;22.87
28.12.2024 18:30;3.92062;-7.183021111;1.129212222;-29.91897222;84;0;0;0;0;0;11.57824;-14.06245444;-49.46362444;4.31;21.64
28.12.2024 18:45;5.864525556;-10.96310889;0.666838889;-48.23015;67;0;0;0;0;0;13.12525;-12.05785111;-15.40550444;3.98;22.03
28.12.2024 19:00;0.590683333;-6.734334444;1.686633333;-25.73614111;147;0;0;0;0;0;10.98904222;-9.662817778;-118.1330656;4.6;23.7
28.12.2024 19:15;15.61739111;-2.274578889;0.947886667;-28.52500667;67;0;0;0;0;0;14.01445444;-13.21536444;-53.56478222;4.64;23.49
28.12.2024 19:30;5.697414444;-5.862482222;4.374098889;-16.03355778;22;0;0;0;0;0;10.25499778;-12.96684444;-7.463626667;4.23;21.73
28.12.2024 19:45;0.762934444;-35.06225444;4.953337778;-19.37717111;0;-13;0;0;0;0;10.48914556;-12.78944778;64.02345556;-0.69;21.37
28.12.2024 20:00;27.73572667;-1.689318889;3.468245556;-8.767582222;99;0;0;0;0;0;20.39552222;-13.05013;-127.0924633;2.58;23.89
28.12.2024 20:15;12.21801;-11.19792222;4.892;-7.855785556;62;0;0;0;0;0;7.491881111;-13.75352556;-53.79465778;2.27;22.15
28.12.2024 20:30;5.139822222;-3.287084444;10.61896556;-10.34877667;8;0;0;0;0;0;12.33160333;-8.381104444;-14.07342556;4.47;21.43
28.12.2024 20:45;7.201191111;-12.17148667;24.82196889;-7.049242222;0;-48;0;0;0;0;9.42054;-11.97589667;37.75292556;1.89;21.63
28.12.2024 21:00;14.77458222;-1.347662222;31.42052111;-1.346722222;55;0;0;0;0;0;13.84197;-10.38248333;-101.9602056;5.92;22.04
28.12.2024 21:15;14.93773444;-1.636017778;35.49765111;-0.889715556;26;0;0;0;0;0;9.596925556;-9.733677778;-73.7729;6.26;21.97
28.12.2024 21:30;9.598254444;-2.280677778;11.06203444;-3.09628;48;0;0;0;0;0;10.09468222;-10.37595222;-63.00206111;4.71;21.34
28.12.2024 21:45;0.894086667;-13.82106111;29.41217444;-5.131442222;0;-3;0;0;0;0;7.791053333;-12.96006444;-3.184746667;-2.17;19.89
28.12.2024 22:00;1.375311111;-10.67749444;4.8164;-8.88785;119;0;0;0;0;0;13.15157778;-9.626787778;-109.1511567;2.89;21.2
28.12.2024 22:15;1.038822222;-10.68046889;25.40367333;-1.431055556;79;0;0;0;0;0;8.945035556;-10.85666556;-91.41934111;2.6;20.94
28.12.2024 22:30;1.937926667;-3.342822222;41.97040556;-0.292944444;71;0;0;0;0;0;10.56474556;-7.59064;-114.2466711;4.58;21.13
28.12.2024 22:45;0.982665556;-39.13954556;23.03330111;-12.94792222;46;0;0;0;0;0;6.350102222;-20.93395778;-3.344643333;-17.28;19.88
28.12.2024 23:00;5.870084444;-10.48909889;2.62602;-26.13632222;156;0;0;0;0;0;22.89984222;-8.551148889;-142.2193767;-11.88;21.97
28.12.2024 23:15;14.09193444;-1.464153333;21.78158222;-3.145528889;72;0;0;0;0;0;8.110316667;-8.520482222;-102.8536689;5.22;21.56
28.12.2024 23:30;16.14340444;-2.025138889;21.27287222;-0.410622222;19;0;0;0;0;0;9.570016667;-9.448832222;-54.1017;3.16;21.31
28.12.2024 23:45;1.351453333;-2.60918;50.45668444;-1.46212;0;-20;0;0;0;0;6.521573333;-7.571604444;-26.68680667;3.54;18.74
29.12.2024 00:00;45.80229444;-0.041366667;20.45499444;-0.041271111;119;0;0;0;0;0;11.58581778;-8.687607778;-188.0728611;6.72;24.4
29.12.2024 00:15;9.223087778;-10.63516778;19.75691111;-4.023072222;67;0;0;0;0;0;5.750287778;-10.79320556;-76.27884111;2.75;22.59
29.12.2024 00:30;0.812847778;-16.92938889;4.165324444;-9.197257778;44;0;0;0;0;0;6.582225556;-7.53424;-21.89951111;0.3;20.16
29.12.2024 00:45;0.048827778;-29.50045556;2.74524;-15.10496111;0;0;0;0;0;0;6.134161111;-10.63419222;46.31138;-5.68;19.81
29.12.2024 01:00;1.671273333;-12.20226222;4.303897778;-14.98126556;123;0;0;0;0;0;11.48349889;-7.097966667;-106.1771756;0.28;21.25
29.12.2024 01:15;0.030378889;-30.48016222;3.126102222;-8.718134444;76;0;0;0;0;0;6.517765556;-10.44324667;-36.03270333;-3.23;18.47
29.12.2024 01:30;0.057504444;-15.90549333;0.398217778;-14.51809;40;0;0;0;0;0;7.791038889;-4.552634444;-13.27054333;-0.97;18.21
29.12.2024 01:45;0.585385556;-11.93441222;5.518872222;-11.79413667;0;-20;0;0;0;0;7.055171111;-7.795684444;38.36480444;-2.81;18.26
29.12.2024 02:00;4.211822222;-1.834688889;1.033148889;-16.19424889;91;0;0;0;0;0;8.595658889;-4.692087778;-82.11960444;3.56;21.46
29.12.2024 02:15;5.444723333;-2.418752222;3.692058889;-7.608351111;30;0;0;0;0;0;5.171215556;-5.393102222;-28.88779222;4.84;19.72
29.12.2024 02:30;7.56115;-2.447094444;3.450196667;-59.77158444;20;0;0;0;0;0;7.510015556;-6.973096667;30.67041333;2.83;20.77
29.12.2024 02:45;1.70342;-2.490494444;1.418063333;-54.91257111;0;-20;0;0;0;0;5.544444444;-6.409762222;75.1469;3.31;17.88
29.12.2024 03:00;11.72268111;-0.066042222;6.911413333;-2.196191111;74;0;0;0;0;0;6.614313333;-5.734391111;-91.25178333;4.64;20.97
29.12.2024 03:15;7.534872222;-0.216321111;17.02577667;-0.953996667;20;0;0;0;0;0;5.040981111;-4.883647778;-43.54766444;4.14;19.36
29.12.2024 03:30;22.30480778;0;21.14991333;0;0;-20;0;0;0;0;4.78028;-3.333881111;-24.90112;6.75;21.04
29.12.2024 03:45;29.00499111;-0.352784444;37.63585778;0;0;-65;0;0;0;0;7.902583333;-8.76378;-0.426867778;3.34;21.91
29.12.2024 04:00;32.34169333;-0.112714444;19.71974667;-0.746537778;0;0;0;0;0;0;7.993077778;-4.779468889;-54.41579667;4.24;22.18
29.12.2024 04:15;33.90622889;-0.017226667;24.90647;0;0;0;0;0;0;0;4.530521111;-8.150492222;-55.17550111;3.92;22.22
29.12.2024 04:30;0.959306667;-0.873332222;49.69237444;0;0;0;0;0;0;0;4.029637778;-4.624122222;-49.18386444;3.9;16.24
29.12.2024 04:45;9.541836667;-0.637878889;34.76374556;-0.341123333;0;0;0;0;0;0;5.893567778;-7.021257778;-42.19889;2.86;19.78
29.12.2024 05:00;1.169014444;-2.139482222;28.05841889;-0.808695556;0;0;0;0;0;0;5.781494444;-5.130263333;-26.93048667;3.52;17.08
29.12.2024 05:15;2.053346667;-1.743012222;35.43052333;-1.079866667;0;0;0;0;0;0;4.289836667;-5.402817778;-33.54801;3.6;17.21
29.12.2024 05:30;1.215121111;-1.596405556;7.128124444;-2.404716667;60;0;0;0;0;0;4.659561111;-5.099242222;-63.90244222;4.25;17.25
29.12.2024 05:45;4.638784444;-1.017923333;15.23865556;-1.660695556;60;0;0;0;0;0;6.697531111;-6.724707778;-77.17164444;4.11;18.86
29.12.2024 06:00;3.285706667;-1.5553;24.77539778;-2.375548889;0;0;0;0;0;0;7.59084;-6.149592222;-25.57150333;3.1;18.88
29.12.2024 06:15;5.755197778;-0.443918889;17.60169889;-5.261064444;40;0;0;0;0;0;6.018602222;-6.520463333;-57.15005222;4.15;19.76
29.12.2024 06:30;11.95245;-0.690235556;5.78791;-10.35047333;57;0;0;0;0;0;10.89137;-8.190701111;-66.40032;2.93;20.84
29.12.2024 06:45;24.43739333;-0.196123333;6.412495556;-5.96437;50;0;0;0;0;0;8.296965556;-12.26812222;-70.71823889;3.87;22.13
29.12.2024 07:00;16.22179222;-2.149784444;3.142593333;-34.67935556;0;0;0;0;0;0;13.97623556;-10.21676667;13.70528556;-1.55;22.56
29.12.2024 07:15;23.66018667;-0.226773333;3.440422222;-7.985027778;25;0;0;0;0;0;7.542288889;-10.07241333;-41.35868333;3.58;22.72
29.12.2024 07:30;30.59882667;-0.09955;0.069293333;-6.978066667;60;0;0;0;0;0;13.36349889;-9.423822222;-87.53018;3.59;23.14
29.12.2024 07:45;44.3632;-0.358883333;12.72876889;-0.293348889;95;0;0;0;0;0;8.959142222;-13.10111333;-147.2977656;2.52;24.03
29.12.2024 08:00;1.830503333;-13.29601556;3.757116667;-31.45072111;95;0;0;0;0;0;11.45318556;-10.56483111;-56.72923778;-8.11;21.13
29.12.2024 08:15;3.813475556;-2.792283333;17.50727111;-8.327377778;95;0;0;0;0;0;9.075523333;-10.49505222;-103.7815567;2.51;21.62
29.12.2024 08:30;9.847673333;-0.781786667;56.67052778;-2.104585556;95;0;0;0;0;0;10.02793444;-8.771928889;-159.8878344;2.69;21.82
29.12.2024 08:45;20.58253667;-0.891786667;80.26828111;-0.535328889;95;0;0;0;0;0;8.108951111;-8.693523333;-193.83913;4.13;22.56
29.12.2024 09:00;8.810896667;-0.449081111;88.45930111;0;92;0;0;0;0;0;11.40461889;-10.40440556;-189.82133;3.48;21.83
29.12.2024 09:15;14.33579778;-0.977098889;61.44929444;-0.651666667;92;0;0;0;0;0;8.516747778;-10.31764222;-164.3554322;1.88;22.38
29.12.2024 09:30;5.353314444;-0.624862222;29.75243778;-0.480937778;132;0;0;0;0;0;9.773812222;-9.013163333;-166.7606011;2.77;21.39
29.12.2024 09:45;6.661503333;-1.379381111;51.85626;-2.028713333;132;0;0;0;0;0;9.804958889;-10.95106556;-185.9635622;4.53;21.59
29.12.2024 10:00;24.43181444;-0.13116;27.19846222;-0.437415556;30;0;0;0;107;0;10.26449;-9.220362222;-189.1058289;3.31;23.2
29.12.2024 10:15;7.336283333;-1.534005556;40.48841889;-0.419424444;23;0;0;0;107;0;7.694471111;-9.058697778;-174.5070456;2.12;21.77
29.12.2024 10:30;7.059041111;-0.621874444;43.46981333;-0.241871111;0;0;0;0;107;0;9.846155556;-9.552141111;-156.9591233;2.28;21.55
29.12.2024 10:45;5.433344444;-8.724086667;35.72497111;-6.114225556;0;0;0;0;107;0;13.50043667;-12.78590778;-134.0345322;-2.37;22.38
29.12.2024 11:00;70.45518667;-0.003391111;21.83472444;0;0;-20;0;0;107;0;18.19471778;-8.927673333;-188.5535644;3.6;25.53
29.12.2024 11:15;69.38937444;0;14.47477222;0;0;-20;0;0;107;0;7.918824444;-13.40849667;-165.3744744;6.75;25.99
29.12.2024 11:30;55.56017333;0;9.543938889;-0.419928889;0;-20;0;0;107;0;15.94134778;-11.35169333;-156.2738378;6.75;24.06
29.12.2024 11:45;60.82789444;0;9.795503333;-0.711258889;0;-20;0;0;107;0;12.64322222;-13.36591111;-156.18945;6.75;24.59
29.12.2024 12:00;78.31748;0;37.07627889;0;0;0;0;0;107;0;13.86937778;-13.41339778;-222.8497389;8.71;25.91
29.12.2024 12:15;110.65771;0;19.41705333;0;0;0;0;0;107;0;11.36444444;-13.13260889;-235.3065989;8.71;28.59
29.12.2024 12:30;112.8461333;0;1.201795556;0;0;0;0;0;107;0;14.36960333;-12.15277778;-223.2647544;8.71;28.82
29.12.2024 12:45;63.05976333;0;2.304162222;-2.832035556;50;0;0;0;107;0;12.60199;-16.98619667;-215.1476833;8.71;25.79
29.12.2024 13:00;85.16777889;0;12.44401667;-0.177951111;96;0;0;0;107;0;16.41954333;-11.01832778;-305.83506;8.72;25.85
29.12.2024 13:15;51.34411778;-0.013426667;7.456403333;-3.119568889;145;0;0;0;107;0;10.16900222;-15.81978444;-302.0167433;3.6;24.7
29.12.2024 13:30;64.87925889;0;9.097948889;-0.236542222;105;0;0;0;107;0;11.98538778;-9.42494;-288.3011133;8.72;24.2
29.12.2024 13:45;29.43916444;-0.534661111;19.22013556;-3.786248889;145;0;0;0;107;0;10.16900444;-16.01594556;-290.4914489;2.57;23.71
29.12.2024 14:00;29.01325889;-0.328231111;24.24945;-1.836306667;222;0;0;0;0;0;11.83973333;-8.112275556;-276.8256289;1.93;23.57
29.12.2024 14:15;28.35163333;0;18.46161111;-0.998253333;269;0;0;0;0;0;7.368435556;-11.82918889;-310.3542378;9.01;23.21
29.12.2024 14:30;39.40211556;-0.020886667;19.88829889;-0.644537778;257;0;0;0;0;0;12.67958889;-7.968471111;-320.3361078;3.6;23.6
29.12.2024 14:45;68.36589333;0;13.53798111;0;281;0;0;0;0;0;13.91544;-10.46388222;-366.3554322;9.01;24.73
29.12.2024 15:00;40.66976556;-0.029702222;35.70832;-3.645013333;180;0;0;0;0;0;11.67346333;-16.12980444;-248.2470289;3.6;24.39
29.12.2024 15:15;34.1257;-0.105524444;42.84624111;-0.410963333;207;0;0;0;0;0;12.70504667;-12.69255111;-283.4679489;3.15;23.51
29.12.2024 15:30;110.0073156;0;4.783485556;-0.218637778;212;0;0;0;0;0;14.98208222;-8.573922222;-332.9803233;9.98;33.14
29.12.2024 15:45;121.7231989;0;3.45461;0;252;0;0;0;0;0;14.0484;-15.22433;-376.0018789;9.98;41.92
29.12.2024 16:00;38.53406222;0;94.59316222;-0.035102222;171;0;0;0;0;0;10.794;-20.31767333;-294.5684489;11.21;24.44
29.12.2024 16:15;2.3626;-5.918521111;52.34422778;-4.739923333;202;0;0;0;0;0;10.63046667;-13.31516222;-243.3636878;0.85;21.33
29.12.2024 16:30;0.067138889;-26.14503333;1.66212;-17.81161222;339;0;0;0;0;0;12.03912444;-10.90083444;-297.9109033;-2.15;21.75
29.12.2024 16:45;7.524004444;-6.328644444;12.40848667;-5.961934444;339;0;0;0;0;0;13.63417111;-12.84396667;-347.4321167;3.42;22.53
29.12.2024 17:00;4.95415;-3.943684444;21.00227556;-1.471262222;27;0;0;0;100;0;11.21633889;-9.768327778;-148.98949;4.57;22.02
29.12.2024 17:15;6.749537778;-4.791537778;35.47133667;-3.235622222;64;0;0;0;100;0;9.849175556;-12.59198333;-195.4509067;4.51;23.54
29.12.2024 17:30;5.349651111;-2.750111111;37.22925;-0.684825556;80;0;0;0;100;0;11.65608111;-9.636522222;-221.1635233;4.79;22.18
29.12.2024 17:45;11.93941111;-6.42998;17.60301111;-13.19148444;141;0;0;0;100;0;9.289274444;-12.58467556;-247.6255567;3.53;23.18
29.12.2024 18:00;0.081653333;-38.84615889;5.175222222;-2.356841111;63;0;0;0;100;0;15.02736667;-13.45459333;-128.6266489;-0.32;21
29.12.2024 18:15;6.752933333;-9.843196667;11.24001111;-16.25329;0;0;0;0;100;0;8.069644444;-13.35260444;-86.61349778;1.78;22.34
29.12.2024 18:30;0.682912222;-20.20399;1.520213333;-34.50115222;21;0;0;0;100;0;15.03552111;-9.058128889;-74.47537556;1.19;21.05
29.12.2024 18:45;13.79079889;-1.287706667;5.435638889;-8.607518889;0;-4;0;0;100;0;10.89655444;-11.71924;-104.5085267;4.83;23.25
29.12.2024 19:00;13.88955444;-0.574542222;10.56951333;-11.60812889;169;0;0;0;0;0;13.83165111;-11.19223333;-183.9158144;4.91;25.75
29.12.2024 19:15;20.25905333;-0.413813333;1.82607;-12.09699667;90;0;0;0;0;0;11.62027444;-12.93974667;-98.25484111;4.99;23.79
29.12.2024 19:30;21.69460889;0;6.79819;-5.30555;20;0;0;0;0;0;11.52640222;-10.32193778;-44.39171333;11.42;23.02
29.12.2024 19:45;12.68906556;-9.85407;5.444907778;-40.69144444;25;0;0;0;0;0;10.94510222;-12.70995;9.176388889;3.23;23.39
29.12.2024 20:00;2.857395556;-8.894837778;0;-90.34361778;169;0;0;0;0;0;13.01133778;-12.47968222;-73.15059556;4.36;21.66
29.12.2024 20:15;0.719128889;-13.28437222;0.20448;-71.76095111;99;0;0;0;0;0;7.931595556;-12.91859333;-9.891287778;3.05;21.05
29.12.2024 20:30;3.113047778;-6.872814444;0;-86.01435667;47;0;0;0;0;0;14.46289444;-11.12329333;39.43452222;3;21.42
29.12.2024 20:45;3.230795556;-3.365198889;0.349711111;-67.33654556;0;0;0;0;0;0;12.04697778;-11.51175667;66.58601667;4.57;21.11
29.12.2024 21:00;54.15663;0;16.09269667;-1.614568889;79;0;0;0;0;0;14.80603;-10.38707889;-152.0537089;10.12;26.29
29.12.2024 21:15;29.59647778;-2.919493333;21.86420778;-1.277637778;72;0;0;0;0;0;7.479925556;-14.56819111;-112.1752889;5.02;25.88
29.12.2024 21:30;3.769795556;-2.990033333;52.05241333;-0.509691111;27;0;0;0;0;0;11.29261111;-8.485788889;-82.12930667;5.06;20.37
29.12.2024 21:45;2.363952222;-8.057988889;99.63361;-0.179824444;0;-72;0;0;0;0;6.519372222;-12.24339444;-16.03572667;2.19;19.5
29.12.2024 22:00;39.24900778;-2.899034444;11.93897778;-0.261686667;99;0;0;0;0;0;18.37724;-9.94602;-155.4584844;-0.83;24.32
29.12.2024 22:15;25.17183444;-3.242463333;33.81898778;-0.746822222;90;0;0;0;0;0;6.538306667;-11.89099222;-139.6488511;3.97;23.84
29.12.2024 22:30;14.29755444;-1.29855;74.10966222;-0.379311111;76;0;0;0;0;0;13.36210222;-10.89546333;-165.1959944;3.46;22.33
29.12.2024 22:45;3.147238889;-2.508801111;91.93210444;-0.08318;21;0;0;0;0;0;8.964565556;-9.213048889;-113.2388789;3.93;20.49
29.12.2024 23:00;38.17911444;-1.322016667;70.99761;-0.040482222;164;0;0;0;0;0;14.13628444;-13.58371889;-272.3667911;4.97;25.77
29.12.2024 23:15;23.70712444;-0.019391111;61.78840778;0;103;0;0;0;0;0;7.740091111;-7.664425556;-188.5518067;4.76;22.63
29.12.2024 23:30;11.87526556;-0.0236;41.57548;-0.059742222;81;0;0;0;0;0;7.113151111;-7.767738889;-133.7128156;4.76;21.03
29.12.2024 23:45;7.043724444;-25.45098444;52.61339333;-8.31044;38;0;0;0;0;0;11.20688556;-18.41335667;-56.68922222;-49.38;19.77
30.12.2024 00:00;1.919746667;-8.48945;32.22912444;-49.63945778;207;0;0;0;0;0;16.16292889;-10.38168667;-188.8012056;3.91;20.78
30.12.2024 00:15;1.446517778;-1.902928889;0.001204444;-62.18185556;165;0;0;0;0;0;7.354336667;-6.616201111;-103.1010733;5.09;20.91
30.12.2024 00:30;1.17105;-1.820854444;0;-63.27269667;101;0;0;0;0;0;5.587834444;-5.756567778;-36.90876556;4.63;19.49
30.12.2024 00:45;1.990842222;-5.619161111;0.631564444;-42.70499889;35;0;0;0;0;0;7.3663;-7.474271111;10.80972444;0.64;19.86
30.12.2024 01:00;52.54611333;-0.042452222;6.209318889;-2.13351;64;0;0;0;0;0;8.909752222;-4.572443333;-124.9167789;3.43;25.62
30.12.2024 01:15;48.13352778;0;3.395386667;0;40;0;0;0;0;0;7.386028889;-9.366542222;-89.54840111;9.04;23.23
30.12.2024 01:30;83.37538111;0;15.07176222;0;0;-32;0;0;0;0;8.951011111;-4.838338889;-70.55981556;4.3;24.78
30.12.2024 01:45;73.91315333;-0.008678889;26.17784667;-0.407995556;0;-78;0;0;0;0;4.443037778;-10.29565556;-15.82170778;-2.92;24.5
30.12.2024 02:00;23.57393111;-0.152843333;3.985824444;-2.794586667;120;0;0;0;0;0;7.987446667;-8.867923333;-143.7318489;2.92;23.85
30.12.2024 02:15;4.973818889;-5.872663333;2.087913333;-4.36532;80;0;0;0;0;0;4.402117778;-6.301781111;-74.92408556;-3.98;20.43
30.12.2024 02:30;3.891864444;-1.445847778;16.71303444;-0.304657778;56;0;0;0;0;0;5.460337778;-4.170146667;-76.14458444;-1.57;19.8
30.12.2024 02:45;2.067593333;-4.729001111;18.10944111;-0.935297778;5;0;0;0;0;0;4.728161111;-5.274272222;-18.96662444;-3.76;19.67
30.12.2024 03:00;3.285448889;-0.773222222;0.94533;-13.39686444;111;0;0;0;0;0;3.885917778;-4.165542222;-100.7810678;2.42;21.29
30.12.2024 03:15;1.530344444;-3.912735556;0.820808889;-5.764638889;67;0;0;0;0;0;3.795802222;-5.159265556;-58.31031556;-2.48;19.13
30.12.2024 03:30;4.02369;-0.711792222;5.279263333;-0.963632222;43;0;0;0;0;0;3.596162222;-2.217808889;-52.00588222;;19.6
30.12.2024 03:45;14.05138222;-0.000948889;8.427737778;-0.166841111;5;0;0;0;0;0;4.663726667;-3.892238889;-28.08281778;1.57;20.76
30.12.2024 04:00;13.09069;-0.182564444;21.86692889;-0.290164444;5;0;0;0;11;0;4.875125556;-5.086865556;-50.27315;-0.91;21.49
30.12.2024 04:15;4.900431111;-0.452325556;7.568651111;-2.608455556;35;0;0;0;11;0;3.917116667;-4.629725556;-54.69569222;2.76;20.22
30.12.2024 04:30;18.37389778;-0.017901111;2.928141111;-1.894048889;42;0;0;0;11;0;7.656023333;-5.838487778;-74.20762444;4.75;21.36
30.12.2024 04:45;17.14953778;-0.183375556;13.37265556;-0.592205556;62;0;0;0;11;0;5.773127778;-7.338295556;-101.1814444;2.35;21.72
30.12.2024 05:00;1.257455556;-19.89962667;19.79574222;-4.410613333;0;-50;0;0;0;0;13.17139444;-13.00318778;53.08883556;-28.2;18.69
30.12.2024 05:15;0.26218;-22.63684556;9.09017;-4.114685556;35;0;0;0;0;0;8.822695556;-14.40486889;-12.01864556;-9.31;18.76
30.12.2024 05:30;0.406488889;-24.88388444;1.071644444;-20.13795889;116;0;0;0;0;0;13.77500222;-8.063678889;-78.16761333;-7.18;20.46
30.12.2024 05:45;0.794132222;-22.14207;1.795595556;-21.8387;188;0;0;0;0;0;8.88209;-12.67794556;-142.8131022;0.65;21.13
30.12.2024 06:00;0;-55.45437444;1.111321111;-9.414877778;0;-5;0;0;0;0;17.07518667;-12.99371889;64.67646333;-46.74;14.19
30.12.2024 06:15;0.036078889;-43.28272333;2.775063333;-9.81638;24;0;0;0;0;0;13.81515444;-16.97505667;29.44786333;-27.34;19.6
30.12.2024 06:30;1.553675556;-15.01368778;4.962991111;-13.19805222;62;0;0;0;0;0;14.23258778;-9.641383333;-44.89613111;-1.85;20.63
30.12.2024 06:45;2.73573;-6.20917;0.03496;-99.53390111;205;0;0;0;0;0;12.25261;-13.09922111;-101.1810078;4.1;20.93
30.12.2024 07:00;0.108095556;-82.16742667;1.961044444;-28.52767889;0;0;0;0;0;0;27.23335444;-27.15275111;108.5453622;-184.24;20.93
30.12.2024 07:15;13.19403;-1.391043333;21.18377333;-6.436126667;0;0;0;0;0;0;13.93717111;-12.29327222;-28.19453222;2.77;22.45
30.12.2024 07:30;25.77458222;0;67.37652111;-0.18258;0;0;0;0;0;0;13.57015111;-9.936231111;-96.60244333;11.48;23.08
30.12.2024 07:45;58.34173333;0;77.97053111;0;0;0;0;0;0;0;11.71411333;-15.29456333;-132.7318144;11.48;25.87
30.12.2024 08:00;28.81524556;-1.558557778;5.401012222;-8.346318889;0;0;0;0;0;0;17.52793889;-11.18569556;-30.65362444;4.43;26.18
30.12.2024 08:15;62.41605;0;0.643406667;-1.548897778;0;0;0;0;0;0;11.77982778;-19.27977778;-54.01060889;11.65;29.17
30.12.2024 08:30;50.81475333;0;39.88693778;-0.204573333;0;0;0;0;0;0;19.47268222;-17.50139778;-92.46840222;11.65;25.54
30.12.2024 08:45;29.83737444;-0.959468889;75.52320444;-0.560417778;0;0;0;0;0;0;16.24999333;-17.26722889;-102.8234567;4.75;25.12
30.12.2024 09:00;124.5434533;0;11.17111889;0;0;0;0;0;0;0;22.18317222;-13.18931;-144.7084344;11.47;35.6
30.12.2024 09:15;84.58317667;-0.410835556;60.81431556;0;0;0;0;0;0;0;6.631106667;-17.66086889;-133.9568944;-2.39;34.38
30.12.2024 09:30;62.59465889;0;80.20077889;0;0;0;0;0;0;0;17.96118667;-12.72731556;-148.0293089;11.47;27.12
30.12.2024 09:45;60.32483667;0;79.47840111;0;0;0;0;0;0;0;10.92419444;-13.38211111;-137.3453211;11.47;26.07
30.12.2024 10:00;103.9126322;0;56.90359333;0;0;0;0;0;0;0;13.73643778;-12.78644222;-161.7662211;11.21;43.56
30.12.2024 10:15;63.43844667;-0.173064444;70.17389111;0;0;0;0;0;0;0;11.23967111;-14.45824111;-130.2207033;-0.22;28.33
30.12.2024 10:30;18.27231111;-0.225556667;28.87431111;-1.958168889;100;0;0;0;0;0;12.41050111;-13.07534556;-144.2980522;0.14;22.69
30.12.2024 10:45;10.66269667;-1.199265556;22.08782778;-12.30984111;100;0;0;0;0;0;11.68672889;-10.35481;-120.5733367;-3.7;22.32
30.12.2024 11:00;82.08279444;0;23.39424;-0.124782222;36;0;0;0;50;0;14.86276556;-11.10348778;-195.11153;10.72;32.12
30.12.2024 11:15;20.75302111;-0.873734444;18.0481;-7.761984444;36;0;0;0;50;0;7.733257778;-14.92867889;-108.9699811;-2.22;24.1
30.12.2024 11:30;10.31751111;-0.791958889;17.07200667;-8.867432222;41;0;0;0;50;0;12.97254;-10.33664667;-111.36602;-2.74;21.96
30.12.2024 11:45;35.57168333;-0.546741111;13.57118556;-6.671877778;41;0;0;0;50;0;9.875241111;-11.70518333;-131.0943078;-2.93;23.49
30.12.2024 12:00;132.4522589;0;20.10467556;0;62;0;0;0;50;0;24.88990778;-12.44331556;-277.0035267;10.43;41.84
30.12.2024 12:15;88.77224444;-0.347763333;11.03186556;-3.969191111;62;0;0;0;50;0;8.670798889;-21.99442222;-194.1635322;-3.71;42.02
30.12.2024 12:30;5.36363;-0.900193333;1.350962222;-27.88192444;149;0;0;0;50;0;10.68769667;-10.58562889;-177.0345422;-1.43;20.9
30.12.2024 12:45;3.96197;-2.555872222;0.364717778;-57.16552889;149;0;0;0;50;0;12.70425333;-12.28108333;-144.0284567;-6.86;20.83
30.12.2024 13:00;53.89446667;-0.075275556;12.25551222;-7.239753333;166;0;0;0;50;0;17.11125556;-11.38806556;-280.55814;-2.04;24.21
30.12.2024 13:15;88.60935333;0;12.86304556;0;111;0;0;0;50;0;11.01834889;-12.74956667;-260.7411811;10.36;26.86
30.12.2024 13:30;113.0501378;0;5.84755;0;75;0;0;0;50;0;20.41095778;-11.87553889;-252.4331067;10.36;38
30.12.2024 13:45;133.5964633;0;4.660352222;0;35;0;0;0;50;0;13.57937333;-18.80505556;-218.0311333;10.36;46.51
30.12.2024 14:00;112.0312422;0;27.40852889;0;82;0;0;0;50;0;14.22795667;-10.37382111;-275.2939067;11.17;43.32
30.12.2024 14:15;104.8319589;0;42.24562778;0;58;0;0;0;50;0;11.10756556;-16.16344667;-250.0217056;11.17;32.87
30.12.2024 14:30;109.8573;0;34.26963778;0;70;0;0;0;50;0;15.94458;-10.74326556;-269.3282522;11.17;38.14
30.12.2024 14:45;82.51490444;-0.078395556;54.92609333;-0.212097778;52;0;0;0;50;0;9.002285556;-20.22108222;-227.9317078;-1.54;39.48
30.12.2024 15:00;14.85013333;-1.175811111;2.459973333;-17.82455111;82;0;0;0;124;0;16.27306667;-13.01102222;-207.5717889;-7.8;22.65
30.12.2024 15:15;26.78575778;-0.219996667;1.207038889;-10.67845333;82;0;0;0;124;0;13.82025667;-15.35454889;-221.5600544;-2.19;23.41
30.12.2024 15:30;18.09164333;-0.773646667;0.411646667;-28.20800333;132;0;0;0;124;0;15.81377889;-13.19716556;-248.1382533;-1.31;23.31
30.12.2024 15:45;22.44466444;-1.456163333;2.060187778;-17.98652444;127;0;0;0;124;0;10.73730889;-15.38303667;-251.4164367;-2.31;23.46
30.12.2024 16:00;0.000948889;-40.00704667;0.079813333;-63.58526333;214;0;0;0;0;0;13.06095778;-14.56353222;-108.9858778;0.61;21.23
30.12.2024 16:15;0;-38.83599556;0.01452;-44.39423778;219;0;0;0;0;0;12.62206;-11.85545778;-136.5508889;1.28;18.44
30.12.2024 16:30;0.396595556;-31.02539444;0.822315556;-35.07706;236;0;0;0;0;0;16.79277778;-12.18398222;-175.7252522;1.33;21.66
30.12.2024 16:45;5.495744444;-11.29802333;8.413481111;-16.18493333;261;0;0;0;0;0;15.31166111;-16.49604778;-246.2418822;4.12;24.03
30.12.2024 17:00;2.366942222;-18.99467889;39.25818222;-7.416724444;72;0;0;0;0;0;18.29292889;-17.18070556;-88.32594444;-1.38;23.23
30.12.2024 17:15;2.727862222;-4.130167778;65.25798556;-0.445244444;106;0;0;0;0;0;14.87466111;-14.16478222;-170.1203144;4.81;22.94
30.12.2024 17:30;2.75444;-4.80251;51.08020556;-0.479462222;144;0;0;0;0;0;12.31282889;-13.62494;-191.2405622;4.79;23.35
30.12.2024 17:45;1.327725556;-9.647481111;34.22876111;-7.88754;202;0;0;0;0;0;12.77996111;-14.78625111;-218.0151756;4.32;28.87
30.12.2024 18:00;1.554077778;-11.13198889;25.64007889;-5.985391111;195;0;0;0;0;0;14.82146889;-11.94687667;-207.9513689;3.24;30.73
30.12.2024 18:15;2.375482222;-4.428824444;36.77574444;-3.349028889;175;0;0;0;0;0;10.44410333;-12.56945222;-204.2480244;4.77;27.87
30.12.2024 18:30;4.340942222;-3.242187778;43.81878444;-0.988203333;160;0;0;0;0;0;14.45586444;-12.81576222;-205.5694378;4.86;26.84
30.12.2024 18:45;5.65606;-8.28111;38.62895;-0.193138889;153;0;0;0;0;0;12.17095111;-13.84742778;-187.1342844;4.19;26.49
30.12.2024 19:00;1.30412;-16.12508;17.13670111;-1.908486667;283;0;0;0;0;0;13.29398778;-13.32656333;-283.3746789;2.97;30.5
30.12.2024 19:15;6.180021111;-2.553847778;6.81985;-36.57250667;242;0;0;0;0;0;12.92997;-12.59899444;-216.2044922;4.99;28.64
30.12.2024 19:30;1.009928889;-38.40141222;0.059487778;-33.75055444;227;0;0;0;0;0;9.721414444;-17.92289111;-147.7159733;-3.07;27.93
30.12.2024 19:45;0;-71.67711889;0.657946667;-31.31969556;203;0;0;0;0;0;14.8215;-15.15709444;-100.3255378;-10.73;26.85
30.12.2024 20:00;16.52980889;-8.993195556;8.913691111;-4.775187778;203;0;0;0;0;0;18.95425111;-9.168273333;-224.4610944;3.33;25.68
30.12.2024 20:15;7.718491111;-24.19908778;7.478346667;-2.777392222;193;0;0;0;0;0;8.300217778;-13.48795222;-176.0326233;0.87;24.2
30.12.2024 20:30;0.771617778;-14.13954222;7.969295556;-8.096578889;123;0;0;0;0;0;12.47205444;-8.422846667;-113.554;4.44;21.63
30.12.2024 20:45;1.576606667;-9.536395556;12.19345556;-13.55239;81;0;0;0;0;0;10.16470333;-10.70965333;-71.13632667;4.28;21.8
30.12.2024 21:00;70.66555444;-0.077988889;39.94748444;-0.17693;81;0;0;0;0;0;18.32603333;-15.39112778;-194.2930256;6.65;32.29
30.12.2024 21:15;6.320656667;-30.28726778;18.31865889;-9.523564444;206;0;0;0;0;0;5.593494444;-14.30497;-182.1170078;-3.77;23.3
30.12.2024 21:30;0;-42.48482111;0.180133333;-9.606572222;156;0;0;0;14;0;12.78537667;-11.58063111;-119.2934856;0.92;16.95
30.12.2024 21:45;0.024414444;-72.11345889;2.259385556;-22.65290667;111;0;0;0;14;0;9.971262222;-23.78368111;-18.70501556;-70.45;20.22
30.12.2024 22:00;40.40352667;-11.77503333;18.73609222;-4.690282222;113;0;0;0;0;0;32.96149778;-9.002543333;-179.6332578;-197.89;26.13
30.12.2024 22:15;54.37608111;-0.339352222;67.028;-0.001795556;58;0;0;0;0;0;9.116203333;-13.51803333;-174.6611033;3.65;29.41
30.12.2024 22:30;31.97062333;-0.619975556;47.13486778;-0.001795556;113;0;0;0;0;0;9.980747778;-10.32307444;-191.1413933;1.57;24.58
30.12.2024 22:45;42.79473667;-2.338468889;28.54159222;-8.252166667;58;0;0;0;0;0;13.48253222;-13.49883556;-118.72939;-18.23;25.95
30.12.2024 23:00;76.61864556;-0.298257778;26.57295556;-0.686997778;158;0;0;0;0;0;15.66867;-8.694737778;-267.1802778;4.38;33.24
30.12.2024 23:15;42.39462111;-0.013021111;42.86371889;-0.00852;100;0;0;0;0;0;5.167358889;-10.41317444;-179.9909833;6.1;26.05
30.12.2024 23:30;51.78628778;-0.042182222;38.29020556;0;38;0;0;0;0;0;9.638684444;-10.80267333;-126.8703222;4.57;26.3
30.12.2024 23:45;10.20765222;-5.239381111;70.24640556;-2.454648889;9;0;0;0;0;0;7.295462222;-11.70679778;-77.34869222;-28.54;23.24
31.12.2024 00:00;76.32663;-1.02146;11.73906778;-0.388333333;194;0;0;0;0;0;16.94119333;-9.684805556;-287.9122922;-23.54;43.68
31.12.2024 00:15;55.5774;-0.285643333;20.89077667;-0.356431111;114;0;0;0;0;0;6.964486667;-11.65501222;-185.1355767;6.52;37.07
31.12.2024 00:30;0.390347778;-25.87240889;4.674864444;-13.50433;154;0;0;0;0;0;4.621274444;-11.58151667;-112.7282311;-35.9;19.53
31.12.2024 00:45;0;-61.67210333;0;-77.85057444;199;0;0;0;0;0;8.572278889;-7.081378889;-60.96822222;-13.78;16.89
31.12.2024 01:00;31.95462444;-2.432174444;10.58961333;-4.043484444;140;0;0;0;0;0;13.09837556;-8.216131111;-180.9508233;-29.33;25.27
31.12.2024 01:15;2.02772;-8.454454444;16.99135556;-0.923227778;89;0;0;0;0;0;4.477495556;-7.599744444;-95.51914444;-13.3;20.45
31.12.2024 01:30;2.121031111;-6.759165556;9.868288889;-3.861763333;70;0;0;0;0;0;7.014732222;-4.893065556;-73.49005778;-2.24;19.67
31.12.2024 01:45;10.36987556;-2.955993333;18.53569889;-1.971585556;0;0;0;0;0;0;5.226508889;-7.023178889;-22.18132556;-15.42;20.99
31.12.2024 02:00;51.26436444;-0.710043333;3.911291111;-0.673384444;107;0;0;0;0;0;14.15743111;-7.624734444;-167.3249244;-18.39;25.83
31.12.2024 02:15;40.76210111;0;6.947792222;-0.265302222;65;0;0;0;0;0;4.190273333;-6.231117778;-110.4037467;8.67;24.54
31.12.2024 02:30;43.67960778;0;5.154533333;-0.07324;30;0;0;0;0;0;7.517928889;-7.653001111;-78.62582889;8.67;24.74
31.12.2024 02:45;15.68780444;-1.776403333;29.92123556;-0.476835556;0;-59;0;0;0;0;4.791386667;-6.09214;16.94495222;-4.36;22.21
31.12.2024 03:00;1.059958889;-2.679566667;7.811106667;-2.551074444;115;0;0;0;0;0;4.869263333;-4.17073;-119.3389578;1.25;19.47
31.12.2024 03:15;0.930155556;-1.877826667;7.717995556;-3.477281111;70;0;0;0;0;0;4.267571111;-5.03207;-72.52854444;3.85;19.38
31.12.2024 03:30;3.731396667;-1.4316;21.25894222;-0.741982222;25;0;0;0;0;0;3.946985556;-3.881513333;-47.88222889;3.82;20
31.12.2024 03:45;0.056685556;-3.87314;2.802466667;-3.346075556;22;0;0;0;0;0;4.102653333;-4.143862222;-17.59872778;0.57;19.36
31.12.2024 04:00;30.58972333;-0.009357778;25.26325111;-0.002524444;0;0;0;0;0;0;7.567295556;-4.434988889;-58.97339889;4.75;24.04
31.12.2024 04:15;30.69878889;0;16.76498444;0;0;0;0;0;0;0;5.095741111;-6.894795556;-45.66471889;8.65;23.45
31.12.2024 04:30;38.64204;0;19.76624333;0;1;0;0;0;0;0;5.90248;-5.830954444;-59.47980889;8.65;23.62
31.12.2024 04:45;11.75807333;-0.023055556;39.71640889;-0.566408889;11;0;0;0;0;0;5.166774444;-5.464901111;-61.58689111;3.85;20.81
31.12.2024 05:00;17.77805444;-1.842043333;2.344512222;-2.243946667;0;-51;0;0;0;0;8.764368889;-7.122415556;33.32147;-8.91;22.9
31.12.2024 05:15;8.53515;-0.308155556;5.644093333;-8.382922222;0;0;0;0;0;0;7.440585556;-8.519662222;-4.409088889;3.87;20.24
31.12.2024 05:30;4.072686667;-1.888686667;0.655013333;-24.00682556;94;0;0;0;0;0;8.639104444;-8.13149;-73.33980222;2.07;20.75
31.12.2024 05:45;1.578777778;-2.566452222;0.05308;-69.18510333;155;0;0;0;0;0;9.538017778;-9.033712222;-85.38460778;0.79;20.19
31.12.2024 06:00;3.527425556;-50.61415444;0;-151.7606989;155;0;0;0;0;0;19.95334778;-21.20170111;45.09578111;-144.89;21.61
31.12.2024 06:15;0.358341111;-45.12045889;0;-113.5961356;155;0;0;0;0;0;13.67702556;-13.39300444;3.074232222;-59.6;19.5
31.12.2024 06:30;2.684587778;-2.038568889;0;-110.0994622;155;0;0;0;0;0;10.51646778;-10.38787;-45.67515444;2.36;20.8
31.12.2024 06:45;0.652673333;-23.63161;0.06652;-65.23119222;155;0;0;0;0;0;9.707287778;-13.23405333;-63.32962556;-24.29;21.77
31.12.2024 07:00;1.642376667;-27.88153222;0.020684444;-64.70464333;0;0;0;0;0;0;16.75237333;-13.75951778;87.93025889;-54.98;19.75
31.12.2024 07:15;5.561392222;-1.509732222;1.168928889;-28.75272333;0;0;0;0;0;0;11.58366333;-12.63347111;24.58194222;3.46;20.37
31.12.2024 07:30;31.64891778;-0.223798889;12.82033667;-10.66379778;0;0;0;0;0;0;14.57952444;-7.946476667;-40.21470556;4.44;23.92
31.12.2024 07:45;80.01125111;-2.134466667;26.09885667;-5.509166667;0;0;0;0;0;0;11.56414;-20.62746444;-89.40315;-5.76;30.04
31.12.2024 08:00;0.658362222;-17.19548778;14.95553556;-4.566888889;0;0;0;0;0;0;13.07859667;-11.58501;4.654892222;-13.04;20.16
31.12.2024 08:15;1.727555556;-4.557411111;42.22052778;-2.685393333;0;0;0;0;0;0;10.75168;-10.88108;-36.57587889;0.48;19.78
31.12.2024 08:30;6.070157778;-1.608061111;70.06959222;-0.135128889;0;0;0;0;0;0;13.39056222;-13.38838556;-74.39873667;1;20.65
31.12.2024 08:45;36.46036333;0;84.41897222;-0.147724444;0;0;0;0;0;0;13.59401222;-11.85600667;-122.4696167;10.51;23.38
31.12.2024 09:00;117.9570789;0;11.46408778;0;0;0;0;0;0;0;22.73137667;-13.36859;-138.7839533;10.31;47.34
31.12.2024 09:15;121.0373289;0;11.62219556;0;0;0;0;0;0;0;8.884288889;-14.50956222;-127.0342511;10.31;49.84
31.12.2024 09:30;54.43020111;0;57.23767222;0;0;0;0;0;0;0;11.58909889;-15.77882667;-107.4781456;10.31;24.92
31.12.2024 09:45;34.33960444;-0.077988889;60.73338222;-0.022337778;0;0;0;0;0;0;12.96822;-10.88622556;-97.05465444;-1.11;23.22
31.12.2024 10:00;138.0891911;0;11.95667778;0;0;0;0;0;0;0;20.81757333;-10.49127333;-160.3721689;9.98;48.53
31.12.2024 10:15;91.15857778;-0.223794444;39.63339;-0.145664444;0;0;0;0;0;0;7.408855556;-22.24558444;-115.58578;-3.3;46.51
31.12.2024 10:30;3.456481111;-2.84776;2.99348;-29.18491333;101;0;0;0;0;0;10.64345222;-10.69606444;-75.36467556;-2.13;20.18
31.12.2024 10:45;1.52439;-17.65909889;0.63398;-57.13165111;101;0;0;0;0;0;12.69938667;-11.92896444;-29.13804222;-23.55;19.92
31.12.2024 11:00;14.19025778;-0.180798889;11.00094222;-15.30050556;50;0;0;0;0;0;11.42280778;-10.12287889;-61.00982444;-1.24;21.16
31.12.2024 11:15;13.69018667;-2.201466667;16.69881889;-8.538804444;0;0;0;0;0;0;10.66980556;-12.47504;-17.8435;-8.25;22.01
31.12.2024 11:30;18.20258222;-0.764974444;26.04877667;-1.866982222;0;0;0;0;0;0;11.33491;-6.520703333;-46.43360889;-8.51;21.8
31.12.2024 11:45;41.71889111;-0.841605556;16.77538111;-2.287795556;0;0;0;0;0;0;10.55415333;-13.49606333;-52.42296111;-5.61;24.38
31.12.2024 12:00;114.80725;0;88.10233556;0;0;0;0;0;0;0;20.42639889;-9.456087778;-213.8798967;9.77;64.25
31.12.2024 12:15;180.5410489;0;65.09009111;0;0;0;0;0;0;0;11.45371556;-13.31650667;-243.7683489;9.77;107.16
31.12.2024 12:30;202.8538722;0;40.39429333;0;0;0;0;0;0;0;16.38317444;-11.91404889;-247.7172911;9.77;127.39
31.12.2024 12:45;157.2745822;0;53.38269667;0;0;0;0;0;0;0;10.67273556;-17.45028444;-203.87973;9.77;87.38
31.12.2024 13:00;137.9363289;0;105.3710133;0;53;0;0;0;0;0;15.89655;-11.37214778;-300.8317444;9.22;79.93
31.12.2024 13:15;68.23502;-0.208061111;158.9850067;0;48;0;0;0;0;0;9.289816667;-21.91485;-262.3869322;-1.19;56.26
31.12.2024 13:30;45.60262667;0;45.07467111;0;231;0;0;0;0;0;14.55349778;-8.663748889;-327.5670467;9.22;24.59
31.12.2024 13:45;38.87885222;-4.46493;15.94824667;-11.42731889;231;0;0;0;0;0;7.212724444;-16.17919667;-260.9683778;-30.82;25.68
31.12.2024 14:00;0.183242222;-14.29078111;6.954241111;-14.09369889;246;0;0;0;0;0;11.58500667;-10.35671222;-225.9812978;-18.02;20.84
31.12.2024 14:15;3.350948889;-2.04792;15.57154556;-11.24761556;250;0;0;0;0;0;11.58933;-11.30507333;-255.9112156;-5.05;22.35
31.12.2024 14:30;2.054702222;-2.528474444;0.271351111;-33.26339889;309;0;0;0;0;0;9.752048889;-9.698875556;-275.5873533;-2.97;21.98
31.12.2024 14:45;3.545727778;-15.17943;4.905914444;-8.286525556;290;0;0;0;0;0;10.12615111;-13.97519;-271.1366478;-30.78;23.1
31.12.2024 15:00;6.545671111;-8.372801111;29.49056222;-2.767711111;84;0;0;0;132;0;13.78659667;-9.540465556;-245.1418522;-26.37;22.11
31.12.2024 15:15;10.00080556;-1.487894444;27.64997556;-0.538155556;79;0;0;0;132;0;10.49912;-10.78610889;-246.3377422;-3.23;22.64
31.12.2024 15:30;4.013256667;-4.972474444;56.26533222;-0.19714;124;0;0;0;114;0;12.89334111;-16.05901222;-289.9433033;-12.1;21.84
31.12.2024 15:45;4.42653;-2.636165556;127.2216233;-0.006422222;84;0;0;0;114;0;14.29388778;-14.56298444;-326.7364689;-0.87;21.59
31.12.2024 16:00;2.132294444;-5.876741111;59.39231889;-1.020557778;18;0;0;0;133;0;14.03779333;-13.96025;-205.7048578;-15.05;22.25
31.12.2024 16:15;26.42633;-0.078935556;45.9504;-0.565573333;26;0;0;0;133;0;13.66886778;-11.68293333;-232.7181556;-0.5;25.15
31.12.2024 16:30;84.76765333;0;36.34747556;0;28;0;0;0;133;0;16.28961444;-9.003392222;-289.4013511;11.27;42.53
31.12.2024 16:45;68.06491111;0;33.34770889;-0.727951111;109;0;0;0;133;0;11.91839667;-18.17302778;-336.4300378;11.27;33.06
31.12.2024 17:00;14.86626;-0.600443333;21.38125;-9.380906667;64;0;0;0;133;0;12.73627;-11.18326333;-224.8191667;-8.95;24.3
31.12.2024 17:15;22.65596222;-0.930851111;33.06545111;-1.777845556;71;0;0;0;133;0;10.71614667;-12.37140222;-255.3574611;-1.7;29.77
31.12.2024 17:30;2.87311;-4.207207778;8.803518889;-14.65799889;118;0;0;0;133;0;11.41516333;-12.57645889;-242.6501267;3.11;22.65
31.12.2024 17:45;1.292445556;-24.11744;0.907024444;-36.32083;158;0;0;0;133;0;11.11114;-14.53805778;-229.3342822;-25.46;23.03
31.12.2024 18:00;1.721862222;-7.103666667;0.111435556;-64.72139778;88;0;0;0;121;0;13.40659778;-10.68276222;-141.7320689;-5.27;22.82
31.12.2024 18:15;2.483445556;-2.439103333;0.141312222;-71.44775778;62;0;0;0;121;0;11.40627444;-11.06606889;-112.0781022;6.47;22.62
31.12.2024 18:30;0.005288889;-45.09927;0.889746667;-31.50889667;34;0;0;0;121;0;13.68597444;-18.07890111;-74.89394222;-33.1;21.23
31.12.2024 18:45;0;-74.16421222;1.082906667;-10.34509556;20;0;0;0;121;0;15.24034333;-21.83214778;-50.98179444;-66.55;14.77
31.12.2024 19:00;0;-115.7928989;0;-25.13941444;293;0;0;0;19;0;14.44689;-13.00915778;-172.5054189;-65.91;17.96
31.12.2024 19:15;0;-94.99904778;0.005426667;-5.907734444;199;0;0;0;19;0;15.73405222;-15.42098111;-117.4117156;-59.8;17.43
31.12.2024 19:30;0;-71.15058778;0.696373333;-5.048145556;102;0;0;0;19;0;16.36474;-13.23946778;-48.62291222;-45.21;16.77
31.12.2024 19:45;0;-93.22972222;0.052084444;-8.96271;102;0;0;0;19;0;15.10525333;-13.85308111;-20.11182444;-69.48;16.77
31.12.2024 20:00;70.98835333;-0.714381111;74.14155444;-0.147486667;0;0;0;0;0;0;24.80822667;-15.60085889;-153.4754078;-2.59;31.73
31.12.2024 20:15;3.674852222;-4.189032222;124.7997111;-0.035555556;0;0;0;0;0;0;9.434933333;-15.45195889;-118.23295;2.57;22.66
31.12.2024 20:30;10.74096333;-0.096838889;63.21218444;-0.00136;0;0;0;0;0;0;10.05669222;-9.914832222;-73.99680889;4.97;21.51
31.12.2024 20:45;0.87171;-35.72021222;31.18487444;-7.617698889;19;0;0;0;0;0;9.396677778;-18.67239667;1.557045556;-78.64;21.34
31.12.2024 21:00;6.712344444;-7.470706667;13.49276667;-9.398878889;131;0;0;0;0;0;19.10670222;-8.944786667;-144.4974411;-29.33;21.9
31.12.2024 21:15;6.505395556;-12.41916111;10.94986222;-4.01596;130;0;0;0;0;0;8.16352;-12.54016556;-126.6434911;-17.22;22.32
31.12.2024 21:30;1.956508889;-6.225044444;19.06335333;-2.184505556;92;0;0;0;0;0;12.49185889;-7.970354444;-109.1318167;-10.24;19.97
31.12.2024 21:45;8.857544444;-4.089077778;44.22832111;-1.281686667;13;0;0;0;0;0;9.022086667;-12.78129111;-56.95589667;-22.17;21.16
31.12.2024 22:00;69.58482222;-0.704483333;56.30871;-0.136762222;13;0;0;0;0;0;19.84375333;-6.247294444;-151.6487456;-18.15;60.75
31.12.2024 22:15;142.3693878;0;39.44744444;0;13;0;0;0;0;0;9.967418889;-13.55872444;-191.2255267;9.77;93.26
31.12.2024 22:30;166.1504333;0;35.87198111;0;13;0;0;0;0;0;14.37962222;-14.38749778;-215.0145389;9.77;116.14
31.12.2024 22:45;74.67096444;0;27.58904667;-0.100723333;100;0;0;0;0;0;5.125864444;-14.51769778;-192.7674544;9.77;53.14
31.12.2024 23:00;105.1885267;0;16.8157;-0.177818889;198;0;0;0;0;0;18.41193;-9.97692;-328.2614178;9.09;64.86
31.12.2024 23:15;106.3180978;0;12.12123556;-0.163848889;118;0;0;0;0;0;5.984161111;-11.53562333;-230.7240222;9.09;67.17
31.12.2024 23:30;36.45737778;-0.049637778;1.321696667;-4.331595556;158;0;0;0;0;0;9.28495;-12.68229556;-188.0004956;4.13;27.44
31.12.2024 23:45;11.74099333;-2.582197778;2.689683333;-6.803262222;150;0;0;0;0;0;8.962647778;-9.149824444;-154.85804;-3.91;23.63
;;;;;;;;;;;;;;;
