Date (GMT+1),Price (EUR/MWh)
2037-01-01 00:00:00+01:00,32.09225263334485
2037-01-01 01:00:00+01:00,28.599718961808954
2037-01-01 02:00:00+01:00,21.86913271540687
2037-01-01 03:00:00+01:00,19.28044569755992
2037-01-01 04:00:00+01:00,19.262895277099936
2037-01-01 05:00:00+01:00,19.297996118019896
2037-01-01 06:00:00+01:00,19.25412006686995
2037-01-01 07:00:00+01:00,16.595231367183075
2037-01-01 08:00:00+01:00,16.770735571782872
2037-01-01 09:00:00+01:00,18.631080140540675
2037-01-01 10:00:00+01:00,17.85886164030159
2037-01-01 11:00:00+01:00,16.53380489557314
2037-01-01 12:00:00+01:00,18.701281822380608
2037-01-01 13:00:00+01:00,17.472752390182045
2037-01-01 14:00:00+01:00,19.40329864077978
2037-01-01 15:00:00+01:00,27.213235745470584
2037-01-01 16:00:00+01:00,34.83011822510163
2037-01-01 17:00:00+01:00,46.2466667343182
2037-01-01 18:00:00+01:00,52.15238321910125
2037-01-01 19:00:00+01:00,47.30846717214695
2037-01-01 20:00:00+01:00,46.67665203558769
2037-01-01 21:00:00+01:00,40.01626747102553
2037-01-01 22:00:00+01:00,39.14752165825655
2037-01-01 23:00:00+01:00,32.180004735644744
2037-01-02 00:00:00+01:00,28.819099217558694
2037-01-02 01:00:00+01:00,21.588325988047202
2037-01-02 02:00:00+01:00,19.23656964640996
2037-01-02 03:00:00+01:00,17.77988474823168
2037-01-02 04:00:00+01:00,18.087017106281323
2037-01-02 05:00:00+01:00,19.271670487329928
2037-01-02 06:00:00+01:00,26.756924813511127
2037-01-02 07:00:00+01:00,44.89528435889979
2037-01-02 08:00:00+01:00,51.73994833829174
2037-01-02 09:00:00+01:00,54.76739586763818
2037-01-02 10:00:00+01:00,54.83759754947809
2037-01-02 11:00:00+01:00,58.330131221013986
2037-01-02 12:00:00+01:00,60.629236301271284
2037-01-02 13:00:00+01:00,62.98099264290852
2037-01-02 14:00:00+01:00,66.32434774053459
2037-01-02 15:00:00+01:00,68.48304945711205
2037-01-02 16:00:00+01:00,72.93208104371682
2037-01-02 17:00:00+01:00,75.81912520938342
2037-01-02 18:00:00+01:00,68.83405786631164
2037-01-02 19:00:00+01:00,61.980618676689694
2037-01-02 20:00:00+01:00,51.65219623599184
2037-01-02 21:00:00+01:00,38.36652794778747
2037-01-02 22:00:00+01:00,34.57563712843192
2037-01-02 23:00:00+01:00,25.107185290273065
2037-01-03 00:00:00+01:00,26.37081556339158
2037-01-03 01:00:00+01:00,22.588699954266026
2037-01-03 02:00:00+01:00,19.262895277099936
2037-01-03 03:00:00+01:00,19.23656964640996
2037-01-03 04:00:00+01:00,19.219019225949985
2037-01-03 05:00:00+01:00,30.021303019067282
2037-01-03 06:00:00+01:00,54.85514796993807
2037-01-03 07:00:00+01:00,61.9718434664597
2037-01-03 08:00:00+01:00,63.770761563607586
2037-01-03 09:00:00+01:00,64.48155359223675
2037-01-03 10:00:00+01:00,60.72576361380117
2037-01-03 11:00:00+01:00,58.63726357906363
2037-01-03 12:00:00+01:00,61.980618676689694
2037-01-03 13:00:00+01:00,66.3067973200746
2037-01-03 14:00:00+01:00,72.21251380485765
2037-01-03 15:00:00+01:00,77.91640045435095
2037-01-03 16:00:00+01:00,75.76647394800348
2037-01-03 17:00:00+01:00,80.89997193254744
2037-01-03 18:00:00+01:00,84.73473880305292
2037-01-03 19:00:00+01:00,81.29485639289697
2037-01-03 20:00:00+01:00,81.88279547830628
2037-01-03 21:00:00+01:00,68.0881649967625
2037-01-03 22:00:00+01:00,66.9912637180138
2037-01-03 23:00:00+01:00,56.136328663516565
2037-01-04 00:00:00+01:00,51.80137480990167
2037-01-04 01:00:00+01:00,45.27261839878935
2037-01-04 02:00:00+01:00,40.946439755404434
2037-01-04 03:00:00+01:00,35.733964878790566
2037-01-04 04:00:00+01:00,37.997969118127905
2037-01-04 05:00:00+01:00,57.452610198015016
2037-01-04 06:00:00+01:00,71.37009362277865
2037-01-04 07:00:00+01:00,83.18152659234475
2037-01-04 08:00:00+01:00,88.89418845206804
2037-01-04 09:00:00+01:00,91.74613177681468
2037-01-04 10:00:00+01:00,89.6839573727671
2037-01-04 11:00:00+01:00,86.85833967871042
2037-01-04 12:00:00+01:00,85.23492578616234
2037-01-04 13:00:00+01:00,85.91061697387154
2037-01-04 14:00:00+01:00,89.64885653184714
2037-01-04 15:00:00+01:00,91.60572841313486
2037-01-04 16:00:00+01:00,101.38131260934335
2037-01-04 17:00:00+01:00,104.12795341133011
2037-01-04 18:00:00+01:00,105.03180006501906
2037-01-04 19:00:00+01:00,104.1542790420201
2037-01-04 20:00:00+01:00,96.25658983502939
2037-01-04 21:00:00+01:00,93.06241331131314
2037-01-04 22:00:00+01:00,90.56147839576607
2037-01-04 23:00:00+01:00,86.48978084905086
2037-01-05 00:00:00+01:00,85.47185646237206
2037-01-05 01:00:00+01:00,80.9438479836974
2037-01-05 02:00:00+01:00,78.00415255665085
2037-01-05 03:00:00+01:00,77.05642985181196
2037-01-05 04:00:00+01:00,76.64399497100244
2037-01-05 05:00:00+01:00,82.0495244726761
2037-01-05 06:00:00+01:00,86.99874304239027
2037-01-05 07:00:00+01:00,97.07268438641842
2037-01-05 08:00:00+01:00,100.62664452956423
2037-01-05 09:00:00+01:00,97.73082515366764
2037-01-05 10:00:00+01:00,95.4668209143303
2037-01-05 11:00:00+01:00,95.30886713019049
2037-01-05 12:00:00+01:00,90.49127671392615
2037-01-05 13:00:00+01:00,91.60572841313486
2037-01-05 14:00:00+01:00,92.73773053280351
2037-01-05 15:00:00+01:00,96.54617177261903
2037-01-05 16:00:00+01:00,97.86245330711749
2037-01-05 17:00:00+01:00,104.99669922409909
2037-01-05 18:00:00+01:00,106.13747655399774
2037-01-05 19:00:00+01:00,102.16230631981242
2037-01-05 20:00:00+01:00,95.51947217571025
2037-01-05 21:00:00+01:00,90.88616117427568
2037-01-05 22:00:00+01:00,87.00751825262026
2037-01-05 23:00:00+01:00,84.65576191098303
2037-01-06 00:00:00+01:00,80.06632696069842
2037-01-06 01:00:00+01:00,76.01217983444319
2037-01-06 02:00:00+01:00,75.6699466354736
2037-01-06 03:00:00+01:00,73.80960206671578
2037-01-06 04:00:00+01:00,73.98510627131557
2037-01-06 05:00:00+01:00,75.14343402167421
2037-01-06 06:00:00+01:00,75.38036469788393
2037-01-06 07:00:00+01:00,79.54858955712902
2037-01-06 08:00:00+01:00,82.98847196728498
2037-01-06 09:00:00+01:00,86.78813799687052
2037-01-06 10:00:00+01:00,88.4905287814885
2037-01-06 11:00:00+01:00,90.2894468786364
2037-01-06 12:00:00+01:00,89.1925455998877
2037-01-06 13:00:00+01:00,88.00789221883907
2037-01-06 14:00:00+01:00,88.47297836102854
2037-01-06 15:00:00+01:00,89.4294762760974
2037-01-06 16:00:00+01:00,92.72018011234354
2037-01-06 17:00:00+01:00,95.15968855628067
2037-01-06 18:00:00+01:00,93.8521822320122
2037-01-06 19:00:00+01:00,90.2894468786364
2037-01-06 20:00:00+01:00,88.45542794056855
2037-01-06 21:00:00+01:00,85.55960856467196
2037-01-06 22:00:00+01:00,85.1822745247824
2037-01-06 23:00:00+01:00,81.67219043278654
2037-01-07 00:00:00+01:00,83.89231862097392
2037-01-07 01:00:00+01:00,80.13652864253834
2037-01-07 02:00:00+01:00,77.33723657917163
2037-01-07 03:00:00+01:00,74.31856426005518
2037-01-07 04:00:00+01:00,72.69515036750708
2037-01-07 05:00:00+01:00,74.28346341913522
2037-01-07 06:00:00+01:00,76.06483109582312
2037-01-07 07:00:00+01:00,79.02207694332965
2037-01-07 08:00:00+01:00,81.72484169416647
2037-01-07 09:00:00+01:00,87.61300775848954
2037-01-07 10:00:00+01:00,91.465325049455
2037-01-07 11:00:00+01:00,93.01853726016319
2037-01-07 12:00:00+01:00,92.68507927142358
2037-01-07 13:00:00+01:00,89.97353931035677
2037-01-07 14:00:00+01:00,89.92088804897683
2037-01-07 15:00:00+01:00,90.31577250932637
2037-01-07 16:00:00+01:00,94.21196585144179
2037-01-07 17:00:00+01:00,101.24090924566352
2037-01-07 18:00:00+01:00,104.21570551363001
2037-01-07 19:00:00+01:00,101.22335882520353
2037-01-07 20:00:00+01:00,98.59079575620663
2037-01-07 21:00:00+01:00,95.65987553939007
2037-01-07 22:00:00+01:00,93.60647634557249
2037-01-07 23:00:00+01:00,90.2806716684064
2037-01-08 00:00:00+01:00,87.7358607017094
2037-01-08 01:00:00+01:00,86.91976615032036
2037-01-08 02:00:00+01:00,85.25247620662232
2037-01-08 03:00:00+01:00,83.96252030281383
2037-01-08 04:00:00+01:00,83.94496988235386
2037-01-08 05:00:00+01:00,87.02506867308023
2037-01-08 06:00:00+01:00,97.46756884676795
2037-01-08 07:00:00+01:00,104.3912097182298
2037-01-08 08:00:00+01:00,112.70133380603002
2037-01-08 09:00:00+01:00,112.51705439120025
2037-01-08 10:00:00+01:00,108.0592475943655
2037-01-08 11:00:00+01:00,107.25192825320644
2037-01-08 12:00:00+01:00,101.51294076279319
2037-01-08 13:00:00+01:00,101.40763824003331
2037-01-08 14:00:00+01:00,103.93489878627035
2037-01-08 15:00:00+01:00,106.76051648032703
2037-01-08 16:00:00+01:00,113.92986323822859
2037-01-08 17:00:00+01:00,129.28648114071052
2037-01-08 18:00:00+01:00,129.5936134987602
2037-01-08 19:00:00+01:00,122.12590959303894
2037-01-08 20:00:00+01:00,111.57810689659135
2037-01-08 21:00:00+01:00,100.64419495002421
2037-01-08 22:00:00+01:00,99.67892182472535
2037-01-08 23:00:00+01:00,97.87122851734748
2037-01-09 00:00:00+01:00,92.04448892463434
2037-01-09 01:00:00+01:00,91.74613177681468
2037-01-09 02:00:00+01:00,90.97391327657559
2037-01-09 03:00:00+01:00,89.99108973081675
2037-01-09 04:00:00+01:00,89.89456241828687
2037-01-09 05:00:00+01:00,93.3432200386728
2037-01-09 06:00:00+01:00,103.68919289983063
2037-01-09 07:00:00+01:00,120.73942637670058
2037-01-09 08:00:00+01:00,128.43528574840153
2037-01-09 09:00:00+01:00,121.98550622935912
2037-01-09 10:00:00+01:00,108.11189885574544
2037-01-09 11:00:00+01:00,103.11880423488131
2037-01-09 12:00:00+01:00,98.7750751710364
2037-01-09 13:00:00+01:00,99.49464240989556
2037-01-09 14:00:00+01:00,106.47093454273737
2037-01-09 15:00:00+01:00,113.1488695277595
2037-01-09 16:00:00+01:00,122.52956926361847
2037-01-09 17:00:00+01:00,134.54283206847435
2037-01-09 18:00:00+01:00,134.83241400606403
2037-01-09 19:00:00+01:00,125.96945167377442
2037-01-09 20:00:00+01:00,110.99894302141203
2037-01-09 21:00:00+01:00,104.9089471217992
2037-01-09 22:00:00+01:00,99.95095334185503
2037-01-09 23:00:00+01:00,95.93190705651976
2037-01-10 00:00:00+01:00,91.45654983922503
2037-01-10 01:00:00+01:00,89.38560022494747
2037-01-10 02:00:00+01:00,88.79766113953815
2037-01-10 03:00:00+01:00,87.62178296871953
2037-01-10 04:00:00+01:00,87.59545733802956
2037-01-10 05:00:00+01:00,90.03496578196669
2037-01-10 06:00:00+01:00,101.13560672290365
2037-01-10 07:00:00+01:00,117.4838233813744
2037-01-10 08:00:00+01:00,130.0674748511796
2037-01-10 09:00:00+01:00,119.92333182531155
2037-01-10 10:00:00+01:00,110.0863211574931
2037-01-10 11:00:00+01:00,104.61058997397956
2037-01-10 12:00:00+01:00,100.62664452956423
2037-01-10 13:00:00+01:00,100.42481469427447
2037-01-10 14:00:00+01:00,104.57548913305959
2037-01-10 15:00:00+01:00,112.62235691396012
2037-01-10 16:00:00+01:00,119.04581080231257
2037-01-10 17:00:00+01:00,129.75156728289997
2037-01-10 18:00:00+01:00,130.4886849422191
2037-01-10 19:00:00+01:00,122.03815749073905
2037-01-10 20:00:00+01:00,111.33240101015164
2037-01-10 21:00:00+01:00,102.07455421751253
2037-01-10 22:00:00+01:00,99.18751005184593
2037-01-10 23:00:00+01:00,94.88765703915098
2037-01-11 00:00:00+01:00,90.30699729909638
2037-01-11 01:00:00+01:00,87.84993843469927
2037-01-11 02:00:00+01:00,85.80531445111167
2037-01-11 03:00:00+01:00,84.98921989972263
2037-01-11 04:00:00+01:00,85.37532914984217
2037-01-11 05:00:00+01:00,88.56950567355841
2037-01-11 06:00:00+01:00,101.29356050704345
2037-01-11 07:00:00+01:00,115.87795990928629
2037-01-11 08:00:00+01:00,134.27957576157465
2037-01-11 09:00:00+01:00,123.47729196845737
2037-01-11 10:00:00+01:00,110.61283377129249
2037-01-11 11:00:00+01:00,102.11843026866248
2037-01-11 12:00:00+01:00,97.65184826159773
2037-01-11 13:00:00+01:00,97.63429784113775
2037-01-11 14:00:00+01:00,101.62701849578306
2037-01-11 15:00:00+01:00,111.64830857843127
2037-01-11 16:00:00+01:00,119.537222575192
2037-01-11 17:00:00+01:00,131.50660932889792
2037-01-11 18:00:00+01:00,132.3578047212069
2037-01-11 19:00:00+01:00,126.03087814538436
2037-01-11 20:00:00+01:00,111.65708378866125
2037-01-11 21:00:00+01:00,101.86394917199279
2037-01-11 22:00:00+01:00,98.72242390965648
2037-01-11 23:00:00+01:00,92.4130477542939
2037-01-12 00:00:00+01:00,86.43712958767094
2037-01-12 01:00:00+01:00,84.35740476316337
2037-01-12 02:00:00+01:00,84.18190055856357
2037-01-12 03:00:00+01:00,82.94459591613503
2037-01-12 04:00:00+01:00,83.42723247878446
2037-01-12 05:00:00+01:00,85.25247620662232
2037-01-12 06:00:00+01:00,95.15968855628067
2037-01-12 07:00:00+01:00,110.15652283933304
2037-01-12 08:00:00+01:00,126.36433613412396
2037-01-12 09:00:00+01:00,117.63300195528424
2037-01-12 10:00:00+01:00,108.0592475943655
2037-01-12 11:00:00+01:00,101.99557732544262
2037-01-12 12:00:00+01:00,97.92387977872741
2037-01-12 13:00:00+01:00,95.6423251189301
2037-01-12 14:00:00+01:00,97.89755414803744
2037-01-12 15:00:00+01:00,102.40801220625214
2037-01-12 16:00:00+01:00,107.35723077596631
2037-01-12 17:00:00+01:00,116.3869221026257
2037-01-12 18:00:00+01:00,119.03703559208259
2037-01-12 19:00:00+01:00,113.61395566994896
2037-01-12 20:00:00+01:00,103.89979794535039
2037-01-12 21:00:00+01:00,95.03683561306082
2037-01-12 22:00:00+01:00,92.18489228831416
2037-01-12 23:00:00+01:00,87.92891532676917
2037-01-13 00:00:00+01:00,90.82473470266576
2037-01-13 01:00:00+01:00,86.14754765008126
2037-01-13 02:00:00+01:00,85.58593419536193
2037-01-13 03:00:00+01:00,85.31390267823225
2037-01-13 04:00:00+01:00,84.99799510995263
2037-01-13 05:00:00+01:00,85.58593419536193
2037-01-13 06:00:00+01:00,86.5512073206608
2037-01-13 07:00:00+01:00,86.91976615032036
2037-01-13 08:00:00+01:00,88.46420315079854
2037-01-13 09:00:00+01:00,90.90371159473567
2037-01-13 10:00:00+01:00,90.98268848680559
2037-01-13 11:00:00+01:00,89.97353931035677
2037-01-13 12:00:00+01:00,86.19142370123122
2037-01-13 13:00:00+01:00,85.1910497350124
2037-01-13 14:00:00+01:00,85.55960856467196
2037-01-13 15:00:00+01:00,88.30624936665873
2037-01-13 16:00:00+01:00,88.89418845206804
2037-01-13 17:00:00+01:00,95.27376628927053
2037-01-13 18:00:00+01:00,97.90632935826744
2037-01-13 19:00:00+01:00,96.42331882939918
2037-01-13 20:00:00+01:00,93.30811919775284
2037-01-13 21:00:00+01:00,90.0261905717367
2037-01-13 22:00:00+01:00,90.73698260036586
2037-01-13 23:00:00+01:00,89.73660863414705
2037-01-14 00:00:00+01:00,85.83164008180164
2037-01-14 01:00:00+01:00,85.22615057593235
2037-01-14 02:00:00+01:00,85.20860015547237
2037-01-14 03:00:00+01:00,84.82249090535282
2037-01-14 04:00:00+01:00,84.75228922351292
2037-01-14 05:00:00+01:00,84.8312661155828
2037-01-14 06:00:00+01:00,84.78739006443286
2037-01-14 07:00:00+01:00,85.06819679179254
2037-01-14 08:00:00+01:00,84.79616527466285
2037-01-14 09:00:00+01:00,85.59470940559191
2037-01-14 10:00:00+01:00,84.85759174627277
2037-01-14 11:00:00+01:00,84.77861485420289
2037-01-14 12:00:00+01:00,83.77824088798405
2037-01-14 13:00:00+01:00,84.78739006443286
2037-01-14 14:00:00+01:00,85.0155455304126
2037-01-14 15:00:00+01:00,87.18302245722005
2037-01-14 16:00:00+01:00,90.40352461162627
2037-01-14 17:00:00+01:00,93.5977011353425
2037-01-14 18:00:00+01:00,95.01928519260083
2037-01-14 19:00:00+01:00,93.89605828316216
2037-01-14 20:00:00+01:00,91.28982084485523
2037-01-14 21:00:00+01:00,89.11356870781778
2037-01-14 22:00:00+01:00,88.36767583826865
2037-01-14 23:00:00+01:00,85.58593419536193
2037-01-15 00:00:00+01:00,86.98119262193029
2037-01-15 01:00:00+01:00,85.56838377490195
2037-01-15 02:00:00+01:00,85.72633755904177
2037-01-15 03:00:00+01:00,85.82286487157165
2037-01-15 04:00:00+01:00,85.64736066697185
2037-01-15 05:00:00+01:00,87.45505397434974
2037-01-15 06:00:00+01:00,92.16734186785419
2037-01-15 07:00:00+01:00,97.29206464216816
2037-01-15 08:00:00+01:00,103.06615297350136
2037-01-15 09:00:00+01:00,100.45991553519443
2037-01-15 10:00:00+01:00,100.47746595565442
2037-01-15 11:00:00+01:00,97.34471590354809
2037-01-15 12:00:00+01:00,95.35274318134044
2037-01-15 13:00:00+01:00,95.721302011
2037-01-15 14:00:00+01:00,96.80065286928873
2037-01-15 15:00:00+01:00,97.03758354549846
2037-01-15 16:00:00+01:00,99.26648694391584
2037-01-15 17:00:00+01:00,107.64681271355597
2037-01-15 18:00:00+01:00,113.42090104488919
2037-01-15 19:00:00+01:00,108.34882953195515
2037-01-15 20:00:00+01:00,100.52134200680436
2037-01-15 21:00:00+01:00,95.3000919199605
2037-01-15 22:00:00+01:00,93.23791751591293
2037-01-15 23:00:00+01:00,90.21924519679646
2037-01-16 00:00:00+01:00,87.27954976974993
2037-01-16 01:00:00+01:00,87.76218633239937
2037-01-16 02:00:00+01:00,86.55998253089079
2037-01-16 03:00:00+01:00,86.88466530940039
2037-01-16 04:00:00+01:00,86.93731657078034
2037-01-16 05:00:00+01:00,87.75341112216938
2037-01-16 06:00:00+01:00,93.83463181155223
2037-01-16 07:00:00+01:00,106.786842111017
2037-01-16 08:00:00+01:00,127.18043068551302
2037-01-16 09:00:00+01:00,120.79207763808051
2037-01-16 10:00:00+01:00,111.72728547050119
2037-01-16 11:00:00+01:00,103.93489878627035
2037-01-16 12:00:00+01:00,96.28291546571936
2037-01-16 13:00:00+01:00,95.81782932352989
2037-01-16 14:00:00+01:00,97.71327473320767
2037-01-16 15:00:00+01:00,107.43620766803622
2037-01-16 16:00:00+01:00,112.17482119223067
2037-01-16 17:00:00+01:00,127.19798110597299
2037-01-16 18:00:00+01:00,125.10070586100545
2037-01-16 19:00:00+01:00,116.3956973128557
2037-01-16 20:00:00+01:00,102.80289666660167
2037-01-16 21:00:00+01:00,93.8521822320122
2037-01-16 22:00:00+01:00,93.87850786270216
2037-01-16 23:00:00+01:00,90.09639225357661
2037-01-17 00:00:00+01:00,86.40202874675097
2037-01-17 01:00:00+01:00,84.682087541673
2037-01-17 02:00:00+01:00,82.18115262612594
2037-01-17 03:00:00+01:00,82.06707489313607
2037-01-17 04:00:00+01:00,82.09340052382603
2037-01-17 05:00:00+01:00,86.31427664445107
2037-01-17 06:00:00+01:00,90.85106033335575
2037-01-17 07:00:00+01:00,104.09285257041016
2037-01-17 08:00:00+01:00,109.53348291300375
2037-01-17 09:00:00+01:00,108.15577490689539
2037-01-17 10:00:00+01:00,107.07642404860665
2037-01-17 11:00:00+01:00,105.97074755962795
2037-01-17 12:00:00+01:00,103.40838617247095
2037-01-17 13:00:00+01:00,102.63616767223186
2037-01-17 14:00:00+01:00,103.8120458430505
2037-01-17 15:00:00+01:00,108.09434843528545
2037-01-17 16:00:00+01:00,111.08669512371193
2037-01-17 17:00:00+01:00,121.73102513268941
2037-01-17 18:00:00+01:00,117.08893892102486
2037-01-17 19:00:00+01:00,107.53273498056612
2037-01-17 20:00:00+01:00,100.10013191576485
2037-01-17 21:00:00+01:00,91.33369689600516
2037-01-17 22:00:00+01:00,89.99108973081675
2037-01-17 23:00:00+01:00,86.68283547411065
2037-01-18 00:00:00+01:00,80.55773873357785
2037-01-18 01:00:00+01:00,77.2845853177917
2037-01-18 02:00:00+01:00,76.19645924927298
2037-01-18 03:00:00+01:00,75.92442773214329
2037-01-18 04:00:00+01:00,76.16135840835301
2037-01-18 05:00:00+01:00,80.11897822207835
2037-01-18 06:00:00+01:00,88.70990903723825
2037-01-18 07:00:00+01:00,101.7586466492329
2037-01-18 08:00:00+01:00,110.15652283933304
2037-01-18 09:00:00+01:00,108.9016677764445
2037-01-18 10:00:00+01:00,101.02152898991378
2037-01-18 11:00:00+01:00,97.78347641504757
2037-01-18 12:00:00+01:00,92.19366749854416
2037-01-18 13:00:00+01:00,91.32492168577518
2037-01-18 14:00:00+01:00,91.31614647554518
2037-01-18 15:00:00+01:00,92.20244270877414
2037-01-18 16:00:00+01:00,94.74725367547116
2037-01-18 17:00:00+01:00,102.48698909832204
2037-01-18 18:00:00+01:00,102.11843026866248
2037-01-18 19:00:00+01:00,96.42331882939918
2037-01-18 20:00:00+01:00,89.83313594667693
2037-01-18 21:00:00+01:00,88.4115518894186
2037-01-18 22:00:00+01:00,86.67406026388065
2037-01-18 23:00:00+01:00,82.96214633659501
2037-01-19 00:00:00+01:00,80.64549083587774
2037-01-19 01:00:00+01:00,79.50471350597908
2037-01-19 02:00:00+01:00,78.92554963079976
2037-01-19 03:00:00+01:00,78.71494458528001
2037-01-19 04:00:00+01:00,78.41658743746036
2037-01-19 05:00:00+01:00,80.46121142104796
2037-01-19 06:00:00+01:00,84.76983964397289
2037-01-19 07:00:00+01:00,93.66790281718242
2037-01-19 08:00:00+01:00,101.57436723440313
2037-01-19 09:00:00+01:00,102.32026010395225
2037-01-19 10:00:00+01:00,91.88653514049452
2037-01-19 11:00:00+01:00,87.63055817894953
2037-01-19 12:00:00+01:00,83.7343648368341
2037-01-19 13:00:00+01:00,84.10292366649367
2037-01-19 14:00:00+01:00,86.13877243985128
2037-01-19 15:00:00+01:00,86.41957916721094
2037-01-19 16:00:00+01:00,89.95598888989679
2037-01-19 17:00:00+01:00,91.75490698704466
2037-01-19 18:00:00+01:00,95.31764234042048
2037-01-19 19:00:00+01:00,91.33369689600516
2037-01-19 20:00:00+01:00,88.01666742906907
2037-01-19 21:00:00+01:00,84.75228922351292
2037-01-19 22:00:00+01:00,86.86711488894042
2037-01-19 23:00:00+01:00,83.25172827418467
2037-01-20 00:00:00+01:00,78.60086685229014
2037-01-20 01:00:00+01:00,78.60086685229014
2037-01-20 02:00:00+01:00,78.69739416482003
2037-01-20 03:00:00+01:00,77.80232272136108
2037-01-20 04:00:00+01:00,77.7935475111311
2037-01-20 05:00:00+01:00,78.67984374436006
2037-01-20 06:00:00+01:00,78.58331643183017
2037-01-20 07:00:00+01:00,78.66229332390007
2037-01-20 08:00:00+01:00,82.51461061486555
2037-01-20 09:00:00+01:00,85.27002662708229
2037-01-20 10:00:00+01:00,83.4009068480945
2037-01-20 11:00:00+01:00,78.59209164206015
2037-01-20 12:00:00+01:00,75.15220923190421
2037-01-20 13:00:00+01:00,73.00228272555673
2037-01-20 14:00:00+01:00,74.54671972603491
2037-01-20 15:00:00+01:00,78.65351811367009
2037-01-20 16:00:00+01:00,83.09377449004486
2037-01-20 17:00:00+01:00,87.58668212779956
2037-01-20 18:00:00+01:00,90.2894468786364
2037-01-20 19:00:00+01:00,87.45505397434974
2037-01-20 20:00:00+01:00,84.57678501891311
2037-01-20 21:00:00+01:00,80.24183116529822
2037-01-20 22:00:00+01:00,80.61038999495779
2037-01-20 23:00:00+01:00,77.71457061906118
2037-01-21 00:00:00+01:00,75.10833318075424
2037-01-21 01:00:00+01:00,75.0644571296043
2037-01-21 02:00:00+01:00,73.75695080533585
2037-01-21 03:00:00+01:00,73.95000543039562
2037-01-21 04:00:00+01:00,74.5554949362649
2037-01-21 05:00:00+01:00,74.58182056695487
2037-01-21 06:00:00+01:00,75.96830378329324
2037-01-21 07:00:00+01:00,74.8889529250045
2037-01-21 08:00:00+01:00,74.59937098741484
2037-01-21 09:00:00+01:00,74.58182056695487
2037-01-21 10:00:00+01:00,74.5554949362649
2037-01-21 11:00:00+01:00,73.41471760636625
2037-01-21 12:00:00+01:00,70.09768813943015
2037-01-21 13:00:00+01:00,70.04503687805021
2037-01-21 14:00:00+01:00,73.45859365751619
2037-01-21 15:00:00+01:00,74.52916930557492
2037-01-21 16:00:00+01:00,75.81912520938342
2037-01-21 17:00:00+01:00,78.29373449424051
2037-01-21 18:00:00+01:00,78.32883533516046
2037-01-21 19:00:00+01:00,78.2147576021706
2037-01-21 20:00:00+01:00,77.92517566458093
2037-01-21 21:00:00+01:00,76.46849076640265
2037-01-21 22:00:00+01:00,77.22315884618178
2037-01-21 23:00:00+01:00,76.31053698226283
2037-01-22 00:00:00+01:00,73.51124491889613
2037-01-22 01:00:00+01:00,74.51161888511496
2037-01-22 02:00:00+01:00,74.54671972603491
2037-01-22 03:00:00+01:00,74.29223862936522
2037-01-22 04:00:00+01:00,72.5196461629073
2037-01-22 05:00:00+01:00,74.30978904982518
2037-01-22 06:00:00+01:00,77.44253910193152
2037-01-22 07:00:00+01:00,80.38223452897805
2037-01-22 08:00:00+01:00,81.04037529622727
2037-01-22 09:00:00+01:00,79.4081861934492
2037-01-22 10:00:00+01:00,79.96102443793853
2037-01-22 11:00:00+01:00,82.0319740522161
2037-01-22 12:00:00+01:00,82.09340052382603
2037-01-22 13:00:00+01:00,82.06707489313607
2037-01-22 14:00:00+01:00,81.5230118588767
2037-01-22 15:00:00+01:00,81.58443833048663
2037-01-22 16:00:00+01:00,81.48791101795675
2037-01-22 17:00:00+01:00,83.47988374016441
2037-01-22 18:00:00+01:00,83.33948037648457
2037-01-22 19:00:00+01:00,81.80381858623637
2037-01-22 20:00:00+01:00,78.48678911930028
2037-01-22 21:00:00+01:00,77.35478699963161
2037-01-22 22:00:00+01:00,77.62681851676129
2037-01-22 23:00:00+01:00,74.57304535672488
2037-01-23 00:00:00+01:00,71.65967556036831
2037-01-23 01:00:00+01:00,73.1075852483166
2037-01-23 02:00:00+01:00,73.09881003808661
2037-01-23 03:00:00+01:00,72.15986254347771
2037-01-23 04:00:00+01:00,72.16863775370771
2037-01-23 05:00:00+01:00,72.13353691278775
2037-01-23 06:00:00+01:00,75.94197815260327
2037-01-23 07:00:00+01:00,79.39063577298921
2037-01-23 08:00:00+01:00,82.11095094428602
2037-01-23 09:00:00+01:00,81.70729127370649
2037-01-23 10:00:00+01:00,78.65351811367009
2037-01-23 11:00:00+01:00,76.72297186307235
2037-01-23 12:00:00+01:00,76.21400966973295
2037-01-23 13:00:00+01:00,76.72297186307235
2037-01-23 14:00:00+01:00,75.92442773214329
2037-01-23 15:00:00+01:00,76.9335769085921
2037-01-23 16:00:00+01:00,77.74089624975115
2037-01-23 17:00:00+01:00,80.05755175046842
2037-01-23 18:00:00+01:00,79.69776813103886
2037-01-23 19:00:00+01:00,77.32846136894163
2037-01-23 20:00:00+01:00,76.88970085744215
2037-01-23 21:00:00+01:00,75.31016301604402
2037-01-23 22:00:00+01:00,75.31893822627401
2037-01-23 23:00:00+01:00,70.7382784862194
2037-01-24 00:00:00+01:00,75.66117142524361
2037-01-24 01:00:00+01:00,72.53719658336728
2037-01-24 02:00:00+01:00,70.19421545196003
2037-01-24 03:00:00+01:00,70.79970495782932
2037-01-24 04:00:00+01:00,69.84320704276044
2037-01-24 05:00:00+01:00,72.52842137313728
2037-01-24 06:00:00+01:00,77.80232272136108
2037-01-24 07:00:00+01:00,81.91789631922624
2037-01-24 08:00:00+01:00,81.17200344967712
2037-01-24 09:00:00+01:00,80.80344462001756
2037-01-24 10:00:00+01:00,77.863749192971
2037-01-24 11:00:00+01:00,76.8458248062922
2037-01-24 12:00:00+01:00,79.18880593769946
2037-01-24 13:00:00+01:00,79.41696140367918
2037-01-24 14:00:00+01:00,78.82902231826988
2037-01-24 15:00:00+01:00,78.95187526148973
2037-01-24 16:00:00+01:00,80.39100973920804
2037-01-24 17:00:00+01:00,82.07585010336607
2037-01-24 18:00:00+01:00,85.1910497350124
2037-01-24 19:00:00+01:00,83.813341728904
2037-01-24 20:00:00+01:00,77.69702019860121
2037-01-24 21:00:00+01:00,76.0034046242132
2037-01-24 22:00:00+01:00,76.0034046242132
2037-01-24 23:00:00+01:00,75.64362100478361
2037-01-25 00:00:00+01:00,72.54597179359726
2037-01-25 01:00:00+01:00,72.63372389589716
2037-01-25 02:00:00+01:00,69.86075746322042
2037-01-25 03:00:00+01:00,69.51852426425083
2037-01-25 04:00:00+01:00,70.51889823046966
2037-01-25 05:00:00+01:00,76.02973025490317
2037-01-25 06:00:00+01:00,77.32846136894163
2037-01-25 07:00:00+01:00,84.3398543427034
2037-01-25 08:00:00+01:00,86.48100563882087
2037-01-25 09:00:00+01:00,86.41080395698096
2037-01-25 10:00:00+01:00,83.43600768901446
2037-01-25 11:00:00+01:00,81.75994253508642
2037-01-25 12:00:00+01:00,80.11897822207835
2037-01-25 13:00:00+01:00,81.268530762207
2037-01-25 14:00:00+01:00,82.86561902406513
2037-01-25 15:00:00+01:00,86.64773463319068
2037-01-25 16:00:00+01:00,92.6675288509636
2037-01-25 17:00:00+01:00,100.01237981346496
2037-01-25 18:00:00+01:00,100.02993023392494
2037-01-25 19:00:00+01:00,94.29094274351168
2037-01-25 20:00:00+01:00,85.84919050226162
2037-01-25 21:00:00+01:00,79.89959796632861
2037-01-25 22:00:00+01:00,78.3025097044705
2037-01-25 23:00:00+01:00,76.04728067536315
2037-01-26 00:00:00+01:00,70.82603058851929
2037-01-26 01:00:00+01:00,68.9481355993015
2037-01-26 02:00:00+01:00,70.34339402586986
2037-01-26 03:00:00+01:00,70.64175117368951
2037-01-26 04:00:00+01:00,70.0538120882802
2037-01-26 05:00:00+01:00,70.77337932713935
2037-01-26 06:00:00+01:00,78.79392147734991
2037-01-26 07:00:00+01:00,81.40015891565685
2037-01-26 08:00:00+01:00,83.63783752430422
2037-01-26 09:00:00+01:00,81.72484169416647
2037-01-26 10:00:00+01:00,79.96979964816853
2037-01-26 11:00:00+01:00,77.76722188044113
2037-01-26 12:00:00+01:00,79.81184586402871
2037-01-26 13:00:00+01:00,79.55736476735902
2037-01-26 14:00:00+01:00,78.66229332390007
2037-01-26 15:00:00+01:00,78.69739416482003
2037-01-26 16:00:00+01:00,78.58331643183017
2037-01-26 17:00:00+01:00,80.54896352334785
2037-01-26 18:00:00+01:00,85.98081865571146
2037-01-26 19:00:00+01:00,87.16547203676008
2037-01-26 20:00:00+01:00,83.33948037648457
2037-01-26 21:00:00+01:00,80.44366100058797
2037-01-26 22:00:00+01:00,78.05680381803077
2037-01-26 23:00:00+01:00,72.6073982652072
2037-01-27 00:00:00+01:00,66.58760404743427
2037-01-27 01:00:00+01:00,66.36822379168453
2037-01-27 02:00:00+01:00,66.25414605869467
2037-01-27 03:00:00+01:00,66.84208514410398
2037-01-27 04:00:00+01:00,66.92106203617388
2037-01-27 05:00:00+01:00,65.07826788787605
2037-01-27 06:00:00+01:00,62.84058927922868
2037-01-27 07:00:00+01:00,66.64025530881422
2037-01-27 08:00:00+01:00,72.81800331072694
2037-01-27 09:00:00+01:00,70.94888353173914
2037-01-27 10:00:00+01:00,67.5002259113532
2037-01-27 11:00:00+01:00,64.16564602395712
2037-01-27 12:00:00+01:00,64.62195695591659
2037-01-27 13:00:00+01:00,57.022624896745526
2037-01-27 14:00:00+01:00,60.523933778511406
2037-01-27 15:00:00+01:00,69.30791921873107
2037-01-27 16:00:00+01:00,77.41621347124155
2037-01-27 17:00:00+01:00,82.26890472842584
2037-01-27 18:00:00+01:00,88.5870560940184
2037-01-27 19:00:00+01:00,85.92816739433152
2037-01-27 20:00:00+01:00,82.02319884198612
2037-01-27 21:00:00+01:00,78.15333113056066
2037-01-27 22:00:00+01:00,76.89847606767215
2037-01-27 23:00:00+01:00,74.33611468051515
2037-01-28 00:00:00+01:00,73.634097862116
2037-01-28 01:00:00+01:00,69.8870830939104
2037-01-28 02:00:00+01:00,67.49145070112321
2037-01-28 03:00:00+01:00,64.72725947867646
2037-01-28 04:00:00+01:00,63.63913341015774
2037-01-28 05:00:00+01:00,62.858139699688664
2037-01-28 06:00:00+01:00,65.973339331335
2037-01-28 07:00:00+01:00,69.7028036790806
2037-01-28 08:00:00+01:00,67.5792028034231
2037-01-28 09:00:00+01:00,65.76273428581524
2037-01-28 10:00:00+01:00,61.96306825622971
2037-01-28 11:00:00+01:00,56.724267748925875
2037-01-28 12:00:00+01:00,53.0474546625602
2037-01-28 13:00:00+01:00,41.63968136357362
2037-01-28 14:00:00+01:00,46.860931450417475
2037-01-28 15:00:00+01:00,55.63614168040715
2037-01-28 16:00:00+01:00,67.62307885457305
2037-01-28 17:00:00+01:00,77.14418195411186
2037-01-28 18:00:00+01:00,79.574915187819
2037-01-28 19:00:00+01:00,78.3025097044705
2037-01-28 20:00:00+01:00,76.46849076640265
2037-01-28 21:00:00+01:00,74.27468820890523
2037-01-28 22:00:00+01:00,72.774127259577
2037-01-28 23:00:00+01:00,70.93133311127917
2037-01-29 00:00:00+01:00,67.05269018962373
2037-01-29 01:00:00+01:00,62.419379188189176
2037-01-29 02:00:00+01:00,54.39883703797861
2037-01-29 03:00:00+01:00,57.54036230031491
2037-01-29 04:00:00+01:00,57.52281187985494
2037-01-29 05:00:00+01:00,68.57957676964193
2037-01-29 06:00:00+01:00,78.67984374436006
2037-01-29 07:00:00+01:00,84.57678501891311
2037-01-29 08:00:00+01:00,92.14979144739421
2037-01-29 09:00:00+01:00,84.63821149052303
2037-01-29 10:00:00+01:00,78.75004542619997
2037-01-29 11:00:00+01:00,77.72334582929118
2037-01-29 12:00:00+01:00,76.98622816997204
2037-01-29 13:00:00+01:00,76.78439833468228
2037-01-29 14:00:00+01:00,80.45243621081796
2037-01-29 15:00:00+01:00,84.36617997339337
2037-01-29 16:00:00+01:00,97.88000372757746
2037-01-29 17:00:00+01:00,106.769291690557
2037-01-29 18:00:00+01:00,108.43658163425505
2037-01-29 19:00:00+01:00,103.1363546553413
2037-01-29 20:00:00+01:00,89.55232921931727
2037-01-29 21:00:00+01:00,82.00564842152613
2037-01-29 22:00:00+01:00,79.33798451160928
2037-01-29 23:00:00+01:00,76.29298656180286
2037-01-30 00:00:00+01:00,71.04541084426903
2037-01-30 01:00:00+01:00,69.51852426425083
2037-01-30 02:00:00+01:00,69.5448498949408
2037-01-30 03:00:00+01:00,69.14996543459127
2037-01-30 04:00:00+01:00,69.13241501413128
2037-01-30 05:00:00+01:00,70.77337932713935
2037-01-30 06:00:00+01:00,78.65351811367009
2037-01-30 07:00:00+01:00,87.22689850837
2037-01-30 08:00:00+01:00,93.72932928879234
2037-01-30 09:00:00+01:00,86.56875774112076
2037-01-30 10:00:00+01:00,79.58369039804899
2037-01-30 11:00:00+01:00,78.53066517045022
2037-01-30 12:00:00+01:00,76.32808740272282
2037-01-30 13:00:00+01:00,76.32808740272282
2037-01-30 14:00:00+01:00,77.89007482366098
2037-01-30 15:00:00+01:00,80.73324293817764
2037-01-30 16:00:00+01:00,82.91827028544506
2037-01-30 17:00:00+01:00,86.51610647974083
2037-01-30 18:00:00+01:00,93.55382508419257
2037-01-30 19:00:00+01:00,90.04374099219669
2037-01-30 20:00:00+01:00,84.42760644500329
2037-01-30 21:00:00+01:00,79.10105383539955
2037-01-30 22:00:00+01:00,77.96905171573088
2037-01-30 23:00:00+01:00,76.07360630605312
2037-01-31 00:00:00+01:00,74.26591299867525
2037-01-31 01:00:00+01:00,71.6684507705983
2037-01-31 02:00:00+01:00,70.30829318494989
2037-01-31 03:00:00+01:00,70.58032470207958
2037-01-31 04:00:00+01:00,69.50097384379085
2037-01-31 05:00:00+01:00,74.98548023753439
2037-01-31 06:00:00+01:00,81.5317870691067
2037-01-31 07:00:00+01:00,96.32679151686929
2037-01-31 08:00:00+01:00,105.4091341049086
2037-01-31 09:00:00+01:00,90.03496578196669
2037-01-31 10:00:00+01:00,82.73399087061529
2037-01-31 11:00:00+01:00,78.96065047171972
2037-01-31 12:00:00+01:00,76.5123668175526
2037-01-31 13:00:00+01:00,76.8458248062922
2037-01-31 14:00:00+01:00,77.85497398274103
2037-01-31 15:00:00+01:00,79.46083745482913
2037-01-31 16:00:00+01:00,80.27693200621817
2037-01-31 17:00:00+01:00,82.98847196728498
2037-01-31 18:00:00+01:00,86.77058757641053
2037-01-31 19:00:00+01:00,84.58556022914311
2037-01-31 20:00:00+01:00,80.40856015966801
2037-01-31 21:00:00+01:00,76.40706429479272
2037-01-31 22:00:00+01:00,75.55586890248372
2037-01-31 23:00:00+01:00,70.62420075322952
2037-02-01 00:00:00+01:00,71.46662093530854
2037-02-01 01:00:00+01:00,71.44907051484854
2037-02-01 02:00:00+01:00,71.43152009438857
2037-02-01 03:00:00+01:00,74.10795921453543
2037-02-01 04:00:00+01:00,74.29223862936522
2037-02-01 05:00:00+01:00,74.31856426005518
2037-02-01 06:00:00+01:00,84.76983964397289
2037-02-01 07:00:00+01:00,89.21887123057765
2037-02-01 08:00:00+01:00,89.49090274770734
2037-02-01 09:00:00+01:00,88.87663803160807
2037-02-01 10:00:00+01:00,84.76106443374289
2037-02-01 11:00:00+01:00,83.9098690414339
2037-02-01 12:00:00+01:00,82.73399087061529
2037-02-01 13:00:00+01:00,83.1464257514248
2037-02-01 14:00:00+01:00,82.70766523992532
2037-02-01 15:00:00+01:00,85.56838377490195
2037-02-01 16:00:00+01:00,87.27954976974993
2037-02-01 17:00:00+01:00,89.9384384694368
2037-02-01 18:00:00+01:00,96.65147429537892
2037-02-01 19:00:00+01:00,92.26386918038408
2037-02-01 20:00:00+01:00,90.5351527650761
2037-02-01 21:00:00+01:00,83.90109383120391
2037-02-01 22:00:00+01:00,79.9171483867886
2037-02-01 23:00:00+01:00,73.59899702119603
2037-02-02 00:00:00+01:00,73.29186466314638
2037-02-02 01:00:00+01:00,73.26553903245642
2037-02-02 02:00:00+01:00,77.03887943135197
2037-02-02 03:00:00+01:00,78.65351811367009
2037-02-02 04:00:00+01:00,78.72371979551
2037-02-02 05:00:00+01:00,77.82864835205106
2037-02-02 06:00:00+01:00,83.00602238774496
2037-02-02 07:00:00+01:00,87.20057287768003
2037-02-02 08:00:00+01:00,89.15744475896773
2037-02-02 09:00:00+01:00,86.50733126951084
2037-02-02 10:00:00+01:00,85.20860015547237
2037-02-02 11:00:00+01:00,82.15482699543595
2037-02-02 12:00:00+01:00,81.82136900669636
2037-02-02 13:00:00+01:00,81.79504337600639
2037-02-02 14:00:00+01:00,81.82136900669636
2037-02-02 15:00:00+01:00,81.84769463738633
2037-02-02 16:00:00+01:00,85.74388797950174
2037-02-02 17:00:00+01:00,84.77861485420289
2037-02-02 18:00:00+01:00,86.69161068434062
2037-02-02 19:00:00+01:00,83.19030180257475
2037-02-02 20:00:00+01:00,78.60964206252014
2037-02-02 21:00:00+01:00,76.4246147152527
2037-02-02 22:00:00+01:00,77.82864835205106
2037-02-02 23:00:00+01:00,73.47614407797617
2037-02-03 00:00:00+01:00,70.50134781000966
2037-02-03 01:00:00+01:00,76.88092564721217
2037-02-03 02:00:00+01:00,70.94010832150914
2037-02-03 03:00:00+01:00,70.82603058851929
2037-02-03 04:00:00+01:00,70.4750221793197
2037-02-03 05:00:00+01:00,69.26404316758112
2037-02-03 06:00:00+01:00,70.50134781000966
2037-02-03 07:00:00+01:00,70.50134781000966
2037-02-03 08:00:00+01:00,70.16788982127007
2037-02-03 09:00:00+01:00,67.65817969549302
2037-02-03 10:00:00+01:00,68.03551373538258
2037-02-03 11:00:00+01:00,63.59525735900779
2037-02-03 12:00:00+01:00,48.56332223503547
2037-02-03 13:00:00+01:00,37.86634096467805
2037-02-03 14:00:00+01:00,48.4580197122756
2037-02-03 15:00:00+01:00,64.63950737637657
2037-02-03 16:00:00+01:00,78.72371979551
2037-02-03 17:00:00+01:00,79.18880593769946
2037-02-03 18:00:00+01:00,79.4871630855191
2037-02-03 19:00:00+01:00,79.2326819888494
2037-02-03 20:00:00+01:00,79.08350341493957
2037-02-03 21:00:00+01:00,78.69739416482003
2037-02-03 22:00:00+01:00,78.77637105688994
2037-02-03 23:00:00+01:00,70.53644865092963
2037-02-04 00:00:00+01:00,76.91602648813212
2037-02-04 01:00:00+01:00,70.85235621920926
2037-02-04 02:00:00+01:00,67.97408726377265
2037-02-04 03:00:00+01:00,63.691784671537675
2037-02-04 04:00:00+01:00,59.3392803974628
2037-02-04 05:00:00+01:00,63.71811030222764
2037-02-04 06:00:00+01:00,64.63073216614657
2037-02-04 07:00:00+01:00,69.02711249137141
2037-02-04 08:00:00+01:00,63.74443593291762
2037-02-04 09:00:00+01:00,59.348055607692785
2037-02-04 10:00:00+01:00,26.932429018110923
2037-02-04 11:00:00+01:00,29.02092905284846
2037-02-04 12:00:00+01:00,20.465099078608525
2037-02-04 13:00:00+01:00,16.191571696603546
2037-02-04 14:00:00+01:00,19.262895277099936
2037-02-04 15:00:00+01:00,31.530639178625506
2037-02-04 16:00:00+01:00,57.62811440261481
2037-02-04 17:00:00+01:00,77.96027650550089
2037-02-04 18:00:00+01:00,77.58294246561134
2037-02-04 19:00:00+01:00,77.45131431216149
2037-02-04 20:00:00+01:00,77.22315884618178
2037-02-04 21:00:00+01:00,78.82024710803988
2037-02-04 22:00:00+01:00,78.76759584665994
2037-02-04 23:00:00+01:00,77.94272608504092
2037-02-05 00:00:00+01:00,70.46624696908971
2037-02-05 01:00:00+01:00,68.14081625814245
2037-02-05 02:00:00+01:00,66.3945494223745
2037-02-05 03:00:00+01:00,67.03513976916375
2037-02-05 04:00:00+01:00,67.12289187146365
2037-02-05 05:00:00+01:00,77.57416725538135
2037-02-05 06:00:00+01:00,78.5569908011402
2037-02-05 07:00:00+01:00,80.5138626824279
2037-02-05 08:00:00+01:00,82.76909171153524
2037-02-05 09:00:00+01:00,81.19832908036709
2037-02-05 10:00:00+01:00,72.70392557773708
2037-02-05 11:00:00+01:00,75.08200755006428
2037-02-05 12:00:00+01:00,58.85664383481337
2037-02-05 13:00:00+01:00,56.05735177144666
2037-02-05 14:00:00+01:00,62.9107909610686
2037-02-05 15:00:00+01:00,70.86113142943925
2037-02-05 16:00:00+01:00,78.14455592033069
2037-02-05 17:00:00+01:00,81.17200344967712
2037-02-05 18:00:00+01:00,84.95411905880266
2037-02-05 19:00:00+01:00,82.96214633659501
2037-02-05 20:00:00+01:00,79.50471350597908
2037-02-05 21:00:00+01:00,70.87868184989922
2037-02-05 22:00:00+01:00,70.85235621920926
2037-02-05 23:00:00+01:00,66.36822379168453
2037-02-06 00:00:00+01:00,64.12176997280717
2037-02-06 01:00:00+01:00,63.96381618866736
2037-02-06 02:00:00+01:00,63.884839296597455
2037-02-06 03:00:00+01:00,63.83218803521751
2037-02-06 04:00:00+01:00,63.71811030222764
2037-02-06 05:00:00+01:00,65.78028470627522
2037-02-06 06:00:00+01:00,76.29298656180286
2037-02-06 07:00:00+01:00,80.54018831311787
2037-02-06 08:00:00+01:00,82.35665683072573
2037-02-06 09:00:00+01:00,80.21550553460824
2037-02-06 10:00:00+01:00,72.87065457210689
2037-02-06 11:00:00+01:00,70.02748645759023
2037-02-06 12:00:00+01:00,69.25526795735112
2037-02-06 13:00:00+01:00,68.13204104791247
2037-02-06 14:00:00+01:00,64.62195695591659
2037-02-06 15:00:00+01:00,66.24537084846467
2037-02-06 16:00:00+01:00,77.62681851676129
2037-02-06 17:00:00+01:00,80.32958326759811
2037-02-06 18:00:00+01:00,80.69814209725767
2037-02-06 19:00:00+01:00,79.58369039804899
2037-02-06 20:00:00+01:00,76.9335769085921
2037-02-06 21:00:00+01:00,71.20336462840885
2037-02-06 22:00:00+01:00,71.47539614553853
2037-02-06 23:00:00+01:00,66.64025530881422
2037-02-07 00:00:00+01:00,71.8264045547381
2037-02-07 01:00:00+01:00,71.51049698645848
2037-02-07 02:00:00+01:00,71.43152009438857
2037-02-07 03:00:00+01:00,71.47539614553853
2037-02-07 04:00:00+01:00,70.9050074805892
2037-02-07 05:00:00+01:00,72.16863775370771
2037-02-07 06:00:00+01:00,72.57229742428723
2037-02-07 07:00:00+01:00,81.268530762207
2037-02-07 08:00:00+01:00,84.31352871201342
2037-02-07 09:00:00+01:00,82.37420725118571
2037-02-07 10:00:00+01:00,79.72409376172882
2037-02-07 11:00:00+01:00,79.35553493206925
2037-02-07 12:00:00+01:00,79.71531855149883
2037-02-07 13:00:00+01:00,80.74201814840762
2037-02-07 14:00:00+01:00,85.19982494524237
2037-02-07 15:00:00+01:00,88.56073046332843
2037-02-07 16:00:00+01:00,91.24594479370526
2037-02-07 17:00:00+01:00,107.58538624194605
2037-02-07 18:00:00+01:00,111.16567201578184
2037-02-07 19:00:00+01:00,98.75752475057644
2037-02-07 20:00:00+01:00,90.68433133898593
2037-02-07 21:00:00+01:00,84.54168417799315
2037-02-07 22:00:00+01:00,83.03234801843493
2037-02-07 23:00:00+01:00,79.75919460264879
2037-02-08 00:00:00+01:00,78.8904487898798
2037-02-08 01:00:00+01:00,75.82790041961341
2037-02-08 02:00:00+01:00,74.84507687385457
2037-02-08 03:00:00+01:00,73.83592769740575
2037-02-08 04:00:00+01:00,73.83592769740575
2037-02-08 05:00:00+01:00,78.57454122160017
2037-02-08 06:00:00+01:00,87.91136490630919
2037-02-08 07:00:00+01:00,103.34695970086104
2037-02-08 08:00:00+01:00,115.43919939778681
2037-02-08 09:00:00+01:00,103.68041768960065
2037-02-08 10:00:00+01:00,92.72018011234354
2037-02-08 11:00:00+01:00,90.9651380663456
2037-02-08 12:00:00+01:00,88.19217163366886
2037-02-08 13:00:00+01:00,86.98996783216027
2037-02-08 14:00:00+01:00,88.21849726435883
2037-02-08 15:00:00+01:00,90.52637755484612
2037-02-08 16:00:00+01:00,93.53627466373257
2037-02-08 17:00:00+01:00,96.06353520996961
2037-02-08 18:00:00+01:00,93.25546793637291
2037-02-08 19:00:00+01:00,86.06857075801136
2037-02-08 20:00:00+01:00,81.40015891565685
2037-02-08 21:00:00+01:00,79.87327233563865
2037-02-08 22:00:00+01:00,79.79429544356874
2037-02-08 23:00:00+01:00,73.2830894529164
2037-02-09 00:00:00+01:00,72.67759994704711
2037-02-09 01:00:00+01:00,72.5986230549772
2037-02-09 02:00:00+01:00,70.81725537828929
2037-02-09 03:00:00+01:00,70.7207280657594
2037-02-09 04:00:00+01:00,72.24761464577762
2037-02-09 05:00:00+01:00,72.91453062325682
2037-02-09 06:00:00+01:00,76.88970085744215
2037-02-09 07:00:00+01:00,82.17237741589595
2037-02-09 08:00:00+01:00,82.16360220566595
2037-02-09 09:00:00+01:00,78.25863365332054
2037-02-09 10:00:00+01:00,78.25863365332054
2037-02-09 11:00:00+01:00,80.40856015966801
2037-02-09 12:00:00+01:00,79.75919460264879
2037-02-09 13:00:00+01:00,79.93469880724857
2037-02-09 14:00:00+01:00,79.81184586402871
2037-02-09 15:00:00+01:00,80.23305595506822
2037-02-09 16:00:00+01:00,83.18152659234475
2037-02-09 17:00:00+01:00,87.53403086641964
2037-02-09 18:00:00+01:00,87.67443423009948
2037-02-09 19:00:00+01:00,84.8312661155828
2037-02-09 20:00:00+01:00,80.39100973920804
2037-02-09 21:00:00+01:00,77.73212103952118
2037-02-09 22:00:00+01:00,76.88970085744215
2037-02-09 23:00:00+01:00,72.48454532198734
2037-02-10 00:00:00+01:00,68.88670912769157
2037-02-10 01:00:00+01:00,67.20186876353355
2037-02-10 02:00:00+01:00,65.98211454156498
2037-02-10 03:00:00+01:00,65.92946328018505
2037-02-10 04:00:00+01:00,64.49910401269673
2037-02-10 05:00:00+01:00,65.93823849041505
2037-02-10 06:00:00+01:00,66.18394437685474
2037-02-10 07:00:00+01:00,71.31744236139872
2037-02-10 08:00:00+01:00,74.70467351017473
2037-02-10 09:00:00+01:00,74.75732477155466
2037-02-10 10:00:00+01:00,71.45784572507854
2037-02-10 11:00:00+01:00,69.92218393483034
2037-02-10 12:00:00+01:00,69.1236398039013
2037-02-10 13:00:00+01:00,68.8603834970016
2037-02-10 14:00:00+01:00,69.51852426425083
2037-02-10 15:00:00+01:00,73.54634575981608
2037-02-10 16:00:00+01:00,79.83817149471868
2037-02-10 17:00:00+01:00,83.27805390487464
2037-02-10 18:00:00+01:00,84.48025770638323
2037-02-10 19:00:00+01:00,79.47838787528912
2037-02-10 20:00:00+01:00,74.82752645339458
2037-02-10 21:00:00+01:00,70.52767344069963
2037-02-10 22:00:00+01:00,71.10683731587896
2037-02-10 23:00:00+01:00,67.87755995124276
2037-02-11 00:00:00+01:00,62.050820358529606
2037-02-11 01:00:00+01:00,62.26142540404936
2037-02-11 02:00:00+01:00,60.03252200563199
2037-02-11 03:00:00+01:00,59.71661443735236
2037-02-11 04:00:00+01:00,55.66246731109712
2037-02-11 05:00:00+01:00,54.10925510038895
2037-02-11 06:00:00+01:00,60.71698840357118
2037-02-11 07:00:00+01:00,61.31370269921048
2037-02-11 08:00:00+01:00,64.32359980809694
2037-02-11 09:00:00+01:00,64.55175527407667
2037-02-11 10:00:00+01:00,65.43805150730563
2037-02-11 11:00:00+01:00,66.25414605869467
2037-02-11 12:00:00+01:00,65.4731523482256
2037-02-11 13:00:00+01:00,63.98136660912734
2037-02-11 14:00:00+01:00,63.62158298969776
2037-02-11 15:00:00+01:00,66.35067337122456
2037-02-11 16:00:00+01:00,70.00116082690026
2037-02-11 17:00:00+01:00,77.98660213619087
2037-02-11 18:00:00+01:00,80.44366100058797
2037-02-11 19:00:00+01:00,79.07472820470959
2037-02-11 20:00:00+01:00,76.91602648813212
2037-02-11 21:00:00+01:00,71.49294656599851
2037-02-11 22:00:00+01:00,69.72035409954059
2037-02-11 23:00:00+01:00,65.14846956971597
2037-02-12 00:00:00+01:00,66.71045699065414
2037-02-12 01:00:00+01:00,65.39417545615568
2037-02-12 02:00:00+01:00,64.1831964444171
2037-02-12 03:00:00+01:00,62.9107909610686
2037-02-12 04:00:00+01:00,64.6044065354566
2037-02-12 05:00:00+01:00,67.08779103054368
2037-02-12 06:00:00+01:00,77.81987314182106
2037-02-12 07:00:00+01:00,87.02506867308023
2037-02-12 08:00:00+01:00,91.9830624530244
2037-02-12 09:00:00+01:00,87.41117792319979
2037-02-12 10:00:00+01:00,82.08462531359605
2037-02-12 11:00:00+01:00,78.77637105688994
2037-02-12 12:00:00+01:00,74.51161888511496
2037-02-12 13:00:00+01:00,73.92367979970564
2037-02-12 14:00:00+01:00,74.0465327429255
2037-02-12 15:00:00+01:00,78.09190465895074
2037-02-12 16:00:00+01:00,79.63634165942894
2037-02-12 17:00:00+01:00,85.524507723752
2037-02-12 18:00:00+01:00,95.51069696548025
2037-02-12 19:00:00+01:00,91.15819269140538
2037-02-12 20:00:00+01:00,83.4009068480945
2037-02-12 21:00:00+01:00,78.49556432953027
2037-02-12 22:00:00+01:00,76.5035916073226
2037-02-12 23:00:00+01:00,68.75508097424172
2037-02-13 00:00:00+01:00,69.41322174149096
2037-02-13 01:00:00+01:00,68.14959146837244
2037-02-13 02:00:00+01:00,68.40407256504213
2037-02-13 03:00:00+01:00,69.48342342333086
2037-02-13 04:00:00+01:00,69.50974905402083
2037-02-13 05:00:00+01:00,69.53607468471081
2037-02-13 06:00:00+01:00,77.81987314182106
2037-02-13 07:00:00+01:00,84.77861485420289
2037-02-13 08:00:00+01:00,87.71831028124942
2037-02-13 09:00:00+01:00,83.38335642763452
2037-02-13 10:00:00+01:00,77.67946977814123
2037-02-13 11:00:00+01:00,75.96830378329324
2037-02-13 12:00:00+01:00,73.74817559510585
2037-02-13 13:00:00+01:00,72.79167768003697
2037-02-13 14:00:00+01:00,71.69477640128827
2037-02-13 15:00:00+01:00,76.0034046242132
2037-02-13 16:00:00+01:00,82.12850136474599
2037-02-13 17:00:00+01:00,89.71028300345708
2037-02-13 18:00:00+01:00,93.5889259251125
2037-02-13 19:00:00+01:00,90.78963386174581
2037-02-13 20:00:00+01:00,80.87364630185748
2037-02-13 21:00:00+01:00,77.863749192971
2037-02-13 22:00:00+01:00,75.71382268662354
2037-02-13 23:00:00+01:00,70.11523855989012
2037-02-14 00:00:00+01:00,64.59563132522662
2037-02-14 01:00:00+01:00,63.65668383061772
2037-02-14 02:00:00+01:00,63.71811030222764
2037-02-14 03:00:00+01:00,62.44570481887915
2037-02-14 04:00:00+01:00,63.62158298969776
2037-02-14 05:00:00+01:00,65.38540024592568
2037-02-14 06:00:00+01:00,73.74817559510585
2037-02-14 07:00:00+01:00,77.91640045435095
2037-02-14 08:00:00+01:00,81.65464001232655
2037-02-14 09:00:00+01:00,76.13503277766304
2037-02-14 10:00:00+01:00,73.3620663449863
2037-02-14 11:00:00+01:00,69.03588770160138
2037-02-14 12:00:00+01:00,64.77113552982641
2037-02-14 13:00:00+01:00,64.64828258660656
2037-02-14 14:00:00+01:00,68.54447592872198
2037-02-14 15:00:00+01:00,71.72987724220823
2037-02-14 16:00:00+01:00,75.28383738535405
2037-02-14 17:00:00+01:00,79.63634165942894
2037-02-14 18:00:00+01:00,83.02357280820495
2037-02-14 19:00:00+01:00,81.97054758060618
2037-02-14 20:00:00+01:00,76.3456378231828
2037-02-14 21:00:00+01:00,73.47614407797617
2037-02-14 22:00:00+01:00,70.51889823046966
2037-02-14 23:00:00+01:00,64.4376775410868
2037-02-15 00:00:00+01:00,65.3766250356957
2037-02-15 01:00:00+01:00,66.35944858145454
2037-02-15 02:00:00+01:00,65.7978351267352
2037-02-15 03:00:00+01:00,65.76273428581524
2037-02-15 04:00:00+01:00,65.50825318914553
2037-02-15 05:00:00+01:00,65.93823849041505
2037-02-15 06:00:00+01:00,73.89735416901567
2037-02-15 07:00:00+01:00,81.70729127370649
2037-02-15 08:00:00+01:00,81.83891942715633
2037-02-15 09:00:00+01:00,75.95075336283327
2037-02-15 10:00:00+01:00,71.73865245243822
2037-02-15 11:00:00+01:00,69.92218393483034
2037-02-15 12:00:00+01:00,67.76348221825289
2037-02-15 13:00:00+01:00,66.89473640548391
2037-02-15 14:00:00+01:00,68.6936545026318
2037-02-15 15:00:00+01:00,71.6684507705983
2037-02-15 16:00:00+01:00,79.00452652286967
2037-02-15 17:00:00+01:00,83.26927869464465
2037-02-15 18:00:00+01:00,85.71756234881177
2037-02-15 19:00:00+01:00,80.78589419955756
2037-02-15 20:00:00+01:00,72.95840667440679
2037-02-15 21:00:00+01:00,70.77337932713935
2037-02-15 22:00:00+01:00,67.62307885457305
2037-02-15 23:00:00+01:00,65.66620697328536
2037-02-16 00:00:00+01:00,62.454480029109135
2037-02-16 01:00:00+01:00,62.80548843830872
2037-02-16 02:00:00+01:00,62.63875944393892
2037-02-16 03:00:00+01:00,63.01609348382848
2037-02-16 04:00:00+01:00,63.332001052108104
2037-02-16 05:00:00+01:00,63.042419114518445
2037-02-16 06:00:00+01:00,68.98323644022146
2037-02-16 07:00:00+01:00,71.77375329335817
2037-02-16 08:00:00+01:00,73.14268608923656
2037-02-16 09:00:00+01:00,69.57117552563076
2037-02-16 10:00:00+01:00,64.53420485361669
2037-02-16 11:00:00+01:00,64.71848426844647
2037-02-16 12:00:00+01:00,64.38502627970686
2037-02-16 13:00:00+01:00,64.34115022855691
2037-02-16 14:00:00+01:00,64.0954443421172
2037-02-16 15:00:00+01:00,65.16601999017594
2037-02-16 16:00:00+01:00,69.66770283816065
2037-02-16 17:00:00+01:00,72.44066927083739
2037-02-16 18:00:00+01:00,74.02020711223552
2037-02-16 19:00:00+01:00,72.95840667440679
2037-02-16 20:00:00+01:00,70.51012302023966
2037-02-16 21:00:00+01:00,66.08741706432485
2037-02-16 22:00:00+01:00,65.5433540300655
2037-02-16 23:00:00+01:00,62.270200614279354
2037-02-17 00:00:00+01:00,64.1831964444171
2037-02-17 01:00:00+01:00,63.586482148777804
2037-02-17 02:00:00+01:00,61.96306825622971
2037-02-17 03:00:00+01:00,61.980618676689694
2037-02-17 04:00:00+01:00,61.55940858565019
2037-02-17 05:00:00+01:00,60.83106613656104
2037-02-17 06:00:00+01:00,63.64790862038773
2037-02-17 07:00:00+01:00,68.97446122999146
2037-02-17 08:00:00+01:00,70.63297596345951
2037-02-17 09:00:00+01:00,69.57117552563076
2037-02-17 10:00:00+01:00,65.64865655282537
2037-02-17 11:00:00+01:00,63.78831198406757
2037-02-17 12:00:00+01:00,63.77953677383758
2037-02-17 13:00:00+01:00,60.93636865932092
2037-02-17 14:00:00+01:00,62.349177506349264
2037-02-17 15:00:00+01:00,68.64977845148185
2037-02-17 16:00:00+01:00,74.42386678281505
2037-02-17 17:00:00+01:00,79.43451182413916
2037-02-17 18:00:00+01:00,82.11095094428602
2037-02-17 19:00:00+01:00,84.92779342811271
2037-02-17 20:00:00+01:00,77.46886473262148
2037-02-17 21:00:00+01:00,73.7042995439559
2037-02-17 22:00:00+01:00,72.3441419583075
2037-02-17 23:00:00+01:00,69.50974905402083
2037-02-18 00:00:00+01:00,62.88446533037863
2037-02-18 01:00:00+01:00,61.62083505726011
2037-02-18 02:00:00+01:00,60.365979994371585
2037-02-18 03:00:00+01:00,55.83797151569692
2037-02-18 04:00:00+01:00,55.82042109523694
2037-02-18 05:00:00+01:00,57.00507447628554
2037-02-18 06:00:00+01:00,55.56593999856724
2037-02-18 07:00:00+01:00,56.07490219190664
2037-02-18 08:00:00+01:00,55.87307235661687
2037-02-18 09:00:00+01:00,55.75021941339702
2037-02-18 10:00:00+01:00,52.48584120784086
2037-02-18 11:00:00+01:00,49.41451762734447
2037-02-18 12:00:00+01:00,47.42254490513682
2037-02-18 13:00:00+01:00,44.052864176820776
2037-02-18 14:00:00+01:00,51.441591190472096
2037-02-18 15:00:00+01:00,58.505635425613775
2037-02-18 16:00:00+01:00,61.366353960590416
2037-02-18 17:00:00+01:00,70.79092974759932
2037-02-18 18:00:00+01:00,71.86150539565807
2037-02-18 19:00:00+01:00,70.79092974759932
2037-02-18 20:00:00+01:00,66.67535614973417
2037-02-18 21:00:00+01:00,61.73491279024998
2037-02-18 22:00:00+01:00,61.48920690381027
2037-02-18 23:00:00+01:00,59.69906401689238
2037-02-19 00:00:00+01:00,57.92647155043446
2037-02-19 01:00:00+01:00,57.268330783185235
2037-02-19 02:00:00+01:00,57.268330783185235
2037-02-19 03:00:00+01:00,57.68954087422474
2037-02-19 04:00:00+01:00,58.10197575503425
2037-02-19 05:00:00+01:00,58.68113963021358
2037-02-19 06:00:00+01:00,67.19309355330356
2037-02-19 07:00:00+01:00,71.98435833887793
2037-02-19 08:00:00+01:00,73.77450122579582
2037-02-19 09:00:00+01:00,71.2472406795588
2037-02-19 10:00:00+01:00,68.82528265608164
2037-02-19 11:00:00+01:00,67.72838137733294
2037-02-19 12:00:00+01:00,65.90313764949508
2037-02-19 13:00:00+01:00,65.27132251293582
2037-02-19 14:00:00+01:00,65.4731523482256
2037-02-19 15:00:00+01:00,67.30717128629342
2037-02-19 16:00:00+01:00,70.06258729851018
2037-02-19 17:00:00+01:00,73.13391087900656
2037-02-19 18:00:00+01:00,81.17200344967712
2037-02-19 19:00:00+01:00,76.4246147152527
2037-02-19 20:00:00+01:00,70.74705369644937
2037-02-19 21:00:00+01:00,69.06221333229136
2037-02-19 22:00:00+01:00,68.40407256504213
2037-02-19 23:00:00+01:00,65.63988134259539
2037-02-20 00:00:00+01:00,59.927219482872104
2037-02-20 01:00:00+01:00,59.04969845987314
2037-02-20 02:00:00+01:00,58.997047198493206
2037-02-20 03:00:00+01:00,58.36523206193394
2037-02-20 04:00:00+01:00,58.224828698254115
2037-02-20 05:00:00+01:00,63.042419114518445
2037-02-20 06:00:00+01:00,71.87028060588806
2037-02-20 07:00:00+01:00,81.97932279083616
2037-02-20 08:00:00+01:00,83.68171357545417
2037-02-20 09:00:00+01:00,74.10795921453543
2037-02-20 10:00:00+01:00,71.071736474959
2037-02-20 11:00:00+01:00,68.36019651389219
2037-02-20 12:00:00+01:00,64.64828258660656
2037-02-20 13:00:00+01:00,61.23472580714057
2037-02-20 14:00:00+01:00,61.059221602540774
2037-02-20 15:00:00+01:00,67.97408726377265
2037-02-20 16:00:00+01:00,69.40444653126096
2037-02-20 17:00:00+01:00,71.70355161151825
2037-02-20 18:00:00+01:00,78.06557902826077
2037-02-20 19:00:00+01:00,76.07360630605312
2037-02-20 20:00:00+01:00,72.53719658336728
2037-02-20 21:00:00+01:00,68.18469230929239
2037-02-20 22:00:00+01:00,66.37699900191453
2037-02-20 23:00:00+01:00,61.024120761620814
2037-02-21 00:00:00+01:00,57.452610198015016
2037-02-21 01:00:00+01:00,57.61056398215483
2037-02-21 02:00:00+01:00,57.61933919238483
2037-02-21 03:00:00+01:00,57.7246417151447
2037-02-21 04:00:00+01:00,57.557912720774894
2037-02-21 05:00:00+01:00,57.61933919238483
2037-02-21 06:00:00+01:00,67.13166708169364
2037-02-21 07:00:00+01:00,71.51927219668848
2037-02-21 08:00:00+01:00,74.9065033454645
2037-02-21 09:00:00+01:00,69.44832258241091
2037-02-21 10:00:00+01:00,67.16676792261359
2037-02-21 11:00:00+01:00,65.38540024592568
2037-02-21 12:00:00+01:00,62.47203044956912
2037-02-21 13:00:00+01:00,62.66508507462889
2037-02-21 14:00:00+01:00,64.55175527407667
2037-02-21 15:00:00+01:00,66.82453472364399
2037-02-21 16:00:00+01:00,67.94776163308268
2037-02-21 17:00:00+01:00,68.37774693435216
2037-02-21 18:00:00+01:00,68.55325113895196
2037-02-21 19:00:00+01:00,67.92143600239271
2037-02-21 20:00:00+01:00,67.28084565560346
2037-02-21 21:00:00+01:00,61.34002832990044
2037-02-21 22:00:00+01:00,59.751715278272314
2037-02-21 23:00:00+01:00,57.28588120364522
2037-02-22 00:00:00+01:00,59.19887703378296
2037-02-22 01:00:00+01:00,58.7425661018235
2037-02-22 02:00:00+01:00,58.84786862458338
2037-02-22 03:00:00+01:00,58.68113963021358
2037-02-22 04:00:00+01:00,58.68113963021358
2037-02-22 05:00:00+01:00,58.52318584607376
2037-02-22 06:00:00+01:00,65.87681201880511
2037-02-22 07:00:00+01:00,72.15108733324773
2037-02-22 08:00:00+01:00,73.59022181096604
2037-02-22 09:00:00+01:00,69.60627636655072
2037-02-22 10:00:00+01:00,67.67573011595299
2037-02-22 11:00:00+01:00,65.23622167201586
2037-02-22 12:00:00+01:00,62.02449472783964
2037-02-22 13:00:00+01:00,65.40295066638566
2037-02-22 14:00:00+01:00,64.270948546717
2037-02-22 15:00:00+01:00,64.0954443421172
2037-02-22 16:00:00+01:00,65.94701370064503
2037-02-22 17:00:00+01:00,65.99966496202497
2037-02-22 18:00:00+01:00,67.80735826940284
2037-02-22 19:00:00+01:00,65.90313764949508
2037-02-22 20:00:00+01:00,63.78831198406757
2037-02-22 21:00:00+01:00,59.900893852182136
2037-02-22 22:00:00+01:00,59.88334343172216
2037-02-22 23:00:00+01:00,57.59301356169485
2037-02-23 00:00:00+01:00,58.909295096193304
2037-02-23 01:00:00+01:00,59.03214803941316
2037-02-23 02:00:00+01:00,59.576211073672525
2037-02-23 03:00:00+01:00,58.172177436874165
2037-02-23 04:00:00+01:00,58.10197575503425
2037-02-23 05:00:00+01:00,59.69906401689238
2037-02-23 06:00:00+01:00,60.17292536931182
2037-02-23 07:00:00+01:00,67.30717128629342
2037-02-23 08:00:00+01:00,68.52692550826198
2037-02-23 09:00:00+01:00,61.53308295496022
2037-02-23 10:00:00+01:00,59.084799300793094
2037-02-23 11:00:00+01:00,59.391931658842736
2037-02-23 12:00:00+01:00,58.30380559032402
2037-02-23 13:00:00+01:00,58.2336039084841
2037-02-23 14:00:00+01:00,58.26870474940405
2037-02-23 15:00:00+01:00,59.084799300793094
2037-02-23 16:00:00+01:00,61.111872863920716
2037-02-23 17:00:00+01:00,71.57192345806841
2037-02-23 18:00:00+01:00,77.24948447687174
2037-02-23 19:00:00+01:00,76.97745295974205
2037-02-23 20:00:00+01:00,71.45784572507854
2037-02-23 21:00:00+01:00,69.43077216195093
2037-02-23 22:00:00+01:00,67.20186876353355
2037-02-23 23:00:00+01:00,64.99051578557615
2037-02-24 00:00:00+01:00,65.52580360960552
2037-02-24 01:00:00+01:00,61.93674262553974
2037-02-24 02:00:00+01:00,59.61131191459248
2037-02-24 03:00:00+01:00,58.97949677803322
2037-02-24 04:00:00+01:00,59.19887703378296
2037-02-24 05:00:00+01:00,60.32210394322164
2037-02-24 06:00:00+01:00,65.4643771379956
2037-02-24 07:00:00+01:00,70.01871124736023
2037-02-24 08:00:00+01:00,69.65015241770067
2037-02-24 09:00:00+01:00,61.33125311967046
2037-02-24 10:00:00+01:00,57.58423835146486
2037-02-24 11:00:00+01:00,54.96045049269795
2037-02-24 12:00:00+01:00,50.704473531152956
2037-02-24 13:00:00+01:00,42.72780743209234
2037-02-24 14:00:00+01:00,55.30268369166755
2037-02-24 15:00:00+01:00,56.82957027168575
2037-02-24 16:00:00+01:00,61.8928665743898
2037-02-24 17:00:00+01:00,72.92330583348682
2037-02-24 18:00:00+01:00,80.40856015966801
2037-02-24 19:00:00+01:00,77.83742356228103
2037-02-24 20:00:00+01:00,72.13353691278775
2037-02-24 21:00:00+01:00,65.39417545615568
2037-02-24 22:00:00+01:00,65.38540024592568
2037-02-24 23:00:00+01:00,61.17329933553064
2037-02-25 00:00:00+01:00,61.989393886919686
2037-02-25 01:00:00+01:00,60.874942187711
2037-02-25 02:00:00+01:00,58.85664383481337
2037-02-25 03:00:00+01:00,58.39155769262391
2037-02-25 04:00:00+01:00,58.066874914114294
2037-02-25 05:00:00+01:00,58.54073626653374
2037-02-25 06:00:00+01:00,59.15500098263302
2037-02-25 07:00:00+01:00,60.05884763632196
2037-02-25 08:00:00+01:00,60.50638335805143
2037-02-25 09:00:00+01:00,58.51441063584377
2037-02-25 10:00:00+01:00,57.47893582870499
2037-02-25 11:00:00+01:00,51.29241261656227
2037-02-25 12:00:00+01:00,47.13296296754716
2037-02-25 13:00:00+01:00,43.149017523131846
2037-02-25 14:00:00+01:00,47.03643565501727
2037-02-25 15:00:00+01:00,55.881847566846865
2037-02-25 16:00:00+01:00,66.3945494223745
2037-02-25 17:00:00+01:00,72.58107263451723
2037-02-25 18:00:00+01:00,74.05530795315549
2037-02-25 19:00:00+01:00,75.60852016386366
2037-02-25 20:00:00+01:00,71.20336462840885
2037-02-25 21:00:00+01:00,67.43002422951328
2037-02-25 22:00:00+01:00,66.35067337122456
2037-02-25 23:00:00+01:00,63.48995483624792
2037-02-26 00:00:00+01:00,61.56818379588018
2037-02-26 01:00:00+01:00,60.32210394322164
2037-02-26 02:00:00+01:00,59.3392803974628
2037-02-26 03:00:00+01:00,58.7425661018235
2037-02-26 04:00:00+01:00,59.462133340682655
2037-02-26 05:00:00+01:00,61.717362369789996
2037-02-26 06:00:00+01:00,71.63334992967835
2037-02-26 07:00:00+01:00,79.69776813103886
2037-02-26 08:00:00+01:00,81.82136900669636
2037-02-26 09:00:00+01:00,75.34526385696398
2037-02-26 10:00:00+01:00,70.59787512253955
2037-02-26 11:00:00+01:00,67.28962086583344
2037-02-26 12:00:00+01:00,67.01758934870377
2037-02-26 13:00:00+01:00,66.65780572927419
2037-02-26 14:00:00+01:00,66.68413135996416
2037-02-26 15:00:00+01:00,67.57042759319313
2037-02-26 16:00:00+01:00,70.43114612816974
2037-02-26 17:00:00+01:00,77.69702019860121
2037-02-26 18:00:00+01:00,83.24295306395469
2037-02-26 19:00:00+01:00,79.08350341493957
2037-02-26 20:00:00+01:00,73.13391087900656
2037-02-26 21:00:00+01:00,69.23771753689115
2037-02-26 22:00:00+01:00,68.42162298550213
2037-02-26 23:00:00+01:00,66.12251790524482
2037-02-27 00:00:00+01:00,64.6044065354566
2037-02-27 01:00:00+01:00,60.98024471047087
2037-02-27 02:00:00+01:00,60.638011511501276
2037-02-27 03:00:00+01:00,59.86579301126218
2037-02-27 04:00:00+01:00,61.067996812770765
2037-02-27 05:00:00+01:00,66.54372799628433
2037-02-27 06:00:00+01:00,73.73062517464588
2037-02-27 07:00:00+01:00,85.21737536570237
2037-02-27 08:00:00+01:00,89.99108973081675
2037-02-27 09:00:00+01:00,77.95150129527092
2037-02-27 10:00:00+01:00,73.85347811786573
2037-02-27 11:00:00+01:00,72.04578481048786
2037-02-27 12:00:00+01:00,69.2815935880411
2037-02-27 13:00:00+01:00,68.9393603890715
2037-02-27 14:00:00+01:00,69.51852426425083
2037-02-27 15:00:00+01:00,71.65967556036831
2037-02-27 16:00:00+01:00,81.06670092691725
2037-02-27 17:00:00+01:00,94.85255619823103
2037-02-27 18:00:00+01:00,107.55028540102609
2037-02-27 19:00:00+01:00,102.59229162108193
2037-02-27 20:00:00+01:00,85.91061697387154
2037-02-27 21:00:00+01:00,75.77524915823346
2037-02-27 22:00:00+01:00,73.3620663449863
2037-02-27 23:00:00+01:00,69.53607468471081
2037-02-28 00:00:00+01:00,69.2026166959712
2037-02-28 01:00:00+01:00,67.84245911032279
2037-02-28 02:00:00+01:00,66.82453472364399
2037-02-28 03:00:00+01:00,65.4643771379956
2037-02-28 04:00:00+01:00,65.41172587661566
2037-02-28 05:00:00+01:00,68.53570071849198
2037-02-28 06:00:00+01:00,74.77487519201465
2037-02-28 07:00:00+01:00,95.54579780640022
2037-02-28 08:00:00+01:00,98.50304365390674
2037-02-28 09:00:00+01:00,82.48828498417558
2037-02-28 10:00:00+01:00,74.70467351017473
2037-02-28 11:00:00+01:00,70.59787512253955
2037-02-28 12:00:00+01:00,68.67610408217182
2037-02-28 13:00:00+01:00,69.04466291183138
2037-02-28 14:00:00+01:00,69.55362510517078
2037-02-28 15:00:00+01:00,71.20336462840885
2037-02-28 16:00:00+01:00,74.12550963499541
2037-02-28 17:00:00+01:00,81.49668622818673
2037-02-28 18:00:00+01:00,90.41229982185625
2037-02-28 19:00:00+01:00,81.40015891565685
2037-02-28 20:00:00+01:00,73.82715248717577
2037-02-28 21:00:00+01:00,68.6146776105619
2037-02-28 22:00:00+01:00,67.61430364434307
2037-02-28 23:00:00+01:00,65.39417545615568
2037-03-01 00:00:00+01:00,65.77150949604523
2037-03-01 01:00:00+01:00,65.39417545615568
2037-03-01 02:00:00+01:00,65.3766250356957
2037-03-01 03:00:00+01:00,65.56090445052548
2037-03-01 04:00:00+01:00,65.4556019277656
2037-03-01 05:00:00+01:00,65.4556019277656
2037-03-01 06:00:00+01:00,74.15183526568538
2037-03-01 07:00:00+01:00,80.32080805736813
2037-03-01 08:00:00+01:00,80.46121142104796
2037-03-01 09:00:00+01:00,77.00377859043202
2037-03-01 10:00:00+01:00,72.41434364014742
2037-03-01 11:00:00+01:00,71.54559782737844
2037-03-01 12:00:00+01:00,70.67685201460947
2037-03-01 13:00:00+01:00,70.62420075322952
2037-03-01 14:00:00+01:00,70.58909991230956
2037-03-01 15:00:00+01:00,71.65967556036831
2037-03-01 16:00:00+01:00,77.78477230090111
2037-03-01 17:00:00+01:00,86.84078925825045
2037-03-01 18:00:00+01:00,92.316520441764
2037-03-01 19:00:00+01:00,84.65576191098303
2037-03-01 20:00:00+01:00,76.41583950502272
2037-03-01 21:00:00+01:00,70.7207280657594
2037-03-01 22:00:00+01:00,70.45747175885973
2037-03-01 23:00:00+01:00,66.13129311547482
2037-03-02 00:00:00+01:00,67.06146539985372
2037-03-02 01:00:00+01:00,65.98211454156498
2037-03-02 02:00:00+01:00,65.57845487098545
2037-03-02 03:00:00+01:00,64.45522796154678
2037-03-02 04:00:00+01:00,64.5254296433867
2037-03-02 05:00:00+01:00,64.49910401269673
2037-03-02 06:00:00+01:00,65.0343918367261
2037-03-02 07:00:00+01:00,65.49070276868557
2037-03-02 08:00:00+01:00,66.55250320651432
2037-03-02 09:00:00+01:00,64.67460821729652
2037-03-02 10:00:00+01:00,64.32359980809694
2037-03-02 11:00:00+01:00,62.156122881289484
2037-03-02 12:00:00+01:00,57.43505977755504
2037-03-02 13:00:00+01:00,55.706343362247075
2037-03-02 14:00:00+01:00,60.19925100000179
2037-03-02 15:00:00+01:00,66.07864185409487
2037-03-02 16:00:00+01:00,72.10721128209778
2037-03-02 17:00:00+01:00,79.26778282976936
2037-03-02 18:00:00+01:00,81.6107639611766
2037-03-02 19:00:00+01:00,80.28570721644816
2037-03-02 20:00:00+01:00,74.20448652706531
2037-03-02 21:00:00+01:00,71.57192345806841
2037-03-02 22:00:00+01:00,69.68525325862063
2037-03-02 23:00:00+01:00,65.93823849041505
2037-03-03 00:00:00+01:00,67.61430364434307
2037-03-03 01:00:00+01:00,66.80698430318401
2037-03-03 02:00:00+01:00,61.96306825622971
2037-03-03 03:00:00+01:00,61.55940858565019
2037-03-03 04:00:00+01:00,60.03252200563199
2037-03-03 05:00:00+01:00,61.05044639231079
2037-03-03 06:00:00+01:00,62.199998932439435
2037-03-03 07:00:00+01:00,62.57733297232899
2037-03-03 08:00:00+01:00,62.97221743267852
2037-03-03 09:00:00+01:00,64.51665443315672
2037-03-03 10:00:00+01:00,60.83984134679103
2037-03-03 11:00:00+01:00,58.8303182041234
2037-03-03 12:00:00+01:00,55.77654504408699
2037-03-03 13:00:00+01:00,52.35421305439102
2037-03-03 14:00:00+01:00,55.32023411212752
2037-03-03 15:00:00+01:00,59.497234181602614
2037-03-03 16:00:00+01:00,67.65817969549302
2037-03-03 17:00:00+01:00,76.64399497100244
2037-03-03 18:00:00+01:00,85.64736066697185
2037-03-03 19:00:00+01:00,86.2089741216912
2037-03-03 20:00:00+01:00,81.59321354071662
2037-03-03 21:00:00+01:00,77.81109793159106
2037-03-03 22:00:00+01:00,77.5215159940014
2037-03-03 23:00:00+01:00,75.13465881144421
2037-03-04 00:00:00+01:00,68.06183936607253
2037-03-04 01:00:00+01:00,66.7367826213441
2037-03-04 02:00:00+01:00,66.42087505306448
2037-03-04 03:00:00+01:00,66.65780572927419
2037-03-04 04:00:00+01:00,67.46512507043325
2037-03-04 05:00:00+01:00,70.40482049747978
2037-03-04 06:00:00+01:00,80.52263789265788
2037-03-04 07:00:00+01:00,94.65072636294127
2037-03-04 08:00:00+01:00,101.52171597302319
2037-03-04 09:00:00+01:00,88.078093900679
2037-03-04 10:00:00+01:00,78.46923869884029
2037-03-04 11:00:00+01:00,77.2758101075617
2037-03-04 12:00:00+01:00,74.03775753269551
2037-03-04 13:00:00+01:00,73.99388148154556
2037-03-04 14:00:00+01:00,74.19571131683533
2037-03-04 15:00:00+01:00,74.6520222487948
2037-03-04 16:00:00+01:00,82.18992783635592
2037-03-04 17:00:00+01:00,93.2642431466029
2037-03-04 18:00:00+01:00,100.22298485898472
2037-03-04 19:00:00+01:00,97.79225162527757
2037-03-04 20:00:00+01:00,82.7164404501553
2037-03-04 21:00:00+01:00,78.5569908011402
2037-03-04 22:00:00+01:00,77.62681851676129
2037-03-04 23:00:00+01:00,73.31819029383637
2037-03-05 00:00:00+01:00,67.43879943974328
2037-03-05 01:00:00+01:00,70.51012302023966
2037-03-05 02:00:00+01:00,70.55399907138961
2037-03-05 03:00:00+01:00,70.54522386115963
2037-03-05 04:00:00+01:00,70.7382784862194
2037-03-05 05:00:00+01:00,70.77337932713935
2037-03-05 06:00:00+01:00,75.83667562984338
2037-03-05 07:00:00+01:00,83.63783752430422
2037-03-05 08:00:00+01:00,87.49015481526968
2037-03-05 09:00:00+01:00,82.00564842152613
2037-03-05 10:00:00+01:00,78.57454122160017
2037-03-05 11:00:00+01:00,77.44253910193152
2037-03-05 12:00:00+01:00,76.11748235720306
2037-03-05 13:00:00+01:00,76.02973025490317
2037-03-05 14:00:00+01:00,76.44216513571268
2037-03-05 15:00:00+01:00,75.13465881144421
2037-03-05 16:00:00+01:00,78.06557902826077
2037-03-05 17:00:00+01:00,84.46270728592326
2037-03-05 18:00:00+01:00,100.32828738174459
2037-03-05 19:00:00+01:00,101.88149959245276
2037-03-05 20:00:00+01:00,87.01629346285024
2037-03-05 21:00:00+01:00,77.64436893722126
2037-03-05 22:00:00+01:00,75.4856672206438
2037-03-05 23:00:00+01:00,73.52879533935611
2037-03-06 00:00:00+01:00,74.75732477155466
2037-03-06 01:00:00+01:00,74.32733947028517
2037-03-06 02:00:00+01:00,73.73940038487586
2037-03-06 03:00:00+01:00,74.63447182833481
2037-03-06 04:00:00+01:00,73.31819029383637
2037-03-06 05:00:00+01:00,74.66957266925476
2037-03-06 06:00:00+01:00,84.27842787109347
2037-03-06 07:00:00+01:00,98.88915290402628
2037-03-06 08:00:00+01:00,108.0592475943655
2037-03-06 09:00:00+01:00,90.01741536150672
2037-03-06 10:00:00+01:00,81.5230118588767
2037-03-06 11:00:00+01:00,79.36431014229925
2037-03-06 12:00:00+01:00,78.34638575562045
2037-03-06 13:00:00+01:00,78.3025097044705
2037-03-06 14:00:00+01:00,77.74089624975115
2037-03-06 15:00:00+01:00,79.88204754586864
2037-03-06 16:00:00+01:00,82.68133960923535
2037-03-06 17:00:00+01:00,95.44927049387033
2037-03-06 18:00:00+01:00,115.80775822744639
2037-03-06 19:00:00+01:00,113.88598718707865
2037-03-06 20:00:00+01:00,95.50192175525027
2037-03-06 21:00:00+01:00,83.63783752430422
2037-03-06 22:00:00+01:00,79.6538920798889
2037-03-06 23:00:00+01:00,77.7057954088312
2037-03-07 00:00:00+01:00,76.88092564721217
2037-03-07 01:00:00+01:00,76.0823815162831
2037-03-07 02:00:00+01:00,76.178908828813
2037-03-07 03:00:00+01:00,76.09115672651309
2037-03-07 04:00:00+01:00,76.18768403904298
2037-03-07 05:00:00+01:00,77.74089624975115
2037-03-07 06:00:00+01:00,82.63746355808539
2037-03-07 07:00:00+01:00,94.38747005604156
2037-03-07 08:00:00+01:00,92.79038179418345
2037-03-07 09:00:00+01:00,82.46195935348561
2037-03-07 10:00:00+01:00,76.95112732905208
2037-03-07 11:00:00+01:00,76.21400966973295
2037-03-07 12:00:00+01:00,75.15220923190421
2037-03-07 13:00:00+01:00,74.86262729431454
2037-03-07 14:00:00+01:00,71.86150539565807
2037-03-07 15:00:00+01:00,76.0034046242132
2037-03-07 16:00:00+01:00,76.92480169836212
2037-03-07 17:00:00+01:00,82.2952303591158
2037-03-07 18:00:00+01:00,88.35012541780867
2037-03-07 19:00:00+01:00,88.42032709964859
2037-03-07 20:00:00+01:00,81.6107639611766
2037-03-07 21:00:00+01:00,78.24985844309055
2037-03-07 22:00:00+01:00,77.80232272136108
2037-03-07 23:00:00+01:00,77.021329010892
2037-03-08 00:00:00+01:00,76.05605588559312
2037-03-08 01:00:00+01:00,76.73174707330234
2037-03-08 02:00:00+01:00,76.80194875514226
2037-03-08 03:00:00+01:00,75.45056637972384
2037-03-08 04:00:00+01:00,75.41546553880389
2037-03-08 05:00:00+01:00,75.19608528305415
2037-03-08 06:00:00+01:00,78.95187526148973
2037-03-08 07:00:00+01:00,86.16509807054125
2037-03-08 08:00:00+01:00,82.17237741589595
2037-03-08 09:00:00+01:00,76.20523445950296
2037-03-08 10:00:00+01:00,76.17013361858301
2037-03-08 11:00:00+01:00,75.56464411271372
2037-03-08 12:00:00+01:00,73.8798037485557
2037-03-08 13:00:00+01:00,73.8710285383257
2037-03-08 14:00:00+01:00,73.84470290763574
2037-03-08 15:00:00+01:00,73.8710285383257
2037-03-08 16:00:00+01:00,75.45056637972384
2037-03-08 17:00:00+01:00,80.1540790629983
2037-03-08 18:00:00+01:00,80.54896352334785
2037-03-08 19:00:00+01:00,80.11897822207835
2037-03-08 20:00:00+01:00,77.56539204515137
2037-03-08 21:00:00+01:00,73.7920516462558
2037-03-08 22:00:00+01:00,73.8798037485557
2037-03-08 23:00:00+01:00,70.78215453736934
2037-03-09 00:00:00+01:00,74.82752645339458
2037-03-09 01:00:00+01:00,75.87177647076335
2037-03-09 02:00:00+01:00,75.22241091374413
2037-03-09 03:00:00+01:00,74.84507687385457
2037-03-09 04:00:00+01:00,73.88857895878569
2037-03-09 05:00:00+01:00,74.09918400430544
2037-03-09 06:00:00+01:00,74.78365040224463
2037-03-09 07:00:00+01:00,74.78365040224463
2037-03-09 08:00:00+01:00,71.62457471944835
2037-03-09 09:00:00+01:00,72.07211044117783
2037-03-09 10:00:00+01:00,72.05456002071784
2037-03-09 11:00:00+01:00,71.05418605449903
2037-03-09 12:00:00+01:00,67.48267549089321
2037-03-09 13:00:00+01:00,65.28009772316581
2037-03-09 14:00:00+01:00,71.64212513990833
2037-03-09 15:00:00+01:00,71.67722598082828
2037-03-09 16:00:00+01:00,72.70392557773708
2037-03-09 17:00:00+01:00,72.97595709486676
2037-03-09 18:00:00+01:00,77.66191935768126
2037-03-09 19:00:00+01:00,76.16135840835301
2037-03-09 20:00:00+01:00,75.95952857306324
2037-03-09 21:00:00+01:00,75.35403906719395
2037-03-09 22:00:00+01:00,75.53831848202375
2037-03-09 23:00:00+01:00,73.00228272555673
2037-03-10 00:00:00+01:00,73.23921340176645
2037-03-10 01:00:00+01:00,67.43879943974328
2037-03-10 02:00:00+01:00,66.82453472364399
2037-03-10 03:00:00+01:00,63.79708719429756
2037-03-10 04:00:00+01:00,65.48192755845557
2037-03-10 05:00:00+01:00,63.02486869405846
2037-03-10 06:00:00+01:00,62.54223213140904
2037-03-10 07:00:00+01:00,64.64828258660656
2037-03-10 08:00:00+01:00,71.99313354910791
2037-03-10 09:00:00+01:00,73.43226802682622
2037-03-10 10:00:00+01:00,74.43264199304504
2037-03-10 11:00:00+01:00,73.39716718590627
2037-03-10 12:00:00+01:00,73.24798861199645
2037-03-10 13:00:00+01:00,71.96680791841794
2037-03-10 14:00:00+01:00,70.92255790104917
2037-03-10 15:00:00+01:00,69.05343812206138
2037-03-10 16:00:00+01:00,73.1953373506165
2037-03-10 17:00:00+01:00,73.41471760636625
2037-03-10 18:00:00+01:00,76.02973025490317
2037-03-10 19:00:00+01:00,76.65277018123244
2037-03-10 20:00:00+01:00,76.29298656180286
2037-03-10 21:00:00+01:00,75.34526385696398
2037-03-10 22:00:00+01:00,75.44179116949387
2037-03-10 23:00:00+01:00,73.41471760636625
2037-03-11 00:00:00+01:00,72.13353691278775
2037-03-11 01:00:00+01:00,68.99201165045145
2037-03-11 02:00:00+01:00,69.02711249137141
2037-03-11 03:00:00+01:00,69.86075746322042
2037-03-11 04:00:00+01:00,72.06333523094783
2037-03-11 05:00:00+01:00,74.09040879407544
2037-03-11 06:00:00+01:00,75.67872184570358
2037-03-11 07:00:00+01:00,85.82286487157165
2037-03-11 08:00:00+01:00,89.95598888989679
2037-03-11 09:00:00+01:00,85.58593419536193
2037-03-11 10:00:00+01:00,83.98007072327381
2037-03-11 11:00:00+01:00,82.81296776268519
2037-03-11 12:00:00+01:00,76.65277018123244
2037-03-11 13:00:00+01:00,76.64399497100244
2037-03-11 14:00:00+01:00,76.72297186307235
2037-03-11 15:00:00+01:00,80.49631226196792
2037-03-11 16:00:00+01:00,80.30325763690814
2037-03-11 17:00:00+01:00,91.00023890726555
2037-03-11 18:00:00+01:00,119.3529431603622
2037-03-11 19:00:00+01:00,127.73326893000237
2037-03-11 20:00:00+01:00,104.33855845684987
2037-03-11 21:00:00+01:00,82.60236271716543
2037-03-11 22:00:00+01:00,76.80194875514226
2037-03-11 23:00:00+01:00,75.76647394800348
2037-03-12 00:00:00+01:00,72.75657683911702
2037-03-12 01:00:00+01:00,71.97558312864794
2037-03-12 02:00:00+01:00,71.44907051484854
2037-03-12 03:00:00+01:00,71.31744236139872
2037-03-12 04:00:00+01:00,71.6684507705983
2037-03-12 05:00:00+01:00,73.39716718590627
2037-03-12 06:00:00+01:00,80.38223452897805
2037-03-12 07:00:00+01:00,96.11618647134955
2037-03-12 08:00:00+01:00,97.2569638012482
2037-03-12 09:00:00+01:00,85.57715898513194
2037-03-12 10:00:00+01:00,79.77674502310876
2037-03-12 11:00:00+01:00,76.46849076640265
2037-03-12 12:00:00+01:00,75.14343402167421
2037-03-12 13:00:00+01:00,75.76647394800348
2037-03-12 14:00:00+01:00,75.09955797052426
2037-03-12 15:00:00+01:00,76.90725127790213
2037-03-12 16:00:00+01:00,83.55886063223431
2037-03-12 17:00:00+01:00,101.29356050704345
2037-03-12 18:00:00+01:00,119.34416795013223
2037-03-12 19:00:00+01:00,110.53385687922258
2037-03-12 20:00:00+01:00,88.078093900679
2037-03-12 21:00:00+01:00,79.33798451160928
2037-03-12 22:00:00+01:00,76.96867774951207
2037-03-12 23:00:00+01:00,72.51087095267731
2037-03-13 00:00:00+01:00,67.10534145100367
2037-03-13 01:00:00+01:00,69.18506627551122
2037-03-13 02:00:00+01:00,69.04466291183138
2037-03-13 03:00:00+01:00,68.14959146837244
2037-03-13 04:00:00+01:00,68.57957676964193
2037-03-13 05:00:00+01:00,69.69402846885062
2037-03-13 06:00:00+01:00,73.44981844728619
2037-03-13 07:00:00+01:00,83.18152659234475
2037-03-13 08:00:00+01:00,83.98007072327381
2037-03-13 09:00:00+01:00,77.51274078377142
2037-03-13 10:00:00+01:00,72.99350751532674
2037-03-13 11:00:00+01:00,72.37924279922746
2037-03-13 12:00:00+01:00,70.78215453736934
2037-03-13 13:00:00+01:00,71.071736474959
2037-03-13 14:00:00+01:00,71.3262175716287
2037-03-13 15:00:00+01:00,72.0896608616378
2037-03-13 16:00:00+01:00,73.01105793578671
2037-03-13 17:00:00+01:00,84.18190055856357
2037-03-13 18:00:00+01:00,91.93041119164447
2037-03-13 19:00:00+01:00,88.56950567355841
2037-03-13 20:00:00+01:00,79.32920930137928
2037-03-13 21:00:00+01:00,72.71270078796708
2037-03-13 22:00:00+01:00,71.67722598082828
2037-03-13 23:00:00+01:00,70.4837973895497
2037-03-14 00:00:00+01:00,70.74705369644937
2037-03-14 01:00:00+01:00,70.29074276448992
2037-03-14 02:00:00+01:00,69.91340872460036
2037-03-14 03:00:00+01:00,69.43954737218093
2037-03-14 04:00:00+01:00,69.44832258241091
2037-03-14 05:00:00+01:00,70.75582890667937
2037-03-14 06:00:00+01:00,77.67069456791124
2037-03-14 07:00:00+01:00,88.29747415642873
2037-03-14 08:00:00+01:00,85.58593419536193
2037-03-14 09:00:00+01:00,71.84395497519809
2037-03-14 10:00:00+01:00,71.37009362277865
2037-03-14 11:00:00+01:00,71.34376799208869
2037-03-14 12:00:00+01:00,68.42162298550213
2037-03-14 13:00:00+01:00,67.45634986020325
2037-03-14 14:00:00+01:00,69.33424484942104
2037-03-14 15:00:00+01:00,71.45784572507854
2037-03-14 16:00:00+01:00,73.41471760636625
2037-03-14 17:00:00+01:00,85.89306655341157
2037-03-14 18:00:00+01:00,96.69535034652887
2037-03-14 19:00:00+01:00,91.3951233676151
2037-03-14 20:00:00+01:00,77.92517566458093
2037-03-14 21:00:00+01:00,72.97595709486676
2037-03-14 22:00:00+01:00,72.95840667440679
2037-03-14 23:00:00+01:00,71.45784572507854
2037-03-15 00:00:00+01:00,70.02748645759023
2037-03-15 01:00:00+01:00,70.00993603713026
2037-03-15 02:00:00+01:00,69.98361040644028
2037-03-15 03:00:00+01:00,69.93095914506034
2037-03-15 04:00:00+01:00,69.92218393483034
2037-03-15 05:00:00+01:00,70.55399907138961
2037-03-15 06:00:00+01:00,72.45821969129737
2037-03-15 07:00:00+01:00,73.42349281659622
2037-03-15 08:00:00+01:00,73.27431424268642
2037-03-15 09:00:00+01:00,72.53719658336728
2037-03-15 10:00:00+01:00,72.55474700382726
2037-03-15 11:00:00+01:00,72.774127259577
2037-03-15 12:00:00+01:00,72.75657683911702
2037-03-15 13:00:00+01:00,72.55474700382726
2037-03-15 14:00:00+01:00,72.5196461629073
2037-03-15 15:00:00+01:00,72.5196461629073
2037-03-15 16:00:00+01:00,72.27394027646758
2037-03-15 17:00:00+01:00,76.27543614134288
2037-03-15 18:00:00+01:00,81.50546143841673
2037-03-15 19:00:00+01:00,78.06557902826077
2037-03-15 20:00:00+01:00,73.81837727694577
2037-03-15 21:00:00+01:00,70.76460411690937
2037-03-15 22:00:00+01:00,69.9660599859803
2037-03-15 23:00:00+01:00,69.6238267870107
2037-03-16 00:00:00+01:00,72.44066927083739
2037-03-16 01:00:00+01:00,71.914156657038
2037-03-16 02:00:00+01:00,71.60702429898836
2037-03-16 03:00:00+01:00,70.51012302023966
2037-03-16 04:00:00+01:00,69.7028036790806
2037-03-16 05:00:00+01:00,69.7115788893106
2037-03-16 06:00:00+01:00,69.8783078836804
2037-03-16 07:00:00+01:00,69.64137720747068
2037-03-16 08:00:00+01:00,69.55362510517078
2037-03-16 09:00:00+01:00,69.6238267870107
2037-03-16 10:00:00+01:00,69.37812090057099
2037-03-16 11:00:00+01:00,67.68450532618299
2037-03-16 12:00:00+01:00,58.444208954003855
2037-03-16 13:00:00+01:00,50.57284537770311
2037-03-16 14:00:00+01:00,61.60328463680014
2037-03-16 15:00:00+01:00,68.18469230929239
2037-03-16 16:00:00+01:00,70.67685201460947
2037-03-16 17:00:00+01:00,73.32696550406634
2037-03-16 18:00:00+01:00,78.23230802263058
2037-03-16 19:00:00+01:00,80.80344462001756
2037-03-16 20:00:00+01:00,75.14343402167421
2037-03-16 21:00:00+01:00,73.0286083562467
2037-03-16 22:00:00+01:00,72.47577011175734
2037-03-16 23:00:00+01:00,69.79933099161049
2037-03-17 00:00:00+01:00,68.58835197987192
2037-03-17 01:00:00+01:00,66.42965026329446
2037-03-17 02:00:00+01:00,63.14772163727832
2037-03-17 03:00:00+01:00,60.40108083529155
2037-03-17 04:00:00+01:00,58.03177407319434
2037-03-17 05:00:00+01:00,57.69831608445473
2037-03-17 06:00:00+01:00,62.893240540608616
2037-03-17 07:00:00+01:00,60.91881823886094
2037-03-17 08:00:00+01:00,55.02187696430788
2037-03-17 09:00:00+01:00,48.185988195145924
2037-03-17 10:00:00+01:00,43.95633686429089
2037-03-17 11:00:00+01:00,43.85980955176101
2037-03-17 12:00:00+01:00,43.93001123360092
2037-03-17 13:00:00+01:00,40.52522966436493
2037-03-17 14:00:00+01:00,44.69345452361003
2037-03-17 15:00:00+01:00,55.65369210086713
2037-03-17 16:00:00+01:00,69.26404316758112
2037-03-17 17:00:00+01:00,80.47876184150793
2037-03-17 18:00:00+01:00,85.7789888204217
2037-03-17 19:00:00+01:00,86.85833967871042
2037-03-17 20:00:00+01:00,80.91752235300741
2037-03-17 21:00:00+01:00,74.62569661810481
2037-03-17 22:00:00+01:00,72.8531041516469
2037-03-17 23:00:00+01:00,69.30791921873107
2037-03-18 00:00:00+01:00,69.03588770160138
2037-03-18 01:00:00+01:00,67.35982254767336
2037-03-18 02:00:00+01:00,64.65705779683654
2037-03-18 03:00:00+01:00,62.00694430737966
2037-03-18 04:00:00+01:00,67.35982254767336
2037-03-18 05:00:00+01:00,70.3872700770198
2037-03-18 06:00:00+01:00,78.82902231826988
2037-03-18 07:00:00+01:00,88.78011071907817
2037-03-18 08:00:00+01:00,87.96401616768912
2037-03-18 09:00:00+01:00,81.09302655760722
2037-03-18 10:00:00+01:00,76.83704959606222
2037-03-18 11:00:00+01:00,76.38951387433275
2037-03-18 12:00:00+01:00,74.45896762373502
2037-03-18 13:00:00+01:00,73.82715248717577
2037-03-18 14:00:00+01:00,73.43226802682622
2037-03-18 15:00:00+01:00,75.07323233983429
2037-03-18 16:00:00+01:00,83.813341728904
2037-03-18 17:00:00+01:00,99.6438209838054
2037-03-18 18:00:00+01:00,125.94312604308445
2037-03-18 19:00:00+01:00,119.39681921151215
2037-03-18 20:00:00+01:00,93.69422844787239
2037-03-18 21:00:00+01:00,81.41770933611684
2037-03-18 22:00:00+01:00,78.57454122160017
2037-03-18 23:00:00+01:00,74.77487519201465
2037-03-19 00:00:00+01:00,76.02973025490317
2037-03-19 01:00:00+01:00,74.47651804419499
2037-03-19 02:00:00+01:00,73.94123022016562
2037-03-19 03:00:00+01:00,72.98473230509674
2037-03-19 04:00:00+01:00,73.90612937924567
2037-03-19 05:00:00+01:00,76.8546000165222
2037-03-19 06:00:00+01:00,88.47297836102854
2037-03-19 07:00:00+01:00,98.7750751710364
2037-03-19 08:00:00+01:00,91.75490698704466
2037-03-19 09:00:00+01:00,79.6538920798889
2037-03-19 10:00:00+01:00,73.69552433372591
2037-03-19 11:00:00+01:00,72.66004952658713
2037-03-19 12:00:00+01:00,60.24312705115173
2037-03-19 13:00:00+01:00,62.673860284858876
2037-03-19 14:00:00+01:00,65.91191285972508
2037-03-19 15:00:00+01:00,73.39716718590627
2037-03-19 16:00:00+01:00,81.29485639289697
2037-03-19 17:00:00+01:00,104.96159838317914
2037-03-19 18:00:00+01:00,129.2250546691006
2037-03-19 19:00:00+01:00,121.59062176900957
2037-03-19 20:00:00+01:00,103.25043238833115
2037-03-19 21:00:00+01:00,84.14679971764363
2037-03-19 22:00:00+01:00,82.0495244726761
2037-03-19 23:00:00+01:00,79.22390677861942
2037-03-20 00:00:00+01:00,77.81987314182106
2037-03-20 01:00:00+01:00,77.11785632342189
2037-03-20 02:00:00+01:00,76.91602648813212
2037-03-20 03:00:00+01:00,76.88092564721217
2037-03-20 04:00:00+01:00,76.9335769085921
2037-03-20 05:00:00+01:00,79.89959796632861
2037-03-20 06:00:00+01:00,98.73997433011645
2037-03-20 07:00:00+01:00,114.57922879524781
2037-03-20 08:00:00+01:00,102.68881893361181
2037-03-20 09:00:00+01:00,77.04765464158197
2037-03-20 10:00:00+01:00,74.3799907316651
2037-03-20 11:00:00+01:00,71.77375329335817
2037-03-20 12:00:00+01:00,63.34077626233809
2037-03-20 13:00:00+01:00,65.67498218351534
2037-03-20 14:00:00+01:00,71.39641925346862
2037-03-20 15:00:00+01:00,76.91602648813212
2037-03-20 16:00:00+01:00,87.19179766745005
2037-03-20 17:00:00+01:00,108.08557322505546
2037-03-20 18:00:00+01:00,139.61490358140838
2037-03-20 19:00:00+01:00,138.28984683667994
2037-03-20 20:00:00+01:00,118.37889482483335
2037-03-20 21:00:00+01:00,94.25584190259173
2037-03-20 22:00:00+01:00,84.0853732460337
2037-03-20 23:00:00+01:00,78.86412315918983
2037-03-21 00:00:00+01:00,77.81987314182106
2037-03-21 01:00:00+01:00,76.55624286870255
2037-03-21 02:00:00+01:00,76.11748235720306
2037-03-21 03:00:00+01:00,73.14268608923656
2037-03-21 04:00:00+01:00,73.44104323705622
2037-03-21 05:00:00+01:00,76.54746765847256
2037-03-21 06:00:00+01:00,84.11169887672366
2037-03-21 07:00:00+01:00,96.19516336341945
2037-03-21 08:00:00+01:00,89.91211283874684
2037-03-21 09:00:00+01:00,77.97782692596088
2037-03-21 10:00:00+01:00,76.52114202778259
2037-03-21 11:00:00+01:00,75.52076806156376
2037-03-21 12:00:00+01:00,71.37009362277865
2037-03-21 13:00:00+01:00,70.63297596345951
2037-03-21 14:00:00+01:00,70.6505263839195
2037-03-21 15:00:00+01:00,75.21363570351413
2037-03-21 16:00:00+01:00,77.67946977814123
2037-03-21 17:00:00+01:00,93.98381038546205
2037-03-21 18:00:00+01:00,120.74820158693058
2037-03-21 19:00:00+01:00,120.87105453015042
2037-03-21 20:00:00+01:00,94.64195115271127
2037-03-21 21:00:00+01:00,79.53981434689905
2037-03-21 22:00:00+01:00,77.94272608504092
2037-03-21 23:00:00+01:00,76.64399497100244
2037-03-22 00:00:00+01:00,71.2296902590988
2037-03-22 01:00:00+01:00,71.37886883300864
2037-03-22 02:00:00+01:00,71.52804740691846
2037-03-22 03:00:00+01:00,71.10683731587896
2037-03-22 04:00:00+01:00,71.44907051484854
2037-03-22 05:00:00+01:00,73.16023650969655
2037-03-22 06:00:00+01:00,75.00303065799437
2037-03-22 07:00:00+01:00,75.52954327179376
2037-03-22 08:00:00+01:00,75.42424074903387
2037-03-22 09:00:00+01:00,75.21363570351413
2037-03-22 10:00:00+01:00,73.13391087900656
2037-03-22 11:00:00+01:00,69.07098854252135
2037-03-22 12:00:00+01:00,66.98248850778381
2037-03-22 13:00:00+01:00,66.6490305190442
2037-03-22 14:00:00+01:00,64.55175527407667
2037-03-22 15:00:00+01:00,68.66732887194183
2037-03-22 16:00:00+01:00,71.78252850358817
2037-03-22 17:00:00+01:00,84.54168417799315
2037-03-22 18:00:00+01:00,110.33202704393281
2037-03-22 19:00:00+01:00,108.5594345774749
2037-03-22 20:00:00+01:00,82.67256439900535
2037-03-22 21:00:00+01:00,76.73174707330234
2037-03-22 22:00:00+01:00,75.31893822627401
2037-03-22 23:00:00+01:00,73.80082685648578
2037-03-23 00:00:00+01:00,73.1075852483166
2037-03-23 01:00:00+01:00,72.92330583348682
2037-03-23 02:00:00+01:00,72.88820499256686
2037-03-23 03:00:00+01:00,70.45747175885973
2037-03-23 04:00:00+01:00,70.40482049747978
2037-03-23 05:00:00+01:00,71.56314824783843
2037-03-23 06:00:00+01:00,71.5894738785284
2037-03-23 07:00:00+01:00,72.89698020279685
2037-03-23 08:00:00+01:00,73.1163604585466
2037-03-23 09:00:00+01:00,70.91378269081918
2037-03-23 10:00:00+01:00,58.33890643124398
2037-03-23 11:00:00+01:00,42.57862885818251
2037-03-23 12:00:00+01:00,4.08178157921779
2037-03-23 13:00:00+01:00,-0.9288634621063068
2037-03-23 14:00:00+01:00,1.1157605214812918
2037-03-23 15:00:00+01:00,53.88987484463921
2037-03-23 16:00:00+01:00,66.92983724640388
2037-03-23 17:00:00+01:00,73.1251356687766
2037-03-23 18:00:00+01:00,74.37121552143512
2037-03-23 19:00:00+01:00,73.16023650969655
2037-03-23 20:00:00+01:00,72.96718188463677
2037-03-23 21:00:00+01:00,74.02898232246552
2037-03-23 22:00:00+01:00,72.90575541302684
2037-03-23 23:00:00+01:00,66.85963556456396
2037-03-24 00:00:00+01:00,27.546693734210194
2037-03-24 01:00:00+01:00,17.025216668452565
2037-03-24 02:00:00+01:00,21.088139004937794
2037-03-24 03:00:00+01:00,19.534926794229612
2037-03-24 04:00:00+01:00,19.271670487329928
2037-03-24 05:00:00+01:00,19.657779737449474
2037-03-24 06:00:00+01:00,19.289220907789904
2037-03-24 07:00:00+01:00,18.06946668582134
2037-03-24 08:00:00+01:00,9.232829984221738
2037-03-24 09:00:00+01:00,7.275958102934041
2037-03-24 10:00:00+01:00,7.600640881443653
2037-03-24 11:00:00+01:00,8.53958837605255
2037-03-24 12:00:00+01:00,6.591491704994837
2037-03-24 13:00:00+01:00,3.3797647608186168
2037-03-24 14:00:00+01:00,3.84485090300808
2037-03-24 15:00:00+01:00,8.311432910072824
2037-03-24 16:00:00+01:00,19.25412006686995
2037-03-24 17:00:00+01:00,55.87307235661687
2037-03-24 18:00:00+01:00,73.00228272555673
2037-03-24 19:00:00+01:00,75.79279957869345
2037-03-24 20:00:00+01:00,75.08200755006428
2037-03-24 21:00:00+01:00,73.82715248717577
2037-03-24 22:00:00+01:00,74.23958736798528
2037-03-24 23:00:00+01:00,73.1163604585466
2037-03-25 00:00:00+01:00,63.52505567716788
2037-03-25 01:00:00+01:00,62.94589180198856
2037-03-25 02:00:00+01:00,62.9897678531385
2037-03-25 03:00:00+01:00,63.516280466937886
2037-03-25 04:00:00+01:00,68.18469230929239
2037-03-25 05:00:00+01:00,74.25713778844525
2037-03-25 06:00:00+01:00,80.87364630185748
2037-03-25 07:00:00+01:00,91.64082925405481
2037-03-25 08:00:00+01:00,87.74463591193938
2037-03-25 09:00:00+01:00,76.90725127790213
2037-03-25 10:00:00+01:00,67.85123432055279
2037-03-25 11:00:00+01:00,63.72688551245764
2037-03-25 12:00:00+01:00,61.85776573346984
2037-03-25 13:00:00+01:00,62.3140766654293
2037-03-25 14:00:00+01:00,62.9897678531385
2037-03-25 15:00:00+01:00,70.19421545196003
2037-03-25 16:00:00+01:00,76.82827438583223
2037-03-25 17:00:00+01:00,99.6438209838054
2037-03-25 18:00:00+01:00,133.55123331248552
2037-03-25 19:00:00+01:00,134.19182365927475
2037-03-25 20:00:00+01:00,100.97765293876382
2037-03-25 21:00:00+01:00,81.43525975657681
2037-03-25 22:00:00+01:00,79.1361546763195
2037-03-25 23:00:00+01:00,75.80157478892343
2037-03-26 00:00:00+01:00,79.47838787528912
2037-03-26 01:00:00+01:00,77.30213573825166
2037-03-26 02:00:00+01:00,75.81912520938342
2037-03-26 03:00:00+01:00,74.19571131683533
2037-03-26 04:00:00+01:00,74.20448652706531
2037-03-26 05:00:00+01:00,75.80157478892343
2037-03-26 06:00:00+01:00,80.25938158575819
2037-03-26 07:00:00+01:00,81.27730597243699
2037-03-26 08:00:00+01:00,78.16210634079066
2037-03-26 09:00:00+01:00,74.99425544776439
2037-03-26 10:00:00+01:00,72.50209574244731
2037-03-26 11:00:00+01:00,69.02711249137141
2037-03-26 12:00:00+01:00,63.48117962601793
2037-03-26 13:00:00+01:00,63.78831198406757
2037-03-26 14:00:00+01:00,63.9287153477474
2037-03-26 15:00:00+01:00,74.2220369475253
2037-03-26 16:00:00+01:00,75.59096974340369
2037-03-26 17:00:00+01:00,80.72446772794764
2037-03-26 18:00:00+01:00,94.92275788007095
2037-03-26 19:00:00+01:00,95.37906881203041
2037-03-26 20:00:00+01:00,80.65426604610774
2037-03-26 21:00:00+01:00,76.47726597663264
2037-03-26 22:00:00+01:00,76.69664623238238
2037-03-26 23:00:00+01:00,75.81034999915343
2037-03-27 00:00:00+01:00,80.32080805736813
2037-03-27 01:00:00+01:00,79.39063577298921
2037-03-27 02:00:00+01:00,79.46083745482913
2037-03-27 03:00:00+01:00,76.94235211882209
2037-03-27 04:00:00+01:00,76.82827438583223
2037-03-27 05:00:00+01:00,80.48753705173793
2037-03-27 06:00:00+01:00,84.1555749278736
2037-03-27 07:00:00+01:00,89.43825148632739
2037-03-27 08:00:00+01:00,83.55008542200432
2037-03-27 09:00:00+01:00,80.62794041541775
2037-03-27 10:00:00+01:00,80.61916520518777
2037-03-27 11:00:00+01:00,80.58406436426782
2037-03-27 12:00:00+01:00,80.32080805736813
2037-03-27 13:00:00+01:00,80.30325763690814
2037-03-27 14:00:00+01:00,80.04877654023845
2037-03-27 15:00:00+01:00,80.52263789265788
2037-03-27 16:00:00+01:00,84.88391737696276
2037-03-27 17:00:00+01:00,97.04635875572845
2037-03-27 18:00:00+01:00,117.92258389287389
2037-03-27 19:00:00+01:00,114.65820568731773
2037-03-27 20:00:00+01:00,90.98268848680559
2037-03-27 21:00:00+01:00,82.16360220566595
2037-03-27 22:00:00+01:00,80.61038999495779
2037-03-27 23:00:00+01:00,76.88970085744215
2037-03-28 00:00:00+01:00,74.44141720327504
2037-03-28 01:00:00+01:00,74.24836257821526
2037-03-28 02:00:00+01:00,71.72110203197823
2037-03-28 03:00:00+01:00,66.7280074111141
2037-03-28 04:00:00+01:00,70.83480579874929
2037-03-28 05:00:00+01:00,76.20523445950296
2037-03-28 06:00:00+01:00,83.25172827418467
2037-03-28 07:00:00+01:00,82.99724717751498
2037-03-28 08:00:00+01:00,80.46121142104796
2037-03-28 09:00:00+01:00,79.61879123896894
2037-03-28 10:00:00+01:00,78.61841727275012
2037-03-28 11:00:00+01:00,79.45206224459913
2037-03-28 12:00:00+01:00,74.39754115212509
2037-03-28 13:00:00+01:00,73.15146129946656
2037-03-28 14:00:00+01:00,73.1163604585466
2037-03-28 15:00:00+01:00,74.20448652706531
2037-03-28 16:00:00+01:00,75.22241091374413
2037-03-28 17:00:00+01:00,74.7309991408647
2037-03-28 18:00:00+01:00,80.04000133000845
2037-03-28 19:00:00+01:00,79.20635635815943
2037-03-28 20:00:00+01:00,76.19645924927298
2037-03-28 21:00:00+01:00,76.88970085744215
2037-03-28 22:00:00+01:00,76.72297186307235
2037-03-28 23:00:00+01:00,73.16901171992653
2037-03-29 00:00:00+01:00,72.5196461629073
2037-03-29 01:00:00+01:00,68.14081625814245
2037-03-29 02:00:00+01:00,64.7799107400564
2037-03-29 03:00:00+01:00,64.88521326281628
2037-03-29 04:00:00+01:00,64.4376775410868
2037-03-29 05:00:00+01:00,70.43114612816974
2037-03-29 06:00:00+01:00,63.332001052108104
2037-03-29 07:00:00+01:00,63.884839296597455
2037-03-29 08:00:00+01:00,63.551381307857845
2037-03-29 09:00:00+01:00,63.42852836463799
2037-03-29 10:00:00+01:00,63.182822478198275
2037-03-29 11:00:00+01:00,62.17367330174947
2037-03-29 12:00:00+01:00,62.419379188189176
2037-03-29 13:00:00+01:00,56.934872794445624
2037-03-29 14:00:00+01:00,58.040549283424326
2037-03-29 15:00:00+01:00,63.13017121681834
2037-03-29 16:00:00+01:00,63.6742342510777
2037-03-29 17:00:00+01:00,72.31781632761754
2037-03-29 18:00:00+01:00,83.04112322866492
2037-03-29 19:00:00+01:00,90.13149309449658
2037-03-29 20:00:00+01:00,82.65501397854538
2037-03-29 21:00:00+01:00,75.22241091374413
2037-03-29 22:00:00+01:00,72.96718188463677
2037-03-29 23:00:00+01:00,67.72838137733294
2037-03-30 00:00:00+01:00,63.5075052567079
2037-03-30 01:00:00+01:00,59.65518796574243
2037-03-30 02:00:00+01:00,56.82079506145576
2037-03-30 03:00:00+01:00,56.145103873746564
2037-03-30 04:00:00+01:00,57.49648624916497
2037-03-30 05:00:00+01:00,58.16340222664418
2037-03-30 06:00:00+01:00,55.28513327120757
2037-03-30 07:00:00+01:00,45.32526966016928
2037-03-30 08:00:00+01:00,41.85906161932336
2037-03-30 09:00:00+01:00,35.30397957752107
2037-03-30 10:00:00+01:00,26.467342875921467
2037-03-30 11:00:00+01:00,22.228916334836455
2037-03-30 12:00:00+01:00,16.884813304772734
2037-03-30 13:00:00+01:00,10.829918246079856
2037-03-30 14:00:00+01:00,19.20146880549001
2037-03-30 15:00:00+01:00,31.469212707015586
2037-03-30 16:00:00+01:00,45.82545664327869
2037-03-30 17:00:00+01:00,71.55437303760843
2037-03-30 18:00:00+01:00,80.89997193254744
2037-03-30 19:00:00+01:00,82.26012951819584
2037-03-30 20:00:00+01:00,72.80922810049697
2037-03-30 21:00:00+01:00,66.96493808732383
2037-03-30 22:00:00+01:00,63.93749055797739
2037-03-30 23:00:00+01:00,60.07639805678193
2037-03-31 00:00:00+01:00,68.05306415584255
2037-03-31 01:00:00+01:00,62.27897582450934
,58.89174467573332
,59.14622577240303
,59.05847367010313
,60.07639805678193
,60.014971585172006
,59.94476990333209
,56.136328663516565
,43.60532845509131
,26.634071870291265
,11.496834223559077
,9.188953933071787
,7.6269665121336345
,14.778762849575209
,44.851408307749836
,60.15537494885184
,73.3708415552163
,73.1163604585466
,74.80120082270462
,74.69589829994473
,68.36897172412218
,64.46400317177677
,48.115786513306
,44.412647796250354
,44.43019821671034
,44.10551543820071
,44.81630746682988
,47.194389439157085
,50.73957437207291
,50.89752815621273
,49.5636962012543
,46.6678768253577
,40.0425931017155
,33.32955727577339
,23.904981488764477
,16.068718753383692
,4.915426551066815
,5.126031596586557
,7.530439199603748
,15.849338497633951
,34.97929679901146
,50.660597480003005
,52.6174693612907
,47.55417305858666
,40.09524436309544
,32.61876524714423
,21.219767158387633
,18.973313339510277
,15.980966651083797
,13.62921030944657
,17.367449867422167
,29.994977388377315
,58.4880850051538
,71.922931867268
,73.55512097004608
,68.32509567297224
,66.14884353593479
,59.751715278272314
,55.89939798730685
,56.07490219190664
,55.522063947417294
,59.19887703378296
,65.15724477994596
,71.87028060588806
,67.37737296813336
,80.61916520518777
,81.00527445530732
,74.37121552143512
,73.1251356687766
,68.62345282079187
,72.64249910612716
,72.62494868566716
,72.52842137313728
,72.87942978233687
,72.8443289414169
,74.48529325442499
,87.09527035492016
,112.59603128327015
,111.86768883418101
,88.09564432113898
,76.95990253928207
,75.29261259558403
,74.45019241350502
,74.31856426005518
,74.59937098741484
,74.31856426005518
,75.14343402167421
,76.52114202778259
,93.01853726016319
,107.85741775907573
,99.7227978758753
,75.31893822627401
,74.35366510097514
,71.922931867268
,69.76423015069054
,68.96568601976148
,69.18506627551122
,69.00956207091143
,68.79018181516169
,70.28196755425992
,70.88745706012922
,75.65239621501361
,75.96830378329324
,70.87868184989922
,68.28121962182227
,66.7367826213441
,60.58536025012133
,59.172551403092996
,59.81314174988225
,58.45298416423384
,59.74294006804232
,65.3766250356957
,72.44944448106737
,83.6466127345342
,79.0571777842496
,70.82603058851929
,69.91340872460036
,68.5971271901019
,58.97072156780324
,58.56706189722371
,58.54073626653374
,58.25115432894408
,58.68991484044356
,64.99051578557615
,76.04728067536315
,83.08499927981487
,79.52226392643905
,68.92180996861153
,59.80436653965225
,58.35645685170395
,54.69719418579825
,48.80902812147519
,40.64808260758478
,54.065379049239
,56.364484129496304
,58.27747995963405
,67.82490868986281
,70.57154949184958
,69.00078686068143
,63.28812500095816
,61.647160687950084
,58.619713158603645
,54.55679082211843
,55.074528225687814
,54.85514796993807
,54.48658914027851
,54.46903871981853
,56.46101144202619
,58.33890643124398
,58.24237911871409
,56.37325933972629
,49.16003653067477
,16.121370014763627
,3.5552689654184206
,-6.711727003669509
,-37.53904054162325
,-34.555469063426756
,-8.83532787932701
,6.3721114492450965
,34.128101406702456
,60.699437983111196
,66.4910767349044
,61.60328463680014
,57.11915220927541
,56.715492538695884
,54.26720888452877
,53.27561012853993
,26.809576074891062
,20.29837008423872
,19.649004527219475
,19.24534485663996
,22.386870118976262
,35.56723588442076
,19.903485623889182
,10.180552689060619
,7.881447608803327
,4.897876130606832
,-3.8246828380029143
,-20.216775547623627
,-45.44550495884394
,-39.636315786590785
,-12.529691386152663
,6.591491704994837
,36.90984304960918
,72.87065457210689
,74.93282897615447
,77.54784162469137
,75.16975965236418
,73.00228272555673
,70.03626166782021
,67.5879780136531
,65.30642335385578
,64.19197165464709
,66.19271958708474
,68.67610408217182
,73.9587806406256
,84.5943354393731
,104.3912097182298
,102.50453951878202
,83.72558962660412
,72.92330583348682
,65.67498218351534
,55.697568152017084
,54.83759754947809
,55.44308705534738
,62.66508507462889
,71.5894738785284
,78.94310005125973
,87.76218633239937
,94.12421374914189
,89.06091744643784
,80.54018831311787
,75.20486049328413
,69.85198225299044
,70.87868184989922
,67.54410196250315
,64.85888763212631
,63.44607878509797
,62.90201575083861
,72.57229742428723
,77.73212103952118
,82.30400556934579
,78.07435423849077
,69.9660599859803
,70.20299066219003
,71.10683731587896
,67.69328053641298
,67.14044229192362
,66.79820909295402
,68.13204104791247
,67.65817969549302
,62.823038858768705
,68.6936545026318
,72.04578481048786
,70.86990663966924
,66.17516916662476
,65.5433540300655
,57.88259549928451
,59.971095534022055
,60.550259409201374
,61.111872863920716
,60.16415015908183
,60.181700579541804
,62.19122372220944
,74.82752645339458
,86.21774933192118
,83.84844256982397
,73.81837727694577
,66.35067337122456
,61.541858165190206
,61.79633926185991
,60.778414875181106
,59.66396317597242
,59.16377619286301
,60.6116858808113
,74.52039409534494
,96.72167597721884
,114.430050221338
,115.64980444330656
,91.71980614612471
,83.89231862097392
,72.40556842991742
,66.69290657019415
,61.19084975599063
,61.497982114040255
,61.366353960590416
,60.76086445472113
,65.61355571190542
,75.55586890248372
,80.53141310288787
,78.70616937505002
,61.208400176450596
,59.40948207930272
,51.441591190472096
,19.219019225949985
,19.157592754340065
,18.15721878812124
,34.53176107728198
,57.96157239135442
,75.2311861239741
,87.93769053699916
,120.28311544474111
,121.58184655877959
,90.29822208886638
,80.1540790629983
,76.4246147152527
,72.28271548669757
,69.79933099161049
,68.39529735481216
,67.56165238296313
,67.4212490192833
,72.97595709486676
,84.5943354393731
,86.95486699124031
,80.45243621081796
,65.7100830244353
,43.570227614171344
,26.476118086151452
,12.795565337597552
,5.617443369465988
,6.714344648214691
,8.039401392943148
,26.713048762361176
,57.18057868088534
,78.6271924829801
,88.35890062803867
,89.20132081011766
,85.76143839996172
,74.50284367488496
,66.7367826213441
,66.43842547352445
,58.1458518061842
,53.22295886715999
,45.9044335353486
,44.35999653487042
,47.14173817777714
,58.69869005067355
,57.61933919238483
,42.771683483242285
,17.279697765122272
,7.591865671213668
,1.3351407772310324
,-12.933351056732192
,-36.10868127413494
,-36.26663505827476
,-19.637611672444294
,-2.446974831894522
,17.893962481221543
,64.6044065354566
,78.14455592033069
,79.85572191517868
,60.94514386955091
,60.19925100000179
,58.49686021538379
,30.986576144366147
,19.262895277099936
,19.262895277099936
,15.498330088434365
,12.505983400007892
,15.682609503264146
,19.271670487329928
,14.006544349336117
,7.372485415463927
,-2.0345399510850086
,-14.161880488930748
,-32.466969028689206
,-48.42030122681045
,-70.98136672811393
,-70.9989171485739
,-45.1383726007943
,-18.52315997323562
,4.090556789447788
,49.16881174090476
,78.82024710803988
,82.81296776268519
,83.0674488593549
,83.9098690414339
,80.86487109162748
,76.8546000165222
,73.47614407797617
,68.86915870723159
,67.81613347963284
,68.27244441159229
,77.872524403201
,90.11394267403661
,103.76816979190055
,99.74912350656527
,83.02357280820495
,77.67946977814123
,66.57882883720428
,43.60532845509131
,30.144155962287137
,25.835527739362213
,53.22295886715999
,63.805862404527545
,68.54447592872198
,67.94776163308268
,73.40594239613625
,71.8264045547381
,67.57042759319313
,68.1057154172225
,67.19309355330356
,23.764578125084647
,19.271670487329928
,19.297996118019896
,19.25412006686995
,32.11857826403482
,59.10234972125308
,71.57192345806841
,80.11020301184837
,77.84619877251103
,70.4837973895497
,69.25526795735112
,65.4731523482256
,53.24050928761997
,53.45111433313973
,59.69028880666239
,63.46362920555795
,66.45597589398443
,79.62756644919894
,99.87197644978512
,129.6462647601401
,132.6210610281066
,107.91884423068565
,96.12496168157952
,85.15594889409243
,82.49706019440556
,78.68861895459004
,77.881299613431
,77.46008952239148
,77.89885003389097
,81.76871774531642
,88.27992373596877
,99.60872014288543
,98.0291823014873
,88.4905287814885
,89.87701199782687
,85.67368629766183
,77.84619877251103
,75.01180586822436
,74.09918400430544
,77.51274078377142
,82.01442363175613
,87.38485229250982
,91.35124731646515
,98.17836087539712
,98.09060877309723
,91.75490698704466
,91.64082925405481
,87.9903417983791
,89.11356870781778
,87.3146506106699
,86.5512073206608
,86.05979554778136
,86.43712958767094
,90.50882713438614
,96.36189235778924
,122.02938228050907
,111.40260269199155
,92.13224102693422
,85.30512746800225
,81.56688791002665
,75.73137310708353
,72.3441419583075
,72.36169237876749
,67.37737296813336
,70.78215453736934
,84.03272198465375
,92.43059817475388
,119.88823098439158
,122.10835917257899
,92.69385448165357
,84.23455181994352
,75.80157478892343
,79.22390677861942
,75.6699466354736
,75.09078276029427
,74.3799907316651
,74.23958736798528
,75.51199285133377
,80.46121142104796
,83.55886063223431
,81.63708959186658
,74.58182056695487
,70.77337932713935
,49.4759440989544
,42.771683483242285
,30.100279911137193
,30.100279911137193
,56.759368589845835
,69.8783078836804
,74.41509157258507
,75.16975965236418
,80.54896352334785
,81.0228248757673
,76.81072396537226
,75.11710839098424
,70.7295032759894
,69.93095914506034
,64.49032880246673
,58.4880850051538
,54.03027820831905
,55.118404276837765
,58.2336039084841
,62.75283717692878
,64.5254296433867
,66.29802210984462
,58.909295096193304
,53.214183656930004
,47.65947558134654
,36.21660144144
,28.275036183299342
,25.756550847292303
,32.05715179242489
,46.19401547293826
,61.067996812770765
,80.426110580128
,83.1464257514248
,86.2089741216912
,87.34975145158985
,84.55045938822315
,78.18843197148063
,78.08312944872075
,74.2220369475253
,71.29111673070874
,69.56240031540078
,68.7726313947017
,69.29036879827109
,68.54447592872198
,65.25377209247584
,63.98136660912734
,56.7067173284659
,39.68280948228592
,33.80341862819284
,18.80658434514047
,10.145451848140652
,8.048176603173118
,10.206878319750587
,21.755054982417008
,54.88147360062804
,72.58984784474721
,85.55960856467196
,88.31502457688872
,87.32342582089989
,84.73473880305292
,81.61953917140659
,74.9767050273044
,73.9587806406256
,73.69552433372591
,73.52879533935611
,75.4856672206438
,81.67219043278654
,95.37029360180041
,103.15390507580126
,100.86357520577396
,86.80568841733049
,81.5230118588767
,79.69776813103886
,75.69627226616356
,73.90612937924567
,73.16901171992653
,73.634097862116
,77.30213573825166
,81.6985160634765
,99.8017747679452
,99.62627056334541
,100.9952033592238
,99.70524745541532
,93.06241331131314
,84.5065833370732
,86.34937748537102
,84.82249090535282
,84.1555749278736
,84.3398543427034
,84.40128081431332
,88.2448228950488
,104.7334429171994
,139.85183425761812
,125.28498527583523
,97.11656043756835
,82.53216103532552
,79.51348871620907
,79.47838787528912
,79.45206224459913
,78.39903701700038
,79.4871630855191
,82.56726187624547
,89.31539854310755
,101.27601008658348
,103.18023070649124
,103.19778112695121
,102.47821388809206
,90.92126201519565
,84.60311064960308
,78.3902618067704
,75.80157478892343
,75.81034999915343
,75.95952857306324
,75.95075336283327
,79.59246560827897
,93.31689440798283
,109.56858375392372
,100.09135670553486
,89.23642165103763
,79.61879123896894
,77.51274078377142
,72.72147599819705
,72.52842137313728
,71.09806210564896
,74.17816089637535
,76.87215043698218
,83.84844256982397
,91.93918640187445
,94.47522215834147
,95.48437133479028
,100.9952033592238
,91.84265908934456
,84.04149719488375
,83.43600768901446
,82.74276608084527
,79.89959796632861
,76.94235211882209
,76.82827438583223
,83.97129551304383
,90.66678091852594
,108.48045768540499
,107.70823918516591
,91.7373565665847
,84.81371569512284
,81.34750765427691
,77.17050758480183
,73.47614407797617
,72.40556842991742
,73.7042995439559
,78.3902618067704
,83.94496988235386
,86.7091611048006
,87.01629346285024
,86.88466530940039
,87.91136490630919
,89.36804980448747
,81.62831438163659
,76.27543614134288
,75.13465881144421
,74.49406846465497
,73.30941508360637
,75.19608528305415
,80.13652864253834
,91.12309185048541
,96.92350581250858
,92.73773053280351
,80.426110580128
,73.09881003808661
,69.7115788893106
,67.4212490192833
,65.4556019277656
,65.62233092213542
,66.94738766686385
,70.79092974759932
,79.47838787528912
,88.46420315079854
,91.11431664025542
,91.93918640187445
,95.20356460743062
,87.18302245722005
,80.68936688702769
,84.31352871201342
,80.10142780161839
,79.79429544356874
,79.04840257401962
,79.08350341493957
,79.45206224459913
,78.41658743746036
,76.60889413008249
,67.93898642285268
,59.971095534022055
,39.73546074366586
,23.69437644324472
,12.699038025067665
,7.40758625638388
,7.003926585804351
,8.486937114672614
,24.212113846814113
,58.51441063584377
,76.88092564721217
,83.90109383120391
,86.31427664445107
,82.66378918877535
,75.71382268662354
,68.1057154172225
,57.14547783996538
,56.50488749317613
,55.407986214427424
,42.8418851650822
,37.45390608386854
,37.38370440202863
,29.784372342857566
,17.253372134432304
,7.091678688104253
,5.76662194337581
,4.1695336815176915
,-0.2092962232471649
,0.2031386575623486
,-28.412821902433976
,-36.32806152988468
,-19.865767138424047
,4.266060994047578
,10.759716564239937
,53.66171937865947
,73.15146129946656
,81.48791101795675
,79.07472820470959
,75.20486049328413
,72.49332053221733
,67.5879780136531
,65.44682671753561
,69.22894232666117
,69.23771753689115
,74.32733947028517
,81.37383328496688
,95.45804570410033
,111.56055647613138
,99.51219283035554
,81.21587950082707
,63.79708719429756
,57.14547783996538
,50.12530965597364
,47.887631047326266
,48.624748706645406
,58.47930979492381
,69.08853896298133
,79.51348871620907
,92.4920246463638
,124.34603778122633
,132.39290556212688
,99.39811509736569
,84.22577660971352
,77.76722188044113
,76.80194875514226
,72.55474700382726
,70.98398437265911
,71.96680791841794
,73.32696550406634
,77.67946977814123
,88.44665273033856
,95.3000919199605
,85.6912367181218
,73.61654744165601
,58.839093414353385
,50.5026436958632
,30.78474630907639
,21.640977249427145
,26.90610338742095
,35.251328316141134
,50.5026436958632
,73.40594239613625
,81.55811269979667
,100.7407222625541
,102.17108153004241
,87.23567371859998
,77.77599709067111
,71.6684507705983
,59.646412755512436
,55.846746725926906
,53.39846307175979
,50.60794621862307
,50.151635286663605
,49.85327813884396
,48.04558483146609
,41.50805321012378
,34.82134301487164
,27.441391211450323
,25.844302949592198
,14.146947713015955
,16.40217674212331
,17.5956053334019
,13.39227963323684
,13.734512832206441
,12.260277513568177
,11.005422450679646
,30.96025051367618
,53.249284497849956
,54.90779923131801
,55.34655974281749
,46.40462051845802
,35.61111193557071
,38.103271640887776
,23.62417476140481
,21.807706243796943
,20.868758749188046
,23.720702073934696
,39.92851536872563
,63.48117962601793
,72.95840667440679
,64.73603468890646
,56.978748845595575
,56.59263959547603
,59.47090855091265
,60.93636865932092
,57.268330783185235
,53.74069627072939
,61.2961522787505
,57.61056398215483
,60.74331403426115
,74.02020711223552
,83.98884593350381
,84.01517156419378
,75.20486049328413
,69.22016711643118
,62.80548843830872
,59.795591329422265
,57.6368896128448
,55.10085385637778
,55.03065217453786
,54.45148829935855
,61.576959006110165
,77.38988784055157
,83.52375979131435
,80.46121142104796
,75.15220923190421
,70.45747175885973
,62.28775103473933
,60.594135460351325
,58.76889173251347
,54.09170467992897
,57.9791228118144
,61.28737706852051
,72.37046758899747
,79.38186056275923
,89.13111912827776
,92.74650574303351
,84.56800980868312
,78.86412315918983
,76.0823815162831
,81.81259379646636
,79.37308535252923
,79.10105383539955
,78.99575131263968
,79.33798451160928
,79.42573661390917
,80.39100973920804
,80.60161478472779
,77.48641515308145
,63.95504097843737
,57.65444003330478
,41.174595221384166
,33.619139213363056
,25.282689494872855
,26.160210517871825
,41.13071917023422
,61.74368800047997
,76.8546000165222
,87.54280607664963
,102.15353110958245
,106.90091984400685
,90.84228512312575
,84.51535854730318
,78.69739416482003
,79.53981434689905
,72.96718188463677
,69.9748351962103
,64.88521326281628
,64.14809560349714
,63.44607878509797
,62.87569012014863
,55.34655974281749
,41.85906161932336
,33.33833248600338
,21.518124306207284
,13.69063678105649
,9.697916126411187
,4.2572857838175935
,-1.1745693485460151
,3.7483235904781935
,8.87304636479216
,32.10102784357484
,74.43264199304504
,89.48212753747735
,95.9845583178997
,94.77357930616112
,89.67518216253713
,85.32267788846224
,80.31203284713813
,79.09227862516957
,78.75882063642996
,78.35516096585043
,80.34713368805808
,85.51573251352201
,96.05475999973962
,111.30607537946167
,97.432468005848
,90.94758764588562
,83.03234801843493
,83.03234801843493
,79.58369039804899
,80.39100973920804
,79.83817149471868
,83.33070516625457
,86.72671152526058
,90.49127671392615
,98.22223692654705
,119.15111332507246
,123.62647054236719
,100.44236511473446
,94.4488965276515
,84.62066107006306
,81.12812739852717
,78.17088155102066
,78.6271924829801
,79.80307065379873
,80.20673032437826
,84.21700139948354
,99.59116972242546
,120.23046418336116
,107.96272028183562
,89.4294762760974
,81.80381858623637
,79.51348871620907
,76.86337522675218
,78.74127021596998
,74.71344872040473
,77.2845853177917
,80.54896352334785
,86.68283547411065
,103.16268028603125
,126.31168487274402
,130.2517542660094
,103.47858785431087
,91.96551203256442
,84.18190055856357
,82.61991313762542
,80.39978494943803
,81.45281017703678
,82.39175767164569
,80.83854546093751
,84.26965266086349
,95.74762764168997
,106.769291690557
,104.76854375811936
,88.1570707927489
,83.62028710384423
,80.47876184150793
,73.30063987337638
,69.24649274712115
,67.53532675227316
,70.06258729851018
,75.30138780581402
,84.74351401328292
,95.44927049387033
,97.08145959664841
,99.69647224518533
,96.09863605088955
,92.37794691337393
,84.22577660971352
,83.84844256982397
,81.84769463738633
,80.9350727734674
,81.17200344967712
,81.97054758060618
,82.85684381383513
,80.34713368805808
,77.68824498837122
,68.15836667860242
,41.87661203978334
,17.507853231101997
,9.627714444571282
,7.767369875813458
,6.451088341315014
,6.635367756144788
,8.513262745362582
,24.72107604015352
,61.96306825622971
,84.23455181994352
,86.52488168997083
,86.19142370123122
,86.23529975238117
,90.58780402645604
,85.25247620662232
,81.50546143841673
,81.4440349668068
,76.60889413008249
,76.74052228353233
,77.30213573825166
,83.85721778005396
,86.22652454215117
,86.64773463319068
,83.6553879447642
,69.16751585505124
,48.74760164986526
,28.547067700429018
,21.447922624367372
,17.990489793751443
,17.227046503742336
,34.198303088542374
,57.52281187985494
,75.95952857306324
,85.95449302502149
,85.1734993145524
,84.98044468949263
,86.2879510137611
,90.91248680496567
,84.23455181994352
,87.40240271296979
,85.16472410432243
,84.17312534833358
,82.48828498417558
,82.17237741589595
,83.71681441637412
,80.07510217092842
,77.67069456791124
,63.402202733948016
,37.006370362139066
,10.1103510072207
,5.5472416876260695
,1.2912647260810814
,-1.6133298600455106
,-1.3325231326858358
,4.388913937267432
,11.41785733148916
,50.397341173103314
,77.73212103952118
,84.57678501891311
,86.18264849100123
,88.70990903723825
,85.45430604191208
,75.98585420375322
,60.13782452839186
,54.52168998119846
,52.38931389531098
,50.82732647437281
,53.92497568555917
,53.71437064003942
,48.78270249078522
,30.363536218036884
,7.302283733624009
,-2.92083618431397
,-21.80508859925176
,-50.14024243188844
,-80.5200202481127
,-118.04281919154857
,-111.17182958146662
,-55.25618999597239
,-26.780632799655905
,-2.5259517239644396
,48.28251550767581
,73.58144660073604
,74.8889529250045
,64.31482459786695
,58.330131221013986
,54.91657444154799
,35.400506890050956
,31.056777826206066
,28.643595012958905
,31.39901102517566
,34.891544696711556
,51.36261429840218
,76.56501807893254
,80.68936688702769
,75.13465881144421
,49.65144830355419
,30.40741226918683
,25.78287647798227
,21.676078090347104
,18.990863759970253
,19.104941492960123
,21.667302880117113
,28.538292490199026
,51.467916821162056
,78.32883533516046
,103.03982734281139
,105.19852905938886
,91.70225572566474
,79.46083745482913
,61.70858715956001
,43.04371500037197
,40.0425931017155
,37.05024641328902
,35.42683252074092
,37.37492919179863
,46.413395728688
,66.76310825203407
,74.1342848452254
,47.00133481409731
,21.73750456195703
,9.373233347901575
,8.206130387312939
,-1.0868172462461274
,-3.8159076277729156
,-4.21079208812246
,6.591491704994837
,7.547989620063717
,12.242727093108194
,51.87157649174158
,82.86561902406513
,83.37458121740453
,74.57304535672488
,60.25190226138173
,49.73920040585409
,34.02279888394258
,30.267008905506998
,27.695872308120023
,28.336462654909262
,29.047254683538426
,42.49087675588262
,62.164898091519476
,74.74854956132468
,60.2782278920717
,33.21547954278353
,29.95110133722737
,46.98378439363733
,9.750567387791136
,13.251876269557009
,14.217149394855866
,29.933550916767395
,19.157592754340065
,31.95184926966502
,63.13894642704833
,80.19795511414827
,77.95150129527092
,75.79279957869345
,57.8123938174446
,45.48322344430909
,51.467916821162056
,48.80902812147519
,47.83497978594633
,46.834605819727514
,49.41451762734447
,61.5506333754202
,74.30978904982518
,75.34526385696398
,74.25713778844525
,45.1409902453395
,26.37081556339158
,18.57842887916074
,13.401054843466838
,15.700159923724136
,18.52577761778081
,27.283437427310503
,25.81797731890223
,43.903685602910954
,75.3979151183439
,75.93320294237328
,74.50284367488496
,74.3010138395952
,77.32846136894163
,67.00003892824378
,65.56967966075547
,61.56818379588018
,59.16377619286301
,56.56631396478606
,58.30380559032402
,62.015719517609654
,69.5448498949408
,83.01479759797495
,83.92741946189389
,78.46923869884029
,59.65518796574243
,50.13408486620363
,36.242927072129966
,27.30976305800047
,29.09990594491837
,38.9369166127368
,48.642299127105375
,69.00956207091143
,72.94085625394679
,75.87177647076335
,75.7401483173135
,76.69664623238238
,75.35403906719395
,71.5894738785284
,72.10721128209778
,69.369345690341
,67.52655154204317
,69.6326019972407
,70.02748645759023
,70.51012302023966
,69.31669442896106
,70.12401377012011
,59.795591329422265
,41.75375909656348
,14.269800656235809
,11.619687166778931
,7.6269665121336345
,7.2847333131640255
,5.608668159236004
,8.679991739732387
,11.85661784298864
,45.57097554660899
,69.91340872460036
,75.1609844421342
,76.58256849939252
,76.60011891985249
,81.28608118266699
,76.99500338020204
,75.52954327179376
,75.33648864673398
,73.93245500993564
,72.8443289414169
,72.78290246980698
,74.33611468051515
,67.7547070080229
,60.295778312531674
,39.92851536872563
,17.683357435701794
,8.311432910072824
,-0.19174580278716746
,-4.605676548471976
,-7.9490316460980495
,-11.397689266484008
,-8.519420311047384
,2.6865231526494284
,26.827126495351038
,66.35944858145454
,75.03813149891432
,76.5913437096225
,75.52954327179376
,81.30363160312696
,78.67106853413006
,79.67144250034889
,79.4081861934492
,78.5569908011402
,77.65314414745126
,77.62681851676129
,78.66229332390007
,76.54746765847256
,75.44179116949387
,61.138198494610684
,33.0663009688737
,22.544823903116082
,16.261773378443472
,11.189701865509434
,8.899371995482127
,11.698664058848834
,24.46659494348382
,30.135380752057145
,56.654066067085964
,76.88970085744215
,79.75041939241879
,79.68021771057887
,79.68021771057887
,83.93619467212386
,78.96942568194972
,76.80194875514226
,74.26591299867525
,74.36244031120513
,73.57267139050606
,75.92442773214329
,79.03962736378962
,82.36543204095572
,84.06782282557371
,90.46495108323619
,87.68320944032945
,75.38036469788393
,70.79092974759932
,66.40332463260448
,66.28047168938464
,66.34189816099456
,66.84208514410398
,76.24911051065291
,83.95374509258384
,86.366927905831
,85.32267788846224
,84.05027240511374
,83.91864425166389
,76.38073866410275
,70.7295032759894
,73.08125961762664
,70.03626166782021
,65.51702839937553
,64.20952207510707
,65.35029940500573
,71.7562028728982
,89.13989433850774
,87.43750355388975
,87.27954976974993
,83.9098690414339
,75.95952857306324
,68.87793391746158
,56.86467111260571
,51.459141610932065
,52.231360111171156
,60.594135460351325
,73.634097862116
,83.98007072327381
,92.22876833946411
,89.30662333287755
,89.3417241737975
,90.57902881622606
,92.14979144739421
,89.31539854310755
,85.57715898513194
,84.18190055856357
,78.68861895459004
,77.67946977814123
,80.52263789265788
,85.67368629766183
,97.10778522733838
,87.7358607017094
,89.1837703896577
,81.29485639289697
,70.82603058851929
,71.18581420794887
,68.51815029803201
,68.51815029803201
,67.56165238296313
,70.86990663966924
,85.14717368386245
,87.7358607017094
,90.9563628561156
,87.75341112216938
,87.07771993446016
,87.00751825262026
,87.63933338917951
,86.94609178101032
,87.93769053699916
,86.08612117847134
,86.2791758035311
,86.07734596824135
,85.68246150789182
,87.02506867308023
,86.4634552183609
,87.6481085994095
,87.3146506106699
,85.97204344548148
,86.96364220147031
,85.70878713858178
,83.19907701280474
,81.33873244404693
,78.8904487898798
,82.92704549567506
,84.89269258719274
,86.01591949663143
,84.8400413258128
,84.84881653604279
,85.80531445111167
,89.02581660551787
,89.64885653184714
,86.51610647974083
,85.84919050226162
,85.40165478053214
,84.92779342811271
,85.14717368386245
,86.57753295135076
,86.39325353652097
,85.68246150789182
,86.69161068434062
,83.39213163786451
,70.78215453736934
,57.43505977755504
,37.006370362139066
,19.508601163539645
,16.24422295798349
,13.953893087956182
,25.405542438092716
,53.907425265099185
,77.5215159940014
,84.94534384857269
,86.57753295135076
,84.87514216673277
,84.87514216673277
,84.60311064960308
,84.41005602454331
,82.68133960923535
,83.08499927981487
,83.51498458108436
,82.34788162049573
,82.33033120003576
,81.17200344967712
,74.8977281352345
,66.77188346226406
,32.82937029266398
,14.146947713015955
,8.460611483982646
,7.556764830293716
,4.7399223464670115
,-0.43745168922689004
,-2.6137038262643273
,3.5552689654184206
,9.276706035371689
,54.609442083498365
,80.95262319392738
,83.08499927981487
,85.77021361019172
,84.47148249615324
,86.2791758035311
,84.87514216673277
,82.00564842152613
,81.71606648393647
,79.41696140367918
,79.43451182413916
,81.91789631922624
,84.96289426903266
,84.75228922351292
,82.63746355808539
,85.03309595087258
,84.12047408695365
,84.62943628029305
,83.0674488593549
,80.1540790629983
,80.88242151208746
,74.8977281352345
,80.00490048908848
,85.68246150789182
,85.65613587720185
,84.55045938822315
,82.31278077957577
,82.31278077957577
,82.21625346704589
,82.01442363175613
,81.54056227933668
,82.3829824614157
,82.3829824614157
,83.02357280820495
,82.96214633659501
,82.40053288187568
,82.36543204095572
,82.35665683072573
,82.37420725118571
,82.36543204095572
,83.0674488593549
,81.92667152945623
,80.25060637552819
,66.67535614973417
,65.42927629707563
,64.46400317177677
,67.20186876353355
,80.1540790629983
,82.34788162049573
,82.32155598980576
,81.28608118266699
,81.89157068853628
,82.32155598980576
,82.33033120003576
,82.33910641026574
,75.20486049328413
,67.55287717273313
,66.66658093950419
,65.50825318914553
,66.24537084846467
,69.82565662230047
,80.89119672231745
,82.5409362455555
,82.56726187624547
,75.13465881144421
,66.32434774053459
,66.34189816099456
,63.74443593291762
,64.67460821729652
,63.7532111431476
,66.41209984283448
,68.05306415584255
,82.5409362455555
,81.75116732485644
,81.67219043278654
,81.83014421692636
,81.39138370542686
,81.0228248757673
,79.50471350597908
,79.80307065379873
,79.6538920798889
,79.82939628448871
,79.44328703436916
,79.59246560827897
,79.10982904562954
,79.80307065379873
,79.83817149471868
,80.91752235300741
,79.77674502310876
,70.85235621920926
,66.41209984283448
,59.927219482872104
,56.29428244765638
,54.37251140728864
,63.45485399532796
,67.92143600239271
,81.40015891565685
,79.88204754586864
,80.18917990391827
,81.4440349668068
,81.5317870691067
,80.30325763690814
,79.53103913666905
,76.17013361858301
,78.52188996022024
,78.67984374436006
,78.67984374436006
,78.53066517045022
,76.71419665284236
,76.24911051065291
,78.75882063642996
,78.8904487898798
,80.95262319392738
,85.1032976327125
,85.6912367181218
,81.79504337600639
,78.83779752849986
,78.46923869884029
,78.85534794895985
,80.35590889828808
,78.71494458528001
,78.65351811367009
,76.91602648813212
,75.13465881144421
,72.36169237876749
,74.83630166362458
,77.47763994285147
,79.28533325022934
,76.5913437096225
,71.29111673070874
,69.38689611080098
,65.7188582346653
,60.45373209667149
,62.36672792680924
,63.05996953497842
,61.85776573346984
,58.86541904504335
,56.943648004675616
,36.10252370845013
,31.241057241035847
,16.059943543153707
,13.365954002546871
,11.874168263448638
,18.79780913491048
,46.98378439363733
,55.81164588500695
,62.41060397795919
,63.516280466937886
,64.3587006490169
,64.67460821729652
,63.516280466937886
,57.268330783185235
,55.741444203167035
,50.56407016747312
,46.650326404897726
,45.123439824879526
,32.66264129829418
,28.845424848248662
,24.299865949114015
,24.729851250383504
,22.623800795185986
,20.80733227757812
,14.164498133475938
,16.48115363419322
,4.871550499916864
,-4.544250076862056
,-8.203512742767757
,3.7219979597882116
,13.831040144736328
,28.968277791468516
,60.190475789771796
,61.5506333754202
,67.51777633181318
,64.6131817456866
,61.55940858565019
,74.27468820890523
,71.29111673070874
,71.6684507705983
,71.90538144680802
,72.19496338439768
,61.19962496622061
,62.03326993806964
,77.82864835205106
,79.47838787528912
,76.63521976077246
,81.89157068853628
,78.10945507941072
,76.46849076640265
,74.3010138395952
,66.15761874616479
,69.6238267870107
,76.5123668175526
,79.78552023333874
,75.52954327179376
,74.2132617372953
,74.30978904982518
,74.31856426005518
,72.38801800945745
,61.95429304599972
,84.42760644500329
,85.38410436007217
,85.63858545674186
,85.73511276927175
,84.62066107006306
,81.04915050645727
,81.60198875094662
,75.85422605030338
,75.95075336283327
,79.43451182413916
,86.58630816158075
,82.75154129107527
,69.06221333229136
,66.81575951341401
,62.62120902347894
,66.19271958708474
,68.97446122999146
,83.38335642763452
,75.62607058432364
,77.45131431216149
,79.4871630855191
,74.3010138395952
,79.44328703436916
,75.21363570351413
,66.71923220088412
,62.42815439841917
,60.515158568281414
,61.95429304599972
,60.12027410793188
,66.34189816099456
,78.94310005125973
,77.69702019860121
,76.95990253928207
,78.93432484102975
,69.00956207091143
,63.437303574867975
,50.836101684602795
,49.30043989435461
,46.47482220029793
,62.03326993806964
,64.27972375694699
,79.44328703436916
,76.52114202778259
,76.02095504467317
,76.83704959606222
,82.18115262612594
,81.31240681335696
,80.45243621081796
,76.02095504467317
,67.26329523514347
,67.2457448146835
,71.80885413427814
,69.02711249137141
,60.03252200563199
,61.17329933553064
,73.78327643602582
,73.72184996441588
,63.12139600658835
,60.16415015908183
,49.5636962012543
,36.1288493391401
,34.25095434992231
,32.346733730014556
,43.017389369682
,62.32285187565929
,79.9259235970186
,68.00918810469261
,78.1182302896407
,82.17237741589595
,82.17237741589595
,83.35703079694454
,81.47913580772676
,79.50471350597908
,77.71457061906118
,76.01217983444319
,76.01217983444319
,76.01217983444319
,66.36822379168453
,72.01068396956789
,78.34638575562045
,80.44366100058797
,76.31931219249283
,60.75208924449114
,49.5636962012543
,35.365406049131
,29.66151939963771
,28.906851319858596
,22.676452056565928
,59.7604904885023
,71.65967556036831
,64.96419015488618
,73.22166298130648
,79.00452652286967
,80.01367569931848
,81.15445302921714
,79.51348871620907
,72.94963146417679
,70.76460411690937
,71.80007892404814
,73.47614407797617
,73.47614407797617
,59.418257289532704
,60.43618167621151
,58.90051988596332
,51.950553383811496
,22.114838601846586
,5.9947774093555495
,0.747201691821715
,-6.115012708030207
,-14.60064100043023
,-28.395271481974007
,-17.803592734376466
,-2.92083618431397
,14.225924605085865
,55.85552193615689
,59.18132661332299
,59.02337282918317
,58.47930979492381
,57.75974255606465
,57.891370709514504
,57.022624896745526
,46.027286478568456
,30.67944378631651
,22.027086499546684
,16.54258010580314
,14.612033855205404
,18.710057032610585
,16.69175867971296
,11.251128337119354
,2.5022437378196543
,-9.028382504386784
,-14.100454017320814
,-21.015319678552686
,-29.053412249223243
,-29.78175469831237
,-16.855870029537584
,-1.4115000247557532
,8.609790057892468
,42.63128011956245
,57.645664823074796
,56.618965226166
,55.82042109523694
,56.92609758421564
,53.258059708079955
,67.65817969549302
,68.42162298550213
,65.24499688224586
,62.25265019381938
,60.22557663069176
,54.18823199245885
,69.50097384379085
,69.81688141207047
,70.07136250874018
,69.8870830939104
,69.72035409954059
,69.09731417321132
,56.583864385246045
,54.92534965177799
,56.583864385246045
,56.31183286811636
,56.30305765788637
,63.27057458049818
,66.85086035433396
,70.03626166782021
,69.55362510517078
,69.1236398039013
,69.00078686068143
,61.9718434664597
,61.989393886919686
,59.47968376114264
,59.506009391832606
,57.777292976524635
,58.549511476763726
,58.4880850051538
,61.9718434664597
,68.47427424688206
,68.00918810469261
,61.989393886919686
,56.84712069214573
,55.10962906660778
,50.5816205879331
,48.44046929181562
,47.782328524566395
,53.20540844670002
,55.86429714638689
,58.180952647104164
,63.919940137517415
,67.14044229192362
,62.02449472783964
,64.0954443421172
,70.58032470207958
,70.43992133839974
,70.40482049747978
,69.9748351962103
,69.89585830414038
,70.39604528724979
,69.8870830939104
,62.03326993806964
,69.8783078836804
,65.41172587661566
,64.29727417740696
,60.2782278920717
,61.19962496622061
,50.958954627822656
,41.81518556817341
,34.05789972486254
,32.33795851978456
,37.52410776570846
,58.54073626653374
,58.70746526090354
,58.75134131205349
,65.07826788787605
,72.52842137313728
,76.04728067536315
,74.51161888511496
,71.05418605449903
,64.64828258660656
,61.44533085266032
,65.05194225718608
,66.38577421214451
,66.42965026329446
,56.601414805706014
,60.269452681841706
,62.03326993806964
,62.90201575083861
,59.58498628390251
,68.1057154172225
,64.87643805258628
,56.610190015936006
,53.81967316279929
,52.98602819095027
,59.03214803941316
,62.65630986439889
,69.93095914506034
,60.23435184092175
,59.54988544298255
,63.437303574867975
,66.37699900191453
,67.21064397376354
,67.20186876353355
,63.78831198406757
,64.0954443421172
,63.876064086367464
,63.85851366590749
,63.840963245447504
,59.55866065321254
,62.164898091519476
,63.82341282498753
,63.82341282498753
,64.87643805258628
,71.18581420794887
,71.53682261714846
,67.53532675227316
,62.33162708588928
,58.25115432894408
,59.497234181602614
,63.876064086367464
,67.68450532618299
,61.77001363116994
,63.72688551245764
,61.99816909714967
,57.601788771924845
,63.19159768842827
,62.91956617129859
,55.32900932235752
,50.985280258512624
,45.26384318855935
,38.252450214797605
,34.56686191820194
,31.66226733207536
,39.1913977094065
,25.914504631432116
,22.114838601846586
,17.586830123171907
,5.231334119346442
,-10.599145135554949
,-26.824508850805856
,-41.566862037188514
,-45.6561100043637
,-35.757672864935344
,-12.301535920172938
,9.548737552501365
,20.77223143665816
,49.28288947389463
,48.86167938285512
,49.2214630022847
,48.81780333170518
,48.3790428202057
,42.22762044898293
,34.040349304402554
,25.37921680740274
,20.95651085148795
,22.518498272426108
,26.818351285121054
,26.274288250861694
,23.106437357835418
,16.577680946723092
,9.978722853770861
,0.36986765193215376
,-7.168037935628973
,-17.59298768885671
,-34.564244273656755
,-42.1723515430578
,-31.528021534080324
,-1.9292374283251377
,16.217897327293514
,27.704647518350008
,43.95633686429089
,49.68654914447416
,49.65144830355419
,56.68039169777593
,50.42366680379328
,50.441217224253265
,51.23098614495234
,53.74069627072939
,53.23173407738999
,51.19588530403238
,49.28288947389463
,50.599171008393085
,54.416387458438585
,53.42478870244976
,49.40574241711448
,53.214183656930004
,50.02878234344375
,43.11391668221189
,33.85606988957278
,38.436729629627386
,50.18673612758357
,56.66284127731595
,50.54651974701314
,49.747975616084084
,55.05697780522784
,61.15574891507067
,62.07714598921958
,61.51553253450024
,60.38353041483157
,54.609442083498365
,50.64304705954303
,49.31799031481459
,47.96660793939618
,43.56145240394136
,31.17963076942592
,48.94065627492503
,57.11915220927541
,57.62811440261481
,53.477439963829696
,49.16003653067477
,47.29091675168697
,43.614103665321295
,48.50189576342555
,48.81780333170518
,45.623626807988934
,26.941204228340908
,48.466794922505585
,44.77243141567993
,58.45298416423384
,61.23472580714057
,61.322477909440465
,61.56818379588018
,60.28700310230168
,47.28214154145698
,46.027286478568456
,47.229490280077044
,46.37829488776805
,47.273366331226995
,47.87885583709628
,47.99293357008615
,51.38016471886216
,51.397715139322145
,48.10701130307601
,49.00208274653496
,48.396593240665666
,47.68580121203651
,46.78195455834757
,39.11242081733659
,42.15741876714301
,46.9311331322574
,48.028034411006104
,47.96660793939618
,49.63389788309422
,48.08068567238604
,49.932255030913865
,50.40611638333331
,49.65144830355419
,58.49686021538379
,50.379790752643345
,49.49349451941438
,48.50189576342555
,49.089834848834855
,49.73920040585409
,54.99555133361791
,65.13969435948599
,66.62270488835422
,66.68413135996416
,60.56780982966136
,55.71511857247707
,51.99442943496143
,49.537370570564335
,50.0726583945937
,53.5564168558996
,56.68039169777593
,54.11803031061894
,57.51403666962494
,68.47427424688206
,73.34451592452633
,70.08013771897016
,68.15836667860242
,64.92031410373623
,90.25434603771643
,82.85684381383513
,70.79092974759932
,64.33237501832693
,63.65668383061772
,69.92218393483034
,93.40464651028273
,112.06951866947077
,112.2186972433806
,93.55382508419257
,82.26890472842584
,71.00153479311908
,66.44720068375445
,62.62120902347894
,61.41900522197035
,62.524681710949054
,63.72688551245764
,59.7604904885023
,61.92796741530975
,77.16173237457184
,94.39624526627156
,90.25434603771643
,87.20934808791002
,75.2399613342041
,63.12139600658835
,53.319486179689875
,44.10551543820071
,40.077693942635456
,37.989193907897906
,41.683557414723566
,35.31275478775106
,41.84151119886338
,37.17309935650888
,26.87977775673098
,13.988993928876141
,7.8551219781133454
,6.758220699364642
,4.108107209907757
,3.292012658518729
,2.633871891269507
,0.5453718565319576
,12.760464496677585
,44.491624688320265
,57.13670262973539
,66.60515446789425
,67.64062927503304
,72.07211044117783
,68.41284777527213
,66.14884353593479
,61.00657034116084
,56.26795681696642
,53.977626946939104
,55.013101754077894
,52.24891053163114
,51.16078446311242
,44.02653854613081
,30.41618747941682
,13.90124182657624
,15.191197730384722
,14.05919561071606
,12.865767019437463
,10.154227058370651
,8.679991739732387
,11.435407751949157
,14.603258644975426
,32.62754045737422
,51.1783348835724
,61.05044639231079
,68.4303981957321
,69.51852426425083
,68.89548433792156
,68.46549903665206
,56.51366270340612
,54.30230972544872
,53.758246691189356
,52.25768574186113
,53.70559542980943
,54.10925510038895
,52.29278658278109
,56.101227822596606
,56.7067173284659
,55.71511857247707
,55.34655974281749
,53.70559542980943
,45.24629276809938
,39.568731749296056
,40.52522966436493
,49.4759440989544
,54.820047129018114
,50.12530965597364
,55.846746725926906
,65.6311061323654
,79.0571777842496
,77.90762524412096
,77.863749192971
,68.5971271901019
,54.714744606258236
,51.950553383811496
,51.503017662082016
,41.85028640909337
,43.912460813140946
,50.01123192298377
,52.231360111171156
,59.38315644861275
,63.4987300464779
,53.67926979911945
,53.81967316279929
,42.65760575025242
,35.66376319695065
,34.69849007165178
,33.68056568497298
,41.57825489196369
,52.371763474850994
,50.72202395161294
,53.86354921394924
,63.472404415787935
,62.54223213140904
,67.5967532238831
,64.6921586377565
,64.68338342752651
,63.70933509199766
,60.848616557021025
,58.2336039084841
,51.520568082542
,51.6872970769118
,58.97949677803322
,61.243501017370555
,63.70933509199766
,65.85926159834513
,73.60777223142601
,59.497234181602614
,48.879229803315106
,44.36877174510041
,36.8922926291492
,45.2287423476394
,49.274114263664636
,52.24013532140115
,51.792599599671675
,62.3140766654293
,62.3140766654293
,62.17367330174947
,62.30530145519931
,63.042419114518445
,62.085921199449565
,64.11299476257719
,64.17442123418711
,62.86691490991865
,61.901641784619784
,61.79633926185991
,63.52505567716788
,67.01758934870377
,67.9302112126227
,67.9302112126227
,67.5879780136531
,63.63035819992775
,57.47893582870499
,51.950553383811496
,48.870454593085114
,48.08946088261604
,53.09133071371015
,53.100105923940134
,56.15387908397655
,63.876064086367464
,67.9302112126227
,67.9302112126227
,66.88596119525393
,67.92143600239271
,65.51702839937553
,60.989019920700855
,51.0905827812725
,50.38856596287333
,48.83535375216515
,48.81780333170518
,49.133710899984806
,51.05548194035254
,65.20989604132589
,65.38540024592568
,62.12979725059952
,47.46642095628677
,22.342994067826318
,11.1282753938995
,8.434285853292678
,8.434285853292678
,9.259155614911705
,26.87100254650099
,34.80379259441166
,57.68076566399475
,64.59563132522662
,64.50787922292672
,63.700559881767674
,63.63035819992775
,62.13857246082951
,65.17479520040594
,60.866166977481
,48.74760164986526
,44.447748637170314
,44.25469401211054
,44.36877174510041
,44.38632216556039
,44.667128892920054
,44.746105784989965
,44.02653854613081
,18.420475095020933
,13.55023341737666
,7.100453898334237
,5.775397153605809
,6.986376165344382
,13.778388883356385
,30.56536605332665
,48.256189876985836
,47.21193985961706
,55.89939798730685
,62.46325523933912
,63.60403256923779
,63.007318273598486
,61.8928665743898
,53.301935759229906
,46.95745876294736
,44.39509737579038
,44.32489569395045
,43.55267719371137
,44.42142300648035
,32.943448025653844
,17.85886164030159
,17.43765154926208
,17.5956053334019
,8.109603074783053
,6.21415766510529
,4.801348818076946
,3.3271134994386813
,3.4324160221985665
,5.178682857966507
,6.0386534605055004
,20.93018522079798
,25.651248324532418
,47.580498689276624
,56.803244640995786
,61.691036739100035
,61.146973704840676
,60.1027236874719
,62.73528675646881
,57.90892112997449
,47.448870535826785
,45.82545664327869
,45.77280538189876
,52.03830548611139
,59.73416485781233
,59.304179556542834
,61.111872863920716
,59.137450562173036
,55.89939798730685
,44.10551543820071
,44.052864176820776
,44.00021291544084
,43.96511207452088
,36.76943968592934
,31.65349212184536
,35.48825899235086
,46.860931450417475
,53.214183656930004
,55.557164788337246
,57.25078036272525
,57.163028260425364
,54.67086855510829
,52.65257020221066
,51.827700440591634
,51.47669203139205
,41.57825489196369
,40.27074856769523
,42.46455112519265
,53.79334753210932
,53.79334753210932
,53.802122742339314
,52.740322304510556
,44.47407426786028
,41.89416246024332
,35.31275478775106
,32.25020641748466
,25.370441597172757
,18.490676776860845
,26.80080086466107
,36.13762454937009
,48.77392728055523
,54.10925510038895
,53.27561012853993
,53.79334753210932
,53.45111433313973
,51.467916821162056
,60.12027410793188
,57.39118372640509
,51.441591190472096
,49.68654914447416
,47.1768390186971
,50.4148915935633
,54.89024881085804
,54.416387458438585
,54.59189166303838
,55.372885373507465
,53.1264315546301
,51.748723548521724
,50.78345042322287
,51.397715139322145
,51.77504917921169
,55.28513327120757
,52.0295302758814
,51.397715139322145
,41.200920852074134
,54.416387458438585
,54.416387458438585
,53.258059708079955
,53.249284497849956
,51.608320184841894
,42.692706591172374
,44.53550073947021
,44.35122132464043
,40.0425931017155
,38.85793972066689
,34.24217913969232
,36.392105646039795
,42.70148180140237
,44.69345452361003
,38.34897752732749
,21.807706243796943
,13.65553594013653
,9.855869910550993
,5.5296912671661005
,2.203886589999996
,7.469012727993814
,9.390783768361544
,13.65553594013653
,40.02504268125551
,41.086843119084264
,43.97388728475087
,45.43934739315915
,46.22034110362823
,46.23789152408821
,44.25469401211054
,37.778588862378164
,34.39135771360215
,30.363536218036884
,32.408160201624476
,36.15517496983007
,43.59655324486131
,47.72967726318645
,45.57975075683899
,33.978922832792634
,14.515506542675517
,9.276706035371689
,7.530439199603748
,5.266434960266409
,6.0123278298155185
,10.17177747883062
,13.716962411746465
,35.584786304880744
,39.07731997641663
,52.635019781750685
,51.25731177564231
,54.065379049239
,54.056603839009014
,51.45036640070208
,46.22911631385821
,45.23751755786939
,44.32489569395045
,43.55267719371137
,41.8239607784034
,34.601962759121896
,15.682609503264146
,10.628088410790099
,10.759716564239937
,9.373233347901575
,8.311432910072824
,-7.255790037928875
,-31.080485812350858
,-41.566862037188514
,-50.08759117050849
,-31.563122375000276
,-12.27521028948297
,4.731147136237041
,10.17177747883062
,19.736756629519384
,26.853452126041013
,26.87100254650099
,31.44288707632562
,27.458941631910292
,8.829170313642209
,8.530813165822565
,7.214531631324107
,5.573567318316037
,5.178682857966507
,5.784172363835793
,5.626218579695987
,3.713222749558227
,-1.7537332237253338
,0.28211554963226604
,-0.025016808417376524
,-1.920462218095139
,-4.983010588361537
,-6.509897168379737
,-9.230212339676555
,-7.299666089078826
,6.766995909594641
,14.533056963135493
,27.230786165930567
,38.53325694215727
,52.04708069634138
,54.12680552084893
,54.25843367429877
,52.44196515669091
,61.26105143783054
,59.22520266447293
,55.02187696430788
,52.345437844161026
,52.03830548611139
,56.768143800075826
,57.75096734583467
,59.857017801032185
,59.44458292022267
,57.645664823074796
,47.96660793939618
,40.42870235183504
,28.547067700429018
,26.90610338742095
,26.897328177190957
,36.48863295856968
,43.56145240394136
,44.39509737579038
,61.84021531300986
,70.26441713379995
,57.80361860721461
,57.68954087422474
,56.77691901030582
,55.250032430287604
,51.15200925288242
,50.80977605391283
,49.66899872401417
,47.0978621266272
,46.869706660647466
,49.51982015010435
,56.434685811336216
,57.83871944813457
,57.233229942265275
,52.845624827270434
,51.660971446221836
,40.411151931375066
,28.301361813989303
,20.719580175278224
,15.700159923724136
,23.553973079564884
,46.49237262075791
,51.108133201732485
,59.7604904885023
,60.99779513093085
,61.40145480151037
,61.366353960590416
,60.47128251713147
,58.09320054480426
,57.1279274195054
,54.653318134648316
,48.99330753630497
,47.65070037111655
,45.079563773729575
,48.70372559871531
,52.161158429331245
,58.70746526090354
,58.69869005067355
,63.02486869405846
,54.94290007223797
,52.459515577150896
,46.3344188366181
,43.84225913130103
,42.517202386572585
,44.31612048372047
,45.079563773729575
,48.71250080894529
,57.1279274195054
,57.224454732035284
,53.688045009349445
,53.652944168429485
,53.60906811727954
,52.48584120784086
,62.050820358529606
,59.62886233505246
,60.91881823886094
,56.52243791363611
,55.86429714638689
,55.02187696430788
,60.24312705115173
,66.64025530881422
,62.04204514829962
,63.61280777946777
,65.82416075742518
,62.65630986439889
,51.42404077001211
,47.89640625755625
,45.71137891028883
,47.39621927444684
,54.75862065740819
,62.121022040369525
,63.08629516566839
,64.270948546717
,63.217923319118235
,64.73603468890646
,64.29727417740696
,59.16377619286301
,62.62120902347894
,58.795217363203435
,53.09133071371015
,47.9490575189362
,45.298944029479316
,45.369145711319234
,51.51179287231201
,62.13857246082951
,74.23958736798528
,70.65930159414948
,62.06837077898959
,60.857391767251016
,56.066126981676646
,51.950553383811496
,46.3256436263881
,46.211565893398244
,45.60607638752895
,46.55379909236784
,56.73304295915587
,62.050820358529606
,60.46250730690147
,58.03177407319434
,62.085921199449565
,51.950553383811496
,55.38166058373746
,52.72277188405058
,51.69607228714179
,46.22034110362823
,42.780458693472276
,36.29557833350991
,43.56145240394136
,43.59655324486131
,36.14639975960008
,20.21939319216881
,11.303779598499304
,7.196981210864124
,5.845598835445728
,-3.2455189628235814
,-10.493842612795063
,-1.7010819623453983
,4.652170244167124
,14.024094769796093
,35.63743756626068
,53.96885173670911
,55.90817319753684
,57.382408516175104
,58.435433743773864
,56.82957027168575
,63.14772163727832
,57.24200515249527
,51.27486219610228
,47.71212684272648
,44.017763335900824
,37.585534237318384
,33.1540530711736
,21.877907925636862
,14.313676707385753
,3.967703846227934
,-17.891344836676353
,-32.42309297753927
,-365.8459808762271
,-63.15387920296311
,-50.315746636488214
,-32.21248793201951
,2.449592476439719
,13.734512832206441
,43.7808326596911
,57.57546314123488
,64.56053048430665
,64.67460821729652
,68.52692550826198
,65.28009772316581
,56.092452612366614
,55.46063747580736
,55.46941268603735
,54.09170467992897
,49.16003653067477
,53.187858026240036
,56.51366270340612
,56.07490219190664
,55.46063747580736
,49.14248611021479
,45.31649444993929
,30.363536218036884
,15.752811185104065
,12.190075831728265
,12.795565337597552
,25.677573955222392
,38.287551055717564
,42.44700070473267
,55.46941268603735
,56.11877824305659
,56.32060807834635
,59.33050518723281
,53.179082816010045
,47.77355331433641
,52.65257020221066
,46.860931450417475
,39.26159939124641
,32.11857826403482
,30.12660554182716
,36.35700480511983
,38.30510147617754
,52.6174693612907
,53.45111433313973
,47.65947558134654
,31.13575471827597
,19.394523430549782
,11.207252285969417
,6.995151375574366
,8.881821575022144
,8.36408417145276
,12.786790127367553
,29.5825425075678
,53.02112903187023
,56.548763544326086
,56.32060807834635
,56.145103873746564
,55.56593999856724
,53.61784332750953
,60.1027236874719
,58.295030380094026
,57.39995893663509
,53.96885173670911
,53.96885173670911
,54.97800091315793
,56.092452612366614
,71.68600119105828
,80.8473206711675
,57.891370709514504
,48.26496508721583
,41.33254900552398
,29.126231575608337
,26.844676915811014
,24.808828142453415
,23.85233022738454
,39.46342922653618
,54.863923180168065
,58.68991484044356
,53.977626946939104
,55.21493158936765
,56.95242321490561
,68.79018181516169
,58.97949677803322
,79.45206224459913
,78.39903701700038
,61.07677202300076
,59.8482425908022
,60.365979994371585
,66.47352631444441
,78.40781222723037
,76.67032060169241
,66.49985194513438
,77.67069456791124
,65.23622167201586
,55.451862265577375
,52.35421305439102
,47.42254490513682
,47.527847427896695
,53.96007652647913
,66.50862715536437
,78.3727113863104
,89.47335232724735
,56.12755345328658
,56.689166908005916
,56.689166908005916
,55.97837487937675
,54.85514796993807
,56.136328663516565
,55.451862265577375
,55.13595469729774
,54.056603839009014
,54.01272778785906
,54.10047989015896
,56.15387908397655
,58.110750965264245
,57.707091294684716
,55.89062277707686
,54.056603839009014
,53.635393747969516
,43.429824250491514
,41.455401948743834
,42.28904692059286
,44.84263309751985
,52.46829078738088
,53.17030760578005
,57.65444003330478
,59.31295476677283
,59.42703249976269
,57.707091294684716
,57.62811440261481
,57.163028260425364
,52.31033700324107
,53.17030760578005
,53.35458702060984
,48.21231382583589
,43.649204506241254
,43.657979716471246
,46.77317934811758
,48.247414666755844
,48.21231382583589
,45.3866961317792
,34.36503208291218
,28.599718961808954
,17.867636850531582
,14.252250235775833
,17.0866431400625
,23.08011172714545
,32.35550894024453
,46.430946149147985
,50.64304705954303
,55.372885373507465
,51.11690841196247
,52.47706599761087
,52.31033700324107
,52.301561793011075
,55.188605958677684
,54.416387458438585
,54.40761224820859
,48.71250080894529
,47.20316464938708
,45.878107904658634
,46.81705539926753
,45.913208745578586
,37.43635566340856
,21.246092789077608
,13.234325849097033
,13.137798536567146
,10.198103109520602
,9.338132506981623
,8.574689216972516
,12.181300621498266
,19.561252424919587
,42.65760575025242
,43.657979716471246
,48.04558483146609
,54.240883253838795
,55.27635806097758
,55.557164788337246
,55.28513327120757
,56.04857656121668
,48.44046929181562
,46.37829488776805
,44.237143591650565
,43.92123602337094
,47.98415835985615
,56.55753875455608
,55.28513327120757
,56.15387908397655
,56.86467111260571
,54.94290007223797
,53.22295886715999
,47.378668853986866
,37.93654264651798
,28.687471064108856
,25.77410126775228
,40.068918732405464
,43.88613518245097
,55.13595469729774
,55.407986214427424
,55.41676142465741
,55.293908481437555
,55.293908481437555
,54.22333283337882
,55.916948407766824
,55.28513327120757
,48.35271718951572
,46.55379909236784
,45.728929330748805
,47.194389439157085
,52.38053868508099
,55.83797151569692
,57.57546314123488
,56.1889799248965
,48.22986424629586
,47.01888523455729
,45.42179697269917
,43.912460813140946
,42.06966666484311
,44.30734527349048
,45.93075916603857
,45.32526966016928
,54.495364350508495
,56.91732237398564
,56.16265429420653
,55.28513327120757
,55.87307235661687
,55.39921100419744
,76.8458248062922
,70.45747175885973
,67.71960616710294
,64.08666913188722
,63.06874474520841
,66.64025530881422
,77.64436893722126
,90.31577250932637
,86.48100563882087
,68.33387088320222
,53.179082816010045
,39.34057628331632
,9.259155614911705
,6.398437079935064
,5.477040005786151
,7.118004318794235
,18.113342736971283
,48.92310585446505
,64.83256200143634
,57.88259549928451
,72.30904111738754
,74.95037939661444
,96.27414025548936
,83.84844256982397
,55.98715008960674
,56.6979421182359
,57.3034316241052
,55.293908481437555
,53.6441689581995
,57.566687931004886
,59.751715278272314
,55.98715008960674
,55.99592529983673
,51.51179287231201
,56.601414805706014
,40.920114124714466
,34.049124514632545
,30.46006353056677
,30.732095047696447
,41.964364142083234
,51.520568082542
,56.9611984251356
,57.91769634020447
,56.136328663516565
,56.434685811336216
,56.6979421182359
,57.65444003330478
,56.34693370903632
,57.952797181124424
,53.09133071371015
,51.441591190472096
,52.77542314543052
,52.03830548611139
,51.494242451852024
,58.49686021538379
,59.681513596432396
,59.672738386202404
,59.681513596432396
,57.28588120364522
,54.21455762314883
,52.810523986350475
,40.85868765310454
,40.20054688585531
,40.867462863334524
,53.92497568555917
,57.98789802204439
,58.67236441998358
,56.68039169777593
,56.91732237398564
,57.566687931004886
,57.69831608445473
,56.575089175016046
,59.7604904885023
,59.04969845987314
,58.4880850051538
,53.24050928761997
,52.42441473623093
,52.38053868508099
,52.47706599761087
,52.450740366920904
,52.47706599761087
,51.862801281511594
,44.789981836139916
,41.47295236920381
,36.962494310989115
,28.441765177669147
,24.68597519923356
,41.86783682955335
,50.18673612758357
,50.63427184931304
,52.91582650911036
,59.09357451102309
,60.23435184092175
,59.80436653965225
,69.93095914506034
,60.08517326701192
,52.46829078738088
,49.40574241711448
,47.071536495937224
,49.58124662171427
,47.045210865247256
,42.91208684692212
,43.46492509141147
,32.20633036633472
,32.35550894024453
,22.974809204385572
,2.8795777777092155
,-6.553773219529688
,-26.71920632804597
,-63.311832987102946
,-81.49406858364154
,-70.95504109742393
,-22.25262432098124
,0.4663949644620544
,46.69420245604768
,52.72277188405058
,53.26683491830994
,53.01235382164025
,57.00507447628554
,55.46063747580736
,48.70372559871531
,47.010110024327304
,46.98378439363733
,45.623626807988934
,45.83423185350868
,43.54390198348138
,45.123439824879526
,50.107759235513655
,50.68692311069297
,46.67665203558769
,32.19755515610473
,15.761586395334056
,10.979096819989678
,10.189327899290618
,13.61165988898658
,21.86913271540687
,34.970521588781466
,50.4938684856332
,57.39118372640509
,58.619713158603645
,60.89249260817097
,59.05847367010313
,60.190475789771796
,56.73304295915587
,54.056603839009014
,52.126057588411285
,50.985280258512624
,49.68654914447416
,49.2214630022847
,48.44046929181562
,48.79147770101521
,49.607572252404246
,48.78270249078522
,48.65984954756536
,47.72967726318645
,33.26813080416347
,21.702403721037072
,18.841685186060438
,21.10568942539777
,41.0605174883943
,48.79147770101521
,53.99517736739908
,55.12717948706775
,54.065379049239
,54.056603839009014
,53.8986500548692
,53.99517736739908
,51.573219343921934
,46.81705539926753
,49.70409956493413
,46.6678768253577
,46.413395728688
,44.40387258602037
,43.55267719371137
,45.009362091889656
,47.77355331433641
,47.61559953019659
,46.860931450417475
,43.44737467095149
,38.1646981124977
,32.92589760519387
,28.62604459249892
,35.77784092994052
,40.6393073973548
,45.63240201821892
,48.22986424629586
,46.6678768253577
,45.93075916603857
,47.23826549030703
,47.8700806268663
,49.92347982068387
,48.142112143995966
,47.81742936548635
,47.922731888246226
,45.95708479672854
,46.26421715477818
,45.44812260338914
,46.6678768253577
,46.37829488776805
,47.913956678016234
,47.913956678016234
,46.72930329696763
,46.95745876294736
,45.68505327959886
,45.32526966016928
,45.290168819249324
,44.412647796250354
,44.228368381420566
,45.46567302384912
,47.1768390186971
,46.27299236500817
,46.2466667343182
,46.54502388213785
,46.9223579220274
,46.73807850719761
,45.20241671694943
,43.34207214819161
,43.34207214819161
,43.3508473584216
,45.31649444993929
,42.91208684692212
,42.62250490933246
,43.3508473584216
,42.91208684692212
,42.920862057152114
,42.61372969910247
,45.96586000695853
,46.422170938917986
,43.67553013693122
,42.91208684692212
,42.90331163669213
,50.985280258512624
,48.914330644235065
,48.70372559871531
,44.781206625909924
,44.04408896659079
,43.96511207452088
,43.63165408578127
,44.38632216556039
,43.55267719371137
,47.55417305858666
,51.16078446311242
,47.562948268816655
,43.6930805573912
,40.02504268125551
,39.93729057895562
,40.92888933494445
,40.1215699937854
,40.16544604493535
,47.02766044478729
,37.38370440202863
,31.706143383225303
,29.801922763317542
,19.806958311359296
,17.63948138455185
,24.72107604015352
,35.075824111541344
,43.66675492670123
,41.85028640909337
,50.818551264142826
,50.449992434483256
,47.492746586976736
,48.83535375216515
,50.68692311069297
,51.69607228714179
,47.51029700743671
,45.88688311488862
,44.75488099521995
,43.649204506241254
,43.62287887555129
,43.96511207452088
,43.95633686429089
,43.95633686429089
,33.75954257704289
,19.368197799859814
,14.015319559566116
,8.320208120302809
,0.3961932826221215
,-1.051716405326161
,4.7837983976169625
,13.681861570826499
,41.89416246024332
,46.939908342487385
,54.48658914027851
,52.792973565890506
,51.748723548521724
,50.669372690233
,50.31836428103341
,50.774675212992875
,51.836475650821626
,51.108133201732485
,47.47519616651675
,45.3954713420092
,44.57937679062016
,48.67739996802534
,56.82079506145576
,57.65444003330478
,52.740322304510556
,53.249284497849956
,47.46642095628677
,42.40312465358272
,37.883891385138035
,37.84001533398809
,43.96511207452088
,44.746105784989965
,51.353839088172194
,78.56576601137019
,52.740322304510556
,52.73154709428057
,51.5995449746119
,52.51216683853083
,51.45036640070208
,60.94514386955091
,54.39883703797861
,47.11541254708718
,45.68505327959886
,44.13184106889068
,46.3344188366181
,52.46829078738088
,57.3034316241052
,69.15874064482125
,61.58573421634016
,45.32526966016928
,36.602710691559544
,30.284559325966974
,24.510470994633764
,25.387992017632733
,40.218097306315286
,45.97463521718852
,49.58124662171427
,59.576211073672525
,52.56481809991077
,52.72277188405058
,53.48621517405968
,54.065379049239
,52.55604288968078
,52.65257020221066
,47.65947558134654
,45.114664614649534
,47.46642095628677
,47.264591120997
,47.64192516088656
,48.01048399054612
,53.00357861141025
,55.10962906660778
,54.39883703797861
,47.519072217666704
,47.11541254708718
,43.85980955176101
,41.47295236920381
,42.043341034153144
,42.72780743209234
,42.72780743209234
,42.21007002852295
,48.966981905615
,55.039427384767855
,55.013101754077894
,57.487711038934975
,55.80287067477696
,52.819299196580474
,50.616721428853054
,49.61634746263424
,49.598797042174255
,48.79147770101521
,47.31724238237694
,48.52822139411552
,50.24816259919349
,50.1604104968936
,50.14286007643362
,49.045958797684904
,48.844128962395146
,48.86167938285512
,47.887631047326266
,44.526725529240224
,43.71940618808117
,44.80753225659989
,48.405368450895665
,48.65107433733537
,49.31799031481459
,53.249284497849956
,53.24050928761997
,53.33703660014986
,54.21455762314883
,53.767021901419355
,46.15013942178831
,51.38893992909215
,50.53774453678315
,46.40462051845802
,46.15013942178831
,46.685427245817685
,48.82657854193516
,48.48434534296557
,48.35271718951572
,43.657979716471246
,38.01551953858788
,35.690088827640615
,35.7076392481006
,31.249832451265846
,33.04875054841372
,36.58516027109957
,37.25207624857878
,36.69923800408943
,45.8166814330487
,48.35271718951572
,48.35271718951572
,47.887631047326266
,48.19476340537591
,49.484719309184385
,52.705221463590604
,47.562948268816655
,46.23789152408821
,47.229490280077044
,42.192519608062966
,43.614103665321295
,47.55417305858666
,43.657979716471246
,42.60495448887249
,24.580672676473682
,11.426632541719158
,7.205756421094122
,-9.879577896695778
,-17.2595297001171
,-11.09933211866435
,6.986376165344382
,16.410951952353287
,30.40741226918683
,50.60794621862307
,56.74181816938585
,56.96997363536559
,58.34768164147397
,56.7067173284659
,57.470160618475
,57.28588120364522
,51.327513457482226
,50.476318065173224
,50.19551133781356
,49.40574241711448
,49.67777393424416
,49.39696720688449
,52.38931389531098
,46.834605819727514
,22.49217264173614
,8.346533750992776
,-0.841111359806419
,-12.871924585122258
,-35.27503630228591
,-27.149191629315467
,-3.473674428803321
,18.490676776860845
,31.232282030805855
,53.293160548999914
,53.1352067648601
,58.03177407319434
,58.45298416423384
,58.03177407319434
,55.80287067477696
,51.099357991502494
,50.72202395161294
,50.72202395161294
,51.81015002013166
,52.126057588411285
,52.56481809991077
,54.99555133361791
,52.26646095209112
,52.301561793011075
,46.69420245604768
,48.177212984915926
,37.85756575444807
,22.667676846335937
,16.305649429593423
,21.377720942527446
,35.08459932177132
,49.40574241711448
,57.952797181124424
,64.4376775410868
,61.37512917082041
,60.971469500240886
,60.89249260817097
,60.374755204601584
,59.95354511356207
,60.05884763632196
,56.45223623179619
,46.51869825144787
,48.30006592813578
,54.92534965177799
,51.24853656541231
,56.768143800075826
,60.129049318161876
,65.24499688224586
,66.97371329755381
,58.82154299389341
,43.66675492670123
,41.086843119084264
,37.61185986800835
,42.83310995485221
,54.61821729372835
,69.9748351962103
,62.9107909610686
,65.93823849041505
,60.72576361380117
,60.72576361380117
,60.72576361380117
,60.71698840357118
,59.8482425908022
,75.98585420375322
,78.57454122160017
,69.64137720747068
,63.86728887613747
,61.95429304599972
,66.92106203617388
,69.7028036790806
,78.57454122160017
,70.5627742816196
,66.81575951341401
,76.82827438583223
,78.61841727275012
,73.24798861199645
,71.18581420794887
,71.00153479311908
,75.77524915823346
,71.53682261714846
,73.04615877670668
,97.60797221044778
,65.5433540300655
,63.09507037589838
,62.66508507462889
,64.6044065354566
,62.19122372220944
,69.65015241770067
,60.19925100000179
,56.6979421182359
,59.81314174988225
,59.304179556542834
,61.07677202300076
,62.594883392788965
,65.113368728796
,65.4731523482256
,62.18244851197945
,59.65518796574243
,51.353839088172194
,27.04650675110078
,17.227046503742336
,16.90236372523271
,26.669172711211225
,46.22911631385821
,61.99816909714967
,66.25414605869467
,77.51274078377142
,70.86990663966924
,70.59787512253955
,68.80773223562167
,69.29036879827109
,63.77953677383758
,66.68413135996416
,67.14044229192362
,66.35067337122456
,66.26292126892466
,67.65817969549302
,60.190475789771796
,70.30829318494989
,74.93282897615447
,69.95728477575031
,58.400332902853904
,52.24013532140115
,45.000586881659665
,41.73620867610351
,42.5084271763426
,51.283637406332275
,57.601788771924845
,59.14622577240303
,66.50862715536437
,70.9050074805892
,70.30829318494989
,69.24649274712115
,71.33499278185869
,71.080511685189
,80.44366100058797
,79.75919460264879
,77.012553800662
,71.01031000334906
,64.45522796154678
,64.64828258660656
,75.47689201041382
,77.71457061906118
,79.68899292080886
,72.8531041516469
,65.27132251293582
,58.60216273814366
,49.94980545137385
,46.22034110362823
,43.105141471981895
,48.028034411006104
,59.44458292022267
,64.57808090476664
,72.8443289414169
,77.03887943135197
,73.93245500993564
,76.95990253928207
,71.59824908875838
,71.04541084426903
,76.0823815162831
,73.7130747541859
,68.00041289446261
,63.253024160038194
,62.90201575083861
,62.69141070531886
,62.62120902347894
,68.64100324125187
,69.00956207091143
,72.52842137313728
,66.7280074111141
,62.015719517609654
,57.07527615812546
,45.16731587602946
,41.11316874977424
,50.71324874138294
,58.33890643124398
,67.44757464997326
,74.52039409534494
,76.20523445950296
,84.13802450741363
,80.76834377909759
,74.54671972603491
,74.54671972603491
,87.41117792319979
,78.17965676125064
,74.54671972603491
,75.80157478892343
,75.81034999915343
,76.54746765847256
,91.37757294715512
,122.37161547947866
,124.618069298356
,106.12870134376777
,82.46195935348561
,86.25285017284114
,75.73137310708353
,72.31781632761754
,73.18656214038651
,76.35441303341278
,85.3577787293822
,80.1716294834583
,118.5017477680532
,118.0015607849438
,123.95992853110678
,108.93676861736446
,101.80252270038285
,87.14792161630008
,72.97595709486676
,71.03663563403903
,69.58872594609075
,68.12326583768247
,69.57995073586075
,71.01031000334906
,76.95990253928207
,79.16248030700949
,79.61879123896894
,78.45168827838032
,75.87177647076335
,56.689166908005916
,37.82246491352811
,30.258233695277
,35.102149742231305
,52.0295302758814
,71.51927219668848
,92.19366749854416
,99.75789871679525
,87.38485229250982
,106.786842111017
,99.76667392702525
,97.08145959664841
,81.268530762207
,87.80606238354932
,82.93582070590504
,74.82752645339458
,69.00956207091143
,65.13091914925599
,70.9050074805892
,85.91061697387154
,90.2016947763365
,84.42760644500329
,68.50937508780201
,63.419753154408
,58.71624047113353
,52.59991894083073
,42.63128011956245
,28.950727371008547
,45.114664614649534
,55.013101754077894
,54.95167528246796
,72.79167768003697
,93.5187242432726
,94.51032299926143
,91.70225572566474
,90.57902881622606
,86.61263379227071
,77.46008952239148
,74.99425544776439
,72.94963146417679
,72.62494868566716
,71.98435833887793
,80.86487109162748
,94.48399736857145
,93.92238391385213
,94.59807510156134
,73.00228272555673
,56.978748845595575
,54.899024021088024
,9.329357296751624
,4.976853022676735
,4.090556789447788
,23.308267193125182
,16.288099009133433
,61.78756405162992
,88.75378508838821
,103.27675801902112
,110.18284847002299
,87.94646574722915
,91.17574311186534
,81.24220513151704
,71.01908521357906
,63.253024160038194
,58.47930979492381
,58.70746526090354
,56.066126981676646
,60.25190226138173
,74.62569661810481
,77.57416725538135
,63.24424894980821
,63.20037289865826
,54.92534965177799
,26.862227336271005
,9.89097075147096
,9.241605194451736
,10.16300226860065
,40.06014352217547
,58.803992573433426
,58.81276778366342
,61.726137580019994
,89.09601828735781
,96.38821798847921
,93.37832087959276
,95.33519276088046
,93.05363810108314
,94.80868014708108
,93.40464651028273
,91.21084395278531
,90.09639225357661
,88.4115518894186
,88.34135020757869
,88.54318004286844
,80.38223452897805
,62.50713129048908
,23.720702073934696
,9.320582086521625
,-1.3412983429158203
,-12.108481295113165
,-26.684105487126004
,-29.114838720833163
,-22.34037642328113
,-1.3149727122258525
,9.38200855813156
,60.374755204601584
,79.63634165942894
,77.030104221122
,72.99350751532674
,69.25526795735112
,55.54838957810726
,24.624548727623633
,13.743288042436433
,14.56815780405546
,10.145451848140652
,9.961172433310878
,14.7875380598052
,16.560130526263116
,16.068718753383692
,21.68485330057709
,9.917296382160927
,8.460611483982646
,0.21191386779234733
,-5.439321520321002
,-11.82767456775349
,-16.671590614707796
,-6.860905577579331
,-0.18297059255719716
,21.623426828967162
,78.09190465895074
,95.36151839157043
,96.25658983502939
,94.72970325501117
,93.43974735120268
,89.46457711701736
,77.66191935768126
,75.38036469788393
,76.52114202778259
,75.38036469788393
,76.67032060169241
,84.76106443374289
,101.6006928650931
,123.89850205949686
,114.5967792157078
,91.57940278244489
,81.75994253508642
,77.61804330653129
,75.2399613342041
,74.31856426005518
,74.27468820890523
,75.37158948765395
,80.54896352334785
,101.33743655819339
,121.16063646774009
,104.92649754225917
,127.68061766862242
,122.47691800223853
,119.32661752967223
,106.6025626961872
,98.98568021655618
,95.37029360180041
,95.57212343709018
,92.86935868625336
,92.94833557832327
,99.96850376231501
,129.37423324301045
,142.9056074176545
,116.2903947900958
,96.7480016079088
,72.6863751572771
,51.45036640070208
,27.318538268230462
,17.393775498112134
,20.92141001056799
,38.37530315801746
,68.72875534355175
,93.42219693074271
,105.8478946164081
,117.65932758597421
,120.18658813221123
,112.78031069809994
,105.43545973559858
,87.87626406538924
,87.34975145158985
,84.19945097902355
,83.0586736491249
,84.48903291661323
,85.06819679179254
,91.18451832209534
,105.83911940617811
,121.61694739969954
,103.10125381442133
,90.06129141265666
,79.73286897195882
,64.89398847304626
,38.09449643065779
,28.748897535718775
,27.853826092259837
,46.10626337063836
,72.81800331072694
,89.15744475896773
,104.9001719115692
,117.1591406028648
,120.44984443911092
,117.08893892102486
,108.48045768540499
,99.35423904621574
,92.87813389648335
,89.13989433850774
,87.27954976974993
,86.84078925825045
,88.48175357125852
,97.48511926722793
,112.75398506740997
,125.6535441054948
,119.3617183705922
,101.46906471164324
,91.86020950980455
,81.32995723381693
,60.28700310230168
,49.52859536033434
,50.19551133781356
,72.94963146417679
,82.75154129107527
,101.05662983083373
,117.3083191767746
,120.16903771175126
,137.85986153541043
,127.47001262310266
,116.86078345504514
,107.91884423068565
,101.61824328555306
,99.36301425644572
,96.62514866468895
,96.97615707388853
,97.34471590354809
,103.19778112695121
,108.33127911149518
,119.22131500691236
,119.41436963197214
,110.11264678818307
,98.7838503812664
,88.3325749973487
,83.07622406958487
,76.20523445950296
,76.57379328916252
,84.91901821788271
,91.72858135635471
,104.18060467271006
,110.80588839635226
,108.54188415701492
,109.1473736628842
,108.41903121379508
,101.96925169475266
,96.91473060227861
,97.16043648871832
,96.72167597721884
,95.96700789743971
,95.9757831076697
,95.01050998237085
,95.9933335281297
,94.88765703915098
,96.29169067594933
,91.3951233676151
,78.82902231826988
,57.92647155043446
,36.99759515190908
,20.77223143665816
,10.347281683430424
,11.163376234819467
,20.658153703668297
,36.19027581075003
,75.45934158995384
,102.66249330292185
,110.92874133957213
,113.93863844845858
,103.73306895098058
,99.33668862575576
,87.70953507101942
,83.17275138211477
,81.04915050645727
,79.9961252788585
,79.4871630855191
,77.47763994285147
,79.25900761953937
,78.10067986918074
,72.0984360718678
,58.882969465503336
,53.249284497849956
,24.852704193603365
,9.94362201285091
,8.293882489612841
,6.72311985844469
,11.812741791838704
,45.79035580235873
,53.78457232187933
,77.48641515308145
,100.93377688761387
,121.88020370659923
,123.97747895156678
,112.87683801062983
,106.6025626961872
,101.53049118325316
,88.13952037228893
,85.36655393961219
,80.98772403484733
,80.40856015966801
,82.08462531359605
,91.61450362336484
,112.78031069809994
,132.4631072439668
,119.49334652404204
,105.83034419594811
,90.35964856047632
,85.11207284294248
,79.04840257401962
,71.76497808312818
,74.10795921453543
,80.58406436426782
,91.61450362336484
,101.52171597302319
,129.09342651565075
,155.64721267159953
,159.78033668992464
,131.53293495958786
,110.27937578255288
,103.51368869523084
,106.26032949721761
,98.66977264827653
,96.85330413066868
,94.4488965276515
,96.87085455112866
,106.47970975296735
,123.52994322983729
,144.14291206008306
,137.1315190863213
,117.27321833585466
,109.0683967708143
,96.45841967031913
,90.68433133898593
,88.65725777585833
,89.64885653184714
,101.46028950141326
,102.59229162108193
,117.08016371079488
,155.53313493860963
,217.67039857716657
,213.18626614964185
,150.39963695406567
,123.42464070707743
,109.81428964036343
,106.778066900787
,104.3912097182298
,101.688444967393
,98.266112977697
,102.82044708706165
,111.6219829477413
,136.41195184746215
,166.25644183965704
,147.4248406860992
,116.53610067653553
,109.20880013449414
,103.6453168486807
,99.79299955771522
,96.19516336341945
,96.62514866468895
,101.30233571727345
,105.90932108801803
,115.272470403417
,154.61173786446074
,120.28311544474111
,114.32474769857814
,115.13206703973717
,112.11339472062073
,99.24016131322585
,92.94833557832327
,89.92966325920682
,88.27114852573877
,87.45505397434974
,87.5691317073396
,91.60572841313486
,105.11955216731894
,114.57045358501783
,108.32250390126518
,91.03533974818552
,84.60311064960308
,84.5943354393731
,85.37532914984217
,88.22727247458882
,87.5691317073396
,88.27992373596877
,90.73698260036586
,88.20972205412885
,97.34471590354809
,102.83799750752164
,100.09135670553486
,92.64997843050362
,92.42182296452388
,89.92088804897683
,83.18152659234475
,82.7164404501553
,83.19907701280474
,81.30363160312696
,81.14567781898715
,84.78739006443286
,86.87589009917042
,95.78272848260993
,98.97690500632618
,90.83350991289575
,84.86636695650277
,80.72446772794764
,79.7416441821888
,79.76796981287877
,79.75041939241879
,81.25975555197702
,84.85759174627277
,89.32417375333753
,96.90595539204861
,98.43284197206681
,101.56559202417313
,101.16193235359361
,98.14326003447715
,92.06203934509432
,91.10554143002544
,88.79766113953815
,89.52600358862729
,90.82473470266576
,91.61450362336484
,91.58817799267486
,100.76704789324407
,101.07418025129371
,92.72895532257351
,81.13690260875715
,55.41676142465741
,31.030452195516098
,13.129023326337155
,7.504113568913766
,8.004300552023182
,32.776719031284046
,72.49332053221733
,91.62327883359482
,106.97989673607677
,105.50566141743849
,105.77769293456818
,102.39923699602215
,94.79990493685109
,90.0261905717367
,88.73623466792822
,84.71718838259295
,82.31278077957577
,81.14567781898715
,80.77711898932759
,82.32155598980576
,84.58556022914311
,84.03272198465375
,78.93432484102975
,60.2782278920717
,26.704273552131184
,16.849712463852775
,12.075998098738388
,12.00579641689847
,11.681113638388851
,25.19493739257296
,66.78943388272404
,94.41379568673153
,116.3956973128557
,123.33688860477751
,121.4765440360197
,111.2797497487717
,98.07305835263723
,90.04374099219669
,88.55195525309844
,87.27077455951994
,84.80494048489285
,85.11207284294248
,85.6912367181218
,92.27264439061406
,119.33539273990223
,140.96628595682677
,143.23029019616413
,119.00193475116262
,110.05122031657315
,105.79524335502815
,97.0024827045785
,92.82548263510341
,93.54504987396257
,96.06353520996961
,96.7304511874488
,97.7571507843576
,92.55345111797374
,119.08091164323253
,112.80663632878992
,94.77357930616112
,88.53440483263847
,80.78589419955756
,61.77001363116994
,52.47706599761087
,54.88147360062804
,54.170681571998884
,60.83106613656104
,74.20448652706531
,92.86058347602336
,113.85966155638867
,102.38168657556217
,87.74463591193938
,81.06670092691725
,79.21513156838942
,15.840563287403967
,10.961546399529709
,8.162254336163002
,76.64399497100244
,83.87476820051394
,83.3043795355646
,72.8618793618769
,84.8400413258128
,84.93656863834269
,77.41621347124155
,79.3994109832192
,73.14268608923656
,61.17329933553064
,51.41526555978212
,48.82657854193516
,47.887631047326266
,54.144355941308916
,82.12850136474599
,92.05326413486432
,102.31148489372225
,100.47746595565442
,94.9578587209909
,85.31390267823225
,83.80456651867402
,77.16173237457184
,77.22315884618178
,79.566139977589
,83.37458121740453
,88.88541324183805
,97.50266968768791
,110.83221402704223
,120.28311544474111
,115.48307544893676
,106.57623706549722
,103.373285331551
,94.6156255220213
,88.26237331550878
,84.09414845626368
,82.35665683072573
,80.46121142104796
,82.63746355808539
,87.01629346285024
,104.70711728650943
,128.48793700978146
,127.5402143049426
,102.02190295613259
,93.06241331131314
,84.69086275190298
,80.04000133000845
,78.32006012493048
,80.23305595506822
,84.29597829155344
,90.65800570829596
,109.89326653243333
,123.31056297408755
,128.66344121438127
,99.59116972242546
,99.37178946667571
,97.23941338078822
,90.61412965714601
,90.14904351495656
,87.47260439480971
,85.45430604191208
,85.15594889409243
,84.69086275190298
,87.42872834365976
,103.94367399650034
,120.23046418336116
,121.73102513268941
,101.32866134796342
,92.67630406119359
,81.97054758060618
,77.95150129527092
,71.62457471944835
,63.691784671537675
,68.02673852515258
,71.13316294656892
,75.02935628868435
,90.08761704334664
,96.4145436191692
,91.92163598141448
,81.28608118266699
,76.71419665284236
,71.78252850358817
,65.00806620603613
,57.557912720774894
,52.89827608865038
,48.01925920077611
,48.49312055319555
,55.38166058373746
,67.53532675227316
,80.03122611977845
,79.67144250034889
,72.93208104371682
,46.23789152408821
,31.750019434375247
,13.155348957027122
,8.451836273752662
,7.907773239493295
,17.692132645931785
,32.75039340059407
,74.36244031120513
,91.38634815738511
,93.18526625453299
,93.97503517523205
,90.21924519679646
,90.03496578196669
,82.75154129107527
,73.01105793578671
,70.9927595828891
,69.4570977926409
,69.58872594609075
,69.10608938344132
,66.84208514410398
,70.25564192356995
,70.87868184989922
,63.9287153477474
,46.097488160408375
,18.639855350770674
,10.943995979069726
,7.40758625638388
,6.240483295795258
,3.9150525848479845
,6.995151375574366
,30.267008905506998
,71.13316294656892
,94.23829148213176
,97.23063817055824
,95.48437133479028
,95.54579780640022
,92.85180826579338
,88.17462121320888
,83.85721778005396
,83.80456651867402
,82.30400556934579
,83.5676358424643
,83.23417785372469
,85.63858545674186
,98.82772643241634
,121.29226462118993
,120.23046418336116
,108.54188415701492
,99.73157308610529
,95.08948687444075
,93.84340702178221
,86.92854136055034
,87.92014011653919
,87.50770523572967
,88.53440483263847
,90.9651380663456
,110.20039889048297
,112.02564261832083
,106.03217403123789
,89.5172283783973
,88.54318004286844
,82.40930809210566
,86.99874304239027
,87.19179766745005
,86.19142370123122
,82.72521566038529
,82.2952303591158
,88.22727247458882
,100.93377688761387
,117.4925985916044
,111.1130207544019
,106.79561732124698
,92.64997843050362
,88.34135020757869
,82.18992783635592
,75.54709369225372
,69.26404316758112
,80.49631226196792
,83.62906231407423
,88.18339642343888
,99.94217813162504
,114.6055544259378
,109.0683967708143
,89.9472136796668
,87.84116322446927
,82.97969675705498
,85.09452242248251
,82.56726187624547
,83.04112322866492
,83.04989843889491
,84.29597829155344
,89.95598888989679
,108.63841146954482
,128.56691390185136
,121.0553339449802
,93.66790281718242
,80.54018831311787
,73.33574071429634
,52.87195045796041
,41.78008472725345
,37.664511129388295
,66.46475110421441
,80.06632696069842
,87.4813796050397
,106.07605008238782
,112.51705439120025
,103.38206054178099
,89.82436073644695
,85.06819679179254
,80.49631226196792
,77.71457061906118
,77.84619877251103
,77.11785632342189
,76.15258319812303
,76.86337522675218
,84.24332703017352
,99.24016131322585
,121.93285496797917
,110.2618253620929
,90.52637755484612
,72.56352221405724
,53.249284497849956
,19.008414180430236
,14.462855281295582
,16.94623977638267
,54.065379049239
,77.91640045435095
,87.98156658814911
,110.20039889048297
,123.58259449121724
,108.9016677764445
,94.85255619823103
,91.45654983922503
,79.31165888091931
,75.4856672206438
,74.09918400430544
,73.04615877670668
,75.86300126053335
,76.12625756743306
,83.98007072327381
,97.23063817055824
,110.51630645876261
,104.68956686604946
,87.75341112216938
,70.20299066219003
,45.97463521718852
,17.551729282251955
,10.67196446194005
,16.279323798903448
,23.027460465765508
,70.25564192356995
,86.39325353652097
,97.29206464216816
,110.79711318612226
,109.34042828794398
,92.73773053280351
,88.68358340654828
,82.10217573405602
,78.51311474999025
,77.51274078377142
,76.87215043698218
,76.71419665284236
,76.2666609311129
,78.69739416482003
,85.89306655341157
,92.09714018601426
,86.67406026388065
,69.03588770160138
,42.517202386572585
,19.38574822031979
,10.51401067780023
,5.415613534176217
,8.486937114672614
,12.690262814837666
,46.72930329696763
,87.99911700860909
,96.08108563042958
,104.52283787167966
,101.40763824003331
,91.36002252669513
,85.6122598260519
,80.37345931874805
,86.77058757641053
,84.12924929718363
,80.7595685688676
,82.40053288187568
,81.85646984761632
,84.06782282557371
,85.6912367181218
,88.35012541780867
,82.07585010336607
,67.36859775790336
,28.93317695054857
,13.55023341737666
,7.40758625638388
,4.59074377255719
,5.696420261535891
,14.340002338075728
,66.84208514410398
,96.69535034652887
,104.13672862156011
,104.11917820110013
,102.45188825740209
,101.39886302980332
,96.59004782376898
,90.66678091852594
,86.45468000813091
,84.06782282557371
,84.0765980358037
,83.90109383120391
,84.06782282557371
,91.78123261773463
,112.87683801062983
,109.68266148691359
,104.88262149110923
,101.99557732544262
,94.14176416960187
,87.80606238354932
,84.0765980358037
,82.47950977394558
,83.24295306395469
,86.38447832629099
,96.87085455112866
,109.54225812323375
,111.9817665671709
,110.14774762910304
,103.2943084394811
,105.43545973559858
,96.01088394858967
,87.09527035492016
,86.17387328077123
,83.89231862097392
,82.40930809210566
,83.66416315499418
,82.64623876831538
,86.18264849100123
,106.45338412227738
,114.62310484639778
,107.14662573044657
,105.19852905938886
,91.87775993026452
,84.97166947926266
,78.0480286078008
,76.88970085744215
,75.09955797052426
,77.93395087481092
,86.17387328077123
,96.7304511874488
,105.8478946164081
,104.08407736018017
,99.31913820529577
,87.4813796050397
,80.01367569931848
,71.62457471944835
,64.98174057534617
,65.4643771379956
,65.57845487098545
,66.74555783157408
,65.85048638811514
,71.2472406795588
,90.9651380663456
,103.4610374338509
,97.31839027285812
,86.1212220193913
,69.91340872460036
,69.93973435529033
,69.22894232666117
,67.56165238296313
,69.18506627551122
,74.43264199304504
,89.16621996919773
,104.25958156477995
,101.43396387072329
,100.59154368864428
,100.29318654082462
,98.98568021655618
,87.55158128687961
,81.78626816577639
,74.7309991408647
,67.82490868986281
,64.06034350119725
,61.58573421634016
,59.09357451102309
,64.70093384798649
,76.7756231244523
,83.89231862097392
,87.44627876411974
,81.68096564301652
,84.71718838259295
,87.3936275027398
,83.97129551304383
,84.06782282557371
,83.98884593350381
,83.96252030281383
,82.14605178520598
,83.4886589503944
,91.78123261773463
,96.07231042019959
,87.47260439480971
,76.09993193674309
,68.75508097424172
,50.599171008393085
,22.04463692000666
,21.40404657321742
,17.727233486851738
,16.639107418333026
,24.60699830716365
,38.5946834137672
,70.3872700770198
,70.7207280657594
,64.40257670016685
,55.60981604971719
,54.09170467992897
,46.395845308228026
,32.44326104254444
,31.258607661495823
,54.87269839039806
,66.20149479731472
,55.65369210086713
,72.06333523094783
,65.122143939026
,74.80997603293461
,66.82453472364399
,61.82266489254988
,60.64678672173126
,49.65144830355419
,25.30023991533284
,20.114090669408938
,19.350647379399838
,20.05266419779901
,22.316668437136343
,24.949231506133245
,38.74386198767702
,59.8482425908022
,57.58423835146486
,46.15013942178831
,27.17813490455063
,53.24050928761997
,23.483771397724972
,10.364832103890393
,10.496460257340246
,11.28622917803932
,22.808080210015767
,68.0969402069925
,91.07921579933546
,97.03758354549846
,98.47671802321676
,86.56875774112076
,84.34862955293337
,77.14418195411186
,72.88820499256686
,68.4303981957321
,63.83218803521751
,61.655935898180076
,65.21867125155589
,69.04466291183138
,73.59899702119603
,84.84881653604279
,73.24798861199645
,41.11316874977424
,15.252624201994657
,9.294256455831658
,9.303031666061656
,7.451462307533831
,9.364458137671576
,10.715840513089987
,57.92647155043446
,88.3325749973487
,100.7407222625541
,103.8120458430505
,101.89905001291274
,82.84806860360516
,74.12550963499541
,68.07061457630253
,46.2466667343182
,32.732842980134095
,28.898076109628605
,29.90722528607742
,35.067048901311345
,69.29914400850109
,83.69926399591415
,88.31502457688872
,85.08574721225251
,72.89698020279685
,69.84320704276044
,69.27281837781112
,62.32285187565929
,61.8051144720899
,61.875316153929816
,51.33628866771221
,71.44907051484854
,72.92330583348682
,92.70262969188356
,92.58855195889369
,89.3504993840275
,72.92330583348682
,73.30063987337638
,70.26441713379995
,63.68300946130769
,57.601788771924845
,57.47893582870499
,54.96045049269795
,53.22295886715999
,69.64137720747068
,89.08724307712781
,101.80252270038285
,102.17985674027241
,91.59695320290486
,88.30624936665873
,88.3325749973487
,90.93003722542564
,90.58780402645604
,89.14866954873773
,88.3325749973487
,91.79878303819463
,104.6632412353595
,126.81187185585344
,129.83054417496987
,106.82194295193695
,94.07156248776194
,90.38597419116628
,78.5569908011402
,79.2326819888494
,72.58984784474721
,72.6161734754372
,72.21251380485765
,72.21251380485765
,82.61991313762542
,98.73119911988647
,123.00343061603792
,129.54973744761023
,106.66398916779714
,95.03683561306082
,89.05214223620784
,82.5409362455555
,80.36468410851808
,80.11897822207835
,83.89231862097392
,91.90408556095448
,104.26835677500995
,124.7233718211159
,135.5081051937732
,114.28964685765817
,94.58929989133134
,92.03571371440434
,82.81296776268519
,78.57454122160017
,74.39754115212509
,72.6073982652072
,72.2563898560076
,72.16863775370771
,76.54746765847256
,90.12271788426659
,96.08986084065958
,97.9414301991874
,91.64082925405481
,76.32808740272282
,71.2384654693288
,68.47427424688206
,60.40985604552154
,61.19084975599063
,71.57192345806841
,80.34713368805808
,95.37906881203041
,108.11189885574544
,122.5207940533885
,107.47130850895618
,96.52862135215906
,91.93041119164447
,86.07734596824135
,78.86412315918983
,76.53869244824257
,74.05530795315549
,76.55624286870255
,77.58294246561134
,80.63671562564775
,94.24706669236174
,108.70861315138472
,123.45974154799738
,104.58426434328958
,93.48362340235265
,87.34097624135987
,83.80456651867402
,81.30363160312696
,79.24145719907939
,83.0674488593549
,91.07044058910549
,101.79374749015287
,123.26668692293761
,132.287603039367
,119.6161994672619
,101.2584596661235
,97.2481885910182
,90.35964856047632
,95.67742595985007
,88.69235861677828
,85.83164008180164
,83.45355810947444
,83.21662743326472
,83.74314004706409
,90.39474940139627
,99.57361930196548
,101.03907941037376
,94.34359400489163
,76.80194875514226
,65.82416075742518
,54.55679082211843
,41.797635147713436
,44.55305115993019
,61.31370269921048
,78.47801390907028
,96.69535034652887
,107.31335472481636
,130.3307311580793
,107.33090514527635
,94.6156255220213
,90.84228512312575
,79.19758114792944
,72.44066927083739
,66.70168178042414
,64.54298006384668
,65.50825318914553
,62.454480029109135
,65.85048638811514
,70.46624696908971
,70.55399907138961
,67.45634986020325
,57.94402197089444
,29.740496291707615
,20.991611692407908
,12.023346837358446
,7.6883929837435545
,5.792947574065778
,10.89134471768979
,52.003204645191424
,77.38111263032158
,102.36413615510219
,99.15240921092597
,92.01816329394437
,78.3814865965404
,74.60814619764484
,68.7726313947017
,50.046332763903735
,45.035687722579624
,41.1482695906942
,42.56985364795252
,48.04558483146609
,58.98827198826321
,83.19907701280474
,101.4164134502633
,103.18900591672121
,90.10516746380661
,74.78365040224463
,69.5448498949408
,61.647160687950084
,53.872324424179226
,63.70933509199766
,71.72987724220823
,92.00938808371437
,111.56055647613138
,143.1688637245542
,159.30647533750522
,118.70357760334298
,95.43172007341035
,90.04374099219669
,77.6092680963013
,71.03663563403903
,66.96493808732383
,62.62120902347894
,59.33050518723281
,57.163028260425364
,66.37699900191453
,84.31352871201342
,101.9253756436027
,104.54916350236962
,89.13989433850774
,76.0823815162831
,73.16023650969655
,75.98585420375322
,78.51311474999025
,79.58369039804899
,85.23492578616234
,98.85405206310632
,107.40110682711628
,135.683609398373
,146.44201714034034
,107.93639465114565
,90.09639225357661
,80.40856015966801
,70.08891292920015
,62.21754935289941
,58.505635425613775
,53.837223583259274
,53.77579711164934
,54.96045049269795
,62.708961125778835
,88.86786282137807
,104.87384628087923
,105.18097863892888
,86.9724174117003
,68.75508097424172
,64.77113552982641
,59.61131191459248
,59.56743586344253
,61.22595059691058
,70.59787512253955
,84.09414845626368
,101.08295546152371
,112.16604598200067
,113.92986323822859
,96.70412555675884
,85.41042999076214
,77.44253910193152
,65.75395907558526
,49.274114263664636
,43.535126773251385
,35.514584623040825
,31.205956400115895
,31.425336655865635
,44.526725529240224
,61.717362369789996
,76.16135840835301
,83.15520096165478
,66.35067337122456
,59.40948207930272
,59.9359946931021
,45.114664614649534
,31.17963076942592
,30.144155962287137
,37.918992226057995
,51.0116058892026
,68.80773223562167
,83.12887533096482
,101.83762354130282
,91.72858135635471
,83.15520096165478
,75.51199285133377
,69.01833728114141
,67.34227212721339
,61.9718434664597
,60.96269429001089
,62.04204514829962
,62.62120902347894
,68.18469230929239
,86.62140900250071
,109.44573081070386
,121.01145789383025
,96.18638815318945
,75.81912520938342
,66.12251790524482
,57.487711038934975
,52.94215213980032
,53.71437064003942
,57.996673232274375
,69.61505157678071
,90.93881243565563
,100.84602478531397
,138.73738255840942
,117.5803506939043
,98.57324533574666
,90.2104699865665
,84.24332703017352
,83.87476820051394
,73.26553903245642
,70.57154949184958
,67.11411666123365
,66.90351161571391
,66.96493808732383
,70.58909991230956
,73.58144660073604
,74.19571131683533
,61.96306825622971
,51.660971446221836
,39.8670888971157
,31.039227405746082
,28.25748576283936
,29.047254683538426
,45.37792092154922
,66.32434774053459
,84.27842787109347
,87.6481085994095
,90.25434603771643
,70.87868184989922
,58.92684551665328
,48.08946088261604
,37.92776743628798
,9.65404007526125
,9.338132506981623
,9.329357296751624
,9.276706035371689
,9.285481245601673
,9.320582086521625
,9.329357296751624
,13.734512832206441
,12.848216598977487
,9.706691336641171
,7.091678688104253
,-0.9376386723363055
,-6.19398960010011
,-9.546119907956182
,-9.949779578535697
,1.5808466636707408
,9.232829984221738
,29.72294587124763
,60.769639664951114
,71.08928689541898
,63.06874474520841
,56.689166908005916
,56.68039169777593
,50.06388318436371
,38.22612458410764
,34.882769486481564
,37.09412246443897
,38.19979895341766
,48.83535375216515
,60.129049318161876
,88.21849726435883
,109.0683967708143
,107.40988203734625
,102.53964035970199
,89.74538384437703
,85.64736066697185
,77.13540674388186
,73.88857895878569
,75.9156525219133
,86.15632286031125
,92.96588599878325
,92.97466120901323
,104.25080635454998
,108.3137286910352
,104.25080635454998
,98.42406676183683
,97.37104153423806
,89.22764644080765
,89.99108973081675
,82.97092154682501
,80.32958326759811
,83.09377449004486
,82.2864551488858
,89.3417241737975
,91.8163334586546
,147.28443732241936
,153.4358596936421
,112.46440312982031
,94.25584190259173
,85.05064637133255
,77.43376389170152
,75.92442773214329
,76.67032060169241
,82.59358750693545
,88.27992373596877
,95.56334822686019
,97.98530625033735
,98.44161718229681
,90.55270318553609
,78.8904487898798
,64.82378679120635
,58.26870474940405
,38.287551055717564
,31.17963076942592
,27.67832188766004
,23.95763275014442
,21.02671253332786
,30.802296729536366
,51.51179287231201
,68.54447592872198
,65.41172587661566
,52.07340632703135
,31.793895485525198
,24.291090738884023
,16.226672537523513
,12.128649360118331
,13.55023341737666
,25.159836551653
,49.67777393424416
,69.72912930977058
,77.14418195411186
,84.0765980358037
,68.45672382642208
,54.95167528246796
,49.17758695113475
,38.30510147617754
,20.42122302745858
,13.576559048066628
,14.322451917615751
,12.348029615868072
,15.173647309924746
,29.52989124618786
,62.9897678531385
,78.3025097044705
,79.53103913666905
,69.1148645936713
,61.875316153929816
,56.01347572029671
,51.573219343921934
,52.09973195772132
,61.111872863920716
,62.998543063368494
,81.48791101795675
,84.36617997339337
,88.45542794056855
,98.42406676183683
,86.75303715595055
,83.83966735959397
,82.05829968290607
,76.62644455054246
,78.26740886355054
,75.1609844421342
,76.86337522675218
,74.85385208408455
,75.07323233983429
,79.73286897195882
,88.20972205412885
,91.70225572566474
,96.572497403309
,92.23754354969411
,86.48100563882087
,81.20710429059707
,76.55624286870255
,74.9767050273044
,74.94160418638444
,81.268530762207
,86.6301842127307
,88.46420315079854
,94.01891122638202
,115.29879603410699
,98.88915290402628
,87.34975145158985
,82.13727657497598
,75.52076806156376
,78.8114718978099
,75.02058107845436
,73.67797391326593
,73.1163604585466
,72.65127431635715
,73.24798861199645
,76.72297186307235
,85.91061697387154
,87.3936275027398
,85.65613587720185
,78.71494458528001
,73.3620663449863
,66.17516916662476
,60.96269429001089
,66.27169647915464
,70.41359570770977
,84.76983964397289
,89.1925455998877
,90.07884183311664
,89.5172283783973
,88.43787752010857
,80.60161478472779
,75.64362100478361
,65.98211454156498
,62.33162708588928
,53.249284497849956
,46.47482220029793
,44.94793562027972
,44.94793562027972
,46.8433810299575
,53.538866435439616
,63.59525735900779
,64.64828258660656
,41.49050278966379
,24.98433234705321
,12.242727093108194
,9.864645120780992
,6.78454633005461
,6.3545610287851275
,9.259155614911705
,21.91300876655682
,65.89436243926508
,74.66957266925476
,68.1057154172225
,59.21642745424295
,51.42404077001211
,23.94885753991442
,14.682235537045322
,8.846720734102192
,9.724241757101154
,9.303031666061656
,9.224054773991739
,10.32973126297044
,33.22425475301352
,73.05493398693667
,91.65837967451478
,98.87160248356629
,91.41267378807507
,84.72596359282294
,84.3398543427034
,76.90725127790213
,77.05642985181196
,78.46046348861032
,89.8594615773669
,101.04785462060374
,99.6350457735754
,103.94367399650034
,126.93472479907331
,105.90054587778803
,98.16081045493715
,93.22036709545294
,90.03496578196669
,85.62981024651188
,82.16360220566595
,80.31203284713813
,78.99575131263968
,78.92554963079976
,82.5497114557855
,102.49576430855204
,137.09641824540134
,135.5958572960731
,102.98717608143147
,90.93003722542564
,81.4440349668068
,75.13465881144421
,71.11561252610895
,70.7207280657594
,77.46008952239148
,90.51760234461612
,107.9802707022956
,128.73364289622117
,147.3458637940293
,115.04431493743728
,98.86282727333631
,91.31614647554518
,85.70878713858178
,84.65576191098303
,82.119726154516
,80.82977025070753
,81.4440349668068
,82.8919446547551
,88.61338172470836
,104.76854375811936
,154.62928828492073
,159.4205530704951
,115.16716788065713
,99.52096804058554
,89.3504993840275
,81.95299716014621
,82.0495244726761
,81.1807786599071
,90.98268848680559
,104.78609417857935
,142.87928178696455
,170.47731796028205
,174.41738735354744
,123.59136970144723
,100.36338822266454
,96.52862135215906
,88.28869894619875
,89.80681031598695
,83.08499927981487
,81.49668622818673
,80.75079335863762
,80.11897822207835
,86.80568841733049
,101.70599538785297
,155.4102819953898
,157.6128597631172
,106.62011311664719
,95.31764234042048
,83.98007072327381
,80.07510217092842
,77.56539204515137
,78.27618407378051
,88.45542794056855
,99.42444072805566
,124.49521635513617
,144.186788111233
,121.86265328613926
,100.25808569990468
,92.53590069751374
,88.35012541780867
,81.88279547830628
,83.45355810947444
,80.1716294834583
,78.58331643183017
,81.25975555197702
,82.99724717751498
,88.36767583826865
,103.65409205891066
,130.37460720922925
,140.84343301360695
,110.46365519738266
,97.12533564779835
,86.49855605928086
,81.70729127370649
,78.1182302896407
,80.65426604610774
,89.87701199782687
,108.18210053758536
,115.1934935113471
,115.63225402284658
,117.4048464893045
,113.98251449960853
,106.99744715653674
,105.02302485478907
,95.56334822686019
,101.00397856945379
,96.19516336341945
,94.43134610719153
,93.5099490330426
,94.9578587209909
,98.80140080172637
,105.7689177243382
,114.86881073283749
,118.5982750805831
,108.47168247517502
,92.60610237935367
,84.73473880305292
,78.57454122160017
,76.95112732905208
,78.5569908011402
,84.35740476316337
,97.5114448979179
,117.7383044780441
,131.72598958464766
,114.94778762490739
,101.10050588198368
,89.32417375333753
,86.85833967871042
,81.32995723381693
,85.67368629766183
,78.57454122160017
,71.29989194093874
2037-10-27 02:00:00+01:00,70.97520916242911
2037-10-27 03:00:00+01:00,69.80810620184049
2037-10-27 04:00:00+01:00,69.68525325862063
2037-10-27 05:00:00+01:00,78.5482155909102
2037-10-27 06:00:00+01:00,81.37383328496688
2037-10-27 07:00:00+01:00,87.17424724699005
2037-10-27 08:00:00+01:00,78.72371979551
2037-10-27 09:00:00+01:00,71.7474276626682
2037-10-27 10:00:00+01:00,52.74909751474055
2037-10-27 11:00:00+01:00,36.54128421994962
2037-10-27 12:00:00+01:00,32.47836188346439
2037-10-27 13:00:00+01:00,32.31163288909459
2037-10-27 14:00:00+01:00,46.896032291337434
2037-10-27 15:00:00+01:00,89.13989433850774
2037-10-27 16:00:00+01:00,108.88411735598453
2037-10-27 17:00:00+01:00,121.95918059866915
2037-10-27 18:00:00+01:00,130.3307311580793
2037-10-27 19:00:00+01:00,123.775649116277
2037-10-27 20:00:00+01:00,112.63990733442012
2037-10-27 21:00:00+01:00,107.59416145217605
2037-10-27 22:00:00+01:00,104.18937988294005
2037-10-27 23:00:00+01:00,95.82660453375988
2037-10-28 00:00:00+01:00,92.62365279981366
2037-10-28 01:00:00+01:00,89.3504993840275
2037-10-28 02:00:00+01:00,86.86711488894042
2037-10-28 03:00:00+01:00,83.95374509258384
2037-10-28 04:00:00+01:00,86.41080395698096
2037-10-28 05:00:00+01:00,95.37906881203041
2037-10-28 06:00:00+01:00,113.84211113592869
2037-10-28 07:00:00+01:00,129.15485298726068
2037-10-28 08:00:00+01:00,127.11900421390307
2037-10-28 09:00:00+01:00,110.84976444750221
2037-10-28 10:00:00+01:00,102.67126851315183
2037-10-28 11:00:00+01:00,96.93228102273858
2037-10-28 12:00:00+01:00,98.82772643241634
2037-10-28 13:00:00+01:00,99.79299955771522
2037-10-28 14:00:00+01:00,107.59416145217605
2037-10-28 15:00:00+01:00,114.57922879524781
2037-10-28 16:00:00+01:00,136.7892858873517
2037-10-28 17:00:00+01:00,164.3434460095193
2037-10-28 18:00:00+01:00,166.8794817659863
2037-10-28 19:00:00+01:00,147.05628185643963
2037-10-28 20:00:00+01:00,118.92295785909272
2037-10-28 21:00:00+01:00,111.57810689659135
2037-10-28 22:00:00+01:00,107.09397446906662
2037-10-28 23:00:00+01:00,98.59957096643663
2037-10-29 00:00:00+01:00,101.11805630244365
2037-10-29 01:00:00+01:00,98.82772643241634
2037-10-29 02:00:00+01:00,97.93265498895741
2037-10-29 03:00:00+01:00,97.36226632400808
2037-10-29 04:00:00+01:00,99.05588189839608
2037-10-29 05:00:00+01:00,107.83109212838576
2037-10-29 06:00:00+01:00,117.0713885005649
2037-10-29 07:00:00+01:00,142.9933595199544
2037-10-29 08:00:00+01:00,143.2390654063941
2037-10-29 09:00:00+01:00,125.14458191215539
2037-10-29 10:00:00+01:00,117.47504817114441
2037-10-29 11:00:00+01:00,112.42930228890035
2037-10-29 12:00:00+01:00,107.51518456010614
2037-10-29 13:00:00+01:00,108.65596189000479
2037-10-29 14:00:00+01:00,116.54487588676551
2037-10-29 15:00:00+01:00,132.1998509370671
2037-10-29 16:00:00+01:00,159.499529962565
2037-10-29 17:00:00+01:00,184.84233710677518
2037-10-29 18:00:00+01:00,154.09400046089135
2037-10-29 19:00:00+01:00,146.26651293574056
2037-10-29 20:00:00+01:00,124.01257979248672
2037-10-29 21:00:00+01:00,112.9909157436197
2037-10-29 22:00:00+01:00,109.27022660610407
2037-10-29 23:00:00+01:00,99.84565081909517
2037-10-30 00:00:00+01:00,104.07530214995018
2037-10-30 01:00:00+01:00,99.73157308610529
2037-10-30 02:00:00+01:00,98.09060877309723
2037-10-30 03:00:00+01:00,97.91510456849743
2037-10-30 04:00:00+01:00,98.86282727333631
2037-10-30 05:00:00+01:00,107.8837433897657
2037-10-30 06:00:00+01:00,118.97560912047265
2037-10-30 07:00:00+01:00,147.26688690195937
2037-10-30 08:00:00+01:00,146.4858931914903
2037-10-30 09:00:00+01:00,124.96907770755561
2037-10-30 10:00:00+01:00,113.25417205051937
2037-10-30 11:00:00+01:00,108.8928925662145
2037-10-30 12:00:00+01:00,101.78497227992287
2037-10-30 13:00:00+01:00,104.91772233202919
2037-10-30 14:00:00+01:00,117.834831790574
2037-10-30 15:00:00+01:00,136.3680757963122
2037-10-30 16:00:00+01:00,156.4194311718386
2037-10-30 17:00:00+01:00,154.12032609158132
2037-10-30 18:00:00+01:00,155.3488555237799
2037-10-30 19:00:00+01:00,151.93529874431388
2037-10-30 20:00:00+01:00,127.14532984459304
2037-10-30 21:00:00+01:00,117.5803506939043
2037-10-30 22:00:00+01:00,109.99856905519322
2037-10-30 23:00:00+01:00,102.62739246200188
2037-10-31 00:00:00+01:00,99.14363400069598
2037-10-31 01:00:00+01:00,96.72167597721884
2037-10-31 02:00:00+01:00,93.72055407856236
2037-10-31 03:00:00+01:00,92.07081455532429
2037-10-31 04:00:00+01:00,93.70300365810239
2037-10-31 05:00:00+01:00,97.14288606825832
2037-10-31 06:00:00+01:00,110.21794931094296
2037-10-31 07:00:00+01:00,119.47579610358207
2037-10-31 08:00:00+01:00,117.84360700080398
2037-10-31 09:00:00+01:00,108.20842616827531
2037-10-31 10:00:00+01:00,98.19591129585709
2037-10-31 11:00:00+01:00,95.08948687444075
2037-10-31 12:00:00+01:00,89.60498048069721
2037-10-31 13:00:00+01:00,90.12271788426659
2037-10-31 14:00:00+01:00,94.46644694811148
2037-10-31 15:00:00+01:00,101.71477059808296
2037-10-31 16:00:00+01:00,109.16492408334419
2037-10-31 17:00:00+01:00,119.94088224577152
2037-10-31 18:00:00+01:00,121.9065293372892
2037-10-31 19:00:00+01:00,110.71813629405236
2037-10-31 20:00:00+01:00,100.94255209784387
2037-10-31 21:00:00+01:00,95.35274318134044
2037-10-31 22:00:00+01:00,94.43134610719153
2037-10-31 23:00:00+01:00,85.57715898513194
2037-11-01 00:00:00+01:00,87.44627876411974
2037-11-01 01:00:00+01:00,80.00490048908848
2037-11-01 02:00:00+01:00,78.53944038068022
2037-11-01 03:00:00+01:00,75.80157478892343
2037-11-01 04:00:00+01:00,75.11710839098424
2037-11-01 05:00:00+01:00,80.02245090954847
2037-11-01 06:00:00+01:00,88.98194055436792
2037-11-01 07:00:00+01:00,89.58743006023721
2037-11-01 08:00:00+01:00,84.92779342811271
2037-11-01 09:00:00+01:00,70.77337932713935
2037-11-01 10:00:00+01:00,44.008988125670825
2037-11-01 11:00:00+01:00,39.91096494826565
2037-11-01 12:00:00+01:00,35.46193336166089
2037-11-01 13:00:00+01:00,34.90031990694155
2037-11-01 14:00:00+01:00,50.93262899713268
2037-11-01 15:00:00+01:00,78.6271924829801
2037-11-01 16:00:00+01:00,94.46644694811148
2037-11-01 17:00:00+01:00,106.14625176422774
2037-11-01 18:00:00+01:00,110.0073442654232
2037-11-01 19:00:00+01:00,106.9535711053868
2037-11-01 20:00:00+01:00,104.43508576937975
2037-11-01 21:00:00+01:00,95.91435663605978
2037-11-01 22:00:00+01:00,94.46644694811148
2037-11-01 23:00:00+01:00,89.99986494104672
2037-11-02 00:00:00+01:00,91.02656453795552
2037-11-02 01:00:00+01:00,87.43750355388975
2037-11-02 02:00:00+01:00,87.34975145158985
2037-11-02 03:00:00+01:00,85.6912367181218
2037-11-02 04:00:00+01:00,87.32342582089989
2037-11-02 05:00:00+01:00,87.38485229250982
2037-11-02 06:00:00+01:00,94.34359400489163
2037-11-02 07:00:00+01:00,96.87962976135864
2037-11-02 08:00:00+01:00,96.81820328974872
2037-11-02 09:00:00+01:00,93.25546793637291
2037-11-02 10:00:00+01:00,87.36730187204982
2037-11-02 11:00:00+01:00,86.62140900250071
2037-11-02 12:00:00+01:00,83.20785222303472
2037-11-02 13:00:00+01:00,85.6912367181218
2037-11-02 14:00:00+01:00,93.83463181155223
2037-11-02 15:00:00+01:00,107.8837433897657
2037-11-02 16:00:00+01:00,121.80122681452931
2037-11-02 17:00:00+01:00,134.79731316514403
2037-11-02 18:00:00+01:00,136.43827747815212
2037-11-02 19:00:00+01:00,126.32923529320402
2037-11-02 20:00:00+01:00,109.75286316875349
2037-11-02 21:00:00+01:00,104.78609417857935
2037-11-02 22:00:00+01:00,103.26798280879113
2037-11-02 23:00:00+01:00,97.64307305136775
2037-11-03 00:00:00+01:00,96.80942807951872
2037-11-03 01:00:00+01:00,96.12496168157952
2037-11-03 02:00:00+01:00,96.13373689180952
2037-11-03 03:00:00+01:00,94.4576717378815
2037-11-03 04:00:00+01:00,93.5889259251125
2037-11-03 05:00:00+01:00,94.42257089696153
2037-11-03 06:00:00+01:00,95.14213813582069
2037-11-03 07:00:00+01:00,95.91435663605978
2037-11-03 08:00:00+01:00,89.33294896356752
2037-11-03 09:00:00+01:00,78.9782008921797
2037-11-03 10:00:00+01:00,59.839467380572216
2037-11-03 11:00:00+01:00,49.52859536033434
2037-11-03 12:00:00+01:00,49.265339053434644
2037-11-03 13:00:00+01:00,48.79147770101521
2037-11-03 14:00:00+01:00,73.5375705495861
2037-11-03 15:00:00+01:00,96.10741126111955
2037-11-03 16:00:00+01:00,110.57773293037252
2037-11-03 17:00:00+01:00,123.66157138328714
2037-11-03 18:00:00+01:00,127.62796640724248
2037-11-03 19:00:00+01:00,119.02826038185259
2037-11-03 20:00:00+01:00,110.90241570888216
2037-11-03 21:00:00+01:00,106.70786521894709
2037-11-03 22:00:00+01:00,102.88187355867159
2037-11-03 23:00:00+01:00,97.99408146056733
2037-11-04 00:00:00+01:00,94.68582720386122
2037-11-04 01:00:00+01:00,94.05401206730197
2037-11-04 02:00:00+01:00,93.69422844787239
2037-11-04 03:00:00+01:00,94.15931459006185
2037-11-04 04:00:00+01:00,96.09863605088955
2037-11-04 05:00:00+01:00,99.09975794954603
2037-11-04 06:00:00+01:00,115.63225402284658
2037-11-04 07:00:00+01:00,132.6386114485666
2037-11-04 08:00:00+01:00,130.00604837956968
2037-11-04 09:00:00+01:00,113.92986323822859
2037-11-04 10:00:00+01:00,107.05887362814667
2037-11-04 11:00:00+01:00,100.59154368864428
2037-11-04 12:00:00+01:00,98.49426844367675
2037-11-04 13:00:00+01:00,101.53049118325316
2037-11-04 14:00:00+01:00,109.94591779381327
2037-11-04 15:00:00+01:00,130.95377108440857
2037-11-04 16:00:00+01:00,149.64496887428658
2037-11-04 17:00:00+01:00,149.9696516527962
2037-11-04 18:00:00+01:00,162.81655942950107
2037-11-04 19:00:00+01:00,157.75326312679704
2037-11-04 20:00:00+01:00,128.4703865893215
2037-11-04 21:00:00+01:00,110.90241570888216
2037-11-04 22:00:00+01:00,106.45338412227738
2037-11-04 23:00:00+01:00,100.41603948404449
2037-11-05 00:00:00+01:00,99.91585250093507
2037-11-05 01:00:00+01:00,99.09975794954603
2037-11-05 02:00:00+01:00,98.87160248356629
2037-11-05 03:00:00+01:00,98.01163188102731
2037-11-05 04:00:00+01:00,98.22223692654705
2037-11-05 05:00:00+01:00,100.60909410910426
2037-11-05 06:00:00+01:00,120.05495997876139
2037-11-05 07:00:00+01:00,142.71255279259475
2037-11-05 08:00:00+01:00,135.34137619940338
2037-11-05 09:00:00+01:00,115.49185065916676
2037-11-05 10:00:00+01:00,103.51368869523084
2037-11-05 11:00:00+01:00,99.08220752908605
2037-11-05 12:00:00+01:00,97.32716548308812
2037-11-05 13:00:00+01:00,98.33631465953692
2037-11-05 14:00:00+01:00,106.63766353710716
2037-11-05 15:00:00+01:00,136.48215352930208
2037-11-05 16:00:00+01:00,179.7176143324612
2037-11-05 17:00:00+01:00,175.00532643895676
2037-11-05 18:00:00+01:00,181.69203663420888
2037-11-05 19:00:00+01:00,178.23460380359296
2037-11-05 20:00:00+01:00,152.8742462389228
2037-11-05 21:00:00+01:00,125.18845796330535
2037-11-05 22:00:00+01:00,111.78871194211112
2037-11-05 23:00:00+01:00,106.62888832687717
2037-11-06 00:00:00+01:00,107.10274967929662
2037-11-06 01:00:00+01:00,104.11040299087014
2037-11-06 02:00:00+01:00,103.19778112695121
2037-11-06 03:00:00+01:00,103.25043238833115
2037-11-06 04:00:00+01:00,104.18060467271006
2037-11-06 05:00:00+01:00,113.70170777224885
2037-11-06 06:00:00+01:00,133.7442879375453
2037-11-06 07:00:00+01:00,144.74840156595235
2037-11-06 08:00:00+01:00,157.5426580812773
2037-11-06 09:00:00+01:00,142.66867674144476
2037-11-06 10:00:00+01:00,128.9705735724309
2037-11-06 11:00:00+01:00,123.43341591730741
2037-11-06 12:00:00+01:00,117.68565321666418
2037-11-06 13:00:00+01:00,122.48569321246852
2037-11-06 14:00:00+01:00,133.54245810225552
2037-11-06 15:00:00+01:00,137.50885312621085
2037-11-06 16:00:00+01:00,145.19593728768183
2037-11-06 17:00:00+01:00,155.05927358619022
2037-11-06 18:00:00+01:00,157.56898371196726
2037-11-06 19:00:00+01:00,155.85781771711925
2037-11-06 20:00:00+01:00,136.41195184746215
2037-11-06 21:00:00+01:00,130.44480889106916
2037-11-06 22:00:00+01:00,117.03628765964493
2037-11-06 23:00:00+01:00,109.32287786748401
2037-11-07 00:00:00+01:00,101.46906471164324
2037-11-07 01:00:00+01:00,98.85405206310632
2037-11-07 02:00:00+01:00,97.36226632400808
2037-11-07 03:00:00+01:00,97.80102683550756
2037-11-07 04:00:00+01:00,97.69572431274769
2037-11-07 05:00:00+01:00,103.7242937407506
2037-11-07 06:00:00+01:00,124.635619718816
2037-11-07 07:00:00+01:00,136.23644764286234
2037-11-07 08:00:00+01:00,138.61452961518955
2037-11-07 09:00:00+01:00,130.40093283991922
2037-11-07 10:00:00+01:00,120.80085284831051
2037-11-07 11:00:00+01:00,114.83370989191752
2037-11-07 12:00:00+01:00,111.35872664084161
2037-11-07 13:00:00+01:00,114.14046828374833
2037-11-07 14:00:00+01:00,124.27583609938642
2037-11-07 15:00:00+01:00,131.2609034424582
2037-11-07 16:00:00+01:00,145.66979864010125
2037-11-07 17:00:00+01:00,149.74149618681645
2037-11-07 18:00:00+01:00,154.53276097239083
2037-11-07 19:00:00+01:00,148.17073355564833
2037-11-07 20:00:00+01:00,133.17389927259595
2037-11-07 21:00:00+01:00,112.61358170373015
2037-11-07 22:00:00+01:00,105.81279377548813
2037-11-07 23:00:00+01:00,100.87235041600394
2037-11-08 00:00:00+01:00,100.59154368864428
2037-11-08 01:00:00+01:00,99.15240921092597
2037-11-08 02:00:00+01:00,98.73119911988647
2037-11-08 03:00:00+01:00,98.21346171631707
2037-11-08 04:00:00+01:00,98.83650164264634
2037-11-08 05:00:00+01:00,101.51294076279319
2037-11-08 06:00:00+01:00,114.1667939144383
2037-11-08 07:00:00+01:00,137.06131740448137
2037-11-08 08:00:00+01:00,139.01818928576907
2037-11-08 09:00:00+01:00,121.10798520636014
2037-11-08 10:00:00+01:00,110.03366989611317
2037-11-08 11:00:00+01:00,104.61058997397956
2037-11-08 12:00:00+01:00,100.78459831370405
2037-11-08 13:00:00+01:00,100.64419495002421
2037-11-08 14:00:00+01:00,103.15390507580126
2037-11-08 15:00:00+01:00,111.4552539533715
2037-11-08 16:00:00+01:00,125.77639704871464
2037-11-08 17:00:00+01:00,136.7103089952818
2037-11-08 18:00:00+01:00,132.25250219844705
2037-11-08 19:00:00+01:00,119.42314484220212
2037-11-08 20:00:00+01:00,109.66511106645362
2037-11-08 21:00:00+01:00,102.74147019499175
2037-11-08 22:00:00+01:00,101.52171597302319
2037-11-08 23:00:00+01:00,97.97653104010735
2037-11-09 00:00:00+01:00,105.34770763329868
2037-11-09 01:00:00+01:00,103.54001432592081
2037-11-09 02:00:00+01:00,101.6006928650931
2037-11-09 03:00:00+01:00,99.73157308610529
2037-11-09 04:00:00+01:00,99.45076635874562
2037-11-09 05:00:00+01:00,99.74034829633528
2037-11-09 06:00:00+01:00,102.53964035970199
2037-11-09 07:00:00+01:00,104.52283787167966
2037-11-09 08:00:00+01:00,105.49688620720852
2037-11-09 09:00:00+01:00,105.18975384915886
2037-11-09 10:00:00+01:00,102.59229162108193
2037-11-09 11:00:00+01:00,100.76704789324407
2037-11-09 12:00:00+01:00,97.9414301991874
2037-11-09 13:00:00+01:00,97.80980204573754
2037-11-09 14:00:00+01:00,102.9520752405115
2037-11-09 15:00:00+01:00,114.52657753386788
2037-11-09 16:00:00+01:00,127.87367229368219
2037-11-09 17:00:00+01:00,145.18716207745183
2037-11-09 18:00:00+01:00,146.74914949838998
2037-11-09 19:00:00+01:00,134.9903677902038
2037-11-09 20:00:00+01:00,121.4063423541798
2037-11-09 21:00:00+01:00,112.82418674924989
2037-11-09 22:00:00+01:00,110.33202704393281
2037-11-09 23:00:00+01:00,105.04935048547904
2037-11-10 00:00:00+01:00,104.20693030340003
2037-11-10 01:00:00+01:00,102.42556262671212
2037-11-10 02:00:00+01:00,101.5041655525632
2037-11-10 03:00:00+01:00,101.70599538785297
2037-11-10 04:00:00+01:00,101.04785462060374
2037-11-10 05:00:00+01:00,101.53926639348316
2037-11-10 06:00:00+01:00,103.30308364971108
2037-11-10 07:00:00+01:00,104.92649754225917
2037-11-10 08:00:00+01:00,106.68153958825711
2037-11-10 09:00:00+01:00,106.2778799176776
2037-11-10 10:00:00+01:00,104.18060467271006
2037-11-10 11:00:00+01:00,104.17182946248006
2037-11-10 12:00:00+01:00,103.16268028603125
2037-11-10 13:00:00+01:00,102.58351641085193
2037-11-10 14:00:00+01:00,103.11002902465133
2037-11-10 15:00:00+01:00,112.85928759016986
2037-11-10 16:00:00+01:00,120.77452721762054
2037-11-10 17:00:00+01:00,138.21964515484
2037-11-10 18:00:00+01:00,135.19219762549358
2037-11-10 19:00:00+01:00,125.86414915101457
2037-11-10 20:00:00+01:00,120.92370579153037
2037-11-10 21:00:00+01:00,112.79786111855992
2037-11-10 22:00:00+01:00,112.2099220331506
2037-11-10 23:00:00+01:00,105.90932108801803
2037-11-11 00:00:00+01:00,101.46028950141326
2037-11-11 01:00:00+01:00,99.7227978758753
2037-11-11 02:00:00+01:00,98.54691970505668
2037-11-11 03:00:00+01:00,97.12533564779835
2037-11-11 04:00:00+01:00,97.74837557412764
2037-11-11 05:00:00+01:00,101.65334412647303
2037-11-11 06:00:00+01:00,115.57960276146665
2037-11-11 07:00:00+01:00,130.69928998773887
2037-11-11 08:00:00+01:00,134.85873963675397
2037-11-11 09:00:00+01:00,127.18920589574299
2037-11-11 10:00:00+01:00,120.09883602991134
2037-11-11 11:00:00+01:00,117.71197884735415
2037-11-11 12:00:00+01:00,112.83296195947989
2037-11-11 13:00:00+01:00,113.64028130063893
2037-11-11 14:00:00+01:00,117.2468927051647
2037-11-11 15:00:00+01:00,126.03087814538436
2037-11-11 16:00:00+01:00,131.89271857901744
2037-11-11 17:00:00+01:00,141.9842103435056
2037-11-11 18:00:00+01:00,142.1333889174154
2037-11-11 19:00:00+01:00,130.14645174324951
2037-11-11 20:00:00+01:00,117.2381174949347
2037-11-11 21:00:00+01:00,112.48195355028028
2037-11-11 22:00:00+01:00,109.60368459484368
2037-11-11 23:00:00+01:00,104.12795341133011
2037-11-12 00:00:00+01:00,103.92612357604035
2037-11-12 01:00:00+01:00,101.62701849578306
2037-11-12 02:00:00+01:00,100.56521805795431
2037-11-12 03:00:00+01:00,100.17910880783477
2037-11-12 04:00:00+01:00,102.66249330292185
2037-11-12 05:00:00+01:00,106.40073286089745
2037-11-12 06:00:00+01:00,129.18117861795065
2037-11-12 07:00:00+01:00,154.75214122814057
2037-11-12 08:00:00+01:00,166.15991452712717
2037-11-12 09:00:00+01:00,147.96012851012856
2037-11-12 10:00:00+01:00,135.35892661986338
2037-11-12 11:00:00+01:00,133.130023221446
2037-11-12 12:00:00+01:00,127.99652523690204
2037-11-12 13:00:00+01:00,131.25212823222822
2037-11-12 14:00:00+01:00,136.99989093287147
2037-11-12 15:00:00+01:00,148.9517272661174
2037-11-12 16:00:00+01:00,154.7258155974506
2037-11-12 17:00:00+01:00,150.52248989728554
2037-11-12 18:00:00+01:00,148.45154028300797
2037-11-12 19:00:00+01:00,149.6976201356665
2037-11-12 20:00:00+01:00,136.90336362034157
2037-11-12 21:00:00+01:00,123.09995792856782
2037-11-12 22:00:00+01:00,118.37011961460337
2037-11-12 23:00:00+01:00,112.2186972433806
2037-11-13 00:00:00+01:00,109.23512576518411
2037-11-13 01:00:00+01:00,106.80439253147696
2037-11-13 02:00:00+01:00,105.2511803207688
2037-11-13 03:00:00+01:00,105.01424964455907
2037-11-13 04:00:00+01:00,106.11115092330778
2037-11-13 05:00:00+01:00,114.48270148271794
2037-11-13 06:00:00+01:00,132.278827829137
2037-11-13 07:00:00+01:00,161.28967284948288
2037-11-13 08:00:00+01:00,166.51969814655672
2037-11-13 09:00:00+01:00,154.95397106343034
2037-11-13 10:00:00+01:00,153.71666642100178
2037-11-13 11:00:00+01:00,153.90094583583158
2037-11-13 12:00:00+01:00,143.89720617364333
2037-11-13 13:00:00+01:00,142.94070825857446
2037-11-13 14:00:00+01:00,146.46834277103034
2037-11-13 15:00:00+01:00,153.15505296628245
2037-11-13 16:00:00+01:00,169.72264988050296
2037-11-13 17:00:00+01:00,176.09345250747546
2037-11-13 18:00:00+01:00,178.0942004399131
2037-11-13 19:00:00+01:00,151.69836806810417
2037-11-13 20:00:00+01:00,132.94574380661624
2037-11-13 21:00:00+01:00,117.85238221103398
2037-11-13 22:00:00+01:00,113.12254389706953
2037-11-13 23:00:00+01:00,106.19890302560768
2037-11-14 00:00:00+01:00,111.1130207544019
2037-11-14 01:00:00+01:00,108.29617827057521
2037-11-14 02:00:00+01:00,106.70786521894709
2037-11-14 03:00:00+01:00,106.07605008238782
2037-11-14 04:00:00+01:00,105.81279377548813
2037-11-14 05:00:00+01:00,114.66698089754772
2037-11-14 06:00:00+01:00,122.66119741706832
2037-11-14 07:00:00+01:00,130.43603368083916
2037-11-14 08:00:00+01:00,136.17502117125244
2037-11-14 09:00:00+01:00,133.62143499432543
2037-11-14 10:00:00+01:00,123.46851675822737
2037-11-14 11:00:00+01:00,121.61694739969954
2037-11-14 12:00:00+01:00,119.26519105806231
2037-11-14 13:00:00+01:00,119.83557972301163
2037-11-14 14:00:00+01:00,124.32848736076636
2037-11-14 15:00:00+01:00,133.27042658512585
2037-11-14 16:00:00+01:00,145.91550452654099
2037-11-14 17:00:00+01:00,152.92689750030272
2037-11-14 18:00:00+01:00,151.5930655453443
2037-11-14 19:00:00+01:00,144.41494357721274
2037-11-14 20:00:00+01:00,125.17090754284536
2037-11-14 21:00:00+01:00,118.89663222840275
2037-11-14 22:00:00+01:00,116.54487588676551
2037-11-14 23:00:00+01:00,110.0073442654232
2037-11-15 00:00:00+01:00,107.21682741228648
2037-11-15 01:00:00+01:00,106.06727487215784
2037-11-15 02:00:00+01:00,104.79486938880933
2037-11-15 03:00:00+01:00,103.36451012132102
2037-11-15 04:00:00+01:00,104.19815509317004
2037-11-15 05:00:00+01:00,109.11227282196425
2037-11-15 06:00:00+01:00,117.18546623355476
2037-11-15 07:00:00+01:00,133.46348121018562
2037-11-15 08:00:00+01:00,140.7030296499271
2037-11-15 09:00:00+01:00,130.55011141382903
2037-11-15 10:00:00+01:00,123.0209810364979
2037-11-15 11:00:00+01:00,119.25641584783233
2037-11-15 12:00:00+01:00,117.08016371079488
2037-11-15 13:00:00+01:00,117.14159018240481
2037-11-15 14:00:00+01:00,119.96720787646149
2037-11-15 15:00:00+01:00,128.43528574840153
2037-11-15 16:00:00+01:00,135.06056947204374
2037-11-15 17:00:00+01:00,138.50045188219968
2037-11-15 18:00:00+01:00,131.9541450506274
2037-11-15 19:00:00+01:00,129.54096223738023
2037-11-15 20:00:00+01:00,124.91642644617566
2037-11-15 21:00:00+01:00,119.89700619462157
2037-11-15 22:00:00+01:00,116.71160488113532
2037-11-15 23:00:00+01:00,110.96384218049207
2037-11-16 00:00:00+01:00,110.14774762910304
2037-11-16 01:00:00+01:00,106.2778799176776
2037-11-16 02:00:00+01:00,104.09285257041016
2037-11-16 03:00:00+01:00,103.16268028603125
2037-11-16 04:00:00+01:00,102.93452482005152
2037-11-16 05:00:00+01:00,103.84714668397044
2037-11-16 06:00:00+01:00,115.60592839215661
2037-11-16 07:00:00+01:00,115.59715318192661
2037-11-16 08:00:00+01:00,115.58837797169664
2037-11-16 09:00:00+01:00,116.67650404021535
2037-11-16 10:00:00+01:00,110.07754594726313
2037-11-16 11:00:00+01:00,103.33818449063105
2037-11-16 12:00:00+01:00,100.81969915462402
2037-11-16 13:00:00+01:00,102.32026010395225
2037-11-16 14:00:00+01:00,111.61320773751132
2037-11-16 15:00:00+01:00,118.90540743863275
2037-11-16 16:00:00+01:00,119.69517635933181
2037-11-16 17:00:00+01:00,123.72299785489706
2037-11-16 18:00:00+01:00,126.36433613412396
2037-11-16 19:00:00+01:00,123.91605247995685
2037-11-16 20:00:00+01:00,123.33688860477751
2037-11-16 21:00:00+01:00,118.2560418816135
2037-11-16 22:00:00+01:00,112.43807749913034
2037-11-16 23:00:00+01:00,108.50678331609497
2037-11-17 00:00:00+01:00,111.83258799326106
2037-11-17 01:00:00+01:00,110.70936108382239
2037-11-17 02:00:00+01:00,108.52433373655495
2037-11-17 03:00:00+01:00,106.59378748595722
2037-11-17 04:00:00+01:00,106.37440723020748
2037-11-17 05:00:00+01:00,107.49763413964615
2037-11-17 06:00:00+01:00,111.025268652102
2037-11-17 07:00:00+01:00,111.63953336820128
2037-11-17 08:00:00+01:00,111.06914470325195
2037-11-17 09:00:00+01:00,111.65708378866125
2037-11-17 10:00:00+01:00,109.63001022553365
2037-11-17 11:00:00+01:00,108.53310894678494
2037-11-17 12:00:00+01:00,107.50640934987614
2037-11-17 13:00:00+01:00,106.54991143480726
2037-11-17 14:00:00+01:00,108.48923289563498
2037-11-17 15:00:00+01:00,117.43994733022447
2037-11-17 16:00:00+01:00,125.04805459962552
2037-11-17 17:00:00+01:00,126.88207353769336
2037-11-17 18:00:00+01:00,124.618069298356
2037-11-17 19:00:00+01:00,124.7145966108859
2037-11-17 20:00:00+01:00,121.45899361555973
2037-11-17 21:00:00+01:00,118.14196414862363
2037-11-17 22:00:00+01:00,116.27284436963583
2037-11-17 23:00:00+01:00,113.1488695277595
2037-11-18 00:00:00+01:00,109.20880013449414
2037-11-18 01:00:00+01:00,108.12067406597542
2037-11-18 02:00:00+01:00,106.68153958825711
2037-11-18 03:00:00+01:00,107.48008371918617
2037-11-18 04:00:00+01:00,109.11227282196425
2037-11-18 05:00:00+01:00,114.69330652823768
2037-11-18 06:00:00+01:00,124.60929408812603
2037-11-18 07:00:00+01:00,140.94873553636683
2037-11-18 08:00:00+01:00,144.11658642939307
2037-11-18 09:00:00+01:00,132.22617656775708
2037-11-18 10:00:00+01:00,126.89962395815333
2037-11-18 11:00:00+01:00,123.66157138328714
2037-11-18 12:00:00+01:00,121.07288436544019
2037-11-18 13:00:00+01:00,124.60929408812603
2037-11-18 14:00:00+01:00,132.05944757338725
2037-11-18 15:00:00+01:00,143.5812986053637
2037-11-18 16:00:00+01:00,137.09641824540134
2037-11-18 17:00:00+01:00,154.79601727929054
2037-11-18 18:00:00+01:00,168.75737675520412
2037-11-18 19:00:00+01:00,160.5262295594738
2037-11-18 20:00:00+01:00,128.2071302824218
2037-11-18 21:00:00+01:00,127.66306724816243
2037-11-18 22:00:00+01:00,126.39943697504393
2037-11-18 23:00:00+01:00,121.45021840532974
2037-11-19 00:00:00+01:00,114.3422981190381
2037-11-19 01:00:00+01:00,111.47280437383148
2037-11-19 02:00:00+01:00,109.41062996978391
2037-11-19 03:00:00+01:00,107.83986733861576
2037-11-19 04:00:00+01:00,109.82306485059343
2037-11-19 05:00:00+01:00,114.71963215892765
2037-11-19 06:00:00+01:00,130.17277737393948
2037-11-19 07:00:00+01:00,142.29134270155524
2037-11-19 08:00:00+01:00,144.41494357721274
2037-11-19 09:00:00+01:00,141.07158847958667
2037-11-19 10:00:00+01:00,131.84884252786753
2037-11-19 11:00:00+01:00,129.60238870899016
2037-11-19 12:00:00+01:00,128.32120801541166
2037-11-19 13:00:00+01:00,131.71721437441767
2037-11-19 14:00:00+01:00,132.1998509370671
2037-11-19 15:00:00+01:00,145.25736375929176
2037-11-19 16:00:00+01:00,145.33634065136164
2037-11-19 17:00:00+01:00,146.96852975413972
2037-11-19 18:00:00+01:00,136.91213883057154
2037-11-19 19:00:00+01:00,130.585212254749
2037-11-19 20:00:00+01:00,126.47841386711383
2037-11-19 21:00:00+01:00,115.64980444330656
2037-11-19 22:00:00+01:00,115.1934935113471
2037-11-19 23:00:00+01:00,112.27134850476054
2037-11-20 00:00:00+01:00,111.99054177740086
2037-11-20 01:00:00+01:00,109.26145139587408
2037-11-20 02:00:00+01:00,106.62011311664719
2037-11-20 03:00:00+01:00,105.88299545732805
2037-11-20 04:00:00+01:00,103.87347231466042
2037-11-20 05:00:00+01:00,108.48923289563498
2037-11-20 06:00:00+01:00,117.4048464893045
2037-11-20 07:00:00+01:00,129.58483828853016
2037-11-20 08:00:00+01:00,136.6225568929819
2037-11-20 09:00:00+01:00,129.5585126578402
2037-11-20 10:00:00+01:00,128.85649583944104
2037-11-20 11:00:00+01:00,127.38226052080276
2037-11-20 12:00:00+01:00,124.69704619042592
2037-11-20 13:00:00+01:00,125.13580670192542
2037-11-20 14:00:00+01:00,128.3914096972516
2037-11-20 15:00:00+01:00,134.94649173905387
2037-11-20 16:00:00+01:00,134.37610307410455
2037-11-20 17:00:00+01:00,138.57065356403962
2037-11-20 18:00:00+01:00,137.02621656356143
2037-11-20 19:00:00+01:00,129.78666812381994
2037-11-20 20:00:00+01:00,124.7058214006559
2037-11-20 21:00:00+01:00,116.7291553015953
2037-11-20 22:00:00+01:00,115.64980444330656
2037-11-20 23:00:00+01:00,112.93826448223976
2037-11-21 00:00:00+01:00,107.78721607723583
2037-11-21 01:00:00+01:00,106.68153958825711
2037-11-21 02:00:00+01:00,108.47168247517502
2037-11-21 03:00:00+01:00,107.8135417079258
2037-11-21 04:00:00+01:00,107.71701439539589
2037-11-21 05:00:00+01:00,113.10499347660956
2037-11-21 06:00:00+01:00,125.06560502008548
2037-11-21 07:00:00+01:00,130.6554139365889
2037-11-21 08:00:00+01:00,131.98924589154734
2037-11-21 09:00:00+01:00,126.89962395815333
2037-11-21 10:00:00+01:00,124.60929408812603
2037-11-21 11:00:00+01:00,126.81187185585344
2037-11-21 12:00:00+01:00,125.86414915101457
2037-11-21 13:00:00+01:00,129.78666812381994
2037-11-21 14:00:00+01:00,136.60500647252192
2037-11-21 15:00:00+01:00,140.8873090647569
2037-11-21 16:00:00+01:00,145.09063476492196
2037-11-21 17:00:00+01:00,160.98254049143324
2037-11-21 18:00:00+01:00,151.821221011324
2037-11-21 19:00:00+01:00,140.54507586578728
2037-11-21 20:00:00+01:00,131.0678488173984
2037-11-21 21:00:00+01:00,122.06448312142902
2037-11-21 22:00:00+01:00,117.22056707447473
2037-11-21 23:00:00+01:00,110.13897241887304
2037-11-22 00:00:00+01:00,110.56018250991255
2037-11-22 01:00:00+01:00,109.34042828794398
2037-11-22 02:00:00+01:00,108.46290726494502
2037-11-22 03:00:00+01:00,108.47168247517502
2037-11-22 04:00:00+01:00,108.77003962299466
2037-11-22 05:00:00+01:00,112.87683801062983
2037-11-22 06:00:00+01:00,123.81952516742695
2037-11-22 07:00:00+01:00,132.91064296569627
2037-11-22 08:00:00+01:00,136.24522285309234
2037-11-22 09:00:00+01:00,134.68323543215416
2037-11-22 10:00:00+01:00,125.17968275307537
2037-11-22 11:00:00+01:00,123.72299785489706
2037-11-22 12:00:00+01:00,119.54599778542197
2037-11-22 13:00:00+01:00,121.64327303038952
2037-11-22 14:00:00+01:00,124.74092224157587
2037-11-22 15:00:00+01:00,128.5581386916214
2037-11-22 16:00:00+01:00,137.07886782494137
2037-11-22 17:00:00+01:00,133.6389854147854
2037-11-22 18:00:00+01:00,130.0674748511796
2037-11-22 19:00:00+01:00,129.60238870899016
2037-11-22 20:00:00+01:00,127.45246220264266
2037-11-22 21:00:00+01:00,127.06635295252312
2037-11-22 22:00:00+01:00,123.38953986615746
2037-11-22 23:00:00+01:00,117.18546623355476
2037-11-23 00:00:00+01:00,122.02938228050907
2037-11-23 01:00:00+01:00,118.29991793276344
2037-11-23 02:00:00+01:00,114.84248510214752
2037-11-23 03:00:00+01:00,114.3422981190381
2037-11-23 04:00:00+01:00,113.16641994821948
2037-11-23 05:00:00+01:00,116.73793051182528
2037-11-23 06:00:00+01:00,126.05720377607433
2037-11-23 07:00:00+01:00,127.25940757758289
2037-11-23 08:00:00+01:00,127.85612187322221
2037-11-23 09:00:00+01:00,127.06635295252312
2037-11-23 10:00:00+01:00,124.3723634119163
2037-11-23 11:00:00+01:00,117.5803506939043
2037-11-23 12:00:00+01:00,114.27209643719819
2037-11-23 13:00:00+01:00,114.61432963616778
2037-11-23 14:00:00+01:00,121.59939697923957
2037-11-23 15:00:00+01:00,131.62068706188776
2037-11-23 16:00:00+01:00,135.92931528481273
2037-11-23 17:00:00+01:00,135.92054007458273
2037-11-23 18:00:00+01:00,133.6477606250154
2037-11-23 19:00:00+01:00,131.53293495958786
2037-11-23 20:00:00+01:00,124.23196004823647
2037-11-23 21:00:00+01:00,121.59062176900957
2037-11-23 22:00:00+01:00,122.99465540580792
2037-11-23 23:00:00+01:00,114.61432963616778
2037-11-24 00:00:00+01:00,114.46515106225796
2037-11-24 01:00:00+01:00,115.51817628985673
2037-11-24 02:00:00+01:00,115.01798930674731
2037-11-24 03:00:00+01:00,113.73680861316882
2037-11-24 04:00:00+01:00,114.07904181213843
2037-11-24 05:00:00+01:00,115.39532334663687
2037-11-24 06:00:00+01:00,117.56280027344431
2037-11-24 07:00:00+01:00,119.07213643300254
2037-11-24 08:00:00+01:00,120.68677511532064
2037-11-24 09:00:00+01:00,118.68602718288301
2037-11-24 10:00:00+01:00,115.50940107962674
2037-11-24 11:00:00+01:00,115.14084224996716
2037-11-24 12:00:00+01:00,114.62310484639778
2037-11-24 13:00:00+01:00,113.72803340293882
2037-11-24 14:00:00+01:00,114.65820568731773
2037-11-24 15:00:00+01:00,115.91306075020626
2037-11-24 16:00:00+01:00,125.39906300882511
2037-11-24 17:00:00+01:00,126.04842856584432
2037-11-24 18:00:00+01:00,129.86564501588984
2037-11-24 19:00:00+01:00,129.51463660669026
2037-11-24 20:00:00+01:00,124.51276677559613
2037-11-24 21:00:00+01:00,119.90578140485157
2037-11-24 22:00:00+01:00,118.67725197265301
2037-11-24 23:00:00+01:00,115.55327713077668
2037-11-25 00:00:00+01:00,116.24651873894587
2037-11-25 01:00:00+01:00,111.71851026027119
2037-11-25 02:00:00+01:00,109.70021190737356
2037-11-25 03:00:00+01:00,113.71925819270882
2037-11-25 04:00:00+01:00,113.96496407914854
2037-11-25 05:00:00+01:00,119.02826038185259
2037-11-25 06:00:00+01:00,128.04917649828198
2037-11-25 07:00:00+01:00,131.27845386291818
2037-11-25 08:00:00+01:00,130.95377108440857
2037-11-25 09:00:00+01:00,129.08465130542078
2037-11-25 10:00:00+01:00,126.80309664562346
2037-11-25 11:00:00+01:00,126.27658403182409
2037-11-25 12:00:00+01:00,125.20600838376534
2037-11-25 13:00:00+01:00,125.75007141802467
2037-11-25 14:00:00+01:00,126.80309664562346
2037-11-25 15:00:00+01:00,129.09342651565075
2037-11-25 16:00:00+01:00,131.88394336878747
2037-11-25 17:00:00+01:00,132.50698329511675
2037-11-25 18:00:00+01:00,134.1567228183548
2037-11-25 19:00:00+01:00,130.6729643570489
2037-11-25 20:00:00+01:00,128.65466600415127
2037-11-25 21:00:00+01:00,125.75884662825467
2037-11-25 22:00:00+01:00,123.88972684926688
2037-11-25 23:00:00+01:00,118.15073935885363
2037-11-26 00:00:00+01:00,117.17669102332478
2037-11-26 01:00:00+01:00,115.272470403417
2037-11-26 02:00:00+01:00,111.885239254641
2037-11-26 03:00:00+01:00,110.0073442654232
2037-11-26 04:00:00+01:00,110.27060057232289
2037-11-26 05:00:00+01:00,116.24651873894587
2037-11-26 06:00:00+01:00,129.47076055554032
2037-11-26 07:00:00+01:00,135.38525225055335
2037-11-26 08:00:00+01:00,136.4470526883821
2037-11-26 09:00:00+01:00,129.35668282255045
2037-11-26 10:00:00+01:00,126.46086344665383
2037-11-26 11:00:00+01:00,125.39906300882511
2037-11-26 12:00:00+01:00,122.5909957352284
2037-11-26 13:00:00+01:00,126.46086344665383
2037-11-26 14:00:00+01:00,127.72449371977235
2037-11-26 15:00:00+01:00,131.89271857901744
2037-11-26 16:00:00+01:00,136.4470526883821
2037-11-26 17:00:00+01:00,146.2050864641306
2037-11-26 18:00:00+01:00,151.7422441192541
2037-11-26 19:00:00+01:00,148.00400456127852
2037-11-26 20:00:00+01:00,135.38525225055335
2037-11-26 21:00:00+01:00,126.71534454332357
2037-11-26 22:00:00+01:00,124.33726257099636
2037-11-26 23:00:00+01:00,117.42239690976447
2037-11-27 00:00:00+01:00,109.26145139587408
2037-11-27 01:00:00+01:00,105.8478946164081
2037-11-27 02:00:00+01:00,104.54916350236962
2037-11-27 03:00:00+01:00,101.5041655525632
2037-11-27 04:00:00+01:00,105.90054587778803
2037-11-27 05:00:00+01:00,121.4765440360197
2037-11-27 06:00:00+01:00,143.01968515064436
2037-11-27 07:00:00+01:00,174.34718567170754
2037-11-27 08:00:00+01:00,185.06171736252492
2037-11-27 09:00:00+01:00,158.0428450643867
2037-11-27 10:00:00+01:00,153.90972104606158
2037-11-27 11:00:00+01:00,147.02118101551966
2037-11-27 12:00:00+01:00,132.7088131304065
2037-11-27 13:00:00+01:00,130.6905147775089
2037-11-27 14:00:00+01:00,130.6641891468189
2037-11-27 15:00:00+01:00,129.54973744761023
2037-11-27 16:00:00+01:00,131.92781941993744
2037-11-27 17:00:00+01:00,131.34865554475812
2037-11-27 18:00:00+01:00,139.37797290519865
2037-11-27 19:00:00+01:00,132.68248749971653
2037-11-27 20:00:00+01:00,131.15560091969834
2037-11-27 21:00:00+01:00,124.31971215053636
2037-11-27 22:00:00+01:00,116.94853555734504
2037-11-27 23:00:00+01:00,111.23587369762176
2037-11-28 00:00:00+01:00,115.56205234100668
2037-11-28 01:00:00+01:00,115.1847183011171
2037-11-28 02:00:00+01:00,115.43042418755682
2037-11-28 03:00:00+01:00,115.53572671031671
2037-11-28 04:00:00+01:00,115.14961746019716
2037-11-28 05:00:00+01:00,115.54450192054668
2037-11-28 06:00:00+01:00,129.58483828853016
2037-11-28 07:00:00+01:00,130.4886849422191
2037-11-28 08:00:00+01:00,125.5745672134249
2037-11-28 09:00:00+01:00,124.60929408812603
2037-11-28 10:00:00+01:00,126.34678571366398
2037-11-28 11:00:00+01:00,130.41848326037922
2037-11-28 12:00:00+01:00,129.14607777703068
2037-11-28 13:00:00+01:00,130.20787821485945
2037-11-28 14:00:00+01:00,127.75081935046232
2037-11-28 15:00:00+01:00,127.37348531057279
2037-11-28 16:00:00+01:00,125.39906300882511
2037-11-28 17:00:00+01:00,131.36620596521806
2037-11-28 18:00:00+01:00,133.92856735237507
2037-11-28 19:00:00+01:00,133.10369759075604
2037-11-28 20:00:00+01:00,127.50511346402261
2037-11-28 21:00:00+01:00,125.03050417916552
2037-11-28 22:00:00+01:00,123.43341591730741
2037-11-28 23:00:00+01:00,115.89551032974627
2037-11-29 00:00:00+01:00,108.29617827057521
2037-11-29 01:00:00+01:00,106.37440723020748
2037-11-29 02:00:00+01:00,102.4343378369421
2037-11-29 03:00:00+01:00,101.7498714390029
2037-11-29 04:00:00+01:00,104.09285257041016
2037-11-29 05:00:00+01:00,111.14812159532187
2037-11-29 06:00:00+01:00,131.41008201636802
2037-11-29 07:00:00+01:00,159.85931358199457
2037-11-29 08:00:00+01:00,177.58523824657374
2037-11-29 09:00:00+01:00,155.03294795550022
2037-11-29 10:00:00+01:00,143.69537633835358
2037-11-29 11:00:00+01:00,137.79843506380053
2037-11-29 12:00:00+01:00,131.22580260153825
2037-11-29 13:00:00+01:00,130.2517542660094
2037-11-29 14:00:00+01:00,132.57718497695663
2037-11-29 15:00:00+01:00,146.1436599925207
2037-11-29 16:00:00+01:00,154.78724206906054
2037-11-29 17:00:00+01:00,153.6201391084719
2037-11-29 18:00:00+01:00,150.85594788602515
2037-11-29 19:00:00+01:00,138.00026489909027
2037-11-29 20:00:00+01:00,124.44256509375623
2037-11-29 21:00:00+01:00,118.01033599517379
2037-11-29 22:00:00+01:00,111.79748715234109
2037-11-29 23:00:00+01:00,108.62086104908484
2037-11-30 00:00:00+01:00,107.5415101907961
2037-11-30 01:00:00+01:00,105.68994083226829
2037-11-30 02:00:00+01:00,102.35536094487222
2037-11-30 03:00:00+01:00,101.70599538785297
2037-11-30 04:00:00+01:00,102.31148489372225
2037-11-30 05:00:00+01:00,104.97914880363912
2037-11-30 06:00:00+01:00,108.62963625931482
2037-11-30 07:00:00+01:00,111.75361110119115
2037-11-30 08:00:00+01:00,118.39644524529334
2037-11-30 09:00:00+01:00,110.4373295666927
2037-11-30 10:00:00+01:00,105.72504167318823
2037-11-30 11:00:00+01:00,102.55719078016196
2037-11-30 12:00:00+01:00,101.9253756436027
2037-11-30 13:00:00+01:00,102.12720547889248
2037-11-30 14:00:00+01:00,106.2691047074476
2037-11-30 15:00:00+01:00,119.51089694450204
2037-11-30 16:00:00+01:00,123.81074995719698
2037-11-30 17:00:00+01:00,130.4097080501492
2037-11-30 18:00:00+01:00,134.80608837537403
2037-11-30 19:00:00+01:00,126.61004202056368
2037-11-30 20:00:00+01:00,119.88823098439158
2037-11-30 21:00:00+01:00,113.43845146534917
2037-11-30 22:00:00+01:00,109.00697029920438
2037-11-30 23:00:00+01:00,106.19012781537769
2037-12-01 00:00:00+01:00,100.27563612036465
2037-12-01 01:00:00+01:00,97.44124321607798
2037-12-01 02:00:00+01:00,93.79953097063228
2037-12-01 03:00:00+01:00,92.72895532257351
2037-12-01 04:00:00+01:00,90.19291956610651
2037-12-01 05:00:00+01:00,91.23716958347528
2037-12-01 06:00:00+01:00,87.62178296871953
2037-12-01 07:00:00+01:00,91.08799100956546
2037-12-01 08:00:00+01:00,96.88840497158864
2037-12-01 09:00:00+01:00,92.86058347602336
2037-12-01 10:00:00+01:00,90.7106569696759
2037-12-01 11:00:00+01:00,88.920514082758
2037-12-01 12:00:00+01:00,89.62253090115718
2037-12-01 13:00:00+01:00,89.57865485000724
2037-12-01 14:00:00+01:00,92.96588599878325
2037-12-01 15:00:00+01:00,105.64606478111834
2037-12-01 16:00:00+01:00,121.71347471222943
2037-12-01 17:00:00+01:00,123.98625416179675
2037-12-01 18:00:00+01:00,121.71347471222943
2037-12-01 19:00:00+01:00,118.31746835322343
2037-12-01 20:00:00+01:00,119.38804400128217
2037-12-01 21:00:00+01:00,118.12441372816366
2037-12-01 22:00:00+01:00,113.28927289143934
2037-12-01 23:00:00+01:00,110.34957746439281
2037-12-02 00:00:00+01:00,104.12795341133011
2037-12-02 01:00:00+01:00,97.50266968768791
2037-12-02 02:00:00+01:00,96.18638815318945
2037-12-02 03:00:00+01:00,97.85367809688749
2037-12-02 04:00:00+01:00,94.38747005604156
2037-12-02 05:00:00+01:00,103.32063407017107
2037-12-02 06:00:00+01:00,120.62534864371071
2037-12-02 07:00:00+01:00,134.4989560173244
2037-12-02 08:00:00+01:00,136.8068363078117
2037-12-02 09:00:00+01:00,130.92744545371858
2037-12-02 10:00:00+01:00,128.44406095863152
2037-12-02 11:00:00+01:00,126.68024370240357
2037-12-02 12:00:00+01:00,123.74054827535704
2037-12-02 13:00:00+01:00,125.29376048606522
2037-12-02 14:00:00+01:00,128.7248676859912
2037-12-02 15:00:00+01:00,136.49092873953205
2037-12-02 16:00:00+01:00,136.1662459610224
2037-12-02 17:00:00+01:00,140.0097880417579
2037-12-02 18:00:00+01:00,139.68510526324832
2037-12-02 19:00:00+01:00,136.8068363078117
2037-12-02 20:00:00+01:00,130.9186702434886
2037-12-02 21:00:00+01:00,121.74857555314938
2037-12-02 22:00:00+01:00,112.42052707867037
2037-12-02 23:00:00+01:00,97.29206464216816
2037-12-03 00:00:00+01:00,111.20954806693177
2037-12-03 01:00:00+01:00,111.6219829477413
2037-12-03 02:00:00+01:00,111.63075815797129
2037-12-03 03:00:00+01:00,109.34920349817398
2037-12-03 04:00:00+01:00,110.04244510634317
2037-12-03 05:00:00+01:00,113.56130440856901
2037-12-03 06:00:00+01:00,129.33913240209046
2037-12-03 07:00:00+01:00,137.93006321725036
2037-12-03 08:00:00+01:00,142.18604017879534
2037-12-03 09:00:00+01:00,138.7549329788694
2037-12-03 10:00:00+01:00,135.92054007458273
2037-12-03 11:00:00+01:00,131.86639294832747
2037-12-03 12:00:00+01:00,128.6371155836913
2037-12-03 13:00:00+01:00,131.25212823222822
2037-12-03 14:00:00+01:00,137.85986153541043
2037-12-03 15:00:00+01:00,145.25736375929176
2037-12-03 16:00:00+01:00,180.3143286281005
2037-12-03 17:00:00+01:00,198.90899910544863
2037-12-03 18:00:00+01:00,178.74356599693238
2037-12-03 19:00:00+01:00,155.4892588874597
2037-12-03 20:00:00+01:00,140.7205800703871
2037-12-03 21:00:00+01:00,133.77061356823526
2037-12-03 22:00:00+01:00,129.51463660669026
2037-12-03 23:00:00+01:00,123.38076465592746
2037-12-04 00:00:00+01:00,122.49446842269853
2037-12-04 01:00:00+01:00,120.62534864371071
2037-12-04 02:00:00+01:00,118.18584019977358
2037-12-04 03:00:00+01:00,115.21981914203707
2037-12-04 04:00:00+01:00,116.89588429596509
2037-12-04 05:00:00+01:00,123.41586549684743
2037-12-04 06:00:00+01:00,138.95676281415916
2037-12-04 07:00:00+01:00,182.25365008892823
2037-12-04 08:00:00+01:00,212.52812538239263
2037-12-04 09:00:00+01:00,214.8184552524199
2037-12-04 10:00:00+01:00,180.39330552017043
2037-12-04 11:00:00+01:00,172.5131667336397
2037-12-04 12:00:00+01:00,167.80087884013523
2037-12-04 13:00:00+01:00,173.29416044410874
2037-12-04 14:00:00+01:00,207.05239419887906
2037-12-04 15:00:00+01:00,229.94691768892213
2037-12-04 16:00:00+01:00,219.837875503974
2037-12-04 17:00:00+01:00,236.76525603762408
2037-12-04 18:00:00+01:00,198.27718396888937
2037-12-04 19:00:00+01:00,184.67560811240537
2037-12-04 20:00:00+01:00,156.3492294899987
2037-12-04 21:00:00+01:00,135.47300435285325
2037-12-04 22:00:00+01:00,127.97897481644208
2037-12-04 23:00:00+01:00,120.70432553578063
2037-12-05 00:00:00+01:00,110.39345351554275
2037-12-05 01:00:00+01:00,106.61133790641719
2037-12-05 02:00:00+01:00,104.70711728650943
2037-12-05 03:00:00+01:00,103.74184416121058
2037-12-05 04:00:00+01:00,103.68041768960065
2037-12-05 05:00:00+01:00,110.12142199841307
2037-12-05 06:00:00+01:00,124.7233718211159
2037-12-05 07:00:00+01:00,134.02509466490494
2037-12-05 08:00:00+01:00,137.9125127967904
2037-12-05 09:00:00+01:00,140.21161787704767
2037-12-05 10:00:00+01:00,135.94686570527267
2037-12-05 11:00:00+01:00,132.41045598258685
2037-12-05 12:00:00+01:00,126.82064706608341
2037-12-05 13:00:00+01:00,128.031626077822
2037-12-05 14:00:00+01:00,132.07699799384724
2037-12-05 15:00:00+01:00,129.14607777703068
2037-12-05 16:00:00+01:00,129.00567441335085
2037-12-05 17:00:00+01:00,128.65466600415127
2037-12-05 18:00:00+01:00,134.86751484698397
2037-12-05 19:00:00+01:00,130.8572437718787
2037-12-05 20:00:00+01:00,134.86751484698397
2037-12-05 21:00:00+01:00,128.022850867592
2037-12-05 22:00:00+01:00,123.4421911275374
2037-12-05 23:00:00+01:00,116.14999142641598
2037-12-06 00:00:00+01:00,111.35872664084161
2037-12-06 01:00:00+01:00,107.5415101907961
2037-12-06 02:00:00+01:00,105.86544503686808
2037-12-06 03:00:00+01:00,105.4179093151386
2037-12-06 04:00:00+01:00,106.05849966192785
2037-12-06 05:00:00+01:00,111.36750185107161
2037-12-06 06:00:00+01:00,123.38953986615746
2037-12-06 07:00:00+01:00,130.7519412491188
2037-12-06 08:00:00+01:00,133.9022417216851
2037-12-06 09:00:00+01:00,129.49708618623026
2037-12-06 10:00:00+01:00,126.84697269677338
2037-12-06 11:00:00+01:00,124.27583609938642
2037-12-06 12:00:00+01:00,114.69330652823768
2037-12-06 13:00:00+01:00,124.27583609938642
2037-12-06 14:00:00+01:00,127.85612187322221
2037-12-06 15:00:00+01:00,128.90037189059097
2037-12-06 16:00:00+01:00,127.84734666299222
2037-12-06 17:00:00+01:00,131.66456311303773
2037-12-06 18:00:00+01:00,136.1223699098725
2037-12-06 19:00:00+01:00,131.98924589154734
2037-12-06 20:00:00+01:00,127.85612187322221
2037-12-06 21:00:00+01:00,121.4853192462497
2037-12-06 22:00:00+01:00,123.83707558788694
2037-12-06 23:00:00+01:00,114.63188005662776
2037-12-07 00:00:00+01:00,114.35107332926809
2037-12-07 01:00:00+01:00,111.73606068073117
2037-12-07 02:00:00+01:00,110.04244510634317
2037-12-07 03:00:00+01:00,109.43695560047388
2037-12-07 04:00:00+01:00,109.0771719810443
2037-12-07 05:00:00+01:00,109.18247450380417
2037-12-07 06:00:00+01:00,110.04244510634317
2037-12-07 07:00:00+01:00,112.9031636413198
2037-12-07 08:00:00+01:00,114.50025190317791
2037-12-07 09:00:00+01:00,116.68527925044535
2037-12-07 10:00:00+01:00,114.62310484639778
2037-12-07 11:00:00+01:00,114.45637585202797
2037-12-07 12:00:00+01:00,113.52620356764906
2037-12-07 13:00:00+01:00,114.41249980087802
2037-12-07 14:00:00+01:00,114.64943047708775
2037-12-07 15:00:00+01:00,118.98438433070264
2037-12-07 16:00:00+01:00,119.00193475116262
2037-12-07 17:00:00+01:00,119.95843266623149
2037-12-07 18:00:00+01:00,118.98438433070264
2037-12-07 19:00:00+01:00,117.91380868264389
2037-12-07 20:00:00+01:00,114.40372459064803
2037-12-07 21:00:00+01:00,112.30644934568049
2037-12-07 22:00:00+01:00,113.59640524948898
2037-12-07 23:00:00+01:00,108.81391567414461
2037-12-08 00:00:00+01:00,112.1309451410807
2037-12-08 01:00:00+01:00,110.21794931094296
2037-12-08 02:00:00+01:00,99.76667392702525
2037-12-08 03:00:00+01:00,90.97391327657559
2037-12-08 04:00:00+01:00,89.91211283874684
2037-12-08 05:00:00+01:00,100.04748065438491
2037-12-08 06:00:00+01:00,110.75323713497232
2037-12-08 07:00:00+01:00,111.14812159532187
2037-12-08 08:00:00+01:00,114.65820568731773
2037-12-08 09:00:00+01:00,114.86881073283749
2037-12-08 10:00:00+01:00,115.07941577835724
2037-12-08 11:00:00+01:00,113.9210880279986
2037-12-08 12:00:00+01:00,112.24502287407057
2037-12-08 13:00:00+01:00,112.92071406177978
2037-12-08 14:00:00+01:00,115.56205234100668
2037-12-08 15:00:00+01:00,118.72112802380295
2037-12-08 16:00:00+01:00,126.54861554895376
2037-12-08 17:00:00+01:00,129.5760630783002
2037-12-08 18:00:00+01:00,126.80309664562346
2037-12-08 19:00:00+01:00,126.0045525146944
2037-12-08 20:00:00+01:00,117.2381174949347
2037-12-08 21:00:00+01:00,115.00921409651731
2037-12-08 22:00:00+01:00,115.13206703973717
2037-12-08 23:00:00+01:00,112.14849556154068
2037-12-09 00:00:00+01:00,109.83184006082341
2037-12-09 01:00:00+01:00,103.04860255304138
2037-12-09 02:00:00+01:00,99.07343231885606
2037-12-09 03:00:00+01:00,98.93302895517623
2037-12-09 04:00:00+01:00,98.01163188102731
2037-12-09 05:00:00+01:00,113.75435903362879
2037-12-09 06:00:00+01:00,123.85462600834691
2037-12-09 07:00:00+01:00,131.36620596521806
2037-12-09 08:00:00+01:00,134.51650643778436
2037-12-09 09:00:00+01:00,132.1910757268371
2037-12-09 10:00:00+01:00,131.1029496583184
2037-12-09 11:00:00+01:00,131.11172486854838
2037-12-09 12:00:00+01:00,130.3307311580793
2037-12-09 13:00:00+01:00,130.38338241945922
2037-12-09 14:00:00+01:00,131.11172486854838
2037-12-09 15:00:00+01:00,142.00176076396556
2037-12-09 16:00:00+01:00,147.14403395873953
2037-12-09 17:00:00+01:00,145.32756544113164
2037-12-09 18:00:00+01:00,136.57868084183195
2037-12-09 19:00:00+01:00,137.4737522852909
2037-12-09 20:00:00+01:00,131.53293495958786
2037-12-09 21:00:00+01:00,127.33838446965281
2037-12-09 22:00:00+01:00,124.2933865198464
2037-12-09 23:00:00+01:00,121.79245160429934
2037-12-10 00:00:00+01:00,116.0446889036561
2037-12-10 01:00:00+01:00,110.41100393600273
2037-12-10 02:00:00+01:00,114.35984853949807
2037-12-10 03:00:00+01:00,114.40372459064803
2037-12-10 04:00:00+01:00,112.17482119223067
2037-12-10 05:00:00+01:00,120.66922469486066
2037-12-10 06:00:00+01:00,130.79581730026874
2037-12-10 07:00:00+01:00,156.72656352988827
2037-12-10 08:00:00+01:00,164.597927106189
2037-12-10 09:00:00+01:00,151.45266218166446
2037-12-10 10:00:00+01:00,151.43511176120447
2037-12-10 11:00:00+01:00,147.4248406860992
2037-12-10 12:00:00+01:00,147.29321253264936
2037-12-10 13:00:00+01:00,151.53163907373437
2037-12-10 14:00:00+01:00,160.45602787763386
2037-12-10 15:00:00+01:00,167.11641244219604
2037-12-10 16:00:00+01:00,173.77679700675822
2037-12-10 17:00:00+01:00,183.66645893595654
2037-12-10 18:00:00+01:00,171.24953646052117
2037-12-10 19:00:00+01:00,164.36977164020925
2037-12-10 20:00:00+01:00,149.1886579423271
2037-12-10 21:00:00+01:00,136.56990563160196
2037-12-10 22:00:00+01:00,130.62908830589893
2037-12-10 23:00:00+01:00,124.39868904260626
2037-12-11 00:00:00+01:00,117.11526455171484
2037-12-11 01:00:00+01:00,113.97373928937853
2037-12-11 02:00:00+01:00,111.09547033394193
2037-12-11 03:00:00+01:00,109.34042828794398
2037-12-11 04:00:00+01:00,113.85088634615869
2037-12-11 05:00:00+01:00,120.71310074601061
2037-12-11 06:00:00+01:00,151.21573150545473
2037-12-11 07:00:00+01:00,211.08021569444432
2037-12-11 08:00:00+01:00,253.39427942345458
2037-12-11 09:00:00+01:00,216.7841023439376
2037-12-11 10:00:00+01:00,276.0255466065979
2037-12-11 11:00:00+01:00,222.0580036921614
2037-12-11 12:00:00+01:00,220.25908559501352
2037-12-11 13:00:00+01:00,234.72940726426648
2037-12-11 14:00:00+01:00,224.33955835195874
2037-12-11 15:00:00+01:00,207.41217781830863
2037-12-11 16:00:00+01:00,221.08395535663254
2037-12-11 17:00:00+01:00,236.30016989543466
2037-12-11 18:00:00+01:00,254.37710296921335
2037-12-11 19:00:00+01:00,225.48033568185738
2037-12-11 20:00:00+01:00,184.28949886228582
2037-12-11 21:00:00+01:00,161.97413924742207
2037-12-11 22:00:00+01:00,137.0437669840214
2037-12-11 23:00:00+01:00,125.86414915101457
2037-12-12 00:00:00+01:00,115.29879603410699
2037-12-12 01:00:00+01:00,110.15652283933304
2037-12-12 02:00:00+01:00,107.22560262251648
2037-12-12 03:00:00+01:00,106.30420554836756
2037-12-12 04:00:00+01:00,110.50753124853262
2037-12-12 05:00:00+01:00,119.537222575192
2037-12-12 06:00:00+01:00,154.62051307469073
2037-12-12 07:00:00+01:00,176.96219832024445
2037-12-12 08:00:00+01:00,199.7075432363777
2037-12-12 09:00:00+01:00,190.14256408568895
2037-12-12 10:00:00+01:00,175.42653652999627
2037-12-12 11:00:00+01:00,170.38079064775218
2037-12-12 12:00:00+01:00,165.58952586217782
2037-12-12 13:00:00+01:00,164.07141449238964
2037-12-12 14:00:00+01:00,171.6444209208707
2037-12-12 15:00:00+01:00,179.87556811660102
2037-12-12 16:00:00+01:00,192.40656832502629
2037-12-12 17:00:00+01:00,240.96858173778915
2037-12-12 18:00:00+01:00,245.21578348910415
2037-12-12 19:00:00+01:00,217.62652252601663
2037-12-12 20:00:00+01:00,177.60278866703368
2037-12-12 21:00:00+01:00,153.33933238111223
2037-12-12 22:00:00+01:00,134.25325013088468
2037-12-12 23:00:00+01:00,126.83819748654341
2037-12-13 00:00:00+01:00,123.46851675822737
2037-12-13 01:00:00+01:00,118.88785701817275
2037-12-13 02:00:00+01:00,115.61470360238661
2037-12-13 03:00:00+01:00,114.94778762490739
2037-12-13 04:00:00+01:00,116.70282967090533
2037-12-13 05:00:00+01:00,120.44984443911092
2037-12-13 06:00:00+01:00,148.82009911266755
2037-12-13 07:00:00+01:00,216.56472208818786
2037-12-13 08:00:00+01:00,281.896162250461
2037-12-13 09:00:00+01:00,231.78971183721995
2037-12-13 10:00:00+01:00,190.13378887545895
2037-12-13 11:00:00+01:00,173.33803649525873
2037-12-13 12:00:00+01:00,165.02791240745847
2037-12-13 13:00:00+01:00,166.31786831126698
2037-12-13 14:00:00+01:00,174.794721393437
2037-12-13 15:00:00+01:00,192.67859984215596
2037-12-13 16:00:00+01:00,221.66311923181186
2037-12-13 17:00:00+01:00,263.6525001823125
2037-12-13 18:00:00+01:00,257.9310631123592
2037-12-13 19:00:00+01:00,219.12708347534488
2037-12-13 20:00:00+01:00,166.85315613529633
2037-12-13 21:00:00+01:00,145.67857385033125
2037-12-13 22:00:00+01:00,132.33147909051695
2037-12-13 23:00:00+01:00,123.0209810364979
2037-12-14 00:00:00+01:00,115.80775822744639
2037-12-14 01:00:00+01:00,111.84136320349104
2037-12-14 02:00:00+01:00,107.39233161688628
2037-12-14 03:00:00+01:00,110.19162368025299
2037-12-14 04:00:00+01:00,109.78796400967346
2037-12-14 05:00:00+01:00,112.48195355028028
2037-12-14 06:00:00+01:00,115.82530864790635
2037-12-14 07:00:00+01:00,112.49950397074026
2037-12-14 08:00:00+01:00,116.4658989946956
2037-12-14 09:00:00+01:00,116.54487588676551
2037-12-14 10:00:00+01:00,115.82530864790635
2037-12-14 11:00:00+01:00,115.89551032974627
2037-12-14 12:00:00+01:00,117.50137380183438
2037-12-14 13:00:00+01:00,115.1057414090472
2037-12-14 14:00:00+01:00,118.0015607849438
2037-12-14 15:00:00+01:00,120.75697679716056
2037-12-14 16:00:00+01:00,124.30216173007639
2037-12-14 17:00:00+01:00,125.21478359399532
2037-12-14 18:00:00+01:00,125.20600838376534
2037-12-14 19:00:00+01:00,119.8706805639316
2037-12-14 20:00:00+01:00,117.64177716551421
2037-12-14 21:00:00+01:00,115.21981914203707
2037-12-14 22:00:00+01:00,114.14046828374833
2037-12-14 23:00:00+01:00,109.67388627668359
2037-12-15 00:00:00+01:00,96.36189235778924
2037-12-15 01:00:00+01:00,96.36189235778924
2037-12-15 02:00:00+01:00,96.52862135215906
2037-12-15 03:00:00+01:00,100.03870544415493
2037-12-15 04:00:00+01:00,100.20543443852473
2037-12-15 05:00:00+01:00,99.93340292139506
2037-12-15 06:00:00+01:00,96.52862135215906
2037-12-15 07:00:00+01:00,93.81708139109224
2037-12-15 08:00:00+01:00,96.01088394858967
2037-12-15 09:00:00+01:00,101.46906471164324
2037-12-15 10:00:00+01:00,104.89139670133923
2037-12-15 11:00:00+01:00,100.24931048967468
2037-12-15 12:00:00+01:00,101.05662983083373
2037-12-15 13:00:00+01:00,97.06390917618843
2037-12-15 14:00:00+01:00,98.19591129585709
2037-12-15 15:00:00+01:00,100.28441133059465
2037-12-15 16:00:00+01:00,105.50566141743849
2037-12-15 17:00:00+01:00,106.50603538365732
2037-12-15 18:00:00+01:00,99.23138610299588
2037-12-15 19:00:00+01:00,100.25808569990468
2037-12-15 20:00:00+01:00,96.35311714755926
2037-12-15 21:00:00+01:00,109.16492408334419
2037-12-15 22:00:00+01:00,109.26145139587408
2037-12-15 23:00:00+01:00,101.20580840474355
2037-12-16 00:00:00+01:00,97.31839027285812
2037-12-16 01:00:00+01:00,94.87010661869101
2037-12-16 02:00:00+01:00,93.21159188522296
2037-12-16 03:00:00+01:00,93.01853726016319
2037-12-16 04:00:00+01:00,93.50117382281262
2037-12-16 05:00:00+01:00,96.79187765905874
2037-12-16 06:00:00+01:00,109.51593249254378
2037-12-16 07:00:00+01:00,117.71197884735415
2037-12-16 08:00:00+01:00,119.51089694450204
2037-12-16 09:00:00+01:00,116.62385277883541
2037-12-16 10:00:00+01:00,115.43042418755682
2037-12-16 11:00:00+01:00,114.07904181213843
2037-12-16 12:00:00+01:00,111.35872664084161
2037-12-16 13:00:00+01:00,112.28012371499052
2037-12-16 14:00:00+01:00,112.42930228890035
2037-12-16 15:00:00+01:00,117.29954396654462
2037-12-16 16:00:00+01:00,123.81074995719698
2037-12-16 17:00:00+01:00,124.26706088915643
2037-12-16 18:00:00+01:00,124.3723634119163
2037-12-16 19:00:00+01:00,120.71310074601061
2037-12-16 20:00:00+01:00,115.88673511951629
2037-12-16 21:00:00+01:00,111.34995143061163
2037-12-16 22:00:00+01:00,111.92034009556096
2037-12-16 23:00:00+01:00,107.51518456010614
2037-12-17 00:00:00+01:00,103.97877483742029
2037-12-17 01:00:00+01:00,103.18900591672121
2037-12-17 02:00:00+01:00,107.25192825320644
2037-12-17 03:00:00+01:00,106.75174127009703
2037-12-17 04:00:00+01:00,106.72541563940706
2037-12-17 05:00:00+01:00,104.92649754225917
2037-12-17 06:00:00+01:00,110.82343881681224
2037-12-17 07:00:00+01:00,119.02826038185259
2037-12-17 08:00:00+01:00,122.80160078074815
2037-12-17 09:00:00+01:00,116.95731076757502
2037-12-17 10:00:00+01:00,110.87609007819218
2037-12-17 11:00:00+01:00,108.72616357184471
2037-12-17 12:00:00+01:00,111.32362579992166
2037-12-17 13:00:00+01:00,114.0176153405285
2037-12-17 14:00:00+01:00,120.19536334244123
2037-12-17 15:00:00+01:00,120.24801460382116
2037-12-17 16:00:00+01:00,130.12890132278955
2037-12-17 17:00:00+01:00,130.55888662405903
2037-12-17 18:00:00+01:00,128.21590549265179
2037-12-17 19:00:00+01:00,123.05608187741785
2037-12-17 20:00:00+01:00,124.09155668455664
2037-12-17 21:00:00+01:00,116.50977504584556
2037-12-17 22:00:00+01:00,111.9729913569409
2037-12-17 23:00:00+01:00,101.53049118325316
2037-12-18 00:00:00+01:00,104.7422181274294
2037-12-18 01:00:00+01:00,102.46066346763207
2037-12-18 02:00:00+01:00,97.64307305136775
2037-12-18 03:00:00+01:00,97.46756884676795
2037-12-18 04:00:00+01:00,97.13411085802835
2037-12-18 05:00:00+01:00,107.8135417079258
2037-12-18 06:00:00+01:00,117.37852085861454
2037-12-18 07:00:00+01:00,116.82568261412518
2037-12-18 08:00:00+01:00,118.01033599517379
2037-12-18 09:00:00+01:00,116.26406915940584
2037-12-18 10:00:00+01:00,117.01873723918496
2037-12-18 11:00:00+01:00,114.95656283513739
2037-12-18 12:00:00+01:00,113.64905651086892
2037-12-18 13:00:00+01:00,115.41287376709684
2037-12-18 14:00:00+01:00,119.30906710921226
2037-12-18 15:00:00+01:00,123.34566381500753
2037-12-18 16:00:00+01:00,120.74820158693058
2037-12-18 17:00:00+01:00,129.4093340839304
2037-12-18 18:00:00+01:00,140.1238657747478
2037-12-18 19:00:00+01:00,130.96254629463854
2037-12-18 20:00:00+01:00,125.02172896893555
2037-12-18 21:00:00+01:00,116.31672042078578
2037-12-18 22:00:00+01:00,114.69330652823768
2037-12-18 23:00:00+01:00,106.84826858262691
2037-12-19 00:00:00+01:00,98.72242390965648
2037-12-19 01:00:00+01:00,95.03683561306082
2037-12-19 02:00:00+01:00,93.97503517523205
2037-12-19 03:00:00+01:00,93.72932928879234
2037-12-19 04:00:00+01:00,94.36114442535161
2037-12-19 05:00:00+01:00,100.97765293876382
2037-12-19 06:00:00+01:00,113.76313424385879
2037-12-19 07:00:00+01:00,125.2323340144553
2037-12-19 08:00:00+01:00,123.31056297408755
2037-12-19 09:00:00+01:00,118.1682897793136
2037-12-19 10:00:00+01:00,117.63300195528424
2037-12-19 11:00:00+01:00,113.79823508477874
2037-12-19 12:00:00+01:00,109.28777702656404
2037-12-19 13:00:00+01:00,109.1473736628842
2037-12-19 14:00:00+01:00,113.67538214155888
2037-12-19 15:00:00+01:00,120.40596838796097
2037-12-19 16:00:00+01:00,124.04768063340669
2037-12-19 17:00:00+01:00,118.98438433070264
2037-12-19 18:00:00+01:00,117.58912590413429
2037-12-19 19:00:00+01:00,116.00958806273613
2037-12-19 20:00:00+01:00,110.38467830531275
2037-12-19 21:00:00+01:00,107.67313834424594
2037-12-19 22:00:00+01:00,102.34658573464222
2037-12-19 23:00:00+01:00,95.92313184628976
2037-12-20 00:00:00+01:00,92.29897002130403
2037-12-20 01:00:00+01:00,85.43675562145211
2037-12-20 02:00:00+01:00,80.57528915403782
2037-12-20 03:00:00+01:00,71.57192345806841
2037-12-20 04:00:00+01:00,71.68600119105828
2037-12-20 05:00:00+01:00,87.47260439480971
2037-12-20 06:00:00+01:00,99.09975794954603
2037-12-20 07:00:00+01:00,114.77228342030759
2037-12-20 08:00:00+01:00,116.61507756860544
2037-12-20 09:00:00+01:00,112.84173716970986
2037-12-20 10:00:00+01:00,110.84098923727223
2037-12-20 11:00:00+01:00,110.05999552680314
2037-12-20 12:00:00+01:00,104.41753534891978
2037-12-20 13:00:00+01:00,100.5739932681843
2037-12-20 14:00:00+01:00,105.71626646295826
2037-12-20 15:00:00+01:00,109.77041358921348
2037-12-20 16:00:00+01:00,112.84173716970986
2037-12-20 17:00:00+01:00,113.60518045971898
2037-12-20 18:00:00+01:00,113.11376868683955
2037-12-20 19:00:00+01:00,112.88561322085982
2037-12-20 20:00:00+01:00,109.9195921631233
2037-12-20 21:00:00+01:00,108.1294492762054
2037-12-20 22:00:00+01:00,106.84826858262691
2037-12-20 23:00:00+01:00,97.77470120481759
2037-12-21 00:00:00+01:00,101.72354580831293
2037-12-21 01:00:00+01:00,92.12346581670423
2037-12-21 02:00:00+01:00,81.93544673968621
2037-12-21 03:00:00+01:00,75.15220923190421
2037-12-21 04:00:00+01:00,74.69589829994473
2037-12-21 05:00:00+01:00,84.35740476316337
2037-12-21 06:00:00+01:00,100.3107369612846
2037-12-21 07:00:00+01:00,108.27862785011524
2037-12-21 08:00:00+01:00,110.87609007819218
2037-12-21 09:00:00+01:00,112.03441782855081
2037-12-21 10:00:00+01:00,103.5487895361508
2037-12-21 11:00:00+01:00,91.88653514049452
2037-12-21 12:00:00+01:00,86.66528505365065
2037-12-21 13:00:00+01:00,87.43750355388975
2037-12-21 14:00:00+01:00,99.10853315977602
2037-12-21 15:00:00+01:00,110.50753124853262
2037-12-21 16:00:00+01:00,112.49072876051028
2037-12-21 17:00:00+01:00,112.50827918097026
2037-12-21 18:00:00+01:00,113.57007961879901
2037-12-21 19:00:00+01:00,112.50827918097026
2037-12-21 20:00:00+01:00,112.50827918097026
2037-12-21 21:00:00+01:00,110.55140729968255
2037-12-21 22:00:00+01:00,105.25995553099878
2037-12-21 23:00:00+01:00,97.48511926722793
2037-12-22 00:00:00+01:00,105.18975384915886
2037-12-22 01:00:00+01:00,90.5351527650761
2037-12-22 02:00:00+01:00,84.44515686546326
2037-12-22 03:00:00+01:00,80.46121142104796
2037-12-22 04:00:00+01:00,81.29485639289697
2037-12-22 05:00:00+01:00,82.52338582509553
2037-12-22 06:00:00+01:00,89.80681031598695
2037-12-22 07:00:00+01:00,99.68769703495533
2037-12-22 08:00:00+01:00,104.77731896834935
2037-12-22 09:00:00+01:00,98.68732306873652
2037-12-22 10:00:00+01:00,91.16696790163537
2037-12-22 11:00:00+01:00,80.8560958813975
2037-12-22 12:00:00+01:00,87.41995313342977
2037-12-22 13:00:00+01:00,79.15370509677949
2037-12-22 14:00:00+01:00,88.45542794056855
2037-12-22 15:00:00+01:00,104.70711728650943
2037-12-22 16:00:00+01:00,111.40260269199155
2037-12-22 17:00:00+01:00,114.40372459064803
2037-12-22 18:00:00+01:00,113.81578550523872
2037-12-22 19:00:00+01:00,113.03479179476963
2037-12-22 20:00:00+01:00,113.57007961879901
2037-12-22 21:00:00+01:00,108.06802280459547
2037-12-22 22:00:00+01:00,99.69647224518533
2037-12-22 23:00:00+01:00,85.37532914984217
2037-12-23 00:00:00+01:00,70.4837973895497
2037-12-23 01:00:00+01:00,62.35795271657925
2037-12-23 02:00:00+01:00,51.58199455415192
2037-12-23 03:00:00+01:00,48.32639155882575
2037-12-23 04:00:00+01:00,45.15854066579948
2037-12-23 05:00:00+01:00,72.05456002071784
2037-12-23 06:00:00+01:00,97.46756884676795
2037-12-23 07:00:00+01:00,116.132441005956
2037-12-23 08:00:00+01:00,116.94853555734504
2037-12-23 09:00:00+01:00,119.08091164323253
2037-12-23 10:00:00+01:00,107.57661103171606
2037-12-23 11:00:00+01:00,98.51181886413673
2037-12-23 12:00:00+01:00,97.89755414803744
2037-12-23 13:00:00+01:00,97.37981674446806
2037-12-23 14:00:00+01:00,103.19778112695121
2037-12-23 15:00:00+01:00,115.72000612514648
2037-12-23 16:00:00+01:00,119.08091164323253
2037-12-23 17:00:00+01:00,118.60705029081309
2037-12-23 18:00:00+01:00,118.51929818851318
2037-12-23 19:00:00+01:00,117.98401036448382
2037-12-23 20:00:00+01:00,117.05383808010492
2037-12-23 21:00:00+01:00,111.08669512371193
2037-12-23 22:00:00+01:00,106.18135260514771
2037-12-23 23:00:00+01:00,99.17873484161595
2037-12-24 00:00:00+01:00,87.43750355388975
2037-12-24 01:00:00+01:00,81.25098034174702
2037-12-24 02:00:00+01:00,78.5569908011402
2037-12-24 03:00:00+01:00,73.82715248717577
2037-12-24 04:00:00+01:00,72.38801800945745
2037-12-24 05:00:00+01:00,79.29410846045933
2037-12-24 06:00:00+01:00,87.28832497997993
2037-12-24 07:00:00+01:00,103.6453168486807
2037-12-24 08:00:00+01:00,112.0519682490108
2037-12-24 09:00:00+01:00,112.01686740809083
2037-12-24 10:00:00+01:00,106.82194295193695
2037-12-24 11:00:00+01:00,104.03142609880024
2037-12-24 12:00:00+01:00,100.45991553519443
2037-12-24 13:00:00+01:00,99.02955626770611
2037-12-24 14:00:00+01:00,100.19665922829475
2037-12-24 15:00:00+01:00,106.39195765066745
2037-12-24 16:00:00+01:00,115.13206703973717
2037-12-24 17:00:00+01:00,117.97523515425382
2037-12-24 18:00:00+01:00,116.79058177320522
2037-12-24 19:00:00+01:00,114.78983384076757
2037-12-24 20:00:00+01:00,103.6453168486807
2037-12-24 21:00:00+01:00,99.59994493265545
2037-12-24 22:00:00+01:00,97.07268438641842
2037-12-24 23:00:00+01:00,87.44627876411974
2037-12-25 00:00:00+01:00,93.52749945350259
2037-12-25 01:00:00+01:00,86.57753295135076
2037-12-25 02:00:00+01:00,82.72521566038529
2037-12-25 03:00:00+01:00,77.35478699963161
2037-12-25 04:00:00+01:00,71.99313354910791
2037-12-25 05:00:00+01:00,72.2563898560076
2037-12-25 06:00:00+01:00,72.73902641865705
2037-12-25 07:00:00+01:00,84.00639635396378
2037-12-25 08:00:00+01:00,91.62327883359482
2037-12-25 09:00:00+01:00,90.99146369703557
2037-12-25 10:00:00+01:00,92.4920246463638
2037-12-25 11:00:00+01:00,91.10554143002544
2037-12-25 12:00:00+01:00,90.57025360599607
2037-12-25 13:00:00+01:00,88.2448228950488
2037-12-25 14:00:00+01:00,91.03533974818552
2037-12-25 15:00:00+01:00,99.82810039863517
2037-12-25 16:00:00+01:00,108.11189885574544
2037-12-25 17:00:00+01:00,115.1232918295072
2037-12-25 18:00:00+01:00,115.53572671031671
2037-12-25 19:00:00+01:00,113.2366216300594
2037-12-25 20:00:00+01:00,109.80551443013344
2037-12-25 21:00:00+01:00,106.35685680974748
2037-12-25 22:00:00+01:00,105.926871508478
2037-12-25 23:00:00+01:00,98.93302895517623
2037-12-26 00:00:00+01:00,100.86357520577396
2037-12-26 01:00:00+01:00,98.34508986976692
2037-12-26 02:00:00+01:00,96.13373689180952
2037-12-26 03:00:00+01:00,94.25584190259173
2037-12-26 04:00:00+01:00,92.88690910671335
2037-12-26 05:00:00+01:00,96.04598478950962
2037-12-26 06:00:00+01:00,102.16230631981242
2037-12-26 07:00:00+01:00,106.25155428698763
2037-12-26 08:00:00+01:00,114.67575610777772
2037-12-26 09:00:00+01:00,115.53572671031671
2037-12-26 10:00:00+01:00,109.26145139587408
2037-12-26 11:00:00+01:00,106.13747655399774
2037-12-26 12:00:00+01:00,105.37403326398865
2037-12-26 13:00:00+01:00,103.40838617247095
2037-12-26 14:00:00+01:00,105.26873074122878
2037-12-26 15:00:00+01:00,117.9927855747138
2037-12-26 16:00:00+01:00,122.52956926361847
2037-12-26 17:00:00+01:00,126.44331302619388
2037-12-26 18:00:00+01:00,125.18845796330535
2037-12-26 19:00:00+01:00,125.36396216790513
2037-12-26 20:00:00+01:00,122.56467010453844
2037-12-26 21:00:00+01:00,119.08968685346252
2037-12-26 22:00:00+01:00,118.75622886472291
2037-12-26 23:00:00+01:00,113.28927289143934
2037-12-27 00:00:00+01:00,108.74371399230469
2037-12-27 01:00:00+01:00,106.49726017342734
2037-12-27 02:00:00+01:00,103.40838617247095
2037-12-27 03:00:00+01:00,101.32866134796342
2037-12-27 04:00:00+01:00,101.28478529681345
2037-12-27 05:00:00+01:00,106.20767823583768
2037-12-27 06:00:00+01:00,110.20917410071296
2037-12-27 07:00:00+01:00,122.27508816694879
2037-12-27 08:00:00+01:00,129.6550399703701
2037-12-27 09:00:00+01:00,126.26780882159406
2037-12-27 10:00:00+01:00,118.47542213736324
2037-12-27 11:00:00+01:00,114.02639055075848
2037-12-27 12:00:00+01:00,112.83296195947989
2037-12-27 13:00:00+01:00,110.21794931094296
2037-12-27 14:00:00+01:00,116.76425614251525
2037-12-27 15:00:00+01:00,123.63524575259717
2037-12-27 16:00:00+01:00,142.67745195167478
2037-12-27 17:00:00+01:00,150.53126510751554
2037-12-27 18:00:00+01:00,152.3389584148934
2037-12-27 19:00:00+01:00,141.57177546269605
2037-12-27 20:00:00+01:00,127.43491178218271
2037-12-27 21:00:00+01:00,120.57269738233077
2037-12-27 22:00:00+01:00,120.56392217210079
2037-12-27 23:00:00+01:00,114.35984853949807
2037-12-28 00:00:00+01:00,115.55327713077668
2037-12-28 01:00:00+01:00,110.30570141324284
2037-12-28 02:00:00+01:00,105.8478946164081
2037-12-28 03:00:00+01:00,103.54001432592081
2037-12-28 04:00:00+01:00,102.33781052441222
2037-12-28 05:00:00+01:00,103.78572021236053
2037-12-28 06:00:00+01:00,108.25230221942527
2037-12-28 07:00:00+01:00,113.63150609040895
2037-12-28 08:00:00+01:00,119.25641584783233
2037-12-28 09:00:00+01:00,119.96720787646149
2037-12-28 10:00:00+01:00,113.09621826637957
2037-12-28 11:00:00+01:00,106.04094924146787
2037-12-28 12:00:00+01:00,104.06652693972018
2037-12-28 13:00:00+01:00,102.72391977453177
2037-12-28 14:00:00+01:00,108.24352700919528
2037-12-28 15:00:00+01:00,119.24764063760233
2037-12-28 16:00:00+01:00,127.83857145276224
2037-12-28 17:00:00+01:00,132.48065766442676
2037-12-28 18:00:00+01:00,133.16512406236598
2037-12-28 19:00:00+01:00,129.10220172588075
2037-12-28 20:00:00+01:00,122.38916589993863
2037-12-28 21:00:00+01:00,116.15876663664596
2037-12-28 22:00:00+01:00,114.80738426122755
2037-12-28 23:00:00+01:00,109.31410265725401
2037-12-29 00:00:00+01:00,110.9550669702621
2037-12-29 01:00:00+01:00,105.04057527524904
2037-12-29 02:00:00+01:00,100.45114032496444
2037-12-29 03:00:00+01:00,92.93078515786328
2037-12-29 04:00:00+01:00,89.1837703896577
2037-12-29 05:00:00+01:00,89.2627472817276
2037-12-29 06:00:00+01:00,91.20206874255533
2037-12-29 07:00:00+01:00,99.31036299506577
2037-12-29 08:00:00+01:00,103.56633995661078
2037-12-29 09:00:00+01:00,103.57511516684077
2037-12-29 10:00:00+01:00,102.24128321188233
2037-12-29 11:00:00+01:00,100.02993023392494
2037-12-29 12:00:00+01:00,98.66099743804655
2037-12-29 13:00:00+01:00,98.68732306873652
2037-12-29 14:00:00+01:00,101.53049118325316
2037-12-29 15:00:00+01:00,111.01649344187202
2037-12-29 16:00:00+01:00,122.95077935465797
2037-12-29 17:00:00+01:00,126.06597898630432
2037-12-29 18:00:00+01:00,127.11900421390307
2037-12-29 19:00:00+01:00,125.07438023031548
2037-12-29 20:00:00+01:00,120.67799990509064
2037-12-29 21:00:00+01:00,112.31522455591049
2037-12-29 22:00:00+01:00,106.66398916779714
2037-12-29 23:00:00+01:00,100.94255209784387
2037-12-30 00:00:00+01:00,102.58351641085193
2037-12-30 01:00:00+01:00,101.81129791061284
2037-12-30 02:00:00+01:00,100.88990083646394
2037-12-30 03:00:00+01:00,100.03870544415493
2037-12-30 04:00:00+01:00,100.24931048967468
2037-12-30 05:00:00+01:00,107.35723077596631
2037-12-30 06:00:00+01:00,118.12441372816366
2037-12-30 07:00:00+01:00,125.58334242365487
2037-12-30 08:00:00+01:00,127.23308194689292
2037-12-30 09:00:00+01:00,125.50436553158497
2037-12-30 10:00:00+01:00,122.95077935465797
2037-12-30 11:00:00+01:00,118.1770649895436
2037-12-30 12:00:00+01:00,115.39532334663687
2037-12-30 13:00:00+01:00,114.65820568731773
2037-12-30 14:00:00+01:00,122.57344531476843
2037-12-30 15:00:00+01:00,125.76762183848467
2037-12-30 16:00:00+01:00,126.30290966251405
2037-12-30 17:00:00+01:00,130.31318073761932
2037-12-30 18:00:00+01:00,136.50847915999202
2037-12-30 19:00:00+01:00,132.39290556212688
2037-12-30 20:00:00+01:00,127.24185715712294
2037-12-30 21:00:00+01:00,125.83782352032459
2037-12-30 22:00:00+01:00,122.95077935465797
2037-12-30 23:00:00+01:00,118.19461541000358
2037-12-31 00:00:00+01:00,101.78497227992287
2037-12-31 01:00:00+01:00,98.6171213868966
2037-12-31 02:00:00+01:00,98.23101213677705
2037-12-31 03:00:00+01:00,99.09975794954603
2037-12-31 04:00:00+01:00,98.04673272194727
2037-12-31 05:00:00+01:00,99.56484409173548
2037-12-31 06:00:00+01:00,103.85592189420043
2037-12-31 07:00:00+01:00,115.88673511951629
2037-12-31 08:00:00+01:00,116.18509226733593
2037-12-31 09:00:00+01:00,114.1755691246683
2037-12-31 10:00:00+01:00,111.04281907256198
2037-12-31 11:00:00+01:00,107.62048708286602
2037-12-31 12:00:00+01:00,108.9981950889744
2037-12-31 13:00:00+01:00,103.55756474638079
2037-12-31 14:00:00+01:00,108.9981950889744
2037-12-31 15:00:00+01:00,114.51780232363791
2037-12-31 16:00:00+01:00,123.55626886052725
2037-12-31 17:00:00+01:00,124.17053357662655
2037-12-31 18:00:00+01:00,122.76649993982821
2037-12-31 19:00:00+01:00,119.0107099613926
2037-12-31 20:00:00+01:00,110.0073442654232
2037-12-31 21:00:00+01:00,105.90932108801803
2037-12-31 22:00:00+01:00,108.9894198787444
2037-12-31 23:00:00+01:00,102.32026010395225
