Date (GMT+1),Price (EUR/MWh)
2039-01-01 00:00:00+01:00,8.681373029530889
2039-01-01 01:00:00+01:00,3.3248170430008486
2039-01-01 02:00:00+01:00,-6.99799311194522
2039-01-01 03:00:00+01:00,-10.968304710001405
2039-01-01 04:00:00+01:00,-10.995222076767902
2039-01-01 05:00:00+01:00,-10.941387343234922
2039-01-01 06:00:00+01:00,-11.008680760151137
2039-01-01 07:00:00+01:00,-15.08666182527324
2039-01-01 08:00:00+01:00,-14.817488157608409
2039-01-01 09:00:00+01:00,-11.964247280361278
2039-01-01 10:00:00+01:00,-13.148611418086503
2039-01-01 11:00:00+01:00,-15.180872608955937
2039-01-01 12:00:00+01:00,-11.856577813295331
2039-01-01 13:00:00+01:00,-13.740793486949116
2039-01-01 14:00:00+01:00,-10.779883142636024
2039-01-01 15:00:00+01:00,1.1983450684487167
2039-01-01 16:00:00+01:00,12.880482245102172
2039-01-01 17:00:00+01:00,30.3902293266991
2039-01-01 18:00:00+01:00,39.447923243620494
2039-01-01 19:00:00+01:00,32.0187300160713
2039-01-01 20:00:00+01:00,31.049704812477927
2039-01-01 21:00:00+01:00,20.834564124597776
2039-01-01 22:00:00+01:00,19.502154469656887
2039-01-01 23:00:00+01:00,8.815959863363304
2039-01-02 00:00:00+01:00,3.6612841275818795
2039-01-02 01:00:00+01:00,-7.428670980208949
2039-01-02 02:00:00+01:00,-11.03559812691762
2039-01-02 03:00:00+01:00,-13.269739568535684
2039-01-02 04:00:00+01:00,-12.798685650122223
2039-01-02 05:00:00+01:00,-10.981763393384654
2039-01-02 06:00:00+01:00,0.4984935325201718
2039-01-02 07:00:00+01:00,28.31759208567994
2039-01-02 08:00:00+01:00,38.81536512460816
2039-01-02 09:00:00+01:00,43.4586108918264
2039-01-02 10:00:00+01:00,43.566280358892335
2039-01-02 11:00:00+01:00,48.92283634542237
2039-01-02 12:00:00+01:00,52.44901139183159
2039-01-02 13:00:00+01:00,56.05593853854026
2039-01-02 14:00:00+01:00,61.1836969075552
2039-01-02 15:00:00+01:00,64.49453301983255
2039-01-02 16:00:00+01:00,71.3180854951359
2039-01-02 17:00:00+01:00,75.74599232822227
2039-01-02 18:00:00+01:00,65.0328803551622
2039-01-02 19:00:00+01:00,54.521648632850756
2039-01-02 20:00:00+01:00,38.68077829077574
2039-01-02 21:00:00+01:00,18.304331648548413
2039-01-02 22:00:00+01:00,12.490180426988168
2039-01-02 23:00:00+01:00,-2.0317389435291773
2039-01-03 00:00:00+01:00,-0.0936885363424409
2039-01-03 01:00:00+01:00,-5.894381074519444
2039-01-03 02:00:00+01:00,-10.995222076767902
2039-01-03 03:00:00+01:00,-11.03559812691762
2039-01-03 04:00:00+01:00,-11.062515493684103
2039-01-03 05:00:00+01:00,5.505123751085932
2039-01-03 06:00:00+01:00,43.59319772565881
2039-01-03 07:00:00+01:00,54.508189949467514
2039-01-03 08:00:00+01:00,57.267220043031976
2039-01-03 09:00:00+01:00,58.357373397074525
2039-01-03 10:00:00+01:00,52.59705690904725
2039-01-03 11:00:00+01:00,49.393890263835814
2039-01-03 12:00:00+01:00,54.521648632850756
2039-01-03 13:00:00+01:00,61.156779540788705
2039-01-03 14:00:00+01:00,70.2144734577101
2039-01-03 15:00:00+01:00,78.96261765681695
2039-01-03 16:00:00+01:00,75.66524022792282
2039-01-03 17:00:00+01:00,83.53857000711899
2039-01-03 18:00:00+01:00,89.42001464559543
2039-01-03 19:00:00+01:00,84.14421075936485
2039-01-03 20:00:00+01:00,85.045942546042
2039-01-03 21:00:00+01:00,63.888892267586684
2039-01-03 22:00:00+01:00,62.20655684468152
2039-01-03 23:00:00+01:00,45.558165499612045
2039-01-04 00:00:00+01:00,38.90957590829084
2039-01-04 01:00:00+01:00,28.89631547115932
2039-01-04 02:00:00+01:00,22.261184563221356
2039-01-04 03:00:00+01:00,14.266726633576027
2039-01-04 04:00:00+01:00,17.739066946452283
2039-01-04 05:00:00+01:00,47.57696800709824
2039-01-04 06:00:00+01:00,68.92243985291894
2039-01-04 07:00:00+01:00,87.03782768676173
2039-01-04 08:00:00+01:00,95.79943056925183
2039-01-04 09:00:00+01:00,100.17350266880524
2039-01-04 10:00:00+01:00,97.01071207374352
2039-01-04 11:00:00+01:00,92.67701602433982
2039-01-04 12:00:00+01:00,90.18715959844019
2039-01-04 13:00:00+01:00,91.22347821894977
2039-01-04 14:00:00+01:00,96.95687734021057
2039-01-04 15:00:00+01:00,99.95816373467338
2039-01-04 16:00:00+01:00,114.95113702360419
2039-01-04 17:00:00+01:00,119.16370492255871
2039-01-04 18:00:00+01:00,120.54994931103256
2039-01-04 19:00:00+01:00,119.20408097270844
2039-01-04 20:00:00+01:00,107.09126592779127
2039-01-04 21:00:00+01:00,102.19230517629143
2039-01-04 22:00:00+01:00,98.35658041206766
2039-01-04 23:00:00+01:00,92.11175132224369
2039-01-05 00:00:00+01:00,90.5505440497877
2039-01-05 01:00:00+01:00,83.60586342403519
2039-01-05 02:00:00+01:00,79.09720449064937
2039-01-05 03:00:00+01:00,77.64366668525929
2039-01-05 04:00:00+01:00,77.01110856624695
2039-01-05 05:00:00+01:00,85.30165753032361
2039-01-05 06:00:00+01:00,92.8923549584717
2039-01-05 07:00:00+01:00,108.3429234824327
2039-01-05 08:00:00+01:00,113.79369025264542
2039-01-05 09:00:00+01:00,109.3523247361758
2039-01-05 10:00:00+01:00,105.87998442329955
2039-01-05 11:00:00+01:00,105.63772812240121
2039-01-05 12:00:00+01:00,98.24891094500173
2039-01-05 13:00:00+01:00,99.95816373467338
2039-01-05 14:00:00+01:00,101.6943338911115
2039-01-05 15:00:00+01:00,107.53540247943823
2039-01-05 16:00:00+01:00,109.55420498692442
2039-01-05 17:00:00+01:00,120.49611457749958
2039-01-05 18:00:00+01:00,122.24574341732097
2039-01-05 19:00:00+01:00,116.14895984471265
2039-01-05 20:00:00+01:00,105.960736523599
2039-01-05 21:00:00+01:00,98.85455169724759
2039-01-05 22:00:00+01:00,92.90581364185493
2039-01-05 23:00:00+01:00,89.29888649514628
2039-01-06 00:00:00+01:00,82.25999508571107
2039-01-06 01:00:00+01:00,76.04208336265359
2039-01-06 02:00:00+01:00,75.51719471070717
2039-01-06 03:00:00+01:00,72.66395383346003
2039-01-06 04:00:00+01:00,72.93312750112484
2039-01-06 05:00:00+01:00,74.7096737077127
2039-01-06 06:00:00+01:00,75.07305815906021
2039-01-06 07:00:00+01:00,81.46593276609983
2039-01-06 08:00:00+01:00,86.74173665233042
2039-01-06 09:00:00+01:00,92.5693465572739
2039-01-06 10:00:00+01:00,95.1803311336227
2039-01-06 11:00:00+01:00,97.93936122718719
2039-01-06 12:00:00+01:00,96.25702580428202
2039-01-06 13:00:00+01:00,94.44010354754444
2039-01-06 14:00:00+01:00,95.15341376685623
2039-01-06 15:00:00+01:00,96.62041025562954
2039-01-06 16:00:00+01:00,101.66741652434501
2039-01-06 17:00:00+01:00,105.4089305048861
2039-01-06 18:00:00+01:00,103.40358668078314
2039-01-06 19:00:00+01:00,97.93936122718719
2039-01-06 20:00:00+01:00,95.12649640008975
2039-01-06 21:00:00+01:00,90.68513088362013
2039-01-06 22:00:00+01:00,90.10640749814074
2039-01-06 23:00:00+01:00,84.72293414484422
2039-01-07 00:00:00+01:00,88.12798104080427
2039-01-07 01:00:00+01:00,82.367664552777
2039-01-07 02:00:00+01:00,78.07434455352302
2039-01-07 03:00:00+01:00,73.44455746968802
2039-01-07 04:00:00+01:00,70.95470104378836
2039-01-07 05:00:00+01:00,73.39072273615504
2039-01-07 06:00:00+01:00,76.12283546295303
2039-01-07 07:00:00+01:00,80.65841176310536
2039-01-07 08:00:00+01:00,84.80368624514367
2039-01-07 09:00:00+01:00,93.83446279529858
2039-01-07 10:00:00+01:00,99.74282480054151
2039-01-07 11:00:00+01:00,102.12501175937523
2039-01-07 12:00:00+01:00,101.61358179081205
2039-01-07 13:00:00+01:00,97.4548486253905
2039-01-07 14:00:00+01:00,97.37409652509105
2039-01-07 15:00:00+01:00,97.9797372773369
2039-01-07 16:00:00+01:00,103.95539269949604
2039-01-07 17:00:00+01:00,114.73579808947233
2039-01-07 18:00:00+01:00,119.29829175639111
2039-01-07 19:00:00+01:00,114.70888072270583
2039-01-07 20:00:00+01:00,110.67127570773346
2039-01-07 21:00:00+01:00,106.17607545773085
2039-01-07 22:00:00+01:00,103.02674354605239
2039-01-07 23:00:00+01:00,97.92590254380394
2039-01-08 00:00:00+01:00,94.02288436266396
2039-01-08 01:00:00+01:00,92.77122680802253
2039-01-08 02:00:00+01:00,90.21407696520667
2039-01-08 03:00:00+01:00,88.2356505078702
2039-01-08 04:00:00+01:00,88.20873314110372
2039-01-08 05:00:00+01:00,92.9327310086214
2039-01-08 06:00:00+01:00,108.94856423467857
2039-01-08 07:00:00+01:00,119.56746542405594
2039-01-08 08:00:00+01:00,132.31283858798545
2039-01-08 09:00:00+01:00,132.0302062369374
2039-01-08 10:00:00+01:00,125.19319507825082
2039-01-08 11:00:00+01:00,123.95499620699262
2039-01-08 12:00:00+01:00,115.1530172743528
2039-01-08 13:00:00+01:00,114.99151307375391
2039-01-08 14:00:00+01:00,118.86761388812741
2039-01-08 15:00:00+01:00,123.20130993753111
2039-01-08 16:00:00+01:00,134.19705426163924
2039-01-08 17:00:00+01:00,157.74975018231152
2039-01-08 18:00:00+01:00,158.220804100725
2039-01-08 19:00:00+01:00,146.7674645415866
2039-01-08 20:00:00+01:00,130.59012711493057
2039-01-08 21:00:00+01:00,113.82060761941192
2039-01-08 22:00:00+01:00,112.34015244725536
2039-01-08 23:00:00+01:00,109.56766367030767
2039-01-09 00:00:00+01:00,100.63109790383545
2039-01-09 01:00:00+01:00,100.17350266880524
2039-01-09 02:00:00+01:00,98.98913853107999
2039-01-09 03:00:00+01:00,97.48176599215698
2039-01-09 04:00:00+01:00,97.33372047494133
2039-01-09 05:00:00+01:00,102.62298304455514
2039-01-09 06:00:00+01:00,118.49077075339665
2039-01-09 07:00:00+01:00,144.64099256703446
2039-01-09 08:00:00+01:00,156.44425789413708
2039-01-09 09:00:00+01:00,146.55212560745474
2039-01-09 10:00:00+01:00,125.27394717855026
2039-01-09 11:00:00+01:00,117.61595633348595
2039-01-09 12:00:00+01:00,110.95390805878151
2039-01-09 13:00:00+01:00,112.0575200962073
2039-01-09 14:00:00+01:00,122.75717338588413
2039-01-09 15:00:00+01:00,132.99923144053076
2039-01-09 16:00:00+01:00,147.3865639772157
2039-01-09 17:00:00+01:00,165.81150152887307
2039-01-09 18:00:00+01:00,166.25563808052004
2039-01-09 19:00:00+01:00,152.6623678634463
2039-01-09 20:00:00+01:00,129.70185401163664
2039-01-09 21:00:00+01:00,120.36152774366718
2039-01-09 22:00:00+01:00,112.75737163213584
2039-01-09 23:00:00+01:00,106.59329464261134
2039-01-10 00:00:00+01:00,99.72936611715828
2039-01-10 01:00:00+01:00,96.55311683871334
2039-01-10 02:00:00+01:00,95.65138505203616
2039-01-10 03:00:00+01:00,93.84792147868183
2039-01-10 04:00:00+01:00,93.8075454285321
2039-01-10 05:00:00+01:00,97.54905940907318
2039-01-10 06:00:00+01:00,114.57429388887343
2039-01-10 07:00:00+01:00,139.64782103185198
2039-01-10 08:00:00+01:00,158.94757300342
2039-01-10 09:00:00+01:00,143.38933501239305
2039-01-10 10:00:00+01:00,128.30215093977955
2039-01-10 11:00:00+01:00,119.90393250863698
2039-01-10 12:00:00+01:00,113.79369025264542
2039-01-10 13:00:00+01:00,113.48414053483089
2039-01-10 14:00:00+01:00,119.850097775104
2039-01-10 15:00:00+01:00,132.19171043753627
2039-01-10 16:00:00+01:00,142.04346667406892
2039-01-10 17:00:00+01:00,158.4630604016233
2039-01-10 18:00:00+01:00,159.59358980581555
2039-01-10 19:00:00+01:00,146.6328777077542
2039-01-10 20:00:00+01:00,130.2132839801998
2039-01-10 21:00:00+01:00,116.01437301088023
2039-01-10 22:00:00+01:00,111.58646617779387
2039-01-10 23:00:00+01:00,104.99171132000562
2039-01-11 00:00:00+01:00,97.96627859395366
2039-01-11 01:00:00+01:00,94.1978472466461
2039-01-11 02:00:00+01:00,91.06197401835088
2039-01-11 03:00:00+01:00,89.81031646370944
2039-01-11 04:00:00+01:00,90.40249853257205
2039-01-11 05:00:00+01:00,95.30145928407188
2039-01-11 06:00:00+01:00,114.81655018977176
2039-01-11 07:00:00+01:00,137.1848819727188
2039-01-11 08:00:00+01:00,165.40774102737578
2039-01-11 09:00:00+01:00,148.84010178260579
2039-01-11 10:00:00+01:00,129.109671942774
2039-01-11 11:00:00+01:00,116.08166642779645
2039-01-11 12:00:00+01:00,109.23119658572664
2039-01-11 13:00:00+01:00,109.20427921896015
2039-01-11 14:00:00+01:00,115.32798015833492
2039-01-11 15:00:00+01:00,130.6977965819965
2039-01-11 16:00:00+01:00,142.79715294353042
2039-01-11 17:00:00+01:00,161.15479707827154
2039-01-11 18:00:00+01:00,162.46028936644595
2039-01-11 19:00:00+01:00,152.756578647129
2039-01-11 20:00:00+01:00,130.71125526537975
2039-01-11 21:00:00+01:00,115.69136460968247
2039-01-11 22:00:00+01:00,110.87315595848207
2039-01-11 23:00:00+01:00,101.19636260593157
2039-01-12 00:00:00+01:00,92.03099922194426
2039-01-12 01:00:00+01:00,88.84129126011607
2039-01-12 02:00:00+01:00,88.57211759245124
2039-01-12 03:00:00+01:00,86.67444323541422
2039-01-12 04:00:00+01:00,87.41467082149248
2039-01-12 05:00:00+01:00,90.21407696520667
2039-01-12 06:00:00+01:00,105.4089305048861
2039-01-12 07:00:00+01:00,128.40982040684548
2039-01-12 08:00:00+01:00,153.26800861569217
2039-01-12 09:00:00+01:00,139.87661864936706
2039-01-12 10:00:00+01:00,125.19319507825082
2039-01-12 11:00:00+01:00,115.89324486043107
2039-01-12 12:00:00+01:00,109.6484157706071
2039-01-12 13:00:00+01:00,106.14915809096438
2039-01-12 14:00:00+01:00,109.60803972045738
2039-01-12 15:00:00+01:00,116.5258029794434
2039-01-12 16:00:00+01:00,124.1165004075915
2039-01-12 17:00:00+01:00,137.9654856089468
2039-01-12 18:00:00+01:00,142.03000799068568
2039-01-12 19:00:00+01:00,133.71254165984254
2039-01-12 20:00:00+01:00,118.81377915459443
2039-01-12 21:00:00+01:00,105.22050893752072
2039-01-12 22:00:00+01:00,100.8464368379673
2039-01-12 23:00:00+01:00,94.31897539709526
2039-01-13 00:00:00+01:00,98.7603409135649
2039-01-13 01:00:00+01:00,91.58686267029728
2039-01-13 02:00:00+01:00,90.72550693376985
2039-01-13 03:00:00+01:00,90.30828774888937
2039-01-13 04:00:00+01:00,89.82377514709269
2039-01-13 05:00:00+01:00,90.72550693376985
2039-01-13 06:00:00+01:00,92.20596210592639
2039-01-13 07:00:00+01:00,92.77122680802253
2039-01-13 08:00:00+01:00,95.13995508347298
2039-01-13 09:00:00+01:00,98.88146906401406
2039-01-13 10:00:00+01:00,99.00259721446324
2039-01-13 11:00:00+01:00,97.4548486253905
2039-01-13 12:00:00+01:00,91.6541560872135
2039-01-13 13:00:00+01:00,90.11986618152399
2039-01-13 14:00:00+01:00,90.68513088362013
2039-01-13 15:00:00+01:00,94.89769878257465
2039-01-13 16:00:00+01:00,95.79943056925183
2039-01-13 17:00:00+01:00,105.58389338886823
2039-01-13 18:00:00+01:00,109.62149840384063
2039-01-13 19:00:00+01:00,107.34698091207285
2039-01-13 20:00:00+01:00,102.56914831102219
2039-01-13 21:00:00+01:00,97.53560072568993
2039-01-13 22:00:00+01:00,98.62575407973247
2039-01-13 23:00:00+01:00,97.09146417404297
2039-01-14 00:00:00+01:00,91.10235006850058
2039-01-14 01:00:00+01:00,90.17370091505694
2039-01-14 02:00:00+01:00,90.14678354829047
2039-01-14 03:00:00+01:00,89.55460147942786
2039-01-14 04:00:00+01:00,89.44693201236193
2039-01-14 05:00:00+01:00,89.56806016281108
2039-01-14 06:00:00+01:00,89.50076674589488
2039-01-14 07:00:00+01:00,89.93144461415861
2039-01-14 08:00:00+01:00,89.51422542927813
2039-01-14 09:00:00+01:00,90.73896561715308
2039-01-14 10:00:00+01:00,89.60843621296081
2039-01-14 11:00:00+01:00,89.48730806251166
2039-01-14 12:00:00+01:00,87.95301815682214
2039-01-14 13:00:00+01:00,89.50076674589488
2039-01-14 14:00:00+01:00,89.85069251385916
2039-01-14 15:00:00+01:00,93.17498730951976
2039-01-14 16:00:00+01:00,98.11432411116931
2039-01-14 17:00:00+01:00,103.01328486266915
2039-01-14 18:00:00+01:00,105.19359157075425
2039-01-14 19:00:00+01:00,103.47088009769936
2039-01-14 20:00:00+01:00,99.4736511328767
2039-01-14 21:00:00+01:00,96.13589765383284
2039-01-14 22:00:00+01:00,94.99190956625733
2039-01-14 23:00:00+01:00,90.72550693376985
2039-01-15 00:00:00+01:00,92.8654375917052
2039-01-15 01:00:00+01:00,90.69858956700335
2039-01-15 02:00:00+01:00,90.94084586790171
2039-01-15 03:00:00+01:00,91.08889138511736
2039-01-15 04:00:00+01:00,90.81971771745253
2039-01-15 05:00:00+01:00,93.59220649440024
2039-01-15 06:00:00+01:00,100.81951947120083
2039-01-15 07:00:00+01:00,108.67939056701374
2039-01-15 08:00:00+01:00,117.5352042331865
2039-01-15 09:00:00+01:00,113.53797526836384
2039-01-15 10:00:00+01:00,113.56489263513033
2039-01-15 11:00:00+01:00,108.76014266731318
2039-01-15 12:00:00+01:00,105.70502153931741
2039-01-15 13:00:00+01:00,106.27028624141354
2039-01-15 14:00:00+01:00,107.92570429755222
2039-01-15 15:00:00+01:00,108.28908874889974
2039-01-15 16:00:00+01:00,111.70759432824303
2039-01-15 17:00:00+01:00,124.56063695923845
2039-01-15 18:00:00+01:00,133.41645062541124
2039-01-15 19:00:00+01:00,125.63733162989777
2039-01-15 20:00:00+01:00,113.63218605204653
2039-01-15 21:00:00+01:00,105.62426943901797
2039-01-15 22:00:00+01:00,102.46147884395626
2039-01-15 23:00:00+01:00,97.83169176012125
2039-01-16 00:00:00+01:00,93.32303282673541
2039-01-16 01:00:00+01:00,94.06326041281368
2039-01-16 02:00:00+01:00,92.21942078930964
2039-01-16 03:00:00+01:00,92.71739207448955
2039-01-16 04:00:00+01:00,92.798144174789
2039-01-16 05:00:00+01:00,94.04980172943046
2039-01-16 06:00:00+01:00,103.37666931401667
2039-01-16 07:00:00+01:00,123.24168598768082
2039-01-16 08:00:00+01:00,154.5196661703336
2039-01-16 09:00:00+01:00,144.72174466733395
2039-01-16 10:00:00+01:00,130.81892473244568
2039-01-16 11:00:00+01:00,118.86761388812741
2039-01-16 12:00:00+01:00,107.131641977941
2039-01-16 13:00:00+01:00,106.41833175862921
2039-01-16 14:00:00+01:00,109.32540736940932
2039-01-16 15:00:00+01:00,124.23762855804068
2039-01-16 16:00:00+01:00,131.505317584991
2039-01-16 17:00:00+01:00,154.54658353710008
2039-01-16 18:00:00+01:00,151.32995820850542
2039-01-16 19:00:00+01:00,137.97894429233006
2039-01-16 20:00:00+01:00,117.13144373168927
2039-01-16 21:00:00+01:00,103.40358668078314
2039-01-16 22:00:00+01:00,103.44396273093287
2039-01-16 23:00:00+01:00,97.64327019275586
2039-01-17 00:00:00+01:00,91.97716448841129
2039-01-17 01:00:00+01:00,89.339262545296
2039-01-17 02:00:00+01:00,85.50353778107221
2039-01-17 03:00:00+01:00,85.32857489709008
2039-01-17 04:00:00+01:00,85.36895094723981
2039-01-17 05:00:00+01:00,91.84257765457888
2039-01-17 06:00:00+01:00,98.80071696371463
2039-01-17 07:00:00+01:00,119.10987018902574
2039-01-17 08:00:00+01:00,127.45425388663534
2039-01-17 09:00:00+01:00,125.34124059546647
2039-01-17 10:00:00+01:00,123.68582253932779
2039-01-17 11:00:00+01:00,121.99002843303938
2039-01-17 12:00:00+01:00,118.06009288513292
2039-01-17 13:00:00+01:00,116.87572874740769
2039-01-17 14:00:00+01:00,118.67919232076203
2039-01-17 15:00:00+01:00,125.24702981178378
2039-01-17 16:00:00+01:00,129.83644084546904
2039-01-17 17:00:00+01:00,146.16182378934076
2039-01-17 18:00:00+01:00,139.0421802796061
2039-01-17 19:00:00+01:00,124.38567407525633
2039-01-17 20:00:00+01:00,112.98616924965094
2039-01-17 21:00:00+01:00,99.5409445497929
2039-01-17 22:00:00+01:00,97.48176599215698
2039-01-17 23:00:00+01:00,92.40784235667502
2039-01-18 00:00:00+01:00,83.01368135517258
2039-01-18 01:00:00+01:00,77.99359245322357
2039-01-18 02:00:00+01:00,76.32471571370166
2039-01-18 03:00:00+01:00,75.90749652882117
2039-01-18 04:00:00+01:00,76.27088098016868
2039-01-18 05:00:00+01:00,82.34074718601052
2039-01-18 06:00:00+01:00,95.51679821820375
2039-01-18 07:00:00+01:00,115.52986040908355
2039-01-18 08:00:00+01:00,128.40982040684548
2039-01-18 09:00:00+01:00,126.48522868304198
2039-01-18 10:00:00+01:00,114.39933100489128
2039-01-18 11:00:00+01:00,109.43307683647524
2039-01-18 12:00:00+01:00,100.85989552135054
2039-01-18 13:00:00+01:00,99.52748586640965
2039-01-18 14:00:00+01:00,99.5140271830264
2039-01-18 15:00:00+01:00,100.87335420473379
2039-01-18 16:00:00+01:00,104.77637238587377
2039-01-18 17:00:00+01:00,116.64693112989258
2039-01-18 18:00:00+01:00,116.08166642779645
2039-01-18 19:00:00+01:00,107.34698091207285
2039-01-18 20:00:00+01:00,97.23950969125863
2039-01-18 21:00:00+01:00,95.05920298317355
2039-01-18 22:00:00+01:00,92.39438367329177
2039-01-18 23:00:00+01:00,86.7013606021807
2039-01-19 00:00:00+01:00,83.148268189005
2039-01-19 01:00:00+01:00,81.39863934918363
2039-01-19 02:00:00+01:00,80.5103662458897
2039-01-19 03:00:00+01:00,80.1873578446919
2039-01-19 04:00:00+01:00,79.7297626096617
2039-01-19 05:00:00+01:00,82.86563583795693
2039-01-19 06:00:00+01:00,89.47384937912841
2039-01-19 07:00:00+01:00,103.12095432973508
2039-01-19 08:00:00+01:00,115.24722805803549
2039-01-19 09:00:00+01:00,116.391216145611
2039-01-19 10:00:00+01:00,100.38884160293709
2039-01-19 11:00:00+01:00,93.86138016206507
2039-01-19 12:00:00+01:00,87.88572473990592
2039-01-19 13:00:00+01:00,88.45098944200205
2039-01-19 14:00:00+01:00,91.57340398691404
2039-01-19 15:00:00+01:00,92.00408185517776
2039-01-19 16:00:00+01:00,97.427931258624
2039-01-19 17:00:00+01:00,100.18696135218846
2039-01-19 18:00:00+01:00,105.65118680578443
2039-01-19 19:00:00+01:00,99.5409445497929
2039-01-19 20:00:00+01:00,94.45356223092769
2039-01-19 21:00:00+01:00,89.44693201236193
2039-01-19 22:00:00+01:00,92.69047470772307
2039-01-19 23:00:00+01:00,87.14549715382765
2039-01-20 00:00:00+01:00,80.01239496070977
2039-01-20 01:00:00+01:00,80.01239496070977
2039-01-20 02:00:00+01:00,80.16044047792542
2039-01-20 03:00:00+01:00,78.78765477283481
2039-01-20 04:00:00+01:00,78.77419608945156
2039-01-20 05:00:00+01:00,80.13352311115895
2039-01-20 06:00:00+01:00,79.98547759394329
2039-01-20 07:00:00+01:00,80.10660574439247
2039-01-20 08:00:00+01:00,86.0149677496354
2039-01-20 09:00:00+01:00,90.24099433197316
2039-01-20 10:00:00+01:00,87.37429477134276
2039-01-20 11:00:00+01:00,79.99893627732652
2039-01-20 12:00:00+01:00,74.72313239109594
2039-01-20 13:00:00+01:00,71.42575496220182
2039-01-20 14:00:00+01:00,73.79448323765229
2039-01-20 15:00:00+01:00,80.09314706100922
2039-01-20 16:00:00+01:00,86.90324085292931
2039-01-20 17:00:00+01:00,93.79408674514886
2039-01-20 18:00:00+01:00,97.93936122718719
2039-01-20 19:00:00+01:00,93.59220649440024
2039-01-20 20:00:00+01:00,89.1777583446971
2039-01-20 21:00:00+01:00,82.5291687533759
2039-01-20 22:00:00+01:00,83.09443345547203
2039-01-20 23:00:00+01:00,78.65306793900238
2039-01-21 00:00:00+01:00,74.65583897417973
2039-01-21 01:00:00+01:00,74.58854555726353
2039-01-21 02:00:00+01:00,72.58320173316058
2039-01-21 03:00:00+01:00,72.87929276759188
2039-01-21 04:00:00+01:00,73.80794192103554
2039-01-21 05:00:00+01:00,73.84831797118525
2039-01-21 06:00:00+01:00,75.97478994573738
2039-01-21 07:00:00+01:00,74.3193718895987
2039-01-21 08:00:00+01:00,73.87523533795174
2039-01-21 09:00:00+01:00,73.84831797118525
2039-01-21 10:00:00+01:00,73.80794192103554
2039-01-21 11:00:00+01:00,72.05831308121417
2039-01-21 12:00:00+01:00,66.97093076234896
2039-01-21 13:00:00+01:00,66.89017866204951
2039-01-21 14:00:00+01:00,72.12560649813037
2039-01-21 15:00:00+01:00,73.7675658708858
2039-01-21 16:00:00+01:00,75.74599232822227
2039-01-21 17:00:00+01:00,79.54134104229632
2039-01-21 18:00:00+01:00,79.59517577582929
2039-01-21 19:00:00+01:00,79.42021289184716
2039-01-21 20:00:00+01:00,78.9760763402002
2039-01-21 21:00:00+01:00,76.74193489858214
2039-01-21 22:00:00+01:00,77.89938166954089
2039-01-21 23:00:00+01:00,76.49967859768378
2039-01-22 00:00:00+01:00,72.20635859842982
2039-01-22 01:00:00+01:00,73.74064850411932
2039-01-22 02:00:00+01:00,73.79448323765229
2039-01-22 03:00:00+01:00,73.40418141953829
2039-01-22 04:00:00+01:00,70.68552737612356
2039-01-22 05:00:00+01:00,73.43109878630477
2039-01-22 06:00:00+01:00,78.23584875412193
2039-01-22 07:00:00+01:00,82.74450768750775
2039-01-22 08:00:00+01:00,83.75390894125086
2039-01-22 09:00:00+01:00,81.25059383196798
2039-01-22 10:00:00+01:00,82.09849088511217
2039-01-22 11:00:00+01:00,85.27474016355711
2039-01-22 12:00:00+01:00,85.36895094723981
2039-01-22 13:00:00+01:00,85.32857489709008
2039-01-22 14:00:00+01:00,84.49413652732912
2039-01-22 15:00:00+01:00,84.58834731101182
2039-01-22 16:00:00+01:00,84.44030179379617
2039-01-22 17:00:00+01:00,87.49542292179193
2039-01-22 18:00:00+01:00,87.28008398766008
2039-01-22 19:00:00+01:00,84.92481439559285
2039-01-22 20:00:00+01:00,79.83743207672764
2039-01-22 21:00:00+01:00,78.1012619202895
2039-01-22 22:00:00+01:00,78.51848110516998
2039-01-22 23:00:00+01:00,73.834859287802
2039-01-23 00:00:00+01:00,69.3665764045659
2039-01-23 01:00:00+01:00,71.5872591628007
2039-01-23 02:00:00+01:00,71.57380047941749
2039-01-23 03:00:00+01:00,70.13372135741065
2039-01-23 04:00:00+01:00,70.1471800407939
2039-01-23 05:00:00+01:00,70.09334530726092
2039-01-23 06:00:00+01:00,75.93441389558765
2039-01-23 07:00:00+01:00,81.22367646520149
2039-01-23 08:00:00+01:00,85.3958683140063
2039-01-23 09:00:00+01:00,84.7767688783772
2039-01-23 10:00:00+01:00,80.09314706100922
2039-01-23 11:00:00+01:00,77.13223671669613
2039-01-23 12:00:00+01:00,76.35163308046813
2039-01-23 13:00:00+01:00,77.13223671669613
2039-01-23 14:00:00+01:00,75.90749652882117
2039-01-23 15:00:00+01:00,77.45524511789391
2039-01-23 16:00:00+01:00,78.69344398915212
2039-01-23 17:00:00+01:00,82.24653640232782
2039-01-23 18:00:00+01:00,81.69473038361492
2039-01-23 19:00:00+01:00,78.06088587013977
2039-01-23 20:00:00+01:00,77.38795170097771
2039-01-23 21:00:00+01:00,74.96538869199428
2039-01-23 22:00:00+01:00,74.97884737537753
2039-01-23 23:00:00+01:00,67.95341464932557
2039-01-24 00:00:00+01:00,75.50373602732394
2039-01-24 01:00:00+01:00,70.71244474289003
2039-01-24 02:00:00+01:00,67.1189762795646
2039-01-24 03:00:00+01:00,68.04762543300825
2039-01-24 04:00:00+01:00,66.58062894423495
2039-01-24 05:00:00+01:00,70.69898605950678
2039-01-24 06:00:00+01:00,78.78765477283481
2039-01-24 07:00:00+01:00,85.09977727957498
2039-01-24 08:00:00+01:00,83.95578919199947
2039-01-24 09:00:00+01:00,83.39052448990334
2039-01-24 10:00:00+01:00,78.8818655565175
2039-01-24 11:00:00+01:00,77.32065828406151
2039-01-24 12:00:00+01:00,80.91412674738694
2039-01-24 13:00:00+01:00,81.26405251535122
2039-01-24 14:00:00+01:00,80.36232072867405
2039-01-24 15:00:00+01:00,80.55074229603943
2039-01-24 16:00:00+01:00,82.757966370891
2039-01-24 17:00:00+01:00,85.34203358047333
2039-01-24 18:00:00+01:00,90.11986618152399
2039-01-24 19:00:00+01:00,88.00685289035509
2039-01-24 20:00:00+01:00,78.62615057223591
2039-01-24 21:00:00+01:00,76.02862467927035
2039-01-24 22:00:00+01:00,76.02862467927035
2039-01-24 23:00:00+01:00,75.47681866055744
2039-01-25 00:00:00+01:00,70.72590342627326
2039-01-25 01:00:00+01:00,70.86049026010569
2039-01-25 02:00:00+01:00,66.60754631100144
2039-01-25 03:00:00+01:00,66.08265765905503
2039-01-25 04:00:00+01:00,67.61694756474454
2039-01-25 05:00:00+01:00,76.06900072942008
2039-01-25 06:00:00+01:00,78.06088587013977
2039-01-25 07:00:00+01:00,88.81437389334958
2039-01-25 08:00:00+01:00,92.09829263886046
2039-01-25 09:00:00+01:00,91.99062317179454
2039-01-25 10:00:00+01:00,87.42812950487573
2039-01-25 11:00:00+01:00,84.85752097867663
2039-01-25 12:00:00+01:00,82.34074718601052
2039-01-25 13:00:00+01:00,84.10383470921514
2039-01-25 14:00:00+01:00,86.55331508496504
2039-01-25 15:00:00+01:00,92.35400762314204
2039-01-25 16:00:00+01:00,101.58666442404558
2039-01-25 17:00:00+01:00,112.85158241581854
2039-01-25 18:00:00+01:00,112.87849978258502
2039-01-25 19:00:00+01:00,104.07652084994521
2039-01-25 20:00:00+01:00,91.12926743526708
2039-01-25 21:00:00+01:00,82.00428010142949
2039-01-25 22:00:00+01:00,79.55479972567956
2039-01-25 23:00:00+01:00,76.09591809618655
2039-01-26 00:00:00+01:00,68.08800148315798
2039-01-26 01:00:00+01:00,65.20784323914434
2039-01-26 02:00:00+01:00,67.3477738970797
2039-01-26 03:00:00+01:00,67.80536913210992
2039-01-26 04:00:00+01:00,66.90363734543276
2039-01-26 05:00:00+01:00,68.00724938285853
2039-01-26 06:00:00+01:00,80.30848599514107
2039-01-26 07:00:00+01:00,84.30571495996374
2039-01-26 08:00:00+01:00,87.73767922269026
2039-01-26 09:00:00+01:00,84.80368624514367
2039-01-26 10:00:00+01:00,82.11194956849542
2039-01-26 11:00:00+01:00,78.73382003930185
2039-01-26 12:00:00+01:00,81.86969326759706
2039-01-26 13:00:00+01:00,81.47939144948307
2039-01-26 14:00:00+01:00,80.10660574439247
2039-01-26 15:00:00+01:00,80.16044047792542
2039-01-26 16:00:00+01:00,79.98547759394329
2039-01-26 17:00:00+01:00,83.00022267178933
2039-01-26 18:00:00+01:00,91.3311476860157
2039-01-26 19:00:00+01:00,93.14806994275328
2039-01-26 20:00:00+01:00,87.28008398766008
2039-01-26 21:00:00+01:00,82.83871847119043
2039-01-26 22:00:00+01:00,79.1779565909488
2039-01-26 23:00:00+01:00,70.82011420995596
2039-01-27 00:00:00+01:00,61.58745740905243
2039-01-27 01:00:00+01:00,61.2509903244714
2039-01-27 02:00:00+01:00,61.07602744048927
2039-01-27 03:00:00+01:00,61.977759227166416
2039-01-27 04:00:00+01:00,62.0988873776156
2039-01-27 05:00:00+01:00,59.272563867134934
2039-01-27 06:00:00+01:00,55.840599604408396
2039-01-27 07:00:00+01:00,61.66820950935188
2039-01-27 08:00:00+01:00,71.14312261115374
2039-01-27 09:00:00+01:00,68.27642305052336
2039-01-27 10:00:00+01:00,62.987160480909516
2039-01-27 11:00:00+01:00,57.87286079527784
2039-01-27 12:00:00+01:00,58.572712331206375
2039-01-27 13:00:00+01:00,46.91749252131942
2039-01-27 14:00:00+01:00,52.28750719123269
2039-01-27 15:00:00+01:00,65.75964925785723
2039-01-27 16:00:00+01:00,78.1954727039722
2039-01-27 17:00:00+01:00,85.63812461490464
2039-01-27 18:00:00+01:00,95.32837665083836
2039-01-27 19:00:00+01:00,91.25039558571625
2039-01-27 20:00:00+01:00,85.26128148017388
2039-01-27 21:00:00+01:00,79.32600210816446
2039-01-27 22:00:00+01:00,77.40141038436096
2039-01-27 23:00:00+01:00,73.4714748364545
2039-01-28 00:00:00+01:00,72.3947801657952
2039-01-28 01:00:00+01:00,66.64792236115117
2039-01-28 02:00:00+01:00,62.97370179752629
2039-01-28 03:00:00+01:00,58.734216531805274
2039-01-28 04:00:00+01:00,57.06533979228335
2039-01-28 05:00:00+01:00,55.86751697117488
2039-01-28 06:00:00+01:00,60.64534957222554
2039-01-28 07:00:00+01:00,66.3652900101031
2039-01-28 08:00:00+01:00,63.10828863135869
2039-01-28 09:00:00+01:00,60.32234117102775
2039-01-28 10:00:00+01:00,54.494731266084266
2039-01-28 11:00:00+01:00,46.459897286289205
2039-01-28 12:00:00+01:00,40.82070894871111
2039-01-28 13:00:00+01:00,23.324420550497422
2039-01-28 14:00:00+01:00,31.332337163525985
2039-01-28 15:00:00+01:00,44.791020546767285
2039-01-28 16:00:00+01:00,63.1755820482749
2039-01-28 17:00:00+01:00,77.77825351909172
2039-01-28 18:00:00+01:00,81.50630881624956
2039-01-28 19:00:00+01:00,79.55479972567956
2039-01-28 20:00:00+01:00,76.74193489858214
2039-01-28 21:00:00+01:00,73.37726405277182
2039-01-28 22:00:00+01:00,71.07582919423754
2039-01-28 23:00:00+01:00,68.24950568375688
2039-01-29 00:00:00+01:00,62.30076762836423
2039-01-29 01:00:00+01:00,55.19458280201282
2039-01-29 02:00:00+01:00,42.893346189730266
2039-01-29 03:00:00+01:00,47.711554840930646
2039-01-29 04:00:00+01:00,47.68463747416418
2039-01-29 05:00:00+01:00,64.6425785370482
2039-01-29 06:00:00+01:00,80.13352311115895
2039-01-29 07:00:00+01:00,89.1777583446971
2039-01-29 08:00:00+01:00,100.79260210443434
2039-01-29 09:00:00+01:00,89.27196912837978
2039-01-29 10:00:00+01:00,80.24119257822487
2039-01-29 11:00:00+01:00,78.66652662238563
2039-01-29 12:00:00+01:00,77.53599721819336
2039-01-29 13:00:00+01:00,77.22644750037882
2039-01-29 14:00:00+01:00,82.85217715457368
2039-01-29 15:00:00+01:00,88.85474994349931
2039-01-29 16:00:00+01:00,109.5811223536909
2039-01-29 17:00:00+01:00,123.21476862091433
2039-01-29 18:00:00+01:00,125.77191846373017
2039-01-29 19:00:00+01:00,117.64287370025245
2039-01-29 20:00:00+01:00,96.80883182299492
2039-01-29 21:00:00+01:00,85.23436411340738
2039-01-29 22:00:00+01:00,81.14292436490204
2039-01-29 23:00:00+01:00,76.47276123091731
2039-01-30 00:00:00+01:00,68.42446856773901
2039-01-30 01:00:00+01:00,66.08265765905503
2039-01-30 02:00:00+01:00,66.12303370920476
2039-01-30 03:00:00+01:00,65.5173929569589
2039-01-30 04:00:00+01:00,65.49047559019242
2039-01-30 05:00:00+01:00,68.00724938285853
2039-01-30 06:00:00+01:00,80.09314706100922
2039-01-30 07:00:00+01:00,93.24228072643596
2039-01-30 08:00:00+01:00,103.21516511341775
2039-01-30 09:00:00+01:00,92.23287947269287
2039-01-30 10:00:00+01:00,81.5197674996328
2039-01-30 11:00:00+01:00,79.90472549364384
2039-01-30 12:00:00+01:00,76.52659596445027
2039-01-30 13:00:00+01:00,76.52659596445027
2039-01-30 14:00:00+01:00,78.92224160666721
2039-01-30 15:00:00+01:00,83.28285502283741
2039-01-30 16:00:00+01:00,86.63406718526448
2039-01-30 17:00:00+01:00,92.15212737239341
2039-01-30 18:00:00+01:00,102.94599144575295
2039-01-30 19:00:00+01:00,97.56251809245643
2039-01-30 20:00:00+01:00,88.948960727182
2039-01-30 21:00:00+01:00,80.77953991355453
2039-01-30 22:00:00+01:00,79.0433697571164
2039-01-30 23:00:00+01:00,76.13629414633628
2039-01-31 00:00:00+01:00,73.36380536938857
2039-01-31 01:00:00+01:00,69.38003508794914
2039-01-31 02:00:00+01:00,67.29393916354674
2039-01-31 03:00:00+01:00,67.71115834842722
2039-01-31 04:00:00+01:00,66.05574029228853
2039-01-31 05:00:00+01:00,74.46741740681435
2039-01-31 06:00:00+01:00,84.50759521071237
2039-01-31 07:00:00+01:00,107.19893539485719
2039-01-31 08:00:00+01:00,121.12867269651193
2039-01-31 09:00:00+01:00,97.54905940907318
2039-01-31 10:00:00+01:00,86.35143483421643
2039-01-31 11:00:00+01:00,80.56420097942265
2039-01-31 12:00:00+01:00,76.80922831549834
2039-01-31 13:00:00+01:00,77.32065828406151
2039-01-31 14:00:00+01:00,78.86840687313426
2039-01-31 15:00:00+01:00,81.33134593226742
2039-01-31 16:00:00+01:00,82.58300348690885
2039-01-31 17:00:00+01:00,86.74173665233042
2039-01-31 18:00:00+01:00,92.54242919050742
2039-01-31 19:00:00+01:00,89.19121702808035
2039-01-31 20:00:00+01:00,82.78488373765748
2039-01-31 21:00:00+01:00,76.64772411489945
2039-01-31 22:00:00+01:00,75.34223182672504
2039-01-31 23:00:00+01:00,67.77845176534342
2039-02-01 00:00:00+01:00,69.0704853701346
2039-02-01 01:00:00+01:00,69.04356800336811
2039-02-01 02:00:00+01:00,69.01665063660163
2039-02-01 03:00:00+01:00,73.12154906849021
2039-02-01 04:00:00+01:00,73.40418141953829
2039-02-01 05:00:00+01:00,73.44455746968802
2039-02-01 06:00:00+01:00,89.47384937912841
2039-02-01 07:00:00+01:00,96.29740185443174
2039-02-01 08:00:00+01:00,96.71462103931222
2039-02-01 09:00:00+01:00,95.77251320248534
2039-02-01 10:00:00+01:00,89.46039069574516
2039-02-01 11:00:00+01:00,88.15489840757076
2039-02-01 12:00:00+01:00,86.35143483421643
2039-02-01 13:00:00+01:00,86.98399295322876
2039-02-01 14:00:00+01:00,86.3110587840667
2039-02-01 15:00:00+01:00,90.69858956700335
2039-02-01 16:00:00+01:00,93.32303282673541
2039-02-01 17:00:00+01:00,97.40101389185753
2039-02-01 18:00:00+01:00,107.69690668003713
2039-02-01 19:00:00+01:00,100.96756498841648
2039-02-01 20:00:00+01:00,98.31620436191793
2039-02-01 21:00:00+01:00,88.14143972418752
2039-02-01 22:00:00+01:00,82.03119746819596
2039-02-01 23:00:00+01:00,72.34094543226223
2039-02-02 00:00:00+01:00,71.86989151384878
2039-02-02 01:00:00+01:00,71.82951546369907
2039-02-02 02:00:00+01:00,77.61674931849282
2039-02-02 03:00:00+01:00,80.09314706100922
2039-02-02 04:00:00+01:00,80.20081652807515
2039-02-02 05:00:00+01:00,78.82803082298454
2039-02-02 06:00:00+01:00,86.7686540190969
2039-02-02 07:00:00+01:00,93.20190467628623
2039-02-02 08:00:00+01:00,96.20319107074906
2039-02-02 09:00:00+01:00,92.13866868901019
2039-02-02 10:00:00+01:00,90.14678354829047
2039-02-02 11:00:00+01:00,85.4631617309225
2039-02-02 12:00:00+01:00,84.95173176235933
2039-02-02 13:00:00+01:00,84.9113557122096
2039-02-02 14:00:00+01:00,84.95173176235933
2039-02-02 15:00:00+01:00,84.99210781250905
2039-02-02 16:00:00+01:00,90.96776323466818
2039-02-02 17:00:00+01:00,89.48730806251166
2039-02-02 18:00:00+01:00,92.42130104005824
2039-02-02 19:00:00+01:00,87.05128637014498
2039-02-02 20:00:00+01:00,80.02585364409302
2039-02-02 21:00:00+01:00,76.67464148166592
2039-02-02 22:00:00+01:00,78.82803082298454
2039-02-02 23:00:00+01:00,72.15252386489685
2039-02-03 00:00:00+01:00,67.59003019797804
2039-02-03 01:00:00+01:00,77.37449301759449
2039-02-03 02:00:00+01:00,68.26296436714011
2039-02-03 03:00:00+01:00,68.08800148315798
2039-02-03 04:00:00+01:00,67.54965414782832
2039-02-03 05:00:00+01:00,65.69235584094102
2039-02-03 06:00:00+01:00,67.59003019797804
2039-02-03 07:00:00+01:00,67.59003019797804
2039-02-03 08:00:00+01:00,67.07860022941489
2039-02-03 09:00:00+01:00,63.22941678180787
2039-02-03 10:00:00+01:00,63.808140167287256
2039-02-03 11:00:00+01:00,56.998046375367146
2039-02-03 12:00:00+01:00,33.943321739874804
2039-02-03 13:00:00+01:00,17.537186695703653
2039-02-03 14:00:00+01:00,33.781817539275906
2039-02-03 15:00:00+01:00,58.599629697972865
2039-02-03 16:00:00+01:00,80.20081652807515
2039-02-03 17:00:00+01:00,80.91412674738694
2039-02-03 18:00:00+01:00,81.37172198241714
2039-02-03 19:00:00+01:00,80.98142016430315
2039-02-03 20:00:00+01:00,80.75262254678803
2039-02-03 21:00:00+01:00,80.16044047792542
2039-02-03 22:00:00+01:00,80.2815686283746
2039-02-03 23:00:00+01:00,67.64386493151102
2039-02-04 00:00:00+01:00,77.42832775112744
2039-02-04 01:00:00+01:00,68.1283775333077
2039-02-04 02:00:00+01:00,63.71392938360456
2039-02-04 03:00:00+01:00,57.1460918925828
2039-02-04 04:00:00+01:00,50.47058493449512
2039-02-04 05:00:00+01:00,57.18646794273252
2039-02-04 06:00:00+01:00,58.58617101458962
2039-02-04 07:00:00+01:00,65.32897138959352
2039-02-04 08:00:00+01:00,57.22684399288225
2039-02-04 09:00:00+01:00,50.484043617878356
2039-02-04 10:00:00+01:00,0.7676672001850022
2039-02-04 11:00:00+01:00,3.9708338453964274
2039-02-04 12:00:00+01:00,-9.151382453263835
2039-02-04 13:00:00+01:00,-15.70576126090235
2039-02-04 14:00:00+01:00,-10.995222076767902
2039-02-04 15:00:00+01:00,7.8200172930034455
2039-02-04 16:00:00+01:00,47.84614167476306
2039-02-04 17:00:00+01:00,79.02991107373315
2039-02-04 18:00:00+01:00,78.45118768825378
2039-02-04 19:00:00+01:00,78.24930743750515
2039-02-04 20:00:00+01:00,77.89938166954089
2039-02-04 21:00:00+01:00,80.3488620452908
2039-02-04 22:00:00+01:00,80.26810994499135
2039-02-04 23:00:00+01:00,79.00299370696668
2039-02-05 00:00:00+01:00,67.53619546444509
2039-02-05 01:00:00+01:00,63.96964436788614
2039-02-05 02:00:00+01:00,61.29136637462113
2039-02-05 03:00:00+01:00,62.273850261597744
2039-02-05 04:00:00+01:00,62.40843709543015
2039-02-05 05:00:00+01:00,78.43772900487053
2039-02-05 06:00:00+01:00,79.94510154379357
2039-02-05 07:00:00+01:00,82.94638793825638
2039-02-05 08:00:00+01:00,86.40526956774939
2039-02-05 09:00:00+01:00,83.9961652421492
2039-02-05 10:00:00+01:00,70.96815972717161
2039-02-05 11:00:00+01:00,74.61546292403
2039-02-05 12:00:00+01:00,49.730357348416845
2039-02-05 13:00:00+01:00,45.43703734916288
2039-02-05 14:00:00+01:00,55.94826907147433
2039-02-05 15:00:00+01:00,68.14183621669095
2039-02-05 16:00:00+01:00,79.31254342478123
2039-02-05 17:00:00+01:00,83.95578919199947
2039-02-05 18:00:00+01:00,89.75648173017646
2039-02-05 19:00:00+01:00,86.7013606021807
2039-02-05 20:00:00+01:00,81.39863934918363
2039-02-05 21:00:00+01:00,68.16875358345743
2039-02-05 22:00:00+01:00,68.1283775333077
2039-02-05 23:00:00+01:00,61.2509903244714
2039-02-06 00:00:00+01:00,57.80556737836163
2039-02-06 01:00:00+01:00,57.56331107746328
2039-02-06 02:00:00+01:00,57.442182927014116
2039-02-06 03:00:00+01:00,57.36143082671467
2039-02-06 04:00:00+01:00,57.18646794273252
2039-02-06 05:00:00+01:00,60.34925853779423
2039-02-06 06:00:00+01:00,76.47276123091731
2039-02-06 07:00:00+01:00,82.98676398840611
2039-02-06 08:00:00+01:00,85.77271144873704
2039-02-06 09:00:00+01:00,82.48879270322617
2039-02-06 10:00:00+01:00,71.22387471145319
2039-02-06 11:00:00+01:00,66.86326129528302
2039-02-06 12:00:00+01:00,65.67889715755777
2039-02-06 13:00:00+01:00,63.95618568450291
2039-02-06 14:00:00+01:00,58.572712331206375
2039-02-06 15:00:00+01:00,61.06256875710602
2039-02-06 16:00:00+01:00,78.51848110516998
2039-02-06 17:00:00+01:00,82.6637555872083
2039-02-06 18:00:00+01:00,83.22902028930444
2039-02-06 19:00:00+01:00,81.5197674996328
2039-02-06 20:00:00+01:00,77.45524511789391
2039-02-06 21:00:00+01:00,68.66672486863736
2039-02-06 22:00:00+01:00,69.08394405351783
2039-02-06 23:00:00+01:00,61.66820950935188
2039-02-07 00:00:00+01:00,69.62229138884749
2039-02-07 01:00:00+01:00,69.1377787870508
2039-02-07 02:00:00+01:00,69.01665063660163
2039-02-07 03:00:00+01:00,69.08394405351783
2039-02-07 04:00:00+01:00,68.20912963360715
2039-02-07 05:00:00+01:00,70.1471800407939
2039-02-07 06:00:00+01:00,70.766279476423
2039-02-07 07:00:00+01:00,84.10383470921514
2039-02-07 08:00:00+01:00,88.77399784319987
2039-02-07 09:00:00+01:00,85.79962881550352
2039-02-07 10:00:00+01:00,81.73510643376466
2039-02-07 11:00:00+01:00,81.16984173166853
2039-02-07 12:00:00+01:00,81.72164775038141
2039-02-07 13:00:00+01:00,83.29631370622064
2039-02-07 14:00:00+01:00,90.13332486490722
2039-02-07 15:00:00+01:00,95.28800060068863
2039-02-07 16:00:00+01:00,99.40635771596047
2039-02-07 17:00:00+01:00,124.46642617555578
2039-02-07 18:00:00+01:00,129.95756899591822
2039-02-07 19:00:00+01:00,110.92699069201504
2039-02-07 20:00:00+01:00,98.54500197943304
2039-02-07 21:00:00+01:00,89.12392361116412
2039-02-07 22:00:00+01:00,86.80903006924662
2039-02-07 23:00:00+01:00,81.78894116729762
2039-02-08 00:00:00+01:00,80.45653151235673
2039-02-08 01:00:00+01:00,75.75945101160552
2039-02-08 02:00:00+01:00,74.25207847268248
2039-02-08 03:00:00+01:00,72.70432988360976
2039-02-08 04:00:00+01:00,72.70432988360976
2039-02-08 05:00:00+01:00,79.97201891056004
2039-02-08 06:00:00+01:00,94.29205803032879
2039-02-08 07:00:00+01:00,117.96588210145023
2039-02-08 08:00:00+01:00,136.51194780355675
2039-02-08 09:00:00+01:00,118.4773120700134
2039-02-08 10:00:00+01:00,101.66741652434501
2039-02-08 11:00:00+01:00,98.97567984769677
2039-02-08 12:00:00+01:00,94.72273589859252
2039-02-08 13:00:00+01:00,92.87889627508845
2039-02-08 14:00:00+01:00,94.76311194874225
2039-02-08 15:00:00+01:00,98.3027456785347
2039-02-08 16:00:00+01:00,102.91907407898645
2039-02-08 17:00:00+01:00,106.79517489335996
2039-02-08 18:00:00+01:00,102.48839621072274
2039-02-08 19:00:00+01:00,91.46573451984813
2039-02-08 20:00:00+01:00,84.30571495996374
2039-02-08 21:00:00+01:00,81.96390405127975
2039-02-08 22:00:00+01:00,81.84277590083059
2039-02-08 23:00:00+01:00,71.85643283046554
2039-02-09 00:00:00+01:00,70.92778367702189
2039-02-09 01:00:00+01:00,70.80665552657271
2039-02-09 02:00:00+01:00,68.07454279977473
2039-02-09 03:00:00+01:00,67.92649728255907
2039-02-09 04:00:00+01:00,70.26830819124308
2039-02-09 05:00:00+01:00,71.2911681283694
2039-02-09 06:00:00+01:00,77.38795170097771
2039-02-09 07:00:00+01:00,85.49007909768899
2039-02-09 08:00:00+01:00,85.47662041430574
2039-02-09 09:00:00+01:00,79.48750630876336
2039-02-09 10:00:00+01:00,79.48750630876336
2039-02-09 11:00:00+01:00,82.78488373765748
2039-02-09 12:00:00+01:00,81.78894116729762
2039-02-09 13:00:00+01:00,82.05811483496244
2039-02-09 14:00:00+01:00,81.86969326759706
2039-02-09 15:00:00+01:00,82.51571006999265
2039-02-09 16:00:00+01:00,87.03782768676173
2039-02-09 17:00:00+01:00,93.71333464484943
2039-02-09 18:00:00+01:00,93.92867357898128
2039-02-09 19:00:00+01:00,89.56806016281108
2039-02-09 20:00:00+01:00,82.757966370891
2039-02-09 21:00:00+01:00,78.67998530576888
2039-02-09 22:00:00+01:00,77.38795170097771
2039-02-09 23:00:00+01:00,70.63169264259058
2039-02-10 00:00:00+01:00,65.11363245546166
2039-02-10 01:00:00+01:00,62.529565245879326
2039-02-10 02:00:00+01:00,60.65880825560879
2039-02-10 03:00:00+01:00,60.57805615530933
2039-02-10 04:00:00+01:00,58.384290763841
2039-02-10 05:00:00+01:00,60.59151483869258
2039-02-10 06:00:00+01:00,60.96835797342332
2039-02-10 07:00:00+01:00,68.84168775261949
2039-02-10 08:00:00+01:00,74.03673953855063
2039-02-10 09:00:00+01:00,74.11749163885008
2039-02-10 10:00:00+01:00,69.05702668675136
2039-02-10 11:00:00+01:00,66.70175709468413
2039-02-10 12:00:00+01:00,65.47701690680917
2039-02-10 13:00:00+01:00,65.07325640531194
2039-02-10 14:00:00+01:00,66.08265765905503
2039-02-10 15:00:00+01:00,72.26019333196277
2039-02-10 16:00:00+01:00,81.91006931774679
2039-02-10 17:00:00+01:00,87.18587320397738
2039-02-10 18:00:00+01:00,89.02971282748145
2039-02-10 19:00:00+01:00,81.3582632990339
2039-02-10 20:00:00+01:00,74.22516110591602
2039-02-10 21:00:00+01:00,67.63040624812777
2039-02-10 22:00:00+01:00,68.51867935142171
2039-02-10 23:00:00+01:00,63.5658838663889
2039-02-11 00:00:00+01:00,54.62931809991668
2039-02-11 01:00:00+01:00,54.95232650111447
2039-02-11 02:00:00+01:00,51.53382092177118
2039-02-11 03:00:00+01:00,51.0493083199745
2039-02-11 04:00:00+01:00,44.83139659691702
2039-02-11 05:00:00+01:00,42.44920963808331
2039-02-11 06:00:00+01:00,52.583598225664005
2039-02-11 07:00:00+01:00,53.498788695724414
2039-02-11 08:00:00+01:00,58.11511709617618
2039-02-11 09:00:00+01:00,58.46504286414045
2039-02-11 10:00:00+01:00,59.824369885847815
2039-02-11 11:00:00+01:00,61.07602744048927
2039-02-11 12:00:00+01:00,59.878204619380796
2039-02-11 13:00:00+01:00,57.590228444229766
2039-02-11 14:00:00+01:00,57.03842242551687
2039-02-11 15:00:00+01:00,61.22407295770492
2039-02-11 16:00:00+01:00,66.8228852451333
2039-02-11 17:00:00+01:00,79.07028712388288
2039-02-11 18:00:00+01:00,82.83871847119043
2039-02-11 19:00:00+01:00,80.73916386340481
2039-02-11 20:00:00+01:00,77.42832775112744
2039-02-11 21:00:00+01:00,69.11086142028432
2039-02-11 22:00:00+01:00,66.39220737686956
2039-02-11 23:00:00+01:00,59.38023333420086
2039-02-12 00:00:00+01:00,61.775878976417815
2039-02-12 01:00:00+01:00,59.757076468931615
2039-02-12 02:00:00+01:00,57.89977816204431
2039-02-12 03:00:00+01:00,55.94826907147433
2039-02-12 04:00:00+01:00,58.54579496443991
2039-02-12 05:00:00+01:00,62.35460236189718
2039-02-12 06:00:00+01:00,78.8145721396013
2039-02-12 07:00:00+01:00,92.9327310086214
2039-02-12 08:00:00+01:00,100.53688712015276
2039-02-12 09:00:00+01:00,93.52491307748404
2039-02-12 10:00:00+01:00,85.35549226385656
2039-02-12 11:00:00+01:00,80.2815686283746
2039-02-12 12:00:00+01:00,73.74064850411932
2039-02-12 13:00:00+01:00,72.83891671744216
2039-02-12 14:00:00+01:00,73.02733828480754
2039-02-12 15:00:00+01:00,79.23179132448178
2039-02-12 16:00:00+01:00,81.60051959993226
2039-02-12 17:00:00+01:00,90.63129615008715
2039-02-12 18:00:00+01:00,105.94727784021575
2039-02-12 19:00:00+01:00,99.27177088212807
2039-02-12 20:00:00+01:00,87.37429477134276
2039-02-12 21:00:00+01:00,79.85089076011087
2039-02-12 22:00:00+01:00,76.7957696321151
2039-02-12 23:00:00+01:00,64.91175220471303
2039-02-13 00:00:00+01:00,65.92115345845613
2039-02-13 01:00:00+01:00,63.98310305126938
2039-02-13 02:00:00+01:00,64.37340486938338
2039-02-13 03:00:00+01:00,66.02882292552206
2039-02-13 04:00:00+01:00,66.06919897567178
2039-02-13 05:00:00+01:00,66.10957502582151
2039-02-13 06:00:00+01:00,78.8145721396013
2039-02-13 07:00:00+01:00,89.48730806251166
2039-02-13 08:00:00+01:00,93.99596699589748
2039-02-13 09:00:00+01:00,87.34737740457628
2039-02-13 10:00:00+01:00,78.59923320546943
2039-02-13 11:00:00+01:00,75.97478994573738
2039-02-13 12:00:00+01:00,72.56974304977733
2039-02-13 13:00:00+01:00,71.10274656100403
2039-02-13 14:00:00+01:00,69.42041113809886
2039-02-13 15:00:00+01:00,76.02862467927035
2039-02-13 16:00:00+01:00,85.42278568077276
2039-02-13 17:00:00+01:00,97.05108812389325
2039-02-13 18:00:00+01:00,102.9998261792859
2039-02-13 19:00:00+01:00,98.70650618003194
2039-02-13 20:00:00+01:00,83.49819395696927
2039-02-13 21:00:00+01:00,78.8818655565175
2039-02-13 22:00:00+01:00,75.58448812762339
2039-02-13 23:00:00+01:00,66.99784812911543
2039-02-14 00:00:00+01:00,58.53233628105666
2039-02-14 01:00:00+01:00,57.092257159049836
2039-02-14 02:00:00+01:00,57.18646794273252
2039-02-14 03:00:00+01:00,55.23495885216254
2039-02-14 04:00:00+01:00,57.03842242551687
2039-02-14 05:00:00+01:00,59.743617785548366
2039-02-14 06:00:00+01:00,72.56974304977733
2039-02-14 07:00:00+01:00,78.96261765681695
2039-02-14 08:00:00+01:00,84.69601677807775
2039-02-14 09:00:00+01:00,76.23050493001897
2039-02-14 10:00:00+01:00,71.97756098091472
2039-02-14 11:00:00+01:00,65.34243007297674
2039-02-14 12:00:00+01:00,58.80150994872149
2039-02-14 13:00:00+01:00,58.61308838135611
2039-02-14 14:00:00+01:00,64.58874380351524
2039-02-14 15:00:00+01:00,69.47424587163184
2039-02-14 16:00:00+01:00,74.92501264184456
2039-02-14 17:00:00+01:00,81.60051959993226
2039-02-14 18:00:00+01:00,86.7955713858634
2039-02-14 19:00:00+01:00,85.18052937987443
2039-02-14 20:00:00+01:00,76.55351333121676
2039-02-14 21:00:00+01:00,72.15252386489685
2039-02-14 22:00:00+01:00,67.61694756474454
2039-02-14 23:00:00+01:00,58.29007998015831
2039-02-15 00:00:00+01:00,59.73015910216513
2039-02-15 01:00:00+01:00,61.237531641088154
2039-02-15 02:00:00+01:00,60.37617590456071
2039-02-15 03:00:00+01:00,60.32234117102775
2039-02-15 04:00:00+01:00,59.93203935291375
2039-02-15 05:00:00+01:00,60.59151483869258
2039-02-15 06:00:00+01:00,72.79854066729243
2039-02-15 07:00:00+01:00,84.7767688783772
2039-02-15 08:00:00+01:00,84.9786491291258
2039-02-15 09:00:00+01:00,75.9478725789709
2039-02-15 10:00:00+01:00,69.48770455501509
2039-02-15 11:00:00+01:00,66.70175709468413
2039-02-15 12:00:00+01:00,63.39092098240677
2039-02-15 13:00:00+01:00,62.05851132746587
2039-02-15 14:00:00+01:00,64.81754142103036
2039-02-15 15:00:00+01:00,69.38003508794914
2039-02-15 16:00:00+01:00,80.63149439633888
2039-02-15 17:00:00+01:00,87.17241452059415
2039-02-15 18:00:00+01:00,90.92738718451847
2039-02-15 19:00:00+01:00,83.36360712313684
2039-02-15 20:00:00+01:00,71.35846154528562
2039-02-15 21:00:00+01:00,68.00724938285853
2039-02-15 22:00:00+01:00,63.1755820482749
2039-02-15 23:00:00+01:00,60.1742956538121
2039-02-16 00:00:00+01:00,55.248417535545784
2039-02-16 01:00:00+01:00,55.78676487087543
2039-02-16 02:00:00+01:00,55.53104988659385
2039-02-16 03:00:00+01:00,56.10977327207323
2039-02-16 04:00:00+01:00,56.59428587386991
2039-02-16 05:00:00+01:00,56.150149322222944
2039-02-16 06:00:00+01:00,65.26167797267732
2039-02-16 07:00:00+01:00,69.54153928854804
2039-02-16 08:00:00+01:00,71.64109389633369
2039-02-16 09:00:00+01:00,66.16340975935448
2039-02-16 10:00:00+01:00,58.43812549737396
2039-02-16 11:00:00+01:00,58.72075784842203
2039-02-16 12:00:00+01:00,58.20932787985887
2039-02-16 13:00:00+01:00,58.14203446294266
2039-02-16 14:00:00+01:00,57.7651913282119
2039-02-16 15:00:00+01:00,59.407150700967335
2039-02-16 16:00:00+01:00,66.31145527657014
2039-02-16 17:00:00+01:00,70.56439922567438
2039-02-16 18:00:00+01:00,72.98696223465781
2039-02-16 19:00:00+01:00,71.35846154528562
2039-02-16 20:00:00+01:00,67.60348888136129
2039-02-16 21:00:00+01:00,60.82031245620767
2039-02-16 22:00:00+01:00,59.98587408644672
2039-02-16 23:00:00+01:00,54.96578518449771
2039-02-17 00:00:00+01:00,57.89977816204431
2039-02-17 01:00:00+01:00,56.984587691983904
2039-02-17 02:00:00+01:00,54.494731266084266
2039-02-17 03:00:00+01:00,54.521648632850756
2039-02-17 04:00:00+01:00,53.87563183045516
2039-02-17 05:00:00+01:00,52.75856110964614
2039-02-17 06:00:00+01:00,57.078798475666595
2039-02-17 07:00:00+01:00,65.24821928929407
2039-02-17 08:00:00+01:00,67.79191044872667
2039-02-17 09:00:00+01:00,66.16340975935448
2039-02-17 10:00:00+01:00,60.147378287045605
2039-02-17 11:00:00+01:00,57.294137409798466
2039-02-17 12:00:00+01:00,57.28067872641522
2039-02-17 13:00:00+01:00,52.920065310245036
2039-02-17 14:00:00+01:00,55.086913334946885
2039-02-17 15:00:00+01:00,64.75024800411413
2039-02-17 16:00:00+01:00,73.6060616702869
2039-02-17 17:00:00+01:00,81.2909698821177
2039-02-17 18:00:00+01:00,85.3958683140063
2039-02-17 19:00:00+01:00,89.71610568002676
2039-02-17 20:00:00+01:00,78.27622480427165
2039-02-17 21:00:00+01:00,72.50244963286113
2039-02-17 22:00:00+01:00,70.41635370845873
2039-02-17 23:00:00+01:00,66.06919897567178
2039-02-18 00:00:00+01:00,55.90789302132461
2039-02-18 01:00:00+01:00,53.96984261413785
2039-02-18 02:00:00+01:00,52.045250890334344
2039-02-18 03:00:00+01:00,45.10057026458184
2039-02-18 04:00:00+01:00,45.07365289781535
2039-02-18 05:00:00+01:00,46.890575154552934
2039-02-18 06:00:00+01:00,44.68335107970136
2039-02-18 07:00:00+01:00,45.46395471592935
2039-02-18 08:00:00+01:00,45.154404998114806
2039-02-18 09:00:00+01:00,44.96598343074943
2039-02-18 10:00:00+01:00,39.959353212183665
2039-02-18 11:00:00+01:00,35.24881402804921
2039-02-18 12:00:00+01:00,32.193692900053435
2039-02-18 13:00:00+01:00,27.025558480888776
2039-02-18 14:00:00+01:00,38.35776988957795
2039-02-18 15:00:00+01:00,49.1920100130872
2039-02-18 16:00:00+01:00,53.579540796023856
2039-02-18 17:00:00+01:00,68.034166749625
2039-02-18 18:00:00+01:00,69.67612612238047
2039-02-18 19:00:00+01:00,68.034166749625
2039-02-18 20:00:00+01:00,61.722044242884834
2039-02-18 21:00:00+01:00,54.14480549811999
2039-02-18 22:00:00+01:00,53.76796236338923
2039-02-18 23:00:00+01:00,51.02239095320801
2039-02-19 00:00:00+01:00,48.303736909793265
2039-02-19 01:00:00+01:00,47.294335656050166
2039-02-19 02:00:00+01:00,47.294335656050166
2039-02-19 03:00:00+01:00,47.94035245844576
2039-02-19 04:00:00+01:00,48.572910577458096
2039-02-19 05:00:00+01:00,49.46118368075203
2039-02-19 06:00:00+01:00,62.51610656249608
2039-02-19 07:00:00+01:00,69.86454768974583
2039-02-19 08:00:00+01:00,72.61011909992705
2039-02-19 09:00:00+01:00,68.73401828555356
2039-02-19 10:00:00+01:00,65.01942167177896
2039-02-19 11:00:00+01:00,63.337086248873796
2039-02-19 12:00:00+01:00,60.53768010515961
2039-02-19 13:00:00+01:00,59.568654901566234
2039-02-19 14:00:00+01:00,59.878204619380796
2039-02-19 15:00:00+01:00,62.69106944647821
2039-02-19 16:00:00+01:00,66.91709602881598
2039-02-19 17:00:00+01:00,71.62763521295044
2039-02-19 18:00:00+01:00,83.95578919199947
2039-02-19 19:00:00+01:00,76.67464148166592
2039-02-19 20:00:00+01:00,67.9668733327088
2039-02-19 21:00:00+01:00,65.38280612312647
2039-02-19 22:00:00+01:00,64.37340486938338
2039-02-19 23:00:00+01:00,60.13391960366238
2039-02-20 00:00:00+01:00,51.37231672117228
2039-02-20 01:00:00+01:00,50.02644838284815
2039-02-20 02:00:00+01:00,49.94569628254871
2039-02-20 03:00:00+01:00,48.976671078955334
2039-02-20 04:00:00+01:00,48.76133214482347
2039-02-20 05:00:00+01:00,56.150149322222944
2039-02-20 06:00:00+01:00,69.68958480576369
2039-02-20 07:00:00+01:00,85.19398806325766
2039-02-20 08:00:00+01:00,87.80497263960649
2039-02-20 09:00:00+01:00,73.12154906849021
2039-02-20 10:00:00+01:00,68.46484461788873
2039-02-20 11:00:00+01:00,64.30611145246718
2039-02-20 12:00:00+01:00,58.61308838135611
2039-02-20 13:00:00+01:00,53.37766054527523
2039-02-20 14:00:00+01:00,53.10848687761041
2039-02-20 15:00:00+01:00,63.71392938360456
2039-02-20 16:00:00+01:00,65.90769477507288
2039-02-20 17:00:00+01:00,69.4338698214821
2039-02-20 18:00:00+01:00,79.19141527433204
2039-02-20 19:00:00+01:00,76.13629414633628
2039-02-20 20:00:00+01:00,70.71244474289003
2039-02-20 21:00:00+01:00,64.03693778480235
2039-02-20 22:00:00+01:00,61.26444900785465
2039-02-20 23:00:00+01:00,53.054652144077444
2039-02-21 00:00:00+01:00,47.57696800709824
2039-02-21 01:00:00+01:00,47.81922430799658
2039-02-21 02:00:00+01:00,47.832682991379826
2039-02-21 03:00:00+01:00,47.99418719197872
2039-02-21 04:00:00+01:00,47.73847220769714
2039-02-21 05:00:00+01:00,47.832682991379826
2039-02-21 06:00:00+01:00,62.4218957788134
2039-02-21 07:00:00+01:00,69.15123747043405
2039-02-21 08:00:00+01:00,74.3462892563652
2039-02-21 09:00:00+01:00,65.9749881919891
2039-02-21 10:00:00+01:00,62.47573051234635
2039-02-21 11:00:00+01:00,59.743617785548366
2039-02-21 12:00:00+01:00,55.27533490231227
2039-02-21 13:00:00+01:00,55.57142593674357
2039-02-21 14:00:00+01:00,58.46504286414045
2039-02-21 15:00:00+01:00,61.95084186039994
2039-02-21 16:00:00+01:00,63.673553333454834
2039-02-21 17:00:00+01:00,64.33302881923365
2039-02-21 18:00:00+01:00,64.60220248689848
2039-02-21 19:00:00+01:00,63.6331772833051
2039-02-21 20:00:00+01:00,62.650693396328485
2039-02-21 21:00:00+01:00,53.53916474587413
2039-02-21 22:00:00+01:00,51.103143053507466
2039-02-21 23:00:00+01:00,47.321253022816656
2039-02-22 00:00:00+01:00,50.25524600036326
2039-02-22 01:00:00+01:00,49.55539446443471
2039-02-22 02:00:00+01:00,49.71689866503361
2039-02-22 03:00:00+01:00,49.46118368075203
2039-02-22 04:00:00+01:00,49.46118368075203
2039-02-22 05:00:00+01:00,49.21892737985368
2039-02-22 06:00:00+01:00,60.497304055009884
2039-02-22 07:00:00+01:00,70.12026267402742
2039-02-22 08:00:00+01:00,72.327486748879
2039-02-22 09:00:00+01:00,66.21724449288743
2039-02-22 10:00:00+01:00,63.256334148574346
2039-02-22 11:00:00+01:00,59.514820168033275
2039-02-22 12:00:00+01:00,54.588942049766956
2039-02-22 13:00:00+01:00,59.77053515231486
2039-02-22 14:00:00+01:00,58.03436499587673
2039-02-22 15:00:00+01:00,57.7651913282119
2039-02-22 16:00:00+01:00,60.60497352207581
2039-02-22 17:00:00+01:00,60.685725622375266
2039-02-22 18:00:00+01:00,63.458214399322976
2039-02-22 19:00:00+01:00,60.53768010515961
2039-02-22 20:00:00+01:00,57.294137409798466
2039-02-22 21:00:00+01:00,51.33194067102256
2039-02-22 22:00:00+01:00,51.30502330425608
2039-02-22 23:00:00+01:00,47.7923069412301
2039-02-23 00:00:00+01:00,49.811109448716294
2039-02-23 01:00:00+01:00,49.999531016081676
2039-02-23 02:00:00+01:00,50.833969385842636
2039-02-23 03:00:00+01:00,48.68058004452402
2039-02-23 04:00:00+01:00,48.572910577458096
2039-02-23 05:00:00+01:00,51.02239095320801
2039-02-23 06:00:00+01:00,51.749159855903045
2039-02-23 07:00:00+01:00,62.69106944647821
2039-02-23 08:00:00+01:00,64.56182643674875
2039-02-23 09:00:00+01:00,53.835255780305445
2039-02-23 10:00:00+01:00,50.08028311638112
2039-02-23 11:00:00+01:00,50.551337034794564
2039-02-23 12:00:00+01:00,48.88246029527265
2039-02-23 13:00:00+01:00,48.77479082820671
2039-02-23 14:00:00+01:00,48.82862556173968
2039-02-23 15:00:00+01:00,50.08028311638112
2039-02-23 16:00:00+01:00,53.18923897790986
2039-02-23 17:00:00+01:00,69.23198957073348
2039-02-23 18:00:00+01:00,77.93975771969062
2039-02-23 19:00:00+01:00,77.52253853481014
2039-02-23 20:00:00+01:00,69.05702668675136
2039-02-23 21:00:00+01:00,65.9480708252226
2039-02-23 22:00:00+01:00,62.529565245879326
2039-02-23 23:00:00+01:00,59.13797703330252
2039-02-24 00:00:00+01:00,59.958956719680224
2039-02-24 01:00:00+01:00,54.45435521593454
2039-02-24 02:00:00+01:00,50.8878041193756
2039-02-24 03:00:00+01:00,49.91877891578223
2039-02-24 04:00:00+01:00,50.25524600036326
2039-02-24 05:00:00+01:00,51.977957473418144
2039-02-24 06:00:00+01:00,59.86474593599755
2039-02-24 07:00:00+01:00,66.84980261189978
2039-02-24 08:00:00+01:00,66.28453790980365
2039-02-24 09:00:00+01:00,53.5257060624909
2039-02-24 10:00:00+01:00,47.77884825784686
2039-02-24 11:00:00+01:00,43.75470192625771
2039-02-24 12:00:00+01:00,37.22724048538568
2039-02-24 13:00:00+01:00,24.993297290019342
2039-02-24 14:00:00+01:00,44.27959057820412
2039-02-24 15:00:00+01:00,46.621401486888104
2039-02-24 16:00:00+01:00,54.38706179901834
2039-02-24 17:00:00+01:00,71.30462681175266
2039-02-24 18:00:00+01:00,82.78488373765748
2039-02-24 19:00:00+01:00,78.84148950636776
2039-02-24 20:00:00+01:00,70.09334530726092
2039-02-24 21:00:00+01:00,59.757076468931615
2039-02-24 22:00:00+01:00,59.743617785548366
2039-02-24 23:00:00+01:00,53.28344976159255
2039-02-25 00:00:00+01:00,54.53510731623399
2039-02-25 01:00:00+01:00,52.82585452656235
2039-02-25 02:00:00+01:00,49.730357348416845
2039-02-25 03:00:00+01:00,49.01704712910505
2039-02-25 04:00:00+01:00,48.51907584392513
2039-02-25 05:00:00+01:00,49.245844746620165
2039-02-25 06:00:00+01:00,50.18795258344706
2039-02-25 07:00:00+01:00,51.57419697192091
2039-02-25 08:00:00+01:00,52.26058982446621
2039-02-25 09:00:00+01:00,49.20546869647043
2039-02-25 10:00:00+01:00,47.61734405724796
2039-02-25 11:00:00+01:00,38.128972272062846
2039-02-25 12:00:00+01:00,31.749556348406472
2039-02-25 13:00:00+01:00,25.63931409241492
2039-02-25 14:00:00+01:00,31.601510831190815
2039-02-25 15:00:00+01:00,45.16786368149805
2039-02-25 16:00:00+01:00,61.29136637462113
2039-02-25 17:00:00+01:00,70.77973815980624
2039-02-25 18:00:00+01:00,73.04079696819079
2039-02-25 19:00:00+01:00,75.42298392702449
2039-02-25 20:00:00+01:00,68.66672486863736
2039-02-25 21:00:00+01:00,62.87949101384359
2039-02-25 22:00:00+01:00,61.22407295770492
2039-02-25 23:00:00+01:00,56.836542174768255
2039-02-26 00:00:00+01:00,53.88909051383841
2039-02-26 01:00:00+01:00,51.977957473418144
2039-02-26 02:00:00+01:00,50.47058493449512
2039-02-26 03:00:00+01:00,49.55539446443471
2039-02-26 04:00:00+01:00,50.65900650186049
2039-02-26 05:00:00+01:00,54.11788813135351
2039-02-26 06:00:00+01:00,69.32620035441619
2039-02-26 07:00:00+01:00,81.69473038361492
2039-02-26 08:00:00+01:00,84.95173176235933
2039-02-26 09:00:00+01:00,75.01922342552726
2039-02-26 10:00:00+01:00,67.7380757151937
2039-02-26 11:00:00+01:00,62.664152079711734
2039-02-26 12:00:00+01:00,62.24693289483125
2039-02-26 13:00:00+01:00,61.695126876118366
2039-02-26 14:00:00+01:00,61.73550292626808
2039-02-26 15:00:00+01:00,63.09482994797546
2039-02-26 16:00:00+01:00,67.48236073091212
2039-02-26 17:00:00+01:00,78.62615057223591
2039-02-26 18:00:00+01:00,87.13203847044443
2039-02-26 19:00:00+01:00,80.75262254678803
2039-02-26 20:00:00+01:00,71.62763521295044
2039-02-26 21:00:00+01:00,65.6519797907913
2039-02-26 22:00:00+01:00,64.40032223614986
2039-02-26 23:00:00+01:00,60.87414718974064
2039-02-27 00:00:00+01:00,58.54579496443991
2039-02-27 01:00:00+01:00,52.987358727161244
2039-02-27 02:00:00+01:00,52.46247007521483
2039-02-27 03:00:00+01:00,51.27810593748959
2039-02-27 04:00:00+01:00,53.12194556099366
2039-02-27 05:00:00+01:00,61.52016399213623
2039-02-27 06:00:00+01:00,72.54282568301085
2039-02-27 07:00:00+01:00,90.16024223167372
2039-02-27 08:00:00+01:00,97.48176599215698
2039-02-27 09:00:00+01:00,79.01645239034991
2039-02-27 10:00:00+01:00,72.73124725037623
2039-02-27 11:00:00+01:00,69.95875847342852
2039-02-27 12:00:00+01:00,65.7192732077075
2039-02-27 13:00:00+01:00,65.19438455576109
2039-02-27 14:00:00+01:00,66.08265765905503
2039-02-27 15:00:00+01:00,69.3665764045659
2039-02-27 16:00:00+01:00,83.79428499140057
2039-02-27 17:00:00+01:00,104.93787658647264
2039-02-27 18:00:00+01:00,124.4125914420228
2039-02-27 19:00:00+01:00,116.80843533049148
2039-02-27 20:00:00+01:00,91.22347821894977
2039-02-27 21:00:00+01:00,75.67869891130607
2039-02-27 22:00:00+01:00,71.97756098091472
2039-02-27 23:00:00+01:00,66.10957502582151
2039-02-28 00:00:00+01:00,65.59814505725835
2039-02-28 01:00:00+01:00,63.51204913285593
2039-02-28 02:00:00+01:00,61.95084186039994
2039-02-28 03:00:00+01:00,59.86474593599755
2039-02-28 04:00:00+01:00,59.7839938356981
2039-02-28 05:00:00+01:00,64.575285120132
2039-02-28 06:00:00+01:00,74.14440900561657
2039-02-28 07:00:00+01:00,106.00111257374871
2039-02-28 08:00:00+01:00,110.53668887390104
2039-02-28 09:00:00+01:00,85.97459169948567
2039-02-28 10:00:00+01:00,74.03673953855063
2039-02-28 11:00:00+01:00,67.7380757151937
2039-02-28 12:00:00+01:00,64.79062405426386
2039-02-28 13:00:00+01:00,65.35588875635999
2039-02-28 14:00:00+01:00,66.13649239258798
2039-02-28 15:00:00+01:00,68.66672486863736
2039-02-28 16:00:00+01:00,73.14846643525671
2039-02-28 17:00:00+01:00,84.4537604771794
2039-02-28 18:00:00+01:00,98.12778279455256
2039-02-28 19:00:00+01:00,84.30571495996374
2039-02-28 20:00:00+01:00,72.69087120022651
2039-02-28 21:00:00+01:00,64.69641327058117
2039-02-28 22:00:00+01:00,63.16212336489167
2039-02-28 23:00:00+01:00,59.757076468931615
2039-03-01 00:00:00+01:00,60.33579985441098
2039-03-01 01:00:00+01:00,59.757076468931615
2039-03-01 02:00:00+01:00,59.73015910216513
2039-03-01 03:00:00+01:00,60.0127914532132
2039-03-01 04:00:00+01:00,59.851287252614306
2039-03-01 05:00:00+01:00,59.851287252614306
2039-03-01 06:00:00+01:00,73.18884248540644
2039-03-01 07:00:00+01:00,82.65029690382508
2039-03-01 08:00:00+01:00,82.86563583795693
2039-03-01 09:00:00+01:00,77.56291458495986
2039-03-01 10:00:00+01:00,70.52402317552466
2039-03-01 11:00:00+01:00,69.19161352058377
2039-03-01 12:00:00+01:00,67.85920386564287
2039-03-01 13:00:00+01:00,67.77845176534342
2039-03-01 14:00:00+01:00,67.72461703181047
2039-03-01 15:00:00+01:00,69.3665764045659
2039-03-01 16:00:00+01:00,78.76073740606834
2039-03-01 17:00:00+01:00,92.65009865757335
2039-03-01 18:00:00+01:00,101.04831708871592
2039-03-01 19:00:00+01:00,89.29888649514628
2039-03-01 20:00:00+01:00,76.6611827982827
2039-03-01 21:00:00+01:00,67.92649728255907
2039-03-01 22:00:00+01:00,67.52273678106184
2039-03-01 23:00:00+01:00,60.88760587312389
2039-03-02 00:00:00+01:00,62.314226311747454
2039-03-02 01:00:00+01:00,60.65880825560879
2039-03-02 02:00:00+01:00,60.03970881997968
2039-03-02 03:00:00+01:00,58.31699734692479
2039-03-02 04:00:00+01:00,58.424666813990726
2039-03-02 05:00:00+01:00,58.384290763841
2039-03-02 06:00:00+01:00,59.20527045021872
2039-03-02 07:00:00+01:00,59.90512198614727
2039-03-02 08:00:00+01:00,61.53362267551946
2039-03-02 09:00:00+01:00,58.65346443150583
2039-03-02 10:00:00+01:00,58.11511709617618
2039-03-02 11:00:00+01:00,54.79082230051557
2039-03-02 12:00:00+01:00,47.55005064033176
2039-03-02 13:00:00+01:00,44.898690013833225
2039-03-02 14:00:00+01:00,51.78953590605276
2039-03-02 15:00:00+01:00,60.80685377282444
2039-03-02 16:00:00+01:00,70.0529692571112
2039-03-02 17:00:00+01:00,81.03525489783611
2039-03-02 18:00:00+01:00,84.62872336116155
2039-03-02 19:00:00+01:00,82.5964621702921
2039-03-02 20:00:00+01:00,73.26959458570587
2039-03-02 21:00:00+01:00,69.23198957073348
2039-03-02 22:00:00+01:00,66.33837264333661
2039-03-02 23:00:00+01:00,60.59151483869258
2039-03-03 00:00:00+01:00,63.16212336489167
2039-03-03 01:00:00+01:00,61.923924493633464
2039-03-03 02:00:00+01:00,54.494731266084266
2039-03-03 03:00:00+01:00,53.87563183045516
2039-03-03 04:00:00+01:00,51.53382092177118
2039-03-03 05:00:00+01:00,53.09502819422717
2039-03-03 06:00:00+01:00,54.85811571743179
2039-03-03 07:00:00+01:00,55.43683910291116
2039-03-03 08:00:00+01:00,56.04247985515701
2039-03-03 09:00:00+01:00,58.41120813060749
2039-03-03 10:00:00+01:00,52.77201979302937
2039-03-03 11:00:00+01:00,49.68998129826712
2039-03-03 12:00:00+01:00,45.00635948089915
2039-03-03 13:00:00+01:00,39.75747296143505
2039-03-03 14:00:00+01:00,44.306507944970605
2039-03-03 15:00:00+01:00,50.71284123539347
2039-03-03 16:00:00+01:00,63.22941678180787
2039-03-03 17:00:00+01:00,77.01110856624695
2039-03-03 18:00:00+01:00,90.81971771745253
2039-03-03 19:00:00+01:00,91.68107345397998
2039-03-03 20:00:00+01:00,84.60180599439505
2039-03-03 21:00:00+01:00,78.80111345621805
2039-03-03 22:00:00+01:00,78.35697690457108
2039-03-03 23:00:00+01:00,74.69621502432945
2039-03-04 00:00:00+01:00,63.84851621743696
2039-03-04 01:00:00+01:00,61.81625502656754
2039-03-04 02:00:00+01:00,61.33174242477085
2039-03-04 03:00:00+01:00,61.695126876118366
2039-03-04 04:00:00+01:00,62.933325747376564
2039-03-04 05:00:00+01:00,67.44198468076239
2039-03-04 06:00:00+01:00,82.95984662163961
2039-03-04 07:00:00+01:00,104.62832686865812
2039-03-04 08:00:00+01:00,115.16647595773605
2039-03-04 09:00:00+01:00,94.54777301461037
2039-03-04 10:00:00+01:00,79.81051470996114
2039-03-04 11:00:00+01:00,77.98013376984032
2039-03-04 12:00:00+01:00,73.01387960142429
2039-03-04 13:00:00+01:00,72.94658618450809
2039-03-04 14:00:00+01:00,73.25613590232264
2039-03-04 15:00:00+01:00,73.95598743825119
2039-03-04 16:00:00+01:00,85.51699646445546
2039-03-04 17:00:00+01:00,102.50185489410599
2039-03-04 18:00:00+01:00,113.17459081701634
2039-03-04 19:00:00+01:00,109.44653551985849
2039-03-04 20:00:00+01:00,86.32451746744994
2039-03-04 21:00:00+01:00,79.94510154379357
2039-03-04 22:00:00+01:00,78.51848110516998
2039-03-04 23:00:00+01:00,71.91026756399852
2039-03-05 00:00:00+01:00,62.89294969722684
2039-03-05 01:00:00+01:00,67.60348888136129
2039-03-05 02:00:00+01:00,67.67078229827749
2039-03-05 03:00:00+01:00,67.65732361489427
2039-03-05 04:00:00+01:00,67.95341464932557
2039-03-05 05:00:00+01:00,68.00724938285853
2039-03-05 06:00:00+01:00,75.77290969498875
2039-03-05 07:00:00+01:00,87.73767922269026
2039-03-05 08:00:00+01:00,93.6460412279332
2039-03-05 09:00:00+01:00,85.23436411340738
2039-03-05 10:00:00+01:00,79.97201891056004
2039-03-05 11:00:00+01:00,78.23584875412193
2039-03-05 12:00:00+01:00,76.20358756325248
2039-03-05 13:00:00+01:00,76.06900072942008
2039-03-05 14:00:00+01:00,76.70155884843241
2039-03-05 15:00:00+01:00,74.69621502432945
2039-03-05 16:00:00+01:00,79.19141527433204
2039-03-05 17:00:00+01:00,89.00279546071496
2039-03-05 18:00:00+01:00,113.33609501761524
2039-03-05 19:00:00+01:00,115.71828197644894
2039-03-05 20:00:00+01:00,92.91927232523818
2039-03-05 21:00:00+01:00,78.54539847193647
2039-03-05 22:00:00+01:00,75.23456235965911
2039-03-05 23:00:00+01:00,72.2332759651963
2039-03-06 00:00:00+01:00,74.11749163885008
2039-03-06 01:00:00+01:00,73.45801615307126
2039-03-06 02:00:00+01:00,72.5562843663941
2039-03-06 03:00:00+01:00,73.9290700714847
2039-03-06 04:00:00+01:00,71.91026756399852
2039-03-06 05:00:00+01:00,73.98290480501765
2039-03-06 06:00:00+01:00,88.72016310966688
2039-03-06 07:00:00+01:00,111.12887094276365
2039-03-06 08:00:00+01:00,125.19319507825082
2039-03-06 09:00:00+01:00,97.52214204230671
2039-03-06 10:00:00+01:00,84.49413652732912
2039-03-06 11:00:00+01:00,81.18330041505176
2039-03-06 12:00:00+01:00,79.62209314259579
2039-03-06 13:00:00+01:00,79.55479972567956
2039-03-06 14:00:00+01:00,78.69344398915212
2039-03-06 15:00:00+01:00,81.977362734663
2039-03-06 16:00:00+01:00,86.27068273391698
2039-03-06 17:00:00+01:00,105.85306705653306
2039-03-06 18:00:00+01:00,137.07721250565288
2039-03-06 19:00:00+01:00,134.12976084472305
2039-03-06 20:00:00+01:00,105.93381915683251
2039-03-06 21:00:00+01:00,87.73767922269026
2039-03-06 22:00:00+01:00,81.62743696669872
2039-03-06 23:00:00+01:00,78.63960925561916
2039-03-07 00:00:00+01:00,77.37449301759449
2039-03-07 01:00:00+01:00,76.1497528297195
2039-03-07 02:00:00+01:00,76.29779834693517
2039-03-07 03:00:00+01:00,76.16321151310275
2039-03-07 04:00:00+01:00,76.31125703031842
2039-03-07 05:00:00+01:00,78.69344398915212
2039-03-07 06:00:00+01:00,86.20338931700076
2039-03-07 07:00:00+01:00,104.22456636716086
2039-03-07 08:00:00+01:00,101.77508599141095
2039-03-07 09:00:00+01:00,85.93421564933595
2039-03-07 10:00:00+01:00,77.4821624846604
2039-03-07 11:00:00+01:00,76.35163308046813
2039-03-07 12:00:00+01:00,74.72313239109594
2039-03-07 13:00:00+01:00,74.27899583944897
2039-03-07 14:00:00+01:00,69.67612612238047
2039-03-07 15:00:00+01:00,76.02862467927035
2039-03-07 16:00:00+01:00,77.44178643451069
2039-03-07 17:00:00+01:00,85.67850066505437
2039-03-07 18:00:00+01:00,94.96499219949085
2039-03-07 19:00:00+01:00,95.07266166655678
2039-03-07 20:00:00+01:00,84.62872336116155
2039-03-07 21:00:00+01:00,79.47404762538011
2039-03-07 22:00:00+01:00,78.78765477283481
2039-03-07 23:00:00+01:00,77.58983195172634
2039-03-08 00:00:00+01:00,76.10937677956979
2039-03-08 01:00:00+01:00,77.14569540007938
2039-03-08 02:00:00+01:00,77.25336486714531
2039-03-08 03:00:00+01:00,75.18072762612614
2039-03-08 04:00:00+01:00,75.12689289259318
2039-03-08 05:00:00+01:00,74.79042580801215
2039-03-08 06:00:00+01:00,80.55074229603943
2039-03-08 07:00:00+01:00,91.61378003706378
2039-03-08 08:00:00+01:00,85.49007909768899
2039-03-08 09:00:00+01:00,76.33817439708488
2039-03-08 10:00:00+01:00,76.28433966355193
2039-03-08 11:00:00+01:00,75.35569051010829
2039-03-08 12:00:00+01:00,72.77162330052596
2039-03-08 13:00:00+01:00,72.75816461714271
2039-03-08 14:00:00+01:00,72.71778856699298
2039-03-08 15:00:00+01:00,72.75816461714271
2039-03-08 16:00:00+01:00,75.18072762612614
2039-03-08 17:00:00+01:00,82.39458191954347
2039-03-08 18:00:00+01:00,83.00022267178933
2039-03-08 19:00:00+01:00,82.34074718601052
2039-03-08 20:00:00+01:00,78.4242703214873
2039-03-08 21:00:00+01:00,72.63703646669353
2039-03-08 22:00:00+01:00,72.77162330052596
2039-03-08 23:00:00+01:00,68.02070806624178
2039-03-09 00:00:00+01:00,74.22516110591602
2039-03-09 01:00:00+01:00,75.82674442852172
2039-03-09 02:00:00+01:00,74.83080185816188
2039-03-09 03:00:00+01:00,74.25207847268248
2039-03-09 04:00:00+01:00,72.78508198390918
2039-03-09 05:00:00+01:00,73.10809038510699
2039-03-09 06:00:00+01:00,74.15786768899981
2039-03-09 07:00:00+01:00,74.15786768899981
2039-03-09 08:00:00+01:00,69.31274167103294
2039-03-09 09:00:00+01:00,69.99913452357825
2039-03-09 10:00:00+01:00,69.97221715681177
2039-03-09 11:00:00+01:00,68.43792725112226
2039-03-09 12:00:00+01:00,62.96024311414304
2039-03-09 13:00:00+01:00,59.582113584949475
2039-03-09 14:00:00+01:00,69.33965903779942
2039-03-09 15:00:00+01:00,69.39349377133239
2039-03-09 16:00:00+01:00,70.96815972717161
2039-03-09 17:00:00+01:00,71.3853789120521
2039-03-09 18:00:00+01:00,78.57231583870296
2039-03-09 19:00:00+01:00,76.27088098016868
2039-03-09 20:00:00+01:00,75.96133126235414
2039-03-09 21:00:00+01:00,75.03268210891048
2039-03-09 22:00:00+01:00,75.31531445995856
2039-03-09 23:00:00+01:00,71.42575496220182
2039-03-10 00:00:00+01:00,71.78913941354934
2039-03-10 01:00:00+01:00,62.89294969722684
2039-03-10 02:00:00+01:00,61.95084186039994
2039-03-10 03:00:00+01:00,57.3075960931817
2039-03-10 04:00:00+01:00,59.89166330276402
2039-03-10 05:00:00+01:00,56.12323195545646
2039-03-10 06:00:00+01:00,55.3830043693782
2039-03-10 07:00:00+01:00,58.61308838135611
2039-03-10 08:00:00+01:00,69.87800637312907
2039-03-10 09:00:00+01:00,72.08523044798065
2039-03-10 10:00:00+01:00,73.61952035367015
2039-03-10 11:00:00+01:00,72.03139571444768
2039-03-10 12:00:00+01:00,71.80259809693258
2039-03-10 13:00:00+01:00,69.83763032297934
2039-03-10 14:00:00+01:00,68.23604700037363
2039-03-10 15:00:00+01:00,65.36934743974324
2039-03-10 16:00:00+01:00,71.72184599663314
2039-03-10 17:00:00+01:00,72.05831308121417
2039-03-10 18:00:00+01:00,76.06900072942008
2039-03-10 19:00:00+01:00,77.0245672496302
2039-03-10 20:00:00+01:00,76.47276123091731
2039-03-10 21:00:00+01:00,75.01922342552726
2039-03-10 22:00:00+01:00,75.16726894274291
2039-03-10 23:00:00+01:00,72.05831308121417
2039-03-11 00:00:00+01:00,70.09334530726092
2039-03-11 01:00:00+01:00,65.27513665606054
2039-03-11 02:00:00+01:00,65.32897138959352
2039-03-11 03:00:00+01:00,66.60754631100144
2039-03-11 04:00:00+01:00,69.985675840195
2039-03-11 05:00:00+01:00,73.09463170172374
2039-03-11 06:00:00+01:00,75.53065339409042
2039-03-11 07:00:00+01:00,91.08889138511736
2039-03-11 08:00:00+01:00,97.427931258624
2039-03-11 09:00:00+01:00,90.72550693376985
2039-03-11 10:00:00+01:00,88.26256787463667
2039-03-11 11:00:00+01:00,86.47256298466559
2039-03-11 12:00:00+01:00,77.0245672496302
2039-03-11 13:00:00+01:00,77.01110856624695
2039-03-11 14:00:00+01:00,77.13223671669613
2039-03-11 15:00:00+01:00,82.91947057148988
2039-03-11 16:00:00+01:00,82.62337953705858
2039-03-11 17:00:00+01:00,99.02951458122972
2039-03-11 18:00:00+01:00,142.51452059248237
2039-03-11 19:00:00+01:00,155.36756322347782
2039-03-11 20:00:00+01:00,119.4867133237565
2039-03-11 21:00:00+01:00,86.1495545834678
2039-03-11 22:00:00+01:00,77.25336486714531
2039-03-11 23:00:00+01:00,75.66524022792282
2039-03-12 00:00:00+01:00,71.04891182747107
2039-03-12 01:00:00+01:00,69.85108900636259
2039-03-12 02:00:00+01:00,69.04356800336811
2039-03-12 03:00:00+01:00,68.84168775261949
2039-03-12 04:00:00+01:00,69.38003508794914
2039-03-12 05:00:00+01:00,72.03139571444768
2039-03-12 06:00:00+01:00,82.74450768750775
2039-03-12 07:00:00+01:00,106.87592699365942
2039-03-12 08:00:00+01:00,108.62555583348077
2039-03-12 09:00:00+01:00,90.7120482503866
2039-03-12 10:00:00+01:00,81.8158585340641
2039-03-12 11:00:00+01:00,76.74193489858214
2039-03-12 12:00:00+01:00,74.7096737077127
2039-03-12 13:00:00+01:00,75.66524022792282
2039-03-12 14:00:00+01:00,74.6423802907965
2039-03-12 15:00:00+01:00,77.4148690677442
2039-03-12 16:00:00+01:00,87.61655107224111
2039-03-12 17:00:00+01:00,114.81655018977176
2039-03-12 18:00:00+01:00,142.50106190909912
2039-03-12 19:00:00+01:00,128.98854379232486
2039-03-12 20:00:00+01:00,94.54777301461037
2039-03-12 21:00:00+01:00,81.14292436490204
2039-03-12 22:00:00+01:00,77.50907985142689
2039-03-12 23:00:00+01:00,70.67206869274031
2039-03-13 00:00:00+01:00,62.381519728663676
2039-03-13 01:00:00+01:00,65.57122769049185
2039-03-13 02:00:00+01:00,65.35588875635999
2039-03-13 03:00:00+01:00,63.98310305126938
2039-03-13 04:00:00+01:00,64.6425785370482
2039-03-13 05:00:00+01:00,66.35183132671985
2039-03-13 06:00:00+01:00,72.11214781474712
2039-03-13 07:00:00+01:00,87.03782768676173
2039-03-13 08:00:00+01:00,88.26256787463667
2039-03-13 09:00:00+01:00,78.34351822118785
2039-03-13 10:00:00+01:00,71.41229627881857
2039-03-13 11:00:00+01:00,70.47018844199168
2039-03-13 12:00:00+01:00,68.02070806624178
2039-03-13 13:00:00+01:00,68.46484461788873
2039-03-13 14:00:00+01:00,68.85514643600274
2039-03-13 15:00:00+01:00,70.02605189034472
2039-03-13 16:00:00+01:00,71.43921364558506
2039-03-13 17:00:00+01:00,88.57211759245124
2039-03-13 18:00:00+01:00,100.45613501985329
2039-03-13 19:00:00+01:00,95.30145928407188
2039-03-13 20:00:00+01:00,81.1294656815188
2039-03-13 21:00:00+01:00,70.98161841055486
2039-03-13 22:00:00+01:00,69.39349377133239
2039-03-13 23:00:00+01:00,67.56311283121157
2039-03-14 00:00:00+01:00,67.9668733327088
2039-03-14 01:00:00+01:00,67.26702179678026
2039-03-14 02:00:00+01:00,66.68829841130088
2039-03-14 03:00:00+01:00,65.96152950860585
2039-03-14 04:00:00+01:00,65.9749881919891
2039-03-14 05:00:00+01:00,67.98033201609205
2039-03-14 06:00:00+01:00,78.58577452208618
2039-03-14 07:00:00+01:00,94.8842400991914
2039-03-14 08:00:00+01:00,90.72550693376985
2039-03-14 09:00:00+01:00,69.64920875561397
2039-03-14 10:00:00+01:00,68.92243985291894
2039-03-14 11:00:00+01:00,68.88206380276922
2039-03-14 12:00:00+01:00,64.40032223614986
2039-03-14 13:00:00+01:00,62.919867063993316
2039-03-14 14:00:00+01:00,65.80002530800695
2039-03-14 15:00:00+01:00,69.05702668675136
2039-03-14 16:00:00+01:00,72.05831308121417
2039-03-14 17:00:00+01:00,91.1965608521833
2039-03-14 18:00:00+01:00,107.76420009695333
2039-03-14 19:00:00+01:00,99.63515533347558
2039-03-14 20:00:00+01:00,78.9760763402002
2039-03-14 21:00:00+01:00,71.3853789120521
2039-03-14 22:00:00+01:00,71.35846154528562
2039-03-14 23:00:00+01:00,69.05702668675136
2039-03-15 00:00:00+01:00,66.86326129528302
2039-03-15 01:00:00+01:00,66.83634392851654
2039-03-15 02:00:00+01:00,66.79596787836682
2039-03-15 03:00:00+01:00,66.71521577806737
2039-03-15 04:00:00+01:00,66.70175709468413
2039-03-15 05:00:00+01:00,67.67078229827749
2039-03-15 06:00:00+01:00,70.59131659244086
2039-03-15 07:00:00+01:00,72.0717717645974
2039-03-15 08:00:00+01:00,71.84297414708232
2039-03-15 09:00:00+01:00,70.71244474289003
2039-03-15 10:00:00+01:00,70.73936210965651
2039-03-15 11:00:00+01:00,71.07582919423754
2039-03-15 12:00:00+01:00,71.04891182747107
2039-03-15 13:00:00+01:00,70.73936210965651
2039-03-15 14:00:00+01:00,70.68552737612356
2039-03-15 15:00:00+01:00,70.68552737612356
2039-03-15 16:00:00+01:00,70.3086842413928
2039-03-15 17:00:00+01:00,76.44584386415082
2039-03-15 18:00:00+01:00,84.46721916056264
2039-03-15 19:00:00+01:00,79.19141527433204
2039-03-15 20:00:00+01:00,72.67741251684326
2039-03-15 21:00:00+01:00,67.9937906994753
2039-03-15 22:00:00+01:00,66.76905051160033
2039-03-15 23:00:00+01:00,66.24416185965391
2039-03-16 00:00:00+01:00,70.56439922567438
2039-03-16 01:00:00+01:00,69.75687822267989
2039-03-16 02:00:00+01:00,69.28582430426646
2039-03-16 03:00:00+01:00,67.60348888136129
2039-03-16 04:00:00+01:00,66.3652900101031
2039-03-16 05:00:00+01:00,66.37874869348634
2039-03-16 06:00:00+01:00,66.63446367776793
2039-03-16 07:00:00+01:00,66.27107922642041
2039-03-16 08:00:00+01:00,66.13649239258798
2039-03-16 09:00:00+01:00,66.24416185965391
2039-03-16 10:00:00+01:00,65.86731872492315
2039-03-16 11:00:00+01:00,63.269792831957595
2039-03-16 12:00:00+01:00,49.0977992294045
2039-03-16 13:00:00+01:00,37.02536023463706
2039-03-16 14:00:00+01:00,53.94292524737138
2039-03-16 15:00:00+01:00,64.03693778480235
2039-03-16 16:00:00+01:00,67.85920386564287
2039-03-16 17:00:00+01:00,71.92372624738174
2039-03-16 18:00:00+01:00,79.44713025861363
2039-03-16 19:00:00+01:00,83.39052448990334
2039-03-16 20:00:00+01:00,74.7096737077127
2039-03-16 21:00:00+01:00,71.46613101235155
2039-03-16 22:00:00+01:00,70.61823395920733
2039-03-16 23:00:00+01:00,66.51333552731874
2039-03-17 00:00:00+01:00,64.65603722043144
2039-03-17 01:00:00+01:00,61.34520110815408
2039-03-17 02:00:00+01:00,56.31165352282184
2039-03-17 03:00:00+01:00,52.09908562386731
2039-03-17 04:00:00+01:00,48.46524111039217
2039-03-17 05:00:00+01:00,47.95381114182899
2039-03-17 06:00:00+01:00,55.921351704707845
2039-03-17 07:00:00+01:00,52.89314794347855
2039-03-17 08:00:00+01:00,43.8489127099404
2039-03-17 09:00:00+01:00,33.36459835439543
2039-03-17 10:00:00+01:00,26.877512963673126
2039-03-17 11:00:00+01:00,26.72946744645747
2039-03-17 12:00:00+01:00,26.837136913523402
2039-03-17 13:00:00+01:00,21.61516776082577
2039-03-17 14:00:00+01:00,28.008042367865386
2039-03-17 15:00:00+01:00,44.81793791353377
2039-03-17 16:00:00+01:00,65.69235584094102
2039-03-17 17:00:00+01:00,82.89255320472341
2039-03-17 18:00:00+01:00,91.02159796820116
2039-03-17 19:00:00+01:00,92.67701602433982
2039-03-17 20:00:00+01:00,83.56548737388547
2039-03-17 21:00:00+01:00,73.91561138810145
2039-03-17 22:00:00+01:00,71.19695734468672
2039-03-17 23:00:00+01:00,65.75964925785723
2039-03-18 00:00:00+01:00,65.34243007297674
2039-03-18 01:00:00+01:00,62.77182154677766
2039-03-18 02:00:00+01:00,58.62654706473934
2039-03-18 03:00:00+01:00,54.56202468300047
2039-03-18 04:00:00+01:00,62.77182154677766
2039-03-18 05:00:00+01:00,67.4150673139959
2039-03-18 06:00:00+01:00,80.36232072867405
2039-03-18 07:00:00+01:00,95.62446768526966
2039-03-18 08:00:00+01:00,94.37281013062824
2039-03-18 09:00:00+01:00,83.8346610415503
2039-03-18 10:00:00+01:00,77.30719960067826
2039-03-18 11:00:00+01:00,76.62080674813296
2039-03-18 12:00:00+01:00,73.65989640381987
2039-03-18 13:00:00+01:00,72.69087120022651
2039-03-18 14:00:00+01:00,72.08523044798065
2039-03-18 15:00:00+01:00,74.60200424064678
2039-03-18 16:00:00+01:00,88.00685289035509
2039-03-18 17:00:00+01:00,112.28631771372241
2039-03-18 18:00:00+01:00,152.62199181329657
2039-03-18 19:00:00+01:00,142.58181400939856
2039-03-18 20:00:00+01:00,103.1613303798848
2039-03-18 21:00:00+01:00,84.33263232673023
2039-03-18 22:00:00+01:00,79.97201891056004
2039-03-18 23:00:00+01:00,74.14440900561657
2039-03-19 00:00:00+01:00,76.06900072942008
2039-03-19 01:00:00+01:00,73.68681377058635
2039-03-19 02:00:00+01:00,72.86583408420863
2039-03-19 03:00:00+01:00,71.39883759543532
2039-03-19 04:00:00+01:00,72.81199935067568
2039-03-19 05:00:00+01:00,77.33411696744476
2039-03-19 06:00:00+01:00,95.15341376685623
2039-03-19 07:00:00+01:00,110.95390805878151
2039-03-19 08:00:00+01:00,100.18696135218846
2039-03-19 09:00:00+01:00,81.62743696669872
2039-03-19 10:00:00+01:00,72.48899094947788
2039-03-19 11:00:00+01:00,70.90086631025541
2039-03-19 12:00:00+01:00,51.85682932296897
2039-03-19 13:00:00+01:00,55.584884620126815
2039-03-19 14:00:00+01:00,60.55113878854286
2039-03-19 15:00:00+01:00,72.03139571444768
2039-03-19 16:00:00+01:00,84.14421075936485
2039-03-19 17:00:00+01:00,120.44227984396665
2039-03-19 18:00:00+01:00,157.65553939862883
2039-03-19 19:00:00+01:00,145.9464848552089
2039-03-19 20:00:00+01:00,117.81783658423458
2039-03-19 21:00:00+01:00,88.51828285891828
2039-03-19 22:00:00+01:00,85.30165753032361
2039-03-19 23:00:00+01:00,80.96796148091991
2039-03-20 00:00:00+01:00,78.8145721396013
2039-03-20 01:00:00+01:00,77.73787746894199
2039-03-20 02:00:00+01:00,77.42832775112744
2039-03-20 03:00:00+01:00,77.37449301759449
2039-03-20 04:00:00+01:00,77.45524511789391
2039-03-20 05:00:00+01:00,82.00428010142949
2039-03-20 06:00:00+01:00,110.90007332524856
2039-03-20 07:00:00+01:00,135.1929968319991
2039-03-20 08:00:00+01:00,116.95648084770713
2039-03-20 09:00:00+01:00,77.63020800187607
2039-03-20 10:00:00+01:00,73.5387682533707
2039-03-20 11:00:00+01:00,69.54153928854804
2039-03-20 12:00:00+01:00,56.60774455725315
2039-03-20 13:00:00+01:00,60.18775433719533
2039-03-20 14:00:00+01:00,68.96281590306867
2039-03-20 15:00:00+01:00,77.42832775112744
2039-03-20 16:00:00+01:00,93.18844599290301
2039-03-20 17:00:00+01:00,125.23357112840053
2039-03-20 18:00:00+01:00,173.5906205243865
2039-03-20 19:00:00+01:00,171.5583593335171
2039-03-20 20:00:00+01:00,141.02060673694257
2039-03-20 21:00:00+01:00,104.02268611641225
2039-03-20 22:00:00+01:00,88.42407207523559
2039-03-20 23:00:00+01:00,80.416155462207
2039-03-21 00:00:00+01:00,78.8145721396013
2039-03-21 01:00:00+01:00,76.87652173241455
2039-03-21 02:00:00+01:00,76.20358756325248
2039-03-21 03:00:00+01:00,71.64109389633369
2039-03-21 04:00:00+01:00,72.0986891313639
2039-03-21 05:00:00+01:00,76.8630630490313
2039-03-21 06:00:00+01:00,88.4644481253853
2039-03-21 07:00:00+01:00,106.99705514410857
2039-03-21 08:00:00+01:00,97.3606378417078
2039-03-21 09:00:00+01:00,79.05682844049964
2039-03-21 10:00:00+01:00,76.82268699888158
2039-03-21 11:00:00+01:00,75.28839709319206
2039-03-21 12:00:00+01:00,68.92243985291894
2039-03-21 13:00:00+01:00,67.79191044872667
2039-03-21 14:00:00+01:00,67.81882781549315
2039-03-21 15:00:00+01:00,74.81734317477863
2039-03-21 16:00:00+01:00,78.59923320546943
2039-03-21 17:00:00+01:00,103.60546693153177
2039-03-21 18:00:00+01:00,144.6544512504177
2039-03-21 19:00:00+01:00,144.8428728177831
2039-03-21 20:00:00+01:00,104.61486818527487
2039-03-21 21:00:00+01:00,81.45247408271659
2039-03-21 22:00:00+01:00,79.00299370696668
2039-03-21 23:00:00+01:00,77.01110856624695
2039-03-22 00:00:00+01:00,68.70710091878706
2039-03-22 01:00:00+01:00,68.93589853630218
2039-03-22 02:00:00+01:00,69.16469615381727
2039-03-22 03:00:00+01:00,68.51867935142171
2039-03-22 04:00:00+01:00,69.04356800336811
2039-03-22 05:00:00+01:00,71.66801126310015
2039-03-22 06:00:00+01:00,74.49433477358085
2039-03-22 07:00:00+01:00,75.30185577657531
2039-03-22 08:00:00+01:00,75.14035157597641
2039-03-22 09:00:00+01:00,74.81734317477863
2039-03-22 10:00:00+01:00,71.62763521295044
2039-03-22 11:00:00+01:00,65.39626480650972
2039-03-22 12:00:00+01:00,62.193098161298295
2039-03-22 13:00:00+01:00,61.68166819273512
2039-03-22 14:00:00+01:00,58.46504286414045
2039-03-22 15:00:00+01:00,64.77716537088062
2039-03-22 16:00:00+01:00,69.55499797193129
2039-03-22 17:00:00+01:00,89.12392361116412
2039-03-22 18:00:00+01:00,128.67899407451029
2039-03-22 19:00:00+01:00,125.96034003109557
2039-03-22 20:00:00+01:00,86.25722405053374
2039-03-22 21:00:00+01:00,77.14569540007938
2039-03-22 22:00:00+01:00,74.97884737537753
2039-03-22 23:00:00+01:00,72.65049515007678
2039-03-23 00:00:00+01:00,71.5872591628007
2039-03-23 01:00:00+01:00,71.30462681175266
2039-03-23 02:00:00+01:00,71.25079207821967
2039-03-23 03:00:00+01:00,67.52273678106184
2039-03-23 04:00:00+01:00,67.44198468076239
2039-03-23 05:00:00+01:00,69.21853088735025
2039-03-23 06:00:00+01:00,69.25890693749997
2039-03-23 07:00:00+01:00,71.26425076160292
2039-03-23 08:00:00+01:00,71.60071784618395
2039-03-23 09:00:00+01:00,68.22258831699038
2039-03-23 10:00:00+01:00,48.93629502880562
2039-03-23 11:00:00+01:00,24.764499672504243
2039-03-23 12:00:00+01:00,-34.27874432977535
2039-03-23 13:00:00+01:00,-41.96365254160612
2039-03-23 14:00:00+01:00,-38.8277793133109
2039-03-23 15:00:00+01:00,42.11274255350227
2039-03-23 16:00:00+01:00,62.112346060998846
2039-03-23 17:00:00+01:00,71.6141765295672
2039-03-23 18:00:00+01:00,73.52530956998747
2039-03-23 19:00:00+01:00,71.66801126310015
2039-03-23 20:00:00+01:00,71.37192022866886
2039-03-23 21:00:00+01:00,73.00042091804106
2039-03-23 22:00:00+01:00,71.27770944498617
2039-03-23 23:00:00+01:00,62.00467659393291
2039-03-24 00:00:00+01:00,1.7097750370118945
2039-03-24 01:00:00+01:00,-14.427186339494426
2039-03-24 02:00:00+01:00,-8.195815933053709
2039-03-24 03:00:00+01:00,-10.578002891887422
2039-03-24 04:00:00+01:00,-10.981763393384654
2039-03-24 05:00:00+01:00,-10.389581324522041
2039-03-24 06:00:00+01:00,-10.95484602661817
2039-03-24 07:00:00+01:00,-12.82560301688872
2039-03-24 08:00:00+01:00,-26.378497183812698
2039-03-24 09:00:00+01:00,-29.379783578275507
2039-03-24 10:00:00+01:00,-28.881812293095578
2039-03-24 11:00:00+01:00,-27.44173317108877
2039-03-24 12:00:00+01:00,-30.42956088216833
2039-03-24 13:00:00+01:00,-35.35543900043464
2039-03-24 14:00:00+01:00,-34.64212878112285
2039-03-24 15:00:00+01:00,-27.791658939053022
2039-03-24 16:00:00+01:00,-11.008680760151137
2039-03-24 17:00:00+01:00,45.154404998114806
2039-03-24 18:00:00+01:00,71.42575496220182
2039-03-24 19:00:00+01:00,75.70561627807255
2039-03-24 20:00:00+01:00,74.61546292403
2039-03-24 21:00:00+01:00,72.69087120022651
2039-03-24 22:00:00+01:00,73.32342931923884
2039-03-24 23:00:00+01:00,71.60071784618395
2039-03-25 00:00:00+01:00,56.89037690830122
2039-03-25 01:00:00+01:00,56.002103805007295
2039-03-25 02:00:00+01:00,56.069397221923495
2039-03-25 03:00:00+01:00,56.87691822491798
2039-03-25 04:00:00+01:00,64.03693778480235
2039-03-25 05:00:00+01:00,73.35034668600532
2039-03-25 06:00:00+01:00,83.49819395696927
2039-03-25 07:00:00+01:00,100.01199846820634
2039-03-25 08:00:00+01:00,94.03634304604721
2039-03-25 09:00:00+01:00,77.4148690677442
2039-03-25 10:00:00+01:00,63.52550781623918
2039-03-25 11:00:00+01:00,57.19992662611577
2039-03-25 12:00:00+01:00,54.333227065485374
2039-03-25 13:00:00+01:00,55.03307860141392
2039-03-25 14:00:00+01:00,56.069397221923495
2039-03-25 15:00:00+01:00,67.1189762795646
2039-03-25 16:00:00+01:00,77.29374091729503
2039-03-25 17:00:00+01:00,112.28631771372241
2039-03-25 18:00:00+01:00,164.29067030656677
2039-03-25 19:00:00+01:00,165.2731541935434
2039-03-25 20:00:00+01:00,114.33203758797508
2039-03-25 21:00:00+01:00,84.35954969349672
2039-03-25 22:00:00+01:00,80.83337464708748
2039-03-25 23:00:00+01:00,75.7190749614558
2039-03-26 00:00:00+01:00,81.3582632990339
2039-03-26 01:00:00+01:00,78.02050981999005
2039-03-26 02:00:00+01:00,75.74599232822227
2039-03-26 03:00:00+01:00,73.25613590232264
2039-03-26 04:00:00+01:00,73.26959458570587
2039-03-26 05:00:00+01:00,75.7190749614558
2039-03-26 06:00:00+01:00,82.55608612014237
2039-03-26 07:00:00+01:00,84.11729339259836
2039-03-26 08:00:00+01:00,79.33946079154771
2039-03-26 09:00:00+01:00,74.4808760901976
2039-03-26 10:00:00+01:00,70.65861000935706
2039-03-26 11:00:00+01:00,65.32897138959352
2039-03-26 12:00:00+01:00,56.82308349138501
2039-03-26 13:00:00+01:00,57.294137409798466
2039-03-26 14:00:00+01:00,57.50947634393032
2039-03-26 15:00:00+01:00,73.29651195247237
2039-03-26 16:00:00+01:00,75.396066560258
2039-03-26 17:00:00+01:00,83.26939633945416
2039-03-26 18:00:00+01:00,105.04554605353857
2039-03-26 19:00:00+01:00,105.74539758946713
2039-03-26 20:00:00+01:00,83.16172687238824
2039-03-26 21:00:00+01:00,76.75539358196536
2039-03-26 22:00:00+01:00,77.09186066654641
2039-03-26 23:00:00+01:00,75.73253364483905
2039-03-27 00:00:00+01:00,82.65029690382508
2039-03-27 01:00:00+01:00,81.22367646520149
2039-03-27 02:00:00+01:00,81.33134593226742
2039-03-27 03:00:00+01:00,77.46870380127716
2039-03-27 04:00:00+01:00,77.29374091729503
2039-03-27 05:00:00+01:00,82.90601188810666
2039-03-27 06:00:00+01:00,88.5317415423015
2039-03-27 07:00:00+01:00,96.63386893901276
2039-03-27 08:00:00+01:00,87.60309238885786
2039-03-27 09:00:00+01:00,83.12135082223851
2039-03-27 10:00:00+01:00,83.10789213885526
2039-03-27 11:00:00+01:00,83.05405740532231
2039-03-27 12:00:00+01:00,82.65029690382508
2039-03-27 13:00:00+01:00,82.62337953705858
2039-03-27 14:00:00+01:00,82.23307771894459
2039-03-27 15:00:00+01:00,82.95984662163961
2039-03-27 16:00:00+01:00,89.64881226311053
2039-03-27 17:00:00+01:00,108.30254743228298
2039-03-27 18:00:00+01:00,140.32075520101404
2039-03-27 19:00:00+01:00,135.31412498244828
2039-03-27 20:00:00+01:00,99.00259721446324
2039-03-27 21:00:00+01:00,85.47662041430574
2039-03-27 22:00:00+01:00,83.09443345547203
2039-03-27 23:00:00+01:00,77.38795170097771
2039-03-28 00:00:00+01:00,73.6329790370534
2039-03-28 01:00:00+01:00,73.33688800262209
2039-03-28 02:00:00+01:00,69.46078718824859
2039-03-28 03:00:00+01:00,61.80279634318429
2039-03-28 04:00:00+01:00,68.10146016654123
2039-03-28 05:00:00+01:00,76.33817439708488
2039-03-28 06:00:00+01:00,87.14549715382765
2039-03-28 07:00:00+01:00,86.75519533571367
2039-03-28 08:00:00+01:00,82.86563583795693
2039-03-28 09:00:00+01:00,81.57360223316576
2039-03-28 10:00:00+01:00,80.03931232747624
2039-03-28 11:00:00+01:00,81.31788724888418
2039-03-28 12:00:00+01:00,73.5656856201372
2039-03-28 13:00:00+01:00,71.65455257971693
2039-03-28 14:00:00+01:00,71.60071784618395
2039-03-28 15:00:00+01:00,73.26959458570587
2039-03-28 16:00:00+01:00,74.83080185816188
2039-03-28 17:00:00+01:00,74.07711558870037
2039-03-28 18:00:00+01:00,82.21961903556134
2039-03-28 19:00:00+01:00,80.94104411415341
2039-03-28 20:00:00+01:00,76.32471571370166
2039-03-28 21:00:00+01:00,77.38795170097771
2039-03-28 22:00:00+01:00,77.13223671669613
2039-03-28 23:00:00+01:00,71.6814699464834
2039-03-29 00:00:00+01:00,70.68552737612356
2039-03-29 01:00:00+01:00,63.96964436788614
2039-03-29 02:00:00+01:00,58.81496863210472
2039-03-29 03:00:00+01:00,58.97647283270362
2039-03-29 04:00:00+01:00,58.29007998015831
2039-03-29 05:00:00+01:00,67.48236073091212
2039-03-29 06:00:00+01:00,56.59428587386991
2039-03-29 07:00:00+01:00,57.442182927014116
2039-03-29 08:00:00+01:00,56.93075295845094
2039-03-29 09:00:00+01:00,56.742331391085564
2039-03-29 10:00:00+01:00,56.36548825635481
2039-03-29 11:00:00+01:00,54.817739667282055
2039-03-29 12:00:00+01:00,55.19458280201282
2039-03-29 13:00:00+01:00,46.782905687487
2039-03-29 14:00:00+01:00,48.478699793775405
2039-03-29 15:00:00+01:00,56.28473615605536
2039-03-29 16:00:00+01:00,57.11917452581632
2039-03-29 17:00:00+01:00,70.375977658309
2039-03-29 18:00:00+01:00,86.82248875262987
2039-03-29 19:00:00+01:00,97.69710492628883
2039-03-29 20:00:00+01:00,86.23030668376725
2039-03-29 21:00:00+01:00,74.83080185816188
2039-03-29 22:00:00+01:00,71.37192022866886
2039-03-29 23:00:00+01:00,63.337086248873796
2039-03-30 00:00:00+01:00,56.86345954153474
2039-03-30 01:00:00+01:00,50.95509753629181
2039-03-30 02:00:00+01:00,46.60794280350486
2039-03-30 03:00:00+01:00,45.57162418299529
2039-03-30 04:00:00+01:00,47.644261424014445
2039-03-30 05:00:00+01:00,48.66712136114079
2039-03-30 06:00:00+01:00,44.25267321143764
2039-03-30 07:00:00+01:00,28.97706757145876
2039-03-30 08:00:00+01:00,23.660887635078453
2039-03-30 09:00:00+01:00,13.607251147797193
2039-03-30 10:00:00+01:00,0.05435698087322294
2039-03-30 11:00:00+01:00,-6.446187093232325
2039-03-30 12:00:00+01:00,-14.64252527362629
2039-03-30 13:00:00+01:00,-23.929016808062784
2039-03-30 14:00:00+01:00,-11.089432860450586
2039-03-30 15:00:00+01:00,7.725806509320762
2039-03-30 16:00:00+01:00,29.744212524303514
2039-03-30 17:00:00+01:00,69.205072203967
2039-03-30 18:00:00+01:00,83.53857000711899
2039-03-30 19:00:00+01:00,85.62466593152139
2039-03-30 20:00:00+01:00,71.12966392777052
2039-03-30 21:00:00+01:00,62.1661807945318
2039-03-30 22:00:00+01:00,57.52293502731356
2039-03-30 23:00:00+01:00,51.60111433868739
2039-03-31 00:00:00+01:00,63.83505753405373
2039-03-31 01:00:00+01:00,54.97924386788095
,49.78419208194981
,50.17449390006381
,50.0399070662314
,51.60111433868739
,51.5069035550047
,51.399234087938765
,45.558165499612045
,26.339165628343473
,0.31007196515480473
,-22.906156870936442
,-26.4457906007289
,-28.841436242945846
,-17.8726092856042
,28.250298668763733
,51.72224248913656
,71.99101966429797
,71.60071784618395
,74.18478505576628
,74.02328085516739
,64.31957013585041
,58.330456030308035
,33.256928887329494
,27.577364499601664
,27.604281866368154
,27.106310581188218
,28.196463935230767
,31.843767132089162
,37.281075218918645
,37.523331519816985
,35.477611645564316
,31.03624612909468
,20.8749401747475
,10.579047386567908
,-3.8755785670332443
,-15.89418282826773
,-33.00016940836741
,-32.67716100716963
,-28.98948176016151
,-16.23064991284876
,13.109279862617278
,37.15994706846948
,40.16123346293228
,32.39557315080206
,20.955692275046957
,9.488894032525366
,-7.993935682305093
,-11.439358628414865
,-16.028769662100146
,-19.635696808808802
,-13.902297687548014
,5.464747700936215
,49.16509264632071
,69.77033690606314
,72.27365201534602
,64.25227671893421
,60.91452323989037
,51.103143053507466
,45.19478104826453
,45.46395471592935
,44.61605766278515
,50.25524600036326
,59.3936920175841
,69.68958480576369
,62.798738913544156
,83.10789213885526
,83.70007420771788
,73.52530956998747
,71.6141765295672
,64.70987195396441
,70.87394894348894
,70.84703157672244
,70.69898605950678
,71.23733339483644
,71.18349866130347
,73.7002724539696
,93.04040047568736
,132.15133438738656
,131.03426366657754
,94.57469038137687
,77.49562116804364
,74.93847132522781
,73.64643772043662
,73.44455746968802
,73.87523533795174
,73.44455746968802
,74.7096737077127
,76.82268699888158
,102.12501175937523
,124.88364536043626
,112.40744586417159
,74.97884737537753
,73.49839220322097
,69.77033690606314
,66.45950079378579
,65.23476060591082
,65.57122769049185
,65.30205402282704
,64.965586938246
,67.253563113397
,68.18221226684068
,75.49027734394069
,75.97478994573738
,68.16875358345743
,64.184983302018
,61.81625502656754
,52.381717974915375
,50.21486995021353
,51.19735383719015
,49.11125791278775
,51.08968437012422
,59.73015910216513
,70.57785790905761
,87.75113790607351
,80.71224649663831
,68.08800148315798
,66.68829841130088
,64.66949590381468
,49.905320232398985
,49.28622079676988
,49.245844746620165
,48.8017081949732
,49.47464236413526
,59.13797703330252
,76.09591809618655
,86.88978216954607
,81.4255567159501
,65.1674671889946
,51.1838951538069
,48.96321239557209
,43.350941424760464
,34.32016487460557
,21.80358932819115
,42.381916221167096
,45.908091267576324
,48.842084245122926
,63.48513176608945
,67.69769966504397
,65.28859533944379
,56.52699245695371
,54.01021866428758
,49.36697289706933
,43.135602490628614
,43.92966481023984
,43.59319772565881
,43.02793302356268
,43.0010156567962
,46.056136784791974
,48.93629502880562
,48.78824951158996
,45.92154995095956
,34.85851220993521
,-15.813430727968282
,-35.08626533276981
,-50.832924891162136
,-98.11327961648882
,-93.53732726618676
,-54.08992626990653
,-30.766027966749363
,11.803787574442865
,52.55668085889752
,61.439411891836784
,53.94292524737138
,47.065538038535074
,46.44643860290597
,42.69146593898165
,41.17063471667538
,0.5792456328196209
,-9.407097437545417
,-10.40304000790529
,-11.022139443534371
,-6.203930792333992
,14.011011649294439
,-10.012738189791278
,-24.924959378422642
,-28.451134424831864
,-33.027086775133895
,-46.40501805807577
,-71.5458386179705
,-110.23955334478921
,-101.32990494508351
,-59.7560319742511
,-30.42956088216833
,16.070190206930363
,71.22387471145319
,74.38666530651491
,78.3973529547208
,74.75004975786243
,71.42575496220182
,66.87671997866626
,63.12174731474194
,59.6224896350992
,57.91323684542755
,60.98181665680657
,64.79062405426386
,72.89275145097513
,89.20467571146358
,119.56746542405594
,116.67384849665906
,87.87226605652269
,71.30462681175266
,60.18775433719533
,44.885231330449976
,43.566280358892335
,44.49492951233598
,55.57142593674357
,69.25890693749997
,80.53728361265618
,94.06326041281368
,103.82080586566363
,96.05514555353341
,82.98676398840611
,74.80388449139538
,66.5940876276182
,68.16875358345743
,63.05445389782574
,58.9360967825539
,56.769248757852054
,55.93481038809108
,70.766279476423
,78.67998530576888
,85.69195934843759
,79.2048739577153
,66.76905051160033
,67.13243496294785
,68.51867935142171
,63.283251515340844
,62.43535446219663
,61.910465810250216
,63.95618568450291
,63.22941678180787
,55.81368223764191
,64.81754142103036
,69.95875847342852
,68.15529490007418
,60.954899290040096
,59.98587408644672
,48.23644349287706
,51.4396101380885
,52.327883241382416
,53.18923897790986
,51.7357011725198
,51.76261853928628
,54.844657034048545
,74.22516110591602
,91.69453213736323
,88.06068762388807
,72.67741251684326
,61.22407295770492
,53.84871446368869
,54.239016281802684
,52.67780900934669
,50.96855621967505
,50.20141126683029
,52.42209402506511
,73.75410718750256
,107.80457614710306
,134.96419921448398
,136.83495620475452
,100.13312661865551
,88.12798104080427
,70.51056449214141
,61.74896160965133
,53.31036712835903
,53.78142104677248
,53.579540796023856
,52.650891642580206
,60.093543553512646
,75.34223182672504
,82.97330530502286
,80.17389916130867
,53.337284495125516
,50.578254401561054
,38.35776988957795
,-11.062515493684103
,-11.156726277366786
,-12.691016183056291
,12.422887010071967
,48.35757164332624
,74.84426054154511
,94.3324340804785
,143.94114103110593
,145.93302617182565
,97.95281991057041
,82.39458191954347
,76.67464148166592
,70.32214292477603
,66.51333552731874
,64.35994618600014
,63.081371264592214
,62.86603233046036
,71.3853789120521
,89.20467571146358
,92.82506154155547
,82.85217715457368
,60.2415890707283
,26.2853308948105
,0.06781566425645735
,-20.914271730216726
,-31.92347473770812
,-30.24113931480295
,-28.208878123933516
,0.4312001156039713
,47.159748822217765
,80.05277101085949
,94.9784508828741
,96.27048448766526
,90.99468060143467
,73.72718982073607
,61.81625502656754
,61.35865979153733
,48.640203994374296
,41.08988261637593
,29.865340674752694
,27.496612399302222
,31.763015031789713
,49.4881010475185
,47.832682991379826
,25.06059070693555
,-14.03688452138043
,-28.895270976478827
,-38.49131222872987
,-60.375131409880225
,-95.91951422502049
,-96.16177052591885
,-70.65756551467655
,-44.29200476690687
,-13.094776684553551
,58.54579496443991
,79.31254342478123
,81.93698668451329
,52.93352399362828
,51.78953590605276
,49.17855132970396
,6.985578923242485
,-10.995222076767902
,-10.995222076767902
,-16.768997248178408
,-21.35840828186369
,-16.486364897130343
,-10.981763393384654
,-19.05697342332944
,-29.231738061059858
,-43.65944664789453
,-62.25934708353398
,-90.33416062097535
,-114.80204701170803
,-149.40432199002143
,-149.43123935678787
,-109.76849942637577
,-68.94831272500494
,-34.2652856463921
,34.871970893318455
,80.3488620452908
,86.47256298466559
,86.8628648027796
,88.15489840757076
,83.48473527358603
,77.33411696744476
,72.15252386489685
,65.08671508869516
,63.471673082706225
,64.17152461863476
,78.89532423990075
,97.67018755952236
,118.61189890384583
,112.44782191432128
,86.7955713858634
,78.59923320546943
,61.573998725669185
,26.339165628343473
,5.693545318451314
,-0.9146682227201524
,41.08988261637593
,57.321054776564935
,64.58874380351524
,63.673553333454834
,72.04485439783092
,69.62229138884749
,63.09482994797546
,63.91580963435318
,62.51610656249608
,-4.090917501165109
,-10.981763393384654
,-10.941387343234922
,-11.008680760151137
,8.721749079680606
,50.10720048314761
,69.23198957073348
,82.32728850262727
,78.85494818975101
,67.56311283121157
,65.67889715755777
,59.878204619380796
,41.116799983142414
,41.43980838434021
,51.00893226982477
,56.79616612461852
,61.3855771583038
,81.587060916549
,112.63624348168668
,158.30155620102437
,162.8640498679432
,124.97785614411895
,106.88938567704264
,90.06603144799102
,85.9880503828689
,80.14698179454217
,78.908782923284
,78.2627661208884
,78.93570029005046
,84.87097966205988
,94.85732273242492
,112.23248298018943
,109.809919971206
,95.1803311336227
,97.30680310817483
,90.86009376760225
,78.85494818975101
,74.50779345696407
,73.10809038510699
,78.34351822118785
,85.24782279679063
,93.48453702733431
,99.56786191655938
,110.03871758872111
,109.90413075488871
,100.18696135218846
,100.01199846820634
,94.41318618077796
,96.13589765383284
,93.37686756026838
,92.20596210592639
,91.45227583646488
,92.03099922194426
,98.27582831176822
,107.25277012839015
,146.61941902437098
,130.32095344726574
,100.76568473766785
,90.29482906550612
,84.56142994424532
,75.61140549438987
,70.41635370845873
,70.44327107522521
,62.798738913544156
,68.02070806624178
,88.34331997493612
,101.22327997269807
,143.33550027886008
,146.74054717482016
,101.6270404741953
,88.65286969275068
,75.7190749614558
,80.96796148091991
,75.51719471070717
,74.62892160741325
,73.5387682533707
,73.32342931923884
,75.27493840980884
,82.86563583795693
,87.61655107224111
,84.66909941131127
,73.84831797118525
,68.00724938285853
,35.3430248117319
,25.06059070693555
,5.626251901535113
,5.626251901535113
,46.51373201982217
,66.63446367776793
,73.59260298690367
,74.75004975786243
,83.00022267178933
,83.72699157448437
,77.26682355052856
,74.66929765756298
,67.93995596594232
,66.71521577806737
,58.37083208045776
,49.16509264632071
,42.32808148763413
,43.99695822715606
,48.77479082820671
,55.70601277057598
,58.424666813990726
,61.14332085740547
,49.811109448716294
,41.07642393299269
,32.55707735140095
,15.006954219654297
,2.8268457578209336
,-1.0357963731693332
,8.627538295997923
,30.30947722639965
,53.12194556099366
,82.81180110442395
,86.98399295322876
,91.68107345397998
,93.43070229380135
,89.13738229454736
,79.37983684169743
,79.21833264109853
,73.29651195247237
,68.80131170246977
,66.14995107597123
,64.93866957147951
,65.73273189109075
,64.58874380351524
,59.54173753479975
,57.590228444229766
,46.43297991952274
,20.323134156034605
,11.305816289262935
,-11.695073612696447
,-24.978794111955608
,-28.195419440550282
,-24.88458332827291
,-7.172955995927367
,43.633573775808536
,70.79319684318949
,90.68513088362013
,94.9111574659579
,93.39032624365161
,89.42001464559543
,84.64218204454477
,74.45395872343111
,72.89275145097513
,72.48899094947788
,72.2332759651963
,75.23456235965911
,84.72293414484422
,105.73193890608388
,117.66979106701893
,114.15707470399295
,92.59626392404037
,84.49413652732912
,81.69473038361492
,75.55757076085689
,72.81199935067568
,71.6814699464834
,72.3947801657952
,78.02050981999005
,84.76331019499395
,112.52857401462074
,112.25940034695593
,114.35895495474156
,112.3805284974051
,102.19230517629143
,89.07008887763116
,91.89641238811183
,89.55460147942786
,88.5317415423015
,88.81437389334958
,88.90858467703227
,94.80348799889195
,120.09235407600235
,173.95400497573405
,151.61259055955347
,108.41021689934891
,86.04188511640187
,81.41209803256687
,81.3582632990339
,81.31788724888418
,79.70284524289521
,81.37172198241714
,86.09571984993482
,96.4454473716474
,114.78963282300529
,117.71016711716865
,117.73708448393512
,116.63347244650936
,98.90838643078055
,89.21813439484683
,79.68938655951199
,75.7190749614558
,75.73253364483905
,75.96133126235414
,75.9478725789709
,81.53322618301603
,102.58260699440542
,127.50808862016832
,112.9727105662677
,96.32431922119822
,81.57360223316576
,78.34351822118785
,70.9950770939381
,70.69898605950678
,68.50522066803846
,73.22921853555616
,77.36103433421124
,88.06068762388807
,100.46959370323654
,104.35915320099329
,105.90690179006602
,114.35895495474156
,100.32154818602089
,88.35677865831937
,87.42812950487573
,86.36489351759965
,82.00428010142949
,77.46870380127716
,77.29374091729503
,88.24910919125345
,98.51808461266656
,125.83921188064639
,124.65484774292116
,100.16004398542199
,89.54114279604461
,84.22496285966429
,77.81862956924144
,72.15252386489685
,70.51056449214141
,72.50244963286113
,79.68938655951199
,88.20873314110372
,92.44821840682472
,92.91927232523818
,92.71739207448955
,94.29205803032879
,96.52619947194684
,84.65564072792802
,76.44584386415082
,74.69621502432945
,73.71373113735285
,71.89680888061527
,74.79042580801215
,82.367664552777
,99.2179361485951
,108.1141258649176
,101.6943338911115
,82.81180110442395
,71.57380047941749
,66.37874869348634
,62.86603233046036
,59.851287252614306
,60.107002236895894
,62.13926342776532
,68.034166749625
,81.3582632990339
,95.13995508347298
,99.20447746521187
,100.46959370323654
,105.4762239218023
,93.17498730951976
,83.2155616059212
,88.77399784319987
,82.31382981924403
,81.84277590083059
,80.69878781325508
,80.75262254678803
,81.31788724888418
,79.7297626096617
,76.957273832714
,63.660094650071585
,51.4396101380885
,20.403886256334054
,-4.198586968231041
,-21.062317247432375
,-29.177903327526877
,-29.797002763155987
,-27.52248527138822
,-3.4045246486198124
,49.20546869647043
,77.37449301759449
,88.14143972418752
,91.84257765457888
,86.24376536715049
,75.58448812762339
,63.91580963435318
,47.1059140886848
,46.123430201708175
,44.44109477880302
,25.168260174001475
,16.904628576691316
,16.79695910962539
,5.141739299738433
,-14.077260571530147
,-29.662415929323572
,-31.694677120193006
,-34.14415749594292
,-40.86004050418035
,-40.227482385168
,-84.11624889791787
,-96.25598130960151
,-71.00749128264087
,-33.99611197872727
,-24.036686275128716
,41.76281678553799
,71.65455257971693
,84.44030179379617
,80.73916386340481
,74.80388449139538
,70.64515132597383
,63.12174731474194
,59.83782856923106
,65.63852110740807
,65.6519797907913
,73.45801615307126
,84.26533890981402
,105.86652573991631
,130.5632097481641
,112.08443746297378
,84.02308260891569
,57.3075960931817
,47.1059140886848
,36.33896738209176
,32.90700311936522
,34.037532523557495
,49.15163396293747
,65.42318217327619
,81.41209803256687
,101.31749075638075
,150.17251143754663
,162.51412409997894
,111.90947457899165
,88.63941100936744
,78.73382003930185
,77.25336486714531
,70.73936210965651
,68.33025778405633
,69.83763032297934
,71.92372624738174
,78.59923320546943
,95.1130377167065
,105.62426943901797
,90.88701113436873
,72.36786279902871
,49.70343998165037
,36.91769076757114
,6.6760292054279375
,-7.3479188799095
,0.7272911500352848
,13.526499047497751
,36.91769076757114
,72.04485439783092
,84.54797126086208
,113.96865313662758
,116.1624185280959
,93.25573940981921
,78.7472787226851
,69.38003508794914
,50.94163885290856
,45.11402894796508
,41.35905628404076
,37.07919496817003
,36.37934343224148
,35.92174819721127
,33.14925942026356
,23.122540299748806
,12.86702356171893
,1.5482708364129962
,-0.9012095393369179
,-18.841634489197574
,-15.382752859704553
,-13.552371919583734
,-19.99908126015633
,-19.47419260820992
,-21.735251416594437
,-23.659843140397953
,6.945202873092754
,41.130258666525656
,43.67394982595826
,44.34688399512032
,30.632485627597447
,14.078305066210653
,17.900571147051174
,-4.306256435296973
,-7.092203895627918
,-8.53228301763474
,-4.158210918081309
,20.69997729076536
,56.82308349138501
,71.35846154528562
,58.74767521518852
,46.8501991044032
,46.25801703554059
,50.67246518524374
,52.920065310245036
,47.294335656050166
,41.883944935987174
,53.47187132895793
,47.81922430799658
,52.62397427581372
,72.98696223465781
,88.27602655801992
,88.31640260816965
,74.80388449139538
,65.62506242402482
,55.78676487087543
,51.17043647042367
,47.85960035814631
,43.97004086038957
,43.86237139332364
,42.974098290029715
,53.902549197221646
,78.15509665382247
,87.56271633870813
,82.86563583795693
,74.72313239109594
,67.52273678106184
,54.9927025512642
,52.395176658298624
,49.59577051458443
,42.42229227131682
,48.384489010092715
,53.45841264557469
,70.45672975860845
,81.21021778181824
,96.16281502059933
,101.70779257449475
,89.16429966131385
,80.416155462207
,76.1497528297195
,84.93827307897608
,81.196759098435
,80.77953991355453
,80.61803571295563
,81.14292436490204
,81.27751119873444
,82.757966370891
,83.08097477208878
,78.30314217103813
,57.54985239408005
,47.88651772491279
,22.61111033118563
,11.02318393821487
,-1.762565275864361
,-0.4166969375402374
,22.543816914269428
,54.15826418150323
,77.33411696744476
,93.72679332823265
,116.13550116132942
,123.41664887166296
,98.78725828033139
,89.0835475610144
,80.16044047792542
,81.45247408271659
,71.37192022866886
,66.78250919498358
,58.97647283270362
,57.84594342851135
,56.769248757852054
,55.89443433794136
,44.34688399512032
,23.660887635078453
,10.592506069951156
,-7.536340447274881
,-19.54148602512612
,-25.665186964500904
,-34.00957066211052
,-42.34049567633687
,-34.79017429833851
,-26.93030320252558
,8.694831712914137
,73.61952035367015
,96.70116235592899
,106.67404674291079
,104.81674843602349
,96.9972533903603
,90.3217464322726
,82.63683822044183
,80.76608123017128
,80.25465126160812
,79.63555182597901
,82.69067295397478
,90.6178374667039
,106.78171620997671
,130.1729079300501
,108.8947295011456
,98.94876248093028
,86.80903006924662
,86.80903006924662
,81.5197674996328
,82.757966370891
,81.91006931774679
,87.26662530427683
,92.47513577359122
,98.24891094500173
,110.10601100563731
,142.20497087466782
,149.06889940012087
,113.51105790159735
,104.31877715084356
,89.2450517616133
,83.88849577508326
,79.35291947493096
,80.05277101085949
,81.85623458421384
,82.47533401984292
,88.6259523259842
,112.20556561342295
,143.8603889308065
,125.04514956103517
,96.62041025562954
,84.92481439559285
,81.41209803256687
,77.34757565082799
,80.22773389484162
,74.05019822193388
,77.99359245322357
,83.00022267178933
,92.40784235667502
,117.68324975040215
,153.18725651539273
,159.23020535446807
,118.16776235219885
,100.50996975338627
,88.57211759245124
,86.17647195023429
,82.77142505427423
,84.38646706026319
,85.82654618227002
,83.4443592234363
,88.70670442628366
,106.31066229156328
,123.21476862091433
,120.14618880953533
,94.66890116505954
,87.71076185592379
,82.89255320472341
,71.88335019723203
,65.66543847417455
,63.04099521444249
,66.91709602881598
,74.95193000861103
,89.43347332897868
,105.85306705653306
,108.35638216581594
,112.36706981402186
,106.84900962689292
,101.1425278723986
,88.63941100936744
,88.06068762388807
,84.99210781250905
,83.59240474065194
,83.95578919199947
,85.18052937987443
,86.53985640158179
,82.69067295397478
,78.61269188885268
,63.996561734652616
,23.68780500184493
,-13.686958753416164
,-25.772856431566836
,-28.626097308813996
,-30.644899816300196
,-30.36226746525213
,-27.48210922123849
,-2.623921012391804
,54.494731266084266
,88.65286969275068
,92.16558605577666
,91.6541560872135
,91.72144950412971
,98.39695646221737
,90.21407696520667
,84.46721916056264
,84.37300837687994
,76.957273832714
,77.15915408346261
,78.02050981999005
,88.07414630727129
,91.70799082074646
,92.35400762314204
,87.76459658945676
,65.54431032372537
,34.225954090922876
,3.2440649427013994
,-7.644009914340799
,-12.946731167337873
,-14.117636621679878
,11.911457041508797
,47.68463747416418
,75.96133126235414
,91.29077163586597
,90.09294881475749
,89.79685778032619
,91.80220160442916
,98.8949277473973
,88.65286969275068
,93.5114543941008
,90.07949013137426
,88.55865890906799
,85.97459169948567
,85.49007909768899
,87.85880737313944
,82.27345376909432
,78.58577452208618
,56.70195534093584
,16.218235724146012
,-25.03262884548856
,-32.03114420477405
,-38.55860564564607
,-43.01342984549893
,-42.58275197723523
,-33.80769041136189
,-23.027285021385623
,36.75618656697223
,78.67998530576888
,89.1777583446971
,91.64069740383025
,95.51679821820375
,90.52362668302122
,76.00170731250385
,51.69532512237008
,43.08176775709565
,39.811307694968015
,37.41566205275106
,42.16657728703524
,41.84356888583744
,34.27978882445584
,6.0300124030323445
,-29.33940752812579
,-45.01877366960191
,-73.98186031033717
,-117.43994895482334
,-164.03391082760473
,-221.5832409743445
,-211.04509188526657
,-125.286361367253
,-81.61293378863499
,-44.41313291735604
,33.51264387161108
,72.31402806549575
,74.3193718895987
,58.10165841279293
,48.92283634542237
,43.6874085093415
,13.75529666501285
,7.093248390308418
,3.392110459917049
,7.618137042254816
,12.974693028784856
,38.23664173912878
,76.8899804157978
,83.2155616059212
,74.69621502432945
,35.61219847939672
,6.097305819948559
,-0.9954203230196015
,-7.294084146376534
,-11.412441261648382
,-11.237478377666235
,-7.307542829759768
,3.230606259318165
,38.39814593972767
,79.59517577582929
,117.49482818303679
,120.80566429531414
,100.10620925188904
,81.33134593226742
,54.10442944797027
,25.47780989181603
,20.8749401747475
,16.285529141062227
,13.795672715162574
,16.783500426242142
,30.64594431098068
,61.856631076717264
,73.16192511863994
,31.547676097657856
,-7.19987336269385
,-26.163158249680833
,-27.953163139651934
,-42.20590884250447
,-46.39155937469252
,-46.99720012693838
,-30.42956088216833
,-28.962564393395027
,-21.762168783360934
,39.01724537535677
,86.55331508496504
,87.33391872119303
,73.834859287802
,51.87028800635221
,35.74678531322913
,11.64228337384398
,5.881966885816695
,1.9385726545269932
,2.921056541503603
,4.011209895546159
,24.629912838671828
,54.80428098389882
,74.10403295546683
,51.91066405650194
,10.404084502585775
,5.397454284020014
,31.520758730891366
,-25.584434864201455
,-20.21442019428818
,-18.733965022131642
,5.370536917253531
,-11.156726277366786
,8.466034095399024
,56.29819483943861
,82.4618753364597
,79.01645239034991
,75.70561627807255
,48.12877402581113
,29.2193238723571
,38.39814593972767
,34.32016487460557
,32.82625101906577
,31.291961113376274
,35.24881402804921
,53.86217314707193
,73.43109878630477
,75.01922342552726
,73.35034668600532
,28.694435220410703
,-0.0936885363424409
,-12.044999380660727
,-19.985622576773082
,-16.459447530363846
,-12.125751480960162
,1.3060145355146489
,-0.9415855894866496
,26.79676086337367
,75.0999755258267
,75.92095521220442
,73.72718982073607
,73.41764010292152
,78.06088587013977
,62.22001552806477
,60.026250136596445
,53.88909051383841
,50.20141126683029
,46.21764098539087
,48.88246029527265
,54.575483366383715
,66.12303370920476
,86.78211270248015
,88.18181577433725
,79.81051470996114
,50.95509753629181
,36.352426065475
,15.047330269804021
,1.3463905856643663
,4.091961995845608
,19.179146068459104
,34.06444989032397
,65.30205402282704
,71.33154417851912
,75.82674442852172
,75.62486417777309
,77.09186066654641
,75.03268210891048
,69.25890693749997
,70.0529692571112
,65.85386004153993
,63.02753653105924
,66.25762054303716
,66.86326129528302
,67.60348888136129
,65.77310794124048
,67.01130681249867
,51.17043647042367
,23.499383434479554
,-18.653212921832193
,-22.71773530357106
,-28.841436242945846
,-29.36632489489226
,-31.93693342109134
,-27.226394236956892
,-22.35435085222356
,29.353910706189517
,66.68829841130088
,74.73659107447918
,76.91689778256428
,76.94381514933075
,84.1307520759816
,77.54945590157661
,75.30185577657531
,75.00576474214401
,72.85237540082541
,71.18349866130347
,71.08928787762079
,73.4714748364545
,63.37746229902352
,51.93758142326842
,20.69997729076536
,-13.417785085751333
,-27.791658939053022
,-40.83312313741385
,-47.602840879184214
,-52.730599248199155
,-58.019861817812995
,-53.60541366810986
,-36.418674987710716
,0.606162999586104
,61.237531641088154
,74.5481695071138
,76.93035646594753
,75.30185577657531
,84.15766944274809
,80.1200644277757
,81.6543543334652
,81.25059383196798
,79.94510154379357
,78.55885715531971
,78.51848110516998
,80.10660574439247
,76.8630630490313
,75.16726894274291
,53.229615028059584
,10.175286885070662
,-5.9616744914356445
,-15.598091793836403
,-23.377210789349874
,-26.88992715237586
,-22.596607153121894
,-3.014222830505801
,5.680086635068065
,46.35222781922329
,77.38795170097771
,81.77548248391439
,81.66781301684846
,81.66781301684846
,88.19527445772047
,80.5776596628059
,77.25336486714531
,73.36380536938857
,73.51185088660422
,72.3005693821125
,75.90749652882117
,80.68532912987183
,85.78617013212029
,88.3971547084691
,98.208534894852
,93.94213226236451
,75.07305815906021
,68.034166749625
,61.304825058004354
,61.116403490638994
,61.21061427432167
,61.977759227166416
,76.40546781400111
,88.22219182448696
,91.92332975487831
,90.3217464322726
,88.37023734170262
,88.168357090954
,76.60734806474971
,67.93995596594232
,71.546883112651
,66.87671997866626
,59.945498036296996
,57.940154212194045
,59.6897830520154
,69.51462192178155
,96.17627370398257
,93.56528912763376
,93.32303282673541
,88.15489840757076
,75.96133126235414
,65.1001737720784
,46.67523622042108
,38.38468725634443
,39.56905139406967
,52.395176658298624
,72.3947801657952
,88.26256787463667
,100.9137302548835
,96.43198868826416
,96.48582342179711
,98.38349777883414
,100.79260210443434
,96.4454473716474
,90.7120482503866
,88.57211759245124
,80.14698179454217
,78.59923320546943
,82.95984662163961
,90.86009376760225
,108.39675821596566
,94.02288436266396
,96.24356712089877
,84.14421075936485
,68.08800148315798
,68.63980750187086
,64.54836775336553
,64.54836775336553
,63.081371264592214
,68.15529490007418
,90.05257276460779
,94.02288436266396
,98.96222116431352
,94.04980172943046
,93.01348310892087
,92.90581364185493
,93.8748388454483
,92.81160285817225
,94.3324340804785
,91.4926518866146
,91.78874292104591
,91.47919320323135
,90.8735524509855
,92.9327310086214
,92.07137527209397
,93.88829752883154
,93.37686756026838
,91.31768900263246
,92.83852022493872
,90.91392850113522
,87.0647450535282
,84.21150417628105
,80.45653151235673
,86.64752586864773
,89.66227094649378
,91.38498241954866
,89.58151884619433
,89.59497752957758
,91.06197401835088
,96.00131082000043
,96.95687734021057
,92.15212737239341
,91.12926743526708
,90.44287458272177
,89.71610568002676
,90.05257276460779
,92.24633815607612
,91.96370580502804
,90.8735524509855
,92.42130104005824
,87.36083608795953
,68.02070806624178
,47.55005064033176
,16.218235724146012
,-10.61837894203714
,-15.6250091606029
,-19.137725523628887
,-1.5741437084989798
,42.139659920268755
,78.35697690457108
,89.74302304679324
,92.24633815607612
,89.63535357972731
,89.63535357972731
,89.21813439484683
,88.92204336041551
,86.27068273391698
,86.88978216954607
,87.5492576553249
,85.75925276535379
,85.73233539858732
,83.95578919199947
,74.33283057298195
,61.87008976010049
,9.811902433723162
,-18.841634489197574
,-27.562861321537923
,-28.94910571001178
,-33.26934307603224
,-41.2099662721446
,-44.54771975118845
,-35.08626533276981
,-26.311203766896497
,43.21635459092806
,83.61932210741844
,86.88978216954607
,91.00813928481791
,89.0162541440982
,91.78874292104591
,89.63535357972731
,85.23436411340738
,84.79022756176042
,81.26405251535122
,81.2909698821177
,85.09977727957498
,89.76994041355971
,89.44693201236193
,86.20338931700076
,89.87760988062564
,88.47790680876855
,89.25851044499655
,86.8628648027796
,82.39458191954347
,83.5116526403525
,74.33283057298195
,82.16578430202837
,90.8735524509855
,90.83317640083578
,89.13738229454736
,85.70541803182084
,85.70541803182084
,85.55737251460519
,85.24782279679063
,84.5210538940956
,85.81308749888677
,85.81308749888677
,86.7955713858634
,86.7013606021807
,85.84000486565324
,85.78617013212029
,85.77271144873704
,85.79962881550352
,85.78617013212029
,86.8628648027796
,85.11323596295823
,82.54262743675912
,61.722044242884834
,59.81091120246458
,58.330456030308035
,62.529565245879326
,82.39458191954347
,85.75925276535379
,85.71887671520408
,84.1307520759816
,85.05940122942525
,85.71887671520408
,85.73233539858732
,85.74579408197057
,74.80388449139538
,63.06791258120897
,61.70858555950161
,59.93203935291375
,61.06256875710602
,66.55371157746848
,83.52511132373574
,86.0553437997851
,86.09571984993482
,74.69621502432945
,61.1836969075552
,61.21061427432167
,57.22684399288225
,58.65346443150583
,57.240302676265486
,61.3182837413876
,63.83505753405373
,86.0553437997851
,84.8440622952934
,84.72293414484422
,84.96519044574258
,84.2922562765805
,83.72699157448437
,81.39863934918363
,81.85623458421384
,81.62743696669872
,81.89661063436355
,81.30442856550094
,81.53322618301603
,80.79299859693776
,81.85623458421384
,81.91006931774679
,83.56548737388547
,81.8158585340641
,68.1283775333077
,61.3182837413876
,51.37231672117228
,45.800421800510385
,42.85297013958054
,56.78270744123529
,63.6331772833051
,84.30571495996374
,81.977362734663
,82.44841665307645
,84.37300837687994
,84.50759521071237
,82.62337953705858
,81.43901539933334
,76.28433966355193
,79.89126681026059
,80.13352311115895
,80.13352311115895
,79.90472549364384
,77.11877803331288
,76.40546781400111
,80.25465126160812
,80.45653151235673
,83.61932210741844
,89.98527934769157
,90.88701113436873
,84.9113557122096
,80.37577941205728
,79.81051470996114
,80.40269677882378
,82.70413163735803
,80.1873578446919
,80.09314706100922
,77.42832775112744
,74.69621502432945
,70.44327107522521
,74.23861978929926
,78.28968348765488
,81.0621722646026
,76.93035646594753
,68.80131170246977
,65.8807774083064
,60.25504775411155
,52.17983772416676
,55.11383070171337
,56.17706668898943
,54.333227065485374
,49.74381603180008
,46.79636437087024
,14.831991335672157
,7.375880741356482
,-15.907641511650965
,-20.039457310306048
,-22.327433485457064
,-11.708532296079696
,31.520758730891366
,45.060194214432116
,55.181124118629576
,56.87691822491798
,58.168951829709144
,58.65346443150583
,56.87691822491798
,47.294335656050166
,44.95252474736618
,37.01190155125382
,31.009328762328202
,28.667517853644213
,9.55618744944158
,3.701660177731597
,-3.269937814787383
,-2.61046232900857
,-5.840546340986478
,-8.626493801317423
,-18.814717122431077
,-15.261624709255372
,-33.06746282528361
,-47.508630095501545
,-53.120901066313166
,-34.83055034848823
,-19.32614709099427
,3.8900817450969782
,51.77607722266953
,53.86217314707193
,63.01407784767601
,58.55925364782314
,53.87563183045516
,73.37726405277182
,68.80131170246977
,69.38003508794914
,69.74341953929667
,70.18755609094363
,53.323825811742275
,54.602400733150205
,78.82803082298454
,81.3582632990339
,76.99764988286373
,85.05940122942525
,79.25870869124826
,76.74193489858214
,73.41764010292152
,60.92798192327362
,66.24416185965391
,76.80922831549834
,81.82931721744734
,75.30185577657531
,73.28305326908912
,73.43109878630477
,73.44455746968802
,70.48364712537493
,54.481272582701024
,88.948960727182
,90.4159572159553
,90.80625903406929
,90.95430455128493
,89.2450517616133
,83.7673676246341
,84.6152646777783
,75.79982706175525
,75.9478725789709
,81.2909698821177
,92.25979683945934
,86.3783522009829
,65.38280612312647
,61.93738317701671
,55.504132519827365
,60.98181665680657
,65.24821928929407
,87.34737740457628
,75.44990129379097
,78.24930743750515
,81.37172198241714
,73.41764010292152
,81.30442856550094
,74.81734317477863
,61.78933765980106
,55.20804148539605
,52.27404850784946
,54.481272582701024
,51.66840775560359
,61.21061427432167
,80.53728361265618
,78.62615057223591
,77.49562116804364
,80.52382492927293
,65.30205402282704
,56.755790074468806
,37.4291207361343
,35.07385114406707
,30.740155094663372
,54.602400733150205
,58.04782367925996
,81.30442856550094
,76.82268699888158
,76.05554204603683
,77.30719960067826
,85.50353778107221
,84.17112812613134
,82.85217715457368
,76.05554204603683
,62.62377602956201
,62.596858662795526
,69.595374022081
,65.32897138959352
,51.53382092177118
,53.28344976159255
,72.6235777833103
,72.5293669996276
,56.27127747267212
,51.7357011725198
,35.477611645564316
,14.872367385821882
,11.992209141808246
,9.071674847644886
,25.437433841666305
,55.04653728479716
,82.0446561515792
,63.76776411713753
,79.2721673746315
,85.49007909768899
,85.49007909768899
,87.30700135442655
,84.42684311041292
,81.39863934918363
,78.65306793900238
,76.04208336265359
,76.04208336265359
,76.04208336265359
,61.2509903244714
,69.90492373989555
,79.62209314259579
,82.83871847119043
,76.51313728106703
,52.63743295919697
,35.477611645564316
,13.70146193147989
,4.953317732373051
,3.7958709614142947
,-5.759794240687029
,51.1166017368907
,69.3665764045659
,59.09760098315279
,71.76222204678285
,80.63149439633888
,82.17924298541162
,83.92887182523299
,81.41209803256687
,71.34500286190237
,67.9937906994753
,69.58191533869777
,72.15252386489685
,72.15252386489685
,50.59171308494429
,52.15292035740028
,49.79765076533306
,39.138373525805946
,-6.621149977214472
,-31.344751352228727
,-39.39304401540703
,-49.91773442110173
,-62.93228125269607
,-84.0893315311514
,-67.84470068757915
,-45.01877366960191
,-18.720506338748393
,45.127487631348316
,50.22832863359678
,49.98607233269843
,49.15163396293747
,48.048021925511684
,48.2499021762603
,46.91749252131942
,30.05376224211807
,6.514525004829039
,-6.755736811046887
,-15.167413925572703
,-18.12832426988578
,-11.843119129912097
,-14.93861630805759
,-23.283000005667205
,-36.70130733875878
,-54.386017304337855
,-62.165136299851326
,-72.77057880584545
,-85.09873278489451
,-86.21580350570349
,-66.3911628821891
,-42.7038801276844
,-27.33406370402284
,24.845251772803678
,47.87305904152955
,46.29839308569032
,45.07365289781535
,46.76944700410377
,41.143717349908904
,63.22941678180787
,64.40032223614986
,59.528278851416516
,54.938867817731236
,51.829911956202494
,42.57033778853248
,66.05574029228853
,66.54025289408523
,66.93055471219922
,66.64792236115117
,66.39220737686956
,65.43664085665944
,46.244558352157355
,43.70086719272475
,46.244558352157355
,45.827339167276875
,45.813880483893634
,56.500075090187224
,61.991217910549665
,66.87671997866626
,66.13649239258798
,65.47701690680917
,65.28859533944379
,54.508189949467514
,54.53510731623399
,50.68592386862698
,50.726299918776704
,48.074939292278174
,49.2593034300034
,49.16509264632071
,54.508189949467514
,64.48107433644932
,63.76776411713753
,54.53510731623399
,46.64831885365459
,43.983499543772815
,37.038818918020304
,33.75490017250943
,32.74549891876633
,41.062965249609455
,45.140946314731565
,48.69403872790727
,57.49601766054708
,62.43535446219663
,54.588942049766956
,57.7651913282119
,67.71115834842722
,67.49581941429537
,67.44198468076239
,66.78250919498358
,66.6613810445344
,67.42852599737915
,66.64792236115117
,54.602400733150205
,66.63446367776793
,59.7839938356981
,58.07474104602645
,51.91066405650194
,53.323825811742275
,37.617542303499675
,23.593594218162238
,11.696118107376932
,9.058216164261637
,17.012298043757248
,49.245844746620165
,49.50155973090175
,49.568853147817954
,59.272563867134934
,70.69898605950678
,76.09591809618655
,73.74064850411932
,68.43792725112226
,58.61308838135611
,53.70066894647303
,59.2321878169852
,61.27790769123788
,61.34520110815408
,46.27147571892383
,51.897205373118695
,54.602400733150205
,55.93481038809108
,50.84742806922587
,63.91580963435318
,58.96301414932037
,46.28493440230707
,42.00507308643634
,40.72649816502842
,49.999531016081676
,55.557967253360324
,66.71521577806737
,51.84337063958573
,50.793593335692904
,56.755790074468806
,61.26444900785465
,62.54302392926256
,62.529565245879326
,57.294137409798466
,57.7651913282119
,57.42872424363087
,57.40180687686439
,57.3748895100979
,50.80705201907615
,54.80428098389882
,57.347972143331425
,57.347972143331425
,58.96301414932037
,68.63980750187086
,69.17815483720052
,63.04099521444249
,55.0599959681804
,48.8017081949732
,50.71284123539347
,57.42872424363087
,63.269792831957595
,54.19864023165296
,57.19992662611577
,54.548565999617225
,47.80576562461334
,56.37894693973804
,55.96172775485757
,44.31996662835385
,37.6579183536494
,28.88285678777607
,18.12936876456628
,12.476721743604934
,8.021897543752061
,19.5694478865731
,-0.7935400722709858
,-6.621149977214472
,-13.565830602966983
,-32.51565680657073
,-56.79512162993805
,-81.6802272055512
,-104.29081528939656
,-110.56256174598701
,-95.38116688969083
,-59.406106206286864
,-25.893984582016003
,-8.68032853485039
,35.046933777300595
,34.40091697490501
,34.952722993617904
,34.3336235579888
,33.66068938882674
,24.22615233717459
,11.66920074061045
,-1.6145197586487114
,-8.397696183802324
,-6.002050541585362
,0.5927043162028696
,-0.24173405355809052
,-5.100318754908201
,-15.113579192039737
,-25.23450909623719
,-39.97176740088642
,-51.53277642709068
,-67.52169228638135
,-93.55078594957004
,-105.21946444284023
,-88.89408149896855
,-43.49794244729563
,-15.665385210752632
,1.9520313379102276
,26.877512963673126
,35.6660332129297
,35.61219847939672
,46.392603869373005
,36.79656261712196
,36.82347998388845
,38.03476148838016
,41.883944935987174
,41.10334129975918
,37.9809267548472
,35.046933777300595
,37.06573628478679
,42.92026355649674
,41.399432334190486
,35.23535534466597
,41.07642393299269
,36.190921864876096
,25.585479358881962
,11.386568389562399
,18.412001115614352
,36.43317816577445
,46.36568650260652
,36.98498418448734
,35.76024399661238
,43.902747443473366
,53.25653239482607
,54.669694150066405
,53.80833841353896
,52.072168257100834
,43.21635459092806
,37.13302970170299
,35.10076851083356
,33.028131269814395
,26.271872211427265
,7.281669957673785
,34.52204512535418
,47.065538038535074
,47.84614167476306
,41.480184434489935
,34.85851220993521
,31.991812649304812
,26.352624311726714
,33.84911095619211
,34.3336235579888
,29.434662806488966
,0.7811258835682509
,33.795276222659155
,28.129170518314567
,49.11125791278775
,53.37766054527523
,53.51224737910765
,53.88909051383841
,51.92412273988518
,31.978353965921578
,30.05376224211807
,31.89760186562212
,30.592109577447722
,31.964895282538336
,32.89354443598199
,33.06850731996413
,38.26355910589526
,38.290476472661744
,33.24347020394625
,34.61625590903687
,33.687606755593215
,32.59745340155067
,31.211209013076818
,19.44831973612392
,24.11848287010865
,31.440006630591924
,33.122342053497086
,33.028131269814395
,35.58528111263024
,33.20309415379653
,36.042876347660446
,36.76964525035548
,35.61219847939672
,49.17855132970396
,36.729269200205756
,35.36994217849838
,33.84911095619211
,34.75084274286929
,35.74678531322913
,43.808536659790676
,59.36677465081762
,61.641292142585385
,61.73550292626808
,52.354800608148906
,44.912148697216466
,39.20566694272215
,35.43723559541459
,36.25821528179231
,41.6013125849391
,46.392603869373005
,42.462668321466545
,47.67117879078093
,64.48107433644932
,71.95064361414823
,66.94401339558247
,63.996561734652616
,59.03030756623659
,97.88552649365421
,86.53985640158179
,68.034166749625
,58.12857577955942
,57.092257159049836
,66.70175709468413
,102.71719382823784
,131.3438133843921
,131.57261100190718
,102.94599144575295
,85.63812461490464
,68.35717515082281
,61.372118474920576
,55.504132519827365
,53.660292896323305
,55.35608700261171
,57.19992662611577
,51.1166017368907
,54.4408965325513
,77.80517088585819
,104.23802505054411
,97.88552649365421
,93.21536335966948
,74.85771922492836
,56.27127747267212
,41.23792813359158
,27.106310581188218
,20.928774908280467
,17.725608263069034
,23.391713967413622
,13.620709831180442
,23.63397026831197
,16.4739507084276
,0.6869150998855531
,-19.083890790095907
,-28.491510474981595
,-30.17384589788675
,-34.23836827962562
,-35.490025834267044
,-36.49942708801015
,-39.70259373322159
,-20.968106463749706
,27.698492650050845
,47.09245540530155
,61.61437477581891
,63.202499415041395
,69.99913452357825
,64.38686355276663
,60.91452323989037
,53.02773477731097
,45.76004575036067
,42.24732938733468
,43.835454026557166
,39.59596876083614
,37.92709202131423
,26.98518243073905
,6.110764503331794
,-19.218477623928337
,-17.24005116659187
,-18.976221323029975
,-20.806602263150793
,-24.96533542857236
,-27.226394236956892
,-23.000367654619126
,-18.141782953269015
,9.5023527159086
,37.954009388080706
,53.09502819422717
,64.4137809195331
,66.08265765905503
,65.12709113884489
,64.46761565306608
,46.136888885091416
,42.74530067251462
,41.91086230275365
,39.60942744421939
,41.83011020245421
,42.44920963808331
,39.66326217775236
,45.50433076607908
,46.43297991952274
,44.912148697216466
,44.34688399512032
,41.83011020245421
,28.855939421009595
,20.148171272052473
,21.61516776082577
,35.3430248117319
,43.539362992125845
,36.33896738209176
,45.11402894796508
,60.12046092027913
,80.71224649663831
,78.94915897343371
,78.8818655565175
,64.66949590381468
,43.377858791526954
,39.138373525805946
,38.45198067326064
,23.64742895169521
,26.81021954675691
,36.16400449810962
,39.56905139406967
,50.53787835141132
,56.85000085815149
,41.78973415230448
,42.00507308643634
,24.88562782295341
,14.159057166510095
,12.67860199435355
,11.117394721897568
,23.23020976681473
,39.784390328201525
,37.25415785215217
,42.07236650335255
,56.809624808001765
,55.3830043693782
,63.13520599812519
,58.68038179827231
,58.66692311488907
,57.173009259349286
,52.78547847641262
,48.77479082820671
,38.47889804002712
,38.7346130243087
,49.91877891578223
,53.39111922865848
,57.173009259349286
,60.47038668824341
,72.35440411564547
,50.71284123539347
,34.42783434167149
,27.510071082685464
,16.043272840163873
,28.829022054243104
,35.033475093917346
,39.58251007745291
,38.896117224907606
,55.03307860141392
,55.03307860141392
,54.817739667282055
,55.01961991803067
,56.150149322222944
,54.68315283344964
,57.79210869497838
,57.88631947866108
,55.88097565455812
,54.400520482401575
,54.239016281802684
,56.89037690830122
,62.24693289483125
,63.64663596668835
,63.64663596668835
,63.12174731474194
,57.051881108900105
,47.61734405724796
,39.138373525805946
,34.41437565828825
,33.216552837179776
,40.888002365627315
,40.90146104901055
,45.58508286637853
,57.42872424363087
,63.64663596668835
,63.64663596668835
,62.045052644082645
,63.6331772833051
,59.945498036296996
,53.000817410544485
,37.81942255424829
,36.74272788358899
,34.36054092475528
,34.3336235579888
,34.81813615978549
,37.76558782071533
,59.47444411788355
,59.743617785548366
,54.750446250365854
,32.26098631696964
,-6.271224209250192
,-23.471421573032586
,-27.603237371687655
,-27.603237371687655
,-26.338121133662966
,0.6734564165023045
,12.840106194952448
,47.92689377506252
,58.53233628105666
,58.39774944722424
,57.15955057596605
,57.051881108900105
,54.76390493374909
,59.420609384350584
,52.812395843179104
,34.225954090922876
,27.63119923313463
,27.335108198703324
,27.510071082685464
,27.53698844945194
,27.96766631771566
,28.088794468164842
,26.98518243073905
,-12.28725568155906
,-19.75682495925797
,-29.648957245940338
,-31.681218436809758
,-29.82392012992247
,-19.406899191293718
,6.339562120846907
,33.47226782146136
,31.870684498855645
,45.19478104826453
,55.26187621892902
,57.011505058750394
,56.096314588689985
,54.38706179901834
,41.211010766825105
,31.48038268074164
,27.55044713283519
,27.44277766576925
,26.258413528044024
,27.590823182984913
,9.986865317705295
,-13.148611418086503
,-13.794628220482082
,-13.552371919583734
,-28.101208656867584
,-31.008284267647696
,-33.175132292349545
,-35.43619110073409
,-35.274686900135194
,-32.59640890687018
,-31.277457935312526
,-8.438072233952042
,-1.1973005737682314
,32.435949200951775
,46.581025436738386
,54.07751208120379
,53.243073711442825
,51.64149038883711
,55.6790954038095
,48.27681954302679
,32.23406895020316
,29.744212524303514
,29.66346042400407
,39.27296035963836
,51.076225686740976
,50.41675020096215
,53.18923897790986
,50.16103521668057
,45.19478104826453
,27.106310581188218
,27.025558480888776
,26.944806380589327
,26.89097164705636
,15.854851272798491
,8.008438860368813
,13.889883498845272
,31.332337163525985
,41.07642393299269
,44.66989239631812
,47.26741828928369
,47.132831455451274
,43.31056537461075
,40.215068196465246
,38.949951958440565
,38.41160462311092
,23.23020976681473
,21.224865942711773
,24.589536788522096
,41.96469703628662
,41.96469703628662
,41.97815571966986
,40.34965503029766
,27.671575283284355
,23.71472236861142
,13.620709831180442
,8.923629330429222
,-1.6279784420319459
,-12.179586214493128
,0.5657869494363723
,14.885826069205123
,34.266330141072594
,42.44920963808331
,41.17063471667538
,41.96469703628662
,41.43980838434021
,38.39814593972767
,51.66840775560359
,47.48275722341555
,38.35776988957795
,35.6660332129297
,31.816849765322672
,36.78310393373872
,43.647032459191784
,42.92026355649674
,43.18943722416157
,44.387260045270054
,40.941837099160274
,38.82882380799139
,37.34836863583486
,38.290476472661744
,38.869199858141116
,44.25267321143764
,39.25950167625511
,38.290476472661744
,22.651486381335353
,42.92026355649674
,42.92026355649674
,41.143717349908904
,41.130258666525656
,38.613484873859534
,24.93946255648637
,27.765786066967046
,27.483153715918974
,20.8749401747475
,19.058017918009924
,11.978750458425004
,15.276127887319127
,24.952921239869617
,28.008042367865386
,18.277414281781937
,-7.092203895627918
,-19.595320758659085
,-25.42293066360257
,-32.05806157154052
,-37.15890257378898
,-29.083692543844208
,-26.136240882914365
,-19.595320758659085
,20.848022807981017
,22.476523497353213
,26.904430330439602
,29.1520304554409
,30.349853276549375
,30.376770643315865
,27.335108198703324
,17.402599861871252
,12.20754807594011
,6.0300124030323445
,9.16588563132757
,14.912743435971606
,26.325706944960224
,32.66474681846688
,29.367369389572765
,11.574989956927766
,-18.276369787101444
,-26.311203766896497
,-28.98948176016151
,-32.46182207303775
,-31.317833985462258
,-24.93841806180589
,-19.501109974976387
,14.037929016060929
,19.39448500259096
,40.18815082969877
,38.07513753852989
,42.381916221167096
,42.368457537783854
,38.37122857296119
,30.363311959932616
,28.842480737626353
,27.44277766576925
,26.258413528044024
,23.607052901545487
,12.530556477137893
,-16.486364897130343
,-24.23856652587733
,-24.036686275128716
,-26.163158249680833
,-27.791658939053022
,-51.66736326092311
,-88.20768864642324
,-104.29081528939656
,-117.3591968545239
,-88.94791623250148
,-59.36573015613712
,-33.28280175941548
,-24.93841806180589
,-10.26845317407286
,0.6465390497358356
,0.6734564165023045
,7.68543045917103
,1.5751882031794793
,-26.997596619441808
,-27.45519185447199
,-29.47399436195819
,-31.99076815462432
,-32.59640890687018
,-31.667759753426537
,-31.91001605432487
,-34.84400903187148
,-43.2287687796308
,-40.10635423471882
,-40.57740815313227
,-43.48448376391238
,-48.181564264663606
,-50.52337517334759
,-54.6955670221524
,-51.73465667783931
,-30.1603872145035
,-18.24945242033496
,1.2252624352151997
,18.56004663283
,39.2864190430216
,42.476127004849786
,42.6780072555984
,39.89205979526745
,53.418036595424965
,50.29562205051298
,43.8489127099404
,39.7440142780518
,39.27296035963836
,46.52719070320542
,48.03456324212844
,51.26464725410635
,50.63208913509402
,47.87305904152955
,33.028131269814395
,21.46712224361012
,3.2440649427013994
,0.7272911500352848
,0.7138324666520361
,15.424173404534784
,26.271872211427265
,27.55044713283519
,54.306309698718884
,67.22664574663054
,48.11531534242789
,47.94035245844576
,46.54064938658866
,44.19883847790467
,37.91363333793098
,37.38874468598457
,35.63911584616321
,31.695721614873506
,31.345795846909233
,35.4103182286481
,46.01576073464225
,48.16915007596086
,47.2405009225172
,40.51115923089655
,38.69423697415898
,21.440204876843637
,2.867221807970637
,-8.761080635149838
,-16.459447530363846
,-4.413925902362905
,30.767072461429862
,37.84633992101478
,51.1166017368907
,53.01427609392772
,53.633375529556815
,53.579540796023856
,52.20675509093325
,48.559451894074854
,47.078996721918315
,43.28364800784426
,34.602797225653624
,32.543618668017714
,28.600224436728013
,34.15866067400666
,39.46138192700374
,49.50155973090175
,49.4881010475185
,56.12323195545646
,43.727784559491226
,39.91897716203394
,30.524816160531515
,26.702550079690987
,24.670288888821553
,27.429318982386015
,28.600224436728013
,34.1721193573899
,47.078996721918315
,47.227042239133965
,41.80319283568772
,41.74935810215476
,41.68206468523855
,39.959353212183665
,54.62931809991668
,50.914721486142085
,52.89314794347855
,46.150347568474665
,45.140946314731565
,43.8489127099404
,51.85682932296897
,61.66820950935188
,54.61585941653344
,57.024963742133636
,60.416551954710435
,55.557967253360324
,38.33085252281147
,32.92046180274846
,29.56924964032138
,32.1533168499037
,43.445152208443155
,54.736987566982606
,56.21744273913915
,58.03436499587673
,56.419322989887775
,58.74767521518852
,58.07474104602645
,50.20141126683029
,55.504132519827365
,49.636146564734155
,40.888002365627315
,33.00121390304791
,28.936691521309044
,29.044360988374976
,38.465439356643884
,54.76390493374909
,73.32342931923884
,67.8322864988764
,54.65623546668317
,52.79893715979586
,45.45049603254611
,39.138373525805946
,30.511357477148266
,30.33639459316614
,29.407745439722483
,30.861283245112553
,46.473355969672454
,54.62931809991668
,52.19329640755
,48.46524111039217
,54.68315283344964
,39.138373525805946
,44.40071872865329
,40.32273766353118
,38.74807170769195
,30.349853276549375
,25.074049390318784
,15.128082370103478
,26.271872211427265
,26.325706944960224
,14.899284752588372
,-9.528225587994598
,-23.202247905367756
,-29.500911728724688
,-31.57354896974384
,-45.51674495478183
,-56.633617429339154
,-43.14801667933135
,-33.40392990986466
,-19.030056056562955
,14.118681116360378
,42.23387070395144
,45.208239731647765
,47.46929854003231
,49.08434054602127
,46.621401486888104
,56.31165352282184
,47.25395960590045
,38.10205490529636
,32.637829451700405
,26.971723747355817
,17.10650882743993
,10.309873718903077
,-6.984534428561986
,-18.585919504915992
,-34.45370721375747
,-67.97928752141155
,-90.26686720405914
,-601.6430010336956
,-137.39917641217016
,-117.70912262248814
,-89.94385880286134
,-36.78205943905823
,-19.47419260820992
,26.608339296008296
,47.76538957446361
,58.47850154752369
,58.65346443150583
,64.56182643674875
,59.582113584949475
,45.49087208269584
,44.52184687910247
,44.5353055624857
,42.42229227131682
,34.85851220993521
,41.036047882842965
,46.136888885091416
,45.46395471592935
,44.52184687910247
,34.83159484316873
,28.96360888807552
,6.0300124030323445
,-16.378695430064425
,-21.84292088366037
,-20.914271730216726
,-1.156924523618514
,18.183203498099246
,24.56261942175562
,44.5353055624857
,45.53124813284556
,45.84079785066011
,50.45712625111187
,41.02258919945972
,32.73204023538309
,40.215068196465246
,31.332337163525985
,19.677117353639026
,8.721749079680606
,5.666627951684845
,15.222293153786154
,18.210120864865722
,40.16123346293228
,41.43980838434021
,32.55707735140095
,7.214376540757584
,-10.793341826019272
,-23.350293422583405
,-29.81046144653922
,-26.91684451914236
,-27.710906838753573
,-20.927730413599974
,4.8321895819238705
,40.78033289856138
,46.19072361862439
,45.84079785066011
,45.57162418299529
,44.68335107970136
,41.69552336862179
,51.64149038883711
,48.8690016118894
,47.496215906798795
,42.23387070395144
,42.23387070395144
,43.78161929302419
,45.49087208269584
,69.40695245471564
,83.45781790681954
,48.2499021762603
,33.4857265048446
,22.853366632083976
,4.132338045995326
,0.633080366352587
,-2.489334178559389
,-3.9563306673326935
,19.986667071453574
,43.60665640904206
,49.47464236413526
,42.24732938733468
,44.14500374437171
,46.809823054253485
,64.965586938246
,49.91877891578223
,81.31788724888418
,79.70284524289521
,53.1354042443769
,51.251188570723116
,52.045250890334344
,61.4124945250703
,79.71630392627846
,77.05148461639668
,61.452870575220025
,78.58577452208618
,59.514820168033275
,44.50838819571923
,39.75747296143505
,32.193692900053435
,32.35519710065233
,42.220412020568205
,61.46632925860325
,79.66246919274549
,96.68770367254574
,45.5447068162288
,46.40606255275625
,46.40606255275625
,45.3159091987137
,43.59319772565881
,45.558165499612045
,44.50838819571923
,44.02387559392253
,42.368457537783854
,42.301164120867654
,42.43575095470006
,45.58508286637853
,48.58636926084134
,47.96726982521223
,45.1813223648813
,42.368457537783854
,41.722440735388275
,26.069991960678642
,23.04178819944935
,24.32036312085728
,28.23683998538049
,39.93243584541718
,41.00913051607649
,47.88651772491279
,50.4302088843454
,50.60517176832753
,47.96726982521223
,47.84614167476306
,47.132831455451274
,39.690179544518834
,41.00913051607649
,41.291762867124554
,33.40497440454516
,26.40645904525968
,26.419917728642915
,31.197750329693584
,33.458809138078124
,33.40497440454516
,29.07127835514145
,12.167172025790386
,3.3248170430008486
,-13.135152734703254
,-18.680130288598676
,-14.332975555811728
,-5.140694805057919
,9.08513353102812
,30.67286167774717
,37.13302970170299
,44.387260045270054
,37.85979860439802
,39.94589452880043
,39.690179544518834
,39.6767208611356
,44.10462769422198
,42.92026355649674
,42.90680487311351
,34.1721193573899
,31.857225815472397
,29.824964624602963
,31.265043746609784
,29.87879935813593
,16.87771120992484
,-7.953559632155361
,-20.241337561054664
,-20.389383078270313
,-24.89804201165616
,-26.2169929832138
,-27.38789843755579
,-21.856379567043618
,-10.53762684173769
,24.88562782295341
,26.419917728642915
,33.14925942026356
,42.651089888831926
,44.2392145280544
,44.66989239631812
,44.25267321143764
,45.42357866577964
,33.75490017250943
,30.592109577447722
,27.308190831936848
,26.82367823014016
,33.05504863658088
,46.204182302007624
,44.25267321143764
,45.58508286637853
,46.67523622042108
,43.727784559491226
,41.08988261637593
,32.12639948313723
,17.644856162769592
,3.459403876833264
,-1.00887900640285
,20.915316224897232
,26.769843496607187
,44.02387559392253
,44.44109477880302
,44.454553462186254
,44.26613189482087
,44.26613189482087
,42.624172522065436
,45.221698415031014
,44.25267321143764
,33.620313338677015
,30.861283245112553
,29.596167007087864
,31.843767132089162
,39.79784901158477
,45.10057026458184
,47.76538957446361
,45.638917599911494
,33.43189177131163
,31.574593464424332
,29.12511308867441
,26.81021954675691
,23.98389603627625
,27.415860299002773
,29.90571672490242
,28.97706757145876
,43.04139170694592
,46.75598832072052
,45.59854154976176
,44.25267321143764
,45.154404998114806
,44.42763609541978
,77.32065828406151
,67.52273678106184
,63.323627565490554
,57.751732644828664
,56.190525372372676
,61.66820950935188
,78.54539847193647
,97.9797372773369
,92.09829263886046
,64.26573540231745
,41.02258919945972
,19.798245504088193
,-26.338121133662966
,-30.725651916599645
,-32.13881367183997
,-29.62203987917384
,-12.75830959997252
,34.49512775858769
,58.89572073240417
,48.23644349287706
,70.36251897492575
,74.4135826732814
,107.11818329455775
,88.06068762388807
,45.329367882096946
,46.41952123613949
,47.348170389583146
,44.26613189482087
,41.73589941877152
,47.75193089108038
,51.103143053507466
,45.329367882096946
,45.34282656548018
,38.465439356643884
,46.27147571892383
,22.22080851307163
,11.682659423993698
,6.178057920248008
,6.595277105128488
,23.822391835677344
,38.47889804002712
,46.823281737636734
,48.290278226410024
,45.558165499612045
,46.01576073464225
,46.41952123613949
,47.88651772491279
,45.881173900809834
,48.34411295994299
,40.888002365627315
,38.35776988957795
,40.40348976383063
,39.27296035963836
,38.438521989877394
,49.17855132970396
,50.99547358644152
,50.982014903058285
,50.99547358644152
,47.321253022816656
,42.6107138386822
,40.45732449736359
,22.126597729388948
,21.117196475645848
,22.140056412772182
,42.16657728703524
,48.397947693475956
,49.44772499736878
,46.392603869373005
,46.75598832072052
,47.75193089108038
,47.95381114182899
,46.23109966877411
,51.1166017368907
,50.02644838284815
,49.16509264632071
,41.116799983142414
,39.865142428500974
,39.79784901158477
,39.94589452880043
,39.9055184786507
,39.94589452880043
,39.00378669197353
,28.156087885081043
,23.068705566215833
,16.150942307229798
,3.0825607421025154
,-2.6777557459247703
,23.674346318461694
,36.43317816577445
,37.11957101831975
,40.61882869796249
,50.093741799764366
,51.84337063958573
,51.1838951538069
,66.71521577806737
,51.61457302207063
,39.93243584541718
,35.23535534466597
,31.65534556472378
,35.50452901233079
,31.614969514574057
,25.275929641067407
,26.12382669421161
,8.856335913513021
,9.08513353102812
,-5.302199005656831
,-36.12258395327939
,-50.59066859026379
,-81.5187230049523
,-137.64143271306853
,-165.52782468314447
,-149.36394593987166
,-74.66825316288248
,-39.82372188367074
,31.076622179244403
,40.32273766353118
,41.15717603329214
,40.76687421517815
,46.890575154552934
,44.52184687910247
,34.15866067400666
,31.56113478104109
,31.520758730891366
,29.434662806488966
,29.757671207686762
,26.244954844660782
,28.667517853644213
,36.31205001532527
,37.200323118619195
,31.049704812477927
,8.842877230129787
,-16.365236746681177
,-23.700219190547685
,-24.911500695039393
,-19.6626141755753
,-6.99799311194522
,13.09582117923403
,36.90423208418789
,47.48275722341555
,49.36697289706933
,52.85277189332883
,50.0399070662314
,51.77607722266953
,46.473355969672454
,42.368457537783854
,39.40754719347077
,37.6579183536494
,35.6660332129297
,34.952722993617904
,33.75490017250943
,34.29324750783908
,35.54490506248052
,34.27978882445584
,34.09136725709046
,32.66474681846688
,10.484836602885224
,-7.253708096226802
,-11.641238879163467
,-8.168898566287211
,22.43614744720349
,34.29324750783908
,42.27424675410117
,44.01041691053929
,42.381916221167096
,42.368457537783854
,42.126201236885514
,42.27424675410117
,38.559650140326575
,31.265043746609784
,35.69295057969617
,31.03624612909468
,30.64594431098068
,27.56390581621843
,26.258413528044024
,28.492554969662073
,32.73204023538309
,32.48978393448474
,31.332337163525985
,26.09690932744512
,17.994781930733865
,9.959947950938812
,3.365193093150566
,14.334020050492235
,21.79013064480791
,29.448121489872207
,33.43189177131163
,31.03624612909468
,29.90571672490242
,31.911060549005363
,32.880085752598745
,36.029417664277204
,33.29730493747922
,32.799333652299296
,32.96083785289819
,29.946092775052144
,30.417146693465583
,29.165489138824142
,31.03624612909468
,30.592109577447722
,32.947379169514946
,32.947379169514946
,31.13045691277737
,31.48038268074164
,29.528873590171656
,28.97706757145876
,28.923232837925795
,27.577364499601664
,27.2947321485536
,29.192406505590625
,31.816849765322672
,30.43060537684883
,30.3902293266991
,30.847824561729304
,31.426547947208675
,31.14391559616061
,28.78864600409338
,25.935405126846227
,25.935405126846227
,25.94886381022947
,28.96360888807552
,25.275929641067407
,24.831793089420444
,25.94886381022947
,25.275929641067407
,25.28938832445065
,24.818334406037202
,29.959551458435378
,30.659402994363923
,26.446835095409405
,25.275929641067407
,25.262470957684165
,37.6579183536494
,34.48166907520446
,34.15866067400666
,28.1426292016978
,27.01209979750554
,26.89097164705636
,26.37954167849319
,27.53698844945194
,26.258413528044024
,32.39557315080206
,37.92709202131423
,32.4090318341853
,26.47375246217588
,20.848022807981017
,20.713435974148602
,22.234267196454873
,20.996068325196674
,21.063361742112882
,31.58805214780758
,16.79695910962539
,8.089190960668276
,5.168656666504901
,-10.160783707006928
,-13.485078502667534
,-2.623921012391804
,13.257325379832935
,26.433376412026156
,23.64742895169521
,37.40220336936782
,36.83693866727168
,32.30136236711937
,34.36054092475528
,37.200323118619195
,38.74807170769195
,32.32827973388585
,29.838423307986204
,28.102253151548076
,26.40645904525968
,26.36608299510995
,26.89097164705636
,26.877512963673126
,26.877512963673126
,11.238522872346735
,-10.833717876169004
,-19.04351473994619
,-27.778200255669802
,-39.93139135073669
,-42.15207410897149
,-33.20204965911604
,-19.554944708509368
,23.71472236861142
,31.453465313975165
,43.02793302356268
,40.43040713059711
,38.82882380799139
,37.17340575185272
,36.635058416523066
,37.33490995245161
,38.963410641823806
,37.84633992101478
,32.274445000352884
,29.0847370385247
,27.83307948388326
,34.11828462385694
,46.60794280350486
,47.88651772491279
,40.34965503029766
,41.130258666525656
,32.26098631696964
,24.495326004839413
,17.564104062470143
,17.496810645553943
,26.89097164705636
,28.088794468164842
,38.22318305574554
,79.95856022717682
,40.34965503029766
,40.33619634691442
,38.6000261904763
,39.99972926233339
,38.37122857296119
,52.93352399362828
,42.893346189730266
,31.722638981639996
,29.528873590171656
,27.146686631337943
,30.524816160531515
,39.93243584541718
,47.348170389583146
,65.53085164034212
,53.91600788060489
,28.97706757145876
,15.59913628851691
,5.908884252583178
,-2.9469294135896007
,-1.6010610752654628
,21.144113842412324
,29.97301014181862
,35.50452901233079
,50.833969385842636
,40.08048136263283
,40.32273766353118
,41.49364311787318
,42.381916221167096
,40.0670226792496
,40.215068196465246
,32.55707735140095
,28.65405917026098
,32.26098631696964
,31.951436599155087
,32.530159984634466
,33.0954246867306
,40.7534155317949
,43.983499543772815
,42.893346189730266
,32.341738417269084
,31.722638981639996
,26.72946744645747
,23.068705566215833
,23.943519986126525
,24.993297290019342
,24.993297290019342
,24.199234970408106
,34.56242117550391
,43.875830076706876
,43.835454026557166
,47.6308027406312
,45.04673553104888
,40.470783180746835
,37.09265365155326
,35.55836374586376
,35.53144637909728
,34.29324750783908
,32.03218869945454
,33.889487006341845
,36.527388949457126
,36.392802115624725
,36.365884748858235
,34.683549325953074
,34.373999608138526
,34.40091697490501
,32.90700311936522
,27.752327383583804
,26.514128512325605
,28.183005251847526
,33.701065438976464
,34.07790857370722
,35.10076851083356
,41.130258666525656
,41.116799983142414
,41.26484550035807
,42.6107138386822
,41.9243209861369
,30.24218380948345
,38.2770177892785
,36.9715255011041
,30.632485627597447
,30.24218380948345
,31.06316349586117
,34.34708224137204
,33.82219358942563
,33.620313338677015
,26.419917728642915
,17.76598431321876
,14.19943321665982
,14.226350583426303
,7.389339424739731
,10.148369518304193
,15.572218921750434
,16.595078858876768
,15.747181805732566
,29.73075384092028
,33.620313338677015
,33.620313338677015
,32.90700311936522
,33.37805703777867
,35.356483495115135
,40.295820296764695
,32.4090318341853
,30.376770643315865
,31.89760186562212
,24.172317603641616
,26.352624311726714
,32.39557315080206
,26.419917728642915
,24.804875722653968
,-2.8392599465236685
,-23.013826338002374
,-29.48745304534144
,-55.69150959251223
,-67.01026231781816
,-57.5622665827828
,-29.82392012992247
,-15.369294176321318
,6.097305819948559
,37.07919496817003
,46.486814653055696
,46.83674042101997
,48.94975371218885
,46.43297991952274
,47.60388537386473
,47.321253022816656
,38.18280700559581
,36.877314717421406
,36.446636849157684
,35.23535534466597
,35.65257452954645
,35.22189666128273
,39.811307694968015
,31.291961113376274
,-6.042426591735094
,-27.73782420552007
,-41.82906570777371
,-60.28092062619751
,-94.64093930361256
,-82.17819849073112
,-45.86667072274611
,-12.179586214493128
,7.362422057973234
,41.19755208344187
,40.95529578254352
,48.46524111039217
,49.11125791278775
,48.46524111039217
,45.04673553104888
,37.83288123763154
,37.25415785215217
,37.25415785215217
,38.92303459167408
,39.40754719347077
,40.08048136263283
,43.808536659790676
,39.622886127602634
,39.6767208611356
,31.076622179244403
,33.351139671012184
,17.52372801232042
,-5.773252924070263
,-15.530798376920202
,-7.7516793814067455
,13.270784063216162
,35.23535534466597
,48.34411295994299
,58.29007998015831
,53.592999479407105
,52.973900043778
,52.85277189332883
,52.05870957371759
,51.41269277132201
,51.57419697192091
,46.042678101408725
,30.80744851157958
,33.53956123837756
,43.70086719272475
,38.06167885514664
,46.52719070320542
,51.68186643898684
,59.528278851416516
,62.179639477915046
,49.67652261488388
,26.433376412026156
,22.476523497353213
,17.146884877589663
,25.154801490618233
,43.2298132743113
,66.78250919498358
,55.94826907147433
,60.59151483869258
,52.59705690904725
,52.59705690904725
,52.59705690904725
,52.583598225664005
,51.251188570723116
,76.00170731250385
,79.97201891056004
,66.27107922642041
,57.41526556024763
,54.481272582701024
,62.0988873776156
,66.3652900101031
,79.97201891056004
,67.68424098166074
,61.93738317701671
,77.29374091729503
,80.03931232747624
,71.80259809693258
,68.63980750187086
,68.35717515082281
,75.67869891130607
,69.17815483720052
,71.49304837911802
,109.1639031688104
,59.98587408644672
,56.23090142252239
,55.57142593674357
,58.54579496443991
,54.844657034048545
,66.28453790980365
,51.78953590605276
,46.41952123613949
,51.19735383719015
,50.41675020096215
,53.1354042443769
,55.463756469677634
,59.3263986006679
,59.878204619380796
,54.8311983506653
,50.95509753629181
,38.22318305574554
,0.9426300841671349
,-14.117636621679878
,-14.615607906859807
,0.3639066986877566
,30.363311959932616
,54.548565999617225
,61.07602744048927
,78.34351822118785
,68.15529490007418
,67.7380757151937
,64.99250430501249
,65.73273189109075
,57.28067872641522
,61.73550292626808
,62.43535446219663
,61.22407295770492
,61.0894861238725
,63.22941678180787
,51.77607722266953
,67.29393916354674
,74.38666530651491
,66.75559182821709
,49.0305058124883
,39.58251007745291
,28.47909628627884
,23.47246606771307
,24.65683020543831
,38.11551358867961
,47.80576562461334
,50.17449390006381
,61.46632925860325
,68.20912963360715
,67.29393916354674
,65.66543847417455
,68.86860511938598
,68.47830330127198
,82.83871847119043
,81.78894116729762
,77.57637326834309
,68.37063383420603
,58.31699734692479
,58.61308838135611
,75.22110367627586
,78.65306793900238
,81.68127170023168
,71.19695734468672
,59.568654901566234
,49.34005553030285
,36.06979371442693
,30.349853276549375
,25.57202067549872
,33.122342053497086
,50.63208913509402
,58.505418914290175
,71.18349866130347
,77.61674931849282
,72.85237540082541
,77.49562116804364
,69.2723656208832
,68.42446856773901
,76.1497528297195
,72.51590831624438
,63.75430543375428
,56.473157723420734
,55.93481038809108
,55.6118019868933
,55.504132519827365
,64.7367893207309
,65.30205402282704
,70.69898605950678
,61.80279634318429
,54.575483366383715
,46.99824462161886
,28.73481127056042
,22.516899547502938
,37.24069916876892
,48.93629502880562
,62.90640838061009
,73.75410718750256
,76.33817439708488
,88.50482417553503
,83.33668975637036
,73.79448323765229
,73.79448323765229
,93.52491307748404
,79.36637815831418
,73.79448323765229
,75.7190749614558
,75.73253364483905
,76.8630630490313
,99.6082379667091
,147.14430767631737
,150.58973062242714
,122.23228473393773
,85.93421564933595
,91.74836687089618
,75.61140549438987
,70.375977658309
,71.70838731324989
,76.5669720146
,90.37558116580557
,82.42149928630997
,141.20902830430794
,140.44188335146322
,149.58032936868403
,126.53906341657495
,115.59715382599975
,93.12115257598678
,71.3853789120521
,68.41100988435576
,66.19032712612096
,63.942727001119664
,66.17686844273771
,68.37063383420603
,77.49562116804364
,80.87375069723721
,81.57360223316576
,79.78359734319466
,75.82674442852172
,46.40606255275625
,17.469893278787453
,5.868508202433446
,13.297701429982652
,39.25950167625511
,69.15123747043405
,100.85989552135054
,112.46128059770453
,93.48453702733431
,123.24168598768082
,112.47473928108778
,108.35638216581594
,84.10383470921514
,94.13055382972988
,86.66098455203097
,74.22516110591602
,65.30205402282704
,59.35331596743437
,68.20912963360715
,91.22347821894977
,97.80477439335476
,88.948960727182
,64.53490906998228
,56.72887270770232
,49.51501841428499
,40.134316096165804
,24.845251772803678
,3.863164378330495
,28.65405917026098
,43.835454026557166
,43.741243242874475
,71.10274656100403
,102.89215671221997
,104.41298793452623
,100.10620925188904
,98.38349777883414
,92.30017288960907
,78.2627661208884
,74.4808760901976
,71.34500286190237
,70.84703157672244
,69.86454768974583
,83.48473527358603
,104.37261188437651
,103.51125614784908
,104.54757476835866
,71.42575496220182
,46.8501991044032
,43.660491142575026
,-26.230451666597048
,-32.90595862468474
,-34.2652856463921
,-4.7907690370936535
,-15.5577157436867
,54.22555759841944
,95.58409163511996
,117.8582126343843
,128.4501964569952
,94.34589276386176
,99.29868824889455
,84.0634586590654
,68.38409251758928
,56.473157723420734
,49.15163396293747
,49.50155973090175
,45.45049603254611
,51.87028800635221
,73.91561138810145
,78.43772900487053
,56.45969904003749
,56.39240562312129
,43.70086719272475
,0.6599977331190843
,-25.369095930069605
,-26.36503850042945
,-24.95187674518911
,20.901857541513984
,49.649605248117396
,49.663063931500645
,54.13134681473676
,96.10898028706637
,107.29314617853987
,102.67681777808812
,105.67810417255093
,102.17884649290818
,104.87058316955645
,102.71719382823784
,99.35252298242752
,97.64327019275586
,95.05920298317355
,94.9515335161076
,95.26108323392216
,82.74450768750775
,55.32916963584523
,-4.158210918081309
,-26.243910349980297
,-42.59621066061845
,-59.11001517185554
,-81.46488827141931
,-85.19294356857716
,-74.80283999671491
,-42.555834610468736
,-26.149699566297585
,52.05870957371759
,81.60051959993226
,77.60329063510959
,71.41229627881857
,65.67889715755777
,44.656433712934884
,-2.771966529607454
,-19.46073392482667
,-18.195617686801995
,-24.978794111955608
,-25.261426463003673
,-17.85915060222095
,-15.14049655880622
,-15.89418282826773
,-7.280625462993299
,-25.328719879919873
,-27.562861321537923
,-40.214023701784754
,-48.88141580059215
,-58.67933730359181
,-66.10853053114101
,-51.06172250867725
,-40.819664454030615
,-7.374836246675983
,79.23179132448178
,105.71848022270063
,107.09126592779127
,104.74945501910727
,102.7710285617708
,96.67424498916249
,78.57231583870296
,75.07305815906021
,76.82268699888158
,75.07305815906021
,77.05148461639668
,89.46039069574516
,115.28760410818522
,149.48611858500135
,135.21991419876557
,99.91778768452366
,84.85752097867663
,78.50502242178673
,74.85771922492836
,73.44455746968802
,73.37726405277182
,75.05959947567698
,83.00022267178933
,114.88384360668798
,145.28700936943005
,120.38844511043366
,155.28681112317838
,147.30581187691627
,142.47414454233262
,122.95905363663275
,111.2769164599793
,105.73193890608388
,106.04148862389845
,101.89621414186013
,102.01734229230928
,112.78428899890233
,157.88433701614395
,178.63762679310202
,137.81744009173116
,107.84495219725278
,70.94124236040514
,38.37122857296119
,1.359849269047615
,-13.861921637398297
,-8.45153091733529
,18.31779033193166
,64.87137615456331
,102.74411119500432
,121.80160686567399
,139.9169946995168
,143.79309551389028
,132.43396673843463
,121.16904874666166
,94.23822329679584
,93.43070229380135
,88.5990349592177
,86.84940611939635
,89.0431715108647
,89.93144461415861
,99.3121469322778
,121.78814818229077
,145.9868609053586
,117.58903896671947
,97.58943545922291
,81.7485651171479
,58.98993151608686
,17.88711246366794
,3.5536146605159473
,2.1808289554253406
,30.174890392567235
,71.14312261115374
,96.20319107074906
,120.34806906028393
,139.14984974667203
,144.19685601538754
,139.0421802796061
,125.83921188064639
,111.84218116207545
,101.90967282524335
,96.17627370398257
,93.32303282673541
,92.65009865757335
,95.16687245023948
,108.97548160144504
,132.39359068828492
,152.17785526164963
,142.52797927586562
,115.08572385743659
,100.34846555278737
,84.19804549289782
,51.92412273988518
,35.42377691203135
,36.446636849157684
,71.34500286190237
,86.3783522009829
,114.45316573842425
,139.37864736418715
,143.7661781471238
,170.89888384773826
,154.96380272198056
,138.6922545116418
,124.97785614411895
,115.3145214749517
,111.85563984545868
,107.6565306298874
,108.19487796521705
,108.76014266731318
,117.73708448393512
,125.61041426313128
,142.31264034173375
,142.60873137616505
,128.34252698992927
,110.96736674216476
,94.93807483272437
,86.87632348616282
,76.33817439708488
,76.90343909918103
,89.70264699664351
,100.14658530203876
,119.24445702285817
,129.40576297720534
,125.93342266432909
,126.86207181777273
,125.7450010969637
,115.85286881028134
,108.10066718153436
,108.47751031626512
,107.80457614710306
,106.6471293761443
,106.66058805952754
,105.180132887371
,106.68750542629402
,104.99171132000562
,107.14510066132422
,99.63515533347558
,80.36232072867405
,48.303736909793265
,16.204777040762778
,-8.68032853485039
,-24.66924439414106
,-23.417586839499606
,-8.855291418832536
,14.966578169504572
,75.19418630950939
,116.91610479755741
,129.5941845445707
,134.21051294502246
,118.55806417031285
,111.81526379530895
,93.98250831251423
,87.0243690033785
,83.7673676246341
,82.15232561864514
,81.37172198241714
,78.28968348765488
,81.02179621445286
,79.24525000786502
,70.03951057372797
,49.77073339856657
,41.130258666525656
,-2.4220407616431885
,-25.28834382977014
,-27.81857630581952
,-30.2276806314197
,-22.42164426913976
,29.690377790770548
,41.951238352903374
,78.30314217103813
,114.26474417105888
,146.39062140685584
,149.60724673545053
,132.58201225565028
,122.95905363663275
,115.17993464111927
,94.64198379829307
,90.38903984918882
,83.6731568409514
,82.78488373765748
,85.35549226385656
,99.97162241805661
,132.43396673843463
,162.62179356704485
,142.72985952661423
,121.77468949890752
,98.04703069425312
,89.99873803107481
,80.69878781325508
,69.5280806051648
,73.12154906849021
,83.05405740532231
,99.97162241805661
,115.16647595773605
,157.4536591478802
,198.1796350655684
,204.518674939075
,161.1951731284213
,128.59824197421085
,118.22159708573182
,122.43416498468633
,110.79240385818262
,108.00645639785166
,104.31877715084356
,108.03337376461816
,122.77063206926738
,148.9208538829052
,180.53530115013902
,169.78181312692922
,139.32481263065418
,126.74094366732356
,107.4008156456058
,98.54500197943304
,95.43604611790431
,96.95687734021057
,115.07226517405334
,116.80843533049148
,139.02872159622285
,198.00467218158622
,293.30560921831784
,286.4282220094816
,190.13134240239006
,148.75934968230632
,127.88493175489907
,123.22822730429758
,119.56746542405594
,115.42219094201764
,110.17330442255351
,117.15836109845574
,130.65742053184675
,168.67820108950343
,214.4511832759071
,185.56884873547128
,138.1942832264619
,126.95628260145541
,118.42347733648045
,112.51511533123751
,106.99705514410857
,107.6565306298874
,114.83000887315501
,121.8958176493567
,136.25623281927517
,196.5915104263459
,143.94114103110593
,134.8026950138851
,136.0408938851433
,131.41110680130828
,111.66721827809329
,102.01734229230928
,97.38755520847428
,94.84386404904167
,93.59220649440024
,93.76716937838238
,99.95816373467338
,120.68453614486498
,135.17953814861585
,125.59695557974806
,99.0833493147627
,89.21813439484683
,89.20467571146358
,90.40249853257205
,94.77657063212547
,93.76716937838238
,94.85732273242492
,98.62575407973247
,94.749653265359
,108.76014266731318
,117.18527846522224
,112.9727105662677
,101.5597470572791
,101.20982128931482
,97.37409652509105
,87.03782768676173
,86.32451746744994
,87.0647450535282
,84.15766944274809
,83.91541314184975
,89.50076674589488
,92.70393339110632
,106.36449702509623
,111.26345777659606
,98.77379959694814
,89.62189489634406
,83.26939633945416
,81.76202380053114
,81.80239985068086
,81.77548248391439
,84.09037602583189
,89.60843621296081
,96.45890605503064
,108.08720849815111
,110.4290194068351
,115.23376937465224
,114.61466993902316
,109.98488285518813
,100.65801527060192
,99.19101878182862
,95.65138505203616
,96.76845577284519
,98.7603409135649
,99.97162241805661
,99.93124636790688
,114.0090291867773
,114.48008310519074
,101.68087520772825
,83.9019544584665
,44.454553462186254
,7.0528723401587
,-20.402841761653562
,-29.029857810311228
,-28.262712857466482
,9.731150333423713
,70.64515132597383
,99.98508110143986
,123.53777702211212
,121.27671821372758
,121.69393739860807
,116.51234429606018
,104.85712448617322
,97.53560072568993
,95.55717426835346
,89.39309727882895
,85.70541803182084
,83.91541314184975
,83.35014843975361
,85.71887671520408
,89.19121702808035
,88.34331997493612
,80.52382492927293
,51.91066405650194
,0.4177414322207227
,-14.696360007159257
,-22.017883767642516
,-22.12555323470845
,-22.623524519888377
,-1.8971521096967763
,61.89700712686699
,104.26494241731058
,137.97894429233006
,148.6247628484739
,145.77152197122675
,130.13253187990034
,109.87721338812221
,97.56251809245643
,95.27454191730541
,93.30957414335217
,89.52768411266138
,89.99873803107481
,90.88701113436873
,100.9810236717997
,142.48760322571587
,175.66325776540566
,179.13559807828193
,141.9761732571527
,128.24831620624659
,121.72085476537455
,108.23525401536676
,101.82892072494393
,102.9325327623697
,106.79517489335996
,107.81803483048628
,109.39270078632552
,101.41170154006343
,142.0973014076019
,132.47434278858435
,104.81674843602349
,95.24762455053893
,83.36360712313684
,54.19864023165296
,39.94589452880043
,43.633573775808536
,42.543420421765994
,52.75856110964614
,73.26959458570587
,101.88275545847688
,134.0893847945733
,116.48542692929368
,94.03634304604721
,83.79428499140057
,80.95450279753666
,-16.244108596231996
,-23.727136557314168
,-28.020456556568135
,77.01110856624695
,88.10106367403779
,87.22624925412711
,71.21041602806997
,89.58151884619433
,89.72956436340999
,78.1954727039722
,81.23713514858473
,71.64109389633369
,53.28344976159255
,38.31739383942823
,34.34708224137204
,32.90700311936522
,42.50304437161627
,85.42278568077276
,100.64455658721867
,116.37775746222775
,113.56489263513033
,105.09938078707155
,90.30828774888937
,87.99339420697187
,77.80517088585819
,77.89938166954089
,81.49285013286631
,87.33391872119303
,95.78597188586858
,109.00239896821154
,129.44613902735506
,143.94114103110593
,136.57924122047297
,122.91867758648303
,118.00625815159995
,104.57449213512514
,94.83040536565845
,88.43753075861883
,85.77271144873704
,82.86563583795693
,86.20338931700076
,92.91927232523818
,120.05197802585263
,156.52500999443654
,155.07147218904652
,115.9336209105808
,102.19230517629143
,89.35272122867923
,82.21961903556134
,79.58171709244606
,82.51571006999265
,88.74708047643337
,98.5046259292833
,128.00605990534825
,148.58438679832418
,156.79418366210137
,112.20556561342295
,111.86909852884193
,108.59863846671428
,98.4373325123671
,97.72402229305531
,93.61912386116671
,90.52362668302122
,90.06603144799102
,89.35272122867923
,93.55183044425051
,118.88107257151063
,143.8603889308065
,146.16182378934076
,114.87038492330474
,101.60012310742883
,85.18052937987443
,79.01645239034991
,69.31274167103294
,57.1460918925828
,63.79468148390401
,68.55905540157141
,74.53471082373056
,97.62981150937263
,107.3335222286896
,100.44267633647007
,84.1307520759816
,77.11877803331288
,69.55499797193129
,59.164894400068995
,47.73847220769714
,40.591911331196
,33.10888337011384
,33.83565227280887
,44.40071872865329
,63.04099521444249
,82.20616035217809
,81.6543543334652
,71.3180854951359
,30.376770643315865
,8.156484377584476
,-20.36246571150383
,-27.576320004921172
,-28.410758374682132
,-13.404326402368085
,9.690774283273981
,73.51185088660422
,99.62169665009235
,102.38072674365681
,103.59200824814852
,97.83169176012125
,97.54905940907318
,86.3783522009829
,71.43921364558506
,68.34371646743956
,65.98844687537233
,66.19032712612096
,65.45009954004269
,61.977759227166416
,67.21318706324729
,68.16875358345743
,57.50947634393032
,30.161431709184
,-11.950788596978029
,-23.754053924080637
,-29.177903327526877
,-30.96790821749798
,-34.53445931405693
,-29.81046144653922
,5.881966885816695
,68.55905540157141
,103.99576874964578
,108.58517978333106
,105.90690179006602
,106.00111257374871
,101.86929677509363
,94.69581853182602
,88.07414630727129
,87.99339420697187
,85.69195934843759
,87.63000975562434
,87.11857978706118
,90.80625903406929
,111.03466015908096
,145.4888896201787
,143.8603889308065
,125.93342266432909
,112.42090454755481
,105.30126103782018
,103.39012799739992
,92.78468549140575
,94.30551671371204
,93.6729585946997
,95.24762455053893
,98.97567984769677
,128.4771138237617
,131.27651996747588
,122.08423921672207
,96.75499708946194
,95.26108323392216
,85.85346354903649
,92.8923549584717
,93.18844599290301
,91.6541560872135
,86.33797615083319
,85.67850066505437
,94.77657063212547
,114.26474417105888
,139.66127971523522
,129.8768168956188
,123.25514467106404
,101.5597470572791
,94.9515335161076
,85.51699646445546
,75.32877314334179
,65.69235584094102
,82.91947057148988
,87.72422053930704
,94.70927721520927
,112.74391294875261
,135.2333728821488
,126.74094366732356
,97.41447257524078
,94.18438856326286
,86.72827796894717
,89.97182066430834
,86.09571984993482
,86.82248875262987
,86.83594743601311
,88.74708047643337
,97.427931258624
,126.08146818154475
,156.64613814488573
,145.12550516883118
,103.12095432973508
,82.98676398840611
,71.93718493076499
,40.55153528104628
,23.53975948462928
,17.227636977889112
,61.39903584168705
,82.25999508571107
,93.63258254454996
,122.15153263363828
,132.0302062369374
,118.0197168349832
,97.2260510078754
,89.93144461415861
,82.91947057148988
,78.65306793900238
,78.85494818975101
,77.73787746894199
,76.25742229678545
,77.34757565082799
,88.66632837613393
,111.66721827809329
,146.4713735071553
,128.57132460744438
,98.3027456785347
,70.75282079303976
,41.130258666525656
,-11.385523894881885
,-18.357121887400893
,-14.548314489943579
,42.381916221167096
,78.96261765681695
,94.39972749739471
,128.4771138237617
,149.00160598320466
,126.48522868304198
,104.93787658647264
,99.72936611715828
,81.10254831475231
,75.23456235965911
,73.10809038510699
,71.49304837911802
,75.81328574513847
,76.21704624663573
,88.26256787463667
,108.58517978333106
,128.9616264255584
,120.02506065908617
,94.04980172943046
,67.13243496294785
,29.97301014181862
,-13.619665336499935
,-24.171273108961117
,-15.571174427069934
,-5.221446905357382
,67.21318706324729
,91.96370580502804
,108.67939056701374
,129.3923042938221
,127.15816285220404
,101.6943338911115
,95.47642216805401
,85.38240963062304
,79.87780812687737
,78.34351822118785
,77.36103433421124
,77.11877803331288
,76.43238518076758
,80.16044047792542
,91.1965608521833
,100.71185000413487
,92.39438367329177
,65.34243007297674
,24.670288888821553
,-10.806800509402521
,-24.41352940985948
,-32.23302445552267
,-27.52248527138822
,-21.075775930815624
,31.13045691277737
,94.4266448641612
,106.82209226012644
,119.76934567480458
,114.99151307375391
,99.58132059994263
,90.76588298391955
,82.7310490041245
,92.54242919050742
,88.49136549215179
,83.32323107298714
,85.84000486565324
,85.0055664958923
,88.3971547084691
,90.88701113436873
,94.96499219949085
,85.34203358047333
,62.78528023016091
,3.8362470115640264
,-19.75682495925797
,-29.177903327526877
,-33.498140693547356
,-31.80234658725894
,-18.545543454766275
,61.977759227166416
,107.76420009695333
,119.17716360594194
,119.15024623917546
,116.59309639635963
,114.97805439037066
,107.60269589635443
,98.51808461266656
,92.05791658871074
,88.3971547084691
,88.41061339185234
,88.14143972418752
,88.3971547084691
,100.2273374023382
,132.58201225565028
,127.68305150415046
,120.32115169351746
,115.89324486043107
,103.84772323243013
,94.13055382972988
,88.41061339185234
,85.96113301610242
,87.13203847044443
,91.95024712164481
,108.03337376461816
,127.46771257001859
,131.20922655055966
,128.39636172346223
,117.88513000115078
,121.16904874666166
,106.7144227930605
,93.04040047568736
,91.627238720447
,88.12798104080427
,85.85346354903649
,87.77805527283999
,86.216848000384
,91.64069740383025
,122.73025601911765
,135.26029024891528
,123.7934920063937
,120.80566429531414
,100.37538291955384
,89.78339909694296
,79.16449790756558
,77.38795170097771
,74.6423802907965
,78.98953502358343
,91.627238720447
,107.81803483048628
,121.80160686567399
,119.09641150564251
,111.78834642854247
,93.63258254454996
,82.17924298541162
,69.31274167103294
,59.12451834991928
,59.86474593599755
,60.03970881997968
,61.82971370995077
,60.45692800486016
,68.73401828555356
,98.97567984769677
,118.14084498543237
,108.71976661716346
,91.54648662014758
,66.68829841130088
,66.7286744614506
,65.63852110740807
,63.081371264592214
,65.57122769049185
,73.61952035367015
,96.2166497541323
,119.36558517330732
,115.03188912390362
,113.73985551911247
,113.28226028408226
,111.2769164599793
,93.7402520116159
,84.89789702882635
,74.07711558870037
,63.48513176608945
,57.71135659467893
,53.91600788060489
,50.093741799764366
,58.693840481655556
,77.21298881699558
,88.12798104080427
,93.578747811017
,84.73639282822747
,89.39309727882895
,93.49799571071755
,88.24910919125345
,88.3971547084691
,88.27602655801992
,88.2356505078702
,85.44970304753926
,87.50888160517518
,100.2273374023382
,106.80863357674319
,93.61912386116671
,76.176670196486
,64.91175220471303
,37.06573628478679
,-6.728819444280404
,-7.711303331257014
,-13.350491668835133
,-15.019368408357039
,-2.798883896373951
,18.654257416512692
,67.4150673139959
,67.92649728255907
,58.236245246625344
,44.75064449661757
,42.42229227131682
,30.619026944214205
,9.21972036486055
,7.402798108122951
,43.620115092425294
,60.99527534018982
,44.81793791353377
,69.985675840195
,59.339857284051135
,74.19824373914953
,61.95084186039994
,54.27939233195241
,52.47592875859807
,35.61219847939672
,-1.735647909097878
,-9.689729788593482
,-10.860635242935473
,-9.78394057227618
,-6.311600259399924
,-2.273995244427539
,18.883055034027784
,51.251188570723116
,47.77884825784686
,30.24218380948345
,1.1445103349157648
,41.116799983142414
,-4.521595369428837
,-24.642327027374577
,-24.440446776625947
,-23.229165272134225
,-5.557913989938413
,63.90235095096993
,99.15064273167889
,108.28908874889974
,110.49631282375131
,92.23287947269287
,88.82783257673282
,77.77825351909172
,71.25079207821967
,64.4137809195331
,57.36143082671467
,54.02367734767081
,59.487902801266785
,65.35588875635999
,72.34094543226223
,89.59497752957758
,71.80259809693258
,22.516899547502938
,-17.14584038290917
,-26.284286400130014
,-26.270827716746766
,-29.110609910610677
,-26.176616933064082
,-24.103979692044916
,48.303736909793265
,94.93807483272437
,113.96865313662758
,118.67919232076203
,115.7451993432154
,86.52639771819857
,73.14846643525671
,63.86197490082021
,30.3902293266991
,9.663856916507498
,3.782412278031046
,5.330160867103814
,13.243866696449686
,65.746190574474
,87.83189000637296
,94.9111574659579
,89.95836198092509
,71.26425076160292
,66.58062894423495
,65.70581452432427
,55.04653728479716
,54.252474965185925
,54.36014443225185
,38.196265688979054
,69.04356800336811
,71.30462681175266
,101.64049915757855
,101.4655362735964
,96.49928210518036
,71.30462681175266
,71.88335019723203
,67.22664574663054
,57.13263320919956
,47.80576562461334
,47.61734405724796
,43.75470192625771
,41.08988261637593
,66.27107922642041
,96.09552160368312
,115.59715382599975
,116.17587721147915
,99.94470505129013
,94.89769878257465
,94.93807483272437
,98.92184511416379
,98.39695646221737
,96.18973238736581
,94.93807483272437
,100.25425476910469
,119.98468460893642
,153.95440146823745
,158.58418855207248
,123.29552072121379
,103.74005376536417
,98.08740674440284
,79.94510154379357
,80.98142016430315
,70.79319684318949
,70.83357289333921
,70.2144734577101
,70.2144734577101
,86.17647195023429
,110.88661464186531
,148.11333287991073
,158.15351068380875
,123.05326442031546
,105.22050893752072
,96.04168687015016
,86.0553437997851
,82.71759032074128
,82.34074718601052
,88.12798104080427
,100.41575896970357
,119.37904385669057
,150.75123482302604
,167.2919567010296
,134.74886028035212
,104.53411608497541
,100.6176392204522
,86.47256298466559
,79.97201891056004
,73.5656856201372
,70.82011420995596
,70.2817668746263
,70.1471800407939
,76.8630630490313
,97.68364624290558
,106.83555094350969
,109.6753331373736
,100.01199846820634
,76.52659596445027
,68.72055960217031
,64.48107433644932
,52.11254430725056
,53.31036712835903
,69.23198957073348
,82.69067295397478
,105.74539758946713
,125.27394717855026
,147.37310529383248
,124.29146329157365
,107.50848511267175
,100.45613501985329
,91.47919320323135
,80.416155462207
,76.84960436564808
,73.04079696819079
,76.87652173241455
,78.45118768825378
,83.13480950562176
,104.009227433029
,126.18913764861067
,148.8131844158393
,119.86355645848725
,102.83832197868702
,93.41724361041811
,87.99339420697187
,84.15766944274809
,80.9948788476864
,86.8628648027796
,99.13718404829567
,115.58369514261653
,148.517093381408
,162.35261989938004
,142.9182810939796
,114.76271545623881
,108.61209715009753
,98.04703069425312
,106.20299282449734
,95.48988085143726
,91.10235006850058
,87.45504687164221
,87.0916624202947
,87.89918342328917
,98.10086542778608
,112.17864824665648
,114.42624837165778
,104.15727295024465
,77.25336486714531
,60.416551954710435
,43.135602490628614
,23.566676851395762
,27.792703433733536
,53.498788695724414
,79.82397339334439
,107.76420009695333
,124.04920699067529
,159.3513335049172
,124.07612435744177
,104.57449213512514
,98.78725828033139
,80.92758543077018
,70.56439922567438
,61.762420293034566
,58.45158418075721
,59.93203935291375
,55.248417535545784
,60.45692800486016
,67.53619546444509
,67.67078229827749
,62.919867063993316
,48.330654276559756
,5.074445882822218
,-8.343861450269358
,-22.09863586794198
,-28.747225459263177
,-31.65430107004329
,-23.834806024380086
,39.21912562610539
,78.14163797043923
,116.45850956252721
,111.53263144426089
,100.59072185368572
,79.67592787612874
,73.88869402133498
,64.93866957147951
,36.217839231642586
,28.532931019811798
,22.570734281035904
,24.751040989120995
,33.14925942026356
,49.93223759916546
,87.0647450535282
,115.00497175713714
,117.72362580055187
,97.65672887613911
,74.15786768899981
,66.12303370920476
,54.01021866428758
,42.08582518673579
,57.173009259349286
,69.47424587163184
,100.57726317030247
,130.5632097481641
,179.04138729459925
,203.79190603638
,141.5185780221225
,105.8261496897666
,97.56251809245643
,78.49156373840351
,68.41100988435576
,62.1661807945318
,55.504132519827365
,50.45712625111187
,47.132831455451274
,61.26444900785465
,88.77399784319987
,115.78557539336514
,119.8097217249543
,96.17627370398257
,76.1497528297195
,71.66801126310015
,76.00170731250385
,79.87780812687737
,81.5197674996328
,90.18715959844019
,111.07503620923069
,124.18379382450772
,167.56113036869442
,184.06147619654826
,125.00477351088544
,97.64327019275586
,82.78488373765748
,66.95747207896571
,54.88503308419826
,49.1920100130872
,42.03199045320282
,41.93777966952013
,43.75470192625771
,55.63871935365978
,95.7590545191021
,120.30769301013422
,120.77874692854766
,92.85197890832197
,64.91175220471303
,58.80150994872149
,50.8878041193756
,50.820510702459394
,53.364201861892
,67.7380757151937
,88.43753075861883
,114.49354178857399
,131.49185890160774
,134.19705426163924
,107.77765878033657
,90.45633326610502
,78.23584875412193
,60.30888248764451
,35.033475093917346
,26.231496161277533
,13.930259548994997
,7.322046007823516
,7.658513092404547
,27.752327383583804
,54.11788813135351
,76.27088098016868
,86.997451636612
,61.22407295770492
,50.578254401561054
,51.38577540455553
,28.65405917026098
,7.281669957673785
,5.693545318451314
,17.61793879600311
,37.698294403799125
,64.99250430501249
,86.95707558646228
,115.65098855953273
,100.14658530203876
,86.997451636612
,75.27493840980884
,65.31551270621027
,62.74490418001118
,54.508189949467514
,52.96044136039475
,54.61585941653344
,55.504132519827365
,64.03693778480235
,92.31363157299232
,127.31966705280294
,145.05821175191497
,106.98359646072534
,75.74599232822227
,60.87414718974064
,47.6308027406312
,40.65920474811221
,41.84356888583744
,48.411406376859205
,66.23070317627068
,98.93530379754704
,114.13015733722645
,172.24475218606239
,139.79586654906763
,110.64435834096697
,97.81823307673801
,88.66632837613393
,88.10106367403779
,71.82951546369907
,67.69769966504397
,62.3949784120469
,62.07197001084912
,62.1661807945318
,67.72461703181047
,72.31402806549575
,73.25613590232264
,54.494731266084266
,38.69423697415898
,20.605766507082677
,7.06633102354192
,2.7999283910544364
,4.011209895546159
,29.05781967175821
,61.1836969075552
,88.72016310966688
,93.88829752883154
,97.88552649365421
,68.16875358345743
,49.83802681548278
,33.216552837179776
,17.631397479386344
,-25.732480381417105
,-26.2169929832138
,-26.230451666597048
,-26.311203766896497
,-26.29774508351325
,-26.243910349980297
,-26.230451666597048
,-19.47419260820992
,-20.833519629917276
,-25.65172828111767
,-29.662415929323572
,-41.97711122498937
,-50.038862571550894
,-55.18007962394907
,-55.799179059578165
,-38.114469093999105
,-26.378497183812698
,5.047528516055735
,52.66435032596345
,68.49176198465521
,56.190525372372676
,46.40606255275625
,46.392603869373005
,36.24475659840907
,18.088992714416555
,12.961234345401614
,16.352822557978428
,18.04861666426683
,34.36054092475528
,51.68186643898684
,94.76311194874225
,126.74094366732356
,124.19725250789095
,116.72768323019204
,97.10492285742622
,90.81971771745253
,77.76479483570847
,72.78508198390918
,75.89403784543792
,91.60032135368053
,102.04425965907578
,102.05771834245901
,119.35212648992409
,125.5834968963648
,119.35212648992409
,110.41556072345188
,108.80051871746291
,96.31086053781499
,97.48176599215698
,86.71481928556395
,82.6637555872083
,86.90324085292931
,85.66504198167112
,96.48582342179711
,100.28117213587117
,185.35350980133944
,194.78804685299156
,131.94945413663794
,104.02268611641225
,89.90452724739211
,78.22239007073868
,75.90749652882117
,77.05148461639668
,86.13609590008456
,94.85732273242492
,106.0280299405152
,109.7426265542898
,110.44247809021834
,98.34312172868442
,80.45653151235673
,58.88226204902094
,48.82862556173968
,18.183203498099246
,7.281669957673785
,1.9116552877605102
,-3.794826466733795
,-8.290026716736392
,6.702946572194421
,38.465439356643884
,64.58874380351524
,59.7839938356981
,39.32679509317133
,8.223777794500677
,-3.2833964981706316
,-15.651926527369383
,-21.937131667343067
,-19.75682495925797
,-1.9509868432297424
,35.65257452954645
,66.40566606025281
,77.77825351909172
,88.41061339185234
,64.45415696968283
,43.741243242874475
,34.88542957670169
,18.210120864865722
,-9.218675870180036
,-19.71644890910825
,-18.572460821532744
,-21.600664582762036
,-17.266968533358337
,4.751437481624421
,56.069397221923495
,79.55479972567956
,81.43901539933334
,65.46355822342592
,54.36014443225185
,45.369743932246664
,38.559650140326575
,39.36717114332105
,53.18923897790986
,56.08285590530674
,84.44030179379617
,88.85474994349931
,95.12649640008975
,110.41556072345188
,92.51551182374095
,88.04722894050482
,85.31511621370683
,76.98419119948048
,79.5009649921466
,74.73659107447918
,77.34757565082799
,74.26553715606573
,74.60200424064678
,81.7485651171479
,94.749653265359
,100.10620925188904
,107.57577852958795
,100.92718893826675
,92.09829263886046
,84.00962392553244
,76.87652173241455
,74.45395872343111
,74.40012398989815
,84.10383470921514
,92.32709025637556
,95.13995508347298
,103.65930166506473
,136.2966088694249
,111.12887094276365
,93.43070229380135
,85.43624436415601
,75.28839709319206
,80.33540336190755
,74.52125214034731
,72.4620735827114
,71.60071784618395
,70.88740762687216
,71.80259809693258
,77.13223671669613
,91.22347821894977
,93.49799571071755
,90.83317640083578
,80.1873578446919
,71.97756098091472
,60.954899290040096
,52.96044136039475
,61.102944807255746
,67.45544336414564
,89.47384937912841
,96.25702580428202
,97.61635282598938
,96.75499708946194
,95.09957903332327
,83.08097477208878
,75.47681866055744
,60.65880825560879
,55.0599959681804
,41.130258666525656
,30.740155094663372
,28.398344185979383
,28.398344185979383
,31.30541979675951
,41.57439521817262
,56.998046375367146
,58.61308838135611
,23.095622932982316
,-2.2201605108945586
,-21.762168783360934
,-25.409471980219323
,-30.133469847737032
,-30.792945333515846
,-26.338121133662966
,-6.93069969502902
,60.52422142177636
,73.98290480501765
,63.91580963435318
,50.28216336712974
,38.33085252281147
,-3.808285150117044
,-18.020654802819863
,-26.97067925267531
,-25.624810914351187
,-26.270827716746766
,-26.391955867195946
,-24.69616176090753
,10.417543185969024
,71.50650706250127
,100.03891583497281
,111.10195357599716
,99.66207270024205
,89.4065559622122
,88.81437389334958
,77.4148690677442
,77.64366668525929
,79.7970560265779
,97.27988574140835
,114.439707055041
,112.27285903033916
,118.88107257151063
,154.14282303560287
,121.88235896597345
,110.01180022195463
,102.43456147718976
,97.54905940907318
,90.79280035068605
,85.47662041430574
,82.63683822044183
,80.61803571295563
,80.5103662458897
,86.06880248316835
,116.66038981327583
,169.72797839339626
,167.426543534862
,117.41407608273735
,98.92184511416379
,84.37300837687994
,74.69621502432945
,68.53213803480494
,67.92649728255907
,78.2627661208884
,98.28928699515146
,125.07206692780164
,156.9018531291673
,185.44772058502213
,135.90630705131088
,111.08849489261394
,99.5140271830264
,90.91392850113522
,89.29888649514628
,85.40932699738954
,83.43090054005307
,84.37300837687994
,86.59369113511477
,95.36875270098808
,120.14618880953533
,196.6184277931124
,203.96686892036212
,136.09472861867627
,112.09789614635703
,96.49928210518036
,85.15361201310796
,85.30165753032361
,83.9692478753827
,99.00259721446324
,120.17310617630181
,178.59725074295227
,220.92480998324615
,226.9677588223215
,149.01506466658793
,113.38992975114819
,107.50848511267175
,94.87078141580817
,97.1991336411089
,86.88978216954607
,84.4537604771794
,83.30977238960389
,82.34074718601052
,92.59626392404037
,115.4491083087841
,197.81625061422085
,201.1943801434144
,122.98597100339924
,105.65118680578443
,88.26256787463667
,82.27345376909432
,78.4242703214873
,79.51442367552984
,95.12649640008975
,111.94985062914137
,150.40130905506177
,180.60259456705523
,146.36370404008937
,113.2284255505493
,101.38478417329695
,94.96499219949085
,85.045942546042
,87.45504687164221
,82.42149928630997
,79.98547759394329
,84.09037602583189
,86.75519533571367
,94.99190956625733
,118.43693601986368
,159.41862692183344
,175.4748361980403
,128.88087432525893
,108.42367558273216
,92.12521000562694
,84.7767688783772
,79.2721673746315
,83.16172687238824
,97.30680310817483
,125.38161664561619
,136.135104668826
,136.80803883798805
,139.5266928814028
,134.2778063619387
,123.56469438887862
,120.53649062764933
,106.0280299405152
,114.37241363812481
,106.99705514410857
,104.29185978407708
,102.87869802883672
,105.09938078707155
,110.99428410893123
,121.68047871522484
,135.63713338364605
,141.3570738215236
,125.82575319726317
,101.4924536403629
,89.42001464559543
,79.97201891056004
,77.4821624846604
,79.94510154379357
,88.84129126011607
,109.01585765159476
,140.03812284996596
,161.4912641628526
,135.75826153409523
,114.52045915534046
,96.45890605503064
,92.67701602433982
,84.19804549289782
,90.86009376760225
,79.97201891056004
,68.81477038585302
2039-10-27 02:00:00+01:00,68.31679910067308
2039-10-27 03:00:00+01:00,66.526794210702
2039-10-27 04:00:00+01:00,66.33837264333661
2039-10-27 05:00:00+01:00,79.93164286041032
2039-10-27 06:00:00+01:00,84.26533890981402
2039-10-27 07:00:00+01:00,93.16152862613652
2039-10-27 08:00:00+01:00,80.20081652807515
2039-10-27 09:00:00+01:00,69.5011632383983
2039-10-27 10:00:00+01:00,40.3631137136809
2039-10-27 11:00:00+01:00,15.504925504834226
2039-10-27 12:00:00+01:00,9.273555098393501
2039-10-27 13:00:00+01:00,9.01784011411192
2039-10-27 14:00:00+01:00,31.386171897058965
2039-10-27 15:00:00+01:00,96.17627370398257
2039-10-27 16:00:00+01:00,126.4583113162755
2039-10-27 17:00:00+01:00,146.51174955730502
2039-10-27 18:00:00+01:00,159.3513335049172
2039-10-27 19:00:00+01:00,149.29769701763595
2039-10-27 20:00:00+01:00,132.21862780430277
2039-10-27 21:00:00+01:00,124.47988485893903
2039-10-27 22:00:00+01:00,119.25791570624139
2039-10-27 23:00:00+01:00,106.43179044201243
2039-10-28 00:00:00+01:00,101.51937100712937
2039-10-28 01:00:00+01:00,96.49928210518036
2039-10-28 02:00:00+01:00,92.69047470772307
2039-10-28 03:00:00+01:00,88.22219182448696
2039-10-28 04:00:00+01:00,91.99062317179454
2039-10-28 05:00:00+01:00,105.74539758946713
2039-10-28 06:00:00+01:00,134.06246742780684
2039-10-28 07:00:00+01:00,157.5478699315629
2039-10-28 08:00:00+01:00,154.4254553866509
2039-10-28 09:00:00+01:00,129.47305639412156
2039-10-28 10:00:00+01:00,116.92956348094066
2039-10-28 11:00:00+01:00,108.12758454830085
2039-10-28 12:00:00+01:00,111.03466015908096
2039-10-28 13:00:00+01:00,112.51511533123751
2039-10-28 14:00:00+01:00,124.47988485893903
2039-10-28 15:00:00+01:00,135.1929968319991
2039-10-28 16:00:00+01:00,169.25692447498284
2039-10-28 17:00:00+01:00,211.5171902983605
2039-10-28 18:00:00+01:00,215.40674979611723
2039-10-28 19:00:00+01:00,185.00358403337515
2039-10-28 20:00:00+01:00,141.85504510670353
2039-10-28 21:00:00+01:00,130.59012711493057
2039-10-28 22:00:00+01:00,123.71273990609427
2039-10-28 23:00:00+01:00,110.6847343911167
2039-10-29 00:00:00+01:00,114.54737652210693
2039-10-29 01:00:00+01:00,111.03466015908096
2039-10-29 02:00:00+01:00,109.66187445399035
2039-10-29 03:00:00+01:00,108.78706003407966
2039-10-29 04:00:00+01:00,111.38458592704524
2039-10-29 05:00:00+01:00,124.84326931028653
2039-10-29 06:00:00+01:00,139.01526291283963
2039-10-29 07:00:00+01:00,178.77221362693442
2039-10-29 08:00:00+01:00,179.14905676166518
2039-10-29 09:00:00+01:00,151.3972516254216
2039-10-29 10:00:00+01:00,139.63436234846873
2039-10-29 11:00:00+01:00,131.89561940310497
2039-10-29 12:00:00+01:00,124.35875670848985
2039-10-29 13:00:00+01:00,126.10838554831122
2039-10-29 14:00:00+01:00,138.20774190984514
2039-10-29 15:00:00+01:00,162.21803306554764
2039-10-29 16:00:00+01:00,204.0879970708113
2039-10-29 17:00:00+01:00,242.95667468161216
2039-10-29 18:00:00+01:00,195.79744810673466
2039-10-29 19:00:00+01:00,183.79230252888345
2039-10-29 20:00:00+01:00,149.6610814689835
2039-10-29 21:00:00+01:00,132.7569751396324
2039-10-29 22:00:00+01:00,127.05049338513811
2039-10-29 23:00:00+01:00,112.59586743153696
2039-10-30 00:00:00+01:00,119.08295282225926
2039-10-30 01:00:00+01:00,112.42090454755481
2039-10-30 02:00:00+01:00,109.90413075488871
2039-10-30 03:00:00+01:00,109.63495708722388
2039-10-30 04:00:00+01:00,111.08849489261394
2039-10-30 05:00:00+01:00,124.924021410586
2039-10-30 06:00:00+01:00,141.935797207003
2039-10-30 07:00:00+01:00,185.32659243457294
2039-10-30 08:00:00+01:00,184.12876961346447
2039-10-30 09:00:00+01:00,151.1280779577568
2039-10-30 10:00:00+01:00,133.16073564112963
2039-10-30 11:00:00+01:00,126.47176999965873
2039-10-30 12:00:00+01:00,115.57023645923329
2039-10-30 13:00:00+01:00,120.37498642705042
2039-10-30 14:00:00+01:00,140.1861683671816
2039-10-30 15:00:00+01:00,168.61090767258725
2039-10-30 16:00:00+01:00,199.36399920329362
2039-10-30 17:00:00+01:00,195.83782415688438
2039-10-30 18:00:00+01:00,197.72203983053817
2039-10-30 19:00:00+01:00,192.4866119944573
2039-10-30 20:00:00+01:00,154.4658314368006
2039-10-30 21:00:00+01:00,139.79586654906763
2039-10-30 22:00:00+01:00,128.16756410594712
2039-10-30 23:00:00+01:00,116.86227006402444
2039-10-31 00:00:00+01:00,111.51917276087764
2039-10-31 01:00:00+01:00,107.80457614710306
2039-10-31 02:00:00+01:00,103.20170643003453
2039-10-31 03:00:00+01:00,100.67147395398516
2039-10-31 04:00:00+01:00,103.17478906326805
2039-10-31 05:00:00+01:00,108.45059294949863
2039-10-31 06:00:00+01:00,128.50403119052817
2039-10-31 07:00:00+01:00,142.70294215984774
2039-10-31 08:00:00+01:00,140.19962705056486
2039-10-31 09:00:00+01:00,125.42199269576591
2039-10-31 10:00:00+01:00,110.06563495548758
2039-10-31 11:00:00+01:00,105.30126103782018
2039-10-31 12:00:00+01:00,96.88958392329437
2039-10-31 13:00:00+01:00,97.68364624290558
2039-10-31 14:00:00+01:00,104.34569451761004
2039-10-31 15:00:00+01:00,115.46256699216735
2039-10-31 16:00:00+01:00,126.88898918453921
2039-10-31 17:00:00+01:00,143.41625237915952
2039-10-31 18:00:00+01:00,146.43099745700556
2039-10-31 19:00:00+01:00,129.2711761433729
2039-10-31 20:00:00+01:00,114.27820285444213
2039-10-31 21:00:00+01:00,105.70502153931741
2039-10-31 22:00:00+01:00,104.29185978407708
2039-10-31 23:00:00+01:00,90.7120482503866
2039-11-01 00:00:00+01:00,93.578747811017
2039-11-01 01:00:00+01:00,82.16578430202837
2039-11-01 02:00:00+01:00,79.91818417702709
2039-11-01 03:00:00+01:00,75.7190749614558
2039-11-01 04:00:00+01:00,74.66929765756298
2039-11-01 05:00:00+01:00,82.19270166879487
2039-11-01 06:00:00+01:00,95.93401740308423
2039-11-01 07:00:00+01:00,96.86266655652787
2039-11-01 08:00:00+01:00,89.71610568002676
2039-11-01 09:00:00+01:00,68.00724938285853
2039-11-01 10:00:00+01:00,26.95826506397257
2039-11-01 11:00:00+01:00,20.673059923998885
2039-11-01 12:00:00+01:00,13.849507448695547
2039-11-01 13:00:00+01:00,12.988151712168104
2039-11-01 14:00:00+01:00,37.57716625334995
2039-11-01 15:00:00+01:00,80.05277101085949
2039-11-01 16:00:00+01:00,104.34569451761004
2039-11-01 17:00:00+01:00,122.25920210070421
2039-11-01 18:00:00+01:00,128.18102278933037
2039-11-01 19:00:00+01:00,123.4974009719624
2039-11-01 20:00:00+01:00,119.63475884097215
2039-11-01 21:00:00+01:00,106.56637727584486
2039-11-01 22:00:00+01:00,104.34569451761004
2039-11-01 23:00:00+01:00,97.49522467554021
2039-11-02 00:00:00+01:00,99.06989063137945
2039-11-02 01:00:00+01:00,93.56528912763376
2039-11-02 02:00:00+01:00,93.43070229380135
2039-11-02 03:00:00+01:00,90.88701113436873
2039-11-02 04:00:00+01:00,93.39032624365161
2039-11-02 05:00:00+01:00,93.48453702733431
2039-11-02 06:00:00+01:00,104.15727295024465
2039-11-02 07:00:00+01:00,108.0468324480014
2039-11-02 08:00:00+01:00,107.95262166431871
2039-11-02 09:00:00+01:00,102.48839621072274
2039-11-02 10:00:00+01:00,93.45761966056781
2039-11-02 11:00:00+01:00,92.31363157299232
2039-11-02 12:00:00+01:00,87.07820373691145
2039-11-02 13:00:00+01:00,90.88701113436873
2039-11-02 14:00:00+01:00,103.37666931401667
2039-11-02 15:00:00+01:00,124.924021410586
2039-11-02 16:00:00+01:00,146.26949325640666
2039-11-02 17:00:00+01:00,166.20180334698705
2039-11-02 18:00:00+01:00,168.71857713965318
2039-11-02 19:00:00+01:00,153.21417388215923
2039-11-02 20:00:00+01:00,127.79072097121639
2039-11-02 21:00:00+01:00,120.17310617630181
2039-11-02 22:00:00+01:00,117.84475395100105
2039-11-02 23:00:00+01:00,109.21773790234339
2039-11-03 00:00:00+01:00,107.93916298093546
2039-11-03 01:00:00+01:00,106.88938567704264
2039-11-03 02:00:00+01:00,106.90284436042589
2039-11-03 03:00:00+01:00,104.33223583422681
2039-11-03 04:00:00+01:00,102.9998261792859
2039-11-03 05:00:00+01:00,104.27840110069383
2039-11-03 06:00:00+01:00,105.38201313811962
2039-11-03 07:00:00+01:00,106.56637727584486
2039-11-03 08:00:00+01:00,96.47236473841389
2039-11-03 09:00:00+01:00,80.59111834618915
2039-11-03 10:00:00+01:00,51.23772988733988
2039-11-03 11:00:00+01:00,35.42377691203135
2039-11-03 12:00:00+01:00,35.020016410534105
2039-11-03 13:00:00+01:00,34.29324750783908
2039-11-03 14:00:00+01:00,72.24673464857955
2039-11-03 15:00:00+01:00,106.86246831027617
2039-11-03 16:00:00+01:00,129.05583720924105
2039-11-03 17:00:00+01:00,149.12273413365384
2039-11-03 18:00:00+01:00,155.20605902287892
2039-11-03 19:00:00+01:00,142.01654930730245
2039-11-03 20:00:00+01:00,129.553808494421
2039-11-03 21:00:00+01:00,123.12055783723164
2039-11-03 22:00:00+01:00,117.25257188213845
2039-11-03 23:00:00+01:00,109.75608523767303
2039-11-04 00:00:00+01:00,104.68216160219106
2039-11-04 01:00:00+01:00,103.7131363985977
2039-11-04 02:00:00+01:00,103.1613303798848
2039-11-04 03:00:00+01:00,103.8746405991966
2039-11-04 04:00:00+01:00,106.84900962689292
2039-11-04 05:00:00+01:00,111.45187934396145
2039-11-04 06:00:00+01:00,136.80803883798805
2039-11-04 07:00:00+01:00,162.8909672347097
2039-11-04 08:00:00+01:00,158.85336221973733
2039-11-04 09:00:00+01:00,134.19705426163924
2039-11-04 10:00:00+01:00,123.6589051725613
2039-11-04 11:00:00+01:00,113.73985551911247
2039-11-04 12:00:00+01:00,110.5232301905178
2039-11-04 13:00:00+01:00,115.17993464111927
2039-11-04 14:00:00+01:00,128.0868120056477
2039-11-04 15:00:00+01:00,160.30690002512733
2039-11-04 16:00:00+01:00,188.97389563143133
2039-11-04 17:00:00+01:00,189.47186691661125
2039-11-04 18:00:00+01:00,209.17537938967652
2039-11-04 19:00:00+01:00,201.40971907754627
2039-11-04 20:00:00+01:00,156.49809262767008
2039-11-04 21:00:00+01:00,129.553808494421
2039-11-04 22:00:00+01:00,122.73025601911765
2039-11-04 23:00:00+01:00,113.47068185144764
2039-11-05 00:00:00+01:00,112.70353689860289
2039-11-05 01:00:00+01:00,111.45187934396145
2039-11-05 02:00:00+01:00,111.10195357599716
2039-11-05 03:00:00+01:00,109.78300260443953
2039-11-05 04:00:00+01:00,110.10601100563731
2039-11-05 05:00:00+01:00,113.76677288587894
2039-11-05 06:00:00+01:00,143.59121526314166
2039-11-05 07:00:00+01:00,178.34153575867072
2039-11-05 08:00:00+01:00,167.036241716748
2039-11-05 09:00:00+01:00,136.59269990385621
2039-11-05 10:00:00+01:00,118.22159708573182
2039-11-05 11:00:00+01:00,111.42496197719495
2039-11-05 12:00:00+01:00,108.7332253005467
2039-11-05 13:00:00+01:00,110.28097388961945
2039-11-05 14:00:00+01:00,123.01288837016571
2039-11-05 15:00:00+01:00,168.7858705565694
2039-11-05 16:00:00+01:00,235.09680358579925
2039-11-05 17:00:00+01:00,227.8694906089987
2039-11-05 18:00:00+01:00,238.12500734702854
2039-11-05 19:00:00+01:00,232.82228609403145
2039-11-05 20:00:00+01:00,193.92669111646416
2039-11-05 21:00:00+01:00,151.46454504233782
2039-11-05 22:00:00+01:00,130.91313551612836
2039-11-05 23:00:00+01:00,122.99942968678246
2039-11-06 00:00:00+01:00,123.72619858947752
2039-11-06 01:00:00+01:00,119.13678755579224
2039-11-06 02:00:00+01:00,117.73708448393512
2039-11-06 03:00:00+01:00,117.81783658423458
2039-11-06 04:00:00+01:00,119.24445702285817
2039-11-06 05:00:00+01:00,133.84712849367497
2039-11-06 06:00:00+01:00,164.5867613409981
2039-11-06 07:00:00+01:00,181.4639503035827
2039-11-06 08:00:00+01:00,201.0867106763485
2039-11-06 09:00:00+01:00,178.27424234175447
2039-11-06 10:00:00+01:00,157.26523758051485
2039-11-06 11:00:00+01:00,148.77280836568957
2039-11-06 12:00:00+01:00,139.95737074966652
2039-11-06 13:00:00+01:00,147.3192705602995
2039-11-06 14:00:00+01:00,164.27721162318358
2039-11-06 15:00:00+01:00,170.3605365124086
2039-11-06 16:00:00+01:00,182.150343156128
2039-11-06 17:00:00+01:00,197.2779032788912
2039-11-06 18:00:00+01:00,201.12708672649825
2039-11-06 19:00:00+01:00,198.50264346676616
2039-11-06 20:00:00+01:00,168.67820108950343
2039-11-06 21:00:00+01:00,159.52629638889937
2039-11-06 22:00:00+01:00,138.96142817930667
2039-11-06 23:00:00+01:00,127.13124548543756
2039-11-07 00:00:00+01:00,115.08572385743659
2039-11-07 01:00:00+01:00,111.07503620923069
2039-11-07 02:00:00+01:00,108.78706003407966
2039-11-07 03:00:00+01:00,109.45999420324173
2039-11-07 04:00:00+01:00,109.29849000264284
2039-11-07 05:00:00+01:00,118.5446054869296
2039-11-07 06:00:00+01:00,150.61664798919364
2039-11-07 07:00:00+01:00,168.40902742183863
2039-11-07 08:00:00+01:00,172.05633061869702
2039-11-07 09:00:00+01:00,159.45900297198315
2039-11-07 10:00:00+01:00,144.7352033507172
2039-11-07 11:00:00+01:00,135.5832986501131
2039-11-07 12:00:00+01:00,130.25366003034952
2039-11-07 13:00:00+01:00,134.52006266283703
2039-11-07 14:00:00+01:00,150.06484197048076
2039-11-07 15:00:00+01:00,160.7779539435408
2039-11-07 16:00:00+01:00,182.87711205882303
2039-11-07 17:00:00+01:00,189.12194114864695
2039-11-07 18:00:00+01:00,196.47038227589672
2039-11-07 19:00:00+01:00,186.71283682304679
2039-11-07 20:00:00+01:00,163.71194692108742
2039-11-07 21:00:00+01:00,132.17825175415305
2039-11-07 22:00:00+01:00,121.74777213214105
2039-11-07 23:00:00+01:00,114.17053338737618
2039-11-08 00:00:00+01:00,113.73985551911247
2039-11-08 01:00:00+01:00,111.53263144426089
2039-11-08 02:00:00+01:00,110.88661464186531
2039-11-08 03:00:00+01:00,110.09255232225406
2039-11-08 04:00:00+01:00,111.0481188424642
2039-11-08 05:00:00+01:00,115.1530172743528
2039-11-08 06:00:00+01:00,134.56043871298675
2039-11-08 07:00:00+01:00,169.67414365986332
2039-11-08 08:00:00+01:00,172.6754300543261
2039-11-08 09:00:00+01:00,145.20625726913062
2039-11-08 10:00:00+01:00,128.22139883948012
2039-11-08 11:00:00+01:00,119.90393250863698
2039-11-08 12:00:00+01:00,114.03594655354377
2039-11-08 13:00:00+01:00,113.82060761941192
2039-11-08 14:00:00+01:00,117.66979106701893
2039-11-08 15:00:00+01:00,130.4017055475652
2039-11-08 16:00:00+01:00,152.36627682901496
2039-11-08 17:00:00+01:00,169.13579632453366
2039-11-08 18:00:00+01:00,162.2987851658471
2039-11-08 19:00:00+01:00,142.6221900595483
2039-11-08 20:00:00+01:00,127.65613413738397
2039-11-08 21:00:00+01:00,117.03723294800659
2039-11-08 22:00:00+01:00,115.16647595773605
2039-11-08 23:00:00+01:00,109.72916787090655
2039-11-09 00:00:00+01:00,121.03446191282924
2039-11-09 01:00:00+01:00,118.26197313588153
2039-11-09 02:00:00+01:00,115.28760410818522
2039-11-09 03:00:00+01:00,112.42090454755481
2039-11-09 04:00:00+01:00,111.9902266792911
2039-11-09 05:00:00+01:00,112.43436323093806
2039-11-09 06:00:00+01:00,116.72768323019204
2039-11-09 07:00:00+01:00,119.76934567480458
2039-11-09 08:00:00+01:00,121.26325953034436
2039-11-09 09:00:00+01:00,120.79220561193091
2039-11-09 10:00:00+01:00,116.80843533049148
2039-11-09 11:00:00+01:00,114.0090291867773
2039-11-09 12:00:00+01:00,109.6753331373736
2039-11-09 13:00:00+01:00,109.47345288662497
2039-11-09 14:00:00+01:00,117.36024134920437
2039-11-09 15:00:00+01:00,135.11224473169963
2039-11-09 16:00:00+01:00,155.58290215760968
2039-11-09 17:00:00+01:00,182.13688447274473
2039-11-09 18:00:00+01:00,184.53253011496167
2039-11-09 19:00:00+01:00,166.49789438141835
2039-11-09 20:00:00+01:00,145.66385250416084
2039-11-09 21:00:00+01:00,132.50126015535085
2039-11-09 22:00:00+01:00,128.67899407451029
2039-11-09 23:00:00+01:00,120.57686667779905
2039-11-10 00:00:00+01:00,119.28483307300789
2039-11-10 01:00:00+01:00,116.5527203462099
2039-11-10 02:00:00+01:00,115.13955859096956
2039-11-10 03:00:00+01:00,115.4491083087841
2039-11-10 04:00:00+01:00,114.439707055041
2039-11-10 05:00:00+01:00,115.19339332450252
2039-11-10 06:00:00+01:00,117.89858868453403
2039-11-10 07:00:00+01:00,120.38844511043366
2039-11-10 08:00:00+01:00,123.08018178708193
2039-11-10 09:00:00+01:00,122.46108235145283
2039-11-10 10:00:00+01:00,119.24445702285817
2039-11-10 11:00:00+01:00,119.23099833947492
2039-11-10 12:00:00+01:00,117.68324975040215
2039-11-10 13:00:00+01:00,116.79497664710823
2039-11-10 14:00:00+01:00,117.60249765010272
2039-11-10 15:00:00+01:00,132.55509488888381
2039-11-10 16:00:00+01:00,144.69482730056745
2039-11-10 17:00:00+01:00,171.45068986645114
2039-11-10 18:00:00+01:00,166.8074440992329
2039-11-10 19:00:00+01:00,152.50086366284742
2039-11-10 20:00:00+01:00,144.92362491808257
2039-11-10 21:00:00+01:00,132.4608841052011
2039-11-10 22:00:00+01:00,131.55915231852396
2039-11-10 23:00:00+01:00,121.8958176493567
2039-11-11 00:00:00+01:00,115.07226517405334
2039-11-11 01:00:00+01:00,112.40744586417159
2039-11-11 02:00:00+01:00,110.60398229081724
2039-11-11 03:00:00+01:00,108.42367558273216
2039-11-11 04:00:00+01:00,109.3792421029423
2039-11-11 05:00:00+01:00,115.36835620848466
2039-11-11 06:00:00+01:00,136.7272867376886
2039-11-11 07:00:00+01:00,159.91659820701335
2039-11-11 08:00:00+01:00,166.29601413066973
2039-11-11 09:00:00+01:00,154.53312485371686
2039-11-11 10:00:00+01:00,143.65850868005788
2039-11-11 11:00:00+01:00,139.99774679981624
2039-11-11 12:00:00+01:00,132.5147188387341
2039-11-11 13:00:00+01:00,133.7529177099923
2039-11-11 14:00:00+01:00,139.28443658050446
2039-11-11 15:00:00+01:00,152.756578647129
2039-11-11 16:00:00+01:00,161.74697914713417
2039-11-11 17:00:00+01:00,177.22446503786165
2039-11-11 18:00:00+01:00,177.45326265537676
2039-11-11 19:00:00+01:00,159.06870115386917
2039-11-11 20:00:00+01:00,139.2709778971212
2039-11-11 21:00:00+01:00,131.97637150340444
2039-11-11 22:00:00+01:00,127.56192335370127
2039-11-11 23:00:00+01:00,119.16370492255871
2039-11-12 00:00:00+01:00,118.85415520474416
2039-11-12 01:00:00+01:00,115.32798015833492
2039-11-12 02:00:00+01:00,113.69947946896275
2039-11-12 03:00:00+01:00,113.10729740010012
2039-11-12 04:00:00+01:00,116.91610479755741
2039-11-12 05:00:00+01:00,122.64950391881821
2039-11-12 06:00:00+01:00,157.58824598171265
2039-11-12 07:00:00+01:00,196.80684936047777
2039-11-12 08:00:00+01:00,214.30313775869146
2039-11-12 09:00:00+01:00,186.389828421849
2039-11-12 10:00:00+01:00,167.0631590835145
2039-11-12 11:00:00+01:00,163.64465350417123
2039-11-12 12:00:00+01:00,155.77132372497505
2039-11-12 13:00:00+01:00,160.76449526015756
2039-11-12 14:00:00+01:00,169.57993287618064
2039-11-12 15:00:00+01:00,187.91065964415526
2039-11-12 16:00:00+01:00,196.76647331032802
2039-11-12 17:00:00+01:00,190.31976396975546
2039-11-12 18:00:00+01:00,187.1435146913105
2039-11-12 19:00:00+01:00,189.05464773173077
2039-11-12 20:00:00+01:00,169.43188735896496
2039-11-12 21:00:00+01:00,148.2613783971264
2039-11-12 22:00:00+01:00,141.00714805355935
2039-11-12 23:00:00+01:00,131.57261100190718
2039-11-13 00:00:00+01:00,126.99665865160514
2039-11-13 01:00:00+01:00,123.2686033544473
2039-11-13 02:00:00+01:00,120.8864163956136
2039-11-13 03:00:00+01:00,120.52303194426608
2039-11-13 04:00:00+01:00,122.20536736717123
2039-11-13 05:00:00+01:00,135.04495131478345
2039-11-13 06:00:00+01:00,162.3391612159968
2039-11-13 07:00:00+01:00,206.8335684809925
2039-11-13 08:00:00+01:00,214.85494377740434
2039-11-13 09:00:00+01:00,197.11639907829232
2039-11-13 10:00:00+01:00,195.21872472125528
2039-11-13 11:00:00+01:00,195.50135707230336
2039-11-13 12:00:00+01:00,180.15845801540826
2039-11-13 13:00:00+01:00,178.69146152663495
2039-11-13 14:00:00+01:00,184.10185224669797
2039-11-13 15:00:00+01:00,194.35736898472786
2039-11-13 16:00:00+01:00,219.76736321228742
2039-11-13 17:00:00+01:00,229.53836734852058
2039-11-13 18:00:00+01:00,232.60694715989962
2039-11-13 19:00:00+01:00,192.1232275431098
2039-11-13 20:00:00+01:00,163.36202115312312
2039-11-13 21:00:00+01:00,140.2130857339481
2039-11-13 22:00:00+01:00,132.95885539038105
2039-11-13 23:00:00+01:00,122.33995420100365
2039-11-14 00:00:00+01:00,129.8768168956188
2039-11-14 01:00:00+01:00,125.55657952959834
2039-11-14 02:00:00+01:00,123.12055783723164
2039-11-14 03:00:00+01:00,122.15153263363828
2039-11-14 04:00:00+01:00,121.74777213214105
2039-11-14 05:00:00+01:00,135.3275836658315
2039-11-14 06:00:00+01:00,147.58844422796435
2039-11-14 07:00:00+01:00,159.51283770551612
2039-11-14 08:00:00+01:00,168.31481663815595
2039-11-14 09:00:00+01:00,164.3983397736327
2039-11-14 10:00:00+01:00,148.8266430992225
2039-11-14 11:00:00+01:00,145.9868609053586
2039-11-14 12:00:00+01:00,142.37993375864994
2039-11-14 13:00:00+01:00,143.25474817856062
2039-11-14 14:00:00+01:00,150.1455940707802
2039-11-14 15:00:00+01:00,163.8599924383031
2039-11-14 16:00:00+01:00,183.2539551935538
2039-11-14 17:00:00+01:00,194.00744321676353
2039-11-14 18:00:00+01:00,191.9617233425109
2039-11-14 19:00:00+01:00,180.95252033501953
2039-11-14 20:00:00+01:00,151.43762767557132
2039-11-14 21:00:00+01:00,141.8146690565538
2039-11-14 22:00:00+01:00,138.20774190984514
2039-11-14 23:00:00+01:00,128.18102278933037
2039-11-15 00:00:00+01:00,123.90116147345964
2039-11-15 01:00:00+01:00,122.13807395025503
2039-11-15 02:00:00+01:00,120.18656485968503
2039-11-15 03:00:00+01:00,117.9927994682167
2039-11-15 04:00:00+01:00,119.27137438962464
2039-11-15 05:00:00+01:00,126.80823708423975
2039-11-15 06:00:00+01:00,139.19022579682175
2039-11-15 07:00:00+01:00,164.1560834727344
2039-11-15 08:00:00+01:00,175.25949726390846
2039-11-15 09:00:00+01:00,159.68780058949824
2039-11-15 10:00:00+01:00,148.14025024667723
2039-11-15 11:00:00+01:00,142.3664750752667
2039-11-15 12:00:00+01:00,139.02872159622285
2039-11-15 13:00:00+01:00,139.12293237990556
2039-11-15 14:00:00+01:00,143.45662842930926
2039-11-15 15:00:00+01:00,156.44425789413708
2039-11-15 16:00:00+01:00,166.60556384848428
2039-11-15 17:00:00+01:00,171.88136773471484
2039-11-15 18:00:00+01:00,161.84118993081688
2039-11-15 19:00:00+01:00,158.14005200042553
2039-11-15 20:00:00+01:00,151.04732585745734
2039-11-15 21:00:00+01:00,143.34895896224333
2039-11-15 22:00:00+01:00,138.46345689412675
2039-11-15 23:00:00+01:00,129.64801927810367
2039-11-16 00:00:00+01:00,128.39636172346223
2039-11-16 01:00:00+01:00,122.46108235145283
2039-11-16 02:00:00+01:00,119.10987018902574
2039-11-16 03:00:00+01:00,117.68324975040215
2039-11-16 04:00:00+01:00,117.33332398243789
2039-11-16 05:00:00+01:00,118.73302705429498
2039-11-16 06:00:00+01:00,136.76766278783833
2039-11-16 07:00:00+01:00,136.75420410445508
2039-11-16 08:00:00+01:00,136.74074542107184
2039-11-16 09:00:00+01:00,138.40962216059376
2039-11-16 10:00:00+01:00,128.2886922563963
2039-11-16 11:00:00+01:00,117.95242341806699
2039-11-16 12:00:00+01:00,114.08978128707675
2039-11-16 13:00:00+01:00,116.391216145611
2039-11-16 14:00:00+01:00,130.64396184846353
2039-11-16 15:00:00+01:00,141.82812773993706
2039-11-16 16:00:00+01:00,143.03940924442878
2039-11-16 17:00:00+01:00,149.2169449173365
2039-11-16 18:00:00+01:00,153.26800861569217
2039-11-16 19:00:00+01:00,149.51303595176785
2039-11-16 20:00:00+01:00,148.6247628484739
2039-11-16 21:00:00+01:00,140.8321851695772
2039-11-16 22:00:00+01:00,131.90907808648822
2039-11-16 23:00:00+01:00,125.8795879307961
2039-11-17 00:00:00+01:00,130.98042893304458
2039-11-17 01:00:00+01:00,129.2577174599897
2039-11-17 02:00:00+01:00,125.90650529756259
2039-11-17 03:00:00+01:00,122.94559495324953
2039-11-17 04:00:00+01:00,122.60912786866848
2039-11-17 05:00:00+01:00,124.33183934172337
2039-11-17 06:00:00+01:00,129.74223006178636
2039-11-17 07:00:00+01:00,130.68433789861325
2039-11-17 08:00:00+01:00,129.80952347870257
2039-11-17 09:00:00+01:00,130.71125526537975
2039-11-17 10:00:00+01:00,127.60229940385099
2039-11-17 11:00:00+01:00,125.91996398094584
2039-11-17 12:00:00+01:00,124.3452980251066
2039-11-17 13:00:00+01:00,122.8783015363333
2039-11-17 14:00:00+01:00,125.85267056402964
2039-11-17 15:00:00+01:00,139.58052761493576
2039-11-17 16:00:00+01:00,151.24920610820595
2039-11-17 17:00:00+01:00,154.0620709353034
2039-11-17 18:00:00+01:00,150.58973062242714
2039-11-17 19:00:00+01:00,150.7377761396428
2039-11-17 20:00:00+01:00,145.74460460446028
2039-11-17 21:00:00+01:00,140.65722228559508
2039-11-17 22:00:00+01:00,137.79052272496466
2039-11-17 23:00:00+01:00,132.99923144053076
2039-11-18 00:00:00+01:00,126.95628260145541
2039-11-18 01:00:00+01:00,125.28740586193351
2039-11-18 02:00:00+01:00,123.08018178708193
2039-11-18 03:00:00+01:00,124.30492197495687
2039-11-18 04:00:00+01:00,126.80823708423975
2039-11-18 05:00:00+01:00,135.36795971598121
2039-11-18 06:00:00+01:00,150.57627193904392
2039-11-18 07:00:00+01:00,175.63634039863922
2039-11-18 08:00:00+01:00,180.4949250999893
2039-11-18 09:00:00+01:00,162.25840911569736
2039-11-18 10:00:00+01:00,154.08898830206988
2039-11-18 11:00:00+01:00,149.12273413365384
2039-11-18 12:00:00+01:00,145.15242253559768
2039-11-18 13:00:00+01:00,150.57627193904392
2039-11-18 14:00:00+01:00,162.00269413141575
2039-11-18 15:00:00+01:00,179.6739454136116
2039-11-18 16:00:00+01:00,169.72797839339626
2039-11-18 17:00:00+01:00,196.87414277739398
2039-11-18 18:00:00+01:00,218.2869080401309
2039-11-18 19:00:00+01:00,205.66266302665056
2039-11-18 20:00:00+01:00,156.09433212617284
2039-11-18 21:00:00+01:00,155.25989375641188
2039-11-18 22:00:00+01:00,153.3218433492251
2039-11-18 23:00:00+01:00,145.73114592107703
2039-11-19 00:00:00+01:00,134.82961238065158
2039-11-19 01:00:00+01:00,130.4286229143317
2039-11-19 02:00:00+01:00,127.26583231926998
2039-11-19 03:00:00+01:00,124.85672799366978
2039-11-19 04:00:00+01:00,127.8983904382823
2039-11-19 05:00:00+01:00,135.40833576613096
2039-11-19 06:00:00+01:00,159.1090772040189
2039-11-19 07:00:00+01:00,177.69551895627512
2039-11-19 08:00:00+01:00,180.95252033501953
2039-11-19 09:00:00+01:00,175.8247619660046
2039-11-19 10:00:00+01:00,161.67968573021798
2039-11-19 11:00:00+01:00,158.23426278410818
2039-11-19 12:00:00+01:00,156.26929501015496
2039-11-19 13:00:00+01:00,161.47780547946934
2039-11-19 14:00:00+01:00,162.21803306554764
2039-11-19 15:00:00+01:00,182.2445539398107
2039-11-19 16:00:00+01:00,182.36568209025987
2039-11-19 17:00:00+01:00,184.86899719954272
2039-11-19 18:00:00+01:00,169.44534604234818
2039-11-19 19:00:00+01:00,159.74163532303123
2039-11-19 20:00:00+01:00,153.4429714996743
2039-11-19 21:00:00+01:00,136.83495620475452
2039-11-19 22:00:00+01:00,136.135104668826
2039-11-19 23:00:00+01:00,131.65336310220664
2039-11-20 00:00:00+01:00,131.2226852339429
2039-11-20 01:00:00+01:00,127.03703470175486
2039-11-20 02:00:00+01:00,122.98597100339924
2039-11-20 03:00:00+01:00,121.85544159920697
2039-11-20 04:00:00+01:00,118.7734031044447
2039-11-20 05:00:00+01:00,125.85267056402964
2039-11-20 06:00:00+01:00,139.5266928814028
2039-11-20 07:00:00+01:00,158.2073454173417
2039-11-20 08:00:00+01:00,169.00120949070123
2039-11-20 09:00:00+01:00,158.166969367192
2039-11-20 10:00:00+01:00,157.0902746965327
2039-11-20 11:00:00+01:00,154.82921588814816
2039-11-20 12:00:00+01:00,150.7108587728763
2039-11-20 13:00:00+01:00,151.38379294203838
2039-11-20 14:00:00+01:00,156.3769644772209
2039-11-20 15:00:00+01:00,166.43060096450216
2039-11-20 16:00:00+01:00,165.55578654459146
2039-11-20 17:00:00+01:00,171.9890372017808
2039-11-20 18:00:00+01:00,169.62030892633035
2039-11-20 19:00:00+01:00,158.5168951351563
2039-11-20 20:00:00+01:00,150.72431745625954
2039-11-20 21:00:00+01:00,138.49037426089322
2039-11-20 22:00:00+01:00,136.83495620475452
2039-11-20 23:00:00+01:00,132.67622303933297
2039-11-21 00:00:00+01:00,124.77597589337034
2039-11-21 01:00:00+01:00,123.08018178708193
2039-11-21 02:00:00+01:00,125.82575319726317
2039-11-21 03:00:00+01:00,124.81635194352006
2039-11-21 04:00:00+01:00,124.66830642630441
2039-11-21 05:00:00+01:00,132.93193802361458
2039-11-21 06:00:00+01:00,151.27612347497245
2039-11-21 07:00:00+01:00,159.84930479009716
2039-11-21 08:00:00+01:00,161.89502466434982
2039-11-21 09:00:00+01:00,154.08898830206988
2039-11-21 10:00:00+01:00,150.57627193904392
2039-11-21 11:00:00+01:00,153.95440146823745
2039-11-21 12:00:00+01:00,152.50086366284742
2039-11-21 13:00:00+01:00,158.5168951351563
2039-11-21 14:00:00+01:00,168.97429212393473
2039-11-21 15:00:00+01:00,175.54212961495648
2039-11-21 16:00:00+01:00,181.9888389555291
2039-11-21 17:00:00+01:00,206.36251456257907
2039-11-21 18:00:00+01:00,192.31164911047517
2039-11-21 19:00:00+01:00,175.0172409630101
2039-11-21 20:00:00+01:00,160.48186290910948
2039-11-21 21:00:00+01:00,146.67325375790392
2039-11-21 22:00:00+01:00,139.24406053035472
2039-11-21 23:00:00+01:00,128.382903040079
2039-11-22 00:00:00+01:00,129.02891984247458
2039-11-22 01:00:00+01:00,127.15816285220404
2039-11-22 02:00:00+01:00,125.81229451387992
2039-11-22 03:00:00+01:00,125.82575319726317
2039-11-22 04:00:00+01:00,126.28334843229334
2039-11-22 05:00:00+01:00,132.58201225565028
2039-11-22 06:00:00+01:00,149.36499043455217
2039-11-22 07:00:00+01:00,163.30818641959019
2039-11-22 08:00:00+01:00,168.42248610522188
2039-11-22 09:00:00+01:00,166.0268404630049
2039-11-22 10:00:00+01:00,151.4510863589546
2039-11-22 11:00:00+01:00,149.2169449173365
2039-11-22 12:00:00+01:00,142.81061162691367
2039-11-22 13:00:00+01:00,146.02723695550836
2039-11-22 14:00:00+01:00,150.77815218979254
2039-11-22 15:00:00+01:00,156.6326794615025
2039-11-22 16:00:00+01:00,169.70106102662982
2039-11-22 17:00:00+01:00,164.4252571403992
2039-11-22 18:00:00+01:00,158.94757300342
2039-11-22 19:00:00+01:00,158.23426278410818
2039-11-22 20:00:00+01:00,154.93688535521406
2039-11-22 21:00:00+01:00,154.34470328635143
2039-11-22 22:00:00+01:00,148.70551494877333
2039-11-22 23:00:00+01:00,139.19022579682175
2039-11-23 00:00:00+01:00,146.61941902437098
2039-11-23 01:00:00+01:00,140.8994785864934
2039-11-23 02:00:00+01:00,135.59675733349633
2039-11-23 03:00:00+01:00,134.82961238065158
2039-11-23 04:00:00+01:00,133.02614880729726
2039-11-23 05:00:00+01:00,138.50383294427647
2039-11-23 06:00:00+01:00,152.79695469727875
2039-11-23 07:00:00+01:00,154.64079432078276
2039-11-23 08:00:00+01:00,155.55598479084318
2039-11-23 09:00:00+01:00,154.34470328635143
2039-11-23 10:00:00+01:00,150.21288748769638
2039-11-23 11:00:00+01:00,139.79586654906763
2039-11-23 12:00:00+01:00,134.72194291358565
2039-11-23 13:00:00+01:00,135.24683156553206
2039-11-23 14:00:00+01:00,145.95994353859214
2039-11-23 15:00:00+01:00,161.32975996225366
2039-11-23 16:00:00+01:00,167.93797350342518
2039-11-23 17:00:00+01:00,167.9245148200419
2039-11-23 18:00:00+01:00,164.43871582378242
2039-11-23 19:00:00+01:00,161.1951731284213
2039-11-23 20:00:00+01:00,149.9975485535645
2039-11-23 21:00:00+01:00,145.9464848552089
2039-11-23 22:00:00+01:00,148.0998741965275
2039-11-23 23:00:00+01:00,135.24683156553206
2039-11-24 00:00:00+01:00,135.01803394801698
2039-11-24 01:00:00+01:00,136.63307595400593
2039-11-24 02:00:00+01:00,135.86593100116116
2039-11-24 03:00:00+01:00,133.90096322720794
2039-11-24 04:00:00+01:00,134.42585187915435
2039-11-24 05:00:00+01:00,136.44465438664054
2039-11-24 06:00:00+01:00,139.76894918230113
2039-11-24 07:00:00+01:00,142.08384272421864
2039-11-24 08:00:00+01:00,144.56024046673505
2039-11-24 09:00:00+01:00,141.49166065535604
2039-11-24 10:00:00+01:00,136.61961727062268
2039-11-24 11:00:00+01:00,136.05435256852655
2039-11-24 12:00:00+01:00,135.26029024891528
2039-11-24 13:00:00+01:00,133.8875045438247
2039-11-24 14:00:00+01:00,135.31412498244828
2039-11-24 15:00:00+01:00,137.23871670625175
2039-11-24 16:00:00+01:00,151.78755344353561
2039-11-24 17:00:00+01:00,152.78349601389544
2039-11-24 18:00:00+01:00,158.6380232856054
2039-11-24 19:00:00+01:00,158.0996759502758
2039-11-24 20:00:00+01:00,150.42822642182824
2039-11-24 21:00:00+01:00,143.36241764562658
2039-11-24 22:00:00+01:00,141.4782019719728
2039-11-24 23:00:00+01:00,136.68691068753887
2039-11-25 00:00:00+01:00,137.75014667481494
2039-11-25 01:00:00+01:00,130.80546604906243
2039-11-25 02:00:00+01:00,127.70996887091692
2039-11-25 03:00:00+01:00,133.87404586044144
2039-11-25 04:00:00+01:00,134.2508889951722
2039-11-25 05:00:00+01:00,142.01654930730245
2039-11-25 06:00:00+01:00,155.85207582527448
2039-11-25 07:00:00+01:00,160.8048713103073
2039-11-25 08:00:00+01:00,160.30690002512733
2039-11-25 09:00:00+01:00,157.44020046449697
2039-11-25 10:00:00+01:00,153.94094278485423
2039-11-25 11:00:00+01:00,153.13342178185977
2039-11-25 12:00:00+01:00,151.49146240910432
2039-11-25 13:00:00+01:00,152.32590077886525
2039-11-25 14:00:00+01:00,153.94094278485423
2039-11-25 15:00:00+01:00,157.4536591478802
2039-11-25 16:00:00+01:00,161.73352046375095
2039-11-25 17:00:00+01:00,162.6890869839611
2039-11-25 18:00:00+01:00,165.21931946001044
2039-11-25 19:00:00+01:00,159.87622215686363
2039-11-25 20:00:00+01:00,156.78072497871813
2039-11-25 21:00:00+01:00,152.33935946224852
2039-11-25 22:00:00+01:00,149.47265990161813
2039-11-25 23:00:00+01:00,140.67068096897833
2039-11-26 00:00:00+01:00,139.17676711343853
2039-11-26 01:00:00+01:00,136.25623281927517
2039-11-26 02:00:00+01:00,131.061181033344
2039-11-26 03:00:00+01:00,128.18102278933037
2039-11-26 04:00:00+01:00,128.58478329082763
2039-11-26 05:00:00+01:00,137.75014667481494
2039-11-26 06:00:00+01:00,158.03238253335957
2039-11-26 07:00:00+01:00,167.10353513366422
2039-11-26 08:00:00+01:00,168.7320358230364
2039-11-26 09:00:00+01:00,157.85741964937745
2039-11-26 10:00:00+01:00,153.4160541329078
2039-11-26 11:00:00+01:00,151.78755344353561
2039-11-26 12:00:00+01:00,147.48077476089838
2039-11-26 13:00:00+01:00,153.4160541329078
2039-11-26 14:00:00+01:00,155.35410454009454
2039-11-26 15:00:00+01:00,161.74697914713417
2039-11-26 16:00:00+01:00,168.7320358230364
2039-11-26 17:00:00+01:00,183.6980917452007
2039-11-26 18:00:00+01:00,192.190520960026
2039-11-26 19:00:00+01:00,186.4571218387652
2039-11-26 20:00:00+01:00,167.10353513366422
2039-11-26 21:00:00+01:00,153.80635595102183
2039-11-26 22:00:00+01:00,150.15905275416344
2039-11-26 23:00:00+01:00,139.55361024816926
2039-11-27 00:00:00+01:00,127.03703470175486
2039-11-27 01:00:00+01:00,121.80160686567399
2039-11-27 02:00:00+01:00,119.8097217249543
2039-11-27 03:00:00+01:00,115.13955859096956
2039-11-27 04:00:00+01:00,121.88235896597345
2039-11-27 05:00:00+01:00,145.77152197122675
2039-11-27 06:00:00+01:00,178.81258967708413
2039-11-27 07:00:00+01:00,226.8600893552556
2039-11-27 08:00:00+01:00,243.2931417661932
2039-11-27 09:00:00+01:00,201.85385562919325
2039-11-27 10:00:00+01:00,195.51481575568658
2039-11-27 11:00:00+01:00,184.94974929984215
2039-11-27 12:00:00+01:00,162.9986367017756
2039-11-27 13:00:00+01:00,159.90313952363013
2039-11-27 14:00:00+01:00,159.8627634734804
2039-11-27 15:00:00+01:00,158.15351068380875
2039-11-27 16:00:00+01:00,161.80081388066714
2039-11-27 17:00:00+01:00,160.91254077737324
2039-11-27 18:00:00+01:00,173.227236073039
2039-11-27 19:00:00+01:00,162.9582606516259
2039-11-27 20:00:00+01:00,160.61644974294194
2039-11-27 21:00:00+01:00,150.13213538739694
2039-11-27 22:00:00+01:00,138.82684134547424
2039-11-27 23:00:00+01:00,130.06523846298415
2039-11-28 00:00:00+01:00,136.70036937092212
2039-11-28 01:00:00+01:00,136.12164598544274
2039-11-28 02:00:00+01:00,136.4984891201735
2039-11-28 03:00:00+01:00,136.6599933207724
2039-11-28 04:00:00+01:00,136.0678112519098
2039-11-28 05:00:00+01:00,136.67345200415562
2039-11-28 06:00:00+01:00,158.2073454173417
2039-11-28 07:00:00+01:00,159.59358980581555
2039-11-28 08:00:00+01:00,152.05672711120044
2039-11-28 09:00:00+01:00,150.57627193904392
2039-11-28 10:00:00+01:00,153.24109124892567
2039-11-28 11:00:00+01:00,159.48592033874965
2039-11-28 12:00:00+01:00,157.53441124817965
2039-11-28 13:00:00+01:00,159.16291193755185
2039-11-28 14:00:00+01:00,155.39448059024426
2039-11-28 15:00:00+01:00,154.8157572047649
2039-11-28 16:00:00+01:00,151.78755344353561
2039-11-28 17:00:00+01:00,160.93945814413968
2039-11-28 18:00:00+01:00,164.86939369204617
2039-11-28 19:00:00+01:00,163.60427745402149
2039-11-28 20:00:00+01:00,155.01763745551352
2039-11-28 21:00:00+01:00,151.22228874143946
2039-11-28 22:00:00+01:00,148.77280836568957
2039-11-28 23:00:00+01:00,137.21179933948528
2039-11-29 00:00:00+01:00,125.55657952959834
2039-11-29 01:00:00+01:00,122.60912786866848
2039-11-29 02:00:00+01:00,116.56617902959313
2039-11-29 03:00:00+01:00,115.5164017257003
2039-11-29 04:00:00+01:00,119.10987018902574
2039-11-29 05:00:00+01:00,129.93065162915175
2039-11-29 06:00:00+01:00,161.00675156105592
2039-11-29 07:00:00+01:00,204.63980308952418
2039-11-29 08:00:00+01:00,231.82634352367162
2039-11-29 09:00:00+01:00,197.23752722874147
2039-11-29 10:00:00+01:00,179.84890829759374
2039-11-29 11:00:00+01:00,170.80467306405558
2039-11-29 12:00:00+01:00,160.72411921000784
2039-11-29 13:00:00+01:00,159.23020535446807
2039-11-29 14:00:00+01:00,162.79675645102697
2039-11-29 15:00:00+01:00,183.60388096151803
2039-11-29 16:00:00+01:00,196.8606840940107
2039-11-29 17:00:00+01:00,195.07067920403966
2039-11-29 18:00:00+01:00,190.83119393831862
2039-11-29 19:00:00+01:00,171.11422278187013
2039-11-29 20:00:00+01:00,150.3205569547623
2039-11-29 21:00:00+01:00,140.45534203484644
2039-11-29 22:00:00+01:00,130.9265941995116
2039-11-29 23:00:00+01:00,126.05455081477825
2039-11-30 00:00:00+01:00,124.39913275863958
2039-11-30 01:00:00+01:00,121.55935056477566
2039-11-30 02:00:00+01:00,116.44505087914398
2039-11-30 03:00:00+01:00,115.4491083087841
2039-11-30 04:00:00+01:00,116.37775746222775
2039-11-30 05:00:00+01:00,120.46919721073311
2039-11-30 06:00:00+01:00,126.0680094981615
2039-11-30 07:00:00+01:00,130.8593007825954
2039-11-30 08:00:00+01:00,141.04752410370907
2039-11-30 09:00:00+01:00,128.8404982751092
2039-11-30 10:00:00+01:00,121.61318529830862
2039-11-30 11:00:00+01:00,116.75460059695851
2039-11-30 12:00:00+01:00,115.78557539336514
2039-11-30 13:00:00+01:00,116.0951251111797
2039-11-30 14:00:00+01:00,122.44762366806958
2039-11-30 15:00:00+01:00,142.7567768933807
2039-11-30 16:00:00+01:00,149.35153175116895
2039-11-30 17:00:00+01:00,159.47246165536637
2039-11-30 18:00:00+01:00,166.2152620303703
2039-11-30 19:00:00+01:00,153.64485175042293
2039-11-30 20:00:00+01:00,143.33550027886008
2039-11-30 21:00:00+01:00,133.44336799217774
2039-11-30 22:00:00+01:00,126.64673288364088
2039-11-30 23:00:00+01:00,122.3264955176204
2039-12-01 00:00:00+01:00,113.25534291731577
2039-12-01 01:00:00+01:00,108.90818818452883
2039-12-01 02:00:00+01:00,103.32283458048371
2039-12-01 03:00:00+01:00,101.68087520772825
2039-12-01 04:00:00+01:00,97.79131570997154
2039-12-01 05:00:00+01:00,99.39289903257725
2039-12-01 06:00:00+01:00,93.84792147868183
2039-12-01 07:00:00+01:00,99.16410141506213
2039-12-01 08:00:00+01:00,108.06029113138464
2039-12-01 09:00:00+01:00,101.88275545847688
2039-12-01 10:00:00+01:00,98.58537802958276
2039-12-01 11:00:00+01:00,95.83980661940154
2039-12-01 12:00:00+01:00,96.91650129006084
2039-12-01 13:00:00+01:00,96.84920787314464
2039-12-01 14:00:00+01:00,102.04425965907578
2039-12-01 15:00:00+01:00,121.49205714785947
2039-12-01 16:00:00+01:00,146.13490642257426
2039-12-01 17:00:00+01:00,149.62070541883378
2039-12-01 18:00:00+01:00,146.13490642257426
2039-12-01 19:00:00+01:00,140.92639595325988
2039-12-01 20:00:00+01:00,142.56835532601534
2039-12-01 21:00:00+01:00,140.63030491882859
2039-12-01 22:00:00+01:00,133.21457037466263
2039-12-01 23:00:00+01:00,128.70591144127678
2039-12-02 00:00:00+01:00,119.16370492255871
2039-12-02 01:00:00+01:00,109.00239896821154
2039-12-02 02:00:00+01:00,106.98359646072534
2039-12-02 03:00:00+01:00,109.54074630354117
2039-12-02 04:00:00+01:00,104.22456636716086
2039-12-02 05:00:00+01:00,117.92550605130052
2039-12-02 06:00:00+01:00,144.46602968305234
2039-12-02 07:00:00+01:00,165.74420811195682
2039-12-02 08:00:00+01:00,169.28384184174934
2039-12-02 09:00:00+01:00,160.26652397497764
2039-12-02 10:00:00+01:00,156.45771657752036
2039-12-02 11:00:00+01:00,153.75252121748883
2039-12-02 12:00:00+01:00,149.243862284103
2039-12-02 13:00:00+01:00,151.62604924293674
2039-12-02 14:00:00+01:00,156.88839444578406
2039-12-02 15:00:00+01:00,168.7993292399526
2039-12-02 16:00:00+01:00,168.3013579547727
2039-12-02 17:00:00+01:00,174.19626127663236
2039-12-02 18:00:00+01:00,173.69828999145247
2039-12-02 19:00:00+01:00,169.28384184174934
2039-12-02 20:00:00+01:00,160.2530652915944
2039-12-02 21:00:00+01:00,146.1887411561072
2039-12-02 22:00:00+01:00,131.88216071972175
2039-12-02 23:00:00+01:00,108.67939056701374
2039-12-03 00:00:00+01:00,130.02486241283444
2039-12-03 01:00:00+01:00,130.65742053184675
2039-12-03 02:00:00+01:00,130.67087921523
2039-12-03 03:00:00+01:00,127.17162153558729
2039-12-03 04:00:00+01:00,128.23485752286334
2039-12-03 05:00:00+01:00,133.6317895595431
2039-12-03 06:00:00+01:00,157.83050228261095
2039-12-03 07:00:00+01:00,171.0065533148042
2039-12-03 08:00:00+01:00,177.53401475567622
2039-12-03 09:00:00+01:00,172.27166955282888
2039-12-03 10:00:00+01:00,167.9245148200419
2039-12-03 11:00:00+01:00,161.70660309698445
2039-12-03 12:00:00+01:00,156.7538076119517
2039-12-03 13:00:00+01:00,160.76449526015756
2039-12-03 14:00:00+01:00,170.89888384773826
2039-12-03 15:00:00+01:00,182.2445539398107
2039-12-03 16:00:00+01:00,236.01199405585965
2039-12-03 17:00:00+01:00,264.53094414494797
2039-12-03 18:00:00+01:00,233.60288973025948
2039-12-03 19:00:00+01:00,197.93737876467003
2039-12-03 20:00:00+01:00,175.28641463067493
2039-12-03 21:00:00+01:00,164.6271373911478
2039-12-03 22:00:00+01:00,158.0996759502758
2039-12-03 23:00:00+01:00,148.69205626539014
2039-12-04 00:00:00+01:00,147.33272924368276
2039-12-04 01:00:00+01:00,144.46602968305234
2039-12-04 02:00:00+01:00,140.72451570251127
2039-12-04 03:00:00+01:00,136.1754807189757
2039-12-04 04:00:00+01:00,138.7460892451748
2039-12-04 05:00:00+01:00,148.74589099892307
2039-12-04 06:00:00+01:00,172.58121927064343
2039-12-04 07:00:00+01:00,238.986363083556
2039-12-04 08:00:00+01:00,285.41882075573847
2039-12-04 09:00:00+01:00,288.9315371187644
2039-12-04 10:00:00+01:00,236.13312220630883
2039-12-04 11:00:00+01:00,224.04722452815815
2039-12-04 12:00:00+01:00,216.8199115513576
2039-12-04 13:00:00+01:00,225.24504734926663
2039-12-04 14:00:00+01:00,277.02060232459587
2039-12-04 15:00:00+01:00,312.13430727147244
2039-12-04 16:00:00+01:00,296.6299040139785
2039-12-04 17:00:00+01:00,322.59170426025094
2039-12-04 18:00:00+01:00,263.56191894135463
2039-12-04 19:00:00+01:00,242.70095969733057
2039-12-04 20:00:00+01:00,199.25632973622766
2039-12-04 21:00:00+01:00,167.23812196749662
2039-12-04 22:00:00+01:00,155.74440635820855
2039-12-04 23:00:00+01:00,144.58715783350152
2039-12-05 00:00:00+01:00,128.773204858193
2039-12-05 01:00:00+01:00,122.972512320016
2039-12-05 02:00:00+01:00,120.05197802585263
2039-12-05 03:00:00+01:00,118.5715228536961
2039-12-05 04:00:00+01:00,118.4773120700134
2039-12-05 05:00:00+01:00,128.35598567331252
2039-12-05 06:00:00+01:00,150.75123482302604
2039-12-05 07:00:00+01:00,165.0174392092618
2039-12-05 08:00:00+01:00,170.9796359480377
2039-12-05 09:00:00+01:00,174.50581099444693
2039-12-05 10:00:00+01:00,167.96489087019165
2039-12-05 11:00:00+01:00,162.5410414667454
2039-12-05 12:00:00+01:00,153.9678601516207
2039-12-05 13:00:00+01:00,155.82515845850804
2039-12-05 14:00:00+01:00,162.02961149818225
2039-12-05 15:00:00+01:00,157.53441124817965
2039-12-05 16:00:00+01:00,157.3190723140478
2039-12-05 17:00:00+01:00,156.78072497871813
2039-12-05 18:00:00+01:00,166.30947281405298
2039-12-05 19:00:00+01:00,160.1588545079117
2039-12-05 20:00:00+01:00,166.30947281405298
2039-12-05 21:00:00+01:00,155.81169977512474
2039-12-05 22:00:00+01:00,148.7862670490728
2039-12-05 23:00:00+01:00,137.6021011575993
2039-12-06 00:00:00+01:00,130.25366003034952
2039-12-06 01:00:00+01:00,124.39913275863958
2039-12-06 02:00:00+01:00,121.82852423244049
2039-12-06 03:00:00+01:00,121.14213137989518
2039-12-06 04:00:00+01:00,122.1246152668718
2039-12-06 05:00:00+01:00,130.26711871373277
2039-12-06 06:00:00+01:00,148.70551494877333
2039-12-06 07:00:00+01:00,159.99735030731281
2039-12-06 08:00:00+01:00,164.82901764189643
2039-12-06 09:00:00+01:00,158.0727585835093
2039-12-06 10:00:00+01:00,154.00823620177042
2039-12-06 11:00:00+01:00,150.06484197048076
2039-12-06 12:00:00+01:00,135.36795971598121
2039-12-06 13:00:00+01:00,150.06484197048076
2039-12-06 14:00:00+01:00,155.55598479084318
2039-12-06 15:00:00+01:00,157.1575681134489
2039-12-06 16:00:00+01:00,155.54252610745993
2039-12-06 17:00:00+01:00,161.3970533791699
2039-12-06 18:00:00+01:00,168.2340645378565
2039-12-06 19:00:00+01:00,161.89502466434982
2039-12-06 20:00:00+01:00,155.55598479084318
2039-12-06 21:00:00+01:00,145.78498065461
2039-12-06 22:00:00+01:00,149.39190780131867
2039-12-06 23:00:00+01:00,135.27374893229853
2039-12-07 00:00:00+01:00,134.8430710640348
2039-12-07 01:00:00+01:00,130.83238341582893
2039-12-07 02:00:00+01:00,128.23485752286334
2039-12-07 03:00:00+01:00,127.30620836941969
2039-12-07 04:00:00+01:00,126.75440235070681
2039-12-07 05:00:00+01:00,126.91590655130568
2039-12-07 06:00:00+01:00,128.23485752286334
2039-12-07 07:00:00+01:00,132.6223883058
2039-12-07 08:00:00+01:00,135.07186868154992
2039-12-07 09:00:00+01:00,138.423080843977
2039-12-07 10:00:00+01:00,135.26029024891528
2039-12-07 11:00:00+01:00,135.00457526463373
2039-12-07 12:00:00+01:00,133.57795482601014
2039-12-07 13:00:00+01:00,134.93728184771751
2039-12-07 14:00:00+01:00,135.30066629906503
2039-12-07 15:00:00+01:00,141.9492558903862
2039-12-07 16:00:00+01:00,141.9761732571527
2039-12-07 17:00:00+01:00,143.443169745926
2039-12-07 18:00:00+01:00,141.9492558903862
2039-12-07 19:00:00+01:00,140.3072965176308
2039-12-07 20:00:00+01:00,134.92382316433427
2039-12-07 21:00:00+01:00,131.70719783573958
2039-12-07 22:00:00+01:00,133.68562429307605
2039-12-07 23:00:00+01:00,126.35064184920957
2039-12-08 00:00:00+01:00,131.43802416807478
2039-12-08 01:00:00+01:00,128.50403119052817
2039-12-08 02:00:00+01:00,112.47473928108778
2039-12-08 03:00:00+01:00,98.98913853107999
2039-12-08 04:00:00+01:00,97.3606378417078
2039-12-08 05:00:00+01:00,112.9054171493515
2039-12-08 06:00:00+01:00,129.32501087690588
2039-12-08 07:00:00+01:00,129.93065162915175
2039-12-08 08:00:00+01:00,135.31412498244828
2039-12-08 09:00:00+01:00,135.63713338364605
2039-12-08 10:00:00+01:00,135.96014178484387
2039-12-08 11:00:00+01:00,134.183595578256
2039-12-08 12:00:00+01:00,131.61298705205692
2039-12-08 13:00:00+01:00,132.64930567256647
2039-12-08 14:00:00+01:00,136.70036937092212
2039-12-08 15:00:00+01:00,141.54549538888898
2039-12-08 16:00:00+01:00,153.55064096674025
2039-12-08 17:00:00+01:00,158.1938867339585
2039-12-08 18:00:00+01:00,153.94094278485423
2039-12-08 19:00:00+01:00,152.71620259697926
2039-12-08 20:00:00+01:00,139.2709778971212
2039-12-08 21:00:00+01:00,135.8524723177779
2039-12-08 22:00:00+01:00,136.0408938851433
2039-12-08 23:00:00+01:00,131.46494153484127
2039-12-09 00:00:00+01:00,127.91184912166555
2039-12-09 01:00:00+01:00,117.50828686642004
2039-12-09 02:00:00+01:00,111.41150329381172
2039-12-09 03:00:00+01:00,111.19616435967987
2039-12-09 04:00:00+01:00,109.78300260443953
2039-12-09 05:00:00+01:00,133.9278805939744
2039-12-09 06:00:00+01:00,149.41882516808514
2039-12-09 07:00:00+01:00,160.93945814413968
2039-12-09 08:00:00+01:00,165.77112547872332
2039-12-09 09:00:00+01:00,162.20457438216437
2039-12-09 10:00:00+01:00,160.53569764264248
2039-12-09 11:00:00+01:00,160.5491563260257
2039-12-09 12:00:00+01:00,159.3513335049172
2039-12-09 13:00:00+01:00,159.43208560521666
2039-12-09 14:00:00+01:00,160.5491563260257
2039-12-09 15:00:00+01:00,177.25138240462815
2039-12-09 16:00:00+01:00,185.13817086720758
2039-12-09 17:00:00+01:00,182.3522234068766
2039-12-09 18:00:00+01:00,168.933916073785
2039-12-09 19:00:00+01:00,170.30670177887566
2039-12-09 20:00:00+01:00,161.1951731284213
2039-12-09 21:00:00+01:00,154.7619224712319
2039-12-09 22:00:00+01:00,150.0917593372472
2039-12-09 23:00:00+01:00,146.25603457302344
2039-12-10 00:00:00+01:00,137.4405969570004
2039-12-10 01:00:00+01:00,128.80012222495947
2039-12-10 02:00:00+01:00,134.85652974741805
2039-12-10 03:00:00+01:00,134.92382316433427
2039-12-10 04:00:00+01:00,131.505317584991
2039-12-10 05:00:00+01:00,144.53332309996856
2039-12-10 06:00:00+01:00,160.064643724229
2039-12-10 07:00:00+01:00,199.83505312170706
2039-12-10 08:00:00+01:00,211.9074921164745
2039-12-10 09:00:00+01:00,191.74638440837904
2039-12-10 10:00:00+01:00,191.71946704161255
2039-12-10 11:00:00+01:00,185.56884873547128
2039-12-10 12:00:00+01:00,185.36696848472266
2039-12-10 13:00:00+01:00,191.86751255882822
2039-12-10 14:00:00+01:00,205.5549935595846
2039-12-10 15:00:00+01:00,215.77013424746477
2039-12-10 16:00:00+01:00,225.9852749353449
2039-12-10 17:00:00+01:00,241.15321110825784
2039-12-10 18:00:00+01:00,222.10917412097143
2039-12-10 19:00:00+01:00,211.55756634851025
2039-12-10 20:00:00+01:00,188.27404409550277
2039-12-10 21:00:00+01:00,168.9204573904018
2039-12-10 22:00:00+01:00,159.80892873994742
2039-12-10 23:00:00+01:00,150.25326353784612
2039-12-11 00:00:00+01:00,139.08255632975585
2039-12-11 01:00:00+01:00,134.26434767855545
2039-12-11 02:00:00+01:00,129.8498995288523
2039-12-11 03:00:00+01:00,127.15816285220404
2039-12-11 04:00:00+01:00,134.07592611119009
2039-12-11 05:00:00+01:00,144.60061651688477
2039-12-11 06:00:00+01:00,191.38299995703153
2039-12-11 07:00:00+01:00,283.19813799750364
2039-12-11 08:00:00+01:00,348.0959092714932
2039-12-11 09:00:00+01:00,291.94628219661047
2039-12-11 10:00:00+01:00,382.8058537168725
2039-12-11 11:00:00+01:00,300.0349509099385
2039-12-11 12:00:00+01:00,297.2759208163741
2039-12-11 13:00:00+01:00,319.46928971533896
2039-12-11 14:00:00+01:00,303.5342085895813
2039-12-11 15:00:00+01:00,277.5724083433088
2039-12-11 16:00:00+01:00,298.54103705439877
2039-12-11 17:00:00+01:00,321.87839404093916
2039-12-11 18:00:00+01:00,349.6032818104162
2039-12-11 19:00:00+01:00,305.28383742940264
2039-12-11 20:00:00+01:00,242.10877762846798
2039-12-11 21:00:00+01:00,207.88334578488534
2039-12-11 22:00:00+01:00,169.64722629309682
2039-12-11 23:00:00+01:00,152.50086366284742
2039-12-12 00:00:00+01:00,136.2966088694249
2039-12-12 01:00:00+01:00,128.40982040684548
2039-12-12 02:00:00+01:00,123.91462015684289
2039-12-12 03:00:00+01:00,122.50145840160255
2039-12-12 04:00:00+01:00,128.94816774217514
2039-12-12 05:00:00+01:00,142.79715294353042
2039-12-12 06:00:00+01:00,196.60496910972915
2039-12-12 07:00:00+01:00,230.87077700346148
2039-12-12 08:00:00+01:00,265.7556843328229
2039-12-12 09:00:00+01:00,251.08571944508995
2039-12-12 10:00:00+01:00,228.51550741139425
2039-12-12 11:00:00+01:00,220.77676446603053
2039-12-12 12:00:00+01:00,213.42832333878076
2039-12-12 13:00:00+01:00,211.09997111348002
2039-12-12 14:00:00+01:00,222.71481487321725
2039-12-12 15:00:00+01:00,235.33905988669758
2039-12-12 16:00:00+01:00,254.55805975796616
2039-12-12 17:00:00+01:00,329.03841360082356
2039-12-12 18:00:00+01:00,335.55241635831226
2039-12-12 19:00:00+01:00,293.23831580140165
2039-12-12 20:00:00+01:00,231.8532608904381
2039-12-12 21:00:00+01:00,194.64000133577588
2039-12-12 22:00:00+01:00,165.3673649772261
2039-12-12 23:00:00+01:00,153.9947775183872
2039-12-13 00:00:00+01:00,148.8266430992225
2039-12-13 01:00:00+01:00,141.80121037317056
2039-12-13 02:00:00+01:00,136.78112147122158
2039-12-13 03:00:00+01:00,135.75826153409523
2039-12-13 04:00:00+01:00,138.4499982107435
2039-12-13 05:00:00+01:00,144.19685601538754
2039-12-13 06:00:00+01:00,187.70877939340664
2039-12-13 07:00:00+01:00,291.6098151120295
2039-12-13 08:00:00+01:00,391.80971290026093
2039-12-13 09:00:00+01:00,314.9606307819531
2039-12-13 10:00:00+01:00,251.07226076170667
2039-12-13 11:00:00+01:00,225.31234076618284
2039-12-13 12:00:00+01:00,212.56696760225333
2039-12-13 13:00:00+01:00,214.5453940595898
2039-12-13 14:00:00+01:00,227.5464822078009
2039-12-13 15:00:00+01:00,254.97527894284664
2039-12-13 16:00:00+01:00,299.42931015769267
2039-12-13 17:00:00+01:00,363.82911014650233
2039-12-13 18:00:00+01:00,355.05404858062894
2039-12-13 19:00:00+01:00,295.539750659936
2039-12-13 20:00:00+01:00,215.3663737459675
2039-12-13 21:00:00+01:00,182.89057074220625
2039-12-13 22:00:00+01:00,162.41991331629623
2039-12-13 23:00:00+01:00,148.14025024667723
2039-12-14 00:00:00+01:00,137.07721250565288
2039-12-14 01:00:00+01:00,130.9938876164278
2039-12-14 02:00:00+01:00,124.17033514112447
2039-12-14 03:00:00+01:00,128.46365514037845
2039-12-14 04:00:00+01:00,127.84455570474935
2039-12-14 05:00:00+01:00,131.97637150340444
2039-12-14 06:00:00+01:00,137.10412987241935
2039-12-14 07:00:00+01:00,132.0032888701709
2039-12-14 08:00:00+01:00,138.086613759396
2039-12-14 09:00:00+01:00,138.20774190984514
2039-12-14 10:00:00+01:00,137.10412987241935
2039-12-14 11:00:00+01:00,137.21179933948528
2039-12-14 12:00:00+01:00,139.67473839861844
2039-12-14 13:00:00+01:00,136.00051783499356
2039-12-14 14:00:00+01:00,140.44188335146322
2039-12-14 15:00:00+01:00,144.66790993380096
2039-12-14 16:00:00+01:00,150.10521802063047
2039-12-14 17:00:00+01:00,151.50492109248756
2039-12-14 18:00:00+01:00,151.49146240910432
2039-12-14 19:00:00+01:00,143.30858291209358
2039-12-14 20:00:00+01:00,139.8900773327503
2039-12-14 21:00:00+01:00,136.1754807189757
2039-12-14 22:00:00+01:00,134.52006266283703
2039-12-14 23:00:00+01:00,127.6695928207672
2039-12-15 00:00:00+01:00,107.25277012839015
2039-12-15 01:00:00+01:00,107.25277012839015
2039-12-15 02:00:00+01:00,107.50848511267175
2039-12-15 03:00:00+01:00,112.89195846596827
2039-12-15 04:00:00+01:00,113.14767345024985
2039-12-15 05:00:00+01:00,112.73045426536936
2039-12-15 06:00:00+01:00,107.50848511267175
2039-12-15 07:00:00+01:00,103.34975194725018
2039-12-15 08:00:00+01:00,106.7144227930605
2039-12-15 09:00:00+01:00,115.08572385743659
2039-12-15 10:00:00+01:00,120.33461037690071
2039-12-15 11:00:00+01:00,113.21496686716605
2039-12-15 12:00:00+01:00,114.45316573842425
2039-12-15 13:00:00+01:00,108.32946479904948
2039-12-15 14:00:00+01:00,110.06563495548758
2039-12-15 15:00:00+01:00,113.26880160069902
2039-12-15 16:00:00+01:00,121.27671821372758
2039-12-15 17:00:00+01:00,122.8110081194171
2039-12-15 18:00:00+01:00,111.65375959471007
2039-12-15 19:00:00+01:00,113.2284255505493
2039-12-15 20:00:00+01:00,107.23931144500692
2039-12-15 21:00:00+01:00,126.88898918453921
2039-12-15 22:00:00+01:00,127.03703470175486
2039-12-15 23:00:00+01:00,114.68196335593936
2039-12-16 00:00:00+01:00,108.71976661716346
2039-12-16 01:00:00+01:00,104.96479395323914
2039-12-16 02:00:00+01:00,102.42110279380654
2039-12-16 03:00:00+01:00,102.12501175937523
2039-12-16 04:00:00+01:00,102.8652393454535
2039-12-16 05:00:00+01:00,107.91224561416898
2039-12-16 06:00:00+01:00,127.42733651986887
2039-12-16 07:00:00+01:00,139.99774679981624
2039-12-16 08:00:00+01:00,142.7567768933807
2039-12-16 09:00:00+01:00,138.32887006029432
2039-12-16 10:00:00+01:00,136.4984891201735
2039-12-16 11:00:00+01:00,134.42585187915435
2039-12-16 12:00:00+01:00,130.25366003034952
2039-12-16 13:00:00+01:00,131.66682178558986
2039-12-16 14:00:00+01:00,131.89561940310497
2039-12-16 15:00:00+01:00,139.3651886808039
2039-12-16 16:00:00+01:00,149.35153175116895
2039-12-16 17:00:00+01:00,150.05138328709748
2039-12-16 18:00:00+01:00,150.21288748769638
2039-12-16 19:00:00+01:00,144.60061651688477
2039-12-16 20:00:00+01:00,137.19834065610203
2039-12-16 21:00:00+01:00,130.2402013469663
2039-12-16 22:00:00+01:00,131.11501576687698
2039-12-16 23:00:00+01:00,124.35875670848985
2039-12-17 00:00:00+01:00,118.93490730504361
2039-12-17 01:00:00+01:00,117.72362580055187
2039-12-17 02:00:00+01:00,123.95499620699262
2039-12-17 03:00:00+01:00,123.18785125414786
2039-12-17 04:00:00+01:00,123.14747520399813
2039-12-17 05:00:00+01:00,120.38844511043366
2039-12-17 06:00:00+01:00,129.4326803439718
2039-12-17 07:00:00+01:00,142.01654930730245
2039-12-17 08:00:00+01:00,147.80378316209618
2039-12-17 09:00:00+01:00,138.84030002885748
2039-12-17 10:00:00+01:00,129.51343244427127
2039-12-17 11:00:00+01:00,126.21605501537715
2039-12-17 12:00:00+01:00,130.19982529681658
2039-12-17 13:00:00+01:00,134.33164109547164
2039-12-17 14:00:00+01:00,143.80655419727353
2039-12-17 15:00:00+01:00,143.887306297573
2039-12-17 16:00:00+01:00,159.04178378710267
2039-12-17 17:00:00+01:00,159.70125927288152
2039-12-17 18:00:00+01:00,156.10779080955606
2039-12-17 19:00:00+01:00,148.19408498021016
2039-12-17 20:00:00+01:00,149.78220961943265
2039-12-17 21:00:00+01:00,138.15390717631217
2039-12-17 22:00:00+01:00,131.19576786717641
2039-12-17 23:00:00+01:00,115.17993464111927
2039-12-18 00:00:00+01:00,120.1058127593856
2039-12-18 01:00:00+01:00,116.60655507974286
2039-12-18 02:00:00+01:00,109.21773790234339
2039-12-18 03:00:00+01:00,108.94856423467857
2039-12-18 04:00:00+01:00,108.43713426611541
2039-12-18 05:00:00+01:00,124.81635194352006
2039-12-18 06:00:00+01:00,139.48631683125308
2039-12-18 07:00:00+01:00,138.63841977810887
2039-12-18 08:00:00+01:00,140.45534203484644
2039-12-18 09:00:00+01:00,137.7770640415814
2039-12-18 10:00:00+01:00,138.93451081254017
2039-12-18 11:00:00+01:00,135.77172021747847
2039-12-18 12:00:00+01:00,133.7663763933755
2039-12-18 13:00:00+01:00,136.47157175340703
2039-12-18 14:00:00+01:00,142.44722717556616
2039-12-18 15:00:00+01:00,148.63822153185717
2039-12-18 16:00:00+01:00,144.6544512504177
2039-12-18 17:00:00+01:00,157.93817174967688
2039-12-18 18:00:00+01:00,174.37122416061453
2039-12-18 19:00:00+01:00,160.32035870851058
2039-12-18 20:00:00+01:00,151.20883005805626
2039-12-18 21:00:00+01:00,137.85781614188087
2039-12-18 22:00:00+01:00,135.36795971598121
2039-12-18 23:00:00+01:00,123.33589677136351
2039-12-19 00:00:00+01:00,110.87315595848207
2039-12-19 01:00:00+01:00,105.22050893752072
2039-12-19 02:00:00+01:00,103.59200824814852
2039-12-19 03:00:00+01:00,103.21516511341775
2039-12-19 04:00:00+01:00,104.18419031701114
2039-12-19 05:00:00+01:00,114.33203758797508
2039-12-19 06:00:00+01:00,133.94133927735766
2039-12-19 07:00:00+01:00,151.53183845925406
2039-12-19 08:00:00+01:00,148.58438679832418
2039-12-19 09:00:00+01:00,140.69759833574477
2039-12-19 10:00:00+01:00,139.87661864936706
2039-12-19 11:00:00+01:00,133.99517401089062
2039-12-19 12:00:00+01:00,127.07741075190458
2039-12-19 13:00:00+01:00,126.86207181777273
2039-12-19 14:00:00+01:00,133.80675244352523
2039-12-19 15:00:00+01:00,144.1295625984713
2039-12-19 16:00:00+01:00,149.71491620251646
2039-12-19 17:00:00+01:00,141.9492558903862
2039-12-19 18:00:00+01:00,139.80932523245087
2039-12-19 19:00:00+01:00,137.38676222346743
2039-12-19 20:00:00+01:00,128.75974617480975
2039-12-19 21:00:00+01:00,124.60101300938818
2039-12-19 22:00:00+01:00,116.43159219576073
2039-12-19 23:00:00+01:00,106.57983595922809
2039-12-20 00:00:00+01:00,101.02139972194944
2039-12-20 01:00:00+01:00,90.49670931625475
2039-12-20 02:00:00+01:00,83.04059872193906
2039-12-20 03:00:00+01:00,69.23198957073348
2039-12-20 04:00:00+01:00,69.40695245471564
2039-12-20 05:00:00+01:00,93.61912386116671
2039-12-20 06:00:00+01:00,111.45187934396145
2039-12-20 07:00:00+01:00,135.4890878664304
2039-12-20 08:00:00+01:00,138.31541137691107
2039-12-20 09:00:00+01:00,132.52817752211732
2039-12-20 10:00:00+01:00,129.4595977107383
2039-12-20 11:00:00+01:00,128.2617748896298
2039-12-20 12:00:00+01:00,119.60784147420567
2039-12-20 13:00:00+01:00,113.712938152346
2039-12-20 14:00:00+01:00,121.59972661492539
2039-12-20 15:00:00+01:00,127.81763833798286
2039-12-20 16:00:00+01:00,132.52817752211732
2039-12-20 17:00:00+01:00,133.6990829764593
2039-12-20 18:00:00+01:00,132.9453967069978
2039-12-20 19:00:00+01:00,132.59547093903353
2039-12-20 20:00:00+01:00,128.04643595549797
2039-12-20 21:00:00+01:00,125.30086454531676
2039-12-20 22:00:00+01:00,123.33589677136351
2039-12-20 23:00:00+01:00,109.41961815309199
2039-12-21 00:00:00+01:00,115.47602567555057
2039-12-21 01:00:00+01:00,100.7522260542846
2039-12-21 02:00:00+01:00,85.12669464634146
2039-12-21 03:00:00+01:00,74.72313239109594
2039-12-21 04:00:00+01:00,74.02328085516739
2039-12-21 05:00:00+01:00,88.84129126011607
2039-12-21 06:00:00+01:00,113.30917765084874
2039-12-21 07:00:00+01:00,125.52966216283184
2039-12-21 08:00:00+01:00,129.51343244427127
2039-12-21 09:00:00+01:00,131.2899786508591
2039-12-21 10:00:00+01:00,118.27543181926478
2039-12-21 11:00:00+01:00,100.38884160293709
2039-12-21 12:00:00+01:00,92.38092498990852
2039-12-21 13:00:00+01:00,93.56528912763376
2039-12-21 14:00:00+01:00,111.4653380273447
2039-12-21 15:00:00+01:00,128.94816774217514
2039-12-21 16:00:00+01:00,131.98983018678769
2039-12-21 17:00:00+01:00,132.01674755355415
2039-12-21 18:00:00+01:00,133.64524824292633
2039-12-21 19:00:00+01:00,132.01674755355415
2039-12-21 20:00:00+01:00,132.01674755355415
2039-12-21 21:00:00+01:00,129.01546115909133
2039-12-21 22:00:00+01:00,120.89987507899683
2039-12-21 23:00:00+01:00,108.97548160144504
2039-12-22 00:00:00+01:00,120.79220561193091
2039-12-22 01:00:00+01:00,98.31620436191793
2039-12-22 02:00:00+01:00,88.97587809394847
2039-12-22 03:00:00+01:00,82.86563583795693
2039-12-22 04:00:00+01:00,84.14421075936485
2039-12-22 05:00:00+01:00,86.02842643301862
2039-12-22 06:00:00+01:00,97.1991336411089
2039-12-22 07:00:00+01:00,112.35361113063861
2039-12-22 08:00:00+01:00,120.15964749291857
2039-12-22 09:00:00+01:00,110.8193212249491
2039-12-22 10:00:00+01:00,99.28522956551132
2039-12-22 11:00:00+01:00,83.47127659020279
2039-12-22 12:00:00+01:00,93.53837176086728
2039-12-22 13:00:00+01:00,80.86029201385396
2039-12-22 14:00:00+01:00,95.12649640008975
2039-12-22 15:00:00+01:00,120.05197802585263
2039-12-22 16:00:00+01:00,130.32095344726574
2039-12-22 17:00:00+01:00,134.92382316433427
2039-12-22 18:00:00+01:00,134.0220913776571
2039-12-22 19:00:00+01:00,132.82426855654862
2039-12-22 20:00:00+01:00,133.64524824292633
2039-12-22 21:00:00+01:00,125.20665376163404
2039-12-22 22:00:00+01:00,112.36706981402186
2039-12-22 23:00:00+01:00,90.40249853257205
2039-12-23 00:00:00+01:00,67.56311283121157
2039-12-23 01:00:00+01:00,55.10037201833013
2039-12-23 02:00:00+01:00,38.57310882370981
2039-12-23 03:00:00+01:00,33.57993728852729
2039-12-23 04:00:00+01:00,28.72135258717718
2039-12-23 05:00:00+01:00,69.97221715681177
2039-12-23 06:00:00+01:00,108.94856423467857
2039-12-23 07:00:00+01:00,137.5751837908328
2039-12-23 08:00:00+01:00,138.82684134547424
2039-12-23 09:00:00+01:00,142.0973014076019
2039-12-23 10:00:00+01:00,124.45296749217253
2039-12-23 11:00:00+01:00,110.55014755728428
2039-12-23 12:00:00+01:00,109.60803972045738
2039-12-23 13:00:00+01:00,108.81397740084616
2039-12-23 14:00:00+01:00,117.73708448393512
2039-12-23 15:00:00+01:00,136.94262567182045
2039-12-23 16:00:00+01:00,142.0973014076019
2039-12-23 17:00:00+01:00,141.37053250490686
2039-12-23 18:00:00+01:00,141.23594567107443
2039-12-23 19:00:00+01:00,140.41496598469672
2039-12-23 20:00:00+01:00,138.98834554607316
2039-12-23 21:00:00+01:00,129.83644084546904
2039-12-23 22:00:00+01:00,122.31303683423718
2039-12-23 23:00:00+01:00,111.57300749441062
2039-12-24 00:00:00+01:00,93.56528912763376
2039-12-24 01:00:00+01:00,84.07691734244864
2039-12-24 02:00:00+01:00,79.94510154379357
2039-12-24 03:00:00+01:00,72.69087120022651
2039-12-24 04:00:00+01:00,70.48364712537493
2039-12-24 05:00:00+01:00,81.07563094798584
2039-12-24 06:00:00+01:00,93.33649151011866
2039-12-24 07:00:00+01:00,118.42347733648045
2039-12-24 08:00:00+01:00,131.3168960176256
2039-12-24 09:00:00+01:00,131.26306128409263
2039-12-24 10:00:00+01:00,123.29552072121379
2039-12-24 11:00:00+01:00,119.01565940534306
2039-12-24 12:00:00+01:00,113.53797526836384
2039-12-24 13:00:00+01:00,111.34420987689552
2039-12-24 14:00:00+01:00,113.1342147668666
2039-12-24 15:00:00+01:00,122.63604523543496
2039-12-24 16:00:00+01:00,136.0408938851433
2039-12-24 17:00:00+01:00,140.40150730131347
2039-12-24 18:00:00+01:00,138.5845850445759
2039-12-24 19:00:00+01:00,135.5160052331969
2039-12-24 20:00:00+01:00,118.42347733648045
2039-12-24 21:00:00+01:00,112.2190242968062
2039-12-24 22:00:00+01:00,108.3429234824327
2039-12-24 23:00:00+01:00,93.578747811017
2039-12-25 00:00:00+01:00,102.90561539560322
2039-12-25 01:00:00+01:00,92.24633815607612
2039-12-25 02:00:00+01:00,86.33797615083319
2039-12-25 03:00:00+01:00,78.1012619202895
2039-12-25 04:00:00+01:00,69.87800637312907
2039-12-25 05:00:00+01:00,70.2817668746263
2039-12-25 06:00:00+01:00,71.02199446070459
2039-12-25 07:00:00+01:00,88.3029439247864
2039-12-25 08:00:00+01:00,99.98508110143986
2039-12-25 09:00:00+01:00,99.01605589784648
2039-12-25 10:00:00+01:00,101.31749075638075
2039-12-25 11:00:00+01:00,99.19101878182862
2039-12-25 12:00:00+01:00,98.37003909545089
2039-12-25 13:00:00+01:00,94.80348799889195
2039-12-25 14:00:00+01:00,99.0833493147627
2039-12-25 15:00:00+01:00,112.56895006477046
2039-12-25 16:00:00+01:00,125.27394717855026
2039-12-25 17:00:00+01:00,136.02743520176006
2039-12-25 18:00:00+01:00,136.6599933207724
2039-12-25 19:00:00+01:00,133.13381827436316
2039-12-25 20:00:00+01:00,127.87147307151582
2039-12-25 21:00:00+01:00,122.58221050190198
2039-12-25 22:00:00+01:00,121.92273501612317
2039-12-25 23:00:00+01:00,111.19616435967987
2039-12-26 00:00:00+01:00,114.15707470399295
2039-12-26 01:00:00+01:00,110.2944325730027
2039-12-26 02:00:00+01:00,106.90284436042589
2039-12-26 03:00:00+01:00,104.02268611641225
2039-12-26 04:00:00+01:00,101.9231315086266
2039-12-26 05:00:00+01:00,106.76825752659346
2039-12-26 06:00:00+01:00,116.14895984471265
2039-12-26 07:00:00+01:00,122.42070630130311
2039-12-26 08:00:00+01:00,135.34104234921475
2039-12-26 09:00:00+01:00,136.6599933207724
2039-12-26 10:00:00+01:00,127.03703470175486
2039-12-26 11:00:00+01:00,122.24574341732097
2039-12-26 12:00:00+01:00,121.07483796297898
2039-12-26 13:00:00+01:00,118.06009288513292
2039-12-26 14:00:00+01:00,120.91333376238008
2039-12-26 15:00:00+01:00,140.42842466807997
2039-12-26 16:00:00+01:00,147.3865639772157
2039-12-26 17:00:00+01:00,153.38913676614135
2039-12-26 18:00:00+01:00,151.46454504233782
2039-12-26 19:00:00+01:00,151.73371871000262
2039-12-26 20:00:00+01:00,147.44039871074867
2039-12-26 21:00:00+01:00,142.11076009098514
2039-12-26 22:00:00+01:00,141.59933012242197
2039-12-26 23:00:00+01:00,133.21457037466263
2039-12-27 00:00:00+01:00,126.24297238214362
2039-12-27 01:00:00+01:00,122.79754943603388
2039-12-27 02:00:00+01:00,118.06009288513292
2039-12-27 03:00:00+01:00,114.87038492330474
2039-12-27 04:00:00+01:00,114.80309150638851
2039-12-27 05:00:00+01:00,122.3534128843869
2039-12-27 06:00:00+01:00,128.49057250714492
2039-12-27 07:00:00+01:00,146.99626215910172
2039-12-27 08:00:00+01:00,158.31501488440767
2039-12-27 09:00:00+01:00,153.1199630984765
2039-12-27 10:00:00+01:00,141.16865225415825
2039-12-27 11:00:00+01:00,134.3450997788549
2039-12-27 12:00:00+01:00,132.5147188387341
2039-12-27 13:00:00+01:00,128.50403119052817
2039-12-27 14:00:00+01:00,138.54420899442619
2039-12-27 15:00:00+01:00,149.08235808350412
2039-12-27 16:00:00+01:00,178.28770102513775
2039-12-27 17:00:00+01:00,190.3332226531387
2039-12-27 18:00:00+01:00,193.1057114300864
2039-12-27 19:00:00+01:00,176.5919069188493
2039-12-27 20:00:00+01:00,154.9099679884476
2039-12-27 21:00:00+01:00,144.3852775827529
2039-12-27 22:00:00+01:00,144.37181889936966
2039-12-27 23:00:00+01:00,134.85652974741805
2039-12-28 00:00:00+01:00,136.68691068753887
2039-12-28 01:00:00+01:00,128.63861802436057
2039-12-28 02:00:00+01:00,121.80160686567399
2039-12-28 03:00:00+01:00,118.26197313588153
2039-12-28 04:00:00+01:00,116.41813351237748
2039-12-28 05:00:00+01:00,118.6388162706123
2039-12-28 06:00:00+01:00,125.48928611268212
2039-12-28 07:00:00+01:00,133.73945902660904
2039-12-28 08:00:00+01:00,142.3664750752667
2039-12-28 09:00:00+01:00,143.45662842930926
2039-12-28 10:00:00+01:00,132.91847934023133
2039-12-28 11:00:00+01:00,122.0976979001053
2039-12-28 12:00:00+01:00,119.06949413887601
2039-12-28 13:00:00+01:00,117.01031558124009
2039-12-28 14:00:00+01:00,125.47582742929887
2039-12-28 15:00:00+01:00,142.35301639188347
2039-12-28 16:00:00+01:00,155.52906742407671
2039-12-28 17:00:00+01:00,162.64871093381134
2039-12-28 18:00:00+01:00,163.69848823770417
2039-12-28 19:00:00+01:00,157.46711783126347
2039-12-28 20:00:00+01:00,147.17122504308384
2039-12-28 21:00:00+01:00,137.6155598409825
2039-12-28 22:00:00+01:00,135.5429225999634
2039-12-28 23:00:00+01:00,127.11778680205431
2039-12-29 00:00:00+01:00,129.63456059472043
2039-12-29 01:00:00+01:00,120.5634079944158
2039-12-29 02:00:00+01:00,113.5245165849806
2039-12-29 03:00:00+01:00,101.99042492554281
2039-12-29 04:00:00+01:00,96.24356712089877
2039-12-29 05:00:00+01:00,96.36469527134795
2039-12-29 06:00:00+01:00,99.33906429904428
2039-12-29 07:00:00+01:00,111.77488774515922
2039-12-29 08:00:00+01:00,118.30234918603126
2039-12-29 09:00:00+01:00,118.31580786941451
2039-12-29 10:00:00+01:00,116.27008799516182
2039-12-29 11:00:00+01:00,112.87849978258502
2039-12-29 12:00:00+01:00,110.77894517479938
2039-12-29 13:00:00+01:00,110.8193212249491
2039-12-29 14:00:00+01:00,115.17993464111927
2039-12-29 15:00:00+01:00,129.7287713784031
2039-12-29 16:00:00+01:00,148.0325807796113
2039-12-29 17:00:00+01:00,152.81041338066194
2039-12-29 18:00:00+01:00,154.4254553866509
2039-12-29 19:00:00+01:00,151.2895821583557
2039-12-29 20:00:00+01:00,144.5467817833518
2039-12-29 21:00:00+01:00,131.72065651912283
2039-12-29 22:00:00+01:00,123.05326442031546
2039-12-29 23:00:00+01:00,114.27820285444213
2039-12-30 00:00:00+01:00,116.79497664710823
2039-12-30 01:00:00+01:00,115.610612509383
2039-12-30 02:00:00+01:00,114.19745075414266
2039-12-30 03:00:00+01:00,112.89195846596827
2039-12-30 04:00:00+01:00,113.21496686716605
2039-12-30 05:00:00+01:00,124.1165004075915
2039-12-30 06:00:00+01:00,140.63030491882859
2039-12-30 07:00:00+01:00,152.07018579458367
2039-12-30 08:00:00+01:00,154.60041827063304
2039-12-30 09:00:00+01:00,151.94905764413448
2039-12-30 10:00:00+01:00,148.0325807796113
2039-12-30 11:00:00+01:00,140.71105701912802
2039-12-30 12:00:00+01:00,136.44465438664054
2039-12-30 13:00:00+01:00,135.31412498244828
2039-12-30 14:00:00+01:00,147.45385739413194
2039-12-30 15:00:00+01:00,152.35281814563174
2039-12-30 16:00:00+01:00,153.17379783200948
2039-12-30 17:00:00+01:00,159.32441613815075
2039-12-30 18:00:00+01:00,168.8262466067191
2039-12-30 19:00:00+01:00,162.51412409997894
2039-12-30 20:00:00+01:00,154.6138769540163
2039-12-30 21:00:00+01:00,152.4604876126977
2039-12-30 22:00:00+01:00,148.0325807796113
2039-12-30 23:00:00+01:00,140.73797438589452
2039-12-31 00:00:00+01:00,115.57023645923329
2039-12-31 01:00:00+01:00,110.71165175788317
2039-12-31 02:00:00+01:00,110.11946968902056
2039-12-31 03:00:00+01:00,111.45187934396145
2039-12-31 04:00:00+01:00,109.83683733797248
2039-12-31 05:00:00+01:00,112.16518956327323
2039-12-31 06:00:00+01:00,118.74648573767823
2039-12-31 07:00:00+01:00,137.19834065610203
2039-12-31 08:00:00+01:00,137.65593589113226
2039-12-31 09:00:00+01:00,134.57389739637
2039-12-31 10:00:00+01:00,129.76914742855286
2039-12-31 11:00:00+01:00,124.52026090908876
2039-12-31 12:00:00+01:00,126.63327420025763
2039-12-31 13:00:00+01:00,118.28889050264802
2039-12-31 14:00:00+01:00,126.63327420025763
2039-12-31 15:00:00+01:00,135.0987860483164
2039-12-31 16:00:00+01:00,148.96122993305494
2039-12-31 17:00:00+01:00,149.90333776988183
2039-12-31 18:00:00+01:00,147.74994842856324
2039-12-31 19:00:00+01:00,141.98963194053596
2039-12-31 20:00:00+01:00,128.18102278933037
2039-12-31 21:00:00+01:00,121.8958176493567
2039-12-31 22:00:00+01:00,126.61981551687438
2039-12-31 23:00:00+01:00,116.391216145611
