Date (GMT+1),Price (EUR/MWh)
2033-01-01 00:00:00+01:00,30.292939922397693
2033-01-01 01:00:00+01:00,26.657141277412798
2033-01-01 02:00:00+01:00,19.65046398921328
2033-01-01 03:00:00+01:00,16.955588109136542
2033-01-01 04:00:00+01:00,16.937317764186858
2033-01-01 05:00:00+01:00,16.973858454086212
2033-01-01 06:00:00+01:00,16.92818259171203
2033-01-01 07:00:00+01:00,14.1602253318366
2033-01-01 08:00:00+01:00,14.342928781333327
2033-01-01 09:00:00+01:00,16.27958534599864
2033-01-01 10:00:00+01:00,15.475690168213035
2033-01-01 11:00:00+01:00,14.096279124512733
2033-01-01 12:00:00+01:00,16.35266672579734
2033-01-01 13:00:00+01:00,15.073742579320239
2033-01-01 14:00:00+01:00,17.083480523784253
2033-01-01 15:00:00+01:00,25.213784026388645
2033-01-01 16:00:00+01:00,33.14311373454665
2033-01-01 17:00:00+01:00,45.027973124308815
2033-01-01 18:00:00+01:00,51.17594419987372
2033-01-01 19:00:00+01:00,46.133328993764025
2033-01-01 20:00:00+01:00,45.47559657557581
2033-01-01 21:00:00+01:00,38.54200066717497
2033-01-01 22:00:00+01:00,37.63761859216616
2033-01-01 23:00:00+01:00,30.384291647146057
2033-01-02 00:00:00+01:00,26.885520589283708
2033-01-02 01:00:00+01:00,19.35813847001851
2033-01-02 02:00:00+01:00,16.909912246762346
2033-01-02 03:00:00+01:00,15.393473615939506
2033-01-02 04:00:00+01:00,15.713204652558787
2033-01-02 05:00:00+01:00,16.9464529366617
2033-01-02 06:00:00+01:00,24.738755057697155
2033-01-02 07:00:00+01:00,43.621156563184016
2033-01-02 08:00:00+01:00,50.74659109355641
2033-01-02 09:00:00+01:00,53.898225597374974
2033-01-02 10:00:00+01:00,53.97130697717367
2033-01-02 11:00:00+01:00,57.60710562215855
2033-01-02 12:00:00+01:00,60.000520810565696
2033-01-02 13:00:00+01:00,62.44874703382185
2033-01-02 14:00:00+01:00,65.92924774673452
2033-01-02 15:00:00+01:00,68.17650017554428
2033-01-02 16:00:00+01:00,72.80803262028634
2033-01-02 17:00:00+01:00,75.81350436450751
2033-01-02 18:00:00+01:00,68.54190707453773
2033-01-02 19:00:00+01:00,61.4073373716905
2033-01-02 20:00:00+01:00,50.65523936880804
2033-01-02 21:00:00+01:00,36.82458824190572
2033-01-02 22:00:00+01:00,32.878193732776396
2033-01-02 23:00:00+01:00,23.021342632427917
2033-01-03 00:00:00+01:00,24.33680746880436
2033-01-03 01:00:00+01:00,20.39954813214986
2033-01-03 02:00:00+01:00,16.937317764186858
2033-01-03 03:00:00+01:00,16.909912246762346
2033-01-03 04:00:00+01:00,16.891641901812676
2033-01-03 05:00:00+01:00,28.137039218336298
2033-01-03 06:00:00+01:00,53.98957732212333
2033-01-03 07:00:00+01:00,61.39820219921567
2033-01-03 08:00:00+01:00,63.27091255655713
2033-01-03 09:00:00+01:00,64.01086152701887
2033-01-03 10:00:00+01:00,60.101007707788895
2033-01-03 11:00:00+01:00,57.92683665877783
2033-01-03 12:00:00+01:00,61.4073373716905
2033-01-03 13:00:00+01:00,65.91097740178485
2033-01-03 14:00:00+01:00,72.05894847734974
2033-01-03 15:00:00+01:00,77.99681058599342
2033-01-03 16:00:00+01:00,75.75869332965848
2033-01-03 17:00:00+01:00,81.1027692274378
2033-01-03 18:00:00+01:00,85.0948395989413
2033-01-03 19:00:00+01:00,81.51385198880544
2033-01-03 20:00:00+01:00,82.12590854461946
2033-01-03 21:00:00+01:00,67.76541741417664
2033-01-03 22:00:00+01:00,66.62352085482209
2033-01-03 23:00:00+01:00,55.32331250344944
2033-01-04 00:00:00+01:00,50.81053730088027
2033-01-04 01:00:00+01:00,44.013968979601984
2033-01-04 02:00:00+01:00,39.51032894950763
2033-01-04 03:00:00+01:00,34.084036499454804
2033-01-04 04:00:00+01:00,36.4409109979626
2033-01-04 05:00:00+01:00,56.69358837467491
2033-01-04 06:00:00+01:00,71.18197191976546
2033-01-04 07:00:00+01:00,83.47791407089525
2033-01-04 08:00:00+01:00,89.42491135201377
2033-01-04 09:00:00+01:00,92.3938424063356
2033-01-04 10:00:00+01:00,90.24707687474904
2033-01-04 11:00:00+01:00,87.30555133785171
2033-01-04 12:00:00+01:00,85.61554443000698
2033-01-04 13:00:00+01:00,86.31895271056938
2033-01-04 14:00:00+01:00,90.2105361848497
2033-01-04 15:00:00+01:00,92.24767964673822
2033-01-04 16:00:00+01:00,102.42426178370599
2033-01-04 17:00:00+01:00,105.28357076832977
2033-01-04 18:00:00+01:00,106.22449353323792
2033-01-04 19:00:00+01:00,105.31097628575428
2033-01-04 20:00:00+01:00,97.08932105840151
2033-01-04 21:00:00+01:00,93.76411827756107
2033-01-04 22:00:00+01:00,91.16059412223268
2033-01-04 23:00:00+01:00,86.92187409390858
2033-01-05 00:00:00+01:00,85.86219408682756
2033-01-05 01:00:00+01:00,81.14844508981197
2033-01-05 02:00:00+01:00,78.08816231074178
2033-01-05 03:00:00+01:00,77.10156368345945
2033-01-05 04:00:00+01:00,76.67221057714214
2033-01-05 05:00:00+01:00,82.29947682164136
2033-01-05 06:00:00+01:00,87.4517140974491
2033-01-05 07:00:00+01:00,97.9388920985613
2033-01-05 08:00:00+01:00,101.63863695087004
2033-01-05 09:00:00+01:00,98.62403003417403
2033-01-05 10:00:00+01:00,96.26715553566623
2033-01-05 11:00:00+01:00,96.10272243111919
2033-01-05 12:00:00+01:00,91.08751274243399
2033-01-05 13:00:00+01:00,92.24767964673822
2033-01-05 14:00:00+01:00,93.42611689599211
2033-01-05 15:00:00+01:00,97.39078175007111
2033-01-05 16:00:00+01:00,98.76105762129657
2033-01-05 17:00:00+01:00,106.18795284333856
2033-01-05 18:00:00+01:00,107.3755252650673
2033-01-05 19:00:00+01:00,103.2372921339664
2033-01-05 20:00:00+01:00,96.32196657051526
2033-01-05 21:00:00+01:00,91.49859550380162
2033-01-05 22:00:00+01:00,87.46084926992393
2033-01-05 23:00:00+01:00,85.01262304666778
2033-01-06 00:00:00+01:00,80.23492784232833
2033-01-06 01:00:00+01:00,76.0144781589539
2033-01-06 02:00:00+01:00,75.65820643243529
2033-01-06 03:00:00+01:00,73.72154986776998
2033-01-06 04:00:00+01:00,73.9042533172667
2033-01-06 05:00:00+01:00,75.11009608394511
2033-01-06 06:00:00+01:00,75.35674574076569
2033-01-06 07:00:00+01:00,79.69595266631299
2033-01-06 08:00:00+01:00,83.27694027644885
2033-01-06 09:00:00+01:00,87.23246995805302
2033-01-06 10:00:00+01:00,89.00469341817129
2033-01-06 11:00:00+01:00,90.87740377551276
2033-01-06 12:00:00+01:00,89.73550721615821
2033-01-06 13:00:00+01:00,88.50225893205528
2033-01-06 14:00:00+01:00,88.98642307322162
2033-01-06 15:00:00+01:00,89.98215687297879
2033-01-06 16:00:00+01:00,93.40784655104244
2033-01-06 17:00:00+01:00,95.94742449904696
2033-01-06 18:00:00+01:00,94.58628380029633
2033-01-06 19:00:00+01:00,90.87740377551276
2033-01-06 20:00:00+01:00,88.96815272827195
2033-01-06 21:00:00+01:00,85.95354581157594
2033-01-06 22:00:00+01:00,85.56073339515797
2033-01-06 23:00:00+01:00,81.9066644052234
2033-01-07 00:00:00+01:00,84.217863041357
2033-01-07 01:00:00+01:00,80.30800922212703
2033-01-07 02:00:00+01:00,77.39388920265421
2033-01-07 03:00:00+01:00,74.2513898713105
2033-01-07 04:00:00+01:00,72.56138296346575
2033-01-07 05:00:00+01:00,74.21484918141114
2033-01-07 06:00:00+01:00,76.06928919380293
2033-01-07 07:00:00+01:00,79.1478423178228
2033-01-07 08:00:00+01:00,81.96147544007242
2033-01-07 09:00:00+01:00,88.09117617068765
2033-01-07 10:00:00+01:00,92.10151688714083
2033-01-07 11:00:00+01:00,93.71844241518689
2033-01-07 12:00:00+01:00,93.37130586114309
2033-01-07 13:00:00+01:00,90.54853756641864
2033-01-07 14:00:00+01:00,90.49372653156962
2033-01-07 15:00:00+01:00,90.90480929293726
2033-01-07 16:00:00+01:00,94.96082587176463
2033-01-07 17:00:00+01:00,102.27809902410858
2033-01-07 18:00:00+01:00,105.37492249307813
2033-01-07 19:00:00+01:00,102.25982867915891
2033-01-07 20:00:00+01:00,99.519276936708
2033-01-07 21:00:00+01:00,96.46812933011263
2033-01-07 22:00:00+01:00,94.3304989710009
2033-01-07 23:00:00+01:00,90.86826860303792
2033-01-08 00:00:00+01:00,88.21906858533535
2033-01-08 01:00:00+01:00,87.36949754517558
2033-01-08 02:00:00+01:00,85.63381477495665
2033-01-08 03:00:00+01:00,84.2909444211557
2033-01-08 04:00:00+01:00,84.27267407620603
2033-01-08 05:00:00+01:00,87.4791196148736
2033-01-08 06:00:00+01:00,98.34997485992893
2033-01-08 07:00:00+01:00,105.55762594257486
2033-01-08 08:00:00+01:00,114.20863427624494
2033-01-08 09:00:00+01:00,114.01679565427338
2033-01-08 10:00:00+01:00,109.37612803705647
2033-01-08 11:00:00+01:00,108.53569216937154
2033-01-08 12:00:00+01:00,102.56128937082852
2033-01-08 13:00:00+01:00,102.45166730113047
2033-01-08 14:00:00+01:00,105.08259697388337
2033-01-08 15:00:00+01:00,108.0241225107807
2033-01-08 16:00:00+01:00,115.48755842272203
2033-01-08 17:00:00+01:00,131.47411025368575
2033-01-08 18:00:00+01:00,131.79384129030504
2033-01-08 19:00:00+01:00,124.01980951421923
2033-01-08 20:00:00+01:00,113.03933219946587
2033-01-08 21:00:00+01:00,101.65690729581972
2033-01-08 22:00:00+01:00,100.6520383235877
2033-01-08 23:00:00+01:00,98.77019279377141
2033-01-09 00:00:00+01:00,92.70443827048004
2033-01-09 01:00:00+01:00,92.3938424063356
2033-01-09 02:00:00+01:00,91.58994722854999
2033-01-09 03:00:00+01:00,90.56680791136831
2033-01-09 04:00:00+01:00,90.46632101414511
2033-01-09 05:00:00+01:00,94.05644379675581
2033-01-09 06:00:00+01:00,104.82681214458795
2033-01-09 07:00:00+01:00,122.57645226319508
2033-01-09 08:00:00+01:00,130.5879985236266
2033-01-09 09:00:00+01:00,123.87364675462186
2033-01-09 10:00:00+01:00,109.4309390719055
2033-01-09 11:00:00+01:00,104.23302593372358
2033-01-09 12:00:00+01:00,99.71111555867955
2033-01-09 13:00:00+01:00,100.46019970161615
2033-01-09 14:00:00+01:00,107.7226618191111
2033-01-09 15:00:00+01:00,114.6745280724616
2033-01-09 16:00:00+01:00,124.44002744806173
2033-01-09 17:00:00+01:00,136.94607856611276
2033-01-09 18:00:00+01:00,137.24753925778236
2033-01-09 19:00:00+01:00,128.02101505819758
2033-01-09 20:00:00+01:00,112.43641081612668
2033-01-09 21:00:00+01:00,106.09660111859021
2033-01-09 22:00:00+01:00,100.93522867030764
2033-01-09 23:00:00+01:00,96.75131967683257
2033-01-10 00:00:00+01:00,92.092381714666
2033-01-10 01:00:00+01:00,89.93648101060461
2033-01-10 02:00:00+01:00,89.32442445479057
2033-01-10 03:00:00+01:00,88.10031134316249
2033-01-10 04:00:00+01:00,88.07290582573798
2033-01-10 05:00:00+01:00,90.6124837737425
2033-01-10 06:00:00+01:00,102.16847695441055
2033-01-10 07:00:00+01:00,119.18730327503079
2033-01-10 08:00:00+01:00,132.2871406039462
2033-01-10 09:00:00+01:00,121.7268812230353
2033-01-10 10:00:00+01:00,111.48635287874367
2033-01-10 11:00:00+01:00,105.78600525444577
2033-01-10 12:00:00+01:00,101.63863695087004
2033-01-10 13:00:00+01:00,101.42852798394881
2033-01-10 14:00:00+01:00,105.74946456454641
2033-01-10 15:00:00+01:00,114.1264177239714
2033-01-10 16:00:00+01:00,120.81336397555167
2033-01-10 17:00:00+01:00,131.95827439485208
2033-01-10 18:00:00+01:00,132.72562888273833
2033-01-10 19:00:00+01:00,123.92845778947088
2033-01-10 20:00:00+01:00,112.78354737017045
2033-01-10 21:00:00+01:00,103.14594040921804
2033-01-10 22:00:00+01:00,100.14046866499687
2033-01-10 23:00:00+01:00,95.66423415232703
2033-01-11 00:00:00+01:00,90.89567412046243
2033-01-11 01:00:00+01:00,88.33782582750824
2033-01-11 02:00:00+01:00,86.20933064087136
2033-01-11 03:00:00+01:00,85.35975960071156
2033-01-11 04:00:00+01:00,85.76170718960437
2033-01-11 05:00:00+01:00,89.08690997044482
2033-01-11 06:00:00+01:00,102.33291005895761
2033-01-11 07:00:00+01:00,117.51556671213572
2033-01-11 08:00:00+01:00,136.67202339186764
2033-01-11 09:00:00+01:00,125.42662607534406
2033-01-11 10:00:00+01:00,112.03446322723389
2033-01-11 11:00:00+01:00,103.19161627159222
2033-01-11 12:00:00+01:00,98.5418134819005
2033-01-11 13:00:00+01:00,98.52354313695082
2033-01-11 14:00:00+01:00,102.6800466130014
2033-01-11 15:00:00+01:00,113.11241357926457
2033-01-11 16:00:00+01:00,121.3249336341425
2033-01-11 17:00:00+01:00,133.78530888981936
2033-01-11 18:00:00+01:00,134.6714206198785
2033-01-11 19:00:00+01:00,128.08496126552146
2033-01-11 20:00:00+01:00,113.1215487517394
2033-01-11 21:00:00+01:00,102.92669626982197
2033-01-11 22:00:00+01:00,99.65630452383054
2033-01-11 23:00:00+01:00,93.08811551442315
2033-01-12 00:00:00+01:00,86.86706305905957
2033-01-12 01:00:00+01:00,84.70202718252334
2033-01-12 02:00:00+01:00,84.51932373302661
2033-01-12 03:00:00+01:00,83.23126441407467
2033-01-12 04:00:00+01:00,83.73369890019067
2033-01-12 05:00:00+01:00,85.63381477495665
2033-01-12 06:00:00+01:00,95.94742449904696
2033-01-12 07:00:00+01:00,111.55943425854238
2033-01-12 08:00:00+01:00,128.43209781956523
2033-01-12 09:00:00+01:00,119.342601207103
2033-01-12 10:00:00+01:00,109.37612803705647
2033-01-12 11:00:00+01:00,103.06372385694452
2033-01-12 12:00:00+01:00,98.82500382862042
2033-01-12 13:00:00+01:00,96.44985898516296
2033-01-12 14:00:00+01:00,98.79759831119591
2033-01-12 15:00:00+01:00,103.49307696326183
2033-01-12 16:00:00+01:00,108.64531423906956
2033-01-12 17:00:00+01:00,118.04540671567622
2033-01-12 18:00:00+01:00,120.80422880307682
2033-01-12 19:00:00+01:00,115.15869221362793
2033-01-12 20:00:00+01:00,105.04605628398402
2033-01-12 21:00:00+01:00,95.81953208439926
2033-01-12 22:00:00+01:00,92.85060103007741
2033-01-12 23:00:00+01:00,88.42004237978175
2033-01-13 00:00:00+01:00,91.43464929647777
2033-01-13 01:00:00+01:00,86.56560236738996
2033-01-13 02:00:00+01:00,85.98095132900045
2033-01-13 03:00:00+01:00,85.69776098228051
2033-01-13 04:00:00+01:00,85.3688947731864
2033-01-13 05:00:00+01:00,85.98095132900045
2033-01-13 06:00:00+01:00,86.98582030123245
2033-01-13 07:00:00+01:00,87.36949754517558
2033-01-13 08:00:00+01:00,88.97728790074677
2033-01-13 09:00:00+01:00,91.5168658487513
2033-01-13 10:00:00+01:00,91.59908240102483
2033-01-13 11:00:00+01:00,90.54853756641864
2033-01-13 12:00:00+01:00,86.61127822976415
2033-01-13 13:00:00+01:00,85.5698685676328
2033-01-13 14:00:00+01:00,85.95354581157594
2033-01-13 15:00:00+01:00,88.81285479619973
2033-01-13 16:00:00+01:00,89.42491135201377
2033-01-13 17:00:00+01:00,96.06618174121984
2033-01-13 18:00:00+01:00,98.80673348367075
2033-01-13 19:00:00+01:00,97.26288933542341
2033-01-13 20:00:00+01:00,94.01990310685648
2033-01-13 21:00:00+01:00,90.60334860126765
2033-01-13 22:00:00+01:00,91.34329757172941
2033-01-13 23:00:00+01:00,90.30188790959805
2033-01-14 00:00:00+01:00,86.23673615829586
2033-01-14 01:00:00+01:00,85.60640925753214
2033-01-14 02:00:00+01:00,85.58813891258247
2033-01-14 03:00:00+01:00,85.18619132368967
2033-01-14 04:00:00+01:00,85.11310994389098
2033-01-14 05:00:00+01:00,85.1953264961645
2033-01-14 06:00:00+01:00,85.14965063379032
2033-01-14 07:00:00+01:00,85.44197615298509
2033-01-14 08:00:00+01:00,85.15878580626516
2033-01-14 09:00:00+01:00,85.99008650147528
2033-01-14 10:00:00+01:00,85.22273201358901
2033-01-14 11:00:00+01:00,85.14051546131549
2033-01-14 12:00:00+01:00,84.09910579918414
2033-01-14 13:00:00+01:00,85.14965063379032
2033-01-14 14:00:00+01:00,85.38716511813607
2033-01-14 15:00:00+01:00,87.64355271942067
2033-01-14 16:00:00+01:00,90.99616101768562
2033-01-14 17:00:00+01:00,94.32136379852608
2033-01-14 18:00:00+01:00,95.80126173944959
2033-01-14 19:00:00+01:00,94.63195966267052
2033-01-14 20:00:00+01:00,91.9188134376441
2033-01-14 21:00:00+01:00,89.65329066388468
2033-01-14 22:00:00+01:00,88.87680100352357
2033-01-14 23:00:00+01:00,85.98095132900045
2033-01-15 00:00:00+01:00,87.43344375249943
2033-01-15 01:00:00+01:00,85.96268098405076
2033-01-15 02:00:00+01:00,86.12711408859782
2033-01-15 03:00:00+01:00,86.22760098582103
2033-01-15 04:00:00+01:00,86.0448975363243
2033-01-15 05:00:00+01:00,87.92674306614059
2033-01-15 06:00:00+01:00,92.83233068512774
2033-01-15 07:00:00+01:00,98.1672714104322
2033-01-15 08:00:00+01:00,104.17821489887456
2033-01-15 09:00:00+01:00,101.46506867384815
2033-01-15 10:00:00+01:00,101.48333901879784
2033-01-15 11:00:00+01:00,98.22208244528122
2033-01-15 12:00:00+01:00,96.14839829349336
2033-01-15 13:00:00+01:00,96.5320755374365
2033-01-15 14:00:00+01:00,97.65570175184136
2033-01-15 15:00:00+01:00,97.90235140866196
2033-01-15 16:00:00+01:00,100.2226852172704
2033-01-15 17:00:00+01:00,108.94677493073917
2033-01-15 18:00:00+01:00,114.95771841918153
2033-01-15 19:00:00+01:00,109.67758872872608
2033-01-15 20:00:00+01:00,101.529014881172
2033-01-15 21:00:00+01:00,96.09358725864433
2033-01-15 22:00:00+01:00,93.9468217270578
2033-01-15 23:00:00+01:00,90.80432239571405
2033-01-16 00:00:00+01:00,87.74403961664386
2033-01-16 01:00:00+01:00,88.24647410275986
2033-01-16 02:00:00+01:00,86.99495547370728
2033-01-16 03:00:00+01:00,87.33295685527622
2033-01-16 04:00:00+01:00,87.38776789012525
2033-01-16 05:00:00+01:00,88.23733893028503
2033-01-16 06:00:00+01:00,94.56801345534666
2033-01-16 07:00:00+01:00,108.05152802820521
2033-01-16 08:00:00+01:00,129.28166885972502
2033-01-16 09:00:00+01:00,122.6312632980441
2033-01-16 10:00:00+01:00,113.1946301315381
2033-01-16 11:00:00+01:00,105.08259697388337
2033-01-16 12:00:00+01:00,97.11672657582602
2033-01-16 13:00:00+01:00,96.63256243465969
2033-01-16 14:00:00+01:00,98.60575968922436
2033-01-16 15:00:00+01:00,108.7275307913431
2033-01-16 16:00:00+01:00,113.66052392775475
2033-01-16 17:00:00+01:00,129.29993920467467
2033-01-16 18:00:00+01:00,127.1166329831888
2033-01-16 19:00:00+01:00,118.05454188815108
2033-01-16 20:00:00+01:00,103.90415972462947
2033-01-16 21:00:00+01:00,94.58628380029633
2033-01-16 22:00:00+01:00,94.61368931772084
2033-01-16 23:00:00+01:00,90.67642998106635
2033-01-17 00:00:00+01:00,86.83052236916022
2033-01-17 01:00:00+01:00,85.0400285640923
2033-01-17 02:00:00+01:00,82.43650440876391
2033-01-17 03:00:00+01:00,82.31774716659103
2033-01-17 04:00:00+01:00,82.34515268401555
2033-01-17 05:00:00+01:00,86.73917064441187
2033-01-17 06:00:00+01:00,91.46205481390228
2033-01-17 07:00:00+01:00,105.24703007843041
2033-01-17 08:00:00+01:00,110.91083701282899
2033-01-17 09:00:00+01:00,109.4766149342797
2033-01-17 10:00:00+01:00,108.3529887198748
2033-01-17 11:00:00+01:00,107.20195698804541
2033-01-17 12:00:00+01:00,104.53448662539319
2033-01-17 13:00:00+01:00,103.73059144760758
2033-01-17 14:00:00+01:00,104.95470455923567
2033-01-17 15:00:00+01:00,109.41266872695581
2033-01-17 16:00:00+01:00,112.52776254087505
2033-01-17 17:00:00+01:00,123.60872675285161
2033-01-17 18:00:00+01:00,118.77622051366313
2033-01-17 19:00:00+01:00,108.82801768856629
2033-01-17 20:00:00+01:00,101.09052660237985
2033-01-17 21:00:00+01:00,91.96448930001829
2033-01-17 22:00:00+01:00,90.56680791136831
2033-01-17 23:00:00+01:00,87.122847888355
2033-01-18 00:00:00+01:00,80.74649750091918
2033-01-18 01:00:00+01:00,77.3390781678052
2033-01-18 02:00:00+01:00,76.20631678092549
2033-01-18 03:00:00+01:00,75.92312643420556
2033-01-18 04:00:00+01:00,76.16977609102614
2033-01-18 05:00:00+01:00,80.28973887717736
2033-01-18 06:00:00+01:00,89.2330727300422
2033-01-18 07:00:00+01:00,102.81707420012394
2033-01-18 08:00:00+01:00,111.55943425854238
2033-01-18 09:00:00+01:00,110.25310459464077
2033-01-18 10:00:00+01:00,102.04971971223767
2033-01-18 11:00:00+01:00,98.67884106902304
2033-01-18 12:00:00+01:00,92.85973620255226
2033-01-18 13:00:00+01:00,91.95535412754344
2033-01-18 14:00:00+01:00,91.9462189550686
2033-01-18 15:00:00+01:00,92.86887137502708
2033-01-18 16:00:00+01:00,95.51807139272965
2033-01-18 17:00:00+01:00,103.57529351553535
2033-01-18 18:00:00+01:00,103.19161627159222
2033-01-18 19:00:00+01:00,97.26288933542341
2033-01-18 20:00:00+01:00,90.40237480682126
2033-01-18 21:00:00+01:00,88.92247686589776
2033-01-18 22:00:00+01:00,87.11371271588015
2033-01-18 23:00:00+01:00,83.24953475902434
2033-01-19 00:00:00+01:00,80.83784922566754
2033-01-19 01:00:00+01:00,79.65027680393881
2033-01-19 02:00:00+01:00,79.0473554205996
2033-01-19 03:00:00+01:00,78.82811128120352
2033-01-19 04:00:00+01:00,78.5175154170591
2033-01-19 05:00:00+01:00,80.64601060369598
2033-01-19 06:00:00+01:00,85.13138028884065
2033-01-19 07:00:00+01:00,94.39444517832477
2033-01-19 08:00:00+01:00,102.62523557815237
2033-01-19 09:00:00+01:00,103.40172523851346
2033-01-19 10:00:00+01:00,92.54000516593298
2033-01-19 11:00:00+01:00,88.10944651563733
2033-01-19 12:00:00+01:00,84.05342993680995
2033-01-19 13:00:00+01:00,84.43710718075307
2033-01-19 14:00:00+01:00,86.55646719491513
2033-01-19 15:00:00+01:00,86.84879271410989
2033-01-19 16:00:00+01:00,90.53026722146896
2033-01-19 17:00:00+01:00,92.40297757881042
2033-01-19 18:00:00+01:00,96.11185760359402
2033-01-19 19:00:00+01:00,91.96448930001829
2033-01-19 20:00:00+01:00,88.51139410453013
2033-01-19 21:00:00+01:00,85.11310994389098
2033-01-19 22:00:00+01:00,87.31468651032655
2033-01-19 23:00:00+01:00,83.55099545069395
2033-01-20 00:00:00+01:00,78.70935403903066
2033-01-20 01:00:00+01:00,78.70935403903066
2033-01-20 02:00:00+01:00,78.80984093625385
2033-01-20 03:00:00+01:00,77.87805334382054
2033-01-20 04:00:00+01:00,77.8689181713457
2033-01-20 05:00:00+01:00,78.79157059130418
2033-01-20 06:00:00+01:00,78.69108369408099
2033-01-20 07:00:00+01:00,78.77330024635452
2033-01-20 08:00:00+01:00,82.7836409628077
2033-01-20 09:00:00+01:00,85.65208511990632
2033-01-20 10:00:00+01:00,83.70629338276618
2033-01-20 11:00:00+01:00,78.70021886655582
2033-01-20 12:00:00+01:00,75.11923125641995
2033-01-20 13:00:00+01:00,72.88111400008503
2033-01-20 14:00:00+01:00,74.48890435565623
2033-01-20 15:00:00+01:00,78.76416507387968
2033-01-20 16:00:00+01:00,83.3865623461469
2033-01-20 17:00:00+01:00,88.06377065326313
2033-01-20 18:00:00+01:00,90.87740377551276
2033-01-20 19:00:00+01:00,87.92674306614059
2033-01-20 20:00:00+01:00,84.93040649439425
2033-01-20 21:00:00+01:00,80.41763129182507
2033-01-20 22:00:00+01:00,80.8013085357682
2033-01-20 23:00:00+01:00,77.78670161907218
2033-01-21 00:00:00+01:00,75.07355539404575
2033-01-21 01:00:00+01:00,75.02787953167159
2033-01-21 02:00:00+01:00,73.66673883292096
2033-01-21 03:00:00+01:00,73.86771262736737
2033-01-21 04:00:00+01:00,74.49803952813107
2033-01-21 05:00:00+01:00,74.52544504555559
2033-01-21 06:00:00+01:00,75.96880229657974
2033-01-21 07:00:00+01:00,74.84517608217485
2033-01-21 08:00:00+01:00,74.54371539050526
2033-01-21 09:00:00+01:00,74.52544504555559
2033-01-21 10:00:00+01:00,74.49803952813107
2033-01-21 11:00:00+01:00,73.31046710640234
2033-01-21 12:00:00+01:00,69.85737191091418
2033-01-21 13:00:00+01:00,69.80256087606516
2033-01-21 14:00:00+01:00,73.35614296877652
2033-01-21 15:00:00+01:00,74.47063401070656
2033-01-21 16:00:00+01:00,75.81350436450751
2033-01-21 17:00:00+01:00,78.38962300241138
2033-01-21 18:00:00+01:00,78.42616369231072
2033-01-21 19:00:00+01:00,78.30740645013786
2033-01-21 20:00:00+01:00,78.00594575846826
2033-01-21 21:00:00+01:00,76.48950712764541
2033-01-21 22:00:00+01:00,77.27513196048135
2033-01-21 23:00:00+01:00,76.32507402309835
2033-01-22 00:00:00+01:00,73.41095400362553
2033-01-22 01:00:00+01:00,74.45236366575689
2033-01-22 02:00:00+01:00,74.48890435565623
2033-01-22 03:00:00+01:00,74.22398435388598
2033-01-22 04:00:00+01:00,72.37867951396903
2033-01-22 05:00:00+01:00,74.24225469883565
2033-01-22 06:00:00+01:00,77.50351127235226
2033-01-22 07:00:00+01:00,80.56379405142245
2033-01-22 08:00:00+01:00,81.24893198703518
2033-01-22 09:00:00+01:00,79.5497899067156
2033-01-22 10:00:00+01:00,80.1253057726303
2033-01-22 11:00:00+01:00,82.2812064766917
2033-01-22 12:00:00+01:00,82.34515268401555
2033-01-22 13:00:00+01:00,82.31774716659103
2033-01-22 14:00:00+01:00,81.75136647315118
2033-01-22 15:00:00+01:00,81.81531268047505
2033-01-22 16:00:00+01:00,81.71482578325184
2033-01-22 17:00:00+01:00,83.7885099350397
2033-01-22 18:00:00+01:00,83.64234717544232
2033-01-22 19:00:00+01:00,82.04369199234596
2033-01-22 20:00:00+01:00,78.59059679685778
2033-01-22 21:00:00+01:00,77.41215954760388
2033-01-22 22:00:00+01:00,77.69534989432381
2033-01-22 23:00:00+01:00,74.51630987308074
2033-01-23 00:00:00+01:00,71.48343261143506
2033-01-23 01:00:00+01:00,72.99073606978305
2033-01-23 02:00:00+01:00,72.98160089730823
2033-01-23 03:00:00+01:00,72.00413744250073
2033-01-23 04:00:00+01:00,72.01327261497556
2033-01-23 05:00:00+01:00,71.97673192507622
2033-01-23 06:00:00+01:00,75.94139677915523
2033-01-23 07:00:00+01:00,79.53151956176593
2033-01-23 08:00:00+01:00,82.36342302896522
2033-01-23 09:00:00+01:00,81.94320509512275
2033-01-23 10:00:00+01:00,78.76416507387968
2033-01-23 11:00:00+01:00,76.75442712941566
2033-01-23 12:00:00+01:00,76.22458712587515
2033-01-23 13:00:00+01:00,76.75442712941566
2033-01-23 14:00:00+01:00,75.92312643420556
2033-01-23 15:00:00+01:00,76.97367126881173
2033-01-23 16:00:00+01:00,77.81410713649669
2033-01-23 17:00:00+01:00,80.22579266985349
2033-01-23 18:00:00+01:00,79.8512505983852
2033-01-23 19:00:00+01:00,77.38475403017938
2033-01-23 20:00:00+01:00,76.92799540643755
2033-01-23 21:00:00+01:00,75.28366436096701
2033-01-23 22:00:00+01:00,75.29279953344184
2033-01-23 23:00:00+01:00,70.52423950157724
2033-01-24 00:00:00+01:00,75.64907125996046
2033-01-24 01:00:00+01:00,72.3969498589187
2033-01-24 02:00:00+01:00,69.95785880813737
2033-01-24 03:00:00+01:00,70.5881857089011
2033-01-24 04:00:00+01:00,69.59245190914392
2033-01-24 05:00:00+01:00,72.38781468644386
2033-01-24 06:00:00+01:00,77.87805334382054
2033-01-24 07:00:00+01:00,82.16244923451882
2033-01-24 08:00:00+01:00,81.38595957415772
2033-01-24 09:00:00+01:00,81.0022823302146
2033-01-24 10:00:00+01:00,77.94199955114439
2033-01-24 11:00:00+01:00,76.88231954406338
2033-01-24 12:00:00+01:00,79.32141059484469
2033-01-24 13:00:00+01:00,79.55892507919044
2033-01-24 14:00:00+01:00,78.94686852337641
2033-01-24 15:00:00+01:00,79.07476093802411
2033-01-24 16:00:00+01:00,80.57292922389729
2033-01-24 17:00:00+01:00,82.32688233906588
2033-01-24 18:00:00+01:00,85.5698685676328
2033-01-24 19:00:00+01:00,84.13564648908348
2033-01-24 20:00:00+01:00,77.7684312741225
2033-01-24 21:00:00+01:00,76.00534298647908
2033-01-24 22:00:00+01:00,76.00534298647908
2033-01-24 23:00:00+01:00,75.63080091501078
2033-01-25 00:00:00+01:00,72.40608503139353
2033-01-25 01:00:00+01:00,72.4974367561419
2033-01-25 02:00:00+01:00,69.6107222540936
2033-01-25 03:00:00+01:00,69.25445052757497
2033-01-25 04:00:00+01:00,70.29586018970633
2033-01-25 05:00:00+01:00,76.03274850390359
2033-01-25 06:00:00+01:00,77.38475403017938
2033-01-25 07:00:00+01:00,84.68375683757367
2033-01-25 08:00:00+01:00,86.91273892143376
2033-01-25 09:00:00+01:00,86.83965754163506
2033-01-25 10:00:00+01:00,83.74283407266552
2033-01-25 11:00:00+01:00,81.99801612997176
2033-01-25 12:00:00+01:00,80.28973887717736
2033-01-25 13:00:00+01:00,81.48644647138093
2033-01-25 14:00:00+01:00,83.14904786180115
2033-01-25 15:00:00+01:00,87.08630719845564
2033-01-25 16:00:00+01:00,93.35303551619342
2033-01-25 17:00:00+01:00,100.9991748776315
2033-01-25 18:00:00+01:00,101.01744522258116
2033-01-25 19:00:00+01:00,95.04304242403815
2033-01-25 20:00:00+01:00,86.25500650324554
2033-01-25 21:00:00+01:00,80.06135956530645
2033-01-25 22:00:00+01:00,78.39875817488621
2033-01-25 23:00:00+01:00,76.05101884885326
2033-01-26 00:00:00+01:00,70.61559122632559
2033-01-26 01:00:00+01:00,68.66066431671061
2033-01-26 02:00:00+01:00,70.1131567402096
2033-01-26 03:00:00+01:00,70.42375260435404
2033-01-26 04:00:00+01:00,69.81169604854
2033-01-26 05:00:00+01:00,70.56078019147658
2033-01-26 06:00:00+01:00,78.91032783347706
2033-01-26 07:00:00+01:00,81.62347405850346
2033-01-26 08:00:00+01:00,83.95294303958674
2033-01-26 09:00:00+01:00,81.96147544007242
2033-01-26 10:00:00+01:00,80.13444094510514
2033-01-26 11:00:00+01:00,77.8415126539212
2033-01-26 12:00:00+01:00,79.97000784055808
2033-01-26 13:00:00+01:00,79.70508783878783
2033-01-26 14:00:00+01:00,78.77330024635452
2033-01-26 15:00:00+01:00,78.80984093625385
2033-01-26 16:00:00+01:00,78.69108369408099
2033-01-26 17:00:00+01:00,80.73736232844433
2033-01-26 18:00:00+01:00,86.39203409036807
2033-01-26 19:00:00+01:00,87.625282374471
2033-01-26 20:00:00+01:00,83.64234717544232
2033-01-26 21:00:00+01:00,80.6277402587463
2033-01-26 22:00:00+01:00,78.14297334559079
2033-01-26 23:00:00+01:00,72.4700312387174
2033-01-27 00:00:00+01:00,66.20330292097961
2033-01-27 01:00:00+01:00,65.9749236091087
2033-01-27 02:00:00+01:00,65.85616636693584
2033-01-27 03:00:00+01:00,66.46822292274986
2033-01-27 04:00:00+01:00,66.5504394750234
2033-01-27 05:00:00+01:00,64.63205325530775
2033-01-27 06:00:00+01:00,62.302584274224465
2033-01-27 07:00:00+01:00,66.25811395582863
2033-01-27 08:00:00+01:00,72.68927537811346
2033-01-27 09:00:00+01:00,70.74348364097331
2033-01-27 10:00:00+01:00,67.15336085836259
2033-01-27 11:00:00+01:00,63.681995317924766
2033-01-27 12:00:00+01:00,64.15702428661626
2033-01-27 13:00:00+01:00,56.24596492340793
2033-01-27 14:00:00+01:00,59.890898740867655
2033-01-27 15:00:00+01:00,69.03520638817889
2033-01-27 16:00:00+01:00,77.47610575492774
2033-01-27 17:00:00+01:00,82.52785613351227
2033-01-27 18:00:00+01:00,89.10518031539448
2033-01-27 19:00:00+01:00,86.33722305551905
2033-01-27 20:00:00+01:00,82.27207130421687
2033-01-27 21:00:00+01:00,78.243460242814
2033-01-27 22:00:00+01:00,76.93713057891239
2033-01-27 23:00:00+01:00,74.26966021626016
2033-01-28 00:00:00+01:00,73.53884641827325
2033-01-28 01:00:00+01:00,69.63812777151811
2033-01-28 02:00:00+01:00,67.14422568588776
2033-01-28 03:00:00+01:00,64.2666463563143
2033-01-28 04:00:00+01:00,63.13388496943458
2033-01-28 05:00:00+01:00,62.32085461917414
2033-01-28 06:00:00+01:00,65.56384084774106
2033-01-28 07:00:00+01:00,69.44628914954654
2033-01-28 08:00:00+01:00,67.23557741063613
2033-01-28 09:00:00+01:00,65.344596708345
2033-01-28 10:00:00+01:00,61.389067026740825
2033-01-28 11:00:00+01:00,55.93536905926349
2033-01-28 12:00:00+01:00,52.107731792307035
2033-01-28 13:00:00+01:00,40.23200757501971
2033-01-28 14:00:00+01:00,45.66743519754736
2033-01-28 15:00:00+01:00,54.80260767238377
2033-01-28 16:00:00+01:00,67.28125327301031
2033-01-28 17:00:00+01:00,77.19291540820781
2033-01-28 18:00:00+01:00,79.7233581837375
2033-01-28 19:00:00+01:00,78.39875817488621
2033-01-28 20:00:00+01:00,76.48950712764541
2033-01-28 21:00:00+01:00,74.20571400893631
2033-01-28 22:00:00+01:00,72.64359951573928
2033-01-28 23:00:00+01:00,70.72521329602364
2033-01-29 00:00:00+01:00,66.68746706214594
2033-01-29 01:00:00+01:00,61.86409599543232
2033-01-29 02:00:00+01:00,53.51454835343184
2033-01-29 03:00:00+01:00,56.784940099423274
2033-01-29 04:00:00+01:00,56.76666975447361
2033-01-29 05:00:00+01:00,68.27698707276747
2033-01-29 06:00:00+01:00,78.79157059130418
2033-01-29 07:00:00+01:00,84.93040649439425
2033-01-29 08:00:00+01:00,92.81406034017806
2033-01-29 09:00:00+01:00,84.9943527017181
2033-01-29 10:00:00+01:00,78.86465197110287
2033-01-29 11:00:00+01:00,77.79583679154702
2033-01-29 12:00:00+01:00,77.02848230366075
2033-01-29 13:00:00+01:00,76.81837333673953
2033-01-29 14:00:00+01:00,80.63687543122114
2033-01-29 15:00:00+01:00,84.71116235499818
2033-01-29 16:00:00+01:00,98.77932796624624
2033-01-29 17:00:00+01:00,108.03325768325553
2033-01-29 18:00:00+01:00,109.76894045347444
2033-01-29 19:00:00+01:00,104.25129627867327
2033-01-29 20:00:00+01:00,90.1100492876265
2033-01-29 21:00:00+01:00,82.25380095926718
2033-01-29 22:00:00+01:00,79.47670852691692
2033-01-29 23:00:00+01:00,76.30680367814868
2033-01-30 00:00:00+01:00,70.84397053819652
2033-01-30 01:00:00+01:00,69.25445052757497
2033-01-30 02:00:00+01:00,69.28185604499949
2033-01-30 03:00:00+01:00,68.87077328363185
2033-01-30 04:00:00+01:00,68.85250293868218
2033-01-30 05:00:00+01:00,70.56078019147658
2033-01-30 06:00:00+01:00,78.76416507387968
2033-01-30 07:00:00+01:00,87.68922858179485
2033-01-30 08:00:00+01:00,94.45839138564861
2033-01-30 09:00:00+01:00,87.0040906461821
2033-01-30 10:00:00+01:00,79.73249335621233
2033-01-30 11:00:00+01:00,78.63627265923196
2033-01-30 12:00:00+01:00,76.34334436804802
2033-01-30 13:00:00+01:00,76.34334436804802
2033-01-30 14:00:00+01:00,77.9694050685689
2033-01-30 15:00:00+01:00,80.9292009504159
2033-01-30 16:00:00+01:00,83.20385889665017
2033-01-30 17:00:00+01:00,86.9492796113331
2033-01-30 18:00:00+01:00,94.2756879361519
2033-01-30 19:00:00+01:00,90.62161894621734
2033-01-30 20:00:00+01:00,84.77510856232203
2033-01-30 21:00:00+01:00,79.23005887009634
2033-01-30 22:00:00+01:00,78.05162162084244
2033-01-30 23:00:00+01:00,76.07842436627777
2033-01-31 00:00:00+01:00,74.19657883646147
2033-01-31 01:00:00+01:00,71.49256778390989
2033-01-31 02:00:00+01:00,70.07661605031025
2033-01-31 03:00:00+01:00,70.35980639703018
2033-01-31 04:00:00+01:00,69.23618018262529
2033-01-31 05:00:00+01:00,74.94566297939805
2033-01-31 06:00:00+01:00,81.76050164562602
2033-01-31 07:00:00+01:00,97.1624024382002
2033-01-31 08:00:00+01:00,106.61730594965587
2033-01-31 09:00:00+01:00,90.6124837737425
2033-01-31 10:00:00+01:00,83.0120202746786
2033-01-31 11:00:00+01:00,79.08389611049894
2033-01-31 12:00:00+01:00,76.53518299001959
2033-01-31 13:00:00+01:00,76.88231954406338
2033-01-31 14:00:00+01:00,77.93286437866956
2033-01-31 15:00:00+01:00,79.60460094156463
2033-01-31 16:00:00+01:00,80.4541719817244
2033-01-31 17:00:00+01:00,83.27694027644885
2033-01-31 18:00:00+01:00,87.21419961310335
2033-01-31 19:00:00+01:00,84.93954166686909
2033-01-31 20:00:00+01:00,80.59119956884696
2033-01-31 21:00:00+01:00,76.42556092032156
2033-01-31 22:00:00+01:00,75.53944919026242
2033-01-31 23:00:00+01:00,70.40548225940435
2033-02-01 00:00:00+01:00,71.28245881698867
2033-02-01 01:00:00+01:00,71.26418847203898
2033-02-01 02:00:00+01:00,71.24591812708931
2033-02-01 03:00:00+01:00,74.03214573191441
2033-02-01 04:00:00+01:00,74.22398435388598
2033-02-01 05:00:00+01:00,74.2513898713105
2033-02-01 06:00:00+01:00,85.13138028884065
2033-02-01 07:00:00+01:00,89.76291273358271
2033-02-01 08:00:00+01:00,90.04610308030263
2033-02-01 09:00:00+01:00,89.4066410070641
2033-02-01 10:00:00+01:00,85.1222451163658
2033-02-01 11:00:00+01:00,84.23613338630668
2033-02-01 12:00:00+01:00,83.0120202746786
2033-02-01 13:00:00+01:00,83.44137338099593
2033-02-01 14:00:00+01:00,82.9846147572541
2033-02-01 15:00:00+01:00,85.96268098405076
2033-02-01 16:00:00+01:00,87.74403961664386
2033-02-01 17:00:00+01:00,90.51199687651929
2033-02-01 18:00:00+01:00,97.50040381976916
2033-02-01 19:00:00+01:00,92.93281758235095
2033-02-01 20:00:00+01:00,91.13318860480817
2033-02-01 21:00:00+01:00,84.22699821383185
2033-02-01 22:00:00+01:00,80.07962991025612
2033-02-01 23:00:00+01:00,73.5023057283739
2033-02-02 00:00:00+01:00,73.18257469175462
2033-02-02 01:00:00+01:00,73.15516917433013
2033-02-02 02:00:00+01:00,77.08329333850978
2033-02-02 03:00:00+01:00,78.76416507387968
2033-02-02 04:00:00+01:00,78.83724645367836
2033-02-02 05:00:00+01:00,77.90545886124505
2033-02-02 06:00:00+01:00,83.29521062139852
2033-02-02 07:00:00+01:00,87.66182306437034
2033-02-02 08:00:00+01:00,89.69896652625886
2033-02-02 09:00:00+01:00,86.94014443885827
2033-02-02 10:00:00+01:00,85.58813891258247
2033-02-02 11:00:00+01:00,82.4090988913394
2033-02-02 12:00:00+01:00,82.06196233729563
2033-02-02 13:00:00+01:00,82.03455681987111
2033-02-02 14:00:00+01:00,82.06196233729563
2033-02-02 15:00:00+01:00,82.08936785472012
2033-02-02 16:00:00+01:00,86.14538443354749
2033-02-02 17:00:00+01:00,85.14051546131549
2033-02-02 18:00:00+01:00,87.13198306082982
2033-02-02 19:00:00+01:00,83.4870492433701
2033-02-02 20:00:00+01:00,78.7184892115055
2033-02-02 21:00:00+01:00,76.44383126527123
2033-02-02 22:00:00+01:00,77.90545886124505
2033-02-02 23:00:00+01:00,73.3744133137262
2033-02-03 00:00:00+01:00,70.27758984475665
2033-02-03 01:00:00+01:00,76.91886023396272
2033-02-03 02:00:00+01:00,70.73434846849847
2033-02-03 03:00:00+01:00,70.61559122632559
2033-02-03 04:00:00+01:00,70.25018432733214
2033-02-03 05:00:00+01:00,68.98953052580471
2033-02-03 06:00:00+01:00,70.27758984475665
2033-02-03 07:00:00+01:00,70.27758984475665
2033-02-03 08:00:00+01:00,69.93045329071286
2033-02-03 09:00:00+01:00,67.31779396290966
2033-02-03 10:00:00+01:00,67.71060637932763
2033-02-03 11:00:00+01:00,63.08820910706039
2033-02-03 12:00:00+01:00,47.43965865766563
2033-02-03 13:00:00+01:00,36.303883410840044
2033-02-03 14:00:00+01:00,47.33003658796759
2033-02-03 15:00:00+01:00,64.17529463156593
2033-02-03 16:00:00+01:00,78.83724645367836
2033-02-03 17:00:00+01:00,79.32141059484469
2033-02-03 18:00:00+01:00,79.63200645898914
2033-02-03 19:00:00+01:00,79.36708645721887
2033-02-03 20:00:00+01:00,79.21178852514666
2033-02-03 21:00:00+01:00,78.80984093625385
2033-02-03 22:00:00+01:00,78.89205748852739
2033-02-03 23:00:00+01:00,70.314130534656
2033-02-04 00:00:00+01:00,76.95540092386206
2033-02-04 01:00:00+01:00,70.6429967437501
2033-02-04 02:00:00+01:00,67.64666017200376
2033-02-04 03:00:00+01:00,63.1886960042836
2033-02-04 04:00:00+01:00,58.65765045676474
2033-02-04 05:00:00+01:00,63.216101521708104
2033-02-04 06:00:00+01:00,64.16615945909109
2033-02-04 07:00:00+01:00,68.74288086898413
2033-02-04 08:00:00+01:00,63.243507039132616
2033-02-04 09:00:00+01:00,58.66678562923958
2033-02-04 10:00:00+01:00,24.92145850719389
2033-02-04 11:00:00+01:00,27.095629556204948
2033-02-04 12:00:00+01:00,18.18883639323945
2033-02-04 13:00:00+01:00,13.740007397994113
2033-02-04 14:00:00+01:00,16.937317764186858
2033-02-04 15:00:00+01:00,29.708288884008162
2033-02-04 16:00:00+01:00,56.876291824171645
2033-02-04 17:00:00+01:00,78.0424864483676
2033-02-04 18:00:00+01:00,77.64967403194963
2033-02-04 19:00:00+01:00,77.51264644482708
2033-02-04 20:00:00+01:00,77.27513196048135
2033-02-04 21:00:00+01:00,78.93773335090157
2033-02-04 22:00:00+01:00,78.88292231605254
2033-02-04 23:00:00+01:00,78.02421610341793
2033-02-05 00:00:00+01:00,70.24104915485731
2033-02-05 01:00:00+01:00,67.82022844902565
2033-02-05 02:00:00+01:00,66.00232912653321
2033-02-05 03:00:00+01:00,66.66919671719627
2033-02-05 04:00:00+01:00,66.76054844194464
2033-02-05 05:00:00+01:00,77.64053885947479
2033-02-05 06:00:00+01:00,78.66367817665648
2033-02-05 07:00:00+01:00,80.700821638545
2033-02-05 08:00:00+01:00,83.04856096457794
2033-02-05 09:00:00+01:00,81.41336509158224
2033-02-05 10:00:00+01:00,72.57051813594059
2033-02-05 11:00:00+01:00,75.04614987662126
2033-02-05 12:00:00+01:00,58.15521597064874
2033-02-05 13:00:00+01:00,55.24109595117592
2033-02-05 14:00:00+01:00,62.37566565402316
2033-02-05 15:00:00+01:00,70.65213191622495
2033-02-05 16:00:00+01:00,78.23432507033917
2033-02-05 17:00:00+01:00,81.38595957415772
2033-02-05 18:00:00+01:00,85.32321891081222
2033-02-05 19:00:00+01:00,83.24953475902434
2033-02-05 20:00:00+01:00,79.65027680393881
2033-02-05 21:00:00+01:00,70.67040226117462
2033-02-05 22:00:00+01:00,70.6429967437501
2033-02-05 23:00:00+01:00,65.9749236091087
2033-02-06 00:00:00+01:00,63.63631945555058
2033-02-06 01:00:00+01:00,63.471886351003526
2033-02-06 02:00:00+01:00,63.389669798730004
2033-02-06 03:00:00+01:00,63.33485876388098
2033-02-06 04:00:00+01:00,63.216101521708104
2033-02-06 05:00:00+01:00,65.36286705329466
2033-02-06 06:00:00+01:00,76.30680367814868
2033-02-06 07:00:00+01:00,80.7282271559695
2033-02-06 08:00:00+01:00,82.61920785826064
2033-02-06 09:00:00+01:00,80.39022577440056
2033-02-06 10:00:00+01:00,72.74408641296247
2033-02-06 11:00:00+01:00,69.78429053111549
2033-02-06 12:00:00+01:00,68.98039535332987
2033-02-06 13:00:00+01:00,67.81109327655082
2033-02-06 14:00:00+01:00,64.15702428661626
2033-02-06 15:00:00+01:00,65.847031194461
2033-02-06 16:00:00+01:00,77.69534989432381
2033-02-06 17:00:00+01:00,80.50898301657342
2033-02-06 18:00:00+01:00,80.89266026051655
2033-02-06 19:00:00+01:00,79.73249335621233
2033-02-06 20:00:00+01:00,76.97367126881173
2033-02-06 21:00:00+01:00,71.00840364274357
2033-02-06 22:00:00+01:00,71.2915939894635
2033-02-06 23:00:00+01:00,66.25811395582863
2033-02-07 00:00:00+01:00,71.65700088845695
2033-02-07 01:00:00+01:00,71.32813467936283
2033-02-07 02:00:00+01:00,71.24591812708931
2033-02-07 03:00:00+01:00,71.2915939894635
2033-02-07 04:00:00+01:00,70.69780777859913
2033-02-07 05:00:00+01:00,72.01327261497556
2033-02-07 06:00:00+01:00,72.43349054881804
2033-02-07 07:00:00+01:00,81.48644647138093
2033-02-07 08:00:00+01:00,84.65635132014916
2033-02-07 09:00:00+01:00,82.6374782032103
2033-02-07 10:00:00+01:00,79.87865611580972
2033-02-07 11:00:00+01:00,79.49497887186658
2033-02-07 12:00:00+01:00,79.86952094333488
2033-02-07 13:00:00+01:00,80.93833612289073
2033-02-07 14:00:00+01:00,85.57900374010762
2033-02-07 15:00:00+01:00,89.07777479796997
2033-02-07 16:00:00+01:00,91.87313757526992
2033-02-07 17:00:00+01:00,108.88282872341532
2033-02-07 18:00:00+01:00,112.60997909314857
2033-02-07 19:00:00+01:00,99.69284521372988
2033-02-07 20:00:00+01:00,91.28848653688038
2033-02-07 21:00:00+01:00,84.8938658044949
2033-02-07 22:00:00+01:00,83.32261613882304
2033-02-07 23:00:00+01:00,79.91519680570907
2033-02-08 00:00:00+01:00,79.01081473070026
2033-02-08 01:00:00+01:00,75.82263953698235
2033-02-08 02:00:00+01:00,74.79950021980068
2033-02-08 03:00:00+01:00,73.74895538519449
2033-02-08 04:00:00+01:00,73.74895538519449
2033-02-08 05:00:00+01:00,78.68194852160615
2033-02-08 06:00:00+01:00,88.40177203483208
2033-02-08 07:00:00+01:00,104.47054041806933
2033-02-08 08:00:00+01:00,117.0588080883939
2033-02-08 09:00:00+01:00,104.8176769721131
2033-02-08 10:00:00+01:00,93.40784655104244
2033-02-08 11:00:00+01:00,91.58081205607516
2033-02-08 12:00:00+01:00,88.69409755402685
2033-02-08 13:00:00+01:00,87.44257892497427
2033-02-08 14:00:00+01:00,88.72150307145137
2033-02-08 15:00:00+01:00,91.12405343233334
2033-02-08 16:00:00+01:00,94.25741759120223
2033-02-08 17:00:00+01:00,96.88834726395511
2033-02-08 18:00:00+01:00,93.96509207200745
2033-02-08 19:00:00+01:00,86.48338581511645
2033-02-08 20:00:00+01:00,81.62347405850346
2033-02-08 21:00:00+01:00,80.03395404788193
2033-02-08 22:00:00+01:00,79.95173749560841
2033-02-08 23:00:00+01:00,73.1734395192798
2033-02-09 00:00:00+01:00,72.54311261851608
2033-02-09 01:00:00+01:00,72.46089606624255
2033-02-09 02:00:00+01:00,70.60645605385076
2033-02-09 03:00:00+01:00,70.50596915662756
2033-02-09 04:00:00+01:00,72.0954891672491
2033-02-09 05:00:00+01:00,72.78976227533666
2033-02-09 06:00:00+01:00,76.92799540643755
2033-02-09 07:00:00+01:00,82.42736923628908
2033-02-09 08:00:00+01:00,82.41823406381424
2033-02-09 09:00:00+01:00,78.35308231251203
2033-02-09 10:00:00+01:00,78.35308231251203
2033-02-09 11:00:00+01:00,80.59119956884696
2033-02-09 12:00:00+01:00,79.91519680570907
2033-02-09 13:00:00+01:00,80.09790025520579
2033-02-09 14:00:00+01:00,79.97000784055808
2033-02-09 15:00:00+01:00,80.40849611935023
2033-02-09 16:00:00+01:00,83.47791407089525
2033-02-09 17:00:00+01:00,88.00895961841412
2033-02-09 18:00:00+01:00,88.1551223780115
2033-02-09 19:00:00+01:00,85.1953264961645
2033-02-09 20:00:00+01:00,80.57292922389729
2033-02-09 21:00:00+01:00,77.80497196402186
2033-02-09 22:00:00+01:00,76.92799540643755
2033-02-09 23:00:00+01:00,72.34213882406968
2033-02-10 00:00:00+01:00,68.59671810938676
2033-02-10 01:00:00+01:00,66.84276499421817
2033-02-10 02:00:00+01:00,65.5729760202159
2033-02-10 03:00:00+01:00,65.51816498536688
2033-02-10 04:00:00+01:00,64.02913187196854
2033-02-10 05:00:00+01:00,65.52730015784172
2033-02-10 06:00:00+01:00,65.78308498713713
2033-02-10 07:00:00+01:00,71.12716088491644
2033-02-10 08:00:00+01:00,74.65333746020329
2033-02-10 09:00:00+01:00,74.70814849505231
2033-02-10 10:00:00+01:00,71.27332364451382
2033-02-10 11:00:00+01:00,69.67466846141744
2033-02-10 12:00:00+01:00,68.84336776620734
2033-02-10 13:00:00+01:00,68.56931259196224
2033-02-10 14:00:00+01:00,69.25445052757497
2033-02-10 15:00:00+01:00,73.44749469352487
2033-02-10 16:00:00+01:00,79.99741335798258
2033-02-10 17:00:00+01:00,83.57840096811846
2033-02-10 18:00:00+01:00,84.82991959717106
2033-02-10 19:00:00+01:00,79.6228712865143
2033-02-10 20:00:00+01:00,74.78122987485101
2033-02-10 21:00:00+01:00,70.30499536218116
2033-02-10 22:00:00+01:00,70.90791674552037
2033-02-10 23:00:00+01:00,67.54617327478057
2033-02-11 00:00:00+01:00,61.48041875148919
2033-02-11 01:00:00+01:00,61.699662890885264
2033-02-11 02:00:00+01:00,59.37932908227682
2033-02-11 03:00:00+01:00,59.05046287318271
2033-02-11 04:00:00+01:00,54.830013189808284
2033-02-11 05:00:00+01:00,53.213087661762245
2033-02-11 06:00:00+01:00,60.09187253531406
2033-02-11 07:00:00+01:00,60.71306426360293
2033-02-11 08:00:00+01:00,63.846428422471824
2033-02-11 09:00:00+01:00,64.08394290681757
2033-02-11 10:00:00+01:00,65.00659532677605
2033-02-11 11:00:00+01:00,65.85616636693584
2033-02-11 12:00:00+01:00,65.04313601667539
2033-02-11 13:00:00+01:00,63.4901566959532
2033-02-11 14:00:00+01:00,63.115614624484905
2033-02-11 15:00:00+01:00,65.95665326415903
2033-02-11 16:00:00+01:00,69.75688501369098
2033-02-11 17:00:00+01:00,78.06989196579211
2033-02-11 18:00:00+01:00,80.6277402587463
2033-02-11 19:00:00+01:00,79.20265335267183
2033-02-11 20:00:00+01:00,76.95540092386206
2033-02-11 21:00:00+01:00,71.30986433441316
2033-02-11 22:00:00+01:00,69.4645594944962
2033-02-11 23:00:00+01:00,64.70513463510645
2033-02-12 00:00:00+01:00,66.33119533562733
2033-02-12 01:00:00+01:00,64.96091946440187
2033-02-12 02:00:00+01:00,63.700265662874436
2033-02-12 03:00:00+01:00,62.37566565402316
2033-02-12 04:00:00+01:00,64.1387539416666
2033-02-12 05:00:00+01:00,66.72400775204528
2033-02-12 06:00:00+01:00,77.89632368877021
2033-02-12 07:00:00+01:00,87.4791196148736
2033-02-12 08:00:00+01:00,92.64049206315617
2033-02-12 09:00:00+01:00,87.88106720376642
2033-02-12 10:00:00+01:00,82.3360175115407
2033-02-12 11:00:00+01:00,78.89205748852739
2033-02-12 12:00:00+01:00,74.45236366575689
2033-02-12 13:00:00+01:00,73.84030710994286
2033-02-12 14:00:00+01:00,73.96819952459056
2033-02-12 15:00:00+01:00,78.17951403549014
2033-02-12 16:00:00+01:00,79.78730439106135
2033-02-12 17:00:00+01:00,85.91700512167658
2033-02-12 18:00:00+01:00,96.3128313980404
2033-02-12 19:00:00+01:00,91.78178585052156
2033-02-12 20:00:00+01:00,83.70629338276618
2033-02-12 21:00:00+01:00,78.59973196933261
2033-02-12 22:00:00+01:00,76.52604781754475
2033-02-12 23:00:00+01:00,68.45969052226421
2033-02-13 00:00:00+01:00,69.14482845787694
2033-02-13 01:00:00+01:00,67.82936362150049
2033-02-13 02:00:00+01:00,68.09428362327074
2033-02-13 03:00:00+01:00,69.21790983767562
2033-02-13 04:00:00+01:00,69.24531535510013
2033-02-13 05:00:00+01:00,69.27272087252464
2033-02-13 06:00:00+01:00,77.89632368877021
2033-02-13 07:00:00+01:00,85.14051546131549
2033-02-13 08:00:00+01:00,88.20079824038568
2033-02-13 09:00:00+01:00,83.6880230378165
2033-02-13 10:00:00+01:00,77.75016092917284
2033-02-13 11:00:00+01:00,75.96880229657974
2033-02-13 12:00:00+01:00,73.65760366044611
2033-02-13 13:00:00+01:00,72.66186986068895
2033-02-13 14:00:00+01:00,71.5199733013344
2033-02-13 15:00:00+01:00,76.00534298647908
2033-02-13 16:00:00+01:00,82.38169337391489
2033-02-13 17:00:00+01:00,90.27448239217354
2033-02-13 18:00:00+01:00,94.31222862605124
2033-02-13 19:00:00+01:00,91.39810860657843
2033-02-13 20:00:00+01:00,81.07536371001329
2033-02-13 21:00:00+01:00,77.94199955114439
2033-02-13 22:00:00+01:00,75.70388229480949
2033-02-13 23:00:00+01:00,69.87564225586385
2033-02-14 00:00:00+01:00,64.12961876919175
2033-02-14 01:00:00+01:00,63.15215531438425
2033-02-14 02:00:00+01:00,63.216101521708104
2033-02-14 03:00:00+01:00,61.891501512856834
2033-02-14 04:00:00+01:00,63.115614624484905
2033-02-14 05:00:00+01:00,64.95178429192703
2033-02-14 06:00:00+01:00,73.65760366044611
2033-02-14 07:00:00+01:00,77.99681058599342
2033-02-14 08:00:00+01:00,81.88839406027373
2033-02-14 09:00:00+01:00,76.14237057360162
2033-02-14 10:00:00+01:00,73.25565607155332
2033-02-14 11:00:00+01:00,68.75201604145897
2033-02-14 12:00:00+01:00,64.31232221868848
2033-02-14 13:00:00+01:00,64.18442980404078
2033-02-14 14:00:00+01:00,68.24044638286814
2033-02-14 15:00:00+01:00,71.55651399123374
2033-02-14 16:00:00+01:00,75.2562588435425
2033-02-14 17:00:00+01:00,79.78730439106135
2033-02-14 18:00:00+01:00,83.31348096634821
2033-02-14 19:00:00+01:00,82.21726026936784
2033-02-14 20:00:00+01:00,76.3616147129977
2033-02-14 21:00:00+01:00,73.3744133137262
2033-02-14 22:00:00+01:00,70.29586018970633
2033-02-14 23:00:00+01:00,63.96518566464469
2033-02-15 00:00:00+01:00,64.94264911945218
2033-02-15 01:00:00+01:00,65.96578843663386
2033-02-15 02:00:00+01:00,65.38113739824433
2033-02-15 03:00:00+01:00,65.344596708345
2033-02-15 04:00:00+01:00,65.07967670657473
2033-02-15 05:00:00+01:00,65.52730015784172
2033-02-15 06:00:00+01:00,73.81290159251834
2033-02-15 07:00:00+01:00,81.94320509512275
2033-02-15 08:00:00+01:00,82.08023268224528
2033-02-15 09:00:00+01:00,75.95053195163007
2033-02-15 10:00:00+01:00,71.56564916370858
2033-02-15 11:00:00+01:00,69.67466846141744
2033-02-15 12:00:00+01:00,67.4274160326077
2033-02-15 13:00:00+01:00,66.52303395759888
2033-02-15 14:00:00+01:00,68.39574431494036
2033-02-15 15:00:00+01:00,71.49256778390989
2033-02-15 16:00:00+01:00,79.12957197287314
2033-02-15 17:00:00+01:00,83.56926579564363
2033-02-15 18:00:00+01:00,86.11797891612298
2033-02-15 19:00:00+01:00,80.98401198526491
2033-02-15 20:00:00+01:00,72.83543813771085
2033-02-15 21:00:00+01:00,70.56078019147658
2033-02-15 22:00:00+01:00,67.28125327301031
2033-02-15 23:00:00+01:00,65.24410981112179
2033-02-16 00:00:00+01:00,61.90063668533166
2033-02-16 01:00:00+01:00,62.26604358432512
2033-02-16 02:00:00+01:00,62.09247530730323
2033-02-16 03:00:00+01:00,62.4852877237212
2033-02-16 04:00:00+01:00,62.81415393281531
2033-02-16 05:00:00+01:00,62.512693241145705
2033-02-16 06:00:00+01:00,68.69720500660996
2033-02-16 07:00:00+01:00,71.60218985360792
2033-02-16 08:00:00+01:00,73.02727675968241
2033-02-16 09:00:00+01:00,69.309261562424
2033-02-16 10:00:00+01:00,64.0656725618679
2033-02-16 11:00:00+01:00,64.25751118383945
2033-02-16 12:00:00+01:00,63.910374629795676
2033-02-16 13:00:00+01:00,63.864698767421494
2033-02-16 14:00:00+01:00,63.60891393812607
2033-02-16 15:00:00+01:00,64.72340498005612
2033-02-16 16:00:00+01:00,69.4097484596472
2033-02-16 17:00:00+01:00,72.2964629616955
2033-02-16 18:00:00+01:00,73.94079400716605
2033-02-16 19:00:00+01:00,72.83543813771085
2033-02-16 20:00:00+01:00,70.28672501723149
2033-02-16 21:00:00+01:00,65.68259808991394
2033-02-16 22:00:00+01:00,65.11621739647408
2033-02-16 23:00:00+01:00,61.7087980633601
2033-02-17 00:00:00+01:00,63.700265662874436
2033-02-17 01:00:00+01:00,63.079073934585566
2033-02-17 02:00:00+01:00,61.389067026740825
2033-02-17 03:00:00+01:00,61.4073373716905
2033-02-17 04:00:00+01:00,60.96884909289835
2033-02-17 05:00:00+01:00,60.21062977748693
2033-02-17 06:00:00+01:00,63.14302014190942
2033-02-17 07:00:00+01:00,68.68806983413512
2033-02-17 08:00:00+01:00,70.4146174318792
2033-02-17 09:00:00+01:00,69.309261562424
2033-02-17 10:00:00+01:00,65.22583946617212
2033-02-17 11:00:00+01:00,63.289182901506805
2033-02-17 12:00:00+01:00,63.28004772903196
2033-02-17 13:00:00+01:00,60.32025184718497
2033-02-17 14:00:00+01:00,61.79101461563363
2033-02-17 15:00:00+01:00,68.35006845256616
2033-02-17 16:00:00+01:00,74.36101194100851
2033-02-17 17:00:00+01:00,79.57719542414011
2033-02-17 18:00:00+01:00,82.36342302896522
2033-02-17 19:00:00+01:00,85.29581339338772
2033-02-17 20:00:00+01:00,77.53091678977677
2033-02-17 21:00:00+01:00,73.61192779807195
2033-02-17 22:00:00+01:00,72.1959760644723
2033-02-17 23:00:00+01:00,69.24531535510013
2033-02-18 00:00:00+01:00,62.348260136598654
2033-02-18 01:00:00+01:00,61.032795300222205
2033-02-18 02:00:00+01:00,59.7264656363206
2033-02-18 03:00:00+01:00,55.01271663930501
2033-02-18 04:00:00+01:00,54.99444629435534
2033-02-18 05:00:00+01:00,56.227694578458255
2033-02-18 06:00:00+01:00,54.729526292585085
2033-02-18 07:00:00+01:00,55.25936629612559
2033-02-18 08:00:00+01:00,55.04925732920436
2033-02-18 09:00:00+01:00,54.92136491455665
2033-02-18 10:00:00+01:00,51.523080753917505
2033-02-18 11:00:00+01:00,48.32577038772476
2033-02-18 12:00:00+01:00,46.2520862359369
2033-02-18 13:00:00+01:00,42.744180005599716
2033-02-18 14:00:00+01:00,50.43599522941197
2033-02-18 15:00:00+01:00,57.789809071655284
2033-02-18 16:00:00+01:00,60.76787529845195
2033-02-18 17:00:00+01:00,70.57905053642625
2033-02-18 18:00:00+01:00,71.6935415783563
2033-02-18 19:00:00+01:00,70.57905053642625
2033-02-18 20:00:00+01:00,66.29465464572797
2033-02-18 21:00:00+01:00,61.15155254239508
2033-02-18 22:00:00+01:00,60.89576771309966
2033-02-18 23:00:00+01:00,59.03219252823303
2033-02-19 00:00:00+01:00,57.18688768831608
2033-02-19 01:00:00+01:00,56.50174975270335
2033-02-19 02:00:00+01:00,56.50174975270335
2033-02-19 03:00:00+01:00,56.9402380314955
2033-02-19 04:00:00+01:00,57.369591137812805
2033-02-19 05:00:00+01:00,57.97251252115201
2033-02-19 06:00:00+01:00,66.83362982174333
2033-02-19 07:00:00+01:00,71.821433993004
2033-02-19 08:00:00+01:00,73.68500917787063
2033-02-19 09:00:00+01:00,71.05407950511776
2033-02-19 10:00:00+01:00,68.53277190206289
2033-02-19 11:00:00+01:00,67.39087534270834
2033-02-19 12:00:00+01:00,65.49075946794237
2033-02-19 13:00:00+01:00,64.83302704975415
2033-02-19 14:00:00+01:00,65.04313601667539
2033-02-19 15:00:00+01:00,66.95238706391619
2033-02-19 16:00:00+01:00,69.82083122101483
2033-02-19 17:00:00+01:00,73.01814158720757
2033-02-19 18:00:00+01:00,81.38595957415772
2033-02-19 19:00:00+01:00,76.44383126527123
2033-02-19 20:00:00+01:00,70.53337467405207
2033-02-19 21:00:00+01:00,68.77942155888347
2033-02-19 22:00:00+01:00,68.09428362327074
2033-02-19 23:00:00+01:00,65.21670429369729
2033-02-20 00:00:00+01:00,59.26970701257878
2033-02-20 01:00:00+01:00,58.35618976509514
2033-02-20 02:00:00+01:00,58.30137873024612
2033-02-20 03:00:00+01:00,57.643646312057896
2033-02-20 04:00:00+01:00,57.497483552460515
2033-02-20 05:00:00+01:00,62.512693241145705
2033-02-20 06:00:00+01:00,71.70267675083113
2033-02-20 07:00:00+01:00,82.22639544184267
2033-02-20 08:00:00+01:00,83.99861890196094
2033-02-20 09:00:00+01:00,74.03214573191441
2033-02-20 10:00:00+01:00,70.87137605562101
2033-02-20 11:00:00+01:00,68.04860776089656
2033-02-20 12:00:00+01:00,64.18442980404078
2033-02-20 13:00:00+01:00,60.6308477113294
2033-02-20 14:00:00+01:00,60.448144261832674
2033-02-20 15:00:00+01:00,67.64666017200376
2033-02-20 16:00:00+01:00,69.1356932854021
2033-02-20 17:00:00+01:00,71.52910847380925
2033-02-20 18:00:00+01:00,78.15210851806563
2033-02-20 19:00:00+01:00,76.07842436627777
2033-02-20 20:00:00+01:00,72.3969498589187
2033-02-20 21:00:00+01:00,67.86590431139983
2033-02-20 22:00:00+01:00,65.98405878158354
2033-02-20 23:00:00+01:00,60.41160357193333
2033-02-21 00:00:00+01:00,56.69358837467491
2033-02-21 01:00:00+01:00,56.85802147922196
2033-02-21 02:00:00+01:00,56.8671566516968
2033-02-21 03:00:00+01:00,56.97677872139484
2033-02-21 04:00:00+01:00,56.80321044437295
2033-02-21 05:00:00+01:00,56.8671566516968
2033-02-21 06:00:00+01:00,66.76968361441948
2033-02-21 07:00:00+01:00,71.33726985183768
2033-02-21 08:00:00+01:00,74.86344642712453
2033-02-21 09:00:00+01:00,69.1813691477763
2033-02-21 10:00:00+01:00,66.80622430431882
2033-02-21 11:00:00+01:00,64.95178429192703
2033-02-21 12:00:00+01:00,61.91890703028134
2033-02-21 13:00:00+01:00,62.119880824727744
2033-02-21 14:00:00+01:00,64.08394290681757
2033-02-21 15:00:00+01:00,66.44995257780019
2033-02-21 16:00:00+01:00,67.61925465457925
2033-02-21 17:00:00+01:00,68.06687810584623
2033-02-21 18:00:00+01:00,68.24958155534297
2033-02-21 19:00:00+01:00,67.59184913715474
2033-02-21 20:00:00+01:00,66.92498154649168
2033-02-21 21:00:00+01:00,60.74046978102744
2033-02-21 22:00:00+01:00,59.08700356308205
2033-02-21 23:00:00+01:00,56.52002009765302
2033-02-22 00:00:00+01:00,58.511487697167354
2033-02-22 01:00:00+01:00,58.036458728475864
2033-02-22 02:00:00+01:00,58.1460807981739
2033-02-22 03:00:00+01:00,57.97251252115201
2033-02-22 04:00:00+01:00,57.97251252115201
2033-02-22 05:00:00+01:00,57.808079416604954
2033-02-22 06:00:00+01:00,65.46335395051787
2033-02-22 07:00:00+01:00,71.9950022700259
2033-02-22 08:00:00+01:00,73.49317055589907
2033-02-22 09:00:00+01:00,69.34580225232334
2033-02-22 10:00:00+01:00,67.33606430785932
2033-02-22 11:00:00+01:00,64.79648635985481
2033-02-22 12:00:00+01:00,61.45301323406468
2033-02-22 13:00:00+01:00,64.9700546368767
2033-02-22 14:00:00+01:00,63.7916173876228
2033-02-22 15:00:00+01:00,63.60891393812607
2033-02-22 16:00:00+01:00,65.53643533031655
2033-02-22 17:00:00+01:00,65.59124636516557
2033-02-22 18:00:00+01:00,67.47309189498188
2033-02-22 19:00:00+01:00,65.49075946794237
2033-02-22 20:00:00+01:00,63.289182901506805
2033-02-22 21:00:00+01:00,59.242301495154265
2033-02-22 22:00:00+01:00,59.224031150204596
2033-02-22 23:00:00+01:00,56.83975113427229
2033-02-23 00:00:00+01:00,58.21002700549776
2033-02-23 01:00:00+01:00,58.33791942014547
2033-02-23 02:00:00+01:00,58.90430011358532
2033-02-23 03:00:00+01:00,57.4426725176115
2033-02-23 04:00:00+01:00,57.369591137812805
2033-02-23 05:00:00+01:00,59.03219252823303
2033-02-23 06:00:00+01:00,59.5254918418742
2033-02-23 07:00:00+01:00,66.95238706391619
2033-02-23 08:00:00+01:00,68.22217603791846
2033-02-23 09:00:00+01:00,60.94144357547384
2033-02-23 10:00:00+01:00,58.39273045499448
2033-02-23 11:00:00+01:00,58.71246149161375
2033-02-23 12:00:00+01:00,57.579700104734044
2033-02-23 13:00:00+01:00,57.50661872493535
2033-02-23 14:00:00+01:00,57.5431594148347
2033-02-23 15:00:00+01:00,58.39273045499448
2033-02-23 16:00:00+01:00,60.50295529668169
2033-02-23 17:00:00+01:00,71.39208088668668
2033-02-23 18:00:00+01:00,77.30253747790586
2033-02-23 19:00:00+01:00,77.01934713118592
2033-02-23 20:00:00+01:00,71.27332364451382
2033-02-23 21:00:00+01:00,69.16309880282661
2033-02-23 22:00:00+01:00,66.84276499421817
2033-02-23 23:00:00+01:00,64.54070153055939
2033-02-24 00:00:00+01:00,65.0979470515244
2033-02-24 01:00:00+01:00,61.36166150931631
2033-02-24 02:00:00+01:00,58.94084080348467
2033-02-24 03:00:00+01:00,58.283108385296444
2033-02-24 04:00:00+01:00,58.511487697167354
2033-02-24 05:00:00+01:00,59.680789773946415
2033-02-24 06:00:00+01:00,65.03400084420055
2033-02-24 07:00:00+01:00,69.77515535864065
2033-02-24 08:00:00+01:00,69.39147811469752
2033-02-24 09:00:00+01:00,60.7313346085526
2033-02-24 10:00:00+01:00,56.83061596179746
2033-02-24 11:00:00+01:00,54.09919939182137
2033-02-24 12:00:00+01:00,49.668640741525714
2033-02-24 13:00:00+01:00,41.36476896189942
2033-02-24 14:00:00+01:00,54.45547111833999
2033-02-24 15:00:00+01:00,56.04499112896153
2033-02-24 16:00:00+01:00,61.31598564694214
2033-02-24 17:00:00+01:00,72.7988974478115
2033-02-24 18:00:00+01:00,80.59119956884696
2033-02-24 19:00:00+01:00,77.91459403371988
2033-02-24 20:00:00+01:00,71.97673192507622
2033-02-24 21:00:00+01:00,64.96091946440187
2033-02-24 22:00:00+01:00,64.95178429192703
2033-02-24 23:00:00+01:00,60.56690150400555
2033-02-25 00:00:00+01:00,61.41647254416533
2033-02-25 01:00:00+01:00,60.25630563986111
2033-02-25 02:00:00+01:00,58.15521597064874
2033-02-25 03:00:00+01:00,57.67105182948241
2033-02-25 04:00:00+01:00,57.333050447913465
2033-02-25 05:00:00+01:00,57.826349761554624
2033-02-25 06:00:00+01:00,58.46581183479318
2033-02-25 07:00:00+01:00,59.40673459970132
2033-02-25 08:00:00+01:00,59.872628395917985
2033-02-25 09:00:00+01:00,57.79894424413011
2033-02-25 10:00:00+01:00,56.72099389209942
2033-02-25 11:00:00+01:00,50.280697297339756
2033-02-25 12:00:00+01:00,45.9506255442673
2033-02-25 13:00:00+01:00,41.803257240691565
2033-02-25 14:00:00+01:00,45.85013864704409
2033-02-25 15:00:00+01:00,55.058392501679194
2033-02-25 16:00:00+01:00,66.00232912653321
2033-02-25 17:00:00+01:00,72.44262572129288
2033-02-25 18:00:00+01:00,73.9773346970654
2033-02-25 19:00:00+01:00,75.59426022511144
2033-02-25 20:00:00+01:00,71.00840364274357
2033-02-25 21:00:00+01:00,67.08027947856391
2033-02-25 22:00:00+01:00,65.95665326415903
2033-02-25 23:00:00+01:00,62.97858703736236
2033-02-26 00:00:00+01:00,60.97798426537319
2033-02-26 01:00:00+01:00,59.680789773946415
2033-02-26 02:00:00+01:00,58.65765045676474
2033-02-26 03:00:00+01:00,58.036458728475864
2033-02-26 04:00:00+01:00,58.785542871412446
2033-02-26 05:00:00+01:00,61.1332821974454
2033-02-26 06:00:00+01:00,71.45602709401055
2033-02-26 07:00:00+01:00,79.8512505983852
2033-02-26 08:00:00+01:00,82.06196233729563
2033-02-26 09:00:00+01:00,75.32020505086635
2033-02-26 10:00:00+01:00,70.37807674197984
2033-02-26 11:00:00+01:00,66.93411671896652
2033-02-26 12:00:00+01:00,66.65092637224659
2033-02-26 13:00:00+01:00,66.2763843007783
2033-02-26 14:00:00+01:00,66.30378981820282
2033-02-26 15:00:00+01:00,67.2264422381613
2033-02-26 16:00:00+01:00,70.20450846495795
2033-02-26 17:00:00+01:00,77.7684312741225
2033-02-26 18:00:00+01:00,83.54186027821912
2033-02-26 19:00:00+01:00,79.21178852514666
2033-02-26 20:00:00+01:00,73.01814158720757
2033-02-26 21:00:00+01:00,68.96212500838021
2033-02-26 22:00:00+01:00,68.11255396822042
2033-02-26 23:00:00+01:00,65.71913877981328
2033-02-27 00:00:00+01:00,64.1387539416666
2033-02-27 01:00:00+01:00,60.365927709559145
2033-02-27 02:00:00+01:00,60.00965598304053
2033-02-27 03:00:00+01:00,59.205760805254926
2033-02-27 04:00:00+01:00,60.457279434307516
2033-02-27 05:00:00+01:00,66.15762705860544
2033-02-27 06:00:00+01:00,73.63933331549646
2033-02-27 07:00:00+01:00,85.59727408505731
2033-02-27 08:00:00+01:00,90.56680791136831
2033-02-27 09:00:00+01:00,78.03335127589277
2033-02-27 10:00:00+01:00,73.76722573014416
2033-02-27 11:00:00+01:00,71.88538020032786
2033-02-27 12:00:00+01:00,69.00780087075438
2033-02-27 13:00:00+01:00,68.65152914423577
2033-02-27 14:00:00+01:00,69.25445052757497
2033-02-27 15:00:00+01:00,71.48343261143506
2033-02-27 16:00:00+01:00,81.27633750445969
2033-02-27 17:00:00+01:00,95.62769346242769
2033-02-27 18:00:00+01:00,108.84628803351596
2033-02-27 19:00:00+01:00,103.6849155852334
2033-02-27 20:00:00+01:00,86.31895271056938
2033-02-27 21:00:00+01:00,75.76782850213333
2033-02-27 22:00:00+01:00,73.25565607155332
2033-02-27 23:00:00+01:00,69.27272087252464
2033-02-28 00:00:00+01:00,68.92558431848087
2033-02-28 01:00:00+01:00,67.50963258488122
2033-02-28 02:00:00+01:00,66.44995257780019
2033-02-28 03:00:00+01:00,65.03400084420055
2033-02-28 04:00:00+01:00,64.97918980935154
2033-02-28 05:00:00+01:00,68.2313112103933
2033-02-28 06:00:00+01:00,74.72641884000198
2033-02-28 07:00:00+01:00,96.34937208793977
2033-02-28 08:00:00+01:00,99.42792521195963
2033-02-28 09:00:00+01:00,82.7562354453832
2033-02-28 10:00:00+01:00,74.65333746020329
2033-02-28 11:00:00+01:00,70.37807674197984
2033-02-28 12:00:00+01:00,68.37747396999067
2033-02-28 13:00:00+01:00,68.7611512139338
2033-02-28 14:00:00+01:00,69.29099121747431
2033-02-28 15:00:00+01:00,71.00840364274357
2033-02-28 16:00:00+01:00,74.0504160768641
2033-02-28 17:00:00+01:00,81.72396095572667
2033-02-28 18:00:00+01:00,91.00529619016046
2033-02-28 19:00:00+01:00,81.62347405850346
2033-02-28 20:00:00+01:00,73.73982021271965
2033-02-28 21:00:00+01:00,68.31352776266682
2033-02-28 22:00:00+01:00,67.27211810053548
2033-02-28 23:00:00+01:00,64.96091946440187
2033-03-01 00:00:00+01:00,65.35373188081982
2033-03-01 01:00:00+01:00,64.96091946440187
2033-03-01 02:00:00+01:00,64.94264911945218
2033-03-01 03:00:00+01:00,65.13448774142375
2033-03-01 04:00:00+01:00,65.02486567172572
2033-03-01 05:00:00+01:00,65.02486567172572
2033-03-01 06:00:00+01:00,74.07782159428861
2033-03-01 07:00:00+01:00,80.4998478440986
2033-03-01 08:00:00+01:00,80.64601060369598
2033-03-01 09:00:00+01:00,77.04675264861044
2033-03-01 10:00:00+01:00,72.26905744427098
2033-03-01 11:00:00+01:00,71.36467536926219
2033-03-01 12:00:00+01:00,70.46029329425338
2033-03-01 13:00:00+01:00,70.40548225940435
2033-03-01 14:00:00+01:00,70.36894156950501
2033-03-01 15:00:00+01:00,71.48343261143506
2033-03-01 16:00:00+01:00,77.85978299887087
2033-03-01 17:00:00+01:00,87.28728099290204
2033-03-01 18:00:00+01:00,92.98762861719996
2033-03-01 19:00:00+01:00,85.01262304666778
2033-03-01 20:00:00+01:00,76.4346960927964
2033-03-01 21:00:00+01:00,70.50596915662756
2033-03-01 22:00:00+01:00,70.23191398238247
2033-03-01 23:00:00+01:00,65.72827395228812
2033-03-02 00:00:00+01:00,66.69660223462077
2033-03-02 01:00:00+01:00,65.5729760202159
2033-03-02 02:00:00+01:00,65.15275808637342
2033-03-02 03:00:00+01:00,63.98345600959436
2033-03-02 04:00:00+01:00,64.05653738939306
2033-03-02 05:00:00+01:00,64.02913187196854
2033-03-02 06:00:00+01:00,64.58637739293357
2033-03-02 07:00:00+01:00,65.06140636162506
2033-03-02 08:00:00+01:00,66.16676223108027
2033-03-02 09:00:00+01:00,64.21183532146527
2033-03-02 10:00:00+01:00,63.846428422471824
2033-03-02 11:00:00+01:00,61.59004082118722
2033-03-02 12:00:00+01:00,56.67531802972524
2033-03-02 13:00:00+01:00,54.875689052182466
2033-03-02 14:00:00+01:00,59.55289735929871
2033-03-02 15:00:00+01:00,65.67346291743911
2033-03-02 16:00:00+01:00,71.94932640765171
2033-03-02 17:00:00+01:00,79.40362714711823
2033-03-02 18:00:00+01:00,81.84271819789954
2033-03-02 19:00:00+01:00,80.46330715419924
2033-03-02 20:00:00+01:00,74.1326326291376
2033-03-02 21:00:00+01:00,71.39208088668668
2033-03-02 22:00:00+01:00,69.42801880459686
2033-03-02 23:00:00+01:00,65.52730015784172
2033-03-03 00:00:00+01:00,67.27211810053548
2033-03-03 01:00:00+01:00,66.43168223285052
2033-03-03 02:00:00+01:00,61.389067026740825
2033-03-03 03:00:00+01:00,60.96884909289835
2033-03-03 04:00:00+01:00,59.37932908227682
2033-03-03 05:00:00+01:00,60.43900908935784
2033-03-03 06:00:00+01:00,61.63571668356141
2033-03-03 07:00:00+01:00,62.02852909997937
2033-03-03 08:00:00+01:00,62.43961186134701
2033-03-03 09:00:00+01:00,64.04740221691821
2033-03-03 10:00:00+01:00,60.219764949961764
2033-03-03 11:00:00+01:00,58.12781045322423
2033-03-03 12:00:00+01:00,54.94877043198116
2033-03-03 13:00:00+01:00,51.386053166794966
2033-03-03 14:00:00+01:00,54.47374146328966
2033-03-03 15:00:00+01:00,58.8220835613118
2033-03-03 16:00:00+01:00,67.31779396290966
2033-03-03 17:00:00+01:00,76.67221057714214
2033-03-03 18:00:00+01:00,86.0448975363243
2033-03-03 19:00:00+01:00,86.62954857471382
2033-03-03 20:00:00+01:00,81.82444785294987
2033-03-03 21:00:00+01:00,77.88718851629537
2033-03-03 22:00:00+01:00,77.58572782462578
2033-03-03 23:00:00+01:00,75.10096091147027
2033-03-04 00:00:00+01:00,67.73801189675213
2033-03-04 01:00:00+01:00,66.35860085305184
2033-03-04 02:00:00+01:00,66.02973464395772
2033-03-04 03:00:00+01:00,66.2763843007783
2033-03-04 04:00:00+01:00,67.11682016846325
2033-03-04 05:00:00+01:00,70.17710294753344
2033-03-04 06:00:00+01:00,80.70995681101982
2033-03-04 07:00:00+01:00,95.41758449550645
2033-03-04 08:00:00+01:00,102.57042454330336
2033-03-04 09:00:00+01:00,88.57534031185398
2033-03-04 10:00:00+01:00,78.5723264519081
2033-03-04 11:00:00+01:00,77.32994299533036
2033-03-04 12:00:00+01:00,73.95906435211572
2033-03-04 13:00:00+01:00,73.91338848974154
2033-03-04 14:00:00+01:00,74.12349745666278
2033-03-04 15:00:00+01:00,74.59852642535427
2033-03-04 16:00:00+01:00,82.44563958123875
2033-03-04 17:00:00+01:00,93.97422724448231
2033-03-04 18:00:00+01:00,101.21841901702757
2033-03-04 19:00:00+01:00,98.68797624149789
2033-03-04 20:00:00+01:00,82.99374992972893
2033-03-04 21:00:00+01:00,78.66367817665648
2033-03-04 22:00:00+01:00,77.69534989432381
2033-03-04 23:00:00+01:00,73.20998020917914
2033-03-05 00:00:00+01:00,67.08941465103874
2033-03-05 01:00:00+01:00,70.28672501723149
2033-03-05 02:00:00+01:00,70.33240087960567
2033-03-05 03:00:00+01:00,70.32326570713084
2033-03-05 04:00:00+01:00,70.52423950157724
2033-03-05 05:00:00+01:00,70.56078019147658
2033-03-05 06:00:00+01:00,75.83177470945718
2033-03-05 07:00:00+01:00,83.95294303958674
2033-03-05 08:00:00+01:00,87.96328375603993
2033-03-05 09:00:00+01:00,82.25380095926718
2033-03-05 10:00:00+01:00,78.68194852160615
2033-03-05 11:00:00+01:00,77.50351127235226
2033-03-05 12:00:00+01:00,76.12410022865195
2033-03-05 13:00:00+01:00,76.03274850390359
2033-03-05 14:00:00+01:00,76.4621016102209
2033-03-05 15:00:00+01:00,75.10096091147027
2033-03-05 16:00:00+01:00,78.15210851806563
2033-03-05 17:00:00+01:00,84.81164925222139
2033-03-05 18:00:00+01:00,101.3280410867256
2033-03-05 19:00:00+01:00,102.94496661477164
2033-03-05 20:00:00+01:00,87.46998444239877
2033-03-05 21:00:00+01:00,77.71362023927348
2033-03-05 22:00:00+01:00,75.46636781046374
2033-03-05 23:00:00+01:00,73.4292243485752
2033-03-06 00:00:00+01:00,74.70814849505231
2033-03-06 01:00:00+01:00,74.26052504378532
2033-03-06 02:00:00+01:00,73.64846848797129
2033-03-06 03:00:00+01:00,74.5802560804046
2033-03-06 04:00:00+01:00,73.20998020917914
2033-03-06 05:00:00+01:00,74.61679677030394
2033-03-06 06:00:00+01:00,84.61981063024982
2033-03-06 07:00:00+01:00,99.82987280085243
2033-03-06 08:00:00+01:00,109.37612803705647
2033-03-06 09:00:00+01:00,90.59421342879283
2033-03-06 10:00:00+01:00,81.75136647315118
2033-03-06 11:00:00+01:00,79.50411404434142
2033-03-06 12:00:00+01:00,78.44443403726041
2033-03-06 13:00:00+01:00,78.39875817488621
2033-03-06 14:00:00+01:00,77.81410713649669
2033-03-06 15:00:00+01:00,80.04308922035678
2033-03-06 16:00:00+01:00,82.9572092398296
2033-03-06 17:00:00+01:00,96.24888519071656
2033-03-06 18:00:00+01:00,117.44248533233703
2033-03-06 19:00:00+01:00,115.44188256034786
2033-03-06 20:00:00+01:00,96.30369622556557
2033-03-06 21:00:00+01:00,83.95294303958674
2033-03-06 22:00:00+01:00,79.80557473601102
2033-03-06 23:00:00+01:00,77.77756644659735
2033-03-07 00:00:00+01:00,76.91886023396272
2033-03-07 01:00:00+01:00,76.0875595387526
2033-03-07 02:00:00+01:00,76.1880464359758
2033-03-07 03:00:00+01:00,76.09669471122744
2033-03-07 04:00:00+01:00,76.19718160845065
2033-03-07 05:00:00+01:00,77.81410713649669
2033-03-07 06:00:00+01:00,82.9115333774554
2033-03-07 07:00:00+01:00,95.14352932126135
2033-03-07 08:00:00+01:00,93.48092793084113
2033-03-07 09:00:00+01:00,82.72882992795869
2033-03-07 10:00:00+01:00,76.99194161376141
2033-03-07 11:00:00+01:00,76.22458712587515
2033-03-07 12:00:00+01:00,75.11923125641995
2033-03-07 13:00:00+01:00,74.81777056475035
2033-03-07 14:00:00+01:00,71.6935415783563
2033-03-07 15:00:00+01:00,76.00534298647908
2033-03-07 16:00:00+01:00,76.9645360963369
2033-03-07 17:00:00+01:00,82.55526165093679
2033-03-07 18:00:00+01:00,88.8585306585739
2033-03-07 19:00:00+01:00,88.93161203837259
2033-03-07 20:00:00+01:00,81.84271819789954
2033-03-07 21:00:00+01:00,78.34394714003719
2033-03-07 22:00:00+01:00,77.87805334382054
2033-03-07 23:00:00+01:00,77.0650229935601
2033-03-08 00:00:00+01:00,76.06015402132809
2033-03-08 01:00:00+01:00,76.7635623018905
2033-03-08 02:00:00+01:00,76.8366436816892
2033-03-08 03:00:00+01:00,75.42982712056438
2033-03-08 04:00:00+01:00,75.39328643066504
2033-03-08 05:00:00+01:00,75.16490711879413
2033-03-08 06:00:00+01:00,79.07476093802411
2033-03-08 07:00:00+01:00,86.58387271233964
2033-03-08 08:00:00+01:00,82.42736923628908
2033-03-08 09:00:00+01:00,76.21545195340032
2033-03-08 10:00:00+01:00,76.17891126350098
2033-03-08 11:00:00+01:00,75.54858436273726
2033-03-08 12:00:00+01:00,73.79463124756867
2033-03-08 13:00:00+01:00,73.78549607509383
2033-03-08 14:00:00+01:00,73.75809055766932
2033-03-08 15:00:00+01:00,73.78549607509383
2033-03-08 16:00:00+01:00,75.42982712056438
2033-03-08 17:00:00+01:00,80.3262795670767
2033-03-08 18:00:00+01:00,80.73736232844433
2033-03-08 19:00:00+01:00,80.28973887717736
2033-03-08 20:00:00+01:00,77.63140368699996
2033-03-08 21:00:00+01:00,73.7032795228203
2033-03-08 22:00:00+01:00,73.79463124756867
2033-03-08 23:00:00+01:00,70.56991536395142
2033-03-09 00:00:00+01:00,74.78122987485101
2033-03-09 01:00:00+01:00,75.86831539935653
2033-03-09 02:00:00+01:00,75.19231263621865
2033-03-09 03:00:00+01:00,74.79950021980068
2033-03-09 04:00:00+01:00,73.8037664200435
2033-03-09 05:00:00+01:00,74.02301055943958
2033-03-09 06:00:00+01:00,74.73555401247683
2033-03-09 07:00:00+01:00,74.73555401247683
2033-03-09 08:00:00+01:00,71.44689192153571
2033-03-09 09:00:00+01:00,71.91278571775237
2033-03-09 10:00:00+01:00,71.8945153728027
2033-03-09 11:00:00+01:00,70.85310571067134
2033-03-09 12:00:00+01:00,67.13509051341292
2033-03-09 13:00:00+01:00,64.84216222222899
2033-03-09 14:00:00+01:00,71.4651622664854
2033-03-09 15:00:00+01:00,71.50170295638473
2033-03-09 16:00:00+01:00,72.57051813594059
2033-03-09 17:00:00+01:00,72.85370848266052
2033-03-09 18:00:00+01:00,77.73189058422317
2033-03-09 19:00:00+01:00,76.16977609102614
2033-03-09 20:00:00+01:00,75.9596671241049
2033-03-09 21:00:00+01:00,75.32934022334118
2033-03-09 22:00:00+01:00,75.52117884531275
2033-03-09 23:00:00+01:00,72.88111400008503
2033-03-10 00:00:00+01:00,73.12776365690561
2033-03-10 01:00:00+01:00,67.08941465103874
2033-03-10 02:00:00+01:00,66.44995257780019
2033-03-10 03:00:00+01:00,63.29831807398163
2033-03-10 04:00:00+01:00,65.05227118915022
2033-03-10 05:00:00+01:00,62.49442289619603
2033-03-10 06:00:00+01:00,61.99198841008003
2033-03-10 07:00:00+01:00,64.18442980404078
2033-03-10 08:00:00+01:00,71.83056916547883
2033-03-10 09:00:00+01:00,73.32873745135201
2033-03-10 10:00:00+01:00,74.37014711348336
2033-03-10 11:00:00+01:00,73.29219676145267
2033-03-10 12:00:00+01:00,73.13689882938046
2033-03-10 13:00:00+01:00,71.80316364805432
2033-03-10 14:00:00+01:00,70.7160781235488
2033-03-10 15:00:00+01:00,68.77028638640864
2033-03-10 16:00:00+01:00,73.08208779453143
2033-03-10 17:00:00+01:00,73.31046710640234
2033-03-10 18:00:00+01:00,76.03274850390359
2033-03-10 19:00:00+01:00,76.68134574961698
2033-03-10 20:00:00+01:00,76.30680367814868
2033-03-10 21:00:00+01:00,75.32020505086635
2033-03-10 22:00:00+01:00,75.42069194808956
2033-03-10 23:00:00+01:00,73.31046710640234
2033-03-11 00:00:00+01:00,71.97673192507622
2033-03-11 01:00:00+01:00,68.70634017908479
2033-03-11 02:00:00+01:00,68.74288086898413
2033-03-11 03:00:00+01:00,69.6107222540936
2033-03-11 04:00:00+01:00,71.90365054527753
2033-03-11 05:00:00+01:00,74.01387538696474
2033-03-11 06:00:00+01:00,75.66734160491013
2033-03-11 07:00:00+01:00,86.22760098582103
2033-03-11 08:00:00+01:00,90.53026722146896
2033-03-11 09:00:00+01:00,85.98095132900045
2033-03-11 10:00:00+01:00,84.30921476610537
2033-03-11 11:00:00+01:00,83.09423682695213
2033-03-11 12:00:00+01:00,76.68134574961698
2033-03-11 13:00:00+01:00,76.67221057714214
2033-03-11 14:00:00+01:00,76.75442712941566
2033-03-11 15:00:00+01:00,80.68255129359531
2033-03-11 16:00:00+01:00,80.48157749914891
2033-03-11 17:00:00+01:00,91.6173527459745
2033-03-11 18:00:00+01:00,121.13309501217094
2033-03-11 19:00:00+01:00,129.8571847256397
2033-03-11 20:00:00+01:00,105.50281490772583
2033-03-11 21:00:00+01:00,82.87499268755606
2033-03-11 22:00:00+01:00,76.8366436816892
2033-03-11 23:00:00+01:00,75.75869332965848
2033-03-12 00:00:00+01:00,72.62532917078961
2033-03-12 01:00:00+01:00,71.81229882052916
2033-03-12 02:00:00+01:00,71.26418847203898
2033-03-12 03:00:00+01:00,71.12716088491644
2033-03-12 04:00:00+01:00,71.49256778390989
2033-03-12 05:00:00+01:00,73.29219676145267
2033-03-12 06:00:00+01:00,80.56379405142245
2033-03-12 07:00:00+01:00,96.94315829880414
2033-03-12 08:00:00+01:00,98.13073072053287
2033-03-12 09:00:00+01:00,85.9718161565256
2033-03-12 10:00:00+01:00,79.93346715065874
2033-03-12 11:00:00+01:00,76.48950712764541
2033-03-12 12:00:00+01:00,75.11009608394511
2033-03-12 13:00:00+01:00,75.75869332965848
2033-03-12 14:00:00+01:00,75.06442022157093
2033-03-12 15:00:00+01:00,76.94626575138723
2033-03-12 16:00:00+01:00,83.87072648731323
2033-03-12 17:00:00+01:00,102.33291005895761
2033-03-12 18:00:00+01:00,121.12395983969611
2033-03-12 19:00:00+01:00,111.95224667496035
2033-03-12 20:00:00+01:00,88.57534031185398
2033-03-12 21:00:00+01:00,79.47670852691692
2033-03-12 22:00:00+01:00,77.01021195871108
2033-03-12 23:00:00+01:00,72.36954434149419
2033-03-13 00:00:00+01:00,66.74227809699497
2033-03-13 01:00:00+01:00,68.90731397353119
2033-03-13 02:00:00+01:00,68.7611512139338
2033-03-13 03:00:00+01:00,67.82936362150049
2033-03-13 04:00:00+01:00,68.27698707276747
2033-03-13 05:00:00+01:00,69.4371539770717
2033-03-13 06:00:00+01:00,73.34700779630168
2033-03-13 07:00:00+01:00,83.47791407089525
2033-03-13 08:00:00+01:00,84.30921476610537
2033-03-13 09:00:00+01:00,77.57659265215095
2033-03-13 10:00:00+01:00,72.87197882761019
2033-03-13 11:00:00+01:00,72.23251675437164
2033-03-13 12:00:00+01:00,70.56991536395142
2033-03-13 13:00:00+01:00,70.87137605562101
2033-03-13 14:00:00+01:00,71.13629605739128
2033-03-13 15:00:00+01:00,71.93105606270204
2033-03-13 16:00:00+01:00,72.89024917255986
2033-03-13 17:00:00+01:00,84.51932373302661
2033-03-13 18:00:00+01:00,92.58568102830716
2033-03-13 19:00:00+01:00,89.08690997044482
2033-03-13 20:00:00+01:00,79.46757335444208
2033-03-13 21:00:00+01:00,72.57965330841543
2033-03-13 22:00:00+01:00,71.50170295638473
2033-03-13 23:00:00+01:00,70.25931949980698
2033-03-14 00:00:00+01:00,70.53337467405207
2033-03-14 01:00:00+01:00,70.05834570536058
2033-03-14 02:00:00+01:00,69.66553328894261
2033-03-14 03:00:00+01:00,69.17223397530145
2033-03-14 04:00:00+01:00,69.1813691477763
2033-03-14 05:00:00+01:00,70.54250984652691
2033-03-14 06:00:00+01:00,77.741025756698
2033-03-14 07:00:00+01:00,88.80371962372489
2033-03-14 08:00:00+01:00,85.98095132900045
2033-03-14 09:00:00+01:00,71.67527123340662
2033-03-14 10:00:00+01:00,71.18197191976546
2033-03-14 11:00:00+01:00,71.15456640234095
2033-03-14 12:00:00+01:00,68.11255396822042
2033-03-14 13:00:00+01:00,67.10768499598842
2033-03-14 14:00:00+01:00,69.0626119056034
2033-03-14 15:00:00+01:00,71.27332364451382
2033-03-14 16:00:00+01:00,73.31046710640234
2033-03-14 17:00:00+01:00,86.3006823656197
2033-03-14 18:00:00+01:00,97.54607968214333
2033-03-14 19:00:00+01:00,92.02843550734214
2033-03-14 20:00:00+01:00,78.00594575846826
2033-03-14 21:00:00+01:00,72.85370848266052
2033-03-14 22:00:00+01:00,72.83543813771085
2033-03-14 23:00:00+01:00,71.27332364451382
2033-03-15 00:00:00+01:00,69.78429053111549
2033-03-15 01:00:00+01:00,69.76602018616582
2033-03-15 02:00:00+01:00,69.7386146687413
2033-03-15 03:00:00+01:00,69.68380363389228
2033-03-15 04:00:00+01:00,69.67466846141744
2033-03-15 05:00:00+01:00,70.33240087960567
2033-03-15 06:00:00+01:00,72.31473330664517
2033-03-15 07:00:00+01:00,73.31960227887717
2033-03-15 08:00:00+01:00,73.16430434680497
2033-03-15 09:00:00+01:00,72.3969498589187
2033-03-15 10:00:00+01:00,72.41522020386837
2033-03-15 11:00:00+01:00,72.64359951573928
2033-03-15 12:00:00+01:00,72.62532917078961
2033-03-15 13:00:00+01:00,72.41522020386837
2033-03-15 14:00:00+01:00,72.37867951396903
2033-03-15 15:00:00+01:00,72.37867951396903
2033-03-15 16:00:00+01:00,72.12289468467361
2033-03-15 17:00:00+01:00,76.288533333199
2033-03-15 18:00:00+01:00,81.73309612820151
2033-03-15 19:00:00+01:00,78.15210851806563
2033-03-15 20:00:00+01:00,73.73068504024481
2033-03-15 21:00:00+01:00,70.55164501900175
2033-03-15 22:00:00+01:00,69.72034432379162
2033-03-15 23:00:00+01:00,69.36407259727301
2033-03-16 00:00:00+01:00,72.2964629616955
2033-03-16 01:00:00+01:00,71.74835261320531
2033-03-16 02:00:00+01:00,71.42862157658604
2033-03-16 03:00:00+01:00,70.28672501723149
2033-03-16 04:00:00+01:00,69.44628914954654
2033-03-16 05:00:00+01:00,69.45542432202137
2033-03-16 06:00:00+01:00,69.62899259904327
2033-03-16 07:00:00+01:00,69.38234294222269
2033-03-16 08:00:00+01:00,69.29099121747431
2033-03-16 09:00:00+01:00,69.36407259727301
2033-03-16 10:00:00+01:00,69.10828776797759
2033-03-16 11:00:00+01:00,67.34519948033416
2033-03-16 12:00:00+01:00,57.725862864331425
2033-03-16 13:00:00+01:00,49.53161315440317
2033-03-16 14:00:00+01:00,61.014524955272535
2033-03-16 15:00:00+01:00,67.86590431139983
2033-03-16 16:00:00+01:00,70.46029329425338
2033-03-16 17:00:00+01:00,73.21911538165396
2033-03-16 18:00:00+01:00,78.32567679508753
2033-03-16 19:00:00+01:00,81.0022823302146
2033-03-16 20:00:00+01:00,75.11009608394511
2033-03-16 21:00:00+01:00,72.90851951750955
2033-03-16 22:00:00+01:00,72.33300365159484
2033-03-16 23:00:00+01:00,69.54677604676974
2033-03-17 00:00:00+01:00,68.28612224524231
2033-03-17 01:00:00+01:00,66.03886981643255
2033-03-17 02:00:00+01:00,62.62231531084374
2033-03-17 03:00:00+01:00,59.763006326219944
2033-03-17 04:00:00+01:00,57.29650975801412
2033-03-17 05:00:00+01:00,56.94937320397033
2033-03-17 06:00:00+01:00,62.35739530907348
2033-03-17 07:00:00+01:00,60.30198150223529
2033-03-17 08:00:00+01:00,54.163145599145224
2033-03-17 09:00:00+01:00,47.046846241247664
2033-03-17 10:00:00+01:00,42.64369310837652
2033-03-17 11:00:00+01:00,42.54320621115332
2033-03-17 12:00:00+01:00,42.616287590952005
2033-03-17 13:00:00+01:00,39.07184067071548
2033-03-17 14:00:00+01:00,43.411047596262776
2033-03-17 15:00:00+01:00,54.82087801733345
2033-03-17 16:00:00+01:00,68.98953052580471
2033-03-17 17:00:00+01:00,80.66428094864565
2033-03-17 18:00:00+01:00,86.18192512344685
2033-03-17 19:00:00+01:00,87.30555133785171
2033-03-17 20:00:00+01:00,81.12103957238747
2033-03-17 21:00:00+01:00,74.57112090792977
2033-03-17 22:00:00+01:00,72.7258160680128
2033-03-17 23:00:00+01:00,69.03520638817889
2033-03-18 00:00:00+01:00,68.75201604145897
2033-03-18 01:00:00+01:00,67.00719809876522
2033-03-18 02:00:00+01:00,64.1935649765156
2033-03-18 03:00:00+01:00,61.434742889115014
2033-03-18 04:00:00+01:00,67.00719809876522
2033-03-18 05:00:00+01:00,70.15883260258377
2033-03-18 06:00:00+01:00,78.94686852337641
2033-03-18 07:00:00+01:00,89.30615410984089
2033-03-18 08:00:00+01:00,88.4565830696811
2033-03-18 09:00:00+01:00,81.3037430218842
2033-03-18 10:00:00+01:00,76.87318437158854
2033-03-18 11:00:00+01:00,76.40729057537189
2033-03-18 12:00:00+01:00,74.39755263090787
2033-03-18 13:00:00+01:00,73.73982021271965
2033-03-18 14:00:00+01:00,73.32873745135201
2033-03-18 15:00:00+01:00,75.03701470414643
2033-03-18 16:00:00+01:00,84.13564648908348
2033-03-18 17:00:00+01:00,100.61549763368836
2033-03-18 18:00:00+01:00,127.99360954077306
2033-03-18 19:00:00+01:00,121.17877087454511
2033-03-18 20:00:00+01:00,94.42185069574928
2033-03-18 21:00:00+01:00,81.64174440345315
2033-03-18 22:00:00+01:00,78.68194852160615
2033-03-18 23:00:00+01:00,74.72641884000198
2033-03-19 00:00:00+01:00,76.03274850390359
2033-03-19 01:00:00+01:00,74.41582297585754
2033-03-19 02:00:00+01:00,73.85857745489253
2033-03-19 03:00:00+01:00,72.86284365513535
2033-03-19 04:00:00+01:00,73.82203676499319
2033-03-19 05:00:00+01:00,76.89145471653822
2033-03-19 06:00:00+01:00,88.98642307322162
2033-03-19 07:00:00+01:00,99.71111555867955
2033-03-19 08:00:00+01:00,92.40297757881042
2033-03-19 09:00:00+01:00,79.80557473601102
2033-03-19 10:00:00+01:00,73.6027926255971
2033-03-19 11:00:00+01:00,72.5248422735664
2033-03-19 12:00:00+01:00,59.598573221672886
2033-03-19 13:00:00+01:00,62.12901599720257
2033-03-19 14:00:00+01:00,65.49989464041721
2033-03-19 15:00:00+01:00,73.29219676145267
2033-03-19 16:00:00+01:00,81.51385198880544
2033-03-19 17:00:00+01:00,106.15141215343922
2033-03-19 18:00:00+01:00,131.4101640463619
2033-03-19 19:00:00+01:00,123.46256399325421
2033-03-19 20:00:00+01:00,104.37005352084613
2033-03-19 21:00:00+01:00,84.48278304312727
2033-03-19 22:00:00+01:00,82.29947682164136
2033-03-19 23:00:00+01:00,79.35795128474405
2033-03-20 00:00:00+01:00,77.89632368877021
2033-03-20 01:00:00+01:00,77.1655098907833
2033-03-20 02:00:00+01:00,76.95540092386206
2033-03-20 03:00:00+01:00,76.91886023396272
2033-03-20 04:00:00+01:00,76.97367126881173
2033-03-20 05:00:00+01:00,80.06135956530645
2033-03-20 06:00:00+01:00,99.67457486878021
2033-03-20 07:00:00+01:00,116.16356118585992
2033-03-20 08:00:00+01:00,103.78540248245659
2033-03-20 09:00:00+01:00,77.09242851098462
2033-03-20 10:00:00+01:00,74.31533607863435
2033-03-20 11:00:00+01:00,71.60218985360792
2033-03-20 12:00:00+01:00,62.823289105290144
2033-03-20 13:00:00+01:00,65.25324498359662
2033-03-20 14:00:00+01:00,71.20937743718997
2033-03-20 15:00:00+01:00,76.95540092386206
2033-03-20 16:00:00+01:00,87.65268789189551
2033-03-20 17:00:00+01:00,109.40353355448099
2033-03-20 18:00:00+01:00,142.2262082565682
2033-03-20 19:00:00+01:00,140.8467972128679
2033-03-20 20:00:00+01:00,120.1190908674641
2033-03-20 21:00:00+01:00,95.00650173413881
2033-03-20 22:00:00+01:00,84.4188368358034
2033-03-20 23:00:00+01:00,78.98340921327575
2033-03-21 00:00:00+01:00,77.89632368877021
2033-03-21 01:00:00+01:00,76.58085885239377
2033-03-21 02:00:00+01:00,76.12410022865195
2033-03-21 03:00:00+01:00,73.02727675968241
2033-03-21 04:00:00+01:00,73.33787262382685
2033-03-21 05:00:00+01:00,76.57172367991893
2033-03-21 06:00:00+01:00,84.44624235322792
2033-03-21 07:00:00+01:00,97.02537485107766
2033-03-21 08:00:00+01:00,90.4845913590948
2033-03-21 09:00:00+01:00,78.06075679331728
2033-03-21 10:00:00+01:00,76.54431816249442
2033-03-21 11:00:00+01:00,75.50290850036308
2033-03-21 12:00:00+01:00,71.18197191976546
2033-03-21 13:00:00+01:00,70.4146174318792
2033-03-21 14:00:00+01:00,70.43288777682886
2033-03-21 15:00:00+01:00,75.1831774637438
2033-03-21 16:00:00+01:00,77.75016092917284
2033-03-21 17:00:00+01:00,94.72331138741887
2033-03-21 18:00:00+01:00,122.58558743566992
2033-03-21 19:00:00+01:00,122.71347985031764
2033-03-21 20:00:00+01:00,95.40844932303162
2033-03-21 21:00:00+01:00,79.68681749383816
2033-03-21 22:00:00+01:00,78.02421610341793
2033-03-21 23:00:00+01:00,76.67221057714214
2033-03-22 00:00:00+01:00,71.03580916016807
2033-03-22 01:00:00+01:00,71.19110709224029
2033-03-22 02:00:00+01:00,71.3464050243125
2033-03-22 03:00:00+01:00,70.90791674552037
2033-03-22 04:00:00+01:00,71.26418847203898
2033-03-22 05:00:00+01:00,73.04554710463208
2033-03-22 06:00:00+01:00,74.96393332434774
2033-03-22 07:00:00+01:00,75.51204367283792
2033-03-22 08:00:00+01:00,75.40242160313987
2033-03-22 09:00:00+01:00,75.1831774637438
2033-03-22 10:00:00+01:00,73.01814158720757
2033-03-22 11:00:00+01:00,68.78855673135831
2033-03-22 12:00:00+01:00,66.61438568234726
2033-03-22 13:00:00+01:00,66.26724912830346
2033-03-22 14:00:00+01:00,64.08394290681757
2033-03-22 15:00:00+01:00,68.36833879751585
2033-03-22 16:00:00+01:00,71.61132502608277
2033-03-22 17:00:00+01:00,84.8938658044949
2033-03-22 18:00:00+01:00,111.74213770803911
2033-03-22 19:00:00+01:00,109.89683286812215
2033-03-22 20:00:00+01:00,82.94807406735475
2033-03-22 21:00:00+01:00,76.7635623018905
2033-03-22 22:00:00+01:00,75.29279953344184
2033-03-22 23:00:00+01:00,73.71241469529514
2033-03-23 00:00:00+01:00,72.99073606978305
2033-03-23 01:00:00+01:00,72.7988974478115
2033-03-23 02:00:00+01:00,72.76235675791214
2033-03-23 03:00:00+01:00,70.23191398238247
2033-03-23 04:00:00+01:00,70.17710294753344
2033-03-23 05:00:00+01:00,71.38294571421186
2033-03-23 06:00:00+01:00,71.41035123163637
2033-03-23 07:00:00+01:00,72.77149193038699
2033-03-23 08:00:00+01:00,72.9998712422579
2033-03-23 09:00:00+01:00,70.70694295107396
2033-03-23 10:00:00+01:00,57.61624079463339
2033-03-23 11:00:00+01:00,41.2094710298272
2033-03-23 12:00:00+01:00,1.1334693827198805
2033-03-23 13:00:00+01:00,-4.082714100411707
2033-03-23 14:00:00+01:00,-1.9542189137748238
2033-03-23 15:00:00+01:00,52.984708349891335
2033-03-23 16:00:00+01:00,66.55957464749824
2033-03-23 17:00:00+01:00,73.00900641473274
2033-03-23 18:00:00+01:00,74.30620090615952
2033-03-23 19:00:00+01:00,73.04554710463208
2033-03-23 20:00:00+01:00,72.84457331018568
2033-03-23 21:00:00+01:00,73.94992917964089
2033-03-23 22:00:00+01:00,72.78062710286183
2033-03-23 23:00:00+01:00,66.48649326769954
2033-03-24 00:00:00+01:00,25.56092058043243
2033-03-24 01:00:00+01:00,14.607848783103577
2033-03-24 02:00:00+01:00,18.837433638952838
2033-03-24 03:00:00+01:00,17.220508110906792
2033-03-24 04:00:00+01:00,16.9464529366617
2033-03-24 05:00:00+01:00,17.348400525554503
2033-03-24 06:00:00+01:00,16.96472328161137
2033-03-24 07:00:00+01:00,15.69493430760911
2033-03-24 08:00:00+01:00,6.495815625448856
2033-03-24 09:00:00+01:00,4.458672163560323
2033-03-24 10:00:00+01:00,4.796673545129281
2033-03-24 11:00:00+01:00,5.774136999936772
2033-03-24 12:00:00+01:00,3.746128710523081
2033-03-24 13:00:00+01:00,0.4026555847329689
2033-03-24 14:00:00+01:00,0.8868197258993007
2033-03-24 15:00:00+01:00,5.536622515591034
2033-03-24 16:00:00+01:00,16.92818259171203
2033-03-24 17:00:00+01:00,55.04925732920436
2033-03-24 18:00:00+01:00,72.88111400008503
2033-03-24 19:00:00+01:00,75.786098847083
2033-03-24 20:00:00+01:00,75.04614987662126
2033-03-24 21:00:00+01:00,73.73982021271965
2033-03-24 22:00:00+01:00,74.16917331903696
2033-03-24 23:00:00+01:00,72.9998712422579
2033-03-25 00:00:00+01:00,63.01512772726171
2033-03-25 01:00:00+01:00,62.412206343922506
2033-03-25 02:00:00+01:00,62.45788220629669
2033-03-25 03:00:00+01:00,63.00599255478687
2033-03-25 04:00:00+01:00,67.86590431139983
2033-03-25 05:00:00+01:00,74.18744366398663
2033-03-25 06:00:00+01:00,81.07536371001329
2033-03-25 07:00:00+01:00,92.28422033663756
2033-03-25 08:00:00+01:00,88.22820375781019
2033-03-25 09:00:00+01:00,76.94626575138723
2033-03-25 10:00:00+01:00,67.51876775735606
2033-03-25 11:00:00+01:00,63.22523669418295
2033-03-25 12:00:00+01:00,61.27944495704279
2033-03-25 13:00:00+01:00,61.75447392573428
2033-03-25 14:00:00+01:00,62.45788220629669
2033-03-25 15:00:00+01:00,69.95785880813737
2033-03-25 16:00:00+01:00,76.86404919911371
2033-03-25 17:00:00+01:00,100.61549763368836
2033-03-25 18:00:00+01:00,135.91380407645624
2033-03-25 19:00:00+01:00,136.5806716671193
2033-03-25 20:00:00+01:00,102.00404384986349
2033-03-25 21:00:00+01:00,81.66001474840282
2033-03-25 22:00:00+01:00,79.26659955999567
2033-03-25 23:00:00+01:00,75.79523401955784
2033-03-26 00:00:00+01:00,79.6228712865143
2033-03-26 01:00:00+01:00,77.35734851275487
2033-03-26 02:00:00+01:00,75.81350436450751
2033-03-26 03:00:00+01:00,74.12349745666278
2033-03-26 04:00:00+01:00,74.1326326291376
2033-03-26 05:00:00+01:00,75.79523401955784
2033-03-26 06:00:00+01:00,80.43590163677473
2033-03-26 07:00:00+01:00,81.49558164385576
2033-03-26 08:00:00+01:00,78.25259541528884
2033-03-26 09:00:00+01:00,74.9547981518729
2033-03-26 10:00:00+01:00,72.36040916901935
2033-03-26 11:00:00+01:00,68.74288086898413
2033-03-26 12:00:00+01:00,62.969451864887525
2033-03-26 13:00:00+01:00,63.289182901506805
2033-03-26 14:00:00+01:00,63.43534566110418
2033-03-26 15:00:00+01:00,74.15090297408729
2033-03-26 16:00:00+01:00,75.57598988016177
2033-03-26 17:00:00+01:00,80.92006577794106
2033-03-26 18:00:00+01:00,95.70077484222637
2033-03-26 19:00:00+01:00,96.17580381091787
2033-03-26 20:00:00+01:00,80.84698439814238
2033-03-26 21:00:00+01:00,76.49864230012024
2033-03-26 22:00:00+01:00,76.72702161199115
2033-03-26 23:00:00+01:00,75.80436919203268
2033-03-27 00:00:00+01:00,80.4998478440986
2033-03-27 01:00:00+01:00,79.53151956176593
2033-03-27 02:00:00+01:00,79.60460094156463
2033-03-27 03:00:00+01:00,76.98280644128657
2033-03-27 04:00:00+01:00,76.86404919911371
2033-03-27 05:00:00+01:00,80.67341612112048
2033-03-27 06:00:00+01:00,84.4919182156021
2033-03-27 07:00:00+01:00,89.99129204545362
2033-03-27 08:00:00+01:00,83.86159131483839
2033-03-27 09:00:00+01:00,80.81957888071787
2033-03-27 10:00:00+01:00,80.81044370824303
2033-03-27 11:00:00+01:00,80.77390301834369
2033-03-27 12:00:00+01:00,80.4998478440986
2033-03-27 13:00:00+01:00,80.48157749914891
2033-03-27 14:00:00+01:00,80.21665749737866
2033-03-27 15:00:00+01:00,80.70995681101982
2033-03-27 16:00:00+01:00,85.25013753101352
2033-03-27 17:00:00+01:00,97.91148658113678
2033-03-27 18:00:00+01:00,119.6440618987726
2033-03-27 19:00:00+01:00,116.24577773813346
2033-03-27 20:00:00+01:00,91.59908240102483
2033-03-27 21:00:00+01:00,82.41823406381424
2033-03-27 22:00:00+01:00,80.8013085357682
2033-03-27 23:00:00+01:00,76.92799540643755
2033-03-28 00:00:00+01:00,74.3792822859582
2033-03-28 01:00:00+01:00,74.1783084915118
2033-03-28 02:00:00+01:00,71.54737881875892
2033-03-28 03:00:00+01:00,66.349465680577
2033-03-28 04:00:00+01:00,70.62472639880043
2033-03-28 05:00:00+01:00,76.21545195340032
2033-03-28 06:00:00+01:00,83.55099545069395
2033-03-28 07:00:00+01:00,83.2860754489237
2033-03-28 08:00:00+01:00,80.64601060369598
2033-03-28 09:00:00+01:00,79.76903404611167
2033-03-28 10:00:00+01:00,78.72762438398033
2033-03-28 11:00:00+01:00,79.59546576908978
2033-03-28 12:00:00+01:00,74.33360642358403
2033-03-28 13:00:00+01:00,73.03641193215725
2033-03-28 14:00:00+01:00,72.9998712422579
2033-03-28 15:00:00+01:00,74.1326326291376
2033-03-28 16:00:00+01:00,75.19231263621865
2033-03-28 17:00:00+01:00,74.6807429776278
2033-03-28 18:00:00+01:00,80.20752232490382
2033-03-28 19:00:00+01:00,79.33968093979436
2033-03-28 20:00:00+01:00,76.20631678092549
2033-03-28 21:00:00+01:00,76.92799540643755
2033-03-28 22:00:00+01:00,76.75442712941566
2033-03-28 23:00:00+01:00,73.05468227710692
2033-03-29 00:00:00+01:00,72.37867951396903
2033-03-29 01:00:00+01:00,67.82022844902565
2033-03-29 02:00:00+01:00,64.3214573911633
2033-03-29 03:00:00+01:00,64.43107946086135
2033-03-29 04:00:00+01:00,63.96518566464469
2033-03-29 05:00:00+01:00,70.20450846495795
2033-03-29 06:00:00+01:00,62.81415393281531
2033-03-29 07:00:00+01:00,63.389669798730004
2033-03-29 08:00:00+01:00,63.04253324468622
2033-03-29 09:00:00+01:00,62.91464083003851
2033-03-29 10:00:00+01:00,62.658856000743086
2033-03-29 11:00:00+01:00,61.6083111661369
2033-03-29 12:00:00+01:00,61.86409599543232
2033-03-29 13:00:00+01:00,56.15461319865956
2033-03-29 14:00:00+01:00,57.30564493048895
2033-03-29 15:00:00+01:00,62.604044965894076
2033-03-29 16:00:00+01:00,63.17042565933393
2033-03-29 17:00:00+01:00,72.16857054704779
2033-03-29 18:00:00+01:00,83.33175131129788
2033-03-29 19:00:00+01:00,90.71297067096569
2033-03-29 20:00:00+01:00,82.92980372240508
2033-03-29 21:00:00+01:00,75.19231263621865
2033-03-29 22:00:00+01:00,72.84457331018568
2033-03-29 23:00:00+01:00,67.39087534270834
2033-03-30 00:00:00+01:00,62.99685738231204
2033-03-30 01:00:00+01:00,58.98651666585886
2033-03-30 02:00:00+01:00,56.035855956486685
2033-03-30 03:00:00+01:00,55.332447675924286
2033-03-30 04:00:00+01:00,56.7392642370491
2033-03-30 05:00:00+01:00,57.433537345136656
2033-03-30 06:00:00+01:00,54.437200773390316
2033-03-30 07:00:00+01:00,44.068780014450994
2033-03-30 08:00:00+01:00,40.46038688689062
2033-03-30 09:00:00+01:00,33.63641304818781
2033-03-30 10:00:00+01:00,24.437294366027558
2033-03-30 11:00:00+01:00,20.025006060681577
2033-03-30 12:00:00+01:00,14.461686023506196
2033-03-30 13:00:00+01:00,8.158417015869077
2033-03-30 14:00:00+01:00,16.873371556863013
2033-03-30 15:00:00+01:00,29.64434267668431
2033-03-30 16:00:00+01:00,44.589484845516665
2033-03-30 17:00:00+01:00,71.37381054173702
2033-03-30 18:00:00+01:00,81.1027692274378
2033-03-30 19:00:00+01:00,82.51872096103745
2033-03-30 20:00:00+01:00,72.68014020563864
2033-03-30 21:00:00+01:00,66.59611533739758
2033-03-30 22:00:00+01:00,63.444480833579014
2033-03-30 23:00:00+01:00,59.42500494465099
2033-03-31 00:00:00+01:00,67.7288767242773
2033-03-31 01:00:00+01:00,61.717933235834934
,58.19175666054808
,58.45667666231834
,58.36532493756998
,59.42500494465099
,59.36105873732714
,59.287977357528455
,55.32331250344944
,42.27828620938306
,24.610862643049444
,8.852690123956648
,6.450139763074674
,4.824079062553793
,12.269244629545454
,43.57548070080983
,59.50722149692453
,73.26479124402816
,72.9998712422579
,74.7538243574265
,74.64420228772845
,68.0577429333714
,63.992591182069205
,46.97376486144897
,43.11872207706801
,43.136992422017684
,42.79899104044873
,43.53894001091048
,46.01457175159115
,49.70518143142506
,49.86961453597212
,48.48106831979698
,45.466461403100965
,38.56940618459948
,31.580999241349623
,21.769824003375327
,13.612114983346402
,2.001310767829338
,2.220554907225406
,4.723592165330587
,13.383735671475492
,33.298411666618875
,49.62296487915154
,51.66010834104005
,46.389113823059446
,38.6242172194485
,30.841050270887877
,18.974461226075384
,16.63585707251726
,13.520763258598045
,11.072537035341895
,14.964120509622198
,28.109633700911786
,57.77153872670561
,71.75748778568015
,73.45662986599972
,68.01206707099723
,65.74654429723779
,59.08700356308205
,55.07666284662887
,55.25936629612559
,54.6838504302109
,58.511487697167354
,64.71426980758127
,71.70267675083113
,67.0254684437149
,80.81044370824303
,81.21239129713582
,74.30620090615952
,73.00900641473274
,68.32266293514165
,72.50657192861674
,72.48830158366705
,72.38781468644386
,72.75322158543732
,72.71668089553796
,74.42495814833238
,87.5522009946723
,114.09901220654689
,113.34079289113548
,88.59361065680366
,77.00107678623624
,75.26539401601734
,74.38841745843303
,74.2513898713105
,74.54371539050526
,74.2513898713105
,75.11009608394511
,76.54431816249442
,93.71844241518689
,109.16601907013523
,100.6977141859619
,75.29279953344184
,74.28793056120983
,71.75748778568015
,69.5102353568704
,68.67893466166028
,68.90731397353119
,68.72461052403446
,68.49623121216356
,70.04921053288574
,70.67953743364946
,75.63993608748562
,75.96880229657974
,70.67040226117462
,67.96639120862304
,66.35860085305184
,59.95484494819151
,58.48408217974284
,59.15094977040591
,57.73499803680626
,59.07786839060721
,64.94264911945218
,72.30559813417032
,83.96207821206158
,79.18438300772215
,70.61559122632559
,69.66553328894261
,68.29525741771714
,58.273973212821616
,57.853755278979136
,57.826349761554624
,57.52488906988503
,57.98164769362685
,64.54070153055939
,76.05101884885326
,83.37742717367206
,79.66854714888848
,68.6332587992861
,59.14181459793107
,57.63451113958306
,53.82514421757628
,47.695443486961054
,39.19973308536319
,53.167411799388056
,55.560826987795195
,57.55229458730953
,67.49136223993155
,70.35067122455534
,68.71547535155963
,62.76847807044113
,61.06020081764672
,57.90856631382816
,53.6789814579789
,54.21795663399424
,53.98957732212333
,53.60590007818021
,53.58762973323053
,55.6613138850184
,57.61624079463339
,57.51575389741019
,55.56996216027004
,48.06085038595451
,13.666926018195426
,0.5853590342296968
,-10.1027927613289
,-42.1946536654292
,-39.088695023984826
,-12.313504500239318
,3.517749398652171
,32.41229993655974
,60.07360219036438
,66.10281602375642
,61.014524955272535
,56.34645182063113
,55.92623388678865
,53.3775207663093
,52.34524627665278
,24.79356609254618
,18.015268116217563
,17.33926535307966
,16.919047419237188
,20.18943916522862
,33.91046822243291
,17.604185354849918
,7.482414252731175
,5.088999064324042
,1.983040422879668
,-7.097321017107731
,-24.161823200102134
,-50.4254440652568
,-44.37795988691512
,-16.159412112145446
,3.746128710523081
,35.30814961108288
,72.74408641296247
,74.89085194454904
,77.61313334205029
,75.13750160136962
,72.88111400008503
,69.79342570359032
,67.24471258311097
,64.86956773965349
,63.70940083534927
,65.79222015961197
,68.37747396999067
,73.8768477998422
,84.94867683934392
,105.55762594257486
,103.59356386048503
,84.04429476433512
,72.7988974478115
,65.25324498359662
,54.866553879707624
,53.97130697717367
,54.601633877937374
,62.119880824727744
,71.41035123163637
,79.06562576554927
,88.24647410275986
,94.86947414701626
,89.59847962903565
,80.7282271559695
,75.17404229126896
,69.60158708161876
,70.67040226117462
,67.19903672073679
,64.40367394343684
,62.93291117498818
,62.366530481548324
,72.43349054881804
,77.80497196402186
,82.56439682341161
,78.16124369054047
,69.72034432379162
,69.96699398061222
,70.90791674552037
,67.354334652809
,66.7788187868943
,66.42254706037568
,67.81109327655082
,67.31779396290966
,62.284313929274795
,68.39574431494036
,71.88538020032786
,70.66126708869977
,65.7739498146623
,65.11621739647408
,57.141211825941895
,59.31538287495296
,59.91830425829217
,60.50295529668169
,59.516356669399364
,59.53462701434903
,61.62658151108658
,74.78122987485101
,86.63868374718867
,84.17218717898282
,73.73068504024481
,65.95665326415903
,60.95057874794868
,61.21549874971893
,60.155818742637905
,58.995651838333686
,58.474947007268014
,59.98225046561602
,74.46149883823172
,97.57348519956784
,116.0082632537877
,117.27805222778997
,92.3664368889111
,84.217863041357
,72.25992227179614
,66.31292499067766
,60.58517184895523
,60.904902885574494
,60.76787529845195
,60.137548397688235
,65.18929877627278
,75.53944919026242
,80.71909198349466
,78.81897610872869
,60.6034421939049
,58.730731836563436
,50.43599522941197
,16.891641901812676
,16.82769569448883
,15.78628603235748
,32.832517870402214
,57.22342837821543
,75.20144780869347
,88.42917755225659
,122.1014232945036
,123.45342882077938
,90.88653894798759
,80.3262795670767
,76.44383126527123
,72.13202985714844
,69.54677604676974
,68.08514845079591
,67.21730706568646
,67.07114430608908
,72.85370848266052
,84.94867683934392
,87.40603823507492
,80.63687543122114
,65.28978567349597
,42.241745519483715
,24.446429538502393
,10.204695650232438
,2.7321245658162496
,3.874021125170799
,5.2534321688711
,24.69307919532298
,56.41039802795498
,78.73675955645517
,88.86766583104874
,89.74464238863304
,86.16365477849716
,74.44322849328205
,66.35860085305184
,66.0480049889074
,57.41526700018699
,52.29043524180376
,44.6717013977902
,43.063911042219
,45.95976071674213
,57.99078286610168
,56.8671566516968
,41.410444824273604
,14.872768784873841
,4.7875383726544385
,-1.725839601903914
,-16.579630045987926
,-40.70562055203088
,-40.87005365657794
,-23.558901816762926
,-5.663098938558406
,15.512230858112375
,64.1387539416666
,78.23432507033917
,80.01568370293226
,60.329387019659805
,59.55289735929871
,57.78067389918044
,29.14190819056831
,16.937317764186858
,16.937317764186858
,13.018328772482043
,9.903234958562834
,13.210167394453606
,16.9464529366617
,11.465349451759849
,4.559159060783529
,-5.233745832241098
,-17.858554192465007
,-36.91452397497376
,-53.52226753422636
,-77.00879596703078
,-77.02706631198043
,-50.105713028637524
,-22.39873491245872
,1.1426045551947226
,48.06998555842934
,78.93773335090157
,83.09423682695213
,83.35915682872239
,84.23613338630668
,81.06622853753845
,76.89145471653822
,73.3744133137262
,68.57844776443707
,67.48222706745672
,67.95725603614821
,77.95113472361923
,90.69470032601603
,104.90902869686148
,100.7251197033864
,83.31348096634821
,77.75016092917284
,66.19416774850477
,42.27828620938306
,28.26493163298401
,23.779561947839333
,52.29043524180376
,63.307453246456475
,68.24044638286814
,67.61925465457925
,73.3013319339275
,71.65700088845695
,67.2264422381613
,67.78368775912631
,66.83362982174333
,21.623661243777946
,16.9464529366617
,16.973858454086212
,16.92818259171203
,30.320345439822205
,58.41100079994416
,71.39208088668668
,80.28060370470251
,77.92372920619472
,70.25931949980698
,68.98039535332987
,65.04313601667539
,52.30870558675343
,52.527949726149515
,59.0230573557582
,62.95118151993785
,66.06627533385706
,79.77816921858651
,100.8530121180341
,131.84865232515403
,134.94547579412358
,109.22996527745909
,96.95229347127896
,85.53332787773346
,82.76537061785803
,78.800705763779
,77.96026989609408
,77.52178161730193
,77.97854024104375
,82.0071513024466
,88.78544927877522
,100.57895694378901
,98.93462589831846
,89.00469341817129
,90.44805066919544
,86.0723030537488
,77.92372920619472
,74.97306849682256
,74.02301055943958
,77.57659265215095
,82.26293613174202
,87.85366168634191
,91.98275964496796
,99.08992383039069
,98.99857210564232
,92.40297757881042
,92.28422033663756
,88.48398858710561
,89.65329066388468
,87.78058030654321
,86.98582030123245
,86.4742506426416
,86.86706305905957
,91.10578308738367
,97.19894312809954
,123.91932261699606
,112.85662874996915
,92.7957899952284
,85.68862580980567
,81.79704233552536
,75.72215263975916
,72.1959760644723
,72.21424640942197
,67.0254684437149
,70.56991536395142
,84.3640258009544
,93.10638585937284
,121.69034053313595
,124.00153916926958
,93.38044103361793
,84.57413476787563
,75.79523401955784
,79.35795128474405
,75.65820643243529
,75.05528504909609
,74.31533607863435
,74.16917331903696
,75.49377332788825
,80.64601060369598
,83.87072648731323
,81.87012371532406
,74.52544504555559
,70.56078019147658
,48.38971659504862
,41.410444824273604
,28.219255770609827
,28.219255770609827
,55.97190974916283
,69.62899259904327
,74.35187676853369
,75.13750160136962
,80.73736232844433
,81.23066164208551
,76.84577885416404
,75.0826905665206
,70.5151043291024
,69.68380363389228
,64.01999669949372
,57.77153872670561
,53.13087110948871
,54.26363249636843
,57.50661872493535
,62.2112325494761
,64.05653738939306
,65.90184222931002
,58.21002700549776
,52.28130006932892
,46.49873589275748
,34.586470985570806
,26.31913989584386
,23.697345395565804
,30.256399232498346
,44.9731620894598
,60.457279434307516
,80.60946991379663
,83.44137338099593
,86.62954857471382
,87.81712099644255
,84.90300097696974
,78.28000093271335
,78.1703788630153
,74.15090297408729
,71.09975536749192
,69.30012638994916
,68.47796086721388
,69.01693604322922
,68.24044638286814
,64.81475670480448
,63.4901566959532
,55.91709871431382
,38.19486411313118
,32.0742985549908
,16.46228879549537
,7.445873562831835
,5.262567341345928
,7.509819770155687
,19.531706747040403
,54.01698283954784
,72.45176089376773
,85.95354581157594
,88.82198996867457
,87.78971547901804
,85.0948395989413
,81.85185337037437
,74.93652780692322
,73.8768477998422
,73.6027926255971
,73.4292243485752
,75.46636781046374
,81.9066644052234
,96.16666863844303
,104.26956662362292
,101.88528660769063
,87.25074030300269
,81.75136647315118
,79.8512505983852
,75.6856119498598
,73.82203676499319
,73.05468227710692
,73.53884641827325
,77.35734851275487
,81.93406992264791
,100.77993073823541
,100.5972272887387
,102.02231419481316
,100.67944384101222
,93.76411827756107
,84.85732511459557
,86.7757113343112
,85.18619132368967
,84.4919182156021
,84.68375683757367
,84.74770304489752
,88.74890858887586
,105.91389766909347
,142.4728579133888
,127.30847160516034
,97.98456796093546
,82.80191130775736
,79.65941197641365
,79.6228712865143
,79.59546576908978
,78.49924507210942
,79.63200645898914
,82.8384519976567
,89.86339963080592
,102.31463971400794
,104.29697214104743
,104.3152424859971
,103.56615834306052
,91.53513619370098
,84.95781201181876
,78.49010989963459
,75.79523401955784
,75.80436919203268
,75.9596671241049
,75.95053195163007
,79.74162852868716
,94.0290382793313
,110.94737770272835
,101.08139142990501
,89.7811830785324
,79.76903404611167
,77.57659265215095
,72.58878848089026
,72.38781468644386
,70.89878157304553
,74.1052271117131
,76.90972506148789
,84.17218717898282
,92.59481620078199
,95.23488104600972
,96.2854258806159
,102.02231419481316
,92.4943293035588
,84.37316097342924
,83.74283407266552
,83.02115544715343
,80.06135956530645
,76.98280644128657
,76.86404919911371
,84.30007959363054
,91.27021619193071
,109.81461631584862
,109.01072113806302
,92.38470723386075
,85.17705615121483
,81.56866302365445
,77.22032092563232
,73.3744133137262
,72.25992227179614
,73.61192779807195
,78.49010989963459
,84.27267407620603
,87.1502534057795
,87.46998444239877
,87.33295685527622
,88.40177203483208
,89.91821066565493
,81.86098854284921
,76.288533333199
,75.10096091147027
,74.43409332080722
,73.2008450367043
,75.16490711879413
,80.30800922212703
,91.7452451606222
,97.78359416648907
,93.42611689599211
,80.60946991379663
,72.98160089730823
,69.45542432202137
,67.07114430608908
,65.02486567172572
,65.19843394874762
,66.57784499244791
,70.57905053642625
,79.6228712865143
,88.97728790074677
,91.73610998814738
,92.59481620078199
,95.99310036142114
,87.64355271942067
,80.88352508804172
,84.65635132014916
,80.27146853222769
,79.95173749560841
,79.17524783524732
,79.21178852514666
,79.59546576908978
,78.5175154170591
,76.6356698872428
,67.61011948210441
,59.31538287495296
,38.249675147980206
,21.55057986397925
,10.104208753009232
,4.595699750682883
,4.175481816840403
,5.719325965087748
,22.089555039994593
,57.79894424413011
,76.91886023396272
,84.22699821383185
,86.73917064441187
,82.93893889487991
,75.70388229480949
,67.78368775912631
,56.37385733805564
,55.70698974739258
,54.56509318803803
,41.48352620407229
,35.874530304522736
,35.80144892472405
,27.89038956151572
,14.84536326744933
,4.266833541588767
,2.8874224978884655
,1.2248211074682445
,-3.333629957475125
,-2.9042768511578174
,-32.694074291599335
,-40.93399986390179
,-23.796416301108692
,1.3253080046914505
,8.085335636070383
,52.74719386554558
,73.03641193215725
,81.71482578325184
,79.20265335267183
,75.17404229126896
,72.35127399654452
,67.24471258311097
,65.01573049925088
,68.95298983590538
,68.96212500838021
,74.26052504378532
,81.59606854107896
,96.2580203631914
,113.0210618545162
,100.47847004656582
,81.4316354365319
,63.29831807398163
,56.37385733805564
,49.06571935818651
,46.736250377103225
,47.503604864989484
,57.76240355423077
,68.80682707630798
,79.65941197641365
,93.17033206669669
,126.33100815035286
,134.70796130977786
,100.35971280439294
,84.56499959540079
,77.8415126539212
,76.8366436816892
,72.41522020386837
,70.78002433087266
,71.80316364805432
,73.21911538165396
,77.75016092917284
,88.9590175557971
,96.09358725864433
,86.09057339869847
,73.52057607332358
,58.13694562569907
,49.45853177460448
,28.93179922364707
,19.412949504867534
,24.894052989769378
,33.5816020133388
,49.45853177460448
,73.3013319339275
,81.78790716305053
,101.75739419304291
,103.24642730644125
,87.69836375426968
,77.85064782639604
,71.49256778390989
,58.977381493384016
,55.021851811779854
,52.47313869130049
,49.568153844302515
,49.09312487561102
,48.78252901146658
,46.900683481650276
,40.09497998789716
,33.13397856207181
,25.451298510734397
,23.78869712031417
,11.611512211357237
,13.959251537390195
,15.20163499396795
,10.825887378521301
,11.18215910503993
,9.647450129267412
,8.341120465365805
,29.114502673143797
,52.317840759228275
,54.04438835697235
,54.50114698071417
,45.19240622885587
,33.95614408480709
,36.55053306766063
,21.477498484180558
,19.58651778188942
,18.609054327081928
,21.577985381403757
,38.450648942426604
,62.969451864887525
,72.83543813771085
,64.27578152878914
,56.20028906103374
,55.79834147214095
,58.79467804388729
,60.32025184718497
,56.50174975270335
,52.82941041781911
,60.69479391865326
,56.85802147922196
,60.119278052738565
,73.94079400716605
,84.31834993858021
,84.34575545600472
,75.17404229126896
,68.94385466343054
,62.26604358432512
,59.13267942545623
,56.88542699664647
,54.24536215141875
,54.172280771620066
,53.56935938828086
,60.98711943784802
,77.44870023750323
,83.83418579741388
,80.64601060369598
,75.11923125641995
,70.23191398238247
,61.727068408309776
,59.96398012066635
,58.063864245900376
,53.19481731681257
,57.2416987231651
,60.685658746178426
,72.22338158189682
,79.52238438929109
,89.67156100883435
,93.43525206846695
,84.9212713219194
,78.98340921327575
,76.0875595387526
,82.05282716482078
,79.51324921681625
,79.23005887009634
,79.1204368003983
,79.47670852691692
,79.56806025166527
,80.57292922389729
,80.79217336329336
,77.54918713472644
,63.46275117852869
,56.90369734159615
,39.747843433853376
,31.882459933019227
,23.204046081924638
,24.117563329408284
,39.702167571479194
,61.160687714869916
,76.89145471653822
,88.01809479088895
,103.22815696149158
,108.17028527037807
,91.45291964142744
,84.8664602870704
,78.80984093625385
,79.68681749383816
,72.84457331018568
,69.72947949626646
,64.43107946086135
,63.66372497297509
,62.93291117498818
,62.33912496412381
,54.50114698071417
,40.46038688689062
,31.590134413824465
,19.285057090219823
,11.136483242665747
,6.9799797666151875
,1.3161728322166084
,-4.338498929707129
,0.7863328286760947
,6.121273553980558
,30.302075094872535
,74.37014711348336
,90.0369679078278
,96.80613071168159
,95.54547691015416
,90.23794170227421
,85.70689615475534
,80.49071267162375
,79.2209236976215
,78.87378714357772
,78.45356920973524
,80.5272533615231
,85.90786994920174
,96.87921209148027
,112.75614185274594
,98.3134341700296
,91.56254171112549
,83.32261613882304
,83.32261613882304
,79.73249335621233
,80.57292922389729
,79.99741335798258
,83.63321200296748
,87.16852375072918
,91.08751274243399
,99.13559969276486
,120.9229860452497
,125.58192400741626
,101.44679832889848
,95.2074755285852
,84.97608235676843
,81.34028371178354
,78.26173058776368
,78.73675955645517
,79.96087266808325
,80.38109060192572
,84.55586442292596
,100.56068659883934
,122.04661225965458
,109.27564113983328
,89.98215687297879
,82.04369199234596
,79.65941197641365
,76.90058988901305
,78.85551679862803
,74.66247263267813
,77.3390781678052
,80.73736232844433
,87.122847888355
,104.27870179609775
,128.3772867847162
,132.47897922591778
,104.60756800519187
,92.6222217182065
,84.51932373302661
,82.89326303250573
,80.58206439637212
,81.67828509335249
,82.65574854815999
,81.03882302011394
,84.61067545777499
,96.55948105486101
,108.03325768325553
,105.95043835899283
,88.6575568641275
,83.93467269463707
,80.66428094864565
,73.19170986422947
,68.97126018085504
,67.18990154826194
,69.82083122101483
,75.27452918849217
,85.10397477141615
,96.24888519071656
,97.94802727103612
,100.67030866853739
,96.92488795385445
,93.05157482452381
,84.56499959540079
,84.17218717898282
,82.08936785472012
,81.13930991733713
,81.38595957415772
,82.21726026936784
,83.13991268932631
,80.5272533615231
,77.75929610164768
,67.83849879397532
,40.47865723184029
,15.110283269219579
,6.9068983868164935
,4.970241822151166
,3.599965950925707
,3.791804572897263
,5.74673148251226
,22.619395043535107
,61.389067026740825
,84.57413476787563
,86.95841478380794
,86.61127822976415
,86.65695409213833
,91.18799963965719
,85.63381477495665
,81.73309612820151
,81.66914992087764
,76.6356698872428
,76.77269747436533
,77.35734851275487
,84.18132235145765
,86.6478189196635
,87.08630719845564
,83.97121338453643
,68.88904362858152
,47.6314972796372
,26.60233024256378
,19.21197571042113
,15.612717755335588
,14.817957750024817
,32.485381316358435
,56.76666975447361
,75.9596671241049
,86.36462857294356
,85.55159822268313
,85.35062442823673
,86.71176512698736
,91.52600102122614
,84.57413476787563
,87.87193203129158
,85.5424630502083
,84.51018856055177
,82.7562354453832
,82.42736923628908
,84.03515959186028
,80.24406301480317
,77.741025756698
,62.887235312613996
,35.40863650830608
,7.409332872932495
,2.6590431860175556
,-1.771515464278096
,-4.795257553448948
,-4.5029320342541865
,1.4532004193391543
,8.770473571683112
,49.34890970490644
,77.80497196402186
,84.93040649439425
,86.60214305728931
,89.2330727300422
,85.84392374187789
,75.98707264152941
,59.48895115197485
,53.64244076807955
,51.422593856694306
,49.796533156173425
,53.021249039790675
,52.80200490039461
,47.66803796953654
,28.49331094485492
,4.486077680984835
,-6.15639825219958
,-25.815289418047527
,-55.3127613392943
,-86.93872844717794
,-126.00072594957842
,-118.8478859017815
,-60.63856689212392
,-30.994932211279774
,-5.745315490831942
,47.14733313847087
,73.48403538342423
,74.84517608217485
,63.83729324999698
,57.60710562215855
,54.05352352944719
,33.73689994541101
,29.214989570366996
,26.70281713978698
,29.571261296885616
,33.207059941870504
,50.35377867713844
,76.58999402486862
,80.88352508804172
,75.10096091147027
,48.57242004454534
,28.5389868072291
,23.724750912990316
,19.449490194766874
,16.65412741746693
,16.772884659639807
,19.440355022292046
,26.593195070088946
,50.463400746836484
,78.42616369231072
,104.15080938145005
,106.3980618102598
,92.34816654396141
,79.60460094156463
,61.12414702497057
,41.69363517099353
,38.56940618459948
,35.45431237068027
,33.76430546283552
,35.79231375224921
,45.201541401330715
,66.38600637047634
,74.05955124933892
,45.81359795714475
,19.513436402090733
,6.6419783850462295
,5.427000445892986
,-4.247147204958765
,-7.088185844632889
,-7.499268606000527
,3.746128710523081
,4.7418625102802565
,9.629179784317728
,50.88361868067895
,83.14904786180115
,83.67888786534166
,74.51630987308074
,59.60770839414773
,48.6637717692937
,32.30267786686171
,28.39282404763172
,25.716218512504653
,26.383086103167706
,27.12303507362946
,41.118119305078835
,61.599175993662065
,74.69901332257747
,59.63511391157224
,31.462241999176754
,28.06395783853761
,45.795327612195074
,7.034790801464197
,10.679724618923927
,11.684593591155917
,28.04568749358794
,16.82769569448883
,30.146777162800312
,62.613180138368904
,80.37195542945089
,78.03335127589277
,75.786098847083
,57.06813044614321
,44.23321311899805
,50.463400746836484
,47.695443486961054
,46.68143934225421
,45.640029680122865
,48.32577038772476
,60.95971392042351
,74.24225469883565
,75.32020505086635
,74.18744366398663
,43.87694139247944
,24.33680746880436
,16.224774311149616
,10.835022550996143
,13.22843773940329
,16.169963276300606
,25.28686540618734
,23.761291602889663
,42.5888820735275
,75.37501608571536
,75.9322616066804
,74.44322849328205
,74.23311952636081
,77.38475403017938
,66.63265602729692
,65.1436229138986
,60.97798426537319
,58.474947007268014
,55.770935954716435
,57.579700104734044
,61.44387806158984
,69.28185604499949
,83.30434579387337
,84.25440373125636
,78.5723264519081
,58.98651666585886
,49.07485453066135
,34.61387650299532
,25.314270923611844
,27.177846108478477
,37.418374452770095
,47.521875209939154
,68.72461052403446
,72.81716779276117
,75.86831539935653
,75.73128781223399
,76.72702161199115
,75.32934022334118
,71.41035123163637
,71.94932640765171
,69.09915259550276
,67.1807663757871
,69.37320776974785
,69.78429053111549
,70.28672501723149
,69.04434156065373
,69.8847774283387
,59.13267942545623
,40.35076481719258
,11.73940462600494
,8.980582538604352
,4.824079062553793
,4.467807336035165
,2.7229893933414218
,5.92029975953416
,9.227232195424932
,44.324564843746415
,69.66553328894261
,75.12836642889478
,76.60826436981829
,76.62653471476796
,81.5047168163306
,77.0376174761356
,75.51204367283792
,75.3110698783915
,73.8494422824177
,72.71668089553796
,72.65273468821412
,74.26966021626016
,67.41828086013285
,59.6533842565219
,38.450648942426604
,15.292986718716307
,5.536622515591034
,-3.315359612525441
,-7.910351367368165
,-11.390852080280837
,-14.980974862891557
,-11.984638291145203
,-0.3190230407791148
,24.81183643749585
,65.96578843663386
,75.00047401424708
,76.61739954229313
,75.51204367283792
,81.52298716128027
,78.78243541882935
,79.8238450809607
,79.5497899067156
,78.66367817665648
,77.72275541174832
,77.69534989432381
,78.77330024635452
,76.57172367991893
,75.42069194808956
,60.5303608141062
,31.30694406710453
,20.353872269775685
,13.81308877779282
,8.532959087337375
,6.14867907140507
,9.062799090877888
,22.354475041764857
,28.255796460509167
,55.8622876794648
,76.92799540643755
,79.90606163323423
,79.83298025343554
,79.83298025343554
,84.26353890373119
,79.09303128297378
,76.8366436816892
,74.19657883646147
,74.29706573368468
,73.47490021094939
,75.92312643420556
,79.16611266277248
,82.62834303073548
,84.40056649085375
,91.06010722500947
,88.16425755048633
,75.35674574076569
,70.57905053642625
,66.01146429900804
,65.88357188436035
,65.94751809168419
,66.46822292274986
,76.2611278157745
,84.28180924868086
,86.79398167926087
,85.70689615475534
,84.38229614590406
,84.24526855878152
,76.39815540289705
,70.5151043291024
,72.96333055235856
,69.79342570359032
,65.08881187904957
,63.72767118029895
,64.91524360202767
,71.58391950865825
,89.68069618130919
,87.90847272119092
,87.74403961664386
,84.23613338630668
,75.9596671241049
,68.58758293691191
,56.081531818860874
,50.45426557436164
,51.25816075214725
,59.96398012066635
,73.53884641827325
,84.30921476610537
,92.8962768924516
,89.85426445833107
,89.89080514823041
,91.17886446718236
,92.81406034017806
,89.86339963080592
,85.9718161565256
,84.51932373302661
,78.800705763779
,77.75016092917284
,80.70995681101982
,86.0723030537488
,97.97543278846064
,88.21906858533535
,89.72637204368337
,81.51385198880544
,70.61559122632559
,70.99013329779389
,68.21304086544363
,68.21304086544363
,67.21730706568646
,70.66126708869977
,85.52419270525863
,88.21906858533535
,91.57167688360032
,88.23733893028503
,87.53393064972262
,87.46084926992393
,88.11858168811216
,87.39690306260009
,88.42917755225659
,86.50165616006612
,86.70262995451252
,86.49252098759128
,86.08143822622364
,87.4791196148736
,86.89446857648409
,88.127716860587
,87.78058030654321
,86.38289891789324
,87.41517340754976
,86.10884374364814
,83.49618441584492
,81.55952785117962
,79.01081473070026
,83.21299406912502
,85.25927270348836
,86.42857478026743
,85.20446166863934
,85.21359684111418
,86.20933064087136
,89.5619389391363
,90.2105361848497
,86.9492796113331
,86.25500650324554
,85.78911270702888
,85.29581339338772
,85.52419270525863
,87.01322581865695
,86.82138719668538
,86.08143822622364
,87.13198306082982
,83.69715821029135
,70.56991536395142
,56.67531802972524
,35.40863650830608
,17.19310259348228
,13.794818432843137
,11.410538416910839
,23.33193849657235
,53.002978694841005
,77.58572782462578
,85.31408373833739
,87.01322581865695
,85.2410023585387
,85.2410023585387
,84.95781201181876
,84.75683821737236
,82.9572092398296
,83.37742717367206
,83.82505062493904
,82.6100726857858
,82.59180234083613
,81.38595957415772
,74.85431125464969
,66.39514154295117
,31.06029441028395
,11.611512211357237
,5.69192044766325
,4.750997682755099
,1.8186073183326101
,-3.571144441820863
,-5.836667215580306
,0.5853590342296968
,6.5414914878230235
,53.73379249282792
,81.15758026228681
,83.37742717367206
,86.172789950972
,84.82078442469621
,86.70262995451252
,85.2410023585387
,82.25380095926718
,81.95234026759758
,79.55892507919044
,79.57719542414011
,82.16244923451882
,85.33235408328704
,85.11310994389098
,82.9115333774554
,85.40543546308574
,84.45537752570276
,84.98521752924327
,83.35915682872239
,80.3262795670767
,81.08449888248812
,74.85431125464969
,80.17098163500448
,86.08143822622364
,86.05403270879913
,84.90300097696974
,82.57353199588646
,82.57353199588646
,82.47304509866326
,82.26293613174202
,81.76963681810085
,82.64661337568515
,82.64661337568515
,83.31348096634821
,83.24953475902434
,82.66488372063482
,82.62834303073548
,82.61920785826064
,82.6374782032103
,82.62834303073548
,83.35915682872239
,82.17158440699366
,80.4267664642999
,66.29465464572797
,64.99746015430121
,63.992591182069205
,66.84276499421817
,80.3262795670767
,82.6100726857858
,82.58266716836128
,81.5047168163306
,82.1350437170943
,82.58266716836128
,82.59180234083613
,82.60093751331097
,75.17404229126896
,67.20817189321161
,66.28551947325315
,65.07967670657473
,65.847031194461
,69.57418156419425
,81.09363405496296
,82.81104648023219
,82.8384519976567
,75.10096091147027
,65.92924774673452
,65.94751809168419
,63.243507039132616
,64.21183532146527
,63.25264221160745
,66.02059947148288
,67.7288767242773
,82.81104648023219
,81.98888095749693
,81.9066644052234
,82.07109750977045
,81.61433888602863
,81.23066164208551
,79.65027680393881
,79.96087266808325
,79.80557473601102
,79.98827818550775
,79.58633059661496
,79.74162852868716
,79.23919404257117
,79.96087266808325
,79.99741335798258
,81.12103957238747
,79.93346715065874
,70.6429967437501
,66.02059947148288
,59.26970701257878
,55.4877456079965
,53.48714283600734
,62.94204634746302
,67.59184913715474
,81.62347405850346
,80.04308922035678
,80.36282025697605
,81.66914992087764
,81.76050164562602
,80.48157749914891
,79.67768232136332
,76.17891126350098
,78.62713748675712
,78.79157059130418
,78.79157059130418
,78.63627265923196
,76.74529195694082
,76.2611278157745
,78.87378714357772
,79.01081473070026
,81.15758026228681
,85.47851684288443
,86.09057339869847
,82.03455681987111
,78.95600369585124
,78.5723264519081
,78.97427404080092
,80.53638853399794
,78.82811128120352
,78.76416507387968
,76.95540092386206
,75.10096091147027
,72.21424640942197
,74.79036504732585
,77.5400519622516
,79.4218974920679
,76.61739954229313
,71.09975536749192
,69.11742294045243
,65.29892084597081
,59.81781736106896
,61.8092849605833
,62.530963586095375
,61.27944495704279
,58.16435114312357
,56.1637483711344
,34.46771374339793
,29.40682819233856
,13.602979810871574
,10.79848186109679
,9.245502540374616
,16.453153623020526
,45.795327612195074
,54.9853111218805
,61.85496082295749
,63.00599255478687
,63.88296911237117
,64.21183532146527
,63.00599255478687
,56.50174975270335
,54.91222974208181
,49.52247798192833
,45.448191058151295
,43.85867104752976
,30.886726133262066
,26.91292610670822
,22.180906764742964
,22.628530216009942
,20.436088822049207
,18.54510811975807
,11.629782556306921
,14.04146808966373
,1.955634905455156
,-7.846405160044313
,-11.6557720820511
,0.7589273112515826
,11.282646002263121
,27.04081852135593
,59.54376218682387
,60.95971392042351
,67.17163120331227
,64.14788911414142
,60.96884909289835
,74.20571400893631
,71.09975536749192
,71.49256778390989
,71.73921744073049
,72.04067813240007
,60.594307021430055
,61.46214840653952
,77.90545886124505
,79.6228712865143
,76.66307540466731
,82.1350437170943
,78.19778438043981
,76.48950712764541
,74.23311952636081
,65.75567946971263
,69.36407259727301
,76.53518299001959
,79.94260232313357
,75.51204367283792
,74.14176780161245
,74.24225469883565
,74.2513898713105
,72.24165192684649
,61.37993185426599
,84.77510856232203
,85.77084236207921
,86.03576236384944
,86.13624926107265
,84.97608235676843
,81.25806715951002
,81.8335830254247
,75.85004505440686
,75.95053195163007
,79.57719542414011
,87.02236099113178
,83.03029061962827
,68.77942155888347
,66.44081740532536
,62.074204962353555
,65.79222015961197
,68.68806983413512
,83.6880230378165
,75.61253057006111
,77.51264644482708
,79.63200645898914
,74.23311952636081
,79.58633059661496
,75.1831774637438
,66.34033050810217
,61.87323116790716
,59.88176356839281
,61.37993185426599
,59.470680807025175
,65.94751809168419
,79.06562576554927
,77.7684312741225
,77.00107678623624
,79.05649059307443
,68.72461052403446
,62.92377600251334
,49.80566832864826
,48.20701314555188
,45.26548760865457
,61.46214840653952
,63.800752560097635
,79.58633059661496
,76.54431816249442
,76.02361333142875
,76.87318437158854
,82.43650440876391
,81.53212233375511
,80.63687543122114
,76.02361333142875
,66.90671120154201
,66.88844085659234
,71.63873054350728
,68.74288086898413
,59.37932908227682
,60.56690150400555
,73.69414435034547
,73.63019814302162
,62.594909793419234
,59.516356669399364
,48.48106831979698
,34.49511926082244
,32.54019235120745
,30.55785992416795
,41.66622965356902
,61.763609098209116
,80.08876508273096
,67.68320086190312
,78.20691955291466
,82.42736923628908
,82.42736923628908
,83.660617520392
,81.705690610777
,79.65027680393881
,77.78670161907218
,76.0144781589539
,76.0144781589539
,76.0144781589539
,65.9749236091087
,71.8488395104285
,78.44443403726041
,80.6277402587463
,76.3342091955732
,60.12841322521341
,48.48106831979698
,33.70035925551168
,27.762497146868007
,26.97687231403208
,20.49089985689823
,59.09613873555689
,71.48343261143506
,64.51329601313488
,73.10949331195594
,79.12957197287314
,80.18011680747932
,81.36768922920805
,79.65941197641365
,72.82630296523601
,70.55164501900175
,71.62959537103244
,73.3744133137262
,73.3744133137262
,58.739867009038264
,59.79954701611929
,58.20089183302292
,50.965835232952486
,19.9062488185087
,3.1249369822342175
,-2.3378961577179638
,-9.481601033040022
,-18.315312816206827
,-32.67580394664968
,-21.649650769522125
,-6.15639825219958
,11.693728763630759
,55.03098698425468
,58.493217352217684
,58.328784247670626
,57.76240355423077
,57.01331941129419
,57.15034699841673
,56.24596492340793
,44.799593812437905
,28.822177153949028
,19.81489709376033
,14.105414296987576
,12.095676352523562
,16.36180189827217
,14.260712229059799
,8.596905294661227
,-0.5108616627506706
,-12.514478294685716
,-17.794607985141155
,-24.99312389531225
,-33.36094188226241
,-34.11916119767382
,-20.663052142239792
,-4.585148586527723
,5.847218379735452
,41.264282064676216
,56.894562169121315
,55.82574698956546
,54.99444629435534
,56.14547802618473
,52.32697593170312
,67.31779396290966
,68.11255396822042
,64.80562153232964
,61.69052771841043
,59.58030287672322
,53.29530421403577
,69.23618018262529
,69.5650463917194
,69.82996639348967
,69.63812777151811
,69.4645594944962
,68.81596224878282
,55.789206299666105
,54.06265870192203
,55.789206299666105
,55.50601595294618
,55.49688078047134
,62.75020772549145
,66.4773580952247
,69.79342570359032
,69.29099121747431
,68.84336776620734
,68.71547535155963
,61.39820219921567
,61.41647254416533
,58.80381321636212
,58.83121873378663
,57.03158975624386
,57.83548493402946
,57.77153872670561
,61.39820219921567
,68.16736500306945
,67.68320086190312
,61.41647254416533
,56.0632614739112
,54.254497323893595
,49.540748326878
,47.31176624301792
,46.62662830740519
,52.27216489685409
,55.040122156729524
,57.45180769008634
,63.42621048862935
,66.7788187868943
,61.45301323406468
,63.60891393812607
,70.35980639703018
,70.2136436374328
,70.17710294753344
,69.72947949626646
,69.64726294399294
,70.16796777505861
,69.63812777151811
,61.46214840653952
,69.62899259904327
,64.97918980935154
,63.81902290504731
,59.63511391157224
,60.594307021430055
,49.93356074329597
,40.41471102451643
,32.33921855676105
,30.548724751693115
,35.94761168432142
,57.826349761554624
,57.99991803857652
,58.045593900950706
,64.63205325530775
,72.38781468644386
,76.05101884885326
,74.45236366575689
,70.85310571067134
,64.18442980404078
,60.85009185072548
,64.60464773788324
,65.99319395405837
,66.03886981643255
,55.807476644615775
,59.6259787390974
,61.46214840653952
,62.366530481548324
,58.91343528606016
,67.78368775912631
,64.42194428838651
,55.81661181709062
,52.91162697009264
,52.04378558498318
,58.33791942014547
,62.1107456522529
,69.68380363389228
,59.58943804919805
,58.87689459616081
,62.92377600251334
,65.98405878158354
,66.851900166693
,66.84276499421817
,63.289182901506805
,63.60891393812607
,63.38053462625516
,63.36226428130549
,63.343993936355815
,58.88602976863565
,61.599175993662065
,63.325723591406145
,63.325723591406145
,64.42194428838651
,70.99013329779389
,71.35554019678735
,67.18990154826194
,61.77274427068396
,57.52488906988503
,58.8220835613118
,63.38053462625516
,67.34519948033416
,61.18809323229442
,63.22523669418295
,61.42560771664017
,56.84888630674713
,62.66799117321792
,62.384800826497994
,54.482876635764505
,49.96096626072048
,44.00483380712714
,36.705830999732854
,32.86905856030156
,29.845316471130715
,37.68329445454035
,23.861778500112862
,19.9062488185087
,15.192499821493108
,2.3301769769234397
,-14.14967416768144
,-31.040608073653956
,-46.387697831379114
,-50.64468820465288
,-40.34021365303741
,-15.921897627799694
,6.824681834542957
,18.50856742985873
,48.18874280060221
,47.750254521810064
,48.12479659327836
,47.70457865943589
,47.24782003569406
,40.84406413083374
,32.32094821181137
,23.304532979147844
,18.700406051830292
,20.326466752351173
,24.802701265021014
,24.23632057158116
,20.938523308165216
,14.141954986886915
,7.272305285809935
,-2.7307085741359316
,-10.57782173002039
,-21.430406630126058
,-39.09783019645967
,-47.018024732142834
,-35.93706052016627
,-5.124123762543064
,13.767412915418625
,25.72535368497949
,42.64369310837652
,48.60896073444469
,48.57242004454534
,55.88969319688931
,49.376315222330945
,49.39458556728063
,50.216751090015904
,52.82941041781911
,52.299570414278605
,50.18021040011655
,48.18874280060221
,49.55901867182768
,53.53281869838151
,52.500544208725
,48.31663521524993
,52.28130006932892
,48.96523246096331
,41.766716550792225
,32.129109589839814
,36.897669621704416
,49.129665565510365
,55.871422851939634
,49.50420763697866
,48.672906941768545
,54.19968628904458
,60.54863115905588
,61.5078242689137
,60.92317323052417
,59.744735981270274
,53.73379249282792
,49.604694534201855
,48.22528349050157
,46.818466929376754
,42.23261034700888
,29.342881985014706
,47.8324710740836
,56.34645182063113
,56.876291824171645
,52.55535524357403
,48.06085038595451
,46.115058648814355
,42.2874213818579
,47.37571245034178
,47.70457865943589
,44.37937587859544
,24.930593679668725
,47.33917176044243
,43.493264148536305
,57.73499803680626
,60.6308477113294
,60.72219943607777
,60.97798426537319
,59.644249084047075
,46.10592347633951
,44.799593812437905
,46.051112441490496
,45.16500071143136
,46.096788303864685
,46.72711520462839
,46.845872446801266
,50.37204902208812
,50.39031936703779
,46.964629688974135
,47.89641728140745
,47.26609038064373
,46.52614141018199
,45.58521864527384
,37.601077902266816
,40.77098275103505
,45.74051657734606
,46.88241313670061
,46.818466929376754
,48.55414969959567
,46.93722417154963
,48.86474556374011
,49.358044877381275
,48.57242004454534
,57.78067389918044
,49.33063935995677
,48.40798693999829
,47.37571245034178
,47.987769006155816
,48.6637717692937
,54.13574008172072
,64.6959994626316
,66.23984361087895
,66.30378981820282
,59.93657460324184
,54.88482422465731
,51.01151109532667
,48.45366280237248
,49.01090832333749
,52.63757179584755
,55.88969319688931
,53.22222283423707
,56.75753458199877
,68.16736500306945
,73.23738572660365
,69.83910156596451
,67.83849879397532
,64.4676201507607
,90.8408630856134
,83.13991268932631
,70.57905053642625
,63.85556359494666
,63.15215531438425
,69.67466846141744
,94.12039000407968
,113.55090185805672
,113.70619979012893
,94.2756879361519
,82.52785613351227
,70.79829467582233
,66.05714016138224
,62.074204962353555
,60.82268633330097
,61.973718065130356
,63.22523669418295
,59.09613873555689
,61.35252633684148
,77.21118575315748
,95.15266449373618
,90.8408630856134
,87.67095823684517
,75.21058298116832
,62.594909793419234
,52.39092213902696
,42.79899104044873
,38.60594687449883
,36.431775825487755
,40.27768343739388
,33.645548220662654
,40.44211654194094
,35.582204785327974
,24.866647472344866
,11.447079106810179
,5.06159354689953
,3.919696987544981
,1.1608749001443783
,0.31130385998460497
,-0.37383407562812465
,-2.5480051246392037
,10.168154960333084
,43.200938629341536
,56.3647221655808
,66.22157326592928
,67.29952361795999
,71.91278571775237
,68.10341879574558
,65.74654429723779
,60.39333322698366
,55.460340090572004
,53.07606007463969
,54.154010426670396
,51.27643109709692
,50.14366971021721
,42.71677448817521
,28.548121979703943
,11.355727382061815
,12.698597735862762
,11.520160486608873
,10.277777030031118
,7.455008735306677
,5.92029975953416
,8.788743916632797
,12.086541180048734
,30.85018544336271
,50.16194005516688
,60.43900908935784
,68.12168914069525
,69.25445052757497
,68.60585328186158
,68.1582298305946
,55.71612491986741
,53.41406145620864
,52.84768076276878
,51.28556626957176
,52.792869727919765
,53.213087661762245
,51.32210695947111
,55.286771813550104
,55.91709871431382
,54.88482422465731
,54.50114698071417
,52.792869727919765
,43.98656346217747
,38.07610687095831
,39.07184067071548
,48.38971659504862
,53.953036632223984
,49.06571935818651
,55.021851811779854
,65.20756912122245
,79.18438300772215
,77.98767541351859
,77.94199955114439
,68.29525741771714
,53.84341456252595
,50.965835232952486
,50.49994143673583
,40.45125171441578
,42.598017246002335
,48.94696211601364
,51.25816075214725
,58.703326319138924
,62.987722209837194
,52.76546421049525
,52.91162697009264
,41.29168758210073
,34.01095511965611
,33.00608614742411
,31.946406140343086
,40.16806136769585
,51.40432351174463
,49.68691108647539
,52.95730283246682
,62.96031669241269
,61.99198841008003
,67.25384775558581
,64.23010566641494
,64.22097049394011
,63.20696634923327
,60.228900122436606
,57.50661872493535
,50.5182117816855
,50.691780058707394
,58.283108385296444
,60.63998288380424
,63.20696634923327
,65.44508360556819
,73.51144090084874
,58.8220835613118
,47.76852486675975
,43.073046214693825
,35.289879266133205
,43.968293117227795
,48.17960762812738
,51.26729592462209
,50.80140212840543
,61.75447392573428
,61.75447392573428
,61.6083111661369
,61.745338753259446
,62.512693241145705
,61.516959441388536
,63.62718428307575
,63.6911304903996
,62.32998979164898
,61.325120819416966
,61.21549874971893
,63.01512772726171
,66.65092637224659
,67.60098430962958
,67.60098430962958
,67.24471258311097
,63.12474979695974
,56.72099389209942
,50.965835232952486
,47.759389694284906
,46.94635934402447
,52.15340765468122
,52.16254282715605
,55.34158284839913
,63.38053462625516
,67.60098430962958
,67.60098430962958
,66.51389878512406
,67.59184913715474
,65.08881187904957
,60.37506288203399
,50.070588330418516
,49.339774532431605
,47.72284900438555
,47.70457865943589
,48.03344486853
,50.03404764051917
,64.7690808424303
,64.95178429192703
,61.56263530376272
,46.29776209831108
,20.143763302854445
,8.469012880013508
,5.664514930238738
,5.664514930238738
,6.523221142873368
,24.857512299870024
,33.11570821712215
,56.93110285902066
,64.12961876919175
,64.03826704444339
,63.197831176758434
,63.12474979695974
,61.57177047623755
,64.73254015253096
,60.24717046738627
,47.6314972796372
,43.155262766967354
,42.954288972520956
,43.073046214693825
,43.091316559643495
,43.383642078838264
,43.46585863111179
,42.71677448817521
,16.060341206602565
,10.99032048306836
,4.275968714063595
,2.8965576703633076
,4.157211471890733
,11.227834967414097
,28.70341991177616
,47.11992762104636
,46.032842096540826
,55.07666284662887
,61.909771857806504
,63.097344279535236
,62.47615255124636
,61.31598564694214
,52.37265179407729
,45.76792209477057
,43.10045173211834
,43.02737035231964
,42.223475174534045
,43.12785724954285
,31.17905165245682
,15.475690168213035
,15.037201889420885
,15.20163499396795
,5.326513548669794
,3.3533162941051273
,1.882553525656462
,0.34784454988394486
,0.45746661958197876
,2.27536594207443
,3.1706128446083994
,18.67300053440578
,23.587723325867763
,46.41651934048395
,56.017585611537015
,61.1058766800209
,60.53949598658104
,59.452410462075505
,62.19296220452643
,57.16861734336641
,46.279491753361405
,44.589484845516665
,44.534673810667655
,51.05718695770085
,59.06873321813238
,58.62110976686539
,60.50295529668169
,58.4475414898435
,55.07666284662887
,42.79899104044873
,42.744180005599716
,42.6893689707507
,42.65282828085135
,35.161986851485494
,29.836181298655873
,33.82825167015938
,45.66743519754736
,52.28130006932892
,54.72039112011025
,56.48347940775368
,56.39212768300531
,53.79773870015177
,51.6966490309394
,50.837942818304775
,50.47253591931132
,40.16806136769585
,38.806920668945224
,41.09071378765432
,52.88422145266813
,52.88422145266813
,52.89335662514297
,51.78800075568776
,43.182668284391866
,40.49692757678996
,33.645548220662654
,30.457373026944744
,23.29539780667301
,16.13342258640126
,24.784430920071337
,34.50425443329728
,47.6589027970617
,53.213087661762245
,52.34524627665278
,52.88422145266813
,52.527949726149515
,50.463400746836484
,59.470680807025175
,56.62964216735105
,50.43599522941197
,48.60896073444469
,45.99630140664148
,49.36718004985612
,54.026118012022685
,53.53281869838151
,53.71552214787825
,54.52855249813868
,52.18994834458056
,50.755726266031246
,49.75085729379924
,50.39031936703779
,50.78313178345576
,54.437200773390316
,51.04805178522601
,50.39031936703779
,39.77524895127789
,53.53281869838151
,53.53281869838151
,52.32697593170312
,52.317840759228275
,50.609563506433865
,41.32822827200007
,43.24661449171572
,43.054775869744155
,38.56940618459948
,37.336157900496566
,32.53105717873262
,34.769174435067534
,41.33736344447491
,43.411047596262776
,36.80631789695605
,19.58651778188942
,11.099942552766393
,7.144412871162231
,2.6407728410678857
,-0.8214575268951165
,4.659645958006735
,6.6602487299958995
,11.099942552766393
,38.5511358396498
,39.65649170910501
,42.66196345332619
,44.18753725662387
,45.00056760688431
,45.01883795183399
,42.954288972520956
,36.21253168609169
,32.68635511080483
,28.49331094485492
,30.6218061314918
,34.522524778246954
,42.26915103690822
,46.571817272556174
,44.33370001622126
,32.257002004487525
,11.995189455300363
,6.5414914878230235
,4.723592165330587
,2.366717666822794
,3.1432073271838874
,7.473279080256333
,11.16388876009026
,33.92873856738259
,37.564537212367476
,51.67837868598973
,50.24415660744041
,53.167411799388056
,53.15827662691322
,50.445130401886814
,45.009702779359145
,43.97742828970263
,43.02737035231964
,42.223475174534045
,40.42384619699127
,32.9055992502009
,13.210167394453606
,7.948308048947837
,8.085335636070383
,6.6419783850462295
,5.536622515591034
,-10.669173454768767
,-35.47116672394962
,-46.387697831379114
,-55.257950304445274
,-35.97360121006561
,-15.894492110375197
,1.8094721458577823
,7.473279080256333
,17.430617077828032
,24.839241954920354
,24.857512299870024
,29.6169371592598
,25.469568855684066
,6.075597691606362
,5.765001827461944
,4.394725956236485
,2.6864487034420677
,2.27536594207443
,2.9056928428381354
,2.7412597382910917
,0.7497921387767406
,-4.941420313046322
,-2.8220602988842955
,-3.141791335503555
,-5.114988590068222
,-8.303163783786133
,-9.89268379440766
,-12.724587261606956
,-10.71484931714295
,3.928832160019823
,12.013459800250033
,25.23205437133832
,36.998156518927615
,51.066322130175685
,53.231358006711915
,53.36838559383446
,51.477404891543316
,60.658253228753914
,58.538893214591866
,54.163145599145224
,51.376917994320124
,51.05718695770085
,55.981044921637675
,57.00418423881935
,59.19662563278008
,58.767272526462776
,56.894562169121315
,46.818466929376754
,38.97135377349228
,26.60233024256378
,24.894052989769378
,24.884917817294536
,34.86966133229074
,42.23261034700888
,43.10045173211834
,61.261174612093114
,70.03094018793607
,57.05899527366837
,56.9402380314955
,55.99018009411251
,54.400660083490976
,50.13453453774237
,49.77826281122375
,48.59069038949502
,45.91408485436795
,45.676570370022205
,48.43539245742279
,55.63390836759389
,57.09553596356771
,56.465209062804
,51.897622825385795
,50.66437454128288
,38.95308342854261
,26.346545413268366
,18.453756395009705
,13.22843773940329
,21.404417104381864
,45.28375795360424
,50.088858675368186
,59.09613873555689
,60.384198054508815
,60.804415988351295
,60.76787529845195
,59.83608770601864
,57.36045596533798
,56.355586993105966
,53.7794683552021
,47.88728210893261
,46.489600720282645
,43.81299518515558
,47.58582141726301
,51.18507937234856
,57.99991803857652
,57.99078286610168
,62.49442289619603
,54.0809290468717
,51.495675236493
,45.119324849057186
,42.52493586620364
,41.14552482250335
,43.01823517984481
,43.81299518515558
,47.59495658973785
,56.355586993105966
,56.456073890329165
,52.774599382970095
,52.73805869307075
,52.692382830696566
,51.523080753917505
,61.48041875148919
,58.959111148434346
,60.30198150223529
,55.72526009234225
,55.040122156729524
,54.163145599145224
,59.598573221672886
,66.25811395582863
,61.471283579014354
,63.10647945201007
,65.40854291566885
,62.1107456522529
,50.4177248844623
,46.74538554957806
,44.4707276033438
,46.22468071851239
,53.88909042490013
,61.553500131287876
,62.55836910351989
,63.7916173876228
,62.69539669064243
,64.27578152878914
,63.81902290504731
,58.474947007268014
,62.074204962353555
,58.09126976332488
,52.15340765468122
,46.800196584427084
,44.04137449702649
,44.114455876825176
,50.509076609210666
,61.57177047623755
,74.16917331903696
,70.4420229493037
,61.498689096438866
,60.23803529491144
,55.250231123650764
,50.965835232952486
,45.110189676582344
,44.991432434409475
,44.361105533645755
,45.347704160928096
,55.94450423173832
,61.48041875148919
,59.826952533543796
,57.29650975801412
,61.516959441388536
,50.965835232952486
,54.53768767061352
,51.769730410738084
,50.70091523118223
,45.00056760688431
,41.41957999674844
,34.668687537844335
,42.23261034700888
,42.26915103690822
,34.51338960577212
,17.933051563944026
,8.651716329510236
,4.376455611286801
,2.9696390501620016
,-6.4943996337685235
,-14.040052097983406
,-4.886609278197312
,1.7272555935842462
,11.483619796709519
,33.983549602231605
,53.06692490216486
,55.085798019103706
,56.62050699487622
,57.71672769185659
,56.04499112896153
,62.62231531084374
,56.47434423527884
,50.26242695239008
,46.553546927606504
,42.707639315700376
,36.01155789164528
,31.398295791852895
,19.659599161688114
,11.785080488379123
,1.0147121405470045
,-21.74100249427049
,-36.86884811259958
,-383.96886146648376
,-68.86022211947667
,-55.495464788791026
,-36.64960397320351
,-0.5656726975996946
,11.18215910503993
,42.46098965887979
,56.82148078932262
,64.0930780792924
,64.21183532146527
,68.22217603791846
,64.84216222222899
,55.27763664107527
,54.619904222887044
,54.629039395361886
,53.19481731681257
,48.06085038595451
,52.253894551904416
,55.71612491986741
,55.25936629612559
,54.619904222887044
,48.04258004100483
,44.05964484197616
,28.49331094485492
,13.283248774252293
,9.574368749468718
,10.204695650232438
,23.615128843292275
,36.7423716896322
,41.07244344270466
,54.629039395361886
,55.30504215849978
,55.51515112542101
,58.6485152842899
,52.24475937942958
,46.617493134930356
,51.6966490309394
,45.66743519754736
,37.75637583433904
,30.320345439822205
,28.24666128803434
,34.73263374516819
,36.76064203458186
,51.66010834104005
,52.527949726149515
,46.49873589275748
,29.297206122640517
,17.07434535130941
,8.551229432287045
,4.166346644365575
,6.130408726455386
,5.591433550440044
,10.195560477757596
,27.68028059459448
,52.08032627488252
,55.752665609766765
,55.51515112542101
,55.332447675924286
,54.729526292585085
,52.7015180031714
,59.452410462075505
,57.5705649322592
,56.63877733982589
,53.06692490216486
,53.06692490216486
,54.11746973677104
,55.27763664107527
,71.51083812885958
,81.04795819258878
,57.15034699841673
,47.12906279352119
,39.91227653840043
,27.20525162590299
,24.83010678244552
,22.710746768283478
,21.715012968526302
,37.96648480126027
,53.99871249459817
,57.98164769362685
,53.07606007463969
,54.36411939359163
,56.17288354360923
,68.49623121216356
,58.283108385296444
,79.59546576908978
,78.49924507210942
,60.46641460678235
,59.187490460305256
,59.7264656363206
,66.08454567880675
,78.50838024458426
,76.69961609456664
,66.11195119623126
,77.741025756698
,64.79648635985481
,54.610769050412216
,51.386053166794966
,46.2520862359369
,46.361708305634934
,53.05778972969002
,66.12108636870609
,78.4718395546849
,90.02783273535297
,55.314177330974616
,55.898828369364146
,55.898828369364146
,55.15887939890239
,53.98957732212333
,55.32331250344944
,54.610769050412216
,54.2819028413181
,53.15827662691322
,53.11260076453904
,53.2039524892874
,55.34158284839913
,57.37872631028764
,56.95850837644517
,55.067527674154036
,53.15827662691322
,52.71978834812108
,42.095582759886334
,40.04016895304814
,40.9080103381576
,43.56634552833499
,51.50481040896783
,52.235624206954746
,56.90369734159615
,58.63024493934023
,58.749002181513106
,56.95850837644517
,56.876291824171645
,56.39212768300531
,51.34037730442078
,52.235624206954746
,52.42746282892631
,47.074251758672176
,42.323962071757244
,42.33309724423208
,45.576083472799006
,47.11079244857152
,47.074251758672176
,44.132726221774845
,32.65894959338033
,26.657141277412798
,15.484825340687877
,11.72113428105527
,14.671794990427436
,20.911117790740704
,30.566995096642778
,45.219811746280385
,49.604694534201855
,54.52855249813868
,50.09799384784303
,51.51394558144267
,51.34037730442078
,51.33124213194594
,54.33671387616712
,53.53281869838151
,53.52368352590668
,47.59495658973785
,46.02370692406599
,44.64429588036569
,45.62175933517318
,44.68083657026503
,35.856259959573066
,19.00186674349989
,10.661454273974257
,10.560967376751051
,7.500684597680845
,6.60543769514689
,5.810677689836126
,9.56523357699389
,17.247913628331297
,41.29168758210073
,42.33309724423208
,46.900683481650276
,53.35011524888479
,54.42806560091549
,54.72039112011025
,54.437200773390316
,55.231960778701094
,47.31176624301792
,45.16500071143136
,42.936018627571286
,42.60715241847717
,46.836737274326424
,55.7618007822416
,54.437200773390316
,55.34158284839913
,56.081531818860874
,54.0809290468717
,52.29043524180376
,46.20641037356272
,36.376964790638745
,26.74849300216117
,23.715615740515474
,38.59681170202399
,42.57061172857782
,54.2819028413181
,54.56509318803803
,54.57422836051286
,54.44633594586515
,54.44633594586515
,53.331844903935114
,55.094933191578534
,54.437200773390316
,47.22041451826956
,45.347704160928096
,44.48899794829347
,46.01457175159115
,51.41345868421947
,55.01271663930501
,56.82148078932262
,55.37812353829847
,47.092522103621846
,45.83186830209442
,44.16926691167419
,42.598017246002335
,40.67963102628669
,43.00910000736997
,44.69910691521471
,44.068780014450994
,53.61503525065504
,56.13634285370989
,55.350718020873956
,54.437200773390316
,55.04925732920436
,54.55595801556319
,76.88231954406338
,70.23191398238247
,67.3817401702335
,63.59977876565124
,62.54009875857022
,66.25811395582863
,77.71362023927348
,90.90480929293726
,86.91273892143376
,68.02120224347206
,52.24475937942958
,37.83859238661256
,6.523221142873368
,3.545154916076683
,2.5859618062188616
,4.294239059013279
,15.740610169983285
,47.81420072913392
,64.37626842601233
,57.141211825941895
,72.15943537457295
,74.90912228949871
,97.10759140335118
,84.17218717898282
,55.168014571377235
,55.90796354183898
,56.5382904426027
,54.44633594586515
,52.72892352059591
,56.812345616847786
,59.08700356308205
,55.168014571377235
,55.17714974385207
,50.509076609210666
,55.807476644615775
,39.48292343208312
,32.33008338428621
,28.593797842078118
,28.87698818879805
,40.57000895658865
,50.5182117816855
,56.18201871608407
,57.17775251584124
,55.32331250344944
,55.63390836759389
,55.90796354183898
,56.90369734159615
,55.542556642845526
,57.21429320574059
,52.15340765468122
,50.43599522941197
,51.8245414455871
,51.05718695770085
,50.49080626426099
,57.78067389918044
,59.013922183283356
,59.00478701080852
,59.013922183283356
,56.52002009765302
,53.32270973146028
,51.861082135486456
,39.41897722475927
,38.73383928914654
,39.4281123972341
,53.021249039790675
,57.25083389563993
,57.96337734867717
,55.88969319688931
,56.13634285370989
,56.812345616847786
,56.94937320397033
,55.78007112719127
,59.09613873555689
,58.35618976509514
,57.77153872670561
,52.30870558675343
,51.459134546593646
,51.41345868421947
,51.51394558144267
,51.48654006401816
,51.51394558144267
,50.87448350820412
,43.511534493485975
,40.05843929799781
,35.36296064593189
,26.492708172865747
,22.582854353635767
,40.46952205936545
,49.129665565510365
,49.59555936172703
,51.97070420518449
,58.40186562746932
,59.58943804919805
,59.14181459793107
,69.68380363389228
,59.434140117125835
,51.50481040896783
,48.31663521524993
,45.886679336943445
,48.49933866474665
,45.85927381951893
,41.55660758387098
,42.13212344978568
,30.41169716457057
,30.566995096642778
,20.801495721042663
,-0.11804924633270275
,-9.938359656781842
,-30.93098600395591
,-69.02465522402375
,-87.95273259188477
,-76.98139044960624
,-26.28118321426419
,-2.6302216769127114
,45.49386692052548
,51.769730410738084
,52.336111104177945
,52.071191102407695
,56.227694578458255
,54.619904222887044
,47.58582141726301
,45.822733129619586
,45.795327612195074
,44.37937587859544
,44.59862001799151
,42.21434000205921
,43.85867104752976
,49.04744901323684
,49.65037039657604
,45.47559657557581
,30.402561992095734
,13.292383946727135
,8.313714947941293
,7.491549425206017
,11.054266690392211
,19.65046398921328
,33.28927649414403
,49.44939660212964
,56.62964216735105
,57.90856631382816
,60.27457598481078
,58.36532493756998
,59.54376218682387
,55.94450423173832
,53.15827662691322
,51.148538682449214
,49.96096626072048
,48.60896073444469
,48.12479659327836
,47.31176624301792
,47.67717314201138
,48.526744182171164
,47.66803796953654
,47.54014555488883
,46.571817272556174
,31.51705303402577
,19.476895712191386
,16.498829485394722
,18.855703983902515
,39.6290861916805
,47.67717314201138
,53.09433041958937
,54.27276766884326
,53.167411799388056
,53.15827662691322
,52.99384352236616
,53.09433041958937
,50.57302281653452
,45.62175933517318
,48.62723107939436
,45.466461403100965
,45.201541401330715
,43.10958690459317
,42.223475174534045
,43.739913805356885
,46.617493134930356
,46.4530600303833
,45.66743519754736
,42.113853104836004
,36.61447927498449
,31.16078130750715
,26.68454679483731
,34.129712361828986
,39.19059791288836
,44.38851105107027
,47.092522103621846
,45.466461403100965
,44.69910691521471
,46.06024761396533
,46.71798003215356
,48.85561039126527
,47.00117037887348
,46.66316899730454
,46.77279106700257
,44.726512432639225
,45.046243469258485
,44.196672429098705
,45.466461403100965
,45.16500071143136
,46.76365589452774
,46.76365589452774
,45.53040761042482
,45.76792209477057
,44.44332208591929
,44.068780014450994
,44.032239324551654
,43.11872207706801
,42.926883455096444
,44.21494277404838
,45.99630140664148
,45.05537864173333
,45.027973124308815
,45.338568988453254
,45.73138140487122
,45.53954278289966
,43.94088759980328
,42.00423103513797
,42.00423103513797
,42.013366207612805
,44.05964484197616
,41.55660758387098
,41.25514689220138
,42.013366207612805
,41.55660758387098
,41.56574275634582
,41.246011719726546
,44.73564760511405
,45.21067657380554
,42.351367589181756
,41.55660758387098
,41.54747241139615
,49.96096626072048
,47.80506555665909
,47.58582141726301
,43.50239932101114
,42.73504483312488
,42.65282828085135
,42.30569172680757
,43.091316559643495
,42.223475174534045
,46.389113823059446
,50.14366971021721
,46.39824899553428
,42.369637934131426
,38.5511358396498
,38.45978411490144
,39.492058604557954
,38.651622736873
,38.69729859924719
,45.84100347456926
,35.80144892472405
,29.89099233350489
,27.908659906465388
,17.50369845762672
,15.247310856342125
,22.619395043535107
,33.398898563842074
,42.34223241670691
,40.45125171441578
,49.78739798369859
,49.40372073975546
,46.325167615735594
,47.72284900438555
,49.65037039657604
,50.70091523118223
,46.343437960685264
,44.653431052840524
,43.47499380358663
,42.323962071757244
,42.29655655433273
,42.65282828085135
,42.64369310837652
,42.64369310837652
,32.028622692616615
,17.0469398338849
,11.474484624234691
,5.545757688065862
,-2.7033030567114196
,-4.210606515059425
,1.864283180706778
,11.127348070190905
,40.49692757678996
,45.7496517498209
,53.60590007818021
,51.842811790536786
,50.755726266031246
,49.63210005162637
,49.26669315263291
,49.7417221213244
,50.84707799077961
,50.088858675368186
,46.30689727078592
,44.14186139424969
,43.29229035408991
,47.5584158998385
,56.035855956486685
,56.90369734159615
,51.78800075568776
,52.317840759228275
,46.29776209831108
,41.02676758033047
,36.32215375578972
,36.276477893415546
,42.65282828085135
,43.46585863111179
,50.34464350466361
,78.67281334913132
,51.78800075568776
,51.77886558321293
,50.60042833395903
,51.55048627134202
,50.445130401886814
,60.329387019659805
,53.51454835343184
,45.93235519931763
,44.44332208591929
,42.826396557873245
,45.119324849057186
,51.50481040896783
,56.5382904426027
,68.87990845610668
,60.99625461032286
,44.068780014450994
,34.98841857446361
,28.41109439258139
,22.400150904139032
,23.31366815162267
,38.7521096340962
,44.74478277758889
,48.49933866474665
,58.90430011358532
,51.605297306191034
,51.769730410738084
,52.564490416048855
,53.167411799388056
,51.59616213371619
,51.6966490309394
,46.49873589275748
,43.849535875054926
,46.29776209831108
,46.08765313138984
,46.48046554780781
,46.864142791750936
,52.06205592993285
,54.254497323893595
,53.51454835343184
,46.35257313316009
,45.93235519931763
,42.54320621115332
,40.05843929799781
,40.65222550886218
,41.36476896189942
,41.36476896189942
,40.82579378588407
,47.85987659150811
,54.181415944094894
,54.154010426670396
,56.73012906457426
,54.97617594940567
,51.87021730796129
,49.57728901677735
,48.535879354646
,48.51760900969633
,47.67717314201138
,46.14246416623886
,47.40311796776629
,49.19361177283422
,49.10226004808586
,49.08398970313618
,47.942093143781634
,47.731984176860394
,47.750254521810064
,46.736250377103225
,43.23747931924088
,42.39704345155593
,43.52980483843565
,47.275225553118574
,47.531010382413996
,48.22528349050157
,52.317840759228275
,52.30870558675343
,52.40919248397664
,53.32270973146028
,52.856815935243624
,44.92748622708562
,50.381184194562955
,49.49507246450382
,45.19240622885587
,44.92748622708562
,45.48473174805064
,47.713713831910724
,47.3574421053921
,47.22041451826956
,42.33309724423208
,36.45918134291227
,34.03836063708062
,34.0566309820303
,29.4159633648134
,31.28867372215486
,34.97014822951394
,35.6644213376015
,35.08890547168681
,44.58034967304184
,47.22041451826956
,47.22041451826956
,46.736250377103225
,47.055981413722506
,48.39885176752345
,51.751460065788415
,46.39824899553428
,45.01883795183399
,46.051112441490496
,40.807523440934396
,42.2874213818579
,46.389113823059446
,42.33309724423208
,41.23687654725171
,22.473232283937726
,8.779608744157954
,4.385590783761643
,-13.400590024744844
,-21.083270076082258
,-14.670378998747111
,4.157211471890733
,13.968386709865023
,28.5389868072291
,49.568153844302515
,55.95363940421316
,56.191153888558915
,57.625375967108226
,55.91709871431382
,56.71185871962459
,56.52002009765302
,50.317237987239096
,49.43112625717997
,49.13880073798521
,48.31663521524993
,48.59982556196985
,48.30750004277509
,51.422593856694306
,45.640029680122865
,20.29906123492666
,5.573163205490374
,-3.991362375663357
,-16.51568383866406
,-39.83777916692141
,-31.378609455222886
,-6.731914118114275
,16.13342258640126
,29.397693019863716
,52.36351662160246
,52.1990835170554
,57.29650975801412
,57.73499803680626
,57.29650975801412
,54.97617594940567
,50.07972350289336
,49.68691108647539
,49.68691108647539
,50.8196724733551
,51.148538682449214
,51.605297306191034
,54.13574008172072
,51.294701442046595
,51.33124213194594
,45.49386692052548
,47.03771106877282
,36.29474823836521
,20.481764684423396
,13.858764640166996
,19.138894330622435
,33.4080337363169
,48.31663521524993
,57.21429320574059
,63.96518566464469
,60.77701047092679
,60.35679253708432
,60.27457598481078
,59.73560080879544
,59.29711253000329
,59.40673459970132
,55.65217871254356
,45.31116347102875
,47.16560348342054
,54.06265870192203
,50.235021434965574
,55.981044921637675
,59.47981597950002
,64.80562153232964
,66.60525050987242
,58.11867528074939
,42.34223241670691
,39.65649170910501
,36.038963409069794
,41.474391031597456
,53.74292766530275
,69.72947949626646
,62.37566565402316
,65.52730015784172
,60.101007707788895
,60.101007707788895
,60.101007707788895
,60.09187253531406
,59.187490460305256
,75.98707264152941
,78.68194852160615
,69.38234294222269
,63.37139945378033
,61.37993185426599
,66.5504394750234
,69.44628914954654
,78.68194852160615
,70.34153605208051
,66.44081740532536
,76.86404919911371
,78.72762438398033
,73.13689882938046
,70.99013329779389
,70.79829467582233
,75.76782850213333
,71.35554019678735
,72.92678986245922
,98.49613761952631
,65.11621739647408
,62.56750427599472
,62.119880824727744
,64.1387539416666
,61.62658151108658
,69.39147811469752
,59.55289735929871
,55.90796354183898
,59.15094977040591
,58.62110976686539
,60.46641460678235
,62.04679944492904
,64.66859394520709
,65.04313601667539
,61.617446338611735
,58.98651666585886
,50.34464350466361
,25.04021574936676
,14.817957750024817
,14.479956368455866
,24.64740333294879
,45.009702779359145
,61.42560771664017
,65.85616636693584
,77.57659265215095
,70.66126708869977
,70.37807674197984
,68.51450155711322
,69.01693604322922
,63.28004772903196
,66.30378981820282
,66.7788187868943
,65.95665326415903
,65.86530153941067
,67.31779396290966
,59.54376218682387
,70.07661605031025
,74.89085194454904
,69.7112091513168
,57.68018700195725
,51.26729592462209
,43.73077863288205
,40.33249447224291
,41.13638965002851
,50.27156212486492
,56.84888630674713
,58.45667666231834
,66.12108636870609
,70.69780777859913
,70.07661605031025
,68.97126018085504
,71.1454312298661
,70.88051122809586
,80.6277402587463
,79.91519680570907
,77.05588782108526
,70.80742984829716
,63.98345600959436
,64.18442980404078
,75.4572326379889
,77.78670161907218
,79.84211542591036
,72.7258160680128
,64.83302704975415
,57.89029596887848
,48.883015908689785
,45.00056760688431
,41.75758137831739
,46.88241313670061
,58.767272526462776
,64.11134842424208
,72.71668089553796
,77.08329333850978
,73.8494422824177
,77.00107678623624
,71.4194864041112
,70.84397053819652
,76.0875595387526
,73.62106297054679
,67.67406568942828
,62.73193738054178
,62.366530481548324
,62.14728634215225
,62.074204962353555
,68.34093328009133
,68.72461052403446
,72.38781468644386
,66.349465680577
,61.44387806158984
,56.30077595825695
,43.904346909903936
,39.68389722652952
,49.67777591400055
,57.61624079463339
,67.0985498235136
,74.46149883823172
,76.21545195340032
,84.47364787065243
,80.96574164031524
,74.48890435565623
,74.48890435565623
,87.88106720376642
,78.27086576023851
,74.48890435565623
,75.79523401955784
,75.80436919203268
,76.57172367991893
,92.01016516239247
,124.27559434351465
,126.61419849707278
,107.36639009259247
,82.72882992795869
,86.675224437088
,75.72215263975916
,72.16857054704779
,73.07295262205659
,76.37074988547253
,85.7434368446547
,80.34454991202638
,120.2469832821118
,119.72627845104614
,125.92906056146005
,110.28964528454013
,102.86275006249812
,87.60701202952131
,72.85370848266052
,70.83483536572167
,69.32753190737367
,67.801958104076
,69.31839673489883
,70.80742984829716
,77.00107678623624
,79.29400507742018
,79.76903404611167
,78.55405610695844
,75.86831539935653
,55.898828369364146
,36.25820754846587
,28.383688875156878
,33.42630408126658
,51.04805178522601
,71.33726985183768
,92.85973620255226
,100.73425487586124
,87.85366168634191
,108.05152802820521
,100.74339004833607
,97.94802727103612
,81.48644647138093
,88.29214996513404
,83.22212924159984
,74.78122987485101
,68.72461052403446
,64.68686429015676
,70.69780777859913
,86.31895271056938
,90.78605205076438
,84.77510856232203
,68.20390569296879
,62.90550565756367
,58.00905321105135
,51.64183799609038
,41.264282064676216
,27.02254817640626
,43.849535875054926
,54.154010426670396
,54.09006421934654
,72.66186986068895
,94.23914724625254
,95.27142173590906
,92.34816654396141
,91.17886446718236
,87.04976650855629
,77.52178161730193
,74.9547981518729
,72.82630296523601
,72.48830158366705
,71.821433993004
,81.06622853753845
,95.24401621848455
,94.65936518009502
,95.36277346065742
,72.88111400008503
,56.20028906103374
,54.03525318449752
,6.5963025226720475
,2.06525697515319
,1.1426045551947226
,21.14863227508645
,13.840494295217319
,61.2063635772441
,89.27874859241639
,104.39745903827064
,111.5868397759669
,88.43831272473143
,91.80005619547123
,81.45904095395642
,70.816565020772
,62.73193738054178
,57.76240355423077
,57.99991803857652
,55.250231123650764
,59.60770839414773
,74.57112090792977
,77.64053885947479
,62.72280220806694
,62.67712634569276
,54.06265870192203
,24.848377127395196
,7.180953561061585
,6.504950797923698
,7.464143907781505
,38.58767652954915
,58.100404935799716
,58.10954010827456
,61.142417369920246
,89.635020318935
,97.22634864552406
,94.09298448665517
,96.13012794854369
,93.75498310508621
,95.5820176000535
,94.12039000407968
,91.83659688537058
,90.67642998106635
,88.92247686589776
,88.84939548609907
,89.05950445302031
,80.56379405142245
,61.955447720180686
,21.577985381403757
,6.5871673501972055
,-4.512067206729014
,-15.720923833353297
,-30.89444531405657
,-33.42488808958626
,-26.372534939012553
,-4.484661689304502
,6.651113557521072
,59.73560080879544
,79.78730439106135
,77.07415816603495
,72.87197882761019
,68.98039535332987
,54.711255947635415
,22.518908146311908
,11.191294277514771
,12.050000490149387
,7.445873562831835
,7.254034940860265
,12.278379802020297
,14.123684641937245
,13.612114983346402
,19.45862536724171
,7.208359078486097
,5.69192044766325
,-2.8951416786829753
,-8.778192752477622
,-15.428598314158535
,-20.471213520268222
,-10.25809069340113
,-3.306224440050613
,19.394679159917857
,78.17951403549014
,96.15753346596819
,97.08932105840151
,95.49980104777997
,94.15693069397902
,90.01869756287812
,77.73189058422317
,75.35674574076569
,76.54431816249442
,75.35674574076569
,76.69961609456664
,85.1222451163658
,102.65264109557688
,125.8651143541362
,116.1818315308096
,92.22027412931371
,81.99801612997176
,77.68621472184897
,75.21058298116832
,74.2513898713105
,74.20571400893631
,75.34761056829086
,80.73736232844433
,102.37858592133179
,123.01494054198724
,106.11487146353988
,129.8023736907907
,124.3852164132127
,121.10568949474643
,107.85968940623363
,99.93035969807563
,96.16666863844303
,96.37677760536427
,93.56314448311466
,93.64536103538818
,100.95349901525731
,131.56546197843414
,145.65189793463185
,117.94491981845303
,97.60089071699235
,72.55224779099092
,50.445130401886814
,25.323406096086686
,14.99152602704671
,18.663865361930945
,36.833723414380565
,68.4322850048397
,94.13866034902935
,107.07406457339769
,119.37000672452751
,122.00093639728038
,114.29085082851847
,106.64471146708038
,88.36523134493274
,87.81712099644255
,84.53759407797628
,83.35002165624755
,84.8390547696459
,85.44197615298509
,91.80919136794607
,107.06492940092286
,123.48996951067872
,104.21475558877391
,90.63988929116701
,79.88779128828456
,64.44021463333618
,36.541397895185796
,26.81243920948502
,25.880651617051704
,44.881810364711434
,72.68927537811346
,89.69896652625886
,106.08746594611537
,118.84930189346183
,122.27499157152548
,118.77622051366313
,109.81461631584862
,100.31403694201876
,93.57227965558948
,89.68069618130919
,87.74403961664386
,87.28728099290204
,88.99555824569646
,98.3682452048786
,114.26344531109396
,127.69214884910349
,121.14223018464577
,102.51561350845434
,92.51259964850847
,81.55039267870478
,59.644249084047075
,48.444527629897635
,49.13880073798521
,72.82630296523601
,83.03029061962827
,102.08626040213703
,119.00459982553406
,121.98266605233073
,140.39917376160093
,129.58312955139462
,118.53870602931738
,109.22996527745909
,102.67091144052655
,100.32317211449359
,97.47299830234465
,97.83840520133809
,98.22208244528122
,104.3152424859971
,109.6593183837764
,120.9960674250484
,121.19704121949479
,111.51375839616819
,99.7202507311544
,88.84026031362424
,83.36829200119722
,76.21545195340032
,76.59912919734344
,85.28667822091288
,92.37557206138592
,105.33838180317879
,112.23543702168027
,109.87856252317249
,110.5088894239362
,109.75067010852477
,103.03631833952001
,97.77445899401424
,98.03024382330966
,97.57348519956784
,96.7878603667319
,96.79699553920673
,95.79212656697474
,96.81526588415642
,95.66423415232703
,97.12586174830085
,92.02843550734214
,78.94686852337641
,57.18688768831608
,35.399501335831246
,18.50856742985873
,7.655982529753075
,8.505553569912863
,18.389810187685853
,34.559065468146294
,75.43896229303922
,103.75799696503209
,112.36332943632799
,115.49669359519686
,104.87248800696213
,100.29576659706908
,88.19166306791084
,83.46877889842042
,81.25806715951002
,80.16184646252965
,79.63200645898914
,77.5400519622516
,79.39449197464339
,78.18864920796499
,71.94019123517688
,58.182621488073245
,52.317840759228275
,22.756422630657653
,7.235764595910595
,5.51835217064135
,3.883156297645641
,9.18155633305075
,44.552944155617325
,52.87508628019329
,77.54918713472644
,101.95836798748931
,123.76402468492381
,125.94733090640973
,114.39133772574166
,107.85968940623363
,102.57955971577819
,88.63928651917783
,85.75257201712954
,81.19412095218615
,80.59119956884696
,82.3360175115407
,92.25681481921305
,114.29085082851847
,134.7810426895765
,121.27925777176831
,107.05579422844804
,90.95048515531144
,85.48765201535927
,79.17524783524732
,71.5930546811331
,74.03214573191441
,80.77390301834369
,92.25681481921305
,102.57042454330336
,131.27313645923934
,158.91616836809433
,163.21883460374227
,133.81271440724387
,111.68732667319009
,104.64410869509122
,107.50341767971501
,99.60149348898153
,97.71051278669037
,95.2074755285852
,97.72878313164006
,107.73179699158592
,125.48143711019306
,146.93995725358377
,139.64095444618948
,118.96805913563472
,110.42667287166266
,97.29943002532275
,91.28848653688038
,89.17826169519319
,90.2105361848497
,102.5064783359795
,103.6849155852334
,118.7670853411883
,158.79741112592143
,223.48356742023805
,218.81549428559666
,153.45333522814212
,125.37181504049505
,111.20316253202377
,108.04239285573036
,105.55762594257486
,102.74399282032525
,99.18127555513904
,103.92243006957914
,113.08500806184006
,138.89187030325292
,169.96059189017154
,150.3565117591726
,118.20070464774845
,110.57283563126003
,104.78113628221377
,100.77079556576058
,97.02537485107766
,97.47299830234465
,102.34204523143245
,107.13801078072156
,116.885239811372
,157.83821801606362
,122.1014232945036
,115.89864118408968
,116.73907705177461
,113.5965777204309
,100.19527969984588
,93.64536103538818
,90.50286170404445
,88.77631410630038
,87.92674306614059
,88.04550030831346
,92.24767964673822
,106.31584525798628
,116.15442601338509
,109.65018321130157
,91.65389343587384
,84.95781201181876
,84.94867683934392
,85.76170718960437
,88.7306382439262
,88.04550030831346
,88.78544927877522
,91.34329757172941
,88.71236789897652
,98.22208244528122
,103.94070041452882
,101.08139142990501
,93.33476517124375
,93.097250686898
,90.49372653156962
,83.47791407089525
,82.99374992972893
,83.49618441584492
,81.52298716128027
,81.35855405673323
,85.14965063379032
,87.3238216828014
,96.59602174476035
,99.92122452560079
,91.4437844689526
,85.23186718606385
,80.92006577794106
,79.89692646075939
,79.9243319781839
,79.90606163323423
,81.47731129890609
,85.22273201358901
,89.87253480328074
,97.7653238215394
,99.35484383216092
,102.61610040567754
,102.19588247183506
,99.05338314049133
,92.72270861542971
,91.72697481567253
,89.32442445479057
,90.08264377020198
,91.43464929647777
,92.25681481921305
,92.22940930178854
,101.78479971046742
,102.1045307470867
,93.41698172351727
,81.34941888425838
,54.57422836051286
,29.18758405294249
,10.55183220427621
,4.6961866479060745
,5.216891478971746
,31.005483375434935
,72.35127399654452
,92.26594999168789
,108.2525018226516
,106.71779284687908
,107.00098319359901
,103.483941790787
,95.57288242757868
,90.60334860126765
,89.26047824746671
,85.07656925399164
,82.57353199588646
,81.35855405673323
,80.97487681279009
,82.58266716836128
,84.93954166686909
,84.3640258009544
,79.05649059307443
,59.63511391157224
,24.683944022848138
,14.42514533360685
,9.455611507295842
,9.382530127497148
,9.044528745928204
,23.112694357176274
,66.41341188790085
,95.17093483868587
,118.05454188815108
,125.28046331574666
,123.34380675108135
,112.72873633532143
,98.98030176069264
,90.62161894621734
,89.06863962549514
,87.73490444416902
,85.16792097874
,85.48765201535927
,86.09057339869847
,92.94195275482578
,121.11482466722126
,143.633024817693
,145.98989931620082
,120.76768811317748
,111.44981218884435
,107.01925353854868
,97.8658107187626
,93.51746862074049
,94.26655276367705
,96.88834726395511
,97.58262037204267
,98.65143555159852
,93.23427827402055
,120.84990466545099
,114.31825634594298
,95.54547691015416
,89.05036928054548
,80.98401198526491
,61.18809323229442
,51.51394558144267
,54.01698283954784
,53.2770338690861
,60.21062977748693
,74.1326326291376
,93.55400931063983
,115.41447704292335
,103.46567144583732
,88.22820375781019
,81.27633750445969
,79.3488161122692
,13.374600499000664
,8.295444602991623
,5.381324583518804
,76.67221057714214
,84.19959269640734
,83.60580648554297
,72.73495124048765
,85.20446166863934
,85.30494856586255
,77.47610575492774
,79.54065473424076
,73.02727675968241
,60.56690150400555
,50.40858971198746
,47.713713831910724
,46.736250377103225
,53.249628351661585
,82.38169337391489
,92.71357344295487
,103.39259006603862
,101.48333901879784
,95.73731553212572
,85.69776098228051
,84.12651131660866
,77.21118575315748
,77.27513196048135
,79.71422301126266
,83.67888786534166
,89.41577617953892
,98.38651554982829
,112.26284253910478
,122.1014232945036
,117.10448395076807
,107.83228388880912
,104.49794593549385
,95.3810438056071
,88.76717893382555
,84.42797200827825
,82.61920785826064
,80.64601060369598
,82.9115333774554
,87.46998444239877
,105.88649215166897
,130.64280955847562
,129.6562109311933
,103.09112937436902
,93.76411827756107
,85.04916373656712
,80.20752232490382
,78.4170285198359
,80.40849611935023
,84.63808097519947
,91.26108101945587
,111.28537908429729
,125.25305779832215
,130.82551300797238
,100.56068659883934
,100.33230728696844
,98.11246037558318
,91.21540515708169
,90.73124101591537
,87.94501341109026
,85.84392374187789
,85.53332787773346
,85.04916373656712
,87.89933754871609
,105.0917321463582
,122.04661225965458
,123.60872675285161
,102.36945074885696
,93.36217068866826
,82.21726026936784
,78.03335127589277
,71.44689192153571
,63.1886960042836
,67.70147120685279
,70.93532226294487
,74.99133884177225
,90.66729480859152
,97.25375416294855
,92.57654585583234
,81.5047168163306
,76.74529195694082
,71.61132502608277
,64.55897187550906
,56.80321044437295
,51.95243386023482
,46.87327796422577
,47.36657727786694
,54.53768767061352
,67.18990154826194
,80.19838715242898
,79.8238450809607
,72.80803262028634
,45.01883795183399
,29.936668195879072
,10.579237721700721
,5.682785275188408
,5.116404581748554
,15.302121891191149
,30.978077858010423
,74.29706573368468
,92.01930033486731
,93.89201069220877
,94.71417621494405
,90.80432239571405
,90.6124837737425
,83.03029061962827
,72.89024917255986
,70.78915950334749
,69.19050432025112
,69.32753190737367
,68.82509742125767
,66.46822292274986
,70.02180501546123
,70.67040226117462
,63.43534566110418
,44.8726751922366
,16.288720518473482
,8.277174258041953
,4.595699750682883
,3.3807218115296394
,0.9599011056979805
,4.166346644365575
,28.39282404763172
,70.93532226294487
,94.98823138918914
,98.10332520310835
,96.2854258806159
,96.34937208793977
,93.54487413816497
,88.67582720907717
,84.18132235145765
,84.12651131660866
,82.56439682341161
,83.87986165978806
,83.53272510574428
,86.03576236384944
,99.76592659352858
,123.15196812910979
,122.04661225965458
,109.87856252317249
,100.70684935843673
,95.87434311924827
,94.5771486278215
,87.3786327176504
,88.41090720730692
,87.98155410098961
,89.05036928054548
,91.58081205607516
,111.60511012091656
,113.50522599568254
,107.26590319536928
,90.07350859772714
,89.05950445302031
,82.67401889310966
,87.4517140974491
,87.65268789189551
,86.61127822976415
,83.00288510220378
,82.55526165093679
,88.7306382439262
,101.95836798748931
,119.19643844750561
,112.55516805829954
,108.06066320068004
,93.33476517124375
,88.84939548609907
,82.44563958123875
,75.53031401778757
,68.98953052580471
,80.68255129359531
,83.94380786711191
,88.68496238155201
,100.92609349783281
,116.19096670328443
,110.42667287166266
,90.52113204899413
,88.3286906550334
,83.26780510397401
,85.4693816704096
,82.8384519976567
,83.33175131129788
,83.34088648377272
,84.63808097519947
,90.53026722146896
,109.97904942039568
,130.72502611074916
,122.9053184722892
,94.39444517832477
,80.7282271559695
,73.2282505541288
,51.92502834281031
,40.37817033461709
,36.09377444391881
,66.0754105063319
,80.23492784232833
,87.9541485835651
,107.31157905774344
,114.01679565427338
,104.50708110796867
,90.39323963434643
,85.44197615298509
,80.68255129359531
,77.78670161907218
,77.92372920619472
,77.1655098907833
,76.16064091855131
,76.90058988901305
,84.58326994035048
,100.19527969984588
,123.81883571977284
,111.66905632824042
,91.12405343233334
,72.42435537634321
,52.317840759228275
,16.672397762416608
,11.940378420451339
,14.525632230830062
,53.167411799388056
,77.99681058599342
,88.47485341463077
,111.60511012091656
,125.53624814504207
,110.25310459464077
,95.62769346242769
,92.092381714666
,79.44930300949241
,75.46636781046374
,74.02301055943958
,72.92678986245922
,75.85918022688169
,76.1332354011268
,84.30921476610537
,98.10332520310835
,111.93397633001068
,105.8682218067193
,88.23733893028503
,69.96699398061222
,44.74478277758889
,15.155959131593768
,7.993983911322019
,13.83135912274249
,20.85630675589168
,70.02180501546123
,86.82138719668538
,98.1672714104322
,112.22630184920544
,110.7098632183826
,93.42611689599211
,89.20566721261768
,82.35428785649037
,78.6180023142823
,77.57659265215095
,76.90972506148789
,76.74529195694082
,76.27939816072417
,78.80984093625385
,86.3006823656197
,92.75924930532905
,87.11371271588015
,68.75201604145897
,41.14552482250335
,17.06521017883457
,7.829550806774961
,2.5220155988950097
,5.719325965087748
,10.09507358053439
,45.53040761042482
,88.49312375958046
,96.90661760890478
,105.6946535296974
,102.45166730113047
,91.9918948174428
,86.00835684642495
,80.5546588789476
,87.21419961310335
,84.46451269817759
,80.95660646784042
,82.66488372063482
,82.09850302719497
,84.40056649085375
,86.09057339869847
,88.8585306585739
,82.32688233906588
,67.01633327124006
,27.00427783145659
,10.99032048306836
,4.595699750682883
,1.66330938626038
,2.8143411180897715
,11.812486005803635
,66.46822292274986
,97.54607968214333
,105.2927059408046
,105.27443559585492
,103.53875282563602
,102.44253212865564
,97.4364576124453
,91.27021619193071
,86.88533340400924
,84.40056649085375
,84.40970166332858
,84.22699821383185
,84.40056649085375
,92.43038309623493
,114.39133772574166
,111.06613494490122
,106.0691956011657
,103.06372385694452
,94.88774449196595
,88.29214996513404
,84.40970166332858
,82.74710027290836
,83.54186027821912
,86.81225202421055
,97.72878313164006
,110.91997218530383
,113.45955013330835
,111.55029908606755
,104.41572938322031
,106.64471146708038
,96.83353622910609
,87.5522009946723
,86.59300788481447
,84.217863041357
,82.67401889310966
,83.98034855701125
,82.92066854993024
,86.60214305728931
,107.70439147416141
,116.20923704823412
,108.4260700996735
,106.3980618102598
,92.53086999345814
,85.3414892557619
,78.13383817311596
,76.92799540643755
,75.06442022157093
,78.01508093094309
,86.59300788481447
,97.58262037204267
,107.07406457339769
,105.23789490595559
,100.27749625211942
,87.9541485835651
,80.18011680747932
,71.44689192153571
,64.53156635808455
,65.03400084420055
,65.15275808637342
,66.36773602552667
,65.43594843309336
,71.05407950511776
,91.58081205607516
,104.5892976602422
,98.1946769278567
,86.53819684996546
,69.66553328894261
,69.69293880636711
,68.95298983590538
,67.21730706568646
,68.90731397353119
,74.37014711348336
,89.7081016987337
,105.42059835545231
,102.47907281855498
,101.6020962609707
,101.29150039682625
,99.93035969807563
,88.0272299633638
,82.02542164739627
,74.6807429776278
,67.49136223993155
,63.572373248226725
,60.99625461032286
,58.40186562746932
,64.23924083888978
,76.80923816426468
,84.217863041357
,87.91760789366575
,81.91579957769824
,85.07656925399164
,87.86279685881674
,84.30007959363054
,84.40056649085375
,84.31834993858021
,84.2909444211557
,82.39996371886457
,83.79764510751454
,92.43038309623493
,96.89748243642994
,87.94501341109026
,76.10582988370228
,68.45969052226421
,49.55901867182768
,19.83316743871
,19.166299848046947
,15.338662581090489
,14.205901194210774
,22.50063780136223
,37.062102726251474
,70.15883260258377
,70.50596915662756
,63.928644974745346
,54.775202154959274
,53.19481731681257
,45.183271056381045
,30.658346821391156
,29.42509853728823
,54.00784766707301
,65.80135533208681
,54.82087801733345
,71.90365054527753
,64.67772911768193
,74.76295952990134
,66.44995257780019
,61.242904267143444
,60.01879115551536
,48.57242004454534
,23.222316426874315
,17.823429494245993
,17.02866948893523
,17.75948328692214
,20.116357785429933
,22.856909527880852
,37.21740065832369
,59.187490460305256
,56.83061596179746
,44.92748622708562
,25.177243336489305
,52.30870558675343
,21.33133572458317
,7.674252874702745
,7.811280461825291
,8.633445984560566
,20.62792744402077
,67.77455258665148
,91.69956929824802
,97.90235140866196
,99.40051969453512
,87.0040906461821
,84.6928920100485
,77.19291540820781
,72.76235675791214
,68.12168914069525
,63.33485876388098
,61.069335990121544
,64.77821601490513
,68.7611512139338
,73.5023057283739
,85.21359684111418
,73.13689882938046
,39.68389722652952
,12.762543943186628
,6.559761832772693
,6.5688970052475355
,4.641375613057065
,6.632843212571387
,8.0396597736962
,57.18688768831608
,88.84026031362424
,101.75739419304291
,104.95470455923567
,102.96323695972131
,83.13077751685148
,74.0504160768641
,67.74714706922697
,45.027973124308815
,30.959807513060753
,26.967737141557237
,28.01828197616343
,33.38976339136723
,69.02607121570406
,84.01688924691061
,88.82198996867457
,85.46024649793476
,72.77149193038699
,69.59245190914392
,68.99866569827955
,61.763609098209116
,61.22463392219377
,61.29771530199246
,50.32637315971394
,71.26418847203898
,72.7988974478115
,93.38957620609277
,93.27081896391988
,89.89994032070526
,72.7988974478115
,73.19170986422947
,70.03094018793607
,63.17956083180876
,56.84888630674713
,56.72099389209942
,54.09919939182137
,52.29043524180376
,69.38234294222269
,89.62588514646016
,102.86275006249812
,103.25556247891609
,92.23854447426338
,88.81285479619973
,88.84026031362424
,91.5442713661758
,91.18799963965719
,89.68983135378402
,88.84026031362424
,92.44865344118462
,105.84081628929479
,128.89799161578188
,132.0404909471256
,108.08806871810455
,94.81466311216724
,90.97789067273595
,78.66367817665648
,79.36708645721887
,72.45176089376773
,72.47916641119222
,72.05894847734974
,72.05894847734974
,82.89326303250573
,99.66543969630537
,124.93332676170287
,131.74816542793084
,107.9236356135575
,95.81953208439926
,89.58934445656081
,82.81104648023219
,80.54552370647278
,80.28973887717736
,84.217863041357
,92.55827551088265
,105.42973352792714
,126.72382056677083
,137.95094753834476
,115.86210049419033
,95.3536382881826
,92.6953030980052
,83.09423682695213
,78.68194852160615
,74.33360642358403
,72.4700312387174
,72.10462433972393
,72.01327261497556
,76.57172367991893
,90.70383549849086
,96.91575278137962
,98.84327417357011
,92.28422033663756
,76.34334436804802
,71.04494433264291
,68.16736500306945
,59.77214149869478
,60.58517184895523
,71.39208088668668
,80.5272533615231
,96.17580381091787
,109.4309390719055
,124.4308922755869
,108.76407148124244
,97.37251140512144
,92.58568102830716
,86.49252098759128
,78.98340921327575
,76.5625885074441
,73.9773346970654
,76.58085885239377
,77.64967403194963
,80.82871405319271
,94.99736656166397
,110.05213080019438
,125.40835573039438
,105.75859973702126
,94.2026065563532
,87.80798582396773
,84.12651131660866
,81.52298716128027
,79.37622162969372
,83.35915682872239
,91.6904341257732
,102.8536148900233
,125.20738193594798
,134.5983392400798
,121.40715018641603
,102.29636936905827
,98.12159554805802
,90.95048515531144
,96.48639967506232
,89.21480238509253
,86.23673615829586
,83.76110441761519
,83.5144547607946
,84.06256510928479
,90.98702584521078
,100.54241625388968
,102.06799005718736
,95.09785345888717
,76.8366436816892
,65.40854291566885
,53.6789814579789
,40.39644067956676
,43.264884836665395
,60.71306426360293
,78.58146162438294
,97.54607968214333
,108.59963837669538
,132.56119577819126
,108.61790872164505
,95.3810438056071
,91.45291964142744
,79.33054576731953
,72.2964629616955
,66.32206016315249
,64.07480773434273
,65.07967670657473
,61.90063668533166
,65.43594843309336
,70.24104915485731
,70.33240087960567
,67.10768499598842
,57.20515803326575
,27.844713699141536
,18.73694674172964
,9.400800472446818
,4.8880252698776445
,2.9148280153129775
,8.222363223192929
,51.020646267801496
,77.43956506502839
,103.44740110088765
,100.10392797509752
,92.67703275305553
,78.48097472715975
,74.5528505629801
,68.47796086721388
,48.983502805912984
,43.7673193227814
,39.720437916428864
,41.200335857352364
,46.900683481650276
,58.292243557771286
,83.49618441584492
,102.46080247360531
,104.30610731352226
,90.68556515354119
,74.73555401247683
,69.28185604499949
,61.06020081764672
,52.96643800494166
,63.20696634923327
,71.55651399123374
,92.66789758058069
,113.0210618545162
,145.92595310887697
,162.7255352901011
,120.45709224903305
,96.2306148457669
,90.62161894621734
,77.67707954937414
,70.83483536572167
,66.59611533739758
,62.074204962353555
,58.6485152842899
,56.39212768300531
,65.98405878158354
,84.65635132014916
,102.99064247714583
,105.72205904712192
,89.68069618130919
,76.0875595387526
,73.04554710463208
,75.98707264152941
,78.6180023142823
,79.73249335621233
,85.61554443000698
,99.79333211095309
,108.69099010144376
,138.1336509878415
,149.33337244199095
,109.24823562240877
,90.67642998106635
,80.59119956884696
,69.84823673843934
,61.65398702851108
,57.789809071655284
,52.92989731504231
,52.86595110771846
,54.09919939182137
,62.16555668710192
,89.39750583458925
,106.06006042869086
,106.37979146531015
,87.42430858002459
,68.45969052226421
,64.31232221868848
,58.94084080348467
,58.89516494111049
,60.62171253885457
,70.37807674197984
,84.42797200827825
,102.11366591956154
,113.65138875527992
,115.48755842272203
,97.55521485461816
,85.79824787950372
,77.50351127235226
,65.33546153587015
,48.17960762812738
,42.20520482958437
,33.855657187583894
,29.37028750243922
,29.59866681431013
,43.23747931924088
,61.1332821974454
,76.16977609102614
,83.45050855347075
,65.95665326415903
,58.730731836563436
,59.27884218505362
,43.849535875054926
,29.342881985014706
,28.26493163298401
,36.35869444568907
,49.988371778144995
,68.51450155711322
,83.42310303604624
,102.89929075239746
,92.37557206138592
,83.45050855347075
,75.49377332788825
,68.73374569650929
,66.98892775381555
,61.39820219921567
,60.347657364609475
,61.471283579014354
,62.074204962353555
,67.86590431139983
,87.05890168103113
,110.81948528808064
,122.85964260991501
,97.01623967860283
,75.81350436450751
,65.71913877981328
,56.73012906457426
,51.998109722608994
,52.80200490039461
,57.25996906811477
,69.35493742479818
,91.55340653865065
,101.86701626274095
,141.31269100908457
,119.28779017225398
,99.50100659175833
,90.79518722323922
,84.58326994035048
,84.19959269640734
,73.15516917433013
,70.35067122455534
,66.7514132694698
,66.53216913007373
,66.59611533739758
,70.36894156950501
,73.48403538342423
,74.12349745666278
,61.389067026740825
,50.66437454128288
,38.38670273510275
,29.19671922541732
,26.300869550894184
,27.12303507362946
,44.12359104930002
,65.92924774673452
,84.61981063024982
,88.127716860587
,90.8408630856134
,70.67040226117462
,58.22829735044743
,46.94635934402447
,36.3678296181639
,6.9343039042410055
,6.60543769514689
,6.5963025226720475
,6.5414914878230235
,6.5506266602978656
,6.5871673501972055
,6.5963025226720475
,11.18215910503993
,10.259506685081462
,6.989114939090015
,4.266833541588767
,-4.091849272886549
,-9.563817585313558
,-13.053453470701072
,-13.473671404543538
,-1.470054772608492
,6.495815625448856
,27.82644335419186
,60.14668357016308
,70.88964640057068
,62.54009875857022
,55.898828369364146
,55.88969319688931
,49.00177315086266
,36.67842548230834
,33.19792476939567
,35.499988233054445
,36.65101996488383
,47.72284900438555
,59.47981597950002
,88.72150307145137
,110.42667287166266
,108.70012527391859
,103.63010455038437
,90.3110230820729
,86.0448975363243
,77.18378023573297
,73.8037664200435
,75.91399126173071
,86.5747375398648
,93.66363138033786
,93.67276655281269
,105.41146318297749
,109.64104803882674
,105.41146318297749
,99.3457086596861
,98.24948796270573
,89.77204790605754
,90.56680791136831
,83.25866993149918
,80.50898301657342
,83.3865623461469
,82.54612647846194
,89.89080514823041
,92.46692378613429
,150.21034899957522
,156.61410490443555
,113.96198461942436
,95.00650173413881
,85.42370580803541
,77.49437609987741
,75.92312643420556
,76.69961609456664
,82.86585751508122
,88.78544927877522
,96.36764243288943
,98.88895003594428
,99.36397900463578
,91.15145894975785
,79.01081473070026
,64.3671332535375
,57.5431594148347
,36.7423716896322
,29.342881985014706
,25.697948167554976
,21.824635038224343
,18.77348743162898
,28.95006956859674
,50.509076609210666
,68.24044638286814
,64.97918980935154
,51.0937276476002
,29.982344058253247
,22.171771592268122
,13.776548087893467
,9.510422542144866
,10.99032048306836
,23.076153667276927
,48.59982556196985
,69.47369466697104
,77.19291540820781
,84.40970166332858
,68.14909465811976
,54.09006421934654
,48.07912073090418
,36.76064203458186
,18.143160530865273
,11.017726000492871
,11.794215660853965
,9.738801854015776
,12.680327390913092
,27.62546955974546
,62.45788220629669
,78.39875817488621
,79.67768232136332
,68.8342325937325
,61.29771530199246
,55.19542008880174
,50.57302281653452
,51.1211331650247
,60.50295529668169
,62.46701737877152
,81.71482578325184
,84.71116235499818
,88.96815272827195
,99.3457086596861
,87.19592926815369
,84.163052006508
,82.3086119941162
,76.65394023219247
,78.36221748498687
,75.12836642889478
,76.90058988901305
,74.80863539227552
,75.03701470414643
,79.88779128828456
,88.71236789897652
,92.34816654396141
,97.41818726749563
,92.90541206492644
,86.91273892143376
,81.42250026405706
,76.58085885239377
,74.93652780692322
,74.89998711702387
,81.48644647138093
,87.06803685350597
,88.97728790074677
,94.75985207731823
,116.91264532879651
,99.82987280085243
,87.81712099644255
,82.39082854638973
,75.50290850036308
,78.92859817842672
,74.9822036692974
,73.58452228064743
,72.9998712422579
,72.51570710109156
,73.13689882938046
,76.75442712941566
,86.31895271056938
,87.86279685881674
,86.05403270879913
,78.82811128120352
,73.25565607155332
,65.7739498146623
,60.347657364609475
,65.87443671188551
,70.18623812000828
,85.13138028884065
,89.73550721615821
,90.65815963611668
,90.07350859772714
,88.94988238332228
,80.79217336329336
,75.63080091501078
,65.5729760202159
,61.77274427068396
,52.317840759228275
,45.26548760865457
,43.675967598033026
,43.675967598033026
,45.64916485259769
,52.61930145089787
,63.08820910706039
,64.18442980404078
,40.076709642947485
,22.893450217780206
,9.629179784317728
,7.153548043637073
,3.947102504969493
,3.499479053702501
,6.523221142873368
,19.696139851587454
,65.48162429546753
,74.61679677030394
,67.78368775912631
,58.52975804211703
,50.4177248844623
,21.8154998657495
,12.168757732322256
,6.093868036556046
,7.007385284039685
,6.5688970052475355
,6.486680452974014
,7.637712184803405
,31.471377171651596
,72.93592503493406
,92.30249068158723
,99.81160245590276
,92.04670585229181
,85.08570442646648
,84.68375683757367
,76.94626575138723
,77.10156368345945
,78.56319127943327
,90.42978032424577
,102.07712522966219
,100.60636246121352
,105.0917321463582
,129.0258840304296
,107.12887560824672
,99.07165348544102
,93.92855138210811
,90.6124837737425
,86.02662719137462
,82.41823406381424
,80.49071267162375
,79.1204368003983
,79.0473554205996
,82.82018165270703
,103.5844286880102
,139.60441375629014
,138.04229926309313
,104.09599834660104
,91.5442713661758
,81.66914992087764
,75.10096091147027
,70.9170519179952
,70.50596915662756
,77.52178161730193
,91.1149182598585
,109.29391148478295
,130.89859438777106
,150.27429520689907
,116.64772532702625
,99.80246728342793
,91.9462189550686
,86.10884374364814
,85.01262304666778
,82.37255820144006
,81.02968784763911
,81.66914992087764
,83.17645337922566
,89.13258583281899
,105.95043835899283
,157.8564883610133
,162.84429253227398
,116.77561774167397
,100.48760521904066
,89.89994032070526
,82.19898992441817
,82.29947682164136
,81.39509474663255
,91.59908240102483
,105.9687087039425
,145.62449241720736
,174.35460985056784
,178.4563022917694
,125.54538331751692
,101.36458177662495
,97.37251140512144
,88.79458445125006
,90.37496928939674
,83.37742717367206
,81.72396095572667
,80.94747129536557
,80.28973887717736
,87.25074030300269
,102.76226316527492
,158.66951871127372
,160.96244700245768
,107.87795975118331
,96.11185760359402
,84.30921476610537
,80.24406301480317
,77.63140368699996
,78.3713526574617
,88.96815272827195
,100.38711832181745
,126.48630608242507
,146.98563311595797
,123.74575433997416
,101.25495970692691
,93.21600792907087
,88.8585306585739
,82.12590854461946
,83.76110441761519
,80.34454991202638
,78.69108369408099
,81.47731129890609
,83.2860754489237
,88.87680100352357
,104.7902714546886
,132.60687164056546
,143.5051324030453
,111.87916529516166
,97.99370313341032
,86.93100926638343
,81.94320509512275
,78.20691955291466
,80.84698439814238
,90.44805066919544
,109.50402045170419
,116.80302325909848
,117.2597818828403
,119.10508672275725
,115.54236945757106
,108.27077216760128
,106.21535836076308
,96.36764243288943
,102.031449367288
,97.02537485107766
,95.18920518363554
,94.23001207377771
,95.73731553212572
,99.73852107610406
,106.99184802112418
,116.46502187752952
,120.347470179335
,109.8054811433738
,93.28908930886956
,85.0948395989413
,78.68194852160615
,76.99194161376141
,78.66367817665648
,84.70202718252334
,98.39565072230312
,119.45222327680102
,134.01368820169026
,116.54723842980306
,102.13193626451121
,89.87253480328074
,87.30555133785171
,81.55039267870478
,86.0723030537488
,78.68194852160615
,71.10889053996677
2033-10-27 02:00:00+01:00,70.77088915839782
2033-10-27 03:00:00+01:00,69.55591121924458
2033-10-27 04:00:00+01:00,69.42801880459686
2033-10-27 05:00:00+01:00,78.65454300418163
2033-10-27 06:00:00+01:00,81.59606854107896
2033-10-27 07:00:00+01:00,87.63441754694583
2033-10-27 08:00:00+01:00,78.83724645367836
2033-10-27 09:00:00+01:00,71.57478433618341
2033-10-27 10:00:00+01:00,51.7971359281626
2033-10-27 11:00:00+01:00,34.92447236713975
2033-10-27 12:00:00+01:00,30.69488751129049
2033-10-27 13:00:00+01:00,30.521319234268603
2033-10-27 14:00:00+01:00,45.70397588744672
2033-10-27 15:00:00+01:00,89.68069618130919
2033-10-27 16:00:00+01:00,110.2348342496911
2033-10-27 17:00:00+01:00,123.84624123719735
2033-10-27 18:00:00+01:00,132.56119577819126
2033-10-27 19:00:00+01:00,125.73722193948848
2033-10-27 20:00:00+01:00,114.14468806892108
2033-10-27 21:00:00+01:00,108.89196389589016
2033-10-27 22:00:00+01:00,105.34751697565362
2033-10-27 23:00:00+01:00,96.64169760713452
2033-10-28 00:00:00+01:00,93.30735965381925
2033-10-28 01:00:00+01:00,89.89994032070526
2033-10-28 02:00:00+01:00,87.31468651032655
2033-10-28 03:00:00+01:00,84.28180924868086
2033-10-28 04:00:00+01:00,86.83965754163506
2033-10-28 05:00:00+01:00,96.17580381091787
2033-10-28 06:00:00+01:00,115.39620669797367
2033-10-28 07:00:00+01:00,131.33708266656322
2033-10-28 08:00:00+01:00,129.21772265240116
2033-10-28 09:00:00+01:00,112.28111288405447
2033-10-28 10:00:00+01:00,103.76713213750693
2033-10-28 11:00:00+01:00,97.79272933896391
2033-10-28 12:00:00+01:00,99.76592659352858
2033-10-28 13:00:00+01:00,100.77079556576058
2033-10-28 14:00:00+01:00,108.89196389589016
2033-10-28 15:00:00+01:00,116.16356118585992
2033-10-28 16:00:00+01:00,139.28468271967088
2033-10-28 17:00:00+01:00,167.9691242906572
2033-10-28 18:00:00+01:00,170.60918913588492
2033-10-28 19:00:00+01:00,149.97283451522947
2033-10-28 20:00:00+01:00,120.68547156090395
2033-10-28 21:00:00+01:00,113.03933219946587
2033-10-28 22:00:00+01:00,108.37125906482447
2033-10-28 23:00:00+01:00,99.52841210918284
2033-10-29 00:00:00+01:00,102.15020660946088
2033-10-29 01:00:00+01:00,99.76592659352858
2033-10-29 02:00:00+01:00,98.83413900109527
2033-10-29 03:00:00+01:00,98.24035279023089
2033-10-29 04:00:00+01:00,100.00344107787433
2033-10-29 05:00:00+01:00,109.13861355271072
2033-10-29 06:00:00+01:00,118.75795016871348
2033-10-29 07:00:00+01:00,145.7432496593802
2033-10-29 08:00:00+01:00,145.99903448867565
2033-10-29 09:00:00+01:00,127.16230884556296
2033-10-29 10:00:00+01:00,119.17816810255594
2033-10-29 11:00:00+01:00,113.92544392952502
2033-10-29 12:00:00+01:00,108.80974734361662
2033-10-29 13:00:00+01:00,109.99731976534535
2033-10-29 14:00:00+01:00,118.20983982022328
2033-10-29 15:00:00+01:00,134.50698751533145
2033-10-29 16:00:00+01:00,162.9265090845475
2033-10-29 17:00:00+01:00,189.30888719187504
2033-10-29 18:00:00+01:00,157.2992428400483
2033-10-29 19:00:00+01:00,149.15066899249422
2033-10-29 20:00:00+01:00,125.98387159630906
2033-10-29 21:00:00+01:00,114.51009496791454
2033-10-29 22:00:00+01:00,110.63678183858391
2033-10-29 23:00:00+01:00,100.8256066006096
2033-10-30 00:00:00+01:00,105.22875973348076
2033-10-30 01:00:00+01:00,100.70684935843673
2033-10-30 02:00:00+01:00,98.99857210564232
2033-10-30 03:00:00+01:00,98.8158686561456
2033-10-30 04:00:00+01:00,99.80246728342793
2033-10-30 05:00:00+01:00,109.19342458755975
2033-10-30 06:00:00+01:00,120.74028259575297
2033-10-30 07:00:00+01:00,150.19207865462556
2033-10-30 08:00:00+01:00,149.37904830436514
2033-10-30 09:00:00+01:00,126.97960539606623
2033-10-30 10:00:00+01:00,114.78415014215963
2033-10-30 11:00:00+01:00,110.24396942216593
2033-10-30 12:00:00+01:00,102.84447971754845
2033-10-30 13:00:00+01:00,106.10573629106504
2033-10-30 14:00:00+01:00,119.55271017402424
2033-10-30 15:00:00+01:00,138.84619444087875
2033-10-30 16:00:00+01:00,159.72006354587992
2033-10-30 17:00:00+01:00,157.32664835747278
2033-10-30 18:00:00+01:00,158.60557250394987
2033-10-30 19:00:00+01:00,155.0519904112385
2033-10-30 20:00:00+01:00,129.24512816982565
2033-10-30 21:00:00+01:00,119.28779017225398
2033-10-30 22:00:00+01:00,111.39500115399532
2033-10-30 23:00:00+01:00,103.72145627513274
2033-10-31 00:00:00+01:00,100.09479280262269
2033-10-31 01:00:00+01:00,97.57348519956784
2033-10-31 02:00:00+01:00,94.44925621317378
2033-10-31 03:00:00+01:00,92.73184378790454
2033-10-31 04:00:00+01:00,94.43098586822413
2033-10-31 05:00:00+01:00,98.01197347835998
2033-10-31 06:00:00+01:00,111.62338046586623
2033-10-31 07:00:00+01:00,121.26098742681864
2033-10-31 08:00:00+01:00,119.56184534649907
2033-10-31 09:00:00+01:00,109.53142596912869
2033-10-31 10:00:00+01:00,99.10819417534036
2033-10-31 11:00:00+01:00,95.87434311924827
2033-10-31 12:00:00+01:00,90.16486032247552
2033-10-31 13:00:00+01:00,90.70383549849086
2033-10-31 14:00:00+01:00,95.22574587353488
2033-10-31 15:00:00+01:00,102.77139833774976
2033-10-31 16:00:00+01:00,110.52715976888587
2033-10-31 17:00:00+01:00,121.74515156798498
2033-10-31 18:00:00+01:00,123.79143020234832
2033-10-31 19:00:00+01:00,112.1440852969319
2033-10-31 20:00:00+01:00,101.96750315996415
2033-10-31 21:00:00+01:00,96.14839829349336
2033-10-31 22:00:00+01:00,95.18920518363554
2033-10-31 23:00:00+01:00,85.9718161565256
2033-11-01 00:00:00+01:00,87.91760789366575
2033-11-01 01:00:00+01:00,80.17098163500448
2033-11-01 02:00:00+01:00,78.6454078317068
2033-11-01 03:00:00+01:00,75.79523401955784
2033-11-01 04:00:00+01:00,75.0826905665206
2033-11-01 05:00:00+01:00,80.18925197995415
2033-11-01 06:00:00+01:00,89.51626307676213
2033-11-01 07:00:00+01:00,90.14658997752584
2033-11-01 08:00:00+01:00,85.29581339338772
2033-11-01 09:00:00+01:00,70.56078019147658
2033-11-01 10:00:00+01:00,42.698504143225534
2033-11-01 11:00:00+01:00,38.432378597476934
2033-11-01 12:00:00+01:00,33.80084615273488
2033-11-01 13:00:00+01:00,33.216195114345346
2033-11-01 14:00:00+01:00,49.90615522587146
2033-11-01 15:00:00+01:00,78.73675955645517
2033-11-01 16:00:00+01:00,95.22574587353488
2033-11-01 17:00:00+01:00,107.38466043754214
2033-11-01 18:00:00+01:00,111.40413632647017
2033-11-01 19:00:00+01:00,108.22509630522708
2033-11-01 20:00:00+01:00,105.60330180494904
2033-11-01 21:00:00+01:00,96.7330493318829
2033-11-01 22:00:00+01:00,95.22574587353488
2033-11-01 23:00:00+01:00,90.57594308384314
2033-11-02 00:00:00+01:00,91.64475826339901
2033-11-02 01:00:00+01:00,87.90847272119092
2033-11-02 02:00:00+01:00,87.81712099644255
2033-11-02 03:00:00+01:00,86.09057339869847
2033-11-02 04:00:00+01:00,87.78971547901804
2033-11-02 05:00:00+01:00,87.85366168634191
2033-11-02 06:00:00+01:00,95.09785345888717
2033-11-02 07:00:00+01:00,97.73791830411488
2033-11-02 08:00:00+01:00,97.67397209679105
2033-11-02 09:00:00+01:00,93.96509207200745
2033-11-02 10:00:00+01:00,87.83539134139222
2033-11-02 11:00:00+01:00,87.05890168103113
2033-11-02 12:00:00+01:00,83.50531958831976
2033-11-02 13:00:00+01:00,86.09057339869847
2033-11-02 14:00:00+01:00,94.56801345534666
2033-11-02 15:00:00+01:00,109.19342458755975
2033-11-02 16:00:00+01:00,123.68180813265027
2033-11-02 17:00:00+01:00,137.210998567883
2033-11-02 18:00:00+01:00,138.91927582067743
2033-11-02 19:00:00+01:00,128.3955571296659
2033-11-02 20:00:00+01:00,111.1392163246999
2033-11-02 21:00:00+01:00,105.9687087039425
2033-11-02 22:00:00+01:00,104.3883238657958
2033-11-02 23:00:00+01:00,98.53267830942566
2033-11-03 00:00:00+01:00,97.6648369243162
2033-11-03 01:00:00+01:00,96.95229347127896
2033-11-03 02:00:00+01:00,96.9614286437538
2033-11-03 03:00:00+01:00,95.21661070106005
2033-11-03 04:00:00+01:00,94.31222862605124
2033-11-03 05:00:00+01:00,95.1800700111607
2033-11-03 06:00:00+01:00,95.92915415409728
2033-11-03 07:00:00+01:00,96.7330493318829
2033-11-03 08:00:00+01:00,89.88166997575559
2033-11-03 09:00:00+01:00,79.10216645544863
2033-11-03 10:00:00+01:00,59.17835528783041
2033-11-03 11:00:00+01:00,48.444527629897635
2033-11-03 12:00:00+01:00,48.17047245565254
2033-11-03 13:00:00+01:00,47.67717314201138
2033-11-03 14:00:00+01:00,73.43835952105005
2033-11-03 15:00:00+01:00,96.9340231263293
2033-11-03 16:00:00+01:00,111.99792253733452
2033-11-03 17:00:00+01:00,125.6184646973156
2033-11-03 18:00:00+01:00,129.74756265594166
2033-11-03 19:00:00+01:00,120.795093630602
2033-11-03 20:00:00+01:00,112.33592391890348
2033-11-03 21:00:00+01:00,107.96931147593168
2033-11-03 22:00:00+01:00,103.986376276903
2033-11-03 23:00:00+01:00,98.8980852084191
2033-11-04 00:00:00+01:00,95.45412518540579
2033-11-04 01:00:00+01:00,94.79639276721757
2033-11-04 02:00:00+01:00,94.42185069574928
2033-11-04 03:00:00+01:00,94.9060148369156
2033-11-04 04:00:00+01:00,96.92488795385445
2033-11-04 05:00:00+01:00,100.0491169402485
2033-11-04 06:00:00+01:00,117.2597818828403
2033-11-04 07:00:00+01:00,134.96374613907327
2033-11-04 08:00:00+01:00,132.22319439662235
2033-11-04 09:00:00+01:00,115.48755842272203
2033-11-04 10:00:00+01:00,108.33471837492513
2033-11-04 11:00:00+01:00,101.6020962609707
2033-11-04 12:00:00+01:00,99.41879003948479
2033-11-04 13:00:00+01:00,102.57955971577819
2033-11-04 14:00:00+01:00,111.34019011914631
2033-11-04 15:00:00+01:00,133.20979302390467
2033-11-04 16:00:00+01:00,152.66771039530624
2033-11-04 17:00:00+01:00,153.00571177687516
2033-11-04 18:00:00+01:00,166.37960428003566
2033-11-04 19:00:00+01:00,161.10860976205504
2033-11-04 20:00:00+01:00,130.62453921352596
2033-11-04 21:00:00+01:00,112.33592391890348
2033-11-04 22:00:00+01:00,107.70439147416141
2033-11-04 23:00:00+01:00,101.41939281147397
2033-11-05 00:00:00+01:00,100.8986879804083
2033-11-05 01:00:00+01:00,100.0491169402485
2033-11-05 02:00:00+01:00,99.81160245590276
2033-11-05 03:00:00+01:00,98.91635555336879
2033-11-05 04:00:00+01:00,99.13559969276486
2033-11-05 05:00:00+01:00,101.62036660592037
2033-11-05 06:00:00+01:00,121.86390881015785
2033-11-05 07:00:00+01:00,145.45092414018546
2033-11-05 08:00:00+01:00,137.77737926132286
2033-11-05 09:00:00+01:00,117.11361912324293
2033-11-05 10:00:00+01:00,104.64410869509122
2033-11-05 11:00:00+01:00,100.03084659529884
2033-11-05 12:00:00+01:00,98.20381210033156
2033-11-05 13:00:00+01:00,99.25435693493773
2033-11-05 14:00:00+01:00,107.89623009613298
2033-11-05 15:00:00+01:00,138.9649516830516
2033-11-05 16:00:00+01:00,183.97394646657057
2033-11-05 17:00:00+01:00,179.06835884758345
2033-11-05 18:00:00+01:00,186.02936027340877
2033-11-05 19:00:00+01:00,182.43010231832324
2033-11-05 20:00:00+01:00,156.02945386604603
2033-11-05 21:00:00+01:00,127.20798470793716
2033-11-05 22:00:00+01:00,113.25857633886196
2033-11-05 23:00:00+01:00,107.88709492365814
2033-11-06 00:00:00+01:00,108.38039423729931
2033-11-06 01:00:00+01:00,105.2653004233801
2033-11-06 02:00:00+01:00,104.3152424859971
2033-11-06 03:00:00+01:00,104.37005352084613
2033-11-06 04:00:00+01:00,105.33838180317879
2033-11-06 05:00:00+01:00,115.25004393837628
2033-11-06 06:00:00+01:00,136.11477787090266
2033-11-06 07:00:00+01:00,147.5702841543475
2033-11-06 08:00:00+01:00,160.889365622659
2033-11-06 09:00:00+01:00,145.40524827781127
2033-11-06 10:00:00+01:00,131.14524404459164
2033-11-06 11:00:00+01:00,125.38095021296988
2033-11-06 12:00:00+01:00,119.39741224195203
2033-11-06 13:00:00+01:00,124.39435158568753
2033-11-06 14:00:00+01:00,135.90466890398142
2033-11-06 15:00:00+01:00,140.03376686260748
2033-11-06 16:00:00+01:00,148.03617795056417
2033-11-06 17:00:00+01:00,158.30411181228027
2033-11-06 18:00:00+01:00,160.91677114008348
2033-11-06 19:00:00+01:00,159.1354125074904
2033-11-06 20:00:00+01:00,138.89187030325292
2033-11-06 21:00:00+01:00,132.67995302036417
2033-11-06 22:00:00+01:00,118.72140947881412
2033-11-06 23:00:00+01:00,110.69159287343292
2033-11-07 00:00:00+01:00,102.51561350845434
2033-11-07 01:00:00+01:00,99.79333211095309
2033-11-07 02:00:00+01:00,98.24035279023089
2033-11-07 03:00:00+01:00,98.69711141397272
2033-11-07 04:00:00+01:00,98.58748934427469
2033-11-07 05:00:00+01:00,104.86335283448729
2033-11-07 06:00:00+01:00,126.63246884202246
2033-11-07 07:00:00+01:00,138.7091668537562
2033-11-07 08:00:00+01:00,141.18479859443687
2033-11-07 09:00:00+01:00,132.63427715798997
2033-11-07 10:00:00+01:00,122.64039847051895
2033-11-07 11:00:00+01:00,116.42848118763018
2033-11-07 12:00:00+01:00,112.81095288759496
2033-11-07 13:00:00+01:00,115.7068025621181
2033-11-07 14:00:00+01:00,126.25792677055418
2033-11-07 15:00:00+01:00,133.52952406052393
2033-11-07 16:00:00+01:00,148.52947726420533
2033-11-07 17:00:00+01:00,152.7681972925294
2033-11-07 18:00:00+01:00,157.75600146379008
2033-11-07 19:00:00+01:00,151.13300141953368
2033-11-07 20:00:00+01:00,135.52099166003828
2033-11-07 21:00:00+01:00,114.11728255149657
2033-11-07 22:00:00+01:00,107.03752388349837
2033-11-07 23:00:00+01:00,101.89442178016546
2033-11-08 00:00:00+01:00,101.6020962609707
2033-11-08 01:00:00+01:00,100.10392797509752
2033-11-08 02:00:00+01:00,99.66543969630537
2033-11-08 03:00:00+01:00,99.12646452029003
2033-11-08 04:00:00+01:00,99.77506176600342
2033-11-08 05:00:00+01:00,102.56128937082852
2033-11-08 06:00:00+01:00,115.73420807954261
2033-11-08 07:00:00+01:00,139.5678730663908
2033-11-08 08:00:00+01:00,141.60501652827932
2033-11-08 09:00:00+01:00,122.96012950713822
2033-11-08 10:00:00+01:00,111.43154184389468
2033-11-08 11:00:00+01:00,105.78600525444577
2033-11-08 12:00:00+01:00,101.8030700554171
2033-11-08 13:00:00+01:00,101.65690729581972
2033-11-08 14:00:00+01:00,104.26956662362292
2033-11-08 15:00:00+01:00,112.91143978481816
2033-11-08 16:00:00+01:00,127.82004126375118
2033-11-08 17:00:00+01:00,139.20246616739735
2033-11-08 18:00:00+01:00,134.56179855018047
2033-11-08 19:00:00+01:00,121.20617639196962
2033-11-08 20:00:00+01:00,111.04786459995154
2033-11-08 21:00:00+01:00,103.84021351730561
2033-11-08 22:00:00+01:00,102.57042454330336
2033-11-08 23:00:00+01:00,98.87981486346945
2033-11-09 00:00:00+01:00,106.55335974233203
2033-11-09 01:00:00+01:00,104.67151421251573
2033-11-09 02:00:00+01:00,102.65264109557688
2033-11-09 03:00:00+01:00,100.70684935843673
2033-11-09 04:00:00+01:00,100.41452383924197
2033-11-09 05:00:00+01:00,100.71598453091157
2033-11-09 06:00:00+01:00,103.63010455038437
2033-11-09 07:00:00+01:00,105.6946535296974
2033-11-09 08:00:00+01:00,106.70865767440425
2033-11-09 09:00:00+01:00,106.38892663778498
2033-11-09 10:00:00+01:00,103.6849155852334
2033-11-09 11:00:00+01:00,101.78479971046742
2033-11-09 12:00:00+01:00,98.84327417357011
2033-11-09 13:00:00+01:00,98.70624658644755
2033-11-09 14:00:00+01:00,104.05945765670168
2033-11-09 15:00:00+01:00,116.10875015101091
2033-11-09 16:00:00+01:00,130.0033474852371
2033-11-09 17:00:00+01:00,148.0270427780893
2033-11-09 18:00:00+01:00,149.6531034786102
2033-11-09 19:00:00+01:00,137.4119723623294
2033-11-09 20:00:00+01:00,123.27072537128265
2033-11-09 21:00:00+01:00,114.33652669089264
2033-11-09 22:00:00+01:00,111.74213770803911
2033-11-09 23:00:00+01:00,106.24276387818759
2033-11-10 00:00:00+01:00,105.3657873206033
2033-11-10 01:00:00+01:00,103.51134730821151
2033-11-10 02:00:00+01:00,102.55215419835368
2033-11-10 03:00:00+01:00,102.76226316527492
2033-11-10 04:00:00+01:00,102.07712522966219
2033-11-10 05:00:00+01:00,102.58869488825303
2033-11-10 06:00:00+01:00,104.42486455569515
2033-11-10 07:00:00+01:00,106.11487146353988
2033-11-10 08:00:00+01:00,107.94190595850716
2033-11-10 09:00:00+01:00,107.52168802466468
2033-11-10 10:00:00+01:00,105.33838180317879
2033-11-10 11:00:00+01:00,105.32924663070395
2033-11-10 12:00:00+01:00,104.27870179609775
2033-11-10 13:00:00+01:00,103.67578041275856
2033-11-10 14:00:00+01:00,104.22389076124875
2033-11-10 15:00:00+01:00,114.37306738079201
2033-11-10 16:00:00+01:00,122.61299295309443
2033-11-10 17:00:00+01:00,140.77371583306922
2033-11-10 18:00:00+01:00,137.62208132925065
2033-11-10 19:00:00+01:00,127.91139298849956
2033-11-10 20:00:00+01:00,122.76829088516666
2033-11-10 21:00:00+01:00,114.30912117346813
2033-11-10 22:00:00+01:00,113.69706461765409
2033-11-10 23:00:00+01:00,107.13801078072156
2033-11-11 00:00:00+01:00,102.5064783359795
2033-11-11 01:00:00+01:00,100.6977141859619
2033-11-11 02:00:00+01:00,99.47360107433381
2033-11-11 03:00:00+01:00,97.99370313341032
2033-11-11 04:00:00+01:00,98.6423003791237
2033-11-11 05:00:00+01:00,102.70745213042589
2033-11-11 06:00:00+01:00,117.20497084799128
2033-11-11 07:00:00+01:00,132.9448730221344
2033-11-11 08:00:00+01:00,137.27494477520688
2033-11-11 09:00:00+01:00,129.29080403219984
2033-11-11 10:00:00+01:00,121.90958467253203
2033-11-11 11:00:00+01:00,119.42481775937654
2033-11-11 12:00:00+01:00,114.3456618633675
2033-11-11 13:00:00+01:00,115.18609773105244
2033-11-11 14:00:00+01:00,118.9406536182102
2033-11-11 15:00:00+01:00,128.08496126552146
2033-11-11 16:00:00+01:00,134.18725647871216
2033-11-11 17:00:00+01:00,144.692704824774
2033-11-11 18:00:00+01:00,144.84800275684626
2033-11-11 19:00:00+01:00,132.36935715621973
2033-11-11 20:00:00+01:00,118.93151844573536
2033-11-11 21:00:00+01:00,113.98025496437403
2033-11-11 22:00:00+01:00,110.98391839262769
2033-11-11 23:00:00+01:00,105.28357076832977
2033-11-12 00:00:00+01:00,105.07346180140853
2033-11-12 01:00:00+01:00,102.6800466130014
2033-11-12 02:00:00+01:00,101.57469074354618
2033-11-12 03:00:00+01:00,101.17274315465339
2033-11-12 04:00:00+01:00,103.75799696503209
2033-11-12 05:00:00+01:00,107.6495804393124
2033-11-12 06:00:00+01:00,131.36448818398773
2033-11-12 07:00:00+01:00,157.984380775661
2033-11-12 08:00:00+01:00,169.86010499294832
2033-11-12 09:00:00+01:00,150.91375728013762
2033-11-12 10:00:00+01:00,137.79564960627255
2033-11-12 11:00:00+01:00,135.4753157976641
2033-11-12 12:00:00+01:00,130.1312398998848
2033-11-12 13:00:00+01:00,133.5203888880491
2033-11-12 14:00:00+01:00,139.50392685906695
2033-11-12 15:00:00+01:00,151.94603176979413
2033-11-12 16:00:00+01:00,157.9569752582365
2033-11-12 17:00:00+01:00,153.58122764278988
2033-11-12 18:00:00+01:00,151.42532693872846
2033-11-12 19:00:00+01:00,152.72252143015524
2033-11-12 20:00:00+01:00,139.40343996184376
2033-11-12 21:00:00+01:00,125.03381365892608
2033-11-12 22:00:00+01:00,120.10995569498927
2033-11-12 23:00:00+01:00,113.70619979012893
2033-11-13 00:00:00+01:00,110.60024114868455
2033-11-13 01:00:00+01:00,108.06979837315487
2033-11-13 02:00:00+01:00,106.45287284510883
2033-11-13 03:00:00+01:00,106.20622318828823
2033-11-13 04:00:00+01:00,107.34811974764278
2033-11-13 05:00:00+01:00,116.06307428863673
2033-11-13 06:00:00+01:00,134.58920406760495
2033-11-13 07:00:00+01:00,164.79008426941414
2033-11-13 08:00:00+01:00,170.23464706441663
2033-11-13 09:00:00+01:00,158.19448974258222
2033-11-13 10:00:00+01:00,156.9064304236303
2033-11-13 11:00:00+01:00,157.09826904560188
2033-11-13 12:00:00+01:00,146.68417242428836
2033-11-13 13:00:00+01:00,145.6884386245312
2033-11-13 14:00:00+01:00,149.36077795941543
2033-11-13 15:00:00+01:00,156.3217793852408
2033-11-13 16:00:00+01:00,173.5689850177319
2033-11-13 17:00:00+01:00,180.20112023446313
2033-11-13 18:00:00+01:00,182.28393955872585
2033-11-13 19:00:00+01:00,154.80534075441795
2033-11-13 20:00:00+01:00,135.28347717569255
2033-11-13 21:00:00+01:00,119.57098051897391
2033-11-13 22:00:00+01:00,114.64712255503709
2033-11-13 23:00:00+01:00,107.43947147239116
2033-11-14 00:00:00+01:00,112.55516805829954
2033-11-14 01:00:00+01:00,109.62277769387705
2033-11-14 02:00:00+01:00,107.96931147593168
2033-11-14 03:00:00+01:00,107.31157905774344
2033-11-14 04:00:00+01:00,107.03752388349837
2033-11-14 05:00:00+01:00,116.25491291060828
2033-11-14 06:00:00+01:00,124.57705503518426
2033-11-14 07:00:00+01:00,132.6708178478893
2033-11-14 08:00:00+01:00,138.64522064643234
2033-11-14 09:00:00+01:00,135.98688545625492
2033-11-14 10:00:00+01:00,125.4174909028692
2033-11-14 11:00:00+01:00,123.48996951067872
2033-11-14 12:00:00+01:00,121.04174328742258
2033-11-14 13:00:00+01:00,121.63552949828693
2033-11-14 14:00:00+01:00,126.31273780540319
2033-11-14 15:00:00+01:00,135.6214785572615
2033-11-14 16:00:00+01:00,148.78526209350076
2033-11-14 17:00:00+01:00,156.08426490089502
2033-11-14 18:00:00+01:00,154.6957186847199
2033-11-14 19:00:00+01:00,147.22314760030372
2033-11-14 20:00:00+01:00,127.18971436298747
2033-11-14 21:00:00+01:00,120.65806604347944
2033-11-14 22:00:00+01:00,118.20983982022328
2033-11-14 23:00:00+01:00,111.40413632647017
2033-11-15 00:00:00+01:00,108.49915147947218
2033-11-15 01:00:00+01:00,107.30244388526862
2033-11-15 02:00:00+01:00,105.97784387641732
2033-11-15 03:00:00+01:00,104.488810763019
2033-11-15 04:00:00+01:00,105.35665214812846
2033-11-15 05:00:00+01:00,110.47234873403684
2033-11-15 06:00:00+01:00,118.87670741088634
2033-11-15 07:00:00+01:00,135.82245235170788
2033-11-15 08:00:00+01:00,143.35896964344792
2033-11-15 09:00:00+01:00,132.7895750900622
2033-11-15 10:00:00+01:00,124.95159710665256
2033-11-15 11:00:00+01:00,121.03260811494773
2033-11-15 12:00:00+01:00,118.7670853411883
2033-11-15 13:00:00+01:00,118.83103154851216
2033-11-15 14:00:00+01:00,121.77255708540949
2033-11-15 15:00:00+01:00,130.5879985236266
2033-11-15 16:00:00+01:00,137.48505374212812
2033-11-15 17:00:00+01:00,141.06604135226397
2033-11-15 18:00:00+01:00,134.25120268603604
2033-11-15 19:00:00+01:00,131.73903025545602
2033-11-15 20:00:00+01:00,126.92479436121721
2033-11-15 21:00:00+01:00,121.6994757056108
2033-11-15 22:00:00+01:00,118.38340809724518
2033-11-15 23:00:00+01:00,112.39987012622733
2033-11-16 00:00:00+01:00,111.55029908606755
2033-11-16 01:00:00+01:00,107.52168802466468
2033-11-16 02:00:00+01:00,105.24703007843041
2033-11-16 03:00:00+01:00,104.27870179609775
2033-11-16 04:00:00+01:00,104.04118731175203
2033-11-16 05:00:00+01:00,104.991245249135
2033-11-16 06:00:00+01:00,117.23237636541579
2033-11-16 07:00:00+01:00,117.22324119294095
2033-11-16 08:00:00+01:00,117.21410602046612
2033-11-16 09:00:00+01:00,118.34686740734583
2033-11-16 10:00:00+01:00,111.47721770626885
2033-11-16 11:00:00+01:00,104.46140524559449
2033-11-16 12:00:00+01:00,101.83961074531645
2033-11-16 13:00:00+01:00,103.40172523851346
2033-11-16 14:00:00+01:00,113.07587288936523
2033-11-16 15:00:00+01:00,120.6672012159543
2033-11-16 16:00:00+01:00,121.48936673868955
2033-11-16 17:00:00+01:00,125.68241090463945
2033-11-16 18:00:00+01:00,128.43209781956523
2033-11-16 19:00:00+01:00,125.88338469908588
2033-11-16 20:00:00+01:00,125.28046331574666
2033-11-16 21:00:00+01:00,119.99119845281638
2033-11-16 22:00:00+01:00,113.93457910199984
2033-11-16 23:00:00+01:00,109.84202183327312
2033-11-17 00:00:00+01:00,113.30425220123614
2033-11-17 01:00:00+01:00,112.13495012445708
2033-11-17 02:00:00+01:00,109.8602921782228
2033-11-17 03:00:00+01:00,107.8505542337588
2033-11-17 04:00:00+01:00,107.62217492188789
2033-11-17 05:00:00+01:00,108.79147699866695
2033-11-17 06:00:00+01:00,112.4638163335512
2033-11-17 07:00:00+01:00,113.10327840678974
2033-11-17 08:00:00+01:00,112.50949219592536
2033-11-17 09:00:00+01:00,113.1215487517394
2033-11-17 10:00:00+01:00,111.0113239100522
2033-11-17 11:00:00+01:00,109.86942735069763
2033-11-17 12:00:00+01:00,108.80061217114178
2033-11-17 13:00:00+01:00,107.8048783713846
2033-11-17 14:00:00+01:00,109.82375148832347
2033-11-17 15:00:00+01:00,119.1416274126566
2033-11-17 16:00:00+01:00,127.06182194833977
2033-11-17 17:00:00+01:00,128.97107299558058
2033-11-17 18:00:00+01:00,126.61419849707278
2033-11-17 19:00:00+01:00,126.714685394296
2033-11-17 20:00:00+01:00,123.32553640613168
2033-11-17 21:00:00+01:00,119.87244121064352
2033-11-17 22:00:00+01:00,117.92664947350336
2033-11-17 23:00:00+01:00,114.6745280724616
2033-11-18 00:00:00+01:00,110.57283563126003
2033-11-18 01:00:00+01:00,109.44007424438033
2033-11-18 02:00:00+01:00,107.94190595850716
2033-11-18 03:00:00+01:00,108.77320665371727
2033-11-18 04:00:00+01:00,110.47234873403684
2033-11-18 05:00:00+01:00,116.2823184280328
2033-11-18 06:00:00+01:00,126.60506332459795
2033-11-18 07:00:00+01:00,143.61475447274336
2033-11-18 08:00:00+01:00,146.9125517361593
2033-11-18 09:00:00+01:00,134.53439303275596
2033-11-18 10:00:00+01:00,128.98934334053024
2033-11-18 11:00:00+01:00,125.6184646973156
2033-11-18 12:00:00+01:00,122.92358881723888
2033-11-18 13:00:00+01:00,126.60506332459795
2033-11-18 14:00:00+01:00,134.36082475573403
2033-11-18 15:00:00+01:00,146.35530621519428
2033-11-18 16:00:00+01:00,139.60441375629014
2033-11-18 17:00:00+01:00,158.0300566380352
2033-11-18 18:00:00+01:00,172.56411604549993
2033-11-18 19:00:00+01:00,163.99532426410337
2033-11-18 20:00:00+01:00,130.35048403928087
2033-11-18 21:00:00+01:00,129.784103345841
2033-11-18 22:00:00+01:00,128.46863850946457
2033-11-18 23:00:00+01:00,123.31640123365683
2033-11-19 00:00:00+01:00,115.91691152903934
2033-11-19 01:00:00+01:00,112.92971012976784
2033-11-19 02:00:00+01:00,110.78294459818127
2033-11-19 03:00:00+01:00,109.14774872518558
2033-11-19 04:00:00+01:00,111.2122977044986
2033-11-19 05:00:00+01:00,116.3097239454573
2033-11-19 06:00:00+01:00,132.39676267364422
2033-11-19 07:00:00+01:00,145.01243586139333
2033-11-19 08:00:00+01:00,147.22314760030372
2033-11-19 09:00:00+01:00,143.74264688739106
2033-11-19 10:00:00+01:00,134.141580616338
2033-11-19 11:00:00+01:00,131.80297646277987
2033-11-19 12:00:00+01:00,130.46924128145375
2033-11-19 13:00:00+01:00,134.00455302921543
2033-11-19 14:00:00+01:00,134.50698751533145
2033-11-19 15:00:00+01:00,148.10012415788802
2033-11-19 16:00:00+01:00,148.18234071016155
2033-11-19 17:00:00+01:00,149.88148279048113
2033-11-19 18:00:00+01:00,139.4125751343186
2033-11-19 19:00:00+01:00,132.82611577996155
2033-11-19 20:00:00+01:00,128.5508550617381
2033-11-19 21:00:00+01:00,117.27805222778997
2033-11-19 22:00:00+01:00,116.80302325909848
2033-11-19 23:00:00+01:00,113.76101082497796
2033-11-20 00:00:00+01:00,113.46868530578318
2033-11-20 01:00:00+01:00,110.62764666610906
2033-11-20 02:00:00+01:00,107.87795975118331
2033-11-20 03:00:00+01:00,107.11060526329706
2033-11-20 04:00:00+01:00,105.0186507665595
2033-11-20 05:00:00+01:00,109.82375148832347
2033-11-20 06:00:00+01:00,119.10508672275725
2033-11-20 07:00:00+01:00,131.78470611783018
2033-11-20 08:00:00+01:00,139.11111444264898
2033-11-20 09:00:00+01:00,131.75730060040567
2033-11-20 10:00:00+01:00,131.0264868024188
2033-11-20 11:00:00+01:00,129.49177782664626
2033-11-20 12:00:00+01:00,126.69641504934631
2033-11-20 13:00:00+01:00,127.15317367308813
2033-11-20 14:00:00+01:00,130.54232266125246
2033-11-20 15:00:00+01:00,137.36629649995524
2033-11-20 16:00:00+01:00,136.77251028909086
2033-11-20 17:00:00+01:00,141.13912273206267
2033-11-20 18:00:00+01:00,139.53133237649146
2033-11-20 19:00:00+01:00,131.99481508475145
2033-11-20 20:00:00+01:00,126.70555022182114
2033-11-20 21:00:00+01:00,118.40167844219485
2033-11-20 22:00:00+01:00,117.27805222778997
2033-11-20 23:00:00+01:00,114.45528393306552
2033-11-21 00:00:00+01:00,109.09293769033656
2033-11-21 01:00:00+01:00,107.94190595850716
2033-11-21 02:00:00+01:00,109.8054811433738
2033-11-21 03:00:00+01:00,109.12034320776107
2033-11-21 04:00:00+01:00,109.01985631053786
2033-11-21 05:00:00+01:00,114.62885221008742
2033-11-21 06:00:00+01:00,127.08009229328943
2033-11-21 07:00:00+01:00,132.8991971597602
2033-11-21 08:00:00+01:00,134.28774337593535
2033-11-21 09:00:00+01:00,128.98934334053024
2033-11-21 10:00:00+01:00,126.60506332459795
2033-11-21 11:00:00+01:00,128.89799161578188
2033-11-21 12:00:00+01:00,127.91139298849956
2033-11-21 13:00:00+01:00,131.99481508475145
2033-11-21 14:00:00+01:00,139.0928440976993
2033-11-21 15:00:00+01:00,143.55080826541948
2033-11-21 16:00:00+01:00,147.92655588086615
2033-11-21 17:00:00+01:00,164.47035323279485
2033-11-21 18:00:00+01:00,154.93323316906566
2033-11-21 19:00:00+01:00,143.19453653890088
2033-11-21 20:00:00+01:00,133.32855026607754
2033-11-21 21:00:00+01:00,123.9558633068954
2033-11-21 22:00:00+01:00,118.9132481007857
2033-11-21 23:00:00+01:00,111.5411639135927
2033-11-22 00:00:00+01:00,111.97965219238486
2033-11-22 01:00:00+01:00,110.7098632183826
2033-11-22 02:00:00+01:00,109.79634597089895
2033-11-22 03:00:00+01:00,109.8054811433738
2033-11-22 04:00:00+01:00,110.11607700751821
2033-11-22 05:00:00+01:00,114.39133772574166
2033-11-22 06:00:00+01:00,125.78289780186267
2033-11-22 07:00:00+01:00,135.24693648579319
2033-11-22 08:00:00+01:00,138.71830202623102
2033-11-22 09:00:00+01:00,137.09224132571012
2033-11-22 10:00:00+01:00,127.19884953546233
2033-11-22 11:00:00+01:00,125.68241090463945
2033-11-22 12:00:00+01:00,121.33406880661732
2033-11-22 13:00:00+01:00,123.51737502810325
2033-11-22 14:00:00+01:00,126.74209091172051
2033-11-22 15:00:00+01:00,130.71589093827433
2033-11-22 16:00:00+01:00,139.5861434113405
2033-11-22 17:00:00+01:00,136.0051558012046
2033-11-22 18:00:00+01:00,132.2871406039462
2033-11-22 19:00:00+01:00,131.80297646277987
2033-11-22 20:00:00+01:00,129.56485920644494
2033-11-22 21:00:00+01:00,129.16291161755214
2033-11-22 22:00:00+01:00,125.33527435059568
2033-11-22 23:00:00+01:00,118.87670741088634
2033-11-23 00:00:00+01:00,123.91932261699606
2033-11-23 01:00:00+01:00,120.03687431519056
2033-11-23 02:00:00+01:00,116.43761636010501
2033-11-23 03:00:00+01:00,115.91691152903934
2033-11-23 04:00:00+01:00,114.69279841741127
2033-11-23 05:00:00+01:00,118.41081361466969
2033-11-23 06:00:00+01:00,128.11236678294597
2033-11-23 07:00:00+01:00,129.36388541199852
2033-11-23 08:00:00+01:00,129.98507714028742
2033-11-23 09:00:00+01:00,129.16291161755214
2033-11-23 10:00:00+01:00,126.35841366777736
2033-11-23 11:00:00+01:00,119.28779017225398
2033-11-23 12:00:00+01:00,115.84383014924066
2033-11-23 13:00:00+01:00,116.20010187575929
2033-11-23 14:00:00+01:00,123.47169916572906
2033-11-23 15:00:00+01:00,133.90406613199224
2033-11-23 16:00:00+01:00,138.38943581713693
2033-11-23 17:00:00+01:00,138.38030064466207
2033-11-23 18:00:00+01:00,136.01429097367944
2033-11-23 19:00:00+01:00,133.81271440724387
2033-11-23 20:00:00+01:00,126.21225090817998
2033-11-23 21:00:00+01:00,123.46256399325421
2033-11-23 22:00:00+01:00,124.92419158922804
2033-11-23 23:00:00+01:00,116.20010187575929
2033-11-24 00:00:00+01:00,116.04480394368706
2033-11-24 01:00:00+01:00,117.14102464066744
2033-11-24 02:00:00+01:00,116.62031980960174
2033-11-24 03:00:00+01:00,115.28658462827565
2033-11-24 04:00:00+01:00,115.64285635479426
2033-11-24 05:00:00+01:00,117.01313222601972
2033-11-24 06:00:00+01:00,119.26951982730432
2033-11-24 07:00:00+01:00,120.84076949297616
2033-11-24 08:00:00+01:00,122.52164122834608
2033-11-24 09:00:00+01:00,120.43882190408337
2033-11-24 10:00:00+01:00,117.13188946819258
2033-11-24 11:00:00+01:00,116.74821222424946
2033-11-24 12:00:00+01:00,116.20923704823412
2033-11-24 13:00:00+01:00,115.27744945580079
2033-11-24 14:00:00+01:00,116.24577773813346
2033-11-24 15:00:00+01:00,117.55210740203506
2033-11-24 16:00:00+01:00,127.42722884733323
2033-11-24 17:00:00+01:00,128.1032316104711
2033-11-24 18:00:00+01:00,132.07703163702493
2033-11-24 19:00:00+01:00,131.7116247380315
2033-11-24 20:00:00+01:00,126.50457642737473
2033-11-24 21:00:00+01:00,121.70861087808564
2033-11-24 22:00:00+01:00,120.42968673160854
2033-11-24 23:00:00+01:00,117.17756533056678
2033-11-25 00:00:00+01:00,117.89924395607885
2033-11-25 01:00:00+01:00,113.18549495906325
2033-11-25 02:00:00+01:00,111.08440528985088
2033-11-25 03:00:00+01:00,115.26831428332596
2033-11-25 04:00:00+01:00,115.52409911262137
2033-11-25 05:00:00+01:00,120.795093630602
2033-11-25 06:00:00+01:00,130.18605093473383
2033-11-25 07:00:00+01:00,133.5477944054736
2033-11-25 08:00:00+01:00,133.20979302390467
2033-11-25 09:00:00+01:00,131.2640012867645
2033-11-25 10:00:00+01:00,128.88885644330705
2033-11-25 11:00:00+01:00,128.34074609481686
2033-11-25 12:00:00+01:00,127.22625505288684
2033-11-25 13:00:00+01:00,127.79263574632667
2033-11-25 14:00:00+01:00,128.88885644330705
2033-11-25 15:00:00+01:00,131.27313645923934
2033-11-25 16:00:00+01:00,134.17812130623733
2033-11-25 17:00:00+01:00,134.8267185519507
2033-11-25 18:00:00+01:00,136.54413097721996
2033-11-25 19:00:00+01:00,132.91746750470992
2033-11-25 20:00:00+01:00,130.81637783549752
2033-11-25 21:00:00+01:00,127.80177091880152
2033-11-25 22:00:00+01:00,125.85597918166137
2033-11-25 23:00:00+01:00,119.88157638311836
2033-11-26 00:00:00+01:00,118.86757223841151
2033-11-26 01:00:00+01:00,116.885239811372
2033-11-26 02:00:00+01:00,113.35906323608515
2033-11-26 03:00:00+01:00,111.40413632647017
2033-11-26 04:00:00+01:00,111.67819150071526
2033-11-26 05:00:00+01:00,117.89924395607885
2033-11-26 06:00:00+01:00,131.6659488756573
2033-11-26 07:00:00+01:00,137.82305512369706
2033-11-26 08:00:00+01:00,138.92841099315226
2033-11-26 09:00:00+01:00,131.54719163348443
2033-11-26 10:00:00+01:00,128.53258471678842
2033-11-26 11:00:00+01:00,127.42722884733323
2033-11-26 12:00:00+01:00,124.50397365538556
2033-11-26 13:00:00+01:00,128.53258471678842
2033-11-26 14:00:00+01:00,129.84804955316486
2033-11-26 15:00:00+01:00,134.18725647871216
2033-11-26 16:00:00+01:00,138.92841099315226
2033-11-26 17:00:00+01:00,149.08672278517034
2033-11-26 18:00:00+01:00,154.8510166167921
2033-11-26 19:00:00+01:00,150.9594331425118
2033-11-26 20:00:00+01:00,137.82305512369706
2033-11-26 21:00:00+01:00,128.79750471855868
2033-11-26 22:00:00+01:00,126.32187297787802
2033-11-26 23:00:00+01:00,119.12335706770692
2033-11-27 00:00:00+01:00,110.62764666610906
2033-11-27 01:00:00+01:00,107.07406457339769
2033-11-27 02:00:00+01:00,105.72205904712192
2033-11-27 03:00:00+01:00,102.55215419835368
2033-11-27 04:00:00+01:00,107.12887560824672
2033-11-27 05:00:00+01:00,123.34380675108135
2033-11-27 06:00:00+01:00,145.77065517680472
2033-11-27 07:00:00+01:00,178.38322091197074
2033-11-27 08:00:00+01:00,189.53726650374597
2033-11-27 09:00:00+01:00,161.41007045372464
2033-11-27 10:00:00+01:00,157.1074042180767
2033-11-27 11:00:00+01:00,149.93629382533013
2033-11-27 12:00:00+01:00,135.03682751887195
2033-11-27 13:00:00+01:00,132.93573784965957
2033-11-27 14:00:00+01:00,132.9083323322351
2033-11-27 15:00:00+01:00,131.74816542793084
2033-11-27 16:00:00+01:00,134.22379716861153
2033-11-27 17:00:00+01:00,133.62087578527232
2033-11-27 18:00:00+01:00,141.9795585997476
2033-11-27 19:00:00+01:00,135.00942200144743
2033-11-27 20:00:00+01:00,133.4199019908259
2033-11-27 21:00:00+01:00,126.30360263292835
2033-11-27 22:00:00+01:00,118.63005775406576
2033-11-27 23:00:00+01:00,112.68306047294726
2033-11-28 00:00:00+01:00,117.1867005030416
2033-11-28 01:00:00+01:00,116.79388808662364
2033-11-28 02:00:00+01:00,117.04967291591906
2033-11-28 03:00:00+01:00,117.1592949856171
2033-11-28 04:00:00+01:00,116.7573473967243
2033-11-28 05:00:00+01:00,117.16843015809192
2033-11-28 06:00:00+01:00,131.78470611783018
2033-11-28 07:00:00+01:00,132.72562888273833
2033-11-28 08:00:00+01:00,127.60993229682995
2033-11-28 09:00:00+01:00,126.60506332459795
2033-11-28 10:00:00+01:00,128.41382747461554
2033-11-28 11:00:00+01:00,132.65254750293965
2033-11-28 12:00:00+01:00,131.32794749408836
2033-11-28 13:00:00+01:00,132.4333033635436
2033-11-28 14:00:00+01:00,129.87545507058937
2033-11-28 15:00:00+01:00,129.48264265417143
2033-11-28 16:00:00+01:00,127.42722884733323
2033-11-28 17:00:00+01:00,133.63914613022197
2033-11-28 18:00:00+01:00,136.3066164928742
2033-11-28 19:00:00+01:00,135.4479102802396
2033-11-28 20:00:00+01:00,129.61967024129393
2033-11-28 21:00:00+01:00,127.04355160339009
2033-11-28 22:00:00+01:00,125.38095021296988
2033-11-28 23:00:00+01:00,117.53383705708539
2033-11-29 00:00:00+01:00,109.62277769387705
2033-11-29 01:00:00+01:00,107.62217492188789
2033-11-29 02:00:00+01:00,103.52048248068634
2033-11-29 03:00:00+01:00,102.8079390276491
2033-11-29 04:00:00+01:00,105.24703007843041
2033-11-29 05:00:00+01:00,112.5917087481989
2033-11-29 06:00:00+01:00,133.68482199259617
2033-11-29 07:00:00+01:00,163.30105115601577
2033-11-29 08:00:00+01:00,181.75409955518535
2033-11-29 09:00:00+01:00,158.27670629485579
2033-11-29 10:00:00+01:00,146.47406345736715
2033-11-29 11:00:00+01:00,140.33522755427708
2033-11-29 12:00:00+01:00,133.4929833706246
2033-11-29 13:00:00+01:00,132.47897922591778
2033-11-29 14:00:00+01:00,134.89979993174938
2033-11-29 15:00:00+01:00,149.02277657784649
2033-11-29 16:00:00+01:00,158.02092146556035
2033-11-29 17:00:00+01:00,156.80594352640713
2033-11-29 18:00:00+01:00,153.92836419683363
2033-11-29 19:00:00+01:00,140.5453365211983
2033-11-29 20:00:00+01:00,126.43149504757605
2033-11-29 21:00:00+01:00,119.73541362352097
2033-11-29 22:00:00+01:00,113.26771151133678
2033-11-29 23:00:00+01:00,109.96077907544601
2033-11-30 00:00:00+01:00,108.83715286104113
2033-11-30 01:00:00+01:00,106.90963146885065
2033-11-30 02:00:00+01:00,103.43826592841282
2033-11-30 03:00:00+01:00,102.76226316527492
2033-11-30 04:00:00+01:00,103.39259006603862
2033-11-30 05:00:00+01:00,106.16968249838891
2033-11-30 06:00:00+01:00,109.96991424792084
2033-11-30 07:00:00+01:00,113.22203564896262
2033-11-30 08:00:00+01:00,120.13736121241377
2033-11-30 09:00:00+01:00,111.85175977773714
2033-11-30 10:00:00+01:00,106.94617215874999
2033-11-30 11:00:00+01:00,103.64837489533404
2033-11-30 12:00:00+01:00,102.99064247714583
2033-11-30 13:00:00+01:00,103.20075144406707
2033-11-30 14:00:00+01:00,107.51255285218986
2033-11-30 15:00:00+01:00,121.29752811671798
2033-11-30 16:00:00+01:00,125.77376262938785
2033-11-30 17:00:00+01:00,132.6434123304648
2033-11-30 18:00:00+01:00,137.22013374035785
2033-11-30 19:00:00+01:00,128.68788264886064
2033-11-30 20:00:00+01:00,121.69034053313595
2033-11-30 21:00:00+01:00,114.9759887641312
2033-11-30 22:00:00+01:00,110.36272666433882
2033-11-30 23:00:00+01:00,107.43033629991632
2033-12-01 00:00:00+01:00,101.27323005187658
2033-12-01 01:00:00+01:00,98.32256934250442
2033-12-01 02:00:00+01:00,94.53147276544732
2033-12-01 03:00:00+01:00,93.41698172351727
2033-12-01 04:00:00+01:00,90.77691687828955
2033-12-01 05:00:00+01:00,91.8640024027951
2033-12-01 06:00:00+01:00,88.10031134316249
2033-12-01 07:00:00+01:00,91.70870447072286
2033-12-01 08:00:00+01:00,97.74705347658974
2033-12-01 09:00:00+01:00,93.55400931063983
2033-12-01 10:00:00+01:00,91.3158920543049
2033-12-01 11:00:00+01:00,89.45231686943828
2033-12-01 12:00:00+01:00,90.18313066742519
2033-12-01 13:00:00+01:00,90.13745480505101
2033-12-01 14:00:00+01:00,93.66363138033786
2033-12-01 15:00:00+01:00,106.86395560647648
2033-12-01 16:00:00+01:00,123.59045640790193
2033-12-01 17:00:00+01:00,125.95646607888456
2033-12-01 18:00:00+01:00,123.59045640790193
2033-12-01 19:00:00+01:00,120.05514466014024
2033-12-01 20:00:00+01:00,121.16963570207028
2033-12-01 21:00:00+01:00,119.85417086569385
2033-12-01 22:00:00+01:00,114.82069083205897
2033-12-01 23:00:00+01:00,111.7604080529888
2033-12-02 00:00:00+01:00,105.28357076832977
2033-12-02 01:00:00+01:00,98.38651554982829
2033-12-02 02:00:00+01:00,97.01623967860283
2033-12-02 03:00:00+01:00,98.75192244882173
2033-12-02 04:00:00+01:00,95.14352932126135
2033-12-02 05:00:00+01:00,104.44313490064482
2033-12-02 06:00:00+01:00,122.45769502102222
2033-12-02 07:00:00+01:00,136.90040270373856
2033-12-02 08:00:00+01:00,139.30295306462057
2033-12-02 09:00:00+01:00,133.18238750648015
2033-12-02 10:00:00+01:00,130.59713369610148
2033-12-02 11:00:00+01:00,128.76096402865932
2033-12-02 12:00:00+01:00,125.70068124958914
2033-12-02 13:00:00+01:00,127.31760677763519
2033-12-02 14:00:00+01:00,130.88945921529623
2033-12-02 15:00:00+01:00,138.97408685552642
2033-12-02 16:00:00+01:00,138.63608547395748
2033-12-02 17:00:00+01:00,142.63729101793584
2033-12-02 18:00:00+01:00,142.2992896363669
2033-12-02 19:00:00+01:00,139.30295306462057
2033-12-02 20:00:00+01:00,133.17325233400533
2033-12-02 21:00:00+01:00,123.62699709780127
2033-12-02 22:00:00+01:00,113.91630875705019
2033-12-02 23:00:00+01:00,98.1672714104322
2033-12-03 00:00:00+01:00,112.65565495552275
2033-12-03 01:00:00+01:00,113.08500806184006
2033-12-03 02:00:00+01:00,113.0941432343149
2033-12-03 03:00:00+01:00,110.71899839085744
2033-12-03 04:00:00+01:00,111.4406770163695
2033-12-03 05:00:00+01:00,115.1038811787789
2033-12-03 06:00:00+01:00,131.52892128853478
2033-12-03 07:00:00+01:00,140.47225514139961
2033-12-03 08:00:00+01:00,144.90281379169528
2033-12-03 09:00:00+01:00,141.33096135403423
2033-12-03 10:00:00+01:00,138.38030064466207
2033-12-03 11:00:00+01:00,134.15985096128765
2033-12-03 12:00:00+01:00,130.79810749054786
2033-12-03 13:00:00+01:00,133.5203888880491
2033-12-03 14:00:00+01:00,140.39917376160093
2033-12-03 15:00:00+01:00,148.10012415788802
2033-12-03 16:00:00+01:00,184.59513819485946
2033-12-03 17:00:00+01:00,203.95256866903782
2033-12-03 18:00:00+01:00,182.95994232186376
2033-12-03 19:00:00+01:00,158.7517352635473
2033-12-03 20:00:00+01:00,143.37723998839758
2033-12-03 21:00:00+01:00,136.14218338832717
2033-12-03 22:00:00+01:00,131.7116247380315
2033-12-03 23:00:00+01:00,125.32613917812085
2033-12-04 00:00:00+01:00,124.40348675816239
2033-12-04 01:00:00+01:00,122.45769502102222
2033-12-04 02:00:00+01:00,119.9181170730177
2033-12-04 03:00:00+01:00,116.830428776523
2033-12-04 04:00:00+01:00,118.57524671921675
2033-12-04 05:00:00+01:00,125.3626798680202
2033-12-04 06:00:00+01:00,141.54107032095547
2033-12-04 07:00:00+01:00,186.61401131179832
2033-12-04 08:00:00+01:00,218.1303563499839
2033-12-04 09:00:00+01:00,220.5146363659162
2033-12-04 10:00:00+01:00,184.677354747133
2033-12-04 11:00:00+01:00,176.4739698647299
2033-12-04 12:00:00+01:00,171.56838224574275
2033-12-04 13:00:00+01:00,177.28700021499031
2033-12-04 14:00:00+01:00,212.430008725686
2033-12-04 15:00:00+01:00,236.2636737125342
2033-12-04 16:00:00+01:00,225.73995502152263
2033-12-04 17:00:00+01:00,243.36170272548205
2033-12-04 18:00:00+01:00,203.29483625084958
2033-12-04 19:00:00+01:00,189.13531891485314
2033-12-04 20:00:00+01:00,159.64698216608122
2033-12-04 21:00:00+01:00,137.91440684844542
2033-12-04 22:00:00+01:00,130.11296955493515
2033-12-04 23:00:00+01:00,122.53991157329574
2033-12-05 00:00:00+01:00,111.80608391536296
2033-12-05 01:00:00+01:00,107.86882457870847
2033-12-05 02:00:00+01:00,105.88649215166897
2033-12-05 03:00:00+01:00,104.88162317943697
2033-12-05 04:00:00+01:00,104.8176769721131
2033-12-05 05:00:00+01:00,111.52289356864304
2033-12-05 06:00:00+01:00,126.72382056677083
2033-12-05 07:00:00+01:00,136.4071033900974
2033-12-05 08:00:00+01:00,140.45398479644996
2033-12-05 09:00:00+01:00,142.84739998485708
2033-12-05 10:00:00+01:00,138.40770616208658
2033-12-05 11:00:00+01:00,134.7262316547275
2033-12-05 12:00:00+01:00,128.9071267882567
2033-12-05 13:00:00+01:00,130.16778058978414
2033-12-05 14:00:00+01:00,134.37909510068374
2033-12-05 15:00:00+01:00,131.32794749408836
2033-12-05 16:00:00+01:00,131.18178473449098
2033-12-05 17:00:00+01:00,130.81637783549752
2033-12-05 18:00:00+01:00,137.2840799476817
2033-12-05 19:00:00+01:00,133.10930612668147
2033-12-05 20:00:00+01:00,137.2840799476817
2033-12-05 21:00:00+01:00,130.1586454173093
2033-12-05 22:00:00+01:00,125.3900853854447
2033-12-05 23:00:00+01:00,117.79875705885564
2033-12-06 00:00:00+01:00,112.81095288759496
2033-12-06 01:00:00+01:00,108.83715286104113
2033-12-06 02:00:00+01:00,107.09233491834738
2033-12-06 03:00:00+01:00,106.62644112213073
2033-12-06 04:00:00+01:00,107.29330871279379
2033-12-06 05:00:00+01:00,112.8200880600698
2033-12-06 06:00:00+01:00,125.33527435059568
2033-12-06 07:00:00+01:00,132.99968405698343
2033-12-06 08:00:00+01:00,136.2792109754497
2033-12-06 09:00:00+01:00,131.69335439308182
2033-12-06 10:00:00+01:00,128.93453230568122
2033-12-06 11:00:00+01:00,126.25792677055418
2033-12-06 12:00:00+01:00,116.2823184280328
2033-12-06 13:00:00+01:00,126.25792677055418
2033-12-06 14:00:00+01:00,129.98507714028742
2033-12-06 15:00:00+01:00,131.07216266479293
2033-12-06 16:00:00+01:00,129.9759419678126
2033-12-06 17:00:00+01:00,133.9497419943664
2033-12-06 18:00:00+01:00,138.5904096115833
2033-12-06 19:00:00+01:00,134.28774337593535
2033-12-06 20:00:00+01:00,129.98507714028742
2033-12-06 21:00:00+01:00,123.35294192355619
2033-12-06 22:00:00+01:00,125.80116814681236
2033-12-06 23:00:00+01:00,116.21837222070894
2033-12-07 00:00:00+01:00,115.92604670151417
2033-12-07 01:00:00+01:00,113.20376530401293
2033-12-07 02:00:00+01:00,111.4406770163695
2033-12-07 03:00:00+01:00,110.81035011560579
2033-12-07 04:00:00+01:00,110.4358080441375
2033-12-07 05:00:00+01:00,110.54543011383554
2033-12-07 06:00:00+01:00,111.4406770163695
2033-12-07 07:00:00+01:00,114.41874324316618
2033-12-07 08:00:00+01:00,116.0813446335864
2033-12-07 09:00:00+01:00,118.35600257982068
2033-12-07 10:00:00+01:00,116.20923704823412
2033-12-07 11:00:00+01:00,116.03566877121222
2033-12-07 12:00:00+01:00,115.06734048887955
2033-12-07 13:00:00+01:00,115.98999290883805
2033-12-07 14:00:00+01:00,116.23664256565863
2033-12-07 15:00:00+01:00,120.7494177682278
2033-12-07 16:00:00+01:00,120.76768811317748
2033-12-07 17:00:00+01:00,121.76342191293465
2033-12-07 18:00:00+01:00,120.7494177682278
2033-12-07 19:00:00+01:00,119.63492672629776
2033-12-07 20:00:00+01:00,115.98085773636319
2033-12-07 21:00:00+01:00,113.7975515148773
2033-12-07 22:00:00+01:00,115.14042186867825
2033-12-07 23:00:00+01:00,110.16175286989241
2033-12-08 00:00:00+01:00,113.61484806538058
2033-12-08 01:00:00+01:00,111.62338046586623
2033-12-08 02:00:00+01:00,100.74339004833607
2033-12-08 03:00:00+01:00,91.58994722854999
2033-12-08 04:00:00+01:00,90.4845913590948
2033-12-08 05:00:00+01:00,101.03571556753084
2033-12-08 06:00:00+01:00,112.18062598683125
2033-12-08 07:00:00+01:00,112.5917087481989
2033-12-08 08:00:00+01:00,116.24577773813346
2033-12-08 09:00:00+01:00,116.46502187752952
2033-12-08 10:00:00+01:00,116.68426601692562
2033-12-08 11:00:00+01:00,115.4784232502472
2033-12-08 12:00:00+01:00,113.73360530755345
2033-12-08 13:00:00+01:00,114.43701358811585
2033-12-08 14:00:00+01:00,117.1867005030416
2033-12-08 15:00:00+01:00,120.47536259398271
2033-12-08 16:00:00+01:00,128.6239364415368
2033-12-08 17:00:00+01:00,131.77557094535535
2033-12-08 18:00:00+01:00,128.88885644330705
2033-12-08 19:00:00+01:00,128.05755574809695
2033-12-08 20:00:00+01:00,118.93151844573536
2033-12-08 21:00:00+01:00,116.61118463712691
2033-12-08 22:00:00+01:00,116.73907705177461
2033-12-08 23:00:00+01:00,113.63311841033024
2033-12-09 00:00:00+01:00,111.22143287697344
2033-12-09 01:00:00+01:00,104.15994455392489
2033-12-09 02:00:00+01:00,100.021711422824
2033-12-09 03:00:00+01:00,99.87554866322661
2033-12-09 04:00:00+01:00,98.91635555336879
2033-12-09 05:00:00+01:00,115.3048549732253
2033-12-09 06:00:00+01:00,125.81943849176201
2033-12-09 07:00:00+01:00,133.63914613022197
2033-12-09 08:00:00+01:00,136.91867304868825
2033-12-09 09:00:00+01:00,134.4978523428566
2033-12-09 10:00:00+01:00,133.36509095597688
2033-12-09 11:00:00+01:00,133.3742261284517
2033-12-09 12:00:00+01:00,132.56119577819126
2033-12-09 13:00:00+01:00,132.6160068130403
2033-12-09 14:00:00+01:00,133.3742261284517
2033-12-09 15:00:00+01:00,144.71097516972372
2033-12-09 16:00:00+01:00,150.06418623997786
2033-12-09 17:00:00+01:00,148.1732055376867
2033-12-09 18:00:00+01:00,139.06543858027482
2033-12-09 19:00:00+01:00,139.9972261727081
2033-12-09 20:00:00+01:00,133.81271440724387
2033-12-09 21:00:00+01:00,129.44610196427206
2033-12-09 22:00:00+01:00,126.27619711550383
2033-12-09 23:00:00+01:00,123.67267296017545
2033-12-10 00:00:00+01:00,117.68913498915761
2033-12-10 01:00:00+01:00,111.82435426031265
2033-12-10 02:00:00+01:00,115.93518187398902
2033-12-10 03:00:00+01:00,115.98085773636319
2033-12-10 04:00:00+01:00,113.66052392775475
2033-12-10 05:00:00+01:00,122.5033708833964
2033-12-10 06:00:00+01:00,133.0453599193576
2033-12-10 07:00:00+01:00,160.0397945824992
2033-12-10 08:00:00+01:00,168.23404429242746
2033-12-10 09:00:00+01:00,154.54955592512252
2033-12-10 10:00:00+01:00,154.53128558017283
2033-12-10 11:00:00+01:00,150.3565117591726
2033-12-10 12:00:00+01:00,150.21948417205004
2033-12-10 13:00:00+01:00,154.63177247739605
2033-12-10 14:00:00+01:00,163.92224288430467
2033-12-10 15:00:00+01:00,170.85583879270553
2033-12-10 16:00:00+01:00,177.78943470110636
2033-12-10 17:00:00+01:00,188.08477408024697
2033-12-10 18:00:00+01:00,175.15850502835346
2033-12-10 19:00:00+01:00,167.99652980808173
2033-12-10 20:00:00+01:00,152.19268142661474
2033-12-10 21:00:00+01:00,139.0563034078
2033-12-10 22:00:00+01:00,132.87179164233572
2033-12-10 23:00:00+01:00,126.38581918520187
2033-12-11 00:00:00+01:00,118.80362603108765
2033-12-11 01:00:00+01:00,115.53323428509623
2033-12-11 02:00:00+01:00,112.53689771334987
2033-12-11 03:00:00+01:00,110.7098632183826
2033-12-11 04:00:00+01:00,115.40534187044851
2033-12-11 05:00:00+01:00,122.54904674577057
2033-12-11 06:00:00+01:00,154.30290626830194
2033-12-11 07:00:00+01:00,216.62305289163592
2033-12-11 08:00:00+01:00,260.6728545652971
2033-12-11 09:00:00+01:00,222.56091500027958
2033-12-11 10:00:00+01:00,284.23246437790016
2033-12-11 11:00:00+01:00,228.05115365765624
2033-12-11 12:00:00+01:00,226.1784433003148
2033-12-11 13:00:00+01:00,241.24234271132002
2033-12-11 14:00:00+01:00,230.42629850111373
2033-12-11 15:00:00+01:00,212.8045507971543
2033-12-11 16:00:00+01:00,227.0371495129494
2033-12-11 17:00:00+01:00,242.87753858431574
2033-12-11 18:00:00+01:00,261.6959938824787
2033-12-11 19:00:00+01:00,231.61387092284247
2033-12-11 20:00:00+01:00,188.73337132596035
2033-12-11 21:00:00+01:00,165.50262772245136
2033-12-11 22:00:00+01:00,139.54960272144112
2033-12-11 23:00:00+01:00,127.91139298849956
2033-12-12 00:00:00+01:00,116.91264532879651
2033-12-12 01:00:00+01:00,111.55943425854238
2033-12-12 02:00:00+01:00,108.50828665194703
2033-12-12 03:00:00+01:00,107.5490935420892
2033-12-12 04:00:00+01:00,111.92484115753584
2033-12-12 05:00:00+01:00,121.3249336341425
2033-12-12 06:00:00+01:00,157.84735318853845
2033-12-12 07:00:00+01:00,181.10550230947194
2033-12-12 08:00:00+01:00,204.78386936424792
2033-12-12 09:00:00+01:00,194.82653136667625
2033-12-12 10:00:00+01:00,179.5068471263756
2033-12-12 11:00:00+01:00,174.25412295334465
2033-12-12 12:00:00+01:00,169.26631878208397
2033-12-12 13:00:00+01:00,167.68593394393727
2033-12-12 14:00:00+01:00,175.56958778972108
2033-12-12 15:00:00+01:00,184.13837957111764
2033-12-12 16:00:00+01:00,197.18340586518403
2033-12-12 17:00:00+01:00,247.73745034092872
2033-12-12 18:00:00+01:00,252.15887381874953
2033-12-12 19:00:00+01:00,223.43789155786388
2033-12-12 20:00:00+01:00,181.772369900135
2033-12-12 21:00:00+01:00,156.51361800721233
2033-12-12 22:00:00+01:00,136.64461787444316
2033-12-12 23:00:00+01:00,128.9253971332064
2033-12-13 00:00:00+01:00,125.4174909028692
2033-12-13 01:00:00+01:00,120.64893087100461
2033-12-13 02:00:00+01:00,117.24151153789063
2033-12-13 03:00:00+01:00,116.54723842980306
2033-12-13 04:00:00+01:00,118.37427292477034
2033-12-13 05:00:00+01:00,122.27499157152548
2033-12-13 06:00:00+01:00,151.8090041826716
2033-12-13 07:00:00+01:00,222.33253568840865
2033-12-13 08:00:00+01:00,290.3438947635657
2033-12-13 09:00:00+01:00,238.1820599322498
2033-12-13 10:00:00+01:00,194.8173961942014
2033-12-13 11:00:00+01:00,177.3326760773645
2033-12-13 12:00:00+01:00,168.68166774369445
2033-12-13 13:00:00+01:00,170.0245380974954
2033-12-13 14:00:00+01:00,178.84911470818736
2033-12-13 15:00:00+01:00,197.46659621190395
2033-12-13 16:00:00+01:00,227.64007089628862
2033-12-13 17:00:00+01:00,271.35187118838087
2033-12-13 18:00:00+01:00,265.39573873478747
2033-12-13 19:00:00+01:00,225.00000605106092
2033-12-13 20:00:00+01:00,170.5817836184604
2033-12-13 21:00:00+01:00,148.53861243668015
2033-12-13 22:00:00+01:00,134.64401510245398
2033-12-13 23:00:00+01:00,124.95159710665256
2033-12-14 00:00:00+01:00,117.44248533233703
2033-12-14 01:00:00+01:00,113.31338737371097
2033-12-14 02:00:00+01:00,108.6818549289689
2033-12-14 03:00:00+01:00,111.59597494844172
2033-12-14 04:00:00+01:00,111.17575701459926
2033-12-14 05:00:00+01:00,113.98025496437403
2033-12-14 06:00:00+01:00,117.4607556772867
2033-12-14 07:00:00+01:00,113.9985253093237
2033-12-14 08:00:00+01:00,118.12762326794976
2033-12-14 09:00:00+01:00,118.20983982022328
2033-12-14 10:00:00+01:00,117.4607556772867
2033-12-14 11:00:00+01:00,117.53383705708539
2033-12-14 12:00:00+01:00,119.20557361998044
2033-12-14 13:00:00+01:00,116.7116715343501
2033-12-14 14:00:00+01:00,119.72627845104614
2033-12-14 15:00:00+01:00,122.59472260814476
2033-12-14 16:00:00+01:00,126.28533228797869
2033-12-14 17:00:00+01:00,127.23539022536167
2033-12-14 18:00:00+01:00,127.22625505288684
2033-12-14 19:00:00+01:00,121.67207018818628
2033-12-14 20:00:00+01:00,119.35173637957783
2033-12-14 21:00:00+01:00,116.830428776523
2033-12-14 22:00:00+01:00,115.7068025621181
2033-12-14 23:00:00+01:00,111.05699977242637
2033-12-15 00:00:00+01:00,97.19894312809954
2033-12-15 01:00:00+01:00,97.19894312809954
2033-12-15 02:00:00+01:00,97.37251140512144
2033-12-15 03:00:00+01:00,101.02658039505602
2033-12-15 04:00:00+01:00,101.2001486720779
2033-12-15 05:00:00+01:00,100.91695832535797
2033-12-15 06:00:00+01:00,97.37251140512144
2033-12-15 07:00:00+01:00,94.54974311039699
2033-12-15 08:00:00+01:00,96.83353622910609
2033-12-15 09:00:00+01:00,102.51561350845434
2033-12-15 10:00:00+01:00,106.07833077364054
2033-12-15 11:00:00+01:00,101.24582453445208
2033-12-15 12:00:00+01:00,102.08626040213703
2033-12-15 13:00:00+01:00,97.92975692608647
2033-12-15 14:00:00+01:00,99.10819417534036
2033-12-15 15:00:00+01:00,101.28236522435142
2033-12-15 16:00:00+01:00,106.71779284687908
2033-12-15 17:00:00+01:00,107.75920250901044
2033-12-15 18:00:00+01:00,100.18614452737106
2033-12-15 19:00:00+01:00,101.25495970692691
2033-12-15 20:00:00+01:00,97.18980795562472
2033-12-15 21:00:00+01:00,110.52715976888587
2033-12-15 22:00:00+01:00,110.62764666610906
2033-12-15 23:00:00+01:00,102.24155833420924
2033-12-16 00:00:00+01:00,98.1946769278567
2033-12-16 01:00:00+01:00,95.64596380737737
2033-12-16 02:00:00+01:00,93.91941620963328
2033-12-16 03:00:00+01:00,93.71844241518689
2033-12-16 04:00:00+01:00,94.22087690130289
2033-12-16 05:00:00+01:00,97.64656657936654
2033-12-16 06:00:00+01:00,110.89256666787932
2033-12-16 07:00:00+01:00,119.42481775937654
2033-12-16 08:00:00+01:00,121.29752811671798
2033-12-16 09:00:00+01:00,118.2920563724968
2033-12-16 10:00:00+01:00,117.04967291591906
2033-12-16 11:00:00+01:00,115.64285635479426
2033-12-16 12:00:00+01:00,112.81095288759496
2033-12-16 13:00:00+01:00,113.77014599745279
2033-12-16 14:00:00+01:00,113.92544392952502
2033-12-16 15:00:00+01:00,118.9954646530592
2033-12-16 16:00:00+01:00,125.77376262938785
2033-12-16 17:00:00+01:00,126.24879159807932
2033-12-16 18:00:00+01:00,126.35841366777736
2033-12-16 19:00:00+01:00,122.54904674577057
2033-12-16 20:00:00+01:00,117.52470188461055
2033-12-16 21:00:00+01:00,112.80181771512014
2033-12-16 22:00:00+01:00,113.39560392598449
2033-12-16 23:00:00+01:00,108.80974734361662
2033-12-17 00:00:00+01:00,105.12827283625755
2033-12-17 01:00:00+01:00,104.30610731352226
2033-12-17 02:00:00+01:00,108.53569216937154
2033-12-17 03:00:00+01:00,108.01498733830584
2033-12-17 04:00:00+01:00,107.98758182088133
2033-12-17 05:00:00+01:00,106.11487146353988
2033-12-17 06:00:00+01:00,112.25370736662995
2033-12-17 07:00:00+01:00,120.795093630602
2033-12-17 08:00:00+01:00,124.72321779478165
2033-12-17 09:00:00+01:00,118.6391929265406
2033-12-17 10:00:00+01:00,112.30851840147896
2033-12-17 11:00:00+01:00,110.07040114514405
2033-12-17 12:00:00+01:00,112.77441219769563
2033-12-17 13:00:00+01:00,115.5789101474704
2033-12-17 14:00:00+01:00,122.01007156975524
2033-12-17 15:00:00+01:00,122.06488260460426
2033-12-17 16:00:00+01:00,132.35108681127005
2033-12-17 17:00:00+01:00,132.79871026253704
2033-12-17 18:00:00+01:00,130.3596192117557
2033-12-17 19:00:00+01:00,124.9881377965519
2033-12-17 20:00:00+01:00,126.0660881485826
2033-12-17 21:00:00+01:00,118.17329913032394
2033-12-17 22:00:00+01:00,113.45041496083351
2033-12-17 23:00:00+01:00,102.57955971577819
2033-12-18 00:00:00+01:00,105.92303284156833
2033-12-18 01:00:00+01:00,103.54788799811085
2033-12-18 02:00:00+01:00,98.53267830942566
2033-12-18 03:00:00+01:00,98.34997485992893
2033-12-18 04:00:00+01:00,98.00283830588515
2033-12-18 05:00:00+01:00,109.12034320776107
2033-12-18 06:00:00+01:00,119.07768120533274
2033-12-18 07:00:00+01:00,118.50216533941804
2033-12-18 08:00:00+01:00,119.73541362352097
2033-12-18 09:00:00+01:00,117.91751430102852
2033-12-18 10:00:00+01:00,118.70313913386445
2033-12-18 11:00:00+01:00,116.5563736022779
2033-12-18 12:00:00+01:00,115.19523290352727
2033-12-18 13:00:00+01:00,117.03140257096939
2033-12-18 14:00:00+01:00,121.08741914979674
2033-12-18 15:00:00+01:00,125.28959848822151
2033-12-18 16:00:00+01:00,122.58558743566992
2033-12-18 17:00:00+01:00,131.60200266833345
2033-12-18 18:00:00+01:00,142.75604826010874
2033-12-18 19:00:00+01:00,133.2189281963795
2033-12-18 20:00:00+01:00,127.03441643091526
2033-12-18 21:00:00+01:00,117.97232533587754
2033-12-18 22:00:00+01:00,116.2823184280328
2033-12-18 23:00:00+01:00,108.11547423552905
2033-12-19 00:00:00+01:00,99.65630452383054
2033-12-19 01:00:00+01:00,95.81953208439926
2033-12-19 02:00:00+01:00,94.71417621494405
2033-12-19 03:00:00+01:00,94.45839138564861
2033-12-19 04:00:00+01:00,95.11612380383686
2033-12-19 05:00:00+01:00,102.00404384986349
2033-12-19 06:00:00+01:00,115.31399014570016
2033-12-19 07:00:00+01:00,127.25366057031134
2033-12-19 08:00:00+01:00,125.25305779832215
2033-12-19 09:00:00+01:00,119.89984672806801
2033-12-19 10:00:00+01:00,119.342601207103
2033-12-19 11:00:00+01:00,115.35053083559949
2033-12-19 12:00:00+01:00,110.65505218353357
2033-12-19 13:00:00+01:00,110.5088894239362
2033-12-19 14:00:00+01:00,115.22263842095177
2033-12-19 15:00:00+01:00,122.22931570915131
2033-12-19 16:00:00+01:00,126.0204122862084
2033-12-19 17:00:00+01:00,120.7494177682278
2033-12-19 18:00:00+01:00,119.29692534472883
2033-12-19 19:00:00+01:00,117.65259429925825
2033-12-19 20:00:00+01:00,111.79694874288813
2033-12-19 21:00:00+01:00,108.97418044816368
2033-12-19 22:00:00+01:00,103.42913075593798
2033-12-19 23:00:00+01:00,96.74218450435772
2033-12-20 00:00:00+01:00,92.96935827225029
2033-12-20 01:00:00+01:00,85.82565339692822
2033-12-20 02:00:00+01:00,80.76476784586885
2033-12-20 03:00:00+01:00,71.39208088668668
2033-12-20 04:00:00+01:00,71.51083812885958
2033-12-20 05:00:00+01:00,87.94501341109026
2033-12-20 06:00:00+01:00,100.0491169402485
2033-12-20 07:00:00+01:00,116.36453498030633
2033-12-20 08:00:00+01:00,118.28292120002197
2033-12-20 09:00:00+01:00,114.35479703584232
2033-12-20 10:00:00+01:00,112.27197771157961
2033-12-20 11:00:00+01:00,111.45894736131918
2033-12-20 12:00:00+01:00,105.58503145999937
2033-12-20 13:00:00+01:00,101.58382591602103
2033-12-20 14:00:00+01:00,106.93703698627516
2033-12-20 15:00:00+01:00,111.15748666964957
2033-12-20 16:00:00+01:00,114.35479703584232
2033-12-20 17:00:00+01:00,115.14955704115309
2033-12-20 18:00:00+01:00,114.63798738256224
2033-12-20 19:00:00+01:00,114.4004728982165
2033-12-20 20:00:00+01:00,111.3127846017218
2033-12-20 21:00:00+01:00,109.44920941685518
2033-12-20 22:00:00+01:00,108.11547423552905
2033-12-20 23:00:00+01:00,98.66970589654821
2033-12-21 00:00:00+01:00,102.78053351022459
2033-12-21 01:00:00+01:00,92.78665482275356
2033-12-21 02:00:00+01:00,82.18071957946849
2033-12-21 03:00:00+01:00,75.11923125641995
2033-12-21 04:00:00+01:00,74.64420228772845
2033-12-21 05:00:00+01:00,84.70202718252334
2033-12-21 06:00:00+01:00,101.30977074177592
2033-12-21 07:00:00+01:00,109.6045073489274
2033-12-21 08:00:00+01:00,112.30851840147896
2033-12-21 09:00:00+01:00,113.51436116815736
2033-12-21 10:00:00+01:00,104.68064938499057
2033-12-21 11:00:00+01:00,92.54000516593298
2033-12-21 12:00:00+01:00,87.10457754340531
2033-12-21 13:00:00+01:00,87.90847272119092
2033-12-21 14:00:00+01:00,100.05825211272335
2033-12-21 15:00:00+01:00,111.92484115753584
2033-12-21 16:00:00+01:00,113.98939013684887
2033-12-21 17:00:00+01:00,114.00766048179854
2033-12-21 18:00:00+01:00,115.11301635125373
2033-12-21 19:00:00+01:00,114.00766048179854
2033-12-21 20:00:00+01:00,114.00766048179854
2033-12-21 21:00:00+01:00,111.97051701991
2033-12-21 22:00:00+01:00,106.46200801758366
2033-12-21 23:00:00+01:00,98.3682452048786
2033-12-22 00:00:00+01:00,106.38892663778498
2033-12-22 01:00:00+01:00,91.13318860480817
2033-12-22 02:00:00+01:00,84.7933789072717
2033-12-22 03:00:00+01:00,80.64601060369598
2033-12-22 04:00:00+01:00,81.51385198880544
2033-12-22 05:00:00+01:00,82.79277613528252
2033-12-22 06:00:00+01:00,90.37496928939674
2033-12-22 07:00:00+01:00,100.66117349606255
2033-12-22 08:00:00+01:00,105.95957353146765
2033-12-22 09:00:00+01:00,99.61976383393119
2033-12-22 10:00:00+01:00,91.7909210229964
2033-12-22 11:00:00+01:00,81.05709336506362
2033-12-22 12:00:00+01:00,87.89020237624125
2033-12-22 13:00:00+01:00,79.28486990494534
2033-12-22 14:00:00+01:00,88.96815272827195
2033-12-22 15:00:00+01:00,105.88649215166897
2033-12-22 16:00:00+01:00,112.85662874996915
2033-12-22 17:00:00+01:00,115.98085773636319
2033-12-22 18:00:00+01:00,115.36880118054916
2033-12-22 19:00:00+01:00,114.55577083028871
2033-12-22 20:00:00+01:00,115.11301635125373
2033-12-22 21:00:00+01:00,109.3852632095313
2033-12-22 22:00:00+01:00,100.67030866853739
2033-12-22 23:00:00+01:00,85.76170718960437
2033-12-23 00:00:00+01:00,70.25931949980698
2033-12-23 01:00:00+01:00,61.80014978810846
2033-12-23 02:00:00+01:00,50.58215798900936
2033-12-23 03:00:00+01:00,47.193009000845045
2033-12-23 04:00:00+01:00,43.8952117374291
2033-12-23 05:00:00+01:00,71.8945153728027
2033-12-23 06:00:00+01:00,98.34997485992893
2033-12-23 07:00:00+01:00,117.78048671390597
2033-12-23 08:00:00+01:00,118.63005775406576
2033-12-23 09:00:00+01:00,120.84990466545099
2033-12-23 10:00:00+01:00,108.87369355094047
2033-12-23 11:00:00+01:00,99.43706038443446
2033-12-23 12:00:00+01:00,98.79759831119591
2033-12-23 13:00:00+01:00,98.25862313518057
2033-12-23 14:00:00+01:00,104.3152424859971
2033-12-23 15:00:00+01:00,117.35113360758865
2033-12-23 16:00:00+01:00,120.84990466545099
2033-12-23 17:00:00+01:00,120.35660535180985
2033-12-23 18:00:00+01:00,120.26525362706147
2033-12-23 19:00:00+01:00,119.70800810609646
2033-12-23 20:00:00+01:00,118.7396798237638
2033-12-23 21:00:00+01:00,112.52776254087505
2033-12-23 22:00:00+01:00,107.42120112744149
2033-12-23 23:00:00+01:00,100.13133349252203
2033-12-24 00:00:00+01:00,87.90847272119092
2033-12-24 01:00:00+01:00,81.46817612643125
2033-12-24 02:00:00+01:00,78.66367817665648
2033-12-24 03:00:00+01:00,73.73982021271965
2033-12-24 04:00:00+01:00,72.24165192684649
2033-12-24 05:00:00+01:00,79.43103266454274
2033-12-24 06:00:00+01:00,87.7531747891187
2033-12-24 07:00:00+01:00,104.78113628221377
2033-12-24 08:00:00+01:00,113.53263151310705
2033-12-24 09:00:00+01:00,113.4960908232077
2033-12-24 10:00:00+01:00,108.08806871810455
2033-12-24 11:00:00+01:00,105.18308387110658
2033-12-24 12:00:00+01:00,101.46506867384815
2033-12-24 13:00:00+01:00,99.97603556044982
2033-12-24 14:00:00+01:00,101.19101349960306
2033-12-24 15:00:00+01:00,107.64044526683756
2033-12-24 16:00:00+01:00,116.73907705177461
2033-12-24 17:00:00+01:00,119.69887293362163
2033-12-24 18:00:00+01:00,118.4656246495187
2033-12-24 19:00:00+01:00,116.382805325256
2033-12-24 20:00:00+01:00,104.78113628221377
2033-12-24 21:00:00+01:00,100.56982177131418
2033-12-24 22:00:00+01:00,97.9388920985613
2033-12-24 23:00:00+01:00,87.91760789366575
2033-12-25 00:00:00+01:00,94.2482824187274
2033-12-25 01:00:00+01:00,87.01322581865695
2033-12-25 02:00:00+01:00,83.00288510220378
2033-12-25 03:00:00+01:00,77.41215954760388
2033-12-25 04:00:00+01:00,71.83056916547883
2033-12-25 05:00:00+01:00,72.10462433972393
2033-12-25 06:00:00+01:00,72.60705882583994
2033-12-25 07:00:00+01:00,84.33662028352988
2033-12-25 08:00:00+01:00,92.26594999168789
2033-12-25 09:00:00+01:00,91.60821757349967
2033-12-25 10:00:00+01:00,93.17033206669669
2033-12-25 11:00:00+01:00,91.72697481567253
2033-12-25 12:00:00+01:00,91.16972929470752
2033-12-25 13:00:00+01:00,88.74890858887586
2033-12-25 14:00:00+01:00,91.65389343587384
2033-12-25 15:00:00+01:00,100.80733625565992
2033-12-25 16:00:00+01:00,109.4309390719055
2033-12-25 17:00:00+01:00,116.72994187929979
2033-12-25 18:00:00+01:00,117.1592949856171
2033-12-25 19:00:00+01:00,114.76587979720995
2033-12-25 20:00:00+01:00,111.19402735954893
2033-12-25 21:00:00+01:00,107.6039045769382
2033-12-25 22:00:00+01:00,107.15628112567123
2033-12-25 23:00:00+01:00,99.87554866322661
2033-12-26 00:00:00+01:00,101.88528660769063
2033-12-26 01:00:00+01:00,99.26349210741257
2033-12-26 02:00:00+01:00,96.9614286437538
2033-12-26 03:00:00+01:00,95.00650173413881
2033-12-26 04:00:00+01:00,93.58141482806433
2033-12-26 05:00:00+01:00,96.87007691900543
2033-12-26 06:00:00+01:00,103.2372921339664
2033-12-26 07:00:00+01:00,107.49428250724019
2033-12-26 08:00:00+01:00,116.26404808308314
2033-12-26 09:00:00+01:00,117.1592949856171
2033-12-26 10:00:00+01:00,110.62764666610906
2033-12-26 11:00:00+01:00,107.3755252650673
2033-12-26 12:00:00+01:00,106.58076525975655
2033-12-26 13:00:00+01:00,104.53448662539319
2033-12-26 14:00:00+01:00,106.4711431900585
2033-12-26 15:00:00+01:00,119.71714327857129
2033-12-26 16:00:00+01:00,124.44002744806173
2033-12-26 17:00:00+01:00,128.51431437183876
2033-12-26 18:00:00+01:00,127.20798470793716
2033-12-26 19:00:00+01:00,127.39068815743386
2033-12-26 20:00:00+01:00,124.47656813796105
2033-12-26 21:00:00+01:00,120.85903983792585
2033-12-26 22:00:00+01:00,120.51190328388206
2033-12-26 23:00:00+01:00,114.82069083205897
2033-12-27 00:00:00+01:00,110.0886714900937
2033-12-27 01:00:00+01:00,107.75006733653561
2033-12-27 02:00:00+01:00,104.53448662539319
2033-12-27 03:00:00+01:00,102.36945074885696
2033-12-27 04:00:00+01:00,102.32377488648277
2033-12-27 05:00:00+01:00,107.448606644866
2033-12-27 06:00:00+01:00,111.61424529339139
2033-12-27 07:00:00+01:00,124.17510744629146
2033-12-27 08:00:00+01:00,131.8577874976289
2033-12-27 09:00:00+01:00,128.331610922342
2033-12-27 10:00:00+01:00,120.2195777646873
2033-12-27 11:00:00+01:00,115.58804531994524
2033-12-27 12:00:00+01:00,114.3456618633675
2033-12-27 13:00:00+01:00,111.62338046586623
2033-12-27 14:00:00+01:00,118.43821913209419
2033-12-27 15:00:00+01:00,125.59105917989109
2033-12-27 16:00:00+01:00,145.41438345028612
2033-12-27 17:00:00+01:00,153.5903628152647
2033-12-27 18:00:00+01:00,155.47220834508101
2033-12-27 19:00:00+01:00,144.2633517184567
2033-12-27 20:00:00+01:00,129.54658886149528
2033-12-27 21:00:00+01:00,122.4028839861732
2033-12-27 22:00:00+01:00,122.39374881369837
2033-12-27 23:00:00+01:00,115.93518187398902
2033-12-28 00:00:00+01:00,117.17756533056678
2033-12-28 01:00:00+01:00,111.7147321906146
2033-12-28 02:00:00+01:00,107.07406457339769
2033-12-28 03:00:00+01:00,104.67151421251573
2033-12-28 04:00:00+01:00,103.41999558346313
2033-12-28 05:00:00+01:00,104.92729904181115
2033-12-28 06:00:00+01:00,109.57710183150289
2033-12-28 07:00:00+01:00,115.1769625585776
2033-12-28 08:00:00+01:00,121.03260811494773
2033-12-28 09:00:00+01:00,121.77255708540949
2033-12-28 10:00:00+01:00,114.61971703761259
2033-12-28 11:00:00+01:00,107.2750383678441
2033-12-28 12:00:00+01:00,105.2196245610059
2033-12-28 13:00:00+01:00,103.82194317235593
2033-12-28 14:00:00+01:00,109.56796665902804
2033-12-28 15:00:00+01:00,121.0234729424729
2033-12-28 16:00:00+01:00,129.96680679533776
2033-12-28 17:00:00+01:00,134.79931303452622
2033-12-28 18:00:00+01:00,135.51185648756345
2033-12-28 19:00:00+01:00,131.2822716317142
2033-12-28 20:00:00+01:00,124.29386468846434
2033-12-28 21:00:00+01:00,117.80789223133047
2033-12-28 22:00:00+01:00,116.40107567020567
2033-12-28 23:00:00+01:00,110.68245770095808
2033-12-29 00:00:00+01:00,112.3907349537525
2033-12-29 01:00:00+01:00,106.23362870571275
2033-12-29 02:00:00+01:00,101.45593350137332
2033-12-29 03:00:00+01:00,93.62709069043851
2033-12-29 04:00:00+01:00,89.72637204368337
2033-12-29 05:00:00+01:00,89.80858859595689
2033-12-29 06:00:00+01:00,91.82746171289574
2033-12-29 07:00:00+01:00,100.26836107964458
2033-12-29 08:00:00+01:00,104.69891972994024
2033-12-29 09:00:00+01:00,104.70805490241509
2033-12-29 10:00:00+01:00,103.31950868623994
2033-12-29 11:00:00+01:00,101.01744522258116
2033-12-29 12:00:00+01:00,99.59235831650668
2033-12-29 13:00:00+01:00,99.61976383393119
2033-12-29 14:00:00+01:00,102.57955971577819
2033-12-29 15:00:00+01:00,112.45468116107634
2033-12-29 16:00:00+01:00,124.87851572685386
2033-12-29 17:00:00+01:00,128.1215019554208
2033-12-29 18:00:00+01:00,129.21772265240116
2033-12-29 19:00:00+01:00,127.08922746576428
2033-12-29 20:00:00+01:00,122.51250605587123
2033-12-29 21:00:00+01:00,113.80668668735214
2033-12-29 22:00:00+01:00,107.9236356135575
2033-12-29 23:00:00+01:00,101.96750315996415
2033-12-30 00:00:00+01:00,103.67578041275856
2033-12-30 01:00:00+01:00,102.87188523497295
2033-12-30 02:00:00+01:00,101.91269212511514
2033-12-30 03:00:00+01:00,101.02658039505602
2033-12-30 04:00:00+01:00,101.24582453445208
2033-12-30 05:00:00+01:00,108.64531423906956
2033-12-30 06:00:00+01:00,119.85417086569385
2033-12-30 07:00:00+01:00,127.61906746930478
2033-12-30 08:00:00+01:00,129.336479894574
2033-12-30 09:00:00+01:00,127.53685091703124
2033-12-30 10:00:00+01:00,124.87851572685386
2033-12-30 11:00:00+01:00,119.90898190054284
2033-12-30 12:00:00+01:00,117.01313222601972
2033-12-30 13:00:00+01:00,116.24577773813346
2033-12-30 14:00:00+01:00,124.48570331043591
2033-12-30 15:00:00+01:00,127.81090609127635
2033-12-30 16:00:00+01:00,128.36815161224138
2033-12-30 17:00:00+01:00,132.5429254332416
2033-12-30 18:00:00+01:00,138.99235720047614
2033-12-30 19:00:00+01:00,134.70796130977786
2033-12-30 20:00:00+01:00,129.34561506704887
2033-12-30 21:00:00+01:00,127.88398747107505
2033-12-30 22:00:00+01:00,124.87851572685386
2033-12-30 23:00:00+01:00,119.92725224549253
2033-12-31 00:00:00+01:00,102.84447971754845
2033-12-31 01:00:00+01:00,99.54668245413251
2033-12-31 02:00:00+01:00,99.14473486523971
2033-12-31 03:00:00+01:00,100.0491169402485
2033-12-31 04:00:00+01:00,98.95289624326813
2033-12-31 05:00:00+01:00,100.53328108141483
2033-12-31 06:00:00+01:00,105.00038042160983
2033-12-31 07:00:00+01:00,117.52470188461055
2033-12-31 08:00:00+01:00,117.83529774875498
2033-12-31 09:00:00+01:00,115.74334325201747
2033-12-31 10:00:00+01:00,112.48208667850085
2033-12-31 11:00:00+01:00,108.91936941331466
2033-12-31 12:00:00+01:00,110.35359149186397
2033-12-31 13:00:00+01:00,104.6897845574654
2033-12-31 14:00:00+01:00,110.35359149186397
2033-12-31 15:00:00+01:00,116.09961497853608
2033-12-31 16:00:00+01:00,125.50884262761757
2033-12-31 17:00:00+01:00,126.14830470085613
2033-12-31 18:00:00+01:00,124.6866771048823
2033-12-31 19:00:00+01:00,120.77682328565231
2033-12-31 20:00:00+01:00,111.40413632647017
2033-12-31 21:00:00+01:00,107.13801078072156
2033-12-31 22:00:00+01:00,110.34445631938914
2033-12-31 23:00:00+01:00,103.40172523851346
