Date (GMT+1),Price (EUR/MWh)
2031-01-01 00:00:00+01:00,18.537775771847194
2031-01-01 01:00:00+01:00,13.966006814603055
2031-01-01 02:00:00+01:00,5.155587743733079
2031-01-01 03:00:00+01:00,1.7669650241677033
2031-01-01 04:00:00+01:00,1.7439913108147067
2031-01-01 05:00:00+01:00,1.7899387375206857
2031-01-01 06:00:00+01:00,1.7325044541382368
2031-01-01 07:00:00+01:00,-1.7480131188390828
2031-01-01 08:00:00+01:00,-1.5182759853092307
2031-01-01 09:00:00+01:00,0.9169376301072276
2031-01-01 10:00:00+01:00,-0.09390575742412466
2031-01-01 11:00:00+01:00,-1.8284211155745425
2031-01-01 12:00:00+01:00,1.0088324835191855
2031-01-01 13:00:00+01:00,-0.5993274511898079
2031-01-01 14:00:00+01:00,1.9277810176386083
2031-01-01 15:00:00+01:00,12.151083459717192
2031-01-01 16:00:00+01:00,22.12167505491295
2031-01-01 17:00:00+01:00,37.066075591030085
2031-01-01 18:00:00+01:00,44.79673013430973
2031-01-01 19:00:00+01:00,38.45598524888571
2031-01-01 20:00:00+01:00,37.62893156817823
2031-01-01 21:00:00+01:00,28.91040735072019
2031-01-01 22:00:00+01:00,27.7732085397474
2031-01-01 23:00:00+01:00,18.65264433861212
2031-01-02 00:00:00+01:00,14.25317823151537
2031-01-02 01:00:00+01:00,4.7880083300853045
2031-01-02 02:00:00+01:00,1.709530740785226
2031-01-02 03:00:00+01:00,-0.19728746751256665
2031-01-02 04:00:00+01:00,0.2047525161646888
2031-01-02 05:00:00+01:00,1.755478167491205
2031-01-02 06:00:00+01:00,11.553766912539572
2031-01-02 07:00:00+01:00,35.297099662850194
2031-01-02 08:00:00+01:00,44.25684787051458
2031-01-02 09:00:00+01:00,48.2198134239046
2031-01-02 10:00:00+01:00,48.311708277316534
2031-01-02 11:00:00+01:00,52.883477234560665
2031-01-02 12:00:00+01:00,55.89303368380178
2031-01-02 13:00:00+01:00,58.971511273101854
2031-01-02 14:00:00+01:00,63.348003666845614
2031-01-02 15:00:00+01:00,66.17377040926283
2031-01-02 16:00:00+01:00,71.99760674424469
2031-01-02 17:00:00+01:00,75.77678259081081
2031-01-02 18:00:00+01:00,66.63324467632255
2031-01-02 19:00:00+01:00,57.662009611981674
2031-01-02 20:00:00+01:00,44.14197930374964
2031-01-02 21:00:00+01:00,26.750878295539543
2031-01-02 22:00:00+01:00,21.788556211294654
2031-01-02 23:00:00+01:00,9.394237857358931
2031-01-03 00:00:00+01:00,11.048345218773889
2031-01-03 01:00:00+01:00,6.097509991205484
2031-01-03 02:00:00+01:00,1.7439913108147067
2031-01-03 03:00:00+01:00,1.709530740785226
2031-01-03 04:00:00+01:00,1.6865570274322579
2031-01-03 05:00:00+01:00,15.82687759619489
2031-01-03 06:00:00+01:00,48.33468199066951
2031-01-03 07:00:00+01:00,57.65052275530518
2031-01-03 08:00:00+01:00,60.0053283739862
2031-01-03 09:00:00+01:00,60.93576376478212
2031-01-03 10:00:00+01:00,56.0193891072432
2031-01-03 11:00:00+01:00,53.28551721823791
2031-01-03 12:00:00+01:00,57.662009611981674
2031-01-03 13:00:00+01:00,63.32502995349262
2031-01-03 14:00:00+01:00,71.05568449677227
2031-01-03 15:00:00+01:00,78.5221413364926
2031-01-03 16:00:00+01:00,75.70786145075185
2031-01-03 17:00:00+01:00,82.42767260650015
2031-01-03 18:00:00+01:00,87.44742897412749
2031-01-03 19:00:00+01:00,82.94458115694233
2031-01-03 20:00:00+01:00,83.71420055426734
2031-01-03 21:00:00+01:00,65.65686185882066
2031-01-03 22:00:00+01:00,64.22100477425906
2031-01-03 23:00:00+01:00,50.011763065437464
2031-01-04 00:00:00+01:00,44.33725586725002
2031-01-04 01:00:00+01:00,35.79103449993938
2031-01-04 02:00:00+01:00,30.128014158428435
2031-01-04 03:00:00+01:00,23.30482129259171
2031-01-04 04:00:00+01:00,26.26843031512685
2031-01-04 05:00:00+01:00,51.73479156691138
2031-01-04 06:00:00+01:00,69.95294625582898
2031-01-04 07:00:00+01:00,85.41425534238827
2031-01-04 08:00:00+01:00,92.8921990387851
2031-01-04 09:00:00+01:00,96.62542745864525
2031-01-04 10:00:00+01:00,93.92601613966943
2031-01-04 11:00:00+01:00,90.22724828983876
2031-01-04 12:00:00+01:00,88.1021798046876
2031-01-04 13:00:00+01:00,88.98666776877754
2031-01-04 14:00:00+01:00,93.88006871296348
2031-01-04 15:00:00+01:00,96.44163775182137
2031-01-04 16:00:00+01:00,109.23799608943435
2031-01-04 17:00:00+01:00,112.83338222917659
2031-01-04 18:00:00+01:00,114.01652846685536
2031-01-04 19:00:00+01:00,112.86784279920607
2031-01-04 20:00:00+01:00,102.52967179036256
2031-01-04 21:00:00+01:00,98.34845596011917
2031-01-04 22:00:00+01:00,95.07470180731872
2031-01-04 23:00:00+01:00,89.74480030942605
2031-01-05 00:00:00+01:00,88.41232493495289
2031-01-05 01:00:00+01:00,82.48510688988262
2031-01-05 02:00:00+01:00,78.63700990325754
2031-01-05 03:00:00+01:00,77.3964293821963
2031-01-05 04:00:00+01:00,76.85654711840114
2031-01-05 05:00:00+01:00,83.93245083112072
2031-01-05 06:00:00+01:00,90.41103799666266
2031-01-05 07:00:00+01:00,103.59794946127637
2031-01-05 08:00:00+01:00,108.25012641525595
2031-01-05 09:00:00+01:00,104.45946371201333
2031-01-05 10:00:00+01:00,101.4958546894782
2031-01-05 11:00:00+01:00,101.28909126930134
2031-01-05 12:00:00+01:00,94.98280695390677
2031-01-05 13:00:00+01:00,96.44163775182137
2031-01-05 14:00:00+01:00,97.92344226308893
2031-01-05 15:00:00+01:00,102.90873806068682
2031-01-05 16:00:00+01:00,104.63176656216073
2031-01-05 17:00:00+01:00,113.97058104014937
2031-01-05 18:00:00+01:00,115.46387240809344
2031-01-05 19:00:00+01:00,110.2603263336422
2031-01-05 20:00:00+01:00,101.56477582953715
2031-01-05 21:00:00+01:00,95.49971550434896
2031-01-05 22:00:00+01:00,90.42252485333914
2031-01-05 23:00:00+01:00,87.34404726403908
2031-01-06 00:00:00+01:00,81.33642122223333
2031-01-06 01:00:00+01:00,76.02949343769366
2031-01-06 02:00:00+01:00,75.58150602731044
2031-01-06 03:00:00+01:00,73.14629241189397
2031-01-06 04:00:00+01:00,73.37602954542382
2031-01-06 05:00:00+01:00,74.89229462672087
2031-01-06 06:00:00+01:00,75.20243975698618
2031-01-06 07:00:00+01:00,80.65869667832025
2031-01-06 08:00:00+01:00,85.16154449550544
2031-01-06 09:00:00+01:00,90.13535343642681
2031-01-06 10:00:00+01:00,92.36380363166641
2031-01-06 11:00:00+01:00,94.71860925034746
2031-01-06 12:00:00+01:00,93.28275216578585
2031-01-06 13:00:00+01:00,91.73202651445932
2031-01-06 14:00:00+01:00,92.34082991831343
2031-01-06 15:00:00+01:00,93.59289729605115
2031-01-06 16:00:00+01:00,97.90046854973596
2031-01-06 17:00:00+01:00,101.09381470580095
2031-01-06 18:00:00+01:00,99.38227306100352
2031-01-06 19:00:00+01:00,94.71860925034746
2031-01-06 20:00:00+01:00,92.31785620496045
2031-01-06 21:00:00+01:00,88.52719350171783
2031-01-06 22:00:00+01:00,88.03325866462863
2031-01-06 23:00:00+01:00,83.43851599403152
2031-01-07 00:00:00+01:00,86.3446907331842
2031-01-07 01:00:00+01:00,81.42831607564527
2031-01-07 02:00:00+01:00,77.76400879584408
2031-01-07 03:00:00+01:00,73.81253009913056
2031-01-07 04:00:00+01:00,71.68746161397938
2031-01-07 05:00:00+01:00,73.76658267242458
2031-01-07 06:00:00+01:00,76.09841457775262
2031-01-07 07:00:00+01:00,79.9694852777307
2031-01-07 08:00:00+01:00,83.50743713409048
2031-01-07 09:00:00+01:00,91.21511796401714
2031-01-07 10:00:00+01:00,96.25784804499747
2031-01-07 11:00:00+01:00,98.2910216767367
2031-01-07 12:00:00+01:00,97.85452112302997
2031-01-07 13:00:00+01:00,94.30508240999372
2031-01-07 14:00:00+01:00,94.23616126993475
2031-01-07 15:00:00+01:00,94.75306982037691
2031-01-07 16:00:00+01:00,99.85323418473973
2031-01-07 17:00:00+01:00,109.05420638261046
2031-01-07 18:00:00+01:00,112.94825079594152
2031-01-07 19:00:00+01:00,109.03123266925748
2031-01-07 20:00:00+01:00,105.58517566630964
2031-01-07 21:00:00+01:00,101.74856553636104
2031-01-07 22:00:00+01:00,99.06064107406172
2031-01-07 23:00:00+01:00,94.70712239367096
2031-01-08 00:00:00+01:00,91.37593395748803
2031-01-08 01:00:00+01:00,90.30765628657421
2031-01-08 02:00:00+01:00,88.12515351804058
2031-01-08 03:00:00+01:00,86.43658558659614
2031-01-08 04:00:00+01:00,86.41361187324316
2031-01-08 05:00:00+01:00,90.44549856669212
2031-01-08 06:00:00+01:00,104.11485801171855
2031-01-08 07:00:00+01:00,113.17798792947139
2031-01-08 08:00:00+01:00,124.05604120211007
2031-01-08 09:00:00+01:00,123.81481721190372
2031-01-08 10:00:00+01:00,117.97949402024537
2031-01-08 11:00:00+01:00,116.92270320600804
2031-01-08 12:00:00+01:00,109.41029893958174
2031-01-08 13:00:00+01:00,109.27245665946381
2031-01-08 14:00:00+01:00,112.58067138229376
2031-01-08 15:00:00+01:00,116.27943923212443
2031-01-08 16:00:00+01:00,125.66420113681906
2031-01-08 17:00:00+01:00,145.76620032068143
2031-01-08 18:00:00+01:00,146.16824030435873
2031-01-08 19:00:00+01:00,136.39292527266332
2031-01-08 20:00:00+01:00,122.58572354751897
2031-01-08 21:00:00+01:00,108.27310012860895
2031-01-08 22:00:00+01:00,107.00954589419473
2031-01-08 23:00:00+01:00,104.64325341883723
2031-01-09 00:00:00+01:00,97.01598058564602
2031-01-09 01:00:00+01:00,96.62542745864525
2031-01-09 02:00:00+01:00,95.61458407111388
2031-01-09 03:00:00+01:00,94.3280561233467
2031-01-09 04:00:00+01:00,94.20170069990527
2031-01-09 05:00:00+01:00,98.71603537376694
2031-01-09 06:00:00+01:00,112.25903939535195
2031-01-09 07:00:00+01:00,134.57800191777744
2031-01-09 08:00:00+01:00,144.65197522306164
2031-01-09 09:00:00+01:00,136.20913556583943
2031-01-09 10:00:00+01:00,118.04841516030432
2031-01-09 11:00:00+01:00,111.51239371137991
2031-01-09 12:00:00+01:00,105.82639965651597
2031-01-09 13:00:00+01:00,106.7683219039884
2031-01-09 14:00:00+01:00,115.90037296180017
2031-01-09 15:00:00+01:00,124.6418708926112
2031-01-09 16:00:00+01:00,136.921320679782
2031-01-09 17:00:00+01:00,152.64682746990064
2031-01-09 18:00:00+01:00,153.02589374022492
2031-01-09 19:00:00+01:00,141.42416849696716
2031-01-09 20:00:00+01:00,121.82759100687045
2031-01-09 21:00:00+01:00,113.85571247338446
2031-01-09 22:00:00+01:00,107.36563845116602
2031-01-09 23:00:00+01:00,102.10465809333232
2031-01-10 00:00:00+01:00,96.24636118832099
2031-01-10 01:00:00+01:00,93.53546301266869
2031-01-10 02:00:00+01:00,92.76584361534367
2031-01-10 03:00:00+01:00,91.22660482069364
2031-01-10 04:00:00+01:00,91.19214425066416
2031-01-10 05:00:00+01:00,94.38549040672916
2031-01-10 06:00:00+01:00,108.91636410249255
2031-01-10 07:00:00+01:00,130.31637809079865
2031-01-10 08:00:00+01:00,146.7885305648893
2031-01-10 09:00:00+01:00,133.50972424686364
2031-01-10 10:00:00+01:00,120.6329579125152
2031-01-10 11:00:00+01:00,113.4651593463837
2031-01-10 12:00:00+01:00,108.25012641525595
2031-01-10 13:00:00+01:00,107.98592871169663
2031-01-10 14:00:00+01:00,113.4192119196777
2031-01-10 15:00:00+01:00,123.95265949202161
2031-01-10 16:00:00+01:00,132.36103857921435
2031-01-10 17:00:00+01:00,146.37500372453556
2031-01-10 18:00:00+01:00,147.33989968536096
2031-01-10 19:00:00+01:00,136.2780567058984
2031-01-10 20:00:00+01:00,122.26409156057719
2031-01-10 21:00:00+01:00,110.14545776687729
2031-01-10 22:00:00+01:00,106.36628192031115
2031-01-10 23:00:00+01:00,100.73772214882968
2031-01-11 00:00:00+01:00,94.74158296370044
2031-01-11 01:00:00+01:00,91.52526309428245
2031-01-11 02:00:00+01:00,88.84882548865963
2031-01-11 03:00:00+01:00,87.7805478177458
2031-01-11 04:00:00+01:00,88.28596951151147
2031-01-11 05:00:00+01:00,92.46718534175486
2031-01-11 06:00:00+01:00,109.12312752266942
2031-01-11 07:00:00+01:00,128.21428331900046
2031-01-11 08:00:00+01:00,152.30222176960584
2031-01-11 09:00:00+01:00,138.16190120084323
2031-01-11 10:00:00+01:00,121.32216931310478
2031-01-11 11:00:00+01:00,110.20289205025973
2031-01-11 12:00:00+01:00,104.35608200192492
2031-01-11 13:00:00+01:00,104.3331082885719
2031-01-11 14:00:00+01:00,109.55962807637613
2031-01-11 15:00:00+01:00,122.67761840093092
2031-01-11 16:00:00+01:00,133.00430255309794
2031-01-11 17:00:00+01:00,148.6723750598341
2031-01-11 18:00:00+01:00,149.7866001574539
2031-01-11 19:00:00+01:00,141.50457649370264
2031-01-11 20:00:00+01:00,122.68910525760742
2031-01-11 21:00:00+01:00,109.86977320664145
2031-01-11 22:00:00+01:00,105.75747851645704
2031-01-11 23:00:00+01:00,97.49842856605869
2031-01-12 00:00:00+01:00,89.67587916936711
2031-01-12 01:00:00+01:00,86.95349413703832
2031-01-12 02:00:00+01:00,86.72375700350845
2031-01-12 03:00:00+01:00,85.10411021212298
2031-01-12 04:00:00+01:00,85.73588732933007
2031-01-12 05:00:00+01:00,88.12515351804058
2031-01-12 06:00:00+01:00,101.09381470580095
2031-01-12 07:00:00+01:00,120.72485276592715
2031-01-12 08:00:00+01:00,141.94107704740935
2031-01-12 09:00:00+01:00,130.511654654299
2031-01-12 10:00:00+01:00,117.97949402024537
2031-01-12 11:00:00+01:00,110.04207605678883
2031-01-12 12:00:00+01:00,104.71217455889618
2031-01-12 13:00:00+01:00,101.72559182300806
2031-01-12 14:00:00+01:00,104.6777139888667
2031-01-12 15:00:00+01:00,110.581958320584
2031-01-12 16:00:00+01:00,117.06054548612593
2031-01-12 17:00:00+01:00,128.88052100623702
2031-01-12 18:00:00+01:00,132.34955172253785
2031-01-12 19:00:00+01:00,125.25067429646532
2031-01-12 20:00:00+01:00,112.53472395558778
2031-01-12 21:00:00+01:00,100.93299871233006
2031-01-12 22:00:00+01:00,97.19977029246989
2031-01-12 23:00:00+01:00,91.62864480437088
2031-01-13 00:00:00+01:00,95.41930750761351
2031-01-13 01:00:00+01:00,89.29681289904283
2031-01-13 02:00:00+01:00,88.56165407174731
2031-01-13 03:00:00+01:00,88.20556151477604
2031-01-13 04:00:00+01:00,87.7920346744223
2031-01-13 05:00:00+01:00,88.56165407174731
2031-01-13 06:00:00+01:00,89.82520830616151
2031-01-13 07:00:00+01:00,90.30765628657421
2031-01-13 08:00:00+01:00,92.32934306163693
2031-01-13 09:00:00+01:00,95.52268921770194
2031-01-13 10:00:00+01:00,95.62607092779038
2031-01-13 11:00:00+01:00,94.30508240999372
2031-01-13 12:00:00+01:00,89.35424718242531
2031-01-13 13:00:00+01:00,88.04474552130513
2031-01-13 14:00:00+01:00,88.52719350171783
2031-01-13 15:00:00+01:00,92.12257964146008
2031-01-13 16:00:00+01:00,92.8921990387851
2031-01-13 17:00:00+01:00,101.24314384259536
2031-01-13 18:00:00+01:00,104.6892008455432
2031-01-13 19:00:00+01:00,102.74792206721591
2031-01-13 20:00:00+01:00,98.67008794706098
2031-01-13 21:00:00+01:00,94.37400355005266
2031-01-13 22:00:00+01:00,95.30443894084857
2031-01-13 23:00:00+01:00,93.99493727972839
2031-01-14 00:00:00+01:00,88.8832860586891
2031-01-14 01:00:00+01:00,88.0906929480111
2031-01-14 02:00:00+01:00,88.06771923465811
2031-01-14 03:00:00+01:00,87.56229754089243
2031-01-14 04:00:00+01:00,87.47040268748049
2031-01-14 05:00:00+01:00,87.57378439756891
2031-01-14 06:00:00+01:00,87.51635011418645
2031-01-14 07:00:00+01:00,87.88392952783423
2031-01-14 08:00:00+01:00,87.52783697086295
2031-01-14 09:00:00+01:00,88.5731409284238
2031-01-14 10:00:00+01:00,87.6082449675984
2031-01-14 11:00:00+01:00,87.50486325750997
2031-01-14 12:00:00+01:00,86.19536159638979
2031-01-14 13:00:00+01:00,87.51635011418645
2031-01-14 14:00:00+01:00,87.81500838777528
2031-01-14 15:00:00+01:00,90.652261986869
2031-01-14 16:00:00+01:00,94.86793838714186
2031-01-14 17:00:00+01:00,99.04915421738524
2031-01-14 18:00:00+01:00,100.91002499897706
2031-01-14 19:00:00+01:00,99.439707344386
2031-01-14 20:00:00+01:00,96.02811091146764
2031-01-14 21:00:00+01:00,93.17937045569741
2031-01-14 22:00:00+01:00,92.20298763819551
2031-01-14 23:00:00+01:00,88.56165407174731
2031-01-15 00:00:00+01:00,90.38806428330966
2031-01-15 01:00:00+01:00,88.53868035839432
2031-01-15 02:00:00+01:00,88.7454437785712
2031-01-15 03:00:00+01:00,88.87179920201261
2031-01-15 04:00:00+01:00,88.64206206848276
2031-01-15 05:00:00+01:00,91.00835454384027
2031-01-15 06:00:00+01:00,97.17679657911691
2031-01-15 07:00:00+01:00,103.8851208781887
2031-01-15 08:00:00+01:00,111.44347257132097
2031-01-15 09:00:00+01:00,108.0318761384026
2031-01-15 10:00:00+01:00,108.05484985175559
2031-01-15 11:00:00+01:00,103.95404201824766
2031-01-15 12:00:00+01:00,101.3465255526838
2031-01-15 13:00:00+01:00,101.8289735330965
2031-01-15 14:00:00+01:00,103.2418569043051
2031-01-15 15:00:00+01:00,103.55200203457042
2031-01-15 16:00:00+01:00,106.46966363039958
2031-01-15 17:00:00+01:00,117.4396117564502
2031-01-15 18:00:00+01:00,124.99796344958247
2031-01-15 19:00:00+01:00,118.35856029056964
2031-01-15 20:00:00+01:00,108.11228413513805
2031-01-15 21:00:00+01:00,101.27760441262484
2031-01-15 22:00:00+01:00,98.57819309364903
2031-01-15 23:00:00+01:00,94.6267143969355
2031-01-16 00:00:00+01:00,90.77861741031042
2031-01-16 01:00:00+01:00,91.41039452751751
2031-01-16 02:00:00+01:00,89.83669516283801
2031-01-16 03:00:00+01:00,90.26170885986824
2031-01-16 04:00:00+01:00,90.3306299999272
2031-01-16 05:00:00+01:00,91.39890767084103
2031-01-16 06:00:00+01:00,99.35929934765053
2031-01-16 07:00:00+01:00,116.31389980215391
2031-01-16 08:00:00+01:00,143.0093547183232
2031-01-16 09:00:00+01:00,134.64692305783643
2031-01-16 10:00:00+01:00,122.78100011101935
2031-01-16 11:00:00+01:00,112.58067138229376
2031-01-16 12:00:00+01:00,102.56413236039204
2031-01-16 13:00:00+01:00,101.95532895653791
2031-01-16 14:00:00+01:00,104.43648999866036
2031-01-16 15:00:00+01:00,117.16392719621437
2031-01-16 16:00:00+01:00,123.3668298015205
2031-01-16 17:00:00+01:00,143.03232843167615
2031-01-16 18:00:00+01:00,140.2869696859944
2031-01-16 19:00:00+01:00,128.89200786291354
2031-01-16 20:00:00+01:00,111.09886687102617
2031-01-16 21:00:00+01:00,99.38227306100352
2031-01-16 22:00:00+01:00,99.416733631033
2031-01-16 23:00:00+01:00,94.46589840346459
2031-01-17 00:00:00+01:00,89.62993174266114
2031-01-17 01:00:00+01:00,87.37850783406856
2031-01-17 02:00:00+01:00,84.1047536812681
2031-01-17 03:00:00+01:00,83.95542454447369
2031-01-17 04:00:00+01:00,83.98988511450318
2031-01-17 05:00:00+01:00,89.51506317589622
2031-01-17 06:00:00+01:00,95.45376807764299
2031-01-17 07:00:00+01:00,112.78743480247061
2031-01-17 08:00:00+01:00,119.90928594189616
2031-01-17 09:00:00+01:00,118.1058494436868
2031-01-17 10:00:00+01:00,116.69296607247819
2031-01-17 11:00:00+01:00,115.24562213124008
2031-01-17 12:00:00+01:00,111.89145998170417
2031-01-17 13:00:00+01:00,110.8806165941728
2031-01-17 14:00:00+01:00,112.41985538882285
2031-01-17 15:00:00+01:00,118.02544144695133
2031-01-17 16:00:00+01:00,121.94245957363538
2031-01-17 17:00:00+01:00,135.87601672222115
2031-01-17 18:00:00+01:00,129.79946954035645
2031-01-17 19:00:00+01:00,117.2902826196558
2031-01-17 20:00:00+01:00,107.56091501466639
2031-01-17 21:00:00+01:00,96.0855451948501
2031-01-17 22:00:00+01:00,94.3280561233467
2031-01-17 23:00:00+01:00,89.99751115630892
2031-01-18 00:00:00+01:00,81.97968519611693
2031-01-18 01:00:00+01:00,77.69508765578512
2031-01-18 02:00:00+01:00,76.27071742790001
2031-01-18 03:00:00+01:00,75.91462487092873
2031-01-18 04:00:00+01:00,76.22477000119403
2031-01-18 05:00:00+01:00,81.40534236229229
2031-01-18 06:00:00+01:00,92.65097504857874
2031-01-18 07:00:00+01:00,109.73193092652353
2031-01-18 08:00:00+01:00,120.72485276592715
2031-01-18 09:00:00+01:00,119.08223226118866
2031-01-18 10:00:00+01:00,108.76703496569814
2031-01-18 11:00:00+01:00,104.52838485207229
2031-01-18 12:00:00+01:00,97.21125714914638
2031-01-18 13:00:00+01:00,96.0740583381736
2031-01-18 14:00:00+01:00,96.06257148149709
2031-01-18 15:00:00+01:00,97.22274400582288
2031-01-18 16:00:00+01:00,100.55393244200579
2031-01-18 17:00:00+01:00,110.68534003067244
2031-01-18 18:00:00+01:00,110.20289205025973
2031-01-18 19:00:00+01:00,102.74792206721591
2031-01-18 20:00:00+01:00,94.12129270316981
2031-01-18 21:00:00+01:00,92.260421921578
2031-01-18 22:00:00+01:00,89.98602429963242
2031-01-18 23:00:00+01:00,85.12708392547596
2031-01-19 00:00:00+01:00,82.09455376288186
2031-01-19 01:00:00+01:00,80.60126239493779
2031-01-19 02:00:00+01:00,79.84312985428927
2031-01-19 03:00:00+01:00,79.56744529405344
2031-01-19 04:00:00+01:00,79.1768921670527
2031-01-19 05:00:00+01:00,81.85332977267551
2031-01-19 06:00:00+01:00,87.49337640083347
2031-01-19 07:00:00+01:00,99.14104907079718
2031-01-19 08:00:00+01:00,109.4907069363172
2031-01-19 09:00:00+01:00,110.46708975381907
2031-01-19 10:00:00+01:00,96.80921716546914
2031-01-19 11:00:00+01:00,91.23809167737014
2031-01-19 12:00:00+01:00,86.13792731300731
2031-01-19 13:00:00+01:00,86.62037529342001
2031-01-19 14:00:00+01:00,89.28532604236635
2031-01-19 15:00:00+01:00,89.65290545601411
2031-01-19 16:00:00+01:00,94.28210869664072
2031-01-19 17:00:00+01:00,96.63691431532173
2031-01-19 18:00:00+01:00,101.30057812597781
2031-01-19 19:00:00+01:00,96.0855451948501
2031-01-19 20:00:00+01:00,91.74351337113582
2031-01-19 21:00:00+01:00,87.47040268748049
2031-01-19 22:00:00+01:00,90.23873514651525
2031-01-19 23:00:00+01:00,85.50615019580022
2031-01-20 00:00:00+01:00,79.41811615725904
2031-01-20 01:00:00+01:00,79.41811615725904
2031-01-20 02:00:00+01:00,79.54447158070046
2031-01-20 03:00:00+01:00,78.37281219969819
2031-01-20 04:00:00+01:00,78.36132534302169
2031-01-20 05:00:00+01:00,79.52149786734748
2031-01-20 06:00:00+01:00,79.39514244390605
2031-01-20 07:00:00+01:00,79.4985241539945
2031-01-20 08:00:00+01:00,84.54125423497483
2031-01-20 09:00:00+01:00,88.14812723139356
2031-01-20 10:00:00+01:00,85.7014267593006
2031-01-20 11:00:00+01:00,79.40662930058254
2031-01-20 12:00:00+01:00,74.90378148339737
2031-01-20 13:00:00+01:00,72.08950159765664
2031-01-20 14:00:00+01:00,74.11118837271935
2031-01-20 15:00:00+01:00,79.487037297318
2031-01-20 16:00:00+01:00,85.29938677562336
2031-01-20 17:00:00+01:00,91.18065739398766
2031-01-20 18:00:00+01:00,94.71860925034746
2031-01-20 19:00:00+01:00,91.00835454384027
2031-01-20 20:00:00+01:00,87.24066555395063
2031-01-20 21:00:00+01:00,81.56615835576319
2031-01-20 22:00:00+01:00,82.0486063361759
2031-01-20 23:00:00+01:00,78.25794363293326
2031-01-21 00:00:00+01:00,74.84634720001489
2031-01-21 01:00:00+01:00,74.78891291663244
2031-01-21 02:00:00+01:00,73.07737127183502
2031-01-21 03:00:00+01:00,73.33008211871785
2031-01-21 04:00:00+01:00,74.12267522939585
2031-01-21 05:00:00+01:00,74.15713579942533
2031-01-21 06:00:00+01:00,75.9720591543112
2031-01-21 07:00:00+01:00,74.55917578310257
2031-01-21 08:00:00+01:00,74.18010951277832
2031-01-21 09:00:00+01:00,74.15713579942533
2031-01-21 10:00:00+01:00,74.12267522939585
2031-01-21 11:00:00+01:00,72.6293838614518
2031-01-21 12:00:00+01:00,68.28735203773752
2031-01-21 13:00:00+01:00,68.21843089767856
2031-01-21 14:00:00+01:00,72.68681814483425
2031-01-21 15:00:00+01:00,74.08821465936637
2031-01-21 16:00:00+01:00,75.77678259081081
2031-01-21 17:00:00+01:00,79.0160761735818
2031-01-21 18:00:00+01:00,79.06202360028776
2031-01-21 19:00:00+01:00,78.91269446349335
2031-01-21 20:00:00+01:00,78.5336281931691
2031-01-21 21:00:00+01:00,76.62680998487129
2031-01-21 22:00:00+01:00,77.61467965904967
2031-01-21 23:00:00+01:00,76.42004656469442
2031-01-22 00:00:00+01:00,72.75573928489321
2031-01-22 01:00:00+01:00,74.06524094601339
2031-01-22 02:00:00+01:00,74.11118837271935
2031-01-22 03:00:00+01:00,73.77806952910107
2031-01-22 04:00:00+01:00,71.45772448044953
2031-01-22 05:00:00+01:00,73.80104324245406
2031-01-22 06:00:00+01:00,77.90185107596199
2031-01-22 07:00:00+01:00,81.74994806258708
2031-01-22 08:00:00+01:00,82.61146231332404
2031-01-22 09:00:00+01:00,80.47490697149638
2031-01-22 10:00:00+01:00,81.19857894211542
2031-01-22 11:00:00+01:00,83.90947711776772
2031-01-22 12:00:00+01:00,83.98988511450318
2031-01-22 13:00:00+01:00,83.95542454447369
2031-01-22 14:00:00+01:00,83.24323943053113
2031-01-22 15:00:00+01:00,83.3236474272666
2031-01-22 16:00:00+01:00,83.19729200382517
2031-01-22 17:00:00+01:00,85.80480846938903
2031-01-22 18:00:00+01:00,85.62101876256516
2031-01-22 19:00:00+01:00,83.61081884417891
2031-01-22 20:00:00+01:00,79.26878702046463
2031-01-22 21:00:00+01:00,77.78698250919706
2031-01-22 22:00:00+01:00,78.14307506616834
2031-01-22 23:00:00+01:00,74.14564894274883
2031-01-23 00:00:00+01:00,70.33201252615324
2031-01-23 01:00:00+01:00,72.22734387777453
2031-01-23 02:00:00+01:00,72.21585702109806
2031-01-23 03:00:00+01:00,70.98676335671331
2031-01-23 04:00:00+01:00,70.99825021338981
2031-01-23 05:00:00+01:00,70.95230278668383
2031-01-23 06:00:00+01:00,75.93759858428172
2031-01-23 07:00:00+01:00,80.4519332581434
2031-01-23 08:00:00+01:00,84.01285882785615
2031-01-23 09:00:00+01:00,83.4844634207375
2031-01-23 10:00:00+01:00,79.487037297318
2031-01-23 11:00:00+01:00,76.95992882848958
2031-01-23 12:00:00+01:00,76.29369114125299
2031-01-23 13:00:00+01:00,76.95992882848958
2031-01-23 14:00:00+01:00,75.91462487092873
2031-01-23 15:00:00+01:00,77.2356133887254
2031-01-23 16:00:00+01:00,78.29240420296273
2031-01-23 17:00:00+01:00,81.32493436555683
2031-01-23 18:00:00+01:00,80.85397324182064
2031-01-23 19:00:00+01:00,77.75252193916758
2031-01-23 20:00:00+01:00,77.17817910534293
2031-01-23 21:00:00+01:00,75.11054490357424
2031-01-23 22:00:00+01:00,75.12203176025074
2031-01-23 23:00:00+01:00,69.1258925751215
2031-01-24 00:00:00+01:00,75.57001917063396
2031-01-24 01:00:00+01:00,71.48069819380251
2031-01-24 02:00:00+01:00,68.41370746117893
2031-01-24 03:00:00+01:00,69.20630057185693
2031-01-24 04:00:00+01:00,67.95423319411921
2031-01-24 05:00:00+01:00,71.46921133712601
2031-01-24 06:00:00+01:00,78.37281219969819
2031-01-24 07:00:00+01:00,83.76014798097331
2031-01-24 08:00:00+01:00,82.78376516347143
2031-01-24 09:00:00+01:00,82.30131718305873
2031-01-24 10:00:00+01:00,78.45322019643363
2031-01-24 11:00:00+01:00,77.12074482196047
2031-01-24 12:00:00+01:00,80.18773555458405
2031-01-24 13:00:00+01:00,80.48639382817288
2031-01-24 14:00:00+01:00,79.71677443084785
2031-01-24 15:00:00+01:00,79.87759042431875
2031-01-24 16:00:00+01:00,81.76143491926358
2031-01-24 17:00:00+01:00,83.96691140115018
2031-01-24 18:00:00+01:00,88.04474552130513
2031-01-24 19:00:00+01:00,86.24130902309575
2031-01-24 20:00:00+01:00,78.23496991958028
2031-01-24 21:00:00+01:00,76.01800658101718
2031-01-24 22:00:00+01:00,76.01800658101718
2031-01-24 23:00:00+01:00,75.54704545728096
2031-01-25 00:00:00+01:00,71.492185050479
2031-01-25 01:00:00+01:00,71.60705361724393
2031-01-25 02:00:00+01:00,67.97720690747221
2031-01-25 03:00:00+01:00,67.52921949708899
2031-01-25 04:00:00+01:00,68.83872115820917
2031-01-25 05:00:00+01:00,76.05246715104666
2031-01-25 06:00:00+01:00,77.75252193916758
2031-01-25 07:00:00+01:00,86.93052042368534
2031-01-25 08:00:00+01:00,89.73331345274957
2031-01-25 09:00:00+01:00,89.64141859933764
2031-01-25 10:00:00+01:00,85.74737418600657
2031-01-25 11:00:00+01:00,83.55338456079643
2031-01-25 12:00:00+01:00,81.40534236229229
2031-01-25 13:00:00+01:00,82.91012058691285
2031-01-25 14:00:00+01:00,85.00072850203453
2031-01-25 15:00:00+01:00,89.95156372960294
2031-01-25 16:00:00+01:00,97.831547409677
2031-01-25 17:00:00+01:00,107.44604644790147
2031-01-25 18:00:00+01:00,107.46902016125446
2031-01-25 19:00:00+01:00,99.95661589482816
2031-01-25 20:00:00+01:00,88.90625977204209
2031-01-25 21:00:00+01:00,81.11817094537997
2031-01-25 22:00:00+01:00,79.02756303025828
2031-01-25 23:00:00+01:00,76.07544086439964
2031-01-26 00:00:00+01:00,69.24076114188641
2031-01-26 01:00:00+01:00,66.78257381311695
2031-01-26 02:00:00+01:00,68.60898402467932
2031-01-26 03:00:00+01:00,68.99953715168007
2031-01-26 04:00:00+01:00,68.22991775435506
2031-01-26 05:00:00+01:00,69.17184000182745
2031-01-26 06:00:00+01:00,79.67082700414187
2031-01-26 07:00:00+01:00,83.08242343706024
2031-01-26 08:00:00+01:00,86.0115718895659
2031-01-26 09:00:00+01:00,83.50743713409048
2031-01-26 10:00:00+01:00,81.21006579879192
2031-01-26 11:00:00+01:00,78.32686477299221
2031-01-26 12:00:00+01:00,81.00330237861503
2031-01-26 13:00:00+01:00,80.67018353499675
2031-01-26 14:00:00+01:00,79.4985241539945
2031-01-26 15:00:00+01:00,79.54447158070046
2031-01-26 16:00:00+01:00,79.39514244390605
2031-01-26 17:00:00+01:00,81.96819833944043
2031-01-26 18:00:00+01:00,89.07856262218948
2031-01-26 19:00:00+01:00,90.62928827351601
2031-01-26 20:00:00+01:00,85.62101876256516
2031-01-26 21:00:00+01:00,81.83035605932251
2031-01-26 22:00:00+01:00,78.70593104331647
2031-01-26 23:00:00+01:00,71.57259304721445
2031-01-27 00:00:00+01:00,63.69260936714039
2031-01-27 01:00:00+01:00,63.40543795022808
2031-01-27 02:00:00+01:00,63.25610881343367
2031-01-27 03:00:00+01:00,64.02572821075867
2031-01-27 04:00:00+01:00,64.12910992084711
2031-01-27 05:00:00+01:00,61.71687001878363
2031-01-27 06:00:00+01:00,58.787721566277966
2031-01-27 07:00:00+01:00,63.76153050719935
2031-01-27 08:00:00+01:00,71.84827760745027
2031-01-27 09:00:00+01:00,69.40157713535731
2031-01-27 10:00:00+01:00,64.88724246149563
2031-01-27 11:00:00+01:00,60.522236924428384
2031-01-27 12:00:00+01:00,61.119553471606004
2031-01-27 13:00:00+01:00,51.171935589763244
2031-01-27 14:00:00+01:00,55.75519140368387
2031-01-27 15:00:00+01:00,67.25353493685316
2031-01-27 16:00:00+01:00,77.86739050593252
2031-01-27 17:00:00+01:00,84.21962224803303
2031-01-27 18:00:00+01:00,92.49015905510784
2031-01-27 19:00:00+01:00,89.00964148213052
2031-01-27 20:00:00+01:00,83.89799026109124
2031-01-27 21:00:00+01:00,78.83228646675789
2031-01-27 22:00:00+01:00,77.18966596201943
2031-01-27 23:00:00+01:00,73.83550381248354
2031-01-28 00:00:00+01:00,72.91655527836411
2031-01-28 01:00:00+01:00,68.01166747750169
2031-01-28 02:00:00+01:00,64.87575560481915
2031-01-28 03:00:00+01:00,61.25739575172391
2031-01-28 04:00:00+01:00,59.83302552383881
2031-01-28 05:00:00+01:00,58.81069527963095
2031-01-28 06:00:00+01:00,62.888529399785895
2031-01-28 07:00:00+01:00,67.77044348729534
2031-01-28 08:00:00+01:00,64.99062417158407
2031-01-28 09:00:00+01:00,62.61284483955007
2031-01-28 10:00:00+01:00,57.639035898628684
2031-01-28 11:00:00+01:00,50.78138246276248
2031-01-28 12:00:00+01:00,45.968389515312
2031-01-28 13:00:00+01:00,31.03547583587136
2031-01-28 14:00:00+01:00,37.870155558384575
2031-01-28 15:00:00+01:00,49.357012234877374
2031-01-28 16:00:00+01:00,65.04805845496654
2031-01-28 17:00:00+01:00,77.51129794896123
2031-01-28 18:00:00+01:00,80.69315724834973
2031-01-28 19:00:00+01:00,79.02756303025828
2031-01-28 20:00:00+01:00,76.62680998487129
2031-01-28 21:00:00+01:00,73.75509581574809
2031-01-28 22:00:00+01:00,71.79084332406781
2031-01-28 23:00:00+01:00,69.37860342200433
2031-01-29 00:00:00+01:00,64.30141277099452
2031-01-29 01:00:00+01:00,58.23635244580632
2031-01-29 02:00:00+01:00,47.737365443491896
2031-01-29 03:00:00+01:00,51.84966013367631
2031-01-29 04:00:00+01:00,51.826686420323334
2031-01-29 05:00:00+01:00,66.30012583270425
2031-01-29 06:00:00+01:00,79.52149786734748
2031-01-29 07:00:00+01:00,87.24066555395063
2031-01-29 08:00:00+01:00,97.15382286576391
2031-01-29 09:00:00+01:00,87.32107355068608
2031-01-29 10:00:00+01:00,79.6133927207594
2031-01-29 11:00:00+01:00,78.26943048960976
2031-01-29 12:00:00+01:00,77.30453452878436
2031-01-29 13:00:00+01:00,77.04033682522503
2031-01-29 14:00:00+01:00,81.84184291599901
2031-01-29 15:00:00+01:00,86.96498099371482
2031-01-29 16:00:00+01:00,104.65474027551372
2031-01-29 17:00:00+01:00,116.29092608880092
2031-01-29 18:00:00+01:00,118.47342885733455
2031-01-29 19:00:00+01:00,111.53536742473291
2031-01-29 20:00:00+01:00,93.75371328952205
2031-01-29 21:00:00+01:00,83.87501654773824
2031-01-29 22:00:00+01:00,80.38301211808444
2031-01-29 23:00:00+01:00,76.39707285134143
2031-01-30 00:00:00+01:00,69.52793255879874
2031-01-30 01:00:00+01:00,67.52921949708899
2031-01-30 02:00:00+01:00,67.56368006711847
2031-01-30 03:00:00+01:00,67.04677151667629
2031-01-30 04:00:00+01:00,67.0237978033233
2031-01-30 05:00:00+01:00,69.17184000182745
2031-01-30 06:00:00+01:00,79.487037297318
2031-01-30 07:00:00+01:00,90.70969627025146
2031-01-30 08:00:00+01:00,99.22145706753261
2031-01-30 09:00:00+01:00,89.8481820195145
2031-01-30 10:00:00+01:00,80.70464410502623
2031-01-30 11:00:00+01:00,79.32622130384709
2031-01-30 12:00:00+01:00,76.4430202780474
2031-01-30 13:00:00+01:00,76.4430202780474
2031-01-30 14:00:00+01:00,78.48768076646311
2031-01-30 15:00:00+01:00,82.2094223296468
2031-01-30 16:00:00+01:00,85.0696496420935
2031-01-30 17:00:00+01:00,89.77926087945553
2031-01-30 18:00:00+01:00,98.99171993400277
2031-01-30 19:00:00+01:00,94.39697726340566
2031-01-30 20:00:00+01:00,87.04538899045025
2031-01-30 21:00:00+01:00,80.07286698781914
2031-01-30 22:00:00+01:00,78.59106247655156
2031-01-30 23:00:00+01:00,76.10990143442912
2031-01-31 00:00:00+01:00,73.7436089590716
2031-01-31 01:00:00+01:00,70.34349938282972
2031-01-31 02:00:00+01:00,68.56303659797334
2031-01-31 03:00:00+01:00,68.91912915494461
2031-01-31 04:00:00+01:00,67.50624578373599
2031-01-31 05:00:00+01:00,74.685531206544
2031-01-31 06:00:00+01:00,83.25472628720763
2031-01-31 07:00:00+01:00,102.62156664377449
2031-01-31 08:00:00+01:00,114.51046330394453
2031-01-31 09:00:00+01:00,94.38549040672916
2031-01-31 10:00:00+01:00,84.82842565188716
2031-01-31 11:00:00+01:00,79.88907728099524
2031-01-31 12:00:00+01:00,76.68424426825375
2031-01-31 13:00:00+01:00,77.12074482196047
2031-01-31 14:00:00+01:00,78.44173333975715
2031-01-31 15:00:00+01:00,80.54382811155533
2031-01-31 16:00:00+01:00,81.61210578246916
2031-01-31 17:00:00+01:00,85.16154449550544
2031-01-31 18:00:00+01:00,90.11237972307383
2031-01-31 19:00:00+01:00,87.25215241062713
2031-01-31 20:00:00+01:00,81.78440863261656
2031-01-31 21:00:00+01:00,76.54640198813584
2031-01-31 22:00:00+01:00,75.43217689051603
2031-01-31 23:00:00+01:00,68.97656343832708
2031-02-01 00:00:00+01:00,70.07930167927039
2031-02-01 01:00:00+01:00,70.05632796591739
2031-02-01 02:00:00+01:00,70.03335425256441
2031-02-01 03:00:00+01:00,73.53684553889471
2031-02-01 04:00:00+01:00,73.77806952910107
2031-02-01 05:00:00+01:00,73.81253009913056
2031-02-01 06:00:00+01:00,87.49337640083347
2031-02-01 07:00:00+01:00,93.31721273581532
2031-02-01 08:00:00+01:00,93.6733052927866
2031-02-01 09:00:00+01:00,92.86922532543211
2031-02-01 10:00:00+01:00,87.48188954415697
2031-02-01 11:00:00+01:00,86.36766444653718
2031-02-01 12:00:00+01:00,84.82842565188716
2031-02-01 13:00:00+01:00,85.36830791568231
2031-02-01 14:00:00+01:00,84.79396508185768
2031-02-01 15:00:00+01:00,88.53868035839432
2031-02-01 16:00:00+01:00,90.77861741031042
2031-02-01 17:00:00+01:00,94.25913498328774
2031-02-01 18:00:00+01:00,103.04658034080474
2031-02-01 19:00:00+01:00,97.30315200255833
2031-02-01 20:00:00+01:00,95.04024123728924
2031-02-01 21:00:00+01:00,86.35617758986069
2031-02-01 22:00:00+01:00,81.14114465873296
2031-02-01 23:00:00+01:00,72.87060785165814
2031-02-02 00:00:00+01:00,72.4685678679809
2031-02-02 01:00:00+01:00,72.43410729795141
2031-02-02 02:00:00+01:00,77.37345566884332
2031-02-02 03:00:00+01:00,79.487037297318
2031-02-02 04:00:00+01:00,79.57893215072994
2031-02-02 05:00:00+01:00,78.40727276972767
2031-02-02 06:00:00+01:00,85.18451820885842
2031-02-02 07:00:00+01:00,90.67523570022198
2031-02-02 08:00:00+01:00,93.23680473907987
2031-02-02 09:00:00+01:00,89.76777402277905
2031-02-02 10:00:00+01:00,88.06771923465811
2031-02-02 11:00:00+01:00,84.07029311123861
2031-02-02 12:00:00+01:00,83.63379255753189
2031-02-02 13:00:00+01:00,83.59933198750241
2031-02-02 14:00:00+01:00,83.63379255753189
2031-02-02 15:00:00+01:00,83.66825312756137
2031-02-02 16:00:00+01:00,88.76841749192417
2031-02-02 17:00:00+01:00,87.50486325750997
2031-02-02 18:00:00+01:00,90.00899801298539
2031-02-02 19:00:00+01:00,85.42574219906477
2031-02-02 20:00:00+01:00,79.42960301393553
2031-02-02 21:00:00+01:00,76.56937570148881
2031-02-02 22:00:00+01:00,78.40727276972767
2031-02-02 23:00:00+01:00,72.70979185818723
2031-02-03 00:00:00+01:00,68.81574744485617
2031-02-03 01:00:00+01:00,77.16669224866645
2031-02-03 02:00:00+01:00,69.39009027868082
2031-02-03 03:00:00+01:00,69.24076114188641
2031-02-03 04:00:00+01:00,68.78128687482669
2031-02-03 05:00:00+01:00,67.1961006534707
2031-02-03 06:00:00+01:00,68.81574744485617
2031-02-03 07:00:00+01:00,68.81574744485617
2031-02-03 08:00:00+01:00,68.37924689114945
2031-02-03 09:00:00+01:00,65.09400588167252
2031-02-03 10:00:00+01:00,65.58794071876171
2031-02-03 11:00:00+01:00,59.77559124045634
2031-02-03 12:00:00+01:00,40.098605753624184
2031-02-03 13:00:00+01:00,26.096127464979453
2031-02-03 14:00:00+01:00,39.96076347350626
2031-02-03 15:00:00+01:00,61.14252718495899
2031-02-03 16:00:00+01:00,79.57893215072994
2031-02-03 17:00:00+01:00,80.18773555458405
2031-02-03 18:00:00+01:00,80.57828868158481
2031-02-03 19:00:00+01:00,80.24516983796651
2031-02-03 20:00:00+01:00,80.04989327446613
2031-02-03 21:00:00+01:00,79.54447158070046
2031-02-03 22:00:00+01:00,79.64785329078889
2031-02-03 23:00:00+01:00,68.86169487156215
2031-02-04 00:00:00+01:00,77.21263967537242
2031-02-04 01:00:00+01:00,69.27522171191589
2031-02-04 02:00:00+01:00,65.50753272202626
2031-02-04 03:00:00+01:00,59.90194666389776
2031-02-04 04:00:00+01:00,54.20446575235734
2031-02-04 05:00:00+01:00,59.93640723392724
2031-02-04 06:00:00+01:00,61.131040328282495
2031-02-04 07:00:00+01:00,66.8859555232054
2031-02-04 08:00:00+01:00,59.97086780395672
2031-02-04 09:00:00+01:00,54.215952609033835
2031-02-04 10:00:00+01:00,11.783504046069424
2031-02-04 11:00:00+01:00,14.51737593507471
2031-02-04 12:00:00+01:00,3.3176906754942337
2031-02-04 13:00:00+01:00,-2.2764085259577627
2031-02-04 14:00:00+01:00,1.7439913108147067
2031-02-04 15:00:00+01:00,17.80261694455165
2031-02-04 16:00:00+01:00,51.96452870044124
2031-02-04 17:00:00+01:00,78.57957561987506
2031-02-04 18:00:00+01:00,78.08564078278587
2031-02-04 19:00:00+01:00,77.91333793263847
2031-02-04 20:00:00+01:00,77.61467965904967
2031-02-04 21:00:00+01:00,79.70528757417135
2031-02-04 22:00:00+01:00,79.63636643411239
2031-02-04 23:00:00+01:00,78.55660190652208
2031-02-05 00:00:00+01:00,68.7698000181502
2031-02-05 01:00:00+01:00,65.72578299887961
2031-02-05 02:00:00+01:00,63.43989852025755
2031-02-05 03:00:00+01:00,64.27843905764153
2031-02-05 04:00:00+01:00,64.39330762440645
2031-02-05 05:00:00+01:00,78.07415392610937
2031-02-05 06:00:00+01:00,79.36068187387657
2031-02-05 07:00:00+01:00,81.92225091273447
2031-02-05 08:00:00+01:00,84.87437307859311
2031-02-05 09:00:00+01:00,82.81822573350091
2031-02-05 10:00:00+01:00,71.69894847065588
2031-02-05 11:00:00+01:00,74.81188662998541
2031-02-05 12:00:00+01:00,53.57268863515023
2031-02-05 13:00:00+01:00,49.908381355349036
2031-02-05 14:00:00+01:00,58.87961641968991
2031-02-05 15:00:00+01:00,69.28670856859239
2031-02-05 16:00:00+01:00,78.82079961008141
2031-02-05 17:00:00+01:00,82.78376516347143
2031-02-05 18:00:00+01:00,87.73460039103982
2031-02-05 19:00:00+01:00,85.12708392547596
2031-02-05 20:00:00+01:00,80.60126239493779
2031-02-05 21:00:00+01:00,69.30968228194537
2031-02-05 22:00:00+01:00,69.27522171191589
2031-02-05 23:00:00+01:00,63.40543795022808
2031-02-06 00:00:00+01:00,60.464802641045914
2031-02-06 01:00:00+01:00,60.258039220869044
2031-02-06 02:00:00+01:00,60.15465751078061
2031-02-06 03:00:00+01:00,60.085736370721655
2031-02-06 04:00:00+01:00,59.93640723392724
2031-02-06 05:00:00+01:00,62.635818552903054
2031-02-06 06:00:00+01:00,76.39707285134143
2031-02-06 07:00:00+01:00,81.95671148276395
2031-02-06 08:00:00+01:00,84.33449081479796
2031-02-06 09:00:00+01:00,81.53169778573371
2031-02-06 10:00:00+01:00,71.91719874750923
2031-02-06 11:00:00+01:00,68.19545718432558
2031-02-06 12:00:00+01:00,67.1846137967942
2031-02-06 13:00:00+01:00,65.71429614220312
2031-02-06 14:00:00+01:00,61.119553471606004
2031-02-06 15:00:00+01:00,63.24462195675717
2031-02-06 16:00:00+01:00,78.14307506616834
2031-02-06 17:00:00+01:00,81.68102692252812
2031-02-06 18:00:00+01:00,82.16347490294082
2031-02-06 19:00:00+01:00,80.70464410502623
2031-02-06 20:00:00+01:00,77.2356133887254
2031-02-06 21:00:00+01:00,69.73469597897561
2031-02-06 22:00:00+01:00,70.09078853594687
2031-02-06 23:00:00+01:00,63.76153050719935
2031-02-07 00:00:00+01:00,70.55026280300659
2031-02-07 01:00:00+01:00,70.13673596265285
2031-02-07 02:00:00+01:00,70.03335425256441
2031-02-07 03:00:00+01:00,70.09078853594687
2031-02-07 04:00:00+01:00,69.34414285197485
2031-02-07 05:00:00+01:00,70.99825021338981
2031-02-07 06:00:00+01:00,71.52664562050848
2031-02-07 07:00:00+01:00,82.91012058691285
2031-02-07 08:00:00+01:00,86.89605985365586
2031-02-07 09:00:00+01:00,84.35746452815093
2031-02-07 10:00:00+01:00,80.88843381185012
2031-02-07 11:00:00+01:00,80.40598583143742
2031-02-07 12:00:00+01:00,80.87694695517362
2031-02-07 13:00:00+01:00,82.22090918632327
2031-02-07 14:00:00+01:00,88.05623237798162
2031-02-07 15:00:00+01:00,92.45569848507836
2031-02-07 16:00:00+01:00,95.97067662808516
2031-02-07 17:00:00+01:00,117.35920375971475
2031-02-07 18:00:00+01:00,122.04584128372382
2031-02-07 19:00:00+01:00,105.80342594316299
2031-02-07 20:00:00+01:00,95.23551780078961
2031-02-07 21:00:00+01:00,87.19471812724466
2031-02-07 22:00:00+01:00,85.2189787788879
2031-02-07 23:00:00+01:00,80.93438123855609
2031-02-08 00:00:00+01:00,79.7971824275833
2031-02-08 01:00:00+01:00,75.78826944748731
2031-02-08 02:00:00+01:00,74.50174149972011
2031-02-08 03:00:00+01:00,73.18075298192345
2031-02-08 04:00:00+01:00,73.18075298192345
2031-02-08 05:00:00+01:00,79.38365558722955
2031-02-08 06:00:00+01:00,91.6056710910179
2031-02-08 07:00:00+01:00,111.81105198496874
2031-02-08 08:00:00+01:00,127.63994048517581
2031-02-08 09:00:00+01:00,112.24755253867545
2031-02-08 10:00:00+01:00,97.90046854973596
2031-02-08 11:00:00+01:00,95.6030972144374
2031-02-08 12:00:00+01:00,91.97325050466567
2031-02-08 13:00:00+01:00,90.39955113998616
2031-02-08 14:00:00+01:00,92.00771107469515
2031-02-08 15:00:00+01:00,95.02875438061275
2031-02-08 16:00:00+01:00,98.96874622064978
2031-02-08 17:00:00+01:00,102.27696094347971
2031-02-08 18:00:00+01:00,98.60116680700202
2031-02-08 19:00:00+01:00,89.1934311889544
2031-02-08 20:00:00+01:00,83.08242343706024
2031-02-08 21:00:00+01:00,81.08371037535049
2031-02-08 22:00:00+01:00,80.98032866526205
2031-02-08 23:00:00+01:00,72.4570810113044
2031-02-09 00:00:00+01:00,71.6644879006264
2031-02-09 01:00:00+01:00,71.56110619053796
2031-02-09 02:00:00+01:00,69.22927428520991
2031-02-09 03:00:00+01:00,69.1029188617685
2031-02-09 04:00:00+01:00,71.10163192347825
2031-02-09 05:00:00+01:00,71.9746330308917
2031-02-09 06:00:00+01:00,77.17817910534293
2031-02-09 07:00:00+01:00,84.09326682459161
2031-02-09 08:00:00+01:00,84.08177996791511
2031-02-09 09:00:00+01:00,78.97012874687582
2031-02-09 10:00:00+01:00,78.97012874687582
2031-02-09 11:00:00+01:00,81.78440863261656
2031-02-09 12:00:00+01:00,80.93438123855609
2031-02-09 13:00:00+01:00,81.16411837208594
2031-02-09 14:00:00+01:00,81.00330237861503
2031-02-09 15:00:00+01:00,81.5546714990867
2031-02-09 16:00:00+01:00,85.41425534238827
2031-02-09 17:00:00+01:00,91.11173625392871
2031-02-09 18:00:00+01:00,91.2955259607526
2031-02-09 19:00:00+01:00,87.57378439756891
2031-02-09 20:00:00+01:00,81.76143491926358
2031-02-09 21:00:00+01:00,78.28091734628626
2031-02-09 22:00:00+01:00,77.17817910534293
2031-02-09 23:00:00+01:00,71.41177705374355
2031-02-10 00:00:00+01:00,66.70216581638151
2031-02-10 01:00:00+01:00,64.49668933449489
2031-02-10 02:00:00+01:00,62.90001625646239
2031-02-10 03:00:00+01:00,62.83109511640343
2031-02-10 04:00:00+01:00,60.958737478135106
2031-02-10 05:00:00+01:00,62.84258197307993
2031-02-10 06:00:00+01:00,63.16421396002171
2031-02-10 07:00:00+01:00,69.88402511577002
2031-02-10 08:00:00+01:00,74.31795179289624
2031-02-10 09:00:00+01:00,74.3868729329552
2031-02-10 10:00:00+01:00,70.06781482259389
2031-02-10 11:00:00+01:00,68.05761490420765
2031-02-10 12:00:00+01:00,67.0123109466468
2031-02-10 13:00:00+01:00,66.66770524635203
2031-02-10 14:00:00+01:00,67.52921949708899
2031-02-10 15:00:00+01:00,72.80168671159917
2031-02-10 16:00:00+01:00,81.03776294864451
2031-02-10 17:00:00+01:00,85.5406107658297
2031-02-10 18:00:00+01:00,87.11431013050921
2031-02-10 19:00:00+01:00,80.56680182490831
2031-02-10 20:00:00+01:00,74.47876778636713
2031-02-10 21:00:00+01:00,68.85020801488565
2031-02-10 22:00:00+01:00,69.6083405555342
2031-02-10 23:00:00+01:00,65.38117729858483
2031-02-11 00:00:00+01:00,57.75390446539362
2031-02-11 01:00:00+01:00,58.02958902562944
2031-02-11 02:00:00+01:00,55.111927429800275
2031-02-11 03:00:00+01:00,54.698400589446535
2031-02-11 04:00:00+01:00,49.391472804906854
2031-02-11 05:00:00+01:00,47.35829917316764
2031-02-11 06:00:00+01:00,56.007902250566715
2031-02-11 07:00:00+01:00,56.78900850456822
2031-02-11 08:00:00+01:00,60.729000344605254
2031-02-11 09:00:00+01:00,61.02765861819407
2031-02-11 10:00:00+01:00,62.18783114251983
2031-02-11 11:00:00+01:00,63.25610881343367
2031-02-11 12:00:00+01:00,62.23377856922581
2031-02-11 13:00:00+01:00,60.28101293422203
2031-02-11 14:00:00+01:00,59.810051810485824
2031-02-11 15:00:00+01:00,63.382464236875094
2031-02-11 16:00:00+01:00,68.1609966142961
2031-02-11 17:00:00+01:00,78.61403618990454
2031-02-11 18:00:00+01:00,81.83035605932251
2031-02-11 19:00:00+01:00,80.03840641778966
2031-02-11 20:00:00+01:00,77.21263967537242
2031-02-11 21:00:00+01:00,70.11376224929987
2031-02-11 22:00:00+01:00,67.79341720064832
2031-02-11 23:00:00+01:00,61.808764872195574
2031-02-12 00:00:00+01:00,63.8534253606113
2031-02-12 01:00:00+01:00,62.13039685913738
2031-02-12 02:00:00+01:00,60.545210637781366
2031-02-12 03:00:00+01:00,58.87961641968991
2031-02-12 04:00:00+01:00,61.09657975825302
2031-02-12 05:00:00+01:00,64.34736019770048
2031-02-12 06:00:00+01:00,78.39578591305117
2031-02-12 07:00:00+01:00,90.44549856669212
2031-02-12 08:00:00+01:00,96.93557258891056
2031-02-12 09:00:00+01:00,90.95092026045782
2031-02-12 10:00:00+01:00,83.97839825782667
2031-02-12 11:00:00+01:00,79.64785329078889
2031-02-12 12:00:00+01:00,74.06524094601339
2031-02-12 13:00:00+01:00,73.29562154868837
2031-02-12 14:00:00+01:00,73.45643754215928
2031-02-12 15:00:00+01:00,78.75187847002245
2031-02-12 16:00:00+01:00,80.7735652450852
2031-02-12 17:00:00+01:00,88.48124607501185
2031-02-12 18:00:00+01:00,101.55328897286066
2031-02-12 19:00:00+01:00,95.85580806132023
2031-02-12 20:00:00+01:00,85.7014267593006
2031-02-12 21:00:00+01:00,79.28027387714111
2031-02-12 22:00:00+01:00,76.67275741157725
2031-02-12 23:00:00+01:00,66.5298629662341
2031-02-13 00:00:00+01:00,67.39137721697108
2031-02-13 01:00:00+01:00,65.73726985555611
2031-02-13 02:00:00+01:00,66.0703886991744
2031-02-13 03:00:00+01:00,67.48327207038301
2031-02-13 04:00:00+01:00,67.51773264041249
2031-02-13 05:00:00+01:00,67.55219321044197
2031-02-13 06:00:00+01:00,78.39578591305117
2031-02-13 07:00:00+01:00,87.50486325750997
2031-02-13 08:00:00+01:00,91.35296024413506
2031-02-13 09:00:00+01:00,85.6784530459476
2031-02-13 10:00:00+01:00,78.2119962062273
2031-02-13 11:00:00+01:00,75.9720591543112
2031-02-13 12:00:00+01:00,73.06588441515851
2031-02-13 13:00:00+01:00,71.81381703742079
2031-02-13 14:00:00+01:00,70.3779599528592
2031-02-13 15:00:00+01:00,76.01800658101718
2031-02-13 16:00:00+01:00,84.03583254120913
2031-02-13 17:00:00+01:00,93.96047670969892
2031-02-13 18:00:00+01:00,99.03766736070874
2031-02-13 19:00:00+01:00,95.37336008090753
2031-02-13 20:00:00+01:00,82.39321203647067
2031-02-13 21:00:00+01:00,78.45322019643363
2031-02-13 22:00:00+01:00,75.63894031069292
2031-02-13 23:00:00+01:00,68.31032575109049
2031-02-14 00:00:00+01:00,61.08509290157652
2031-02-14 01:00:00+01:00,59.855999237191796
2031-02-14 02:00:00+01:00,59.93640723392724
2031-02-14 03:00:00+01:00,58.27081301583579
2031-02-14 04:00:00+01:00,59.810051810485824
2031-02-14 05:00:00+01:00,62.11891000246087
2031-02-14 06:00:00+01:00,73.06588441515851
2031-02-14 07:00:00+01:00,78.5221413364926
2031-02-14 08:00:00+01:00,83.41554228067854
2031-02-14 09:00:00+01:00,76.19030943116455
2031-02-14 10:00:00+01:00,72.56046272139284
2031-02-14 11:00:00+01:00,66.89744237988188
2031-02-14 12:00:00+01:00,61.31483003510638
2031-02-14 13:00:00+01:00,61.154014041635484
2031-02-14 14:00:00+01:00,66.25417840599829
2031-02-14 15:00:00+01:00,70.42390737956518
2031-02-14 16:00:00+01:00,75.07608433354476
2031-02-14 17:00:00+01:00,80.7735652450852
2031-02-14 18:00:00+01:00,85.20749192221142
2031-02-14 19:00:00+01:00,83.82906912103228
2031-02-14 20:00:00+01:00,76.4659939914004
2031-02-14 21:00:00+01:00,72.70979185818723
2031-02-14 22:00:00+01:00,68.83872115820917
2031-02-14 23:00:00+01:00,60.87832948139965
2031-02-15 00:00:00+01:00,62.10742314578438
2031-02-15 01:00:00+01:00,63.39395109355158
2031-02-15 02:00:00+01:00,62.658792266256036
2031-02-15 03:00:00+01:00,62.61284483955007
2031-02-15 04:00:00+01:00,62.27972599593177
2031-02-15 05:00:00+01:00,62.84258197307993
2031-02-15 06:00:00+01:00,73.26116097865889
2031-02-15 07:00:00+01:00,83.4844634207375
2031-02-15 08:00:00+01:00,83.65676627088487
2031-02-15 09:00:00+01:00,75.94908544095821
2031-02-15 10:00:00+01:00,70.43539423624168
2031-02-15 11:00:00+01:00,68.05761490420765
2031-02-15 12:00:00+01:00,65.23184816179044
2031-02-15 13:00:00+01:00,64.09464935081763
2031-02-15 14:00:00+01:00,66.44945496949867
2031-02-15 15:00:00+01:00,70.34349938282972
2031-02-15 16:00:00+01:00,79.94651156437772
2031-02-15 17:00:00+01:00,85.52912390915321
2031-02-15 18:00:00+01:00,88.7339569218947
2031-02-15 19:00:00+01:00,82.27834346970573
2031-02-15 20:00:00+01:00,72.03206731427417
2031-02-15 21:00:00+01:00,69.17184000182745
2031-02-15 22:00:00+01:00,65.04805845496654
2031-02-15 23:00:00+01:00,62.486489416108654
2031-02-16 00:00:00+01:00,58.28229987251228
2031-02-16 01:00:00+01:00,58.741774139571994
2031-02-16 02:00:00+01:00,58.52352386271863
2031-02-16 03:00:00+01:00,59.01745869980782
2031-02-16 04:00:00+01:00,59.430985540161565
2031-02-16 05:00:00+01:00,59.0519192698373
2031-02-16 06:00:00+01:00,66.82852123982293
2031-02-16 07:00:00+01:00,70.48134166294763
2031-02-16 08:00:00+01:00,72.27329130448051
2031-02-16 09:00:00+01:00,67.59814063714795
2031-02-16 10:00:00+01:00,61.00468490484107
2031-02-16 11:00:00+01:00,61.24590889504742
2031-02-16 12:00:00+01:00,60.8094083413407
2031-02-16 13:00:00+01:00,60.751974057958236
2031-02-16 14:00:00+01:00,60.43034207101643
2031-02-16 15:00:00+01:00,61.83173858554856
2031-02-16 16:00:00+01:00,67.72449606058937
2031-02-16 17:00:00+01:00,71.35434277036109
2031-02-16 18:00:00+01:00,73.4219769721298
2031-02-16 19:00:00+01:00,72.03206731427417
2031-02-16 20:00:00+01:00,68.82723430153267
2031-02-16 21:00:00+01:00,63.037858536580295
2031-02-16 22:00:00+01:00,62.32567342263775
2031-02-16 23:00:00+01:00,58.04107588230593
2031-02-17 00:00:00+01:00,60.545210637781366
2031-02-17 01:00:00+01:00,59.76410438377985
2031-02-17 02:00:00+01:00,57.639035898628684
2031-02-17 03:00:00+01:00,57.662009611981674
2031-02-17 04:00:00+01:00,57.11064049151001
2031-02-17 05:00:00+01:00,56.157231387361115
2031-02-17 06:00:00+01:00,59.844512380515305
2031-02-17 07:00:00+01:00,66.81703438314644
2031-02-17 08:00:00+01:00,68.98805029500357
2031-02-17 09:00:00+01:00,67.59814063714795
2031-02-17 10:00:00+01:00,62.46351570275566
2031-02-17 11:00:00+01:00,60.02830208733919
2031-02-17 12:00:00+01:00,60.016815230662694
2031-02-17 13:00:00+01:00,56.29507366747903
2031-02-17 14:00:00+01:00,58.144457592394375
2031-02-17 15:00:00+01:00,66.3920206861162
2031-02-17 16:00:00+01:00,73.95037237924845
2031-02-17 17:00:00+01:00,80.50936754152585
2031-02-17 18:00:00+01:00,84.01285882785615
2031-02-17 19:00:00+01:00,87.70013982101035
2031-02-17 20:00:00+01:00,77.93631164599147
2031-02-17 21:00:00+01:00,73.00845013177606
2031-02-17 22:00:00+01:00,71.22798734691968
2031-02-17 23:00:00+01:00,67.51773264041249
2031-02-18 00:00:00+01:00,58.84515584966043
2031-02-18 01:00:00+01:00,57.191048488245464
2031-02-18 02:00:00+01:00,55.548427983507
2031-02-18 03:00:00+01:00,49.621209938436714
2031-02-18 04:00:00+01:00,49.598236225083724
2031-02-18 05:00:00+01:00,51.148961876410254
2031-02-18 06:00:00+01:00,49.26511738146543
2031-02-18 07:00:00+01:00,49.93135506870202
2031-02-18 08:00:00+01:00,49.667157365142685
2031-02-18 09:00:00+01:00,49.50634137167178
2031-02-18 10:00:00+01:00,45.23323068801646
2031-02-18 11:00:00+01:00,41.212830851243986
2031-02-18 12:00:00+01:00,38.60531438568011
2031-02-18 13:00:00+01:00,34.19436142190688
2031-02-18 14:00:00+01:00,43.86629474351382
2031-02-18 15:00:00+01:00,53.113214368090524
2031-02-18 16:00:00+01:00,56.85792964462718
2031-02-18 17:00:00+01:00,69.19481371518043
2031-02-18 18:00:00+01:00,70.59621022971257
2031-02-18 19:00:00+01:00,69.19481371518043
2031-02-18 20:00:00+01:00,63.80747793390532
2031-02-18 21:00:00+01:00,57.34037762503988
2031-02-18 22:00:00+01:00,57.018745638098075
2031-02-18 23:00:00+01:00,54.67542687609354
2031-02-19 00:00:00+01:00,52.35508182744199
2031-02-19 01:00:00+01:00,51.49356757670503
2031-02-19 02:00:00+01:00,51.49356757670503
2031-02-19 03:00:00+01:00,52.044936697176695
2031-02-19 04:00:00+01:00,52.58481896097185
2031-02-19 05:00:00+01:00,53.342951501620384
2031-02-19 06:00:00+01:00,64.48520247781839
2031-02-19 07:00:00+01:00,70.75702622318347
2031-02-19 08:00:00+01:00,73.10034498518799
2031-02-19 09:00:00+01:00,69.79213026235807
2031-02-19 10:00:00+01:00,66.62175781964605
2031-02-19 11:00:00+01:00,65.18590073508446
2031-02-19 12:00:00+01:00,62.79663454637395
2031-02-19 13:00:00+01:00,61.96958086566647
2031-02-19 14:00:00+01:00,62.23377856922581
2031-02-19 15:00:00+01:00,64.6345316146128
2031-02-19 16:00:00+01:00,68.24140461103154
2031-02-19 17:00:00+01:00,72.26180444780401
2031-02-19 18:00:00+01:00,82.78376516347143
2031-02-19 19:00:00+01:00,76.56937570148881
2031-02-19 20:00:00+01:00,69.13737943179797
2031-02-19 21:00:00+01:00,66.93190294991136
2031-02-19 22:00:00+01:00,66.0703886991744
2031-02-19 23:00:00+01:00,62.45202884607917
2031-02-20 00:00:00+01:00,54.97408514968235
2031-02-20 01:00:00+01:00,53.82539948203308
2031-02-20 02:00:00+01:00,53.75647834197412
2031-02-20 03:00:00+01:00,52.92942466126664
2031-02-20 04:00:00+01:00,52.74563495444275
2031-02-20 05:00:00+01:00,59.0519192698373
2031-02-20 06:00:00+01:00,70.60769708638905
2031-02-20 07:00:00+01:00,83.84055597770876
2031-02-20 08:00:00+01:00,86.06900617294838
2031-02-20 09:00:00+01:00,73.53684553889471
2031-02-20 10:00:00+01:00,69.56239312882822
2031-02-20 11:00:00+01:00,66.01295441579194
2031-02-20 12:00:00+01:00,61.154014041635484
2031-02-20 13:00:00+01:00,56.68562679447979
2031-02-20 14:00:00+01:00,56.45588966094992
2031-02-20 15:00:00+01:00,65.50753272202626
2031-02-20 16:00:00+01:00,67.37989036029458
2031-02-20 17:00:00+01:00,70.3894468095357
2031-02-20 18:00:00+01:00,78.71741789999298
2031-02-20 19:00:00+01:00,76.10990143442912
2031-02-20 20:00:00+01:00,71.48069819380251
2031-02-20 21:00:00+01:00,65.78321728226207
2031-02-20 22:00:00+01:00,63.416924806904575
2031-02-20 23:00:00+01:00,56.40994223424396
2031-02-21 00:00:00+01:00,51.73479156691138
2031-02-21 01:00:00+01:00,51.94155498708825
2031-02-21 02:00:00+01:00,51.95304184376475
2031-02-21 03:00:00+01:00,52.09088412388266
2031-02-21 04:00:00+01:00,51.872633847029306
2031-02-21 05:00:00+01:00,51.95304184376475
2031-02-21 06:00:00+01:00,64.40479448108294
2031-02-21 07:00:00+01:00,70.14822281932935
2031-02-21 08:00:00+01:00,74.58214949645557
2031-02-21 09:00:00+01:00,67.43732464367704
2031-02-21 10:00:00+01:00,64.45074190778891
2031-02-21 11:00:00+01:00,62.11891000246087
2031-02-21 12:00:00+01:00,58.30527358586527
2031-02-21 13:00:00+01:00,58.557984432748114
2031-02-21 14:00:00+01:00,61.02765861819407
2031-02-21 15:00:00+01:00,64.00275449740569
2031-02-21 16:00:00+01:00,65.47307215199677
2031-02-21 17:00:00+01:00,66.03592812914492
2031-02-21 18:00:00+01:00,66.26566526267477
2031-02-21 19:00:00+01:00,65.4386115819673
2031-02-21 20:00:00+01:00,64.60007104458332
2031-02-21 21:00:00+01:00,56.823469074597696
2031-02-21 22:00:00+01:00,54.7443480161525
2031-02-21 23:00:00+01:00,51.51654129005802
2031-02-22 00:00:00+01:00,54.02067604553345
2031-02-22 01:00:00+01:00,53.423359498355836
2031-02-22 02:00:00+01:00,53.561201778473745
2031-02-22 03:00:00+01:00,53.342951501620384
2031-02-22 04:00:00+01:00,53.342951501620384
2031-02-22 05:00:00+01:00,53.136188081443514
2031-02-22 06:00:00+01:00,62.76217397634447
2031-02-22 07:00:00+01:00,70.97527650003683
2031-02-22 08:00:00+01:00,72.85912099498165
2031-02-22 09:00:00+01:00,67.64408806385391
2031-02-22 10:00:00+01:00,65.1169795950255
2031-02-22 11:00:00+01:00,61.9236334389605
2031-02-22 12:00:00+01:00,57.71944389536414
2031-02-22 13:00:00+01:00,62.14188371581386
2031-02-22 14:00:00+01:00,60.66007920454629
2031-02-22 15:00:00+01:00,60.43034207101643
2031-02-22 16:00:00+01:00,62.854068829756415
2031-02-22 17:00:00+01:00,62.922989969815376
2031-02-22 18:00:00+01:00,65.28928244517289
2031-02-22 19:00:00+01:00,62.79663454637395
2031-02-22 20:00:00+01:00,60.02830208733919
2031-02-22 21:00:00+01:00,54.93962457965287
2031-02-22 22:00:00+01:00,54.91665086629989
2031-02-22 23:00:00+01:00,51.91858127373527
2031-02-23 00:00:00+01:00,53.64160977520919
2031-02-23 01:00:00+01:00,53.802425768680095
2031-02-23 02:00:00+01:00,54.51461088262265
2031-02-23 03:00:00+01:00,52.676713814383795
2031-02-23 04:00:00+01:00,52.58481896097185
2031-02-23 05:00:00+01:00,54.67542687609354
2031-02-23 06:00:00+01:00,55.29571713662415
2031-02-23 07:00:00+01:00,64.6345316146128
2031-02-23 08:00:00+01:00,66.23120469264529
2031-02-23 09:00:00+01:00,57.076179921480545
2031-02-23 10:00:00+01:00,53.87134690873904
2031-02-23 11:00:00+01:00,54.2733868924163
2031-02-23 12:00:00+01:00,52.84901666453119
2031-02-23 13:00:00+01:00,52.75712181111925
2031-02-23 14:00:00+01:00,52.80306923782521
2031-02-23 15:00:00+01:00,53.87134690873904
2031-02-23 16:00:00+01:00,56.52481080100888
2031-02-23 17:00:00+01:00,70.2171439593883
2031-02-23 18:00:00+01:00,77.64914022907915
2031-02-23 19:00:00+01:00,77.29304767210787
2031-02-23 20:00:00+01:00,70.06781482259389
2031-02-23 21:00:00+01:00,67.41435093032405
2031-02-23 22:00:00+01:00,64.49668933449489
2031-02-23 23:00:00+01:00,61.602001452018705
2031-02-24 00:00:00+01:00,62.30269970928475
2031-02-24 01:00:00+01:00,57.6045753285992
2031-02-24 02:00:00+01:00,54.56055830932861
2031-02-24 03:00:00+01:00,53.733504628621134
2031-02-24 04:00:00+01:00,54.02067604553345
2031-02-24 05:00:00+01:00,55.490993700124534
2031-02-24 06:00:00+01:00,62.222291712549314
2031-02-24 07:00:00+01:00,68.18397032764908
2031-02-24 08:00:00+01:00,67.70152234723638
2031-02-24 09:00:00+01:00,56.811982217921205
2031-02-24 10:00:00+01:00,51.90709441705879
2031-02-24 11:00:00+01:00,48.47252427078743
2031-02-24 12:00:00+01:00,42.901398782688425
2031-02-24 13:00:00+01:00,32.45984606375647
2031-02-24 14:00:00+01:00,48.92051168117065
2031-02-24 15:00:00+01:00,50.919224742880395
2031-02-24 16:00:00+01:00,57.54714104521675
2031-02-24 17:00:00+01:00,71.9861198875682
2031-02-24 18:00:00+01:00,81.78440863261656
2031-02-24 19:00:00+01:00,78.41875962640415
2031-02-24 20:00:00+01:00,70.95230278668383
2031-02-24 21:00:00+01:00,62.13039685913738
2031-02-24 22:00:00+01:00,62.11891000246087
2031-02-24 23:00:00+01:00,56.60521879774433
2031-02-25 00:00:00+01:00,57.673496468658165
2031-02-25 01:00:00+01:00,56.214665670743585
2031-02-25 02:00:00+01:00,53.57268863515023
2031-02-25 03:00:00+01:00,52.96388523129612
2031-02-25 04:00:00+01:00,52.53887153426588
2031-02-25 05:00:00+01:00,53.15916179479649
2031-02-25 06:00:00+01:00,53.96324176215099
2031-02-25 07:00:00+01:00,55.146387999829756
2031-02-25 08:00:00+01:00,55.732217690330884
2031-02-25 09:00:00+01:00,53.12470122476701
2031-02-25 10:00:00+01:00,51.769252136940864
2031-02-25 11:00:00+01:00,43.67101818001344
2031-02-25 12:00:00+01:00,38.22624811535585
2031-02-25 13:00:00+01:00,33.01121518422812
2031-02-25 14:00:00+01:00,38.099892691914434
2031-02-25 15:00:00+01:00,49.67864422181917
2031-02-25 16:00:00+01:00,63.43989852025755
2031-02-25 17:00:00+01:00,71.53813247718497
2031-02-25 18:00:00+01:00,73.46792439883578
2031-02-25 19:00:00+01:00,75.501098030575
2031-02-25 20:00:00+01:00,69.73469597897561
2031-02-25 21:00:00+01:00,64.79534760808369
2031-02-25 22:00:00+01:00,63.382464236875094
2031-02-25 23:00:00+01:00,59.637748960338435
2031-02-26 00:00:00+01:00,57.12212734818651
2031-02-26 01:00:00+01:00,55.490993700124534
2031-02-26 02:00:00+01:00,54.20446575235734
2031-02-26 03:00:00+01:00,53.423359498355836
2031-02-26 04:00:00+01:00,54.365281745828234
2031-02-26 05:00:00+01:00,57.31740391168688
2031-02-26 06:00:00+01:00,70.29755195612375
2031-02-26 07:00:00+01:00,80.85397324182064
2031-02-26 08:00:00+01:00,83.63379255753189
2031-02-26 09:00:00+01:00,75.15649233028022
2031-02-26 10:00:00+01:00,68.9421028682976
2031-02-26 11:00:00+01:00,64.61155790125981
2031-02-26 12:00:00+01:00,64.25546534428854
2031-02-26 13:00:00+01:00,63.784504220552336
2031-02-26 14:00:00+01:00,63.818964790581816
2031-02-26 15:00:00+01:00,64.97913731490759
2031-02-26 16:00:00+01:00,68.72385259144423
2031-02-26 17:00:00+01:00,78.23496991958028
2031-02-26 18:00:00+01:00,85.49466333912373
2031-02-26 19:00:00+01:00,80.04989327446613
2031-02-26 20:00:00+01:00,72.26180444780401
2031-02-26 21:00:00+01:00,67.16164008344121
2031-02-26 22:00:00+01:00,66.0933624125274
2031-02-26 23:00:00+01:00,63.083805963286274
2031-02-27 00:00:00+01:00,61.09657975825302
2031-02-27 01:00:00+01:00,56.352507950861494
2031-02-27 02:00:00+01:00,55.90452054047827
2031-02-27 03:00:00+01:00,54.89367715294691
2031-02-27 04:00:00+01:00,56.46737651762642
2031-02-27 05:00:00+01:00,63.63517508375793
2031-02-27 06:00:00+01:00,73.04291070180554
2031-02-27 07:00:00+01:00,88.07920609133461
2031-02-27 08:00:00+01:00,94.3280561233467
2031-02-27 09:00:00+01:00,78.56808876319857
2031-02-27 10:00:00+01:00,73.20372669527643
2031-02-27 11:00:00+01:00,70.83743421991892
2031-02-27 12:00:00+01:00,67.21907436682368
2031-02-27 13:00:00+01:00,66.77108695644046
2031-02-27 14:00:00+01:00,67.52921949708899
2031-02-27 15:00:00+01:00,70.33201252615324
2031-02-27 16:00:00+01:00,82.6459228833535
2031-02-27 17:00:00+01:00,100.6917747221237
2031-02-27 18:00:00+01:00,117.31325633300878
2031-02-27 19:00:00+01:00,110.82318231079036
2031-02-27 20:00:00+01:00,88.98666776877754
2031-02-27 21:00:00+01:00,75.71934830742835
2031-02-27 22:00:00+01:00,72.56046272139284
2031-02-27 23:00:00+01:00,67.55219321044197
2031-02-28 00:00:00+01:00,67.11569265673525
2031-02-28 01:00:00+01:00,65.33522987187885
2031-02-28 02:00:00+01:00,64.00275449740569
2031-02-28 03:00:00+01:00,62.222291712549314
2031-02-28 04:00:00+01:00,62.15337057249035
2031-02-28 05:00:00+01:00,66.24269154932179
2031-02-28 06:00:00+01:00,74.40984664630817
2031-02-28 07:00:00+01:00,101.59923639956664
2031-02-28 08:00:00+01:00,105.47030709954471
2031-02-28 09:00:00+01:00,84.50679366494535
2031-02-28 10:00:00+01:00,74.31795179289624
2031-02-28 11:00:00+01:00,68.9421028682976
2031-02-28 12:00:00+01:00,66.42648125614568
2031-02-28 13:00:00+01:00,66.90892923655838
2031-02-28 14:00:00+01:00,67.57516692379495
2031-02-28 15:00:00+01:00,69.73469597897561
2031-02-28 16:00:00+01:00,73.5598192522477
2031-02-28 17:00:00+01:00,83.20877886050165
2031-02-28 18:00:00+01:00,94.87942524381836
2031-02-28 19:00:00+01:00,83.08242343706024
2031-02-28 20:00:00+01:00,73.16926612524695
2031-02-28 21:00:00+01:00,66.34607325941023
2031-02-28 22:00:00+01:00,65.03657159829005
2031-02-28 23:00:00+01:00,62.13039685913738
2031-03-01 00:00:00+01:00,62.624331696226555
2031-03-01 01:00:00+01:00,62.13039685913738
2031-03-01 02:00:00+01:00,62.10742314578438
2031-03-01 03:00:00+01:00,62.34864713599073
2031-03-01 04:00:00+01:00,62.21080485587282
2031-03-01 05:00:00+01:00,62.21080485587282
2031-03-01 06:00:00+01:00,73.59427982227719
2031-03-01 07:00:00+01:00,81.66954006585163
2031-03-01 08:00:00+01:00,81.85332977267551
2031-03-01 09:00:00+01:00,77.32750824213736
2031-03-01 10:00:00+01:00,71.31988220033162
2031-03-01 11:00:00+01:00,70.18268338935883
2031-03-01 12:00:00+01:00,69.04548457838604
2031-03-01 13:00:00+01:00,68.97656343832708
2031-03-01 14:00:00+01:00,68.93061601162111
2031-03-01 15:00:00+01:00,70.33201252615324
2031-03-01 16:00:00+01:00,78.3498384863452
2031-03-01 17:00:00+01:00,90.20427457648577
2031-03-01 18:00:00+01:00,97.37207314261727
2031-03-01 19:00:00+01:00,87.34404726403908
2031-03-01 20:00:00+01:00,76.55788884481234
2031-03-01 21:00:00+01:00,69.1029188617685
2031-03-01 22:00:00+01:00,68.75831316147371
2031-03-01 23:00:00+01:00,63.09529281996277
2031-03-02 00:00:00+01:00,64.312899627671
2031-03-02 01:00:00+01:00,62.90001625646239
2031-03-02 02:00:00+01:00,62.371620849343714
2031-03-02 03:00:00+01:00,60.90130319475264
2031-03-02 04:00:00+01:00,60.99319804816459
2031-03-02 05:00:00+01:00,60.958737478135106
2031-03-02 06:00:00+01:00,61.65943573540116
2031-03-02 07:00:00+01:00,62.256752282578795
2031-03-02 08:00:00+01:00,63.64666194043441
2031-03-02 09:00:00+01:00,61.188474611664965
2031-03-02 10:00:00+01:00,60.729000344605254
2031-03-02 11:00:00+01:00,57.891746745511526
2031-03-02 12:00:00+01:00,51.7118178535584
2031-03-02 13:00:00+01:00,49.44890708828932
2031-03-02 14:00:00+01:00,55.33017770665363
2031-03-02 15:00:00+01:00,63.02637167990381
2031-03-02 16:00:00+01:00,70.91784221665435
2031-03-02 17:00:00+01:00,80.2911172646725
2031-03-02 18:00:00+01:00,83.35810799729607
2031-03-02 19:00:00+01:00,81.62359263914566
2031-03-02 20:00:00+01:00,73.66320096233613
2031-03-02 21:00:00+01:00,70.2171439593883
2031-03-02 22:00:00+01:00,67.74746977394236
2031-03-02 23:00:00+01:00,62.84258197307993
2031-03-03 00:00:00+01:00,65.03657159829005
2031-03-03 01:00:00+01:00,63.979780784052714
2031-03-03 02:00:00+01:00,57.639035898628684
2031-03-03 03:00:00+01:00,57.11064049151001
2031-03-03 04:00:00+01:00,55.111927429800275
2031-03-03 05:00:00+01:00,56.44440280427344
2031-03-03 06:00:00+01:00,57.94918102889399
2031-03-03 07:00:00+01:00,58.44311586598319
2031-03-03 08:00:00+01:00,58.960024416425355
2031-03-03 09:00:00+01:00,60.981711191488095
2031-03-03 10:00:00+01:00,56.168718244037606
2031-03-03 11:00:00+01:00,53.538228065120755
2031-03-03 12:00:00+01:00,49.54080194170126
2031-03-03 13:00:00+01:00,45.06092783786907
2031-03-03 14:00:00+01:00,48.943485394523634
2031-03-03 15:00:00+01:00,54.41122917253421
2031-03-03 16:00:00+01:00,65.09400588167252
2031-03-03 17:00:00+01:00,76.85654711840114
2031-03-03 18:00:00+01:00,88.64206206848276
2031-03-03 19:00:00+01:00,89.3772208957783
2031-03-03 20:00:00+01:00,83.33513428394308
2031-03-03 21:00:00+01:00,78.38429905637467
2031-03-03 22:00:00+01:00,78.00523278605041
2031-03-03 23:00:00+01:00,74.88080777004437
2031-03-04 00:00:00+01:00,65.62240128879118
2031-03-04 01:00:00+01:00,63.88788593064077
2031-03-04 02:00:00+01:00,63.47435909028703
2031-03-04 03:00:00+01:00,63.784504220552336
2031-03-04 04:00:00+01:00,64.84129503478968
2031-03-04 05:00:00+01:00,68.68939202141476
2031-03-04 06:00:00+01:00,81.93373776941095
2031-03-04 07:00:00+01:00,100.42757701856438
2031-03-04 08:00:00+01:00,109.42178579625823
2031-03-04 09:00:00+01:00,91.82392136787125
2031-03-04 10:00:00+01:00,79.24581330711163
2031-03-04 11:00:00+01:00,77.68360079910862
2031-03-04 12:00:00+01:00,73.44495068548278
2031-03-04 13:00:00+01:00,73.38751640210032
2031-03-04 14:00:00+01:00,73.65171410565965
2031-03-04 15:00:00+01:00,74.24903065283728
2031-03-04 16:00:00+01:00,84.11624053794459
2031-03-04 17:00:00+01:00,98.61265366367851
2031-03-04 18:00:00+01:00,107.7217310081373
2031-03-04 19:00:00+01:00,104.53987170874879
2031-03-04 20:00:00+01:00,84.80545193853416
2031-03-04 21:00:00+01:00,79.36068187387657
2031-03-04 22:00:00+01:00,78.14307506616834
2031-03-04 23:00:00+01:00,72.50302843801038
2031-03-05 00:00:00+01:00,64.80683446476019
2031-03-05 01:00:00+01:00,68.82723430153267
2031-03-05 02:00:00+01:00,68.88466858491513
2031-03-05 03:00:00+01:00,68.87318172823865
2031-03-05 04:00:00+01:00,69.1258925751215
2031-03-05 05:00:00+01:00,69.17184000182745
2031-03-05 06:00:00+01:00,75.7997563041638
2031-03-05 07:00:00+01:00,86.0115718895659
2031-03-05 08:00:00+01:00,91.05430197054623
2031-03-05 09:00:00+01:00,83.87501654773824
2031-03-05 10:00:00+01:00,79.38365558722955
2031-03-05 11:00:00+01:00,77.90185107596199
2031-03-05 12:00:00+01:00,76.16733571781157
2031-03-05 13:00:00+01:00,76.05246715104666
2031-03-05 14:00:00+01:00,76.5923494148418
2031-03-05 15:00:00+01:00,74.88080777004437
2031-03-05 16:00:00+01:00,78.71741789999298
2031-03-05 17:00:00+01:00,87.09133641715623
2031-03-05 18:00:00+01:00,107.8595732882552
2031-03-05 19:00:00+01:00,109.89274691999444
2031-03-05 20:00:00+01:00,90.43401171001564
2031-03-05 21:00:00+01:00,78.16604877952132
2031-03-05 22:00:00+01:00,75.34028203710409
2031-03-05 23:00:00+01:00,72.77871299824619
2031-03-06 00:00:00+01:00,74.3868729329552
2031-03-06 01:00:00+01:00,73.82401695580704
2031-03-06 02:00:00+01:00,73.05439755848204
2031-03-06 03:00:00+01:00,74.2260569394843
2031-03-06 04:00:00+01:00,72.50302843801038
2031-03-06 05:00:00+01:00,74.27200436619026
2031-03-06 06:00:00+01:00,86.85011242694988
2031-03-06 07:00:00+01:00,105.9757287933104
2031-03-06 08:00:00+01:00,117.97949402024537
2031-03-06 09:00:00+01:00,94.36251669337616
2031-03-06 10:00:00+01:00,83.24323943053113
2031-03-06 11:00:00+01:00,80.41747268811392
2031-03-06 12:00:00+01:00,79.08499731364076
2031-03-06 13:00:00+01:00,79.02756303025828
2031-03-06 14:00:00+01:00,78.29240420296273
2031-03-06 15:00:00+01:00,81.09519723202699
2031-03-06 16:00:00+01:00,84.7595045118282
2031-03-06 17:00:00+01:00,101.47288097612521
2031-03-06 18:00:00+01:00,128.12238846558853
2031-03-06 19:00:00+01:00,125.6067668534366
2031-03-06 20:00:00+01:00,101.54180211618417
2031-03-06 21:00:00+01:00,86.0115718895659
2031-03-06 22:00:00+01:00,80.79653895843818
2031-03-06 23:00:00+01:00,78.24645677625678
2031-03-07 00:00:00+01:00,77.16669224866645
2031-03-07 01:00:00+01:00,76.12138829110559
2031-03-07 02:00:00+01:00,76.24774371454701
2031-03-07 03:00:00+01:00,76.13287514778209
2031-03-07 04:00:00+01:00,76.25923057122351
2031-03-07 05:00:00+01:00,78.29240420296273
2031-03-07 06:00:00+01:00,84.70207022844572
2031-03-07 07:00:00+01:00,100.08297131826957
2031-03-07 08:00:00+01:00,97.99236340314789
2031-03-07 09:00:00+01:00,84.47233309491587
2031-03-07 10:00:00+01:00,77.2585871020784
2031-03-07 11:00:00+01:00,76.29369114125299
2031-03-07 12:00:00+01:00,74.90378148339737
2031-03-07 13:00:00+01:00,74.5247152130731
2031-03-07 14:00:00+01:00,70.59621022971257
2031-03-07 15:00:00+01:00,76.01800658101718
2031-03-07 16:00:00+01:00,77.22412653204891
2031-03-07 17:00:00+01:00,84.25408281806251
2031-03-07 18:00:00+01:00,92.18001392484254
2031-03-07 19:00:00+01:00,92.27190877825447
2031-03-07 20:00:00+01:00,83.35810799729607
2031-03-07 21:00:00+01:00,78.95864189019932
2031-03-07 22:00:00+01:00,78.37281219969819
2031-03-07 23:00:00+01:00,77.35048195549034
2031-03-08 00:00:00+01:00,76.08692772107612
2031-03-08 01:00:00+01:00,76.97141568516608
2031-03-08 02:00:00+01:00,77.06331053857801
2031-03-08 03:00:00+01:00,75.29433461039811
2031-03-08 04:00:00+01:00,75.24838718369216
2031-03-08 05:00:00+01:00,74.96121576677983
2031-03-08 06:00:00+01:00,79.87759042431875
2031-03-08 07:00:00+01:00,89.31978661239583
2031-03-08 08:00:00+01:00,84.09326682459161
2031-03-08 09:00:00+01:00,76.2822042845765
2031-03-08 10:00:00+01:00,76.23625685787053
2031-03-08 11:00:00+01:00,75.44366374719253
2031-03-08 12:00:00+01:00,73.23818726530591
2031-03-08 13:00:00+01:00,73.22670040862941
2031-03-08 14:00:00+01:00,73.19223983859993
2031-03-08 15:00:00+01:00,73.22670040862941
2031-03-08 16:00:00+01:00,75.29433461039811
2031-03-08 17:00:00+01:00,81.45128978899825
2031-03-08 18:00:00+01:00,81.96819833944043
2031-03-08 19:00:00+01:00,81.40534236229229
2031-03-08 20:00:00+01:00,78.06266706943289
2031-03-08 21:00:00+01:00,73.12331869854097
2031-03-08 22:00:00+01:00,73.23818726530591
2031-03-08 23:00:00+01:00,69.18332685850396
2031-03-09 00:00:00+01:00,74.47876778636713
2031-03-09 01:00:00+01:00,75.84570373086977
2031-03-09 02:00:00+01:00,74.99567633680931
2031-03-09 03:00:00+01:00,74.50174149972011
2031-03-09 04:00:00+01:00,73.2496741219824
2031-03-09 05:00:00+01:00,73.52535868221824
2031-03-09 06:00:00+01:00,74.42133350298467
2031-03-09 07:00:00+01:00,74.42133350298467
2031-03-09 08:00:00+01:00,70.28606509944726
2031-03-09 09:00:00+01:00,70.8718947899484
2031-03-09 10:00:00+01:00,70.84892107659542
2031-03-09 11:00:00+01:00,69.53941941547524
2031-03-09 12:00:00+01:00,64.86426874814265
2031-03-09 13:00:00+01:00,61.981067722342964
2031-03-09 14:00:00+01:00,70.30903881280025
2031-03-09 15:00:00+01:00,70.35498623950622
2031-03-09 16:00:00+01:00,71.69894847065588
2031-03-09 17:00:00+01:00,72.05504102762715
2031-03-09 18:00:00+01:00,78.18902249287432
2031-03-09 19:00:00+01:00,76.22477000119403
2031-03-09 20:00:00+01:00,75.9605722976347
2031-03-09 21:00:00+01:00,75.1679791869567
2031-03-09 22:00:00+01:00,75.40920317716305
2031-03-09 23:00:00+01:00,72.08950159765664
2031-03-10 00:00:00+01:00,72.39964672792193
2031-03-10 01:00:00+01:00,64.80683446476019
2031-03-10 02:00:00+01:00,64.00275449740569
2031-03-10 03:00:00+01:00,60.03978894401568
2031-03-10 04:00:00+01:00,62.245265425902296
2031-03-10 05:00:00+01:00,59.02894555648432
2031-03-10 06:00:00+01:00,58.39716843927721
2031-03-10 07:00:00+01:00,61.154014041635484
2031-03-10 08:00:00+01:00,70.76851307985996
2031-03-10 09:00:00+01:00,72.65235757480477
2031-03-10 10:00:00+01:00,73.96185923592495
2031-03-10 11:00:00+01:00,72.60641014809882
2031-03-10 12:00:00+01:00,72.41113358459843
2031-03-10 13:00:00+01:00,70.73405250983048
2031-03-10 14:00:00+01:00,69.36711656532783
2031-03-10 15:00:00+01:00,66.92041609323488
2031-03-10 16:00:00+01:00,72.34221244453947
2031-03-10 17:00:00+01:00,72.6293838614518
2031-03-10 18:00:00+01:00,76.05246715104666
2031-03-10 19:00:00+01:00,76.86803397507764
2031-03-10 20:00:00+01:00,76.39707285134143
2031-03-10 21:00:00+01:00,75.15649233028022
2031-03-10 22:00:00+01:00,75.28284775372163
2031-03-10 23:00:00+01:00,72.6293838614518
2031-03-11 00:00:00+01:00,70.95230278668383
2031-03-11 01:00:00+01:00,66.84000809649942
2031-03-11 02:00:00+01:00,66.8859555232054
2031-03-11 03:00:00+01:00,67.97720690747221
2031-03-11 04:00:00+01:00,70.8604079332719
2031-03-11 05:00:00+01:00,73.51387182554174
2031-03-11 06:00:00+01:00,75.59299288398694
2031-03-11 07:00:00+01:00,88.87179920201261
2031-03-11 08:00:00+01:00,94.28210869664072
2031-03-11 09:00:00+01:00,88.56165407174731
2031-03-11 10:00:00+01:00,86.45955929994912
2031-03-11 11:00:00+01:00,84.93180736197557
2031-03-11 12:00:00+01:00,76.86803397507764
2031-03-11 13:00:00+01:00,76.85654711840114
2031-03-11 14:00:00+01:00,76.95992882848958
2031-03-11 15:00:00+01:00,81.89927719938147
2031-03-11 16:00:00+01:00,81.64656635249864
2031-03-11 17:00:00+01:00,95.64904464114335
2031-03-11 18:00:00+01:00,132.7630785628916
2031-03-11 19:00:00+01:00,143.73302668894223
2031-03-11 20:00:00+01:00,113.10906678941242
2031-03-11 21:00:00+01:00,84.65612280173976
2031-03-11 22:00:00+01:00,77.06331053857801
2031-03-11 23:00:00+01:00,75.70786145075185
2031-03-12 00:00:00+01:00,71.76786961071484
2031-03-12 01:00:00+01:00,70.74553936650697
2031-03-12 02:00:00+01:00,70.05632796591739
2031-03-12 03:00:00+01:00,69.88402511577002
2031-03-12 04:00:00+01:00,70.34349938282972
2031-03-12 05:00:00+01:00,72.60641014809882
2031-03-12 06:00:00+01:00,81.74994806258708
2031-03-12 07:00:00+01:00,102.34588208353867
2031-03-12 08:00:00+01:00,103.83917345148274
2031-03-12 09:00:00+01:00,88.55016721507081
2031-03-12 10:00:00+01:00,80.95735495190907
2031-03-12 11:00:00+01:00,76.62680998487129
2031-03-12 12:00:00+01:00,74.89229462672087
2031-03-12 13:00:00+01:00,75.70786145075185
2031-03-12 14:00:00+01:00,74.83486034333842
2031-03-12 15:00:00+01:00,77.20115281869593
2031-03-12 16:00:00+01:00,85.90819017947747
2031-03-12 17:00:00+01:00,109.12312752266942
2031-03-12 18:00:00+01:00,132.75159170621512
2031-03-12 19:00:00+01:00,121.21878760301634
2031-03-12 20:00:00+01:00,91.82392136787125
2031-03-12 21:00:00+01:00,80.38301211808444
2031-03-12 22:00:00+01:00,77.28156081543138
2031-03-12 23:00:00+01:00,71.44623762377303
2031-03-13 00:00:00+01:00,64.37033391105348
2031-03-13 01:00:00+01:00,67.09271894338225
2031-03-13 02:00:00+01:00,66.90892923655838
2031-03-13 03:00:00+01:00,65.73726985555611
2031-03-13 04:00:00+01:00,66.30012583270425
2031-03-13 05:00:00+01:00,67.75895663061884
2031-03-13 06:00:00+01:00,72.67533128815775
2031-03-13 07:00:00+01:00,85.41425534238827
2031-03-13 08:00:00+01:00,86.45955929994912
2031-03-13 09:00:00+01:00,77.99374592937393
2031-03-13 10:00:00+01:00,72.07801474098014
2031-03-13 11:00:00+01:00,71.27393477362564
2031-03-13 12:00:00+01:00,69.18332685850396
2031-03-13 13:00:00+01:00,69.56239312882822
2031-03-13 14:00:00+01:00,69.89551197244651
2031-03-13 15:00:00+01:00,70.89486850330138
2031-03-13 16:00:00+01:00,72.10098845433312
2031-03-13 17:00:00+01:00,86.72375700350845
2031-03-13 18:00:00+01:00,96.8666514488516
2031-03-13 19:00:00+01:00,92.46718534175486
2031-03-13 20:00:00+01:00,80.37152526140794
2031-03-13 21:00:00+01:00,71.71043532733238
2031-03-13 22:00:00+01:00,70.35498623950622
2031-03-13 23:00:00+01:00,68.79277373150319
2031-03-14 00:00:00+01:00,69.13737943179797
2031-03-14 01:00:00+01:00,68.54006288462035
2031-03-14 02:00:00+01:00,68.04612804753116
2031-03-14 03:00:00+01:00,67.42583778700055
2031-03-14 04:00:00+01:00,67.43732464367704
2031-03-14 05:00:00+01:00,69.14886628847448
2031-03-14 06:00:00+01:00,78.2005093495508
2031-03-14 07:00:00+01:00,92.11109278478358
2031-03-14 08:00:00+01:00,88.56165407174731
2031-03-14 09:00:00+01:00,70.57323651635957
2031-03-14 10:00:00+01:00,69.95294625582898
2031-03-14 11:00:00+01:00,69.9184856857995
2031-03-14 12:00:00+01:00,66.0933624125274
2031-03-14 13:00:00+01:00,64.82980817811317
2031-03-14 14:00:00+01:00,67.28799550688264
2031-03-14 15:00:00+01:00,70.06781482259389
2031-03-14 16:00:00+01:00,72.6293838614518
2031-03-14 17:00:00+01:00,88.96369405542455
2031-03-14 18:00:00+01:00,103.10401462418719
2031-03-14 19:00:00+01:00,96.16595319158554
2031-03-14 20:00:00+01:00,78.5336281931691
2031-03-14 21:00:00+01:00,72.05504102762715
2031-03-14 22:00:00+01:00,72.03206731427417
2031-03-14 23:00:00+01:00,70.06781482259389
2031-03-15 00:00:00+01:00,68.19545718432558
2031-03-15 01:00:00+01:00,68.1724834709726
2031-03-15 02:00:00+01:00,68.13802290094311
2031-03-15 03:00:00+01:00,68.06910176088415
2031-03-15 04:00:00+01:00,68.05761490420765
2031-03-15 05:00:00+01:00,68.88466858491513
2031-03-15 06:00:00+01:00,71.37731648371407
2031-03-15 07:00:00+01:00,72.64087071812827
2031-03-15 08:00:00+01:00,72.44559415462791
2031-03-15 09:00:00+01:00,71.48069819380251
2031-03-15 10:00:00+01:00,71.50367190715549
2031-03-15 11:00:00+01:00,71.79084332406781
2031-03-15 12:00:00+01:00,71.76786961071484
2031-03-15 13:00:00+01:00,71.50367190715549
2031-03-15 14:00:00+01:00,71.45772448044953
2031-03-15 15:00:00+01:00,71.45772448044953
2031-03-15 16:00:00+01:00,71.13609249350773
2031-03-15 17:00:00+01:00,76.37409913798844
2031-03-15 18:00:00+01:00,83.22026571717815
2031-03-15 19:00:00+01:00,78.71741789999298
2031-03-15 20:00:00+01:00,73.15777926857045
2031-03-15 21:00:00+01:00,69.16035314515098
2031-03-15 22:00:00+01:00,68.11504918759012
2031-03-15 23:00:00+01:00,67.6670617772069
2031-03-16 00:00:00+01:00,71.35434277036109
2031-03-16 01:00:00+01:00,70.66513136977152
2031-03-16 02:00:00+01:00,70.26309138609427
2031-03-16 03:00:00+01:00,68.82723430153267
2031-03-16 04:00:00+01:00,67.77044348729534
2031-03-16 05:00:00+01:00,67.78193034397184
2031-03-16 06:00:00+01:00,68.00018062082519
2031-03-16 07:00:00+01:00,67.6900354905599
2031-03-16 08:00:00+01:00,67.57516692379495
2031-03-16 09:00:00+01:00,67.6670617772069
2031-03-16 10:00:00+01:00,67.3454297902651
2031-03-16 11:00:00+01:00,65.128466451702
2031-03-16 12:00:00+01:00,53.03280637135507
2031-03-16 13:00:00+01:00,42.729095932541036
2031-03-16 14:00:00+01:00,57.16807477489248
2031-03-16 15:00:00+01:00,65.78321728226207
2031-03-16 16:00:00+01:00,69.04548457838604
2031-03-16 17:00:00+01:00,72.51451529468686
2031-03-16 18:00:00+01:00,78.93566817684633
2031-03-16 19:00:00+01:00,82.30131718305873
2031-03-16 20:00:00+01:00,74.89229462672087
2031-03-16 21:00:00+01:00,72.12396216768612
2031-03-16 22:00:00+01:00,71.40029019706705
2031-03-16 23:00:00+01:00,67.89679891073675
2031-03-17 00:00:00+01:00,66.31161268938075
2031-03-17 01:00:00+01:00,63.485845946963515
2031-03-17 02:00:00+01:00,59.189761549955215
2031-03-17 03:00:00+01:00,55.59437541021296
2031-03-17 04:00:00+01:00,52.492924107559915
2031-03-17 05:00:00+01:00,52.05642355385318
2031-03-17 06:00:00+01:00,58.85664270633693
2031-03-17 07:00:00+01:00,56.27209995412605
2031-03-17 08:00:00+01:00,48.552932267522884
2031-03-17 09:00:00+01:00,39.60467091653499
2031-03-17 10:00:00+01:00,34.06800599846546
2031-03-17 11:00:00+01:00,33.94165057502404
2031-03-17 12:00:00+01:00,34.033545428435986
2031-03-17 13:00:00+01:00,29.576645037956773
2031-03-17 14:00:00+01:00,35.032901959290854
2031-03-17 15:00:00+01:00,49.37998594823036
2031-03-17 16:00:00+01:00,67.1961006534707
2031-03-17 17:00:00+01:00,81.87630348602849
2031-03-17 18:00:00+01:00,88.81436491863015
2031-03-17 19:00:00+01:00,90.22724828983876
2031-03-17 20:00:00+01:00,82.45064631985313
2031-03-17 21:00:00+01:00,74.2145700828078
2031-03-17 22:00:00+01:00,71.89422503415625
2031-03-17 23:00:00+01:00,67.25353493685316
2031-03-18 00:00:00+01:00,66.89744237988188
2031-03-18 01:00:00+01:00,64.70345275467176
2031-03-18 02:00:00+01:00,61.165500898311976
2031-03-18 03:00:00+01:00,57.696470182011154
2031-03-18 04:00:00+01:00,64.70345275467176
2031-03-18 05:00:00+01:00,68.66641830806178
2031-03-18 06:00:00+01:00,79.71677443084785
2031-03-18 07:00:00+01:00,92.74286990199067
2031-03-18 08:00:00+01:00,91.67459223107686
2031-03-18 09:00:00+01:00,82.68038345338299
2031-03-18 10:00:00+01:00,77.10925796528397
2031-03-18 11:00:00+01:00,76.52342827478286
2031-03-18 12:00:00+01:00,73.99631980595443
2031-03-18 13:00:00+01:00,73.16926612524695
2031-03-18 14:00:00+01:00,72.65235757480477
2031-03-18 15:00:00+01:00,74.80039977330894
2031-03-18 16:00:00+01:00,86.24130902309575
2031-03-18 17:00:00+01:00,106.96359846748878
2031-03-18 18:00:00+01:00,141.38970792693766
2031-03-18 19:00:00+01:00,132.82051284627406
2031-03-18 20:00:00+01:00,99.17550964082665
2031-03-18 21:00:00+01:00,83.10539715041324
2031-03-18 22:00:00+01:00,79.38365558722955
2031-03-18 23:00:00+01:00,74.40984664630817
2031-03-19 00:00:00+01:00,76.05246715104666
2031-03-19 01:00:00+01:00,74.01929351930741
2031-03-19 02:00:00+01:00,73.31859526204136
2031-03-19 03:00:00+01:00,72.06652788430364
2031-03-19 04:00:00+01:00,73.27264783533539
2031-03-19 05:00:00+01:00,77.13223167863697
2031-03-19 06:00:00+01:00,92.34082991831343
2031-03-19 07:00:00+01:00,105.82639965651597
2031-03-19 08:00:00+01:00,96.63691431532173
2031-03-19 09:00:00+01:00,80.79653895843818
2031-03-19 10:00:00+01:00,72.99696327509956
2031-03-19 11:00:00+01:00,71.64151418727342
2031-03-19 12:00:00+01:00,55.38761199003609
2031-03-19 13:00:00+01:00,58.5694712894246
2031-03-19 14:00:00+01:00,62.80812140305045
2031-03-19 15:00:00+01:00,72.60641014809882
2031-03-19 16:00:00+01:00,82.94458115694233
2031-03-19 17:00:00+01:00,113.9246336134434
2031-03-19 18:00:00+01:00,145.685792323946
2031-03-19 19:00:00+01:00,135.69222701539726
2031-03-19 20:00:00+01:00,111.68469656152732
2031-03-19 21:00:00+01:00,86.67780957680249
2031-03-19 22:00:00+01:00,83.93245083112072
2031-03-19 23:00:00+01:00,80.23368298129003
2031-03-20 00:00:00+01:00,78.39578591305117
2031-03-20 01:00:00+01:00,77.47683737893175
2031-03-20 02:00:00+01:00,77.21263967537242
2031-03-20 03:00:00+01:00,77.16669224866645
2031-03-20 04:00:00+01:00,77.2356133887254
2031-03-20 05:00:00+01:00,81.11817094537997
2031-03-20 06:00:00+01:00,105.78045222981001
2031-03-20 07:00:00+01:00,126.5142285308795
2031-03-20 08:00:00+01:00,110.94953773423177
2031-03-20 09:00:00+01:00,77.38494252551982
2031-03-20 10:00:00+01:00,73.892938095866
2031-03-20 11:00:00+01:00,70.48134166294763
2031-03-20 12:00:00+01:00,59.442472396838056
2031-03-20 13:00:00+01:00,62.49797627278514
2031-03-20 14:00:00+01:00,69.98740682585846
2031-03-20 15:00:00+01:00,77.21263967537242
2031-03-20 16:00:00+01:00,90.66374884354549
2031-03-20 17:00:00+01:00,118.01395459027484
2031-03-20 18:00:00+01:00,159.28623062891347
2031-03-20 19:00:00+01:00,157.55171527076305
2031-03-20 20:00:00+01:00,131.4880374718009
2031-03-20 21:00:00+01:00,99.9106684681222
2031-03-20 22:00:00+01:00,86.59740158006703
2031-03-20 23:00:00+01:00,79.76272185755381
2031-03-21 00:00:00+01:00,78.39578591305117
2031-03-21 01:00:00+01:00,76.74167855163621
2031-03-21 02:00:00+01:00,76.16733571781157
2031-03-21 03:00:00+01:00,72.27329130448051
2031-03-21 04:00:00+01:00,72.66384443148127
2031-03-21 05:00:00+01:00,76.73019169495971
2031-03-21 06:00:00+01:00,86.63186215009651
2031-03-21 07:00:00+01:00,102.4492637936271
2031-03-21 08:00:00+01:00,94.22467441325826
2031-03-21 09:00:00+01:00,78.60254933322805
2031-03-21 10:00:00+01:00,76.69573112493023
2031-03-21 11:00:00+01:00,75.38622946381005
2031-03-21 12:00:00+01:00,69.95294625582898
2031-03-21 13:00:00+01:00,68.98805029500357
2031-03-21 14:00:00+01:00,69.01102400835656
2031-03-21 15:00:00+01:00,74.98418948013281
2031-03-21 16:00:00+01:00,78.2119962062273
2031-03-21 17:00:00+01:00,99.55457591115092
2031-03-21 18:00:00+01:00,134.58948877445397
2031-03-21 19:00:00+01:00,134.75030476792486
2031-03-21 20:00:00+01:00,100.41609016188788
2031-03-21 21:00:00+01:00,80.64720982164377
2031-03-21 22:00:00+01:00,78.55660190652208
2031-03-21 23:00:00+01:00,76.85654711840114
2031-03-22 00:00:00+01:00,69.76915654900507
2031-03-22 01:00:00+01:00,69.96443311250546
2031-03-22 02:00:00+01:00,70.15970967600583
2031-03-22 03:00:00+01:00,69.6083405555342
2031-03-22 04:00:00+01:00,70.05632796591739
2031-03-22 05:00:00+01:00,72.29626501783349
2031-03-22 06:00:00+01:00,74.708504919897
2031-03-22 07:00:00+01:00,75.39771632048655
2031-03-22 08:00:00+01:00,75.25987404036863
2031-03-22 09:00:00+01:00,74.98418948013281
2031-03-22 10:00:00+01:00,72.26180444780401
2031-03-22 11:00:00+01:00,66.94338980658786
2031-03-22 12:00:00+01:00,64.20951791758257
2031-03-22 13:00:00+01:00,63.77301736387584
2031-03-22 14:00:00+01:00,61.02765861819407
2031-03-22 15:00:00+01:00,66.4149943994692
2031-03-22 16:00:00+01:00,70.49282851962414
2031-03-22 17:00:00+01:00,87.19471812724466
2031-03-22 18:00:00+01:00,120.954589899457
2031-03-22 19:00:00+01:00,118.63424485080546
2031-03-22 20:00:00+01:00,84.7480176551517
2031-03-22 21:00:00+01:00,76.97141568516608
2031-03-22 22:00:00+01:00,75.12203176025074
2031-03-22 23:00:00+01:00,73.13480555521747
2031-03-23 00:00:00+01:00,72.22734387777453
2031-03-23 01:00:00+01:00,71.9861198875682
2031-03-23 02:00:00+01:00,71.94017246086221
2031-03-23 03:00:00+01:00,68.75831316147371
2031-03-23 04:00:00+01:00,68.68939202141476
2031-03-23 05:00:00+01:00,70.20565710271181
2031-03-23 06:00:00+01:00,70.24011767274129
2031-03-23 07:00:00+01:00,71.95165931753871
2031-03-23 08:00:00+01:00,72.23883073445103
2031-03-23 09:00:00+01:00,69.35562970865134
2031-03-23 10:00:00+01:00,52.89496409123716
2031-03-23 11:00:00+01:00,32.264569500256094
2031-03-23 12:00:00+01:00,-18.12827073951783
2031-03-23 13:00:00+01:00,-24.687265901795215
2031-03-23 14:00:00+01:00,-22.01082829617239
2031-03-23 15:00:00+01:00,47.07112775625531
2031-03-23 16:00:00+01:00,64.14059677752361
2031-03-23 17:00:00+01:00,72.25031759112753
2031-03-23 18:00:00+01:00,73.88145123918952
2031-03-23 19:00:00+01:00,72.29626501783349
2031-03-23 20:00:00+01:00,72.04355417095066
2031-03-23 21:00:00+01:00,73.4334638288063
2031-03-23 22:00:00+01:00,71.96314617421521
2031-03-23 23:00:00+01:00,64.04870192411167
2031-03-24 00:00:00+01:00,12.587584013423921
2031-03-24 01:00:00+01:00,-1.1851571416909508
2031-03-24 02:00:00+01:00,4.1332574995252145
2031-03-24 03:00:00+01:00,2.1000838677859974
2031-03-24 04:00:00+01:00,1.755478167491205
2031-03-24 05:00:00+01:00,2.2608998612568882
2031-03-24 06:00:00+01:00,1.7784518808441874
2031-03-24 07:00:00+01:00,0.18177880281169223
2031-03-24 08:00:00+01:00,-11.385485870416545
2031-03-24 09:00:00+01:00,-13.947054909274442
2031-03-24 10:00:00+01:00,-13.522041212244204
2031-03-24 11:00:00+01:00,-12.292947547859484
2031-03-24 12:00:00+01:00,-14.843029730040882
2031-03-24 13:00:00+01:00,-19.047219273637253
2031-03-24 14:00:00+01:00,-18.438415869783128
2031-03-24 15:00:00+01:00,-12.591605821448297
2031-03-24 16:00:00+01:00,1.7325044541382368
2031-03-24 17:00:00+01:00,49.667157365142685
2031-03-24 18:00:00+01:00,72.08950159765664
2031-03-24 19:00:00+01:00,75.74232202078133
2031-03-24 20:00:00+01:00,74.81188662998541
2031-03-24 21:00:00+01:00,73.16926612524695
2031-03-24 22:00:00+01:00,73.70914838904211
2031-03-24 23:00:00+01:00,72.23883073445103
2031-03-25 00:00:00+01:00,59.68369638704441
2031-03-25 01:00:00+01:00,58.92556384639588
2031-03-25 02:00:00+01:00,58.982998129778345
2031-03-25 03:00:00+01:00,59.67220953036791
2031-03-25 04:00:00+01:00,65.78321728226207
2031-03-25 05:00:00+01:00,73.7321221023951
2031-03-25 06:00:00+01:00,82.39321203647067
2031-03-25 07:00:00+01:00,96.48758517852734
2031-03-25 08:00:00+01:00,91.38742081416453
2031-03-25 09:00:00+01:00,77.20115281869593
2031-03-25 10:00:00+01:00,65.34671672855535
2031-03-25 11:00:00+01:00,59.94789409060374
2031-03-25 12:00:00+01:00,57.50119361851077
2031-03-25 13:00:00+01:00,58.098510165688396
2031-03-25 14:00:00+01:00,58.982998129778345
2031-03-25 15:00:00+01:00,68.41370746117893
2031-03-25 16:00:00+01:00,77.09777110860749
2031-03-25 17:00:00+01:00,106.96359846748878
2031-03-25 18:00:00+01:00,151.34881266545696
2031-03-25 19:00:00+01:00,152.18735320284094
2031-03-25 20:00:00+01:00,108.70960068231568
2031-03-25 21:00:00+01:00,83.12837086376621
2031-03-25 22:00:00+01:00,80.11881441452509
2031-03-25 23:00:00+01:00,75.75380887745783
2031-03-26 00:00:00+01:00,80.56680182490831
2031-03-26 01:00:00+01:00,77.7180613691381
2031-03-26 02:00:00+01:00,75.77678259081081
2031-03-26 03:00:00+01:00,73.65171410565965
2031-03-26 04:00:00+01:00,73.66320096233613
2031-03-26 05:00:00+01:00,75.75380887745783
2031-03-26 06:00:00+01:00,81.58913206911618
2031-03-26 07:00:00+01:00,82.92160744358934
2031-03-26 08:00:00+01:00,78.84377332343439
2031-03-26 09:00:00+01:00,74.6970180632205
2031-03-26 10:00:00+01:00,71.43475076709653
2031-03-26 11:00:00+01:00,66.8859555232054
2031-03-26 12:00:00+01:00,59.626262103661944
2031-03-26 13:00:00+01:00,60.02830208733919
2031-03-26 14:00:00+01:00,60.21209179416307
2031-03-26 15:00:00+01:00,73.68617467568913
2031-03-26 16:00:00+01:00,75.47812431722201
2031-03-26 17:00:00+01:00,82.1979354729703
2031-03-26 18:00:00+01:00,100.78366957553564
2031-03-26 19:00:00+01:00,101.38098612271327
2031-03-26 20:00:00+01:00,82.10604061955836
2031-03-26 21:00:00+01:00,76.63829684154777
2031-03-26 22:00:00+01:00,76.9254682584601
2031-03-26 23:00:00+01:00,75.76529573413433
2031-03-27 00:00:00+01:00,81.66954006585163
2031-03-27 01:00:00+01:00,80.4519332581434
2031-03-27 02:00:00+01:00,80.54382811155533
2031-03-27 03:00:00+01:00,77.2471002454019
2031-03-27 04:00:00+01:00,77.09777110860749
2031-03-27 05:00:00+01:00,81.88779034270499
2031-03-27 06:00:00+01:00,86.68929643347897
2031-03-27 07:00:00+01:00,93.60438415272763
2031-03-27 08:00:00+01:00,85.89670332280097
2031-03-27 09:00:00+01:00,82.07158004952888
2031-03-27 10:00:00+01:00,82.06009319285238
2031-03-27 11:00:00+01:00,82.01414576614641
2031-03-27 12:00:00+01:00,81.66954006585163
2031-03-27 13:00:00+01:00,81.64656635249864
2031-03-27 14:00:00+01:00,81.31344750888036
2031-03-27 15:00:00+01:00,81.93373776941095
2031-03-27 16:00:00+01:00,87.64270553762788
2031-03-27 17:00:00+01:00,103.56348889124689
2031-03-27 18:00:00+01:00,130.89072092462328
2031-03-27 19:00:00+01:00,126.61761024096796
2031-03-27 20:00:00+01:00,95.62607092779038
2031-03-27 21:00:00+01:00,84.08177996791511
2031-03-27 22:00:00+01:00,82.0486063361759
2031-03-27 23:00:00+01:00,77.17817910534293
2031-03-28 00:00:00+01:00,73.97334609260145
2031-03-28 01:00:00+01:00,73.72063524571861
2031-03-28 02:00:00+01:00,70.41242052288868
2031-03-28 03:00:00+01:00,63.87639907396427
2031-03-28 04:00:00+01:00,69.25224799856291
2031-03-28 05:00:00+01:00,76.2822042845765
2031-03-28 06:00:00+01:00,85.50615019580022
2031-03-28 07:00:00+01:00,85.17303135218194
2031-03-28 08:00:00+01:00,81.85332977267551
2031-03-28 09:00:00+01:00,80.7505915317322
2031-03-28 10:00:00+01:00,79.44108987061202
2031-03-28 11:00:00+01:00,80.53234125487883
2031-03-28 12:00:00+01:00,73.915911809219
2031-03-28 13:00:00+01:00,72.284778161157
2031-03-28 14:00:00+01:00,72.23883073445103
2031-03-28 15:00:00+01:00,73.66320096233613
2031-03-28 16:00:00+01:00,74.99567633680931
2031-03-28 17:00:00+01:00,74.35241236292572
2031-03-28 18:00:00+01:00,81.30196065220386
2031-03-28 19:00:00+01:00,80.21070926793703
2031-03-28 20:00:00+01:00,76.27071742790001
2031-03-28 21:00:00+01:00,77.17817910534293
2031-03-28 22:00:00+01:00,76.95992882848958
2031-03-28 23:00:00+01:00,72.30775187450999
2031-03-29 00:00:00+01:00,71.45772448044953
2031-03-29 01:00:00+01:00,65.72578299887961
2031-03-29 02:00:00+01:00,61.326316891782874
2031-03-29 03:00:00+01:00,61.46415917190079
2031-03-29 04:00:00+01:00,60.87832948139965
2031-03-29 05:00:00+01:00,68.72385259144423
2031-03-29 06:00:00+01:00,59.430985540161565
2031-03-29 07:00:00+01:00,60.15465751078061
2031-03-29 08:00:00+01:00,59.71815695707389
2031-03-29 09:00:00+01:00,59.55734096360298
2031-03-29 10:00:00+01:00,59.235708976661186
2031-03-29 11:00:00+01:00,57.91472045886451
2031-03-29 12:00:00+01:00,58.23635244580632
2031-03-29 13:00:00+01:00,51.05706702299831
2031-03-29 14:00:00+01:00,52.5044109642364
2031-03-29 15:00:00+01:00,59.16678783660223
2031-03-29 16:00:00+01:00,59.87897295054478
2031-03-29 17:00:00+01:00,71.1935267768902
2031-03-29 18:00:00+01:00,85.2304656355644
2031-03-29 19:00:00+01:00,94.51184583017057
2031-03-29 20:00:00+01:00,84.72504394179872
2031-03-29 21:00:00+01:00,74.99567633680931
2031-03-29 22:00:00+01:00,72.04355417095066
2031-03-29 23:00:00+01:00,65.18590073508446
2031-03-30 00:00:00+01:00,59.660722673691424
2031-03-30 01:00:00+01:00,54.61799259271108
2031-03-30 02:00:00+01:00,50.907737886203904
2031-03-30 03:00:00+01:00,50.02324992211396
2031-03-30 04:00:00+01:00,51.79222585029385
2031-03-30 05:00:00+01:00,52.665226957707304
2031-03-30 06:00:00+01:00,48.89753796781766
2031-03-30 07:00:00+01:00,35.85995563999833
2031-03-30 08:00:00+01:00,31.322647252783682
2031-03-30 09:00:00+01:00,22.74196531544355
2031-03-30 10:00:00+01:00,11.174700642215313
2031-03-30 11:00:00+01:00,5.626548867469296
2031-03-30 12:00:00+01:00,-1.368946848514824
2031-03-30 13:00:00+01:00,-9.294877955294865
2031-03-30 14:00:00+01:00,1.6635833140792755
2031-03-30 15:00:00+01:00,17.722208947816213
2031-03-30 16:00:00+01:00,36.51470647055842
2031-03-30 17:00:00+01:00,70.19417024603531
2031-03-30 18:00:00+01:00,82.42767260650015
2031-03-30 19:00:00+01:00,84.20813539135654
2031-03-30 20:00:00+01:00,71.83679075077379
2031-03-30 21:00:00+01:00,64.18654420422958
2031-03-30 22:00:00+01:00,60.22357865083956
2031-03-30 23:00:00+01:00,55.16936171318274
2031-03-31 00:00:00+01:00,65.6109144321147
2031-03-31 01:00:00+01:00,58.052562738982424
,53.61863606185621
,53.951754905474495
,53.836886338709576
,55.16936171318274
,55.08895371644728
,54.99705886303534
,50.011763065437464
,33.608531731405755
,11.392950919068667
,-8.421876847881407
,-11.442920153799008
,-13.487580642214724
,-4.1257924508731065
,35.23966537946772
,55.27274342327117
,72.57194957806934
,72.23883073445103
,74.44430721633765
,74.30646493621974
,66.02444127246844
,60.912790051429134
,39.51277606312304
,34.665322545643086
,34.688296258996075
,34.26328256196583
,35.19371795276175
,38.306656112091304
,42.9473462093944
,43.154109629571266
,41.408107414744364
,37.61744471150173
,28.944867920749672
,20.15742256323267
,7.820538492679418
,-2.4372245194286677
,-17.037019355251005
,-16.761334795015188
,-13.613936065656148
,-2.724395936340983
,22.316951618413327
,42.84396449930596
,45.40553353816385
,38.77761723582751
,29.013789060808634
,19.226987172436765
,4.305560349672618
,1.3649250404904478
,-2.5520930861935938
,-5.630570675493644
,-0.7371697313077306
,15.79241702616541
,53.090240654737535
,70.67661822644801
,72.81317356827567
,65.96700698908597
,63.118266533315754
,54.7443480161525
,49.701617935172166
,49.93135506870202
,49.207683098082974
,54.02067604553345
,61.820251728872066
,70.60769708638905
,64.72642646802475
,82.06009319285238
,82.56551488661806
,73.88145123918952
,72.25031759112753
,66.35756011608672
,71.61854047392043
,71.59556676056744
,71.46921133712601
,71.92868560418573
,71.88273817747975
,74.03078037598391
,90.53739342010407
,123.91819892199214
,122.96478981784324
,91.84689508122425
,77.27007395875488
,75.08757119022125
,73.98483294927793
,73.81253009913056
,74.18010951277832
,73.81253009913056
,74.89229462672087
,76.69573112493023
,98.2910216767367
,117.71529631668604
,107.06698017757722
,75.12203176025074
,73.85847752583652
,70.67661822644801
,67.8508514840308
,66.80554752646994
,67.09271894338225
,66.86298180985241
,66.5758103929401
,68.52857602794386
,69.32116913862187
,75.55853231395746
,75.9720591543112
,69.30968228194537
,65.9095727057035
,63.88788593064077
,55.83559940041931
,53.986215475503975
,54.82475601288795
,53.04429322803156
,54.732861159476
,62.10742314578438
,71.36582962703757
,86.0230587462424
,80.01543270443665
,69.24076114188641
,68.04612804753116
,66.32309954605724
,53.72201777194464
,53.19362236482597
,53.15916179479649
,52.78009552447223
,53.354438358296875
,61.602001452018705
,76.07544086439964
,85.28789991894685
,80.62423610829077
,66.74811324308747
,54.813269156211454
,52.91793780459014
,48.12791857049264
,40.42023774056598
,29.73746103142767
,47.30086488978516
,50.31042133902628
,52.81455609450171
,65.31225615852587
,68.90764229826812
,66.85149495317592
,59.3735512567791
,57.225509058274945
,53.26254350488493
,47.944128863668766
,48.62185340758184
,48.33468199066951
,47.85223401025682
,47.82926029690383
,50.4367767624677
,52.89496409123716
,52.768608667795746
,50.321908195702775
,40.87971200762569
,-2.3683033793697064
,-18.817482140107387
,-32.257104451603965
,-72.61043195612316
,-68.70490068611562
,-35.03692376731523
,-15.130201146953212
,21.20272652079352
,55.98492853721372
,63.566253943698975
,57.16807477489248
,51.29829101320466
,50.769895606085996
,47.56506259334451
,46.26704778890081
,11.622688052598534
,3.0994403986408656
,2.24941300458039
,1.7210175974617385
,5.833312287646152
,23.086571015738343
,2.5825318481986983
,-10.144905349355327
,-13.154461798596444
,-17.059993068603987
,-28.477928605037846
,-49.935376876726394
,-82.96008982164318
,-75.35579070180498
,-39.872890428118694
,-14.843029730040882
,24.844060087241743
,71.91719874750923
,74.61661006648505
,78.0396933560799
,74.92675519675035
,72.08950159765664
,68.20694404100206
,65.00211102826057
,62.015528292372444
,60.55669749445785
,63.17570081669821
,66.42648125614568
,73.34156897539435
,87.26363926730362
,113.17798792947139
,110.70831374402542
,86.12644045633084
,71.9861198875682
,62.49797627278514
,49.43742023161282
,48.311708277316534
,49.10430138799453
,58.557984432748114
,70.24011767274129
,79.86610356764226
,91.41039452751751
,99.7383656179748
,93.11044931563845
,81.95671148276395
,74.97270262345631
,67.96572005079571
,69.30968228194537
,64.94467674487811
,61.42969860187131
,59.58031467695597
,58.86812956301341
,71.52664562050848
,78.28091734628626
,84.265569674739
,78.72890475666948
,68.11504918759012
,68.42519431785543
,69.6083405555342
,65.1399533083785
,64.41628133775943
,63.968293927376216
,65.71429614220312
,65.09400588167252
,58.764747852924984
,66.44945496949867
,70.83743421991892
,69.29819542526887
,63.152727103345235
,62.32567342263775
,52.29764754405953
,55.03151943306482
,55.78965197371335
,56.52481080100888
,55.284230279947664
,55.30720399330065
,57.937694172217505
,74.47876778636713
,89.38870775245479
,86.28725644980173
,73.15777926857045
,63.382464236875094
,57.08766677815703
,57.42078562177532
,56.088310247302154
,54.629479449387574
,53.974728618827484
,55.87005997044879
,74.07672780268987
,103.13847519421668
,126.31895196737914
,127.91562504541164
,96.59096688861578
,86.3446907331842
,71.30839534365512
,63.830451647258315
,56.628192511097325
,57.030232494774566
,56.85792964462718
,56.06533653394917
,62.41756827604969
,75.43217689051603
,81.94522462608745
,79.55595843737696
,56.65116622445031
,54.29636060576928
,43.86629474351382
,1.6865570274322579
,1.6061490306968125
,0.2966473695766325
,21.73112192791219
,52.40102925414797
,75.0071631934858
,91.64013166104738
,133.98068537059984
,135.68074015872077
,94.73009610702394
,81.45128978899825
,76.56937570148881
,71.14757935018422
,67.89679891073675
,66.05890184249792
,64.96765045823109
,64.78386075140722
,72.05504102762715
,87.26363926730362
,90.35360371328018
,81.84184291599901
,62.54392369949112
,33.562584304699776
,11.186187498891798
,-6.72182205976047
,-16.11807082113158
,-14.682213736569992
,-12.947698378419574
,11.49633262915711
,51.378699009940114
,79.45257672728852
,92.19150078151904
,93.29423902246234
,88.79139120527715
,74.05375408933689
,63.88788593064077
,63.49733280364001
,52.642253244354315
,46.19812664884185
,36.618088180646865
,34.59640140558413
,38.23773497203234
,53.36592521497336
,51.95304184376475
,32.517280347138936
,-0.8520382980726566
,-13.533528068920702
,-21.723656879260076
,-40.401285835237374
,-70.73807431785485
,-70.94483773803174
,-49.17724433607785
,-26.674492106828467
,-0.047958330718159914
,61.09657975825302
,78.82079961008141
,81.06073666199751
,56.30656052415552
,55.33017770665363
,53.10172751141403
,17.0904318306091
,1.7439913108147067
,1.7439913108147067
,-3.183870203400687
,-7.100888330084729
,-2.942646213194351
,1.755478167491205
,-5.136635838404473
,-13.820699485833032
,-26.134609843033303
,-42.00944576994635
,-65.97102879711034
,-86.85413423497425
,-116.38684275023726
,-116.4098164635902
,-82.55804983796594
,-47.71841353816329
,-18.116783882841332
,40.89119886430218
,79.70528757417135
,84.93180736197557
,85.26492620559387
,86.36766444653718
,82.38172517979417
,77.13223167863697
,72.70979185818723
,66.67919210302851
,65.30076930184939
,65.89808584902701
,78.46470705311013
,94.48887211681759
,112.3624211054404
,107.10144074760667
,85.20749192221142
,78.2119962062273
,63.681122510463894
,33.608531731405755
,15.987693589665788
,10.347646961507834
,46.19812664884185
,60.051275800692174
,66.25417840599829
,65.47307215199677
,72.6178970047753
,70.55026280300659
,64.97913731490759
,65.67983557217366
,64.48520247781839
,7.636748785855531
,1.755478167491205
,1.7899387375206857
,1.7325044541382368
,18.572236341876675
,53.89432062209203
,70.2171439593883
,81.39385550561579
,78.43024648308065
,68.79277373150319
,67.1846137967942
,62.23377856922581
,46.221100362194846
,46.49678492243068
,54.663940019417055
,59.603288390308954
,63.520306516992996
,80.7620783884087
,107.26225674107758
,146.23716144441764
,150.1312058577487
,117.79570431342148
,102.35736894021515
,87.99879809459915
,84.51828052162183
,79.53298472402396
,78.47619390978663
,77.92482478931497
,78.49916762313961
,83.56487141747293
,92.0881190714306
,106.9176510407828
,104.8500168390141
,92.36380363166641
,94.17872698655228
,88.67652263851224
,78.43024648308065
,74.71999177657348
,73.52535868221824
,77.99374592937393
,83.88650340441474
,90.91645969042833
,96.10851890820308
,105.04529340251447
,104.93042483574955
,96.63691431532173
,96.48758517852734
,91.70905280110634
,93.17937045569741
,90.8245648370164
,89.82520830616151
,89.18194433227791
,89.67587916936711
,95.00578066725977
,102.66751407048045
,136.26656984922192
,122.35598641398911
,97.13084915241093
,88.19407465809954
,83.3006737139136
,75.6619140240459
,71.22798734691968
,71.25096106027266
,64.72642646802475
,69.18332685850396
,86.52848044000808
,97.52140227941169
,133.46377682015765
,136.36995155931035
,97.86600797970647
,86.79267814356741
,75.75380887745783
,80.23368298129003
,75.58150602731044
,74.82337348666191
,73.892938095866
,73.70914838904211
,75.37474260713357
,81.85332977267551
,85.90819017947747
,83.39256856732555
,74.15713579942533
,69.17184000182745
,41.29323884797943
,32.517280347138936
,15.930259306283332
,15.930259306283332
,50.82732988946846
,68.00018062082519
,73.93888552257198
,74.92675519675035
,81.96819833944043
,82.58848859997106
,77.0747973952545
,74.85783405669139
,69.114405718445
,68.06910176088415
,60.947250621458615
,53.090240654737535
,47.254917463079195
,48.6792876909643
,52.75712181111925
,58.67285299951303
,60.99319804816459
,63.31354309681613
,53.64160977520919
,46.186639792165366
,38.91545951594542
,23.936598409798812
,13.540993117572832
,10.244265251419392
,18.491828345141222
,36.997154450971124
,56.46737651762642
,81.80738234596953
,85.36830791568231
,89.3772208957783
,90.87051226372236
,87.20620498392115
,78.87823389346387
,78.74039161334595
,73.68617467568913
,69.84956454574053
,67.58665378047145
,66.5528366795871
,67.23056122350017
,66.25417840599829
,61.94660715231348
,60.28101293422203
,50.7584087494095
,28.473906797013463
,20.777712823763295
,1.146674763637094
,-10.190852776061305
,-12.93621152174309
,-10.110444779325846
,5.0062586069386725
,48.36914256069899
,71.54961933386147
,88.52719350171783
,92.13406649813658
,90.83605169369288
,87.44742897412749
,83.36959485397256
,74.67404434986751
,73.34156897539435
,72.99696327509956
,72.77871299824619
,75.34028203710409
,83.43851599403152
,101.36949926603677
,111.5583411380859
,108.56027154552127
,90.1583271497798
,83.24323943053113
,80.85397324182064
,75.61596659733992
,73.27264783533539
,72.30775187450999
,72.91655527836411
,77.7180613691381
,83.472976564061
,107.17036188766563
,106.9406247541358
,108.73257439566865
,107.04400646422422
,98.34845596011917
,87.14877070053869
,89.56101060260218
,87.56229754089243
,86.68929643347897
,86.93052042368534
,87.01092842042078
,92.04217164472462
,113.62597533985459
,159.59637575917878
,140.52819367620071
,103.65538374465883
,84.56422794832781
,80.61274925161429
,80.56680182490831
,80.53234125487883
,79.15391845369969
,80.57828868158481
,84.61017537503378
,93.44356815925676
,109.10015380931642
,111.59280170811537
,111.61577542146836
,110.67385317399595
,95.54566293105493
,87.27512612398012
,79.14243159702322
,75.75380887745783
,75.76529573413433
,75.9605722976347
,75.94908544095821
,80.71613096170272
,98.68157480373745
,119.95523336860214
,107.5494281579899
,93.34018644916831
,80.7505915317322
,77.99374592937393
,71.72192218400886
,71.46921133712601
,69.5968536988577
,73.62874039230667
,77.15520539198995
,86.28725644980173
,96.8781383055281
,100.19783988503451
,101.51882840283118
,108.73257439566865
,96.75178288208667
,86.53996729668458
,85.74737418600657
,84.83991250856363
,81.11817094537997
,77.2471002454019
,77.09777110860749
,86.44807244327264
,95.21254408743664
,118.53086314071702
,117.52001975318566
,96.61394060196875
,87.55081068421593
,83.01350229700128
,77.54575851899071
,72.70979185818723
,71.30839534365512
,73.00845013177606
,79.14243159702322
,86.41361187324316
,90.03197172633838
,90.43401171001564
,90.26170885986824
,91.6056710910179
,93.51248929931569
,83.38108171064906
,76.37409913798844
,74.88080777004437
,74.04226723266041
,72.49154158133388
,74.96121576677983
,81.42831607564527
,95.80986063461425
,103.402672897776
,97.92344226308893
,81.80738234596953
,72.21585702109806
,67.78193034397184
,64.78386075140722
,62.21080485587282
,62.42905513272619
,64.1635704908766
,69.19481371518043
,80.56680182490831
,92.32934306163693
,95.79837377793777
,96.8781383055281
,101.15124898918342
,90.652261986869
,82.15198804626432
,86.89605985365586
,81.38236864893932
,80.98032866526205
,80.00394584776018
,80.04989327446613
,80.53234125487883
,79.1768921670527
,76.81059969169517
,65.46158529532028
,55.03151943306482
,28.542827937072424
,7.544853932443587
,-6.848177483201894
,-13.774752059127053
,-14.303147466245733
,-12.361868687918445
,8.22257847635666
,53.12470122476701
,77.16669224866645
,86.35617758986069
,89.51506317589622
,84.7365307984752
,75.63894031069292
,65.67983557217366
,51.33275158323414
,50.494211045850165
,49.05835396128856
,32.60917520055087
,25.55624520118429
,25.464350347772353
,15.516732465929593
,-0.8864988681021231
,-14.188278899480792
,-15.92279425763121
,-18.01340217275289
,-23.74534365432281
,-23.205461390527645
,-60.664101012570654
,-71.02524573476717
,-49.47590260966669
,-17.887046749311466
,-9.386772808706809
,46.772469482666494
,72.284778161157
,83.19729200382517
,80.03840641778966
,74.97270262345631
,71.42326391042005
,65.00211102826057
,62.199317999196325
,67.15015322676473
,67.16164008344121
,73.82401695580704
,83.04796286703076
,101.48436783280171
,122.562749834166
,106.79129561734138
,82.84119944685389
,60.03978894401568
,51.33275158323414
,42.1432662420399
,39.214117789534235
,40.17901375035963
,53.078753798061044
,66.96636351994084
,80.61274925161429
,97.60181027614713
,139.299100011816
,149.8325475841599
,106.64196648054697
,86.78119128689092
,78.32686477299221
,77.06331053857801
,71.50367190715549
,69.4475245620633
,70.73405250983048
,72.51451529468686
,78.2119962062273
,92.30636934828395
,101.27760441262484
,88.69949635186522
,72.89358156501113
,53.54971492179725
,42.63720107912909
,16.826234127049773
,4.856929470144266
,11.749043476039958
,22.673044175384604
,42.63720107912909
,72.6178970047753
,83.28918685723711
,108.39945555205037
,110.2718131903187
,90.72118312692795
,78.33835162966871
,70.34349938282972
,54.606505736034585
,49.632696795113205
,46.427863782371716
,42.775043359247
,42.17772681206937
,41.78717368506862
,39.420881209711105
,30.86317298572397
,22.11018819823645
,12.449741733306013
,10.359133818184318
,-4.952846131580586
,-2.0007239657219316
,-0.4385114577189029
,-5.94071580575897
,-5.4927283953757495
,-7.422520317026525
,-9.065140821765013
,17.055971260579625
,46.23258721887133
,48.40360313072847
,48.977945964553115
,37.272839011206955
,23.144005299120813
,26.406272595244765
,7.452959079031643
,5.075179746997634
,3.8460860826128993
,7.579314502473068
,28.795538783955266
,59.626262103661944
,72.03206731427417
,61.26888260840041
,51.114501306380774
,50.60907961261509
,54.37676860250473
,56.29507366747903
,51.49356757670503
,46.875851192754936
,56.76603479121523
,51.94155498708825
,56.04236282059618
,73.4219769721298
,86.47104615662562
,86.5055067266551
,74.97270262345631
,67.13866637008823
,58.741774139571994
,54.80178229953496
,51.976015557117734
,48.65631397761131
,48.564419124199375
,47.80628658355086
,57.13361420486301
,77.83292993590304
,85.8622427527715
,81.85332977267551
,74.90378148339737
,68.75831316147371
,58.06404959565892
,55.84708625709581
,53.4578200683853
,47.33532545981464
,52.424002967500954
,56.75454793453874
,71.26244791694916
,80.4404464014669
,93.20234416905039
,97.93492911976543
,87.22917869727414
,79.76272185755381
,76.12138829110559
,83.62230570085539
,80.4289595447904
,80.07286698781914
,79.93502470770122
,80.38301211808444
,80.49788068484935
,81.76143491926358
,82.0371194794994
,77.95928535934445
,60.24655236419255
,51.99898927047072
,30.42667243201724
,20.536488833556945
,9.623974990888783
,10.772660658538058
,30.36923814863478
,57.35186448171636
,77.13223167863697
,91.1232231106052
,110.24883947696571
,116.46322893894832
,95.44228122096649
,87.16025755721517
,79.54447158070046
,80.64720982164377
,72.04355417095066
,68.12653604426662
,61.46415917190079
,60.499263211075395
,59.58031467695597
,58.83366899298393
,48.977945964553115
,31.322647252783682
,20.16890941990917
,4.696113476673375
,-5.550162678758213
,-10.776682466562434
,-17.898533605987964
,-25.00889788873701
,-18.564771293224553
,-11.856446994152748
,18.549262628523692
,73.96185923592495
,93.66181843611011
,102.17357923339128
,100.58839301203527
,93.91452928299296
,88.21704837145252
,81.65805320917514
,80.06138013114263
,79.6248795774359
,79.09648417031724
,81.7040006358811
,88.46975921833535
,102.26547408680321
,122.22963099054769
,104.06891058501259
,95.58012350108442
,85.2189787788879
,85.2189787788879
,80.70464410502623
,81.76143491926358
,81.03776294864451
,85.60953190588866
,90.05494543969138
,94.98280695390677
,105.10272768589694
,132.49888085933227
,138.3571777643436
,108.00890242504961
,100.16337931500503
,87.2980998373331
,82.72633088008895
,78.85526018011089
,79.45257672728852
,80.99181552193855
,81.52021092905721
,86.76970443021443
,106.89467732742982
,133.91176423054088
,117.85313859680394
,93.59289729605115
,83.61081884417891
,80.61274925161429
,77.14371853531345
,79.60190586408291
,74.32943864957274
,77.69508765578512
,81.96819833944043
,89.99751115630892
,111.56982799476238
,141.8721559073504
,147.02975455509568
,111.98335483511612
,96.91259887555758
,86.72375700350845
,84.67909651509274
,81.77292177594006
,83.15134457711919
,84.38043824150394
,82.3472646097647
,86.8386255702734
,101.86343410312597
,116.29092608880092
,113.67192276656058
,91.92730307795969
,85.98859817621292
,81.87630348602849
,72.48005472465739
,67.17312694011771
,64.93318988820161
,68.24140461103154
,75.09905804689774
,87.45891583080399
,101.47288097612521
,103.60943631795287
,107.03251960754773
,102.32290837018567
,97.45248113935273
,86.78119128689092
,86.28725644980173
,83.66825312756137
,82.47362003320612
,82.78376516347143
,83.82906912103228
,84.98924164535804
,81.7040006358811
,78.2234830629038
,65.74875671223259
,31.345620966136664
,-0.5533800244838432
,-10.868577319974364
,-13.30379093539085
,-15.02681943686477
,-14.785595446658434
,-12.327408117888965
,8.888816163593248
,57.639035898628684
,86.79267814356741
,89.79074773613203
,89.35424718242531
,89.41168146580777
,95.1091623773482
,88.12515351804058
,83.22026571717815
,83.13985772044269
,76.81059969169517
,76.98290254184255
,77.7180613691381
,86.29874330647822
,89.40019460913128
,89.95156372960294
,86.0345456029189
,67.06974523002927
,40.339829743830535
,13.897085674544101
,4.604218623261431
,0.07839709272326445
,-0.9209594381316037
,21.29462137420547
,51.826686420323334
,75.9605722976347
,89.04410205216
,88.02177180795213
,87.7690609610693
,89.48060260586674
,95.53417607437844
,86.79267814356741
,90.93943340378132
,88.01028495127565
,86.71227014683195
,84.50679366494535
,84.09326682459161
,86.11495359965434
,81.34790807890984
,78.2005093495508
,59.5228803935735
,24.97041551068316
,-10.23680020276727
,-16.209965674543525
,-21.781091162642525
,-25.583240722561655
,-25.215661308913894
,-17.726230755840575
,-8.525258557969849
,42.499358799011176
,78.28091734628626
,87.24066555395063
,89.34276032574881
,92.65097504857874
,88.38935122159991
,75.99503286766418
,55.24976970991818
,47.898181436962794
,45.10687526457504
,43.06221477615932
,47.11707518296129
,46.841390622725456
,40.3857771705365
,16.27486500657811
,-13.912594339244976
,-27.29478236735909
,-52.01449793517159
,-89.10555814356684
,-128.87305595758494
,-177.99085510626813
,-168.99664632857426
,-95.80239558596213
,-58.527545670743024
,-26.77787381691691
,39.73102633997641
,72.84763413830515
,74.55917578310257
,60.717513487928755
,52.883477234560665
,48.41508998740497
,22.868320738884975
,17.182326684021042
,14.023441097985526
,17.630314094404262
,22.202083051648394
,43.762913033425384
,76.75316540831271
,82.15198804626432
,74.88080777004437
,41.52297598150928
,16.332299289960574
,10.278725821448873
,4.902876896850245
,1.3878987538434302
,1.5372278906378511
,4.8913900401737465
,13.88559881786761
,43.90075531354329
,79.06202360028776
,111.40901200129147
,114.23477874370872
,96.56799317526279
,80.54382811155533
,57.3059170550104
,32.87337290411021
,28.944867920749672
,25.02784979406563
,22.902781308914456
,25.452863491095854
,37.284325867883446
,63.92234650067025
,73.57130610892419
,38.05394526520846
,4.98328489358569
,-11.201696163592672
,-12.729448101566206
,-24.894029321972084
,-28.466441748361348
,-28.98335029880353
,-14.843029730040882
,-13.590962352303166
,-7.445494030379521
,44.429150720661966
,85.00072850203453
,85.66696618927111
,74.14564894274883
,55.39909884671259
,41.63784454827422
,21.06488424067561
,16.148509583136693
,12.7828605769243
,13.62140111430827
,14.551836505104191
,32.14970093349116
,57.903233602188024
,74.37538607627869
,55.43355941674207
,20.008093426438272
,15.734982742782954
,38.03097155185547
,-10.707761326503473
,-6.124505512582843
,-4.860951278168642
,15.712009029429971
,1.6061490306968125
,18.353986065023314
,59.17827469327872
,81.50872407238073
,78.56808876319857
,75.74232202078133
,52.20575269064759
,36.0667190601752
,43.90075531354329
,40.42023774056598
,39.145196649475274
,37.8356949883551
,41.212830851243986
,57.09915363483353
,73.80104324245406
,75.15649233028022
,73.7321221023951
,35.61873164979199
,11.048345218773889
,0.8480164900482663
,-5.9292289490824714
,-2.9196724998413544
,0.7790953499893334
,12.242978313129136
,10.324673248154838
,33.999084858406505
,75.22541347033916
,75.92611172760523
,74.05375408933689
,73.78955638577756
,77.75252193916758
,64.23249163093556
,62.36013399266723
,57.12212734818651
,53.974728618827484
,50.57461904258561
,52.84901666453119
,57.70795703868764
,67.56368006711847
,85.19600506553492
,86.39063815989017
,79.24581330711163
,54.61799259271108
,42.15475309871639
,23.971058979828292
,12.27743888315861
,14.620757645163152
,27.497523979511584
,40.20198746371261
,66.86298180985241
,72.00909360092118
,75.84570373086977
,75.67340088072237
,76.9254682584601
,75.1679791869567
,70.24011767274129
,70.91784221665435
,67.33394293358862
,64.92170303152511
,67.6785486338834
,68.19545718432558
,68.82723430153267
,67.26502179352966
,68.32181260776699
,54.80178229953496
,31.184804972665766
,-4.792030138109695
,-8.261060854410516
,-13.487580642214724
,-13.935568052597944
,-16.129557677808066
,-12.109157841035596
,-7.950915724145204
,36.181587626940136
,68.04612804753116
,74.91526834007385
,76.7761391216657
,76.79911283501868
,82.93309430026584
,77.31602138546086
,75.39771632048655
,75.14500547360372
,73.30710840536487
,71.88273817747975
,71.80233018074432
,73.83550381248354
,65.22036130511394
,55.45653313009505
,28.795538783955266
,-0.323642890953991
,-12.591605821448297
,-23.722369940969813
,-29.500258849245697
,-33.87675124298946
,-38.391085916851125
,-34.62339692696149
,-19.954680951080192
,11.645661765951516
,63.39395109355158
,74.75445234660296
,76.78762597834219
,75.39771632048655
,82.95606801361882
,79.51001101067098
,80.81951267179116
,80.47490697149638
,79.36068187387657
,78.17753563619782
,78.14307506616834
,79.4985241539945
,76.73019169495971
,75.28284775372163
,56.55927137103836
,19.812816862937893
,6.040075707823036
,-2.1845136725458048
,-8.823916831558648
,-11.821986424123267
,-8.157679144322074
,8.555697319974954
,15.97620673298929
,50.68948760935054
,77.17817910534293
,80.92289438187959
,80.83099952846766
,80.83099952846766
,86.40212501656666
,79.90056413767174
,77.06331053857801
,73.7436089590716
,73.86996438251302
,72.83614728162866
,75.91462487092873
,79.99245899108368
,84.34597767147446
,86.57442786671405
,94.9483463838773
,91.30701281742907
,75.20243975698618
,69.19481371518043
,63.451385376934034
,63.29056938346315
,63.370977380198596
,64.02572821075867
,76.33963856795897
,86.42509872991964
,89.58398431595515
,88.21704837145252
,86.55145415336108
,86.37915130321367
,76.51194141810636
,69.114405718445
,72.19288330774508
,68.20694404100206
,62.291212852608275
,60.57967120781085
,62.0729625757549
,70.45836794959466
,93.21383102572689
,90.98538083048729
,90.77861741031042
,86.36766444653718
,75.9605722976347
,66.69067895970501
,50.96517216958637
,43.8892684568668
,44.90011184439817
,55.84708625709581
,72.91655527836411
,86.45955929994912
,97.25720457585236
,93.43208130258026
,93.47802872928622
,95.09767552067171
,97.15382286576391
,93.44356815925676
,88.55016721507081
,86.72375700350845
,79.53298472402396
,78.2119962062273
,81.93373776941095
,88.67652263851224
,103.64389688798235
,91.37593395748803
,93.27126530910935
,82.94458115694233
,69.24076114188641
,69.71172226562261
,66.21971783596881
,66.21971783596881
,64.96765045823109
,69.29819542526887
,87.98731123792267
,91.37593395748803
,95.5916103577609
,91.39890767084103
,90.51441970675107
,90.42252485333914
,91.24957853404662
,90.3421168566037
,91.64013166104738
,89.21640490230739
,89.46911574919024
,89.20491804563089
,88.68800949518874
,90.44549856669212
,89.71033973939659
,91.26106539072312
,90.8245648370164
,89.067075765513
,90.36509056995668
,88.7224700652182
,85.43722905574126
,83.0020154403248
,79.7971824275833
,85.08113649877
,87.65419239430437
,89.12451004889546
,87.58527125424541
,87.59675811092191
,88.84882548865963
,93.06450188893248
,93.88006871296348
,89.77926087945553
,88.90625977204209
,88.32043008154096
,87.70013982101035
,87.98731123792267
,89.859668876191
,89.61844488598463
,88.68800949518874
,90.00899801298539
,85.68993990262412
,69.18332685850396
,51.7118178535584
,24.97041551068316
,2.0656232977565168
,-2.2074873858988013
,-5.205556978463434
,9.784790984359688
,47.09410146960829
,78.00523278605041
,87.72311353436334
,89.859668876191
,87.63121868095139
,87.63121868095139
,87.27512612398012
,87.02241527709728
,84.7595045118282
,85.28789991894685
,85.850755896095
,84.32300395812146
,84.30003024476848
,82.78376516347143
,74.57066263977907
,63.933833357346735
,19.50267173267259
,-4.952846131580586
,-12.396329257947912
,-13.579475495626667
,-17.26675648878087
,-24.04400192791161
,-26.892742383681835
,-18.817482140107387
,-11.328051587034082
,48.01305000372773
,82.49659374655911
,85.28789991894685
,88.80287806195365
,87.10282327383271
,89.46911574919024
,87.63121868095139
,83.87501654773824
,83.49595027741398
,80.48639382817288
,80.50936754152585
,83.76014798097331
,87.74608724771632
,87.47040268748049
,84.70207022844572
,87.83798210112826
,86.64334900677301
,87.3095866940096
,85.26492620559387
,81.45128978899825
,82.40469889314716
,74.57066263977907
,81.25601322549788
,88.68800949518874
,88.65354892515926
,87.20620498392115
,84.2770565314155
,84.2770565314155
,84.15070110797407
,83.88650340441474
,83.26621314388412
,84.36895138482743
,84.36895138482743
,85.20749192221142
,85.12708392547596
,84.39192509818042
,84.34597767147446
,84.33449081479796
,84.35746452815093
,84.34597767147446
,85.26492620559387
,83.77163483764981
,81.57764521243968
,63.80747793390532
,62.17634428584334
,60.912790051429134
,64.49668933449489
,81.45128978899825
,84.32300395812146
,84.28854338809198
,82.93309430026584
,83.72568741094383
,84.28854338809198
,84.30003024476848
,84.31151710144498
,74.97270262345631
,64.9561636015546
,63.795991077228834
,62.27972599593177
,63.24462195675717
,67.93125948076623
,82.41618574982365
,84.5757148050043
,84.61017537503378
,74.88080777004437
,63.348003666845614
,63.370977380198596
,59.97086780395672
,61.188474611664965
,59.98235466063321
,63.46287223361053
,65.6109144321147
,84.5757148050043
,83.54189770411995
,83.43851599403152
,83.64527941420839
,83.07093658038376
,82.58848859997106
,80.60126239493779
,80.99181552193855
,80.79653895843818
,81.02627609196803
,80.52085439820235
,80.71613096170272
,80.08435384449561
,80.99181552193855
,81.03776294864451
,82.45064631985313
,80.95735495190907
,69.27522171191589
,63.46287223361053
,54.97408514968235
,50.21852648561433
,47.702904873462415
,59.59180153363246
,65.4386115819673
,83.08242343706024
,81.09519723202699
,81.49723721570423
,83.13985772044269
,83.25472628720763
,81.64656635249864
,80.63572296496727
,76.23625685787053
,79.3147344471706
,79.52149786734748
,79.52149786734748
,79.32622130384709
,76.94844197181308
,76.33963856795897
,79.6248795774359
,79.7971824275833
,82.49659374655911
,87.92987695454019
,88.69949635186522
,83.59933198750241
,79.72826128752433
,79.24581330711163
,79.75123500087733
,81.7154874925576
,79.56744529405344
,79.487037297318
,77.21263967537242
,74.88080777004437
,71.25096106027266
,74.49025464304363
,77.94779850266795
,80.31409097802548
,76.78762597834219
,69.84956454574053
,67.3569166469416
,62.555410556167615
,55.66329655027192
,58.16743130574736
,59.07489298319028
,57.50119361851077
,53.58417549182673
,51.0685538796748
,23.787269273004405
,17.423550674227393
,-2.4487113761051518
,-5.97517637578845
,-7.927942010792208
,1.1351879069605957
,38.03097155185547
,49.58674936840723
,58.22486558912982
,59.67220953036791
,60.77494777131122
,61.188474611664965
,59.67220953036791
,51.49356757670503
,49.494854514995296
,42.717609075864544
,37.59447099814875
,35.595757936439
,19.284421455819228
,14.287638801544851
,8.337447043121585
,8.900303020269732
,6.143457417911463
,3.765678085877454
,-4.929872418227589
,-1.8973422556334896
,-17.094453638633468
,-29.41985085251025
,-34.20987008660775
,-18.599231863254033
,-5.366372971934325
,14.44845479501575
,55.318690849977145
,57.09915363483353
,64.91021617484863
,61.10806661492951
,57.11064049151001
,73.75509581574809
,69.84956454574053
,70.34349938282972
,70.65364451309503
,71.03271078341929
,56.63967936777381
,57.730930752040635
,78.40727276972767
,80.56680182490831
,76.84506026172465
,83.72568741094383
,78.77485218337543
,76.62680998487129
,73.78955638577756
,63.12975338999225
,67.6670617772069
,76.68424426825375
,80.96884180858555
,75.39771632048655
,73.67468781901263
,73.80104324245406
,73.81253009913056
,71.28542163030214
,57.62754904195219
,87.04538899045025
,88.29745636818797
,88.63057521180626
,88.75693063524767
,87.2980998373331
,82.62294917000054
,83.34662114061958
,75.82273001751679
,75.94908544095821
,80.50936754152585
,89.87115573286748
,84.85139936524013
,66.93190294991136
,63.99126764072921
,58.500550149365644
,63.17570081669821
,66.81703438314644
,85.6784530459476
,75.52407174392798
,77.91333793263847
,80.57828868158481
,73.78955638577756
,80.52085439820235
,74.98418948013281
,63.864912217287795
,58.2478393024828
,55.74370454700737
,57.62754904195219
,55.226795996565194
,63.370977380198596
,79.86610356764226
,78.23496991958028
,77.27007395875488
,79.85461671096576
,66.86298180985241
,59.56882782027947
,43.073701632835814
,41.06350171444957
,37.36473386461889
,57.730930752040635
,60.671566061222784
,80.52085439820235
,76.69573112493023
,76.04098029437016
,77.10925796528397
,84.1047536812681
,82.96755487029532
,81.84184291599901
,76.04098029437016
,64.57709733123033
,64.55412361787735
,70.5272890896536
,66.8859555232054
,55.111927429800275
,56.60521879774433
,73.11183184186449
,73.03142384512904
,59.155300979925734
,55.284230279947664
,41.408107414744364
,23.82172984303388
,21.363542514264424
,18.870894615465488
,32.83891233408073
,58.109997022364894
,81.15263151540945
,65.55348014873223
,78.78633904005193
,84.09326682459161
,84.09326682459161
,85.64399247591814
,83.18580514714867
,80.60126239493779
,78.25794363293326
,76.02949343769366
,76.02949343769366
,76.02949343769366
,63.40543795022808
,70.79148679321294
,79.08499731364076
,81.83035605932251
,76.43153342137091
,56.05384967727268
,41.408107414744364
,22.82237331217901
,15.355916472458688
,14.36804679828031
,6.212378557970425
,54.75583487282899
,70.33201252615324
,61.567540881989224
,72.37667301456895
,79.94651156437772
,81.26750008217438
,82.76079145011843
,80.61274925161429
,72.02058045759767
,69.16035314515098
,70.51580223297711
,72.70979185818723
,72.70979185818723
,54.30784746244578
,55.64032283691894
,53.630122918532706
,44.53253243075041
,5.477219730674875
,-15.624135984042397
,-22.493276276585092
,-31.47599819760245
,-42.583788603771
,-60.641127299217686
,-46.77649129069087
,-27.29478236735909
,-4.849464421492144
,49.64418365178969
,53.997702332180474
,53.7909389120036
,53.078753798061044
,52.13683155058864
,52.30913440073603
,51.171935589763244
,36.77890417411776
,16.68839184693185
,5.362351163909949
,-1.8169342588980442
,-4.344042727726475
,1.0203193401956696
,-1.6216576953976727
,-8.743508834823203
,-20.19590494128653
,-35.289634614198064
,-41.92903777321091
,-50.98068083428723
,-61.50264154995466
,-62.456050654103535
,-45.53591076962965
,-25.319043019002322
,-12.201052694447554
,32.33349064031504
,51.98750241379423
,50.64354018264457
,49.598236225083724
,51.04558016632183
,46.24407407554783
,65.09400588167252
,66.0933624125274
,61.93512029563699
,58.01810216895295
,55.36463827668311
,47.461680883256065
,67.50624578373599
,67.91977262408973
,68.25289146770804
,68.01166747750169
,67.79341720064832
,66.97785037661734
,50.59759275593861
,48.42657684408147
,50.59759275593861
,50.24150019896732
,50.23001334229083
,59.35057754342611
,64.03721506743517
,68.20694404100206
,67.57516692379495
,67.0123109466468
,66.85149495317592
,57.65052275530518
,57.673496468658165
,54.388255459181224
,54.422716029210704
,52.15980526394162
,53.17064865147299
,53.090240654737535
,57.65052275530518
,66.16228355258636
,65.55348014873223
,57.673496468658165
,50.942198456233385
,48.66780083428782
,42.74058278921752
,39.93778976015328
,39.07627550941632
,46.17515293548887
,49.65567050846619
,52.688200671060294
,60.20060493748658
,64.41628133775943
,57.71944389536414
,60.43034207101643
,68.91912915494461
,68.73533944812073
,68.68939202141476
,68.12653604426662
,68.02315433417817
,68.67790516473828
,68.01166747750169
,57.730930752040635
,68.00018062082519
,62.15337057249035
,60.69453977457577
,55.43355941674207
,56.63967936777381
,43.23451762630671
,31.26521296940121
,21.110831667381582
,18.85940775878899
,25.648140054596233
,53.15916179479649
,53.37741207164986
,53.43484635503232
,61.71687001878363
,71.46921133712601
,76.07544086439964
,74.06524094601339
,69.53941941547524
,61.154014041635484
,56.96131135471561
,61.68240944875416
,63.42841166358105
,63.485845946963515
,50.62056646929158
,55.42207256006557
,57.730930752040635
,58.86812956301341
,54.52609773929913
,65.67983557217366
,61.45267231522429
,50.63205332596807
,46.979232902843364
,45.88798151857655
,53.802425768680095
,58.546497576071616
,68.06910176088415
,55.37612513335961
,54.48015031259317
,59.56882782027947
,63.416924806904575
,64.50817619117137
,64.49668933449489
,60.02830208733919
,60.43034207101643
,60.14317065410411
,60.12019694075113
,60.097223227398146
,54.491637169269666
,57.903233602188024
,60.074249514045164
,60.074249514045164
,61.45267231522429
,69.71172226562261
,70.17119653268233
,64.93318988820161
,58.121483879041385
,52.78009552447223
,54.41122917253421
,60.14317065410411
,65.128466451702
,57.38632505174584
,59.94789409060374
,57.684983325334656
,51.93006813041176
,59.24719583333767
,58.89110327636641
,48.95497225120013
,43.26897819633619
,35.77954764326288
,26.601549158745144
,21.777069354618163
,17.974919794699048
,27.83064282312987
,10.451028671596262
,5.477219730674875
,-0.44999831439540117
,-16.623492514897265
,-37.34578195929029
,-58.58497995412546
,-77.88289917063338
,-83.23577438187903
,-70.27860005079512
,-39.574232154529895
,-10.971959030062806
,3.719730659171475
,41.04052800109659
,40.489158880624935
,40.960120004361144
,40.43172459724247
,39.857381763417834
,31.805095233196383
,21.087857954028593
,9.750330414330207
,3.9609546493778254
,6.005615137793555
,11.634174909275018
,10.921989795332465
,6.775234535118571
,-1.7709868321920936
,-10.409103052914674
,-22.98721111367429
,-32.85442099878159
,-46.500806730455054
,-68.71638754279212
,-78.67549228131136
,-64.74193513272562
,-25.996767562915394
,-2.241947955928282
,12.794347433600791
,34.06800599846546
,41.56892340821526
,41.52297598150928
,50.723948179380024
,42.53381936904065
,42.55679308239364
,43.590610183277995
,46.875851192754936
,46.20961350551835
,43.54466275657202
,41.04052800109659
,42.76355650257051
,47.76033915684488
,46.4623243524012
,41.201343994567495
,46.186639792165366
,42.016910818598475
,32.96526775752215
,20.84663396382225
,26.842773148951494
,42.22367423877535
,50.700974466027034
,42.694635362511555
,41.649331404950715
,48.598879694228856
,56.58224508439135
,57.7883650354231
,57.05320620812755
,55.57140169685998
,48.01305000372773
,42.82099078595297
,41.08647542780256
,39.31749949962267
,33.551097448023285
,17.34314267749194
,40.59254059071337
,51.29829101320466
,51.96452870044124
,46.53124549246015
,40.87971200762569
,38.43301153553272
,33.62001858808224
,40.01819775688873
,40.43172459724247
,36.25050876699909
,11.794990902745923
,39.97225033018276
,35.13628366937929
,53.04429322803156
,56.68562679447979
,56.800495361244714
,57.12212734818651
,55.44504627341856
,38.42152467885623
,36.77890417411776
,38.352603538797275
,37.238378441177474
,38.41003782217974
,39.202630932857744
,39.35196006965215
,43.785886746778374
,43.808860460131356
,39.50128920644655
,40.67294858744882
,39.880355476770816
,38.9499200859749
,37.76677384829614
,27.72726111304143
,31.713200379784432
,37.962050411796525
,39.39790749635812
,39.31749949962267
,41.5000022681563
,39.46682863641707
,41.89055539515705
,42.510845655687675
,41.52297598150928
,53.10172751141403
,42.476385085658194
,41.316212561332414
,40.01819775688873
,40.787817154213755
,41.63784454827422
,48.5184716974934
,61.79727801551908
,63.73855679384636
,63.818964790581816
,55.81262568706633
,49.460393944965816
,44.58996671413286
,41.373646844714884
,42.074345101980946
,46.634627202548586
,50.723948179380024
,47.36978602984412
,51.81519956364683
,66.16228355258636
,72.53748900803986
,68.26437832438454
,65.74875671223259
,61.51010659860676
,94.67266182364148
,84.98924164535804
,69.19481371518043
,60.740487201281745
,59.855999237191796
,68.05761490420765
,98.7964433705024
,123.22898752140257
,123.42426408490296
,98.99171993400277
,84.21962224803303
,69.47049827541628
,63.50881966031651
,58.500550149365644
,56.92685078468614
,58.37419472592423
,59.94789409060374
,54.75583487282899
,57.59308847192271
,77.53427166231421
,100.09445817494608
,94.67266182364148
,90.68672255689847
,75.0186500501623
,59.155300979925734
,46.324482072283274
,34.26328256196583
,28.990815347455644
,26.25694345845035
,31.092910119253823
,22.75345217212005
,31.299673539430692
,25.18866578753653
,11.714582906010477
,-5.159609551757455
,-13.188922368625924
,-14.624779453187529
,-18.09381016948835
,-19.162087840402165
,-20.023602091139125
,-22.757473980144425
,-6.767769486466449
,34.76870425573152
,51.321264726557644
,63.715583080493374
,65.07103216831953
,70.8718947899484
,66.0818755558509
,63.118266533315754
,56.386968520890974
,50.18406591558487
,47.185996323020234
,48.54144541084639
,44.92308555775115
,43.49871532986605
,34.1599008518774
,16.343786146637072
,-5.2744781185223815
,-3.5859101870779426
,-5.067714698345512
,-6.629927206348526
,-10.179365919384807
,-12.109157841035596
,-8.502284844616852
,-4.3555295844029445
,19.238474029113256
,43.521689043219034
,56.44440280427344
,66.10484926920387
,67.52921949708899
,66.713652673058
,66.15079669590986
,50.50569790252665
,47.61101002005047
,46.89882490610792
,44.93457241442765
,46.82990376604896
,47.35829917316764
,44.98051984113362
,49.96581563873149
,50.7584087494095
,49.460393944965816
,48.977945964553115
,46.82990376604896
,35.756573929909905
,28.324577660219063
,29.576645037956773
,41.29323884797943
,48.288734563963544
,42.1432662420399
,49.632696795113205
,62.440541989402675
,80.01543270443665
,78.51065447981611
,78.45322019643363
,66.32309954605724
,48.150892283845636
,44.53253243075041
,43.94670274024927
,31.31116039610719
,34.010571715082996
,41.99393710524549
,44.90011184439817
,54.2619000357398
,59.649235817014926
,46.795443196019484
,46.979232902843364
,32.36795121034452
,23.21292643917976
,21.949372204765552
,20.61689683029239
,30.955067839135914
,45.083901551222056
,42.924372496041414
,47.036667186225834
,59.614775246985445
,58.39716843927721
,65.01359788493707
,61.21144832501794
,61.199961468341456
,59.92492037725076
,56.180205100714105
,52.75712181111925
,43.969676453602254
,44.187926730455615
,53.733504628621134
,56.69711365115627
,59.92492037725076
,62.73920026299149
,72.88209470833463
,54.41122917253421
,40.512132593977924
,34.60788826226062
,24.821086373888754
,35.733600216556916
,41.02904114442009
,44.91159870107467
,44.32576901057353
,58.098510165688396
,58.098510165688396
,57.91472045886451
,58.087023309011904
,59.0519192698373
,57.79985189209958
,60.45331578436942
,60.533723781104875
,58.82218213630745
,57.55862790189323
,57.42078562177532
,59.68369638704441
,64.25546534428854
,65.45009843864379
,65.45009843864379
,65.00211102826057
,59.821538667162315
,51.769252136940864
,44.53253243075041
,40.50064573730143
,39.478315493093575
,46.02582379869446
,46.03731065537096
,50.03473677879045
,60.14317065410411
,65.45009843864379
,65.45009843864379
,64.08316249414115
,65.4386115819673
,62.291212852608275
,56.363994807537985
,43.4068204764541
,42.487871942334685
,40.454698310595454
,40.43172459724247
,40.84525143759621
,43.360873049748136
,61.88917286893103
,62.11891000246087
,57.85728617548205
,38.66274866906258
,5.775878004263689
,-8.904324828294108
,-12.430789827977392
,-12.430789827977392
,-11.351025300387064
,11.703096049333979
,22.087214484883468
,52.033449840500204
,61.08509290157652
,60.97022433481159
,59.91343352057426
,59.821538667162315
,57.86877303215854
,61.843225442225055
,56.20317881406709
,40.339829743830535
,34.71126997234905
,34.458559125466216
,34.60788826226062
,34.630861975613605
,34.99844138926137
,35.101823099349815
,34.1599008518774
,0.6412530698714107
,-5.733952385582086
,-14.176792042804308
,-15.911307400954712
,-14.326121179598715
,-5.4352941119932865
,16.53906271013745
,39.69656576994693
,38.32962982544429
,49.701617935172166
,58.293786729188774
,59.78707809713284
,59.005971843131334
,57.54714104521675
,46.30150835893029
,37.99651098182599
,34.642348832290104
,34.55045397887815
,33.53961059134679
,34.676809402319584
,19.652000869466995
,-0.09390575742412466
,-0.6452748778957869
,-0.4385114577189029
,-12.85580352500763
,-15.336964567130067
,-17.18634849204541
,-19.116140413696215
,-18.978298133578292
,-16.692413654956226
,-15.566701700659934
,3.9264940793483447
,10.10642297130147
,38.81207780585698
,50.88476417285092
,57.282943341657415
,56.570758227714855
,55.20382228321221
,58.64987928616006
,52.33210811408901
,38.63977495570959
,36.51470647055842
,36.44578533049947
,44.647400997515334
,54.72137430279952
,54.158518325651364
,56.52481080100888
,53.940268048798
,49.701617935172166
,34.26328256196583
,34.19436142190688
,34.12544028184792
,34.07949285514195
,24.660270380417856
,17.96343293802255
,22.98318930564991
,37.870155558384575
,46.186639792165366
,49.253630524788946
,51.47059386335205
,51.355725296587124
,48.09345800046317
,45.45148096486982
,44.3717164372795
,43.91224217021979
,30.955067839135914
,29.243526194338486
,32.11524036346168
,46.94477233281389
,46.94477233281389
,46.95625918949038
,45.566349531634756
,34.74573054237853
,31.368594679489654
,22.75345217212005
,18.744539192024064
,9.73884355765371
,0.7331479232833544
,11.611201195922035
,23.83321669971037
,40.37429031386
,47.35829917316764
,46.26704778890081
,46.94477233281389
,46.49678492243068
,43.90075531354329
,55.226795996565194
,51.65438357017594
,43.86629474351382
,41.56892340821526
,38.283682398738314
,42.522332512364166
,48.38062941737549
,47.76033915684488
,47.99007629037473
,49.012406534582595
,46.07177122540043
,44.26833472719106
,43.00478049277686
,43.808860460131356
,44.30279529722054
,48.89753796781766
,44.635914140838835
,43.808860460131356
,30.461133002046722
,47.76033915684488
,47.76033915684488
,46.24407407554783
,46.23258721887133
,44.08454502036719
,32.413898637050494
,34.826138539113984
,34.58491454890763
,28.944867920749672
,27.394142269423142
,21.352055657587933
,24.16633554332867
,32.42538549372699
,35.032901959290854
,26.72790458218656
,5.075179746997634
,-5.5961101054641915
,-10.569919046385564
,-16.232939387896508
,-20.586458068287286
,-13.694344062391608
,-11.17872245023969
,-5.5961101054641915
,28.921894207396683
,30.311803865252315
,34.09097971181844
,36.00928477679274
,37.031615021000604
,37.054588734353594
,34.458559125466216
,25.981258898214534
,21.54733222108831
,16.27486500657811
,18.951302612200934
,23.85619041306336
,33.59704487472925
,39.007354369357365
,36.193074483616634
,21.007449957293154
,-4.470398151167885
,-11.328051587034082
,-13.613936065656148
,-16.577545088191286
,-15.601162270689414
,-10.156392206031825
,-5.515702108728732
,23.109544729091333
,27.681313686335464
,45.42850725151684
,43.62507075330747
,47.30086488978516
,47.289378033108676
,43.87778160019031
,37.043101877677096
,35.745087073233414
,34.55045397887815
,33.53961059134679
,31.27669982607771
,21.823016781324135
,-2.942646213194351
,-9.559075658854184
,-9.386772808706809
,-11.201696163592672
,-12.591605821448297
,-32.96928956554653
,-64.15610544222449
,-77.88289917063338
,-89.03663700350788
,-64.78788255943158
,-39.539771584500414
,-17.278243345457355
,-10.156392206031825
,2.3642815713453302
,11.680122335980997
,11.703096049333979
,17.687748377786733
,12.472715446658995
,-11.913881277535225
,-12.304434404535968
,-14.027462906009887
,-16.175505104514045
,-16.692413654956226
,-15.899820544278228
,-16.106583964455083
,-18.61071871993053
,-25.767030429385528
,-23.102079680439203
,-23.504119664116445
,-25.985280706238896
,-29.994193686334896
,-31.992906748044632
,-35.55383231775741
,-33.026723848928995
,-14.61329259651103
,-4.447424437814902
,12.174057173070182
,26.96912857239291
,44.65888785419182
,47.38127288652061
,47.55357573666801
,45.17579640463399
,56.72008736450926
,54.05513661556293
,48.552932267522884
,45.049440981192575
,44.647400997515334
,50.83881674614496
,52.12534469391214
,54.88219029627041
,54.34230803247525
,51.98750241379423
,39.31749949962267
,29.450289614515356
,13.897085674544101
,11.749043476039958
,11.737556619363446
,24.29269096677009
,33.551097448023285
,34.642348832290104
,57.478219905157786
,68.50560231459087
,52.1942658339711
,52.044936697176695
,50.85030360282144
,48.85159054111169
,43.48722847318955
,43.03924106280633
,41.54594969486227
,38.18030068864988
,37.88164241506107
,41.350673131361894
,50.40231619243822
,52.24021326067707
,51.44762014999907
,45.704191811752665
,44.15346616042614
,29.427315901162373
,13.575453687602305
,3.650809519112528
,-2.9196724998413544
,7.3610642256197
,37.38770757797188
,43.42979418980709
,54.75583487282899
,56.375481664214476
,56.90387707133314
,56.85792964462718
,55.68627026362491
,52.57333210429536
,51.30977786988115
,48.07048428711018
,40.661461730772324
,38.90397265926893
,35.538323653056544
,40.282395460448065
,44.80821699098623
,53.37741207164986
,53.36592521497336
,59.02894555648432
,48.44955055743444
,45.19877011798698
,37.18094415779501
,33.91867686167105
,32.18416150352064
,34.53896712220166
,35.538323653056544
,40.293882317124556
,51.30977786988115
,51.43613329332257
,46.806930052695975
,46.76098262599
,46.70354834260755
,45.23323068801646
,57.75390446539362
,54.5835320226816
,56.27209995412605
,50.517184759203154
,49.65567050846619
,48.552932267522884
,55.38761199003609
,63.76153050719935
,57.74241760871712
,59.79856495380933
,62.69325283628552
,58.546497576071616
,43.84332103016083
,39.225604646210726
,36.36537733376402
,38.570853815650636
,48.2083265672281
,57.845799318805554
,59.10935355321976
,60.66007920454629
,59.28165640336715
,61.26888260840041
,60.69453977457577
,53.974728618827484
,58.500550149365644
,53.49228063841478
,46.02582379869446
,39.29452578626968
,35.82549506996886
,35.9173899233808
,43.95818959692576
,57.86877303215854
,73.70914838904211
,69.02251086503306
,57.7768781787466
,56.19169195739059
,49.91986821202552
,44.53253243075041
,37.16945730111851
,37.02012816432411
,36.2275350536461
,37.46811557470733
,50.79286931943898
,57.75390446539362
,55.674783406948414
,52.492924107559915
,57.79985189209958
,44.53253243075041
,49.02389339125908
,45.54337581828176
,44.19941358713211
,37.031615021000604
,32.52876720381542
,24.039980119887254
,33.551097448023285
,33.59704487472925
,23.844703556386868
,2.996058688552438
,-8.674587694764256
,-14.050436619362884
,-15.819412547542768
,-27.719796064389314
,-37.20793967917237
,-25.698109289326567
,-17.381625055545797
,-5.113662125051491
,23.178465869150294
,47.17450946634374
,49.71310479184865
,51.64289671349944
,53.02131951467858
,50.919224742880395
,59.189761549955215
,51.459107006675566
,43.64804446666045
,38.98438065600438
,34.14841399520091
,25.728548051331686
,19.92768542970282
,5.167074600409578
,-4.734595854727232
,-18.277599876312223
,-46.8913598574558
,-65.91359451372787
,-502.36820079374826
,-106.14056659480565
,-89.33529527709669
,-65.63790995349206
,-20.26482608134549
,-5.4927283953757495
,33.8382688649356
,51.89560756038229
,61.03914547487055
,61.188474611664965
,66.23120469264529
,61.981067722342964
,49.954328782055
,49.12727510134752
,49.13876195802401
,47.33532545981464
,40.87971200762569
,46.152179222135885
,50.50569790252665
,49.93135506870202
,49.12727510134752
,40.8567382942727
,35.84846878332184
,16.27486500657811
,-2.8507513597824072
,-7.514415170438468
,-6.72182205976047
,10.14088354133095
,26.647496585451115
,32.092266650108705
,49.13876195802401
,49.98878935208448
,50.252987055643814
,54.192978895680845
,46.140692365459394
,39.06478865273983
,45.45148096486982
,37.870155558384575
,27.922537676541815
,18.572236341876675
,15.964719876312813
,24.120388116622692
,26.67047029880409
,45.40553353816385
,46.49678492243068
,38.91545951594542
,17.28570839410947
,1.91629416096211
,-8.800943118205666
,-14.314634322922217
,-11.844960137476264
,-12.522684681389336
,-6.733308916436968
,15.252534762370253
,45.933928945282524
,50.55164532923263
,50.252987055643814
,50.02324992211396
,49.26511738146543
,46.71503519928403
,55.20382228321221
,52.83752980785469
,51.665870426852436
,47.17450946634374
,47.17450946634374
,48.495497984140414
,49.954328782055
,70.36647309618272
,82.35875146644119
,52.30913440073603
,39.70805262662342
,30.63343585219411
,14.655218215192633
,11.668635479304498
,9.003684730358174
,7.751617352620457
,28.18673538010114
,48.346168847346014
,53.354438358296875
,47.185996323020234
,48.805643114405726
,51.08004073635129
,66.5758103929401
,53.733504628621134
,80.53234125487883
,79.15391845369969
,56.47886337430292
,54.870703439593925
,55.548427983507
,63.54328023034599
,79.1654053103762
,76.89100768843062
,63.57774080037547
,78.2005093495508
,61.9236334389605
,49.11578824467104
,45.06092783786907
,38.60531438568011
,38.74315666579803
,47.16302260966725
,63.58922765705195
,79.11945788367022
,93.65033157943361
,50.00027620876097
,50.735435036056515
,50.735435036056515
,49.804999645260594
,48.33468199066951
,50.011763065437464
,49.11578824467104
,48.702261404317284
,47.289378033108676
,47.23194374972621
,47.34681231649114
,50.03473677879045
,52.59630581764834
,52.06791041052968
,49.69013107849567
,47.289378033108676
,46.73800891263702
,33.378794597875896
,30.79425184566501
,31.885503229931828
,35.22817852279123
,45.21025697466347
,46.1292055087829
,51.99898927047072
,54.17000518232786
,54.31933431912226
,52.06791041052968
,51.96452870044124
,51.355725296587124
,45.0034935544866
,46.1292055087829
,46.37042949898925
,39.63913148656447
,33.66596601478821
,33.6774528714647
,37.75528699161965
,39.685078913270445
,39.63913148656447
,35.940363636733785
,21.51287165105883
,13.966006814603055
,-0.08241890074762637
,-4.815003851462663
,-1.1047491449554911
,6.74077396508909
,18.882381472141972
,37.307299581236435
,42.82099078595297
,49.012406534582595
,43.44128104648358
,45.22174383133997
,45.0034935544866
,44.99200669781011
,48.771182544376245
,47.76033915684488
,47.74885230016838
,40.293882317124556
,38.318142968767795
,36.583627610617384
,37.81272127500211
,36.629575037323356
,25.533271487831314
,4.3400209197020985
,-6.147479225935825
,-6.27383464937725
,-10.121931636002344
,-11.247643590298637
,-12.247000121153505
,-7.525902027114967
,2.134544437815478
,32.36795121034452
,33.6774528714647
,39.420881209711105
,47.530602023315026
,48.88605111114117
,49.253630524788946
,48.89753796781766
,49.89689449867254
,39.93778976015328
,37.238378441177474
,34.435585412113234
,34.022058571759494
,39.34047321297565
,50.563132185909126
,48.89753796781766
,50.03473677879045
,50.96517216958637
,48.44955055743444
,46.19812664884185
,38.547880102297654
,26.188022318391404
,14.080875381367989
,10.267238964772375
,28.979328490779153
,33.976111145053515
,48.702261404317284
,49.05835396128856
,49.06984081796506
,48.90902482449415
,48.90902482449415
,47.50762830996203
,49.72459164852515
,48.89753796781766
,39.82292119338835
,37.46811557470733
,36.388351047117006
,38.306656112091304
,45.095388407898554
,49.621209938436714
,51.89560756038229
,50.080684205496425
,39.662105199917455
,38.076918978561444
,35.98631106343975
,34.010571715082996
,31.598331813019513
,34.52748026552517
,36.652548750676345
,35.85995563999833
,47.86372086693331
,51.03409330964533
,50.046223635466944
,48.89753796781766
,49.667157365142685
,49.046867104612076
,77.12074482196047
,68.75831316147371
,65.17441387840796
,60.41885521433994
,59.08637983986678
,63.76153050719935
,78.16604877952132
,94.75306982037691
,89.73331345274957
,65.97849384576246
,46.140692365459394
,28.025919386630243
,-11.351025300387064
,-15.095740576923731
,-16.30186052795547
,-14.153818329451312
,0.23921308619415527
,40.56956687736038
,61.395238031841835
,52.29764754405953
,71.1820399202137
,74.63958377983803
,102.55264550371554
,86.28725644980173
,49.81648650193709
,50.746921892733
,51.53951500341101
,48.90902482449415
,46.74949576931351
,51.88412070370579
,54.7443480161525
,49.81648650193709
,49.82797335861358
,43.95818959692576
,50.62056646929158
,30.093553588398954
,21.09934481070509
,16.401220430019535
,16.75731298699081
,31.46048953290159
,43.969676453602254
,51.09152759302779
,52.34359497076551
,50.011763065437464
,50.40231619243822
,50.746921892733
,51.99898927047072
,50.287447625673295
,52.38954239747147
,46.02582379869446
,43.86629474351382
,45.61229695834072
,44.647400997515334
,43.93521588357277
,53.10172751141403
,54.65245316274056
,54.64096630606406
,54.65245316274056
,51.51654129005802
,47.496141453285546
,45.65824438504669
,30.013145591663502
,29.151631340926542
,30.024632448339993
,47.11707518296129
,52.435489824177445
,53.331464644943885
,50.723948179380024
,51.03409330964533
,51.88412070370579
,52.05642355385318
,50.58610589926211
,54.75583487282899
,53.82539948203308
,53.090240654737535
,46.221100362194846
,45.15282269128102
,45.095388407898554
,45.22174383133997
,45.1872832613105
,45.22174383133997
,44.417663863985474
,35.15925738273227
,30.81722555901799
,24.91298122730069
,13.759243394426193
,8.842868736887269
,31.334134109460173
,42.22367423877535
,42.80950392927648
,45.79608666516461
,53.88283376541554
,55.37612513335961
,54.813269156211454
,68.06910176088415
,55.18084856985922
,45.21025697466347
,41.201343994567495
,38.145840118620406
,41.43108112809734
,38.111379548590925
,32.701070053962816
,33.42474202458186
,18.6871049086416
,18.882381472141972
,6.602931684971168
,-19.70197010419733
,-32.050341031427095
,-58.447137674007564
,-106.34733001498253
,-130.14809704867562
,-116.35238218020774
,-52.60032762567272
,-22.860855690232853
,37.651905281531214
,45.54337581828176
,46.25556093222433
,45.92244208860603
,51.148961876410254
,49.12727510134752
,40.282395460448065
,38.06543212188495
,38.03097155185547
,36.25050876699909
,36.52619332723492
,33.5281237346703
,35.595757936439
,42.12029252868691
,42.878425069335435
,37.62893156817823
,18.67561805196511
,-2.839264503105909
,-9.099601391794494
,-10.133418492678828
,-5.6535443888466546
,5.155587743733079
,22.30546476173683
,42.625714222452594
,51.65438357017594
,53.26254350488493
,56.23763938409657
,53.836886338709576
,55.318690849977145
,50.79286931943898
,47.289378033108676
,44.76226956428025
,43.26897819633619
,41.56892340821526
,40.960120004361144
,39.93778976015328
,40.39726402721299
,41.46554169812682
,40.3857771705365
,40.2249611770656
,39.007354369357365
,20.077014566497233
,4.937337466879725
,1.192622190343073
,4.156231212878211
,30.277343295222835
,40.39726402721299
,47.20897003637322
,48.69077454764079
,47.30086488978516
,47.289378033108676
,47.082614612931806
,47.20897003637322
,44.03859759366121
,37.81272127500211
,41.591897121568245
,37.61744471150173
,37.284325867883446
,34.653835688966595
,33.53961059134679
,35.44642879964459
,39.06478865273983
,38.85802523256295
,37.870155558384575
,33.40176831122887
,26.48668059198021
,19.629027156114013
,14.000467384632536
,23.362255575974174
,29.72597417475118
,36.26199562367558
,39.662105199917455
,37.61744471150173
,36.652548750676345
,38.36409039547377
,39.19114407618125
,41.87906853848056
,39.54723663315252
,39.12222293612229
,39.2600652162402
,36.68700932070582
,37.08904930438306
,36.02077163346923
,37.61744471150173
,37.238378441177474
,39.248578359563716
,39.248578359563716
,37.697852708237185
,37.99651098182599
,36.33091676373454
,35.85995563999833
,35.81400821329236
,34.665322545643086
,34.424098555436736
,36.04374534682222
,38.283682398738314
,37.10053616105956
,37.066075591030085
,37.456628718030835
,37.95056355512002
,37.70933956491368
,35.699139646527435
,33.26392603111096
,33.26392603111096
,33.27541288778745
,35.84846878332184
,32.701070053962816
,32.32200378363855
,33.27541288778745
,32.701070053962816
,32.712556910639314
,32.31051692696206
,36.69849617738231
,37.29581272455993
,33.70042658481769
,32.701070053962816
,32.689583197286325
,43.26897819633619
,40.558080020683896
,40.282395460448065
,35.14777052605578
,34.18287456523039
,34.07949285514195
,33.64299230143522
,34.630861975613605
,33.53961059134679
,38.77761723582751
,43.49871532986605
,38.789104092504004
,33.723400298170674
,28.921894207396683
,28.80702564063175
,30.105040445075446
,29.0482496308381
,29.10568391422057
,38.08840583523794
,25.464350347772353
,18.03235407808151
,15.539706179282575
,2.456176424757274
,-0.38107717433645405
,8.888816163593248
,22.44330704185475
,33.68893972814119
,31.31116039610719
,43.05072791948283
,42.56827993907013
,38.69720923909206
,40.454698310595454
,42.878425069335435
,44.19941358713211
,38.72018295244504
,36.595114467293875
,35.113309956026306
,33.66596601478821
,33.63150544475873
,34.07949285514195
,34.06800599846546
,34.06800599846546
,20.720278540380832
,1.8818335909326294
,-5.125148981727975
,-12.580118964771813
,-22.95275054364481
,-24.848081895266105
,-17.209322205398408
,-5.561649535434711
,31.368594679489654
,37.97353726847301
,47.85223401025682
,45.63527067169371
,44.26833472719106
,42.85545135598245
,42.39597708892274
,42.99329363610036
,44.383203293955994
,43.42979418980709
,38.67423552573907
,35.951850493410284
,34.883572822496454
,40.247934890418584
,50.907737886203904
,51.99898927047072
,45.566349531634756
,46.23258721887133
,38.66274866906258
,32.034832366726235
,26.119101178332443
,26.06166689494998
,34.07949285514195
,35.101823099349815
,43.75142617674889
,79.37216873055307
,45.566349531634756
,45.55486267495826
,44.07305816369069
,45.26769125804594
,43.87778160019031
,56.30656052415552
,47.737365443491896
,38.20327440200287
,36.33091676373454
,34.29774313199531
,37.18094415779501
,45.21025697466347
,51.53951500341101
,67.05825837335277
,57.14510106153949
,35.85995563999833
,24.442020103564495
,16.171483296489676
,8.613131603357417
,9.761817271006691
,29.174605054279525
,36.7099830340588
,41.43108112809734
,54.51461088262265
,45.33661239810489
,45.54337581828176
,46.54273234913664
,47.30086488978516
,45.325125541428406
,45.45148096486982
,38.91545951594542
,35.58427107976251
,38.66274866906258
,38.39855096550324
,38.89248580259243
,39.37493378300513
,45.910955231929535
,48.66780083428782
,47.737365443491896
,38.731669809121534
,38.20327440200287
,33.94165057502404
,30.81722555901799
,31.563871242990032
,32.45984606375647
,32.45984606375647
,31.782121519843393
,40.62700116074285
,48.57590598087586
,48.54144541084639
,51.780738993617355
,49.57526251173074
,45.66973124172319
,42.78653021592349
,41.47702855480331
,41.45405484145033
,40.39726402721299
,38.4674721055622
,40.05265832691821
,42.30408223551079
,42.18921366874587
,42.16623995539288
,40.730382870831285
,40.46618516727195
,40.489158880624935
,39.214117789534235
,34.81465168243749
,33.757860868200154
,35.18223109608526
,39.891842333447315
,40.21347432038911
,41.08647542780256
,46.23258721887133
,46.221100362194846
,46.347455785636264
,47.496141453285546
,46.91031176278442
,36.93972016758866
,43.797373603454865
,42.683148505835064
,37.272839011206955
,36.93972016758866
,37.64041842485472
,40.44321145391896
,39.99522404353574
,39.82292119338835
,33.6774528714647
,26.291404028479832
,23.24738700920924
,23.27036072256223
,17.43503753090389
,19.78984314958491
,24.419046390211513
,25.292047497624964
,24.568375527005912
,36.50321961388193
,39.82292119338835
,39.82292119338835
,39.214117789534235
,39.616157773211484
,41.30472570465592
,45.52040210492878
,38.789104092504004
,37.054588734353594
,38.352603538797275
,31.759147806490404
,33.62001858808224
,38.77761723582751
,33.6774528714647
,32.299030070285575
,8.705026456769346
,-8.51377170129335
,-14.038949762686386
,-36.40385971181787
,-46.06430617674832
,-38.00053278985037
,-14.326121179598715
,-1.9892371090454475
,16.332299289960574
,42.775043359247
,50.804356176115476
,51.10301444970428
,52.906450947913655
,50.7584087494095
,51.75776528026437
,51.51654129005802
,43.71696560671941
,42.60274050909961
,42.23516109545184
,41.201343994567495
,41.557436551538764
,41.189857137890996
,45.10687526457504
,37.8356949883551
,5.971154567764074
,-12.545658394742333
,-24.57239733503029
,-40.320877838501914
,-69.64682293358803
,-59.009993651155696
,-28.018454337978127
,0.7331479232833544
,17.412063817550894
,46.2900215022538
,46.08325808207693
,52.492924107559915
,53.04429322803156
,52.492924107559915
,49.57526251173074
,43.4183073331306
,42.924372496041414
,42.924372496041414
,44.34874272392651
,44.76226956428025
,45.33661239810489
,48.5184716974934
,44.94605927110415
,44.99200669781011
,37.651905281531214
,39.593184059858494
,26.084640608302962
,6.200891701293926
,-2.127079389163356
,4.512323769849488
,22.454793898531236
,41.201343994567495
,52.38954239747147
,60.87832948139965
,56.869416501303675
,56.341021094185
,56.23763938409657
,55.559914840183495
,55.00854571971183
,55.146387999829756
,50.4252899057912
,37.422168148001354
,39.75400005332939
,48.42657684408147
,43.61358389663097
,50.83881674614496
,55.23828285324169
,61.93512029563699
,64.19803106090608
,53.526741208444264
,33.68893972814119
,30.311803865252315
,25.763008621361166
,32.59768834387438
,48.02453686040421
,68.12653604426662
,58.87961641968991
,62.84258197307993
,56.0193891072432
,56.0193891072432
,56.0193891072432
,56.007902250566715
,54.870703439593925
,75.99503286766418
,79.38365558722955
,67.6900354905599
,60.13168379742763
,57.62754904195219
,64.12910992084711
,67.77044348729534
,79.38365558722955
,68.89615544159163
,63.99126764072921
,77.09777110860749
,79.44108987061202
,72.41113358459843
,69.71172226562261
,69.47049827541628
,75.71934830742835
,70.17119653268233
,72.1469358810391
,104.29864771854244
,62.32567342263775
,59.12084040989625
,58.557984432748114
,61.09657975825302
,57.937694172217505
,67.70152234723638
,55.33017770665363
,50.746921892733
,54.82475601288795
,54.158518325651364
,56.47886337430292
,58.46608957933616
,61.7628174454896
,62.23377856922581
,57.926207315541006
,54.61799259271108
,43.75142617674889
,11.932833182863831
,-0.9209594381316037
,-1.3459731351618416
,11.438898345774646
,37.043101877677096
,57.684983325334656
,63.25610881343367
,77.99374592937393
,69.29819542526887
,68.9421028682976
,66.59878410629307
,67.23056122350017
,60.016815230662694
,63.818964790581816
,64.41628133775943
,63.382464236875094
,63.267595670110154
,65.09400588167252
,55.318690849977145
,68.56303659797334
,74.61661006648505
,68.10356233091363
,52.975372087972616
,44.91159870107467
,35.4349419429681
,31.161831259312784
,32.17267464684415
,43.65953132333695
,51.93006813041176
,53.951754905474495
,63.58922765705195
,69.34414285197485
,68.56303659797334
,67.17312694011771
,69.906998829123
,69.57387998550472
,81.83035605932251
,80.93438123855609
,77.33899509881384
,69.48198513209276
,60.90130319475264
,61.154014041635484
,75.32879518042759
,78.25794363293326
,80.84248638514414
,71.89422503415625
,61.96958086566647
,53.23956979153194
,41.91352910851004
,37.031615021000604
,32.953780900845665
,39.39790749635812
,54.34230803247525
,61.06211918822354
,71.88273817747975
,77.37345566884332
,73.30710840536487
,77.27007395875488
,70.25160452941778
,69.52793255879874
,76.12138829110559
,73.01993698845256
,65.54199329205574
,59.32760383007312
,58.86812956301341
,58.592445002777595
,58.500550149365644
,66.38053382943971
,66.86298180985241
,71.46921133712601
,63.87639907396427
,57.70795703868764
,51.2408567298222
,35.65319221982146
,30.34626443528179
,42.912885639364916
,52.89496409123716
,64.81832132143668
,74.07672780268987
,76.2822042845765
,86.66632272012599
,82.25536975635275
,74.11118837271935
,74.11118837271935
,90.95092026045782
,78.86674703678737
,74.11118837271935
,75.75380887745783
,75.76529573413433
,76.73019169495971
,96.14297947823255
,136.7145572596051
,139.65519256878727
,115.45238555141695
,84.47233309491587
,89.43465517916076
,75.6619140240459
,71.1935267768902
,72.33072558786297
,76.47748084807688
,88.2629957981585
,81.47426350235125
,131.6488534652718
,130.9941026347117
,138.79367831805033
,119.12817968789466
,109.789365209906
,90.60631456016301
,72.05504102762715
,69.51644570212224
,67.62111435050093
,65.70280928552663
,67.60962749382443
,69.48198513209276
,77.27007395875488
,80.15327498455457
,80.7505915317322
,79.22283959375865
,75.84570373086977
,50.735435036056515
,26.03869318159699
,16.137022726460195
,22.477767611884225
,44.635914140838835
,70.14822281932935
,97.21125714914638
,107.11292760428317
,90.91645969042833
,116.31389980215391
,107.12441446095967
,103.60943631795287
,82.91012058691285
,91.46782881089997
,85.09262335544648
,74.47876778636713
,66.86298180985241
,61.785791158842585
,69.34414285197485
,88.98666776877754
,94.60374068358252
,87.04538899045025
,66.20823097929231
,59.5458541069265
,53.388898928326356
,45.38255982481087
,32.33349064031504
,14.425481081662774
,35.58427107976251
,48.54144541084639
,48.46103741411095
,71.81381703742079
,98.9457725072968
,100.24378731174048
,96.56799317526279
,95.09767552067171
,89.90561630289696
,77.92482478931497
,74.6970180632205
,72.02058045759767
,71.59556676056744
,70.75702622318347
,82.38172517979417
,100.209326741711
,99.47416791441547
,100.35865587850542
,72.08950159765664
,51.114501306380774
,48.392116274051986
,-11.259130446975135
,-16.956611358515573
,-18.116783882841332
,7.039432238677904
,-2.1500531025163525
,57.40929876509883
,92.7084093319612
,111.71915713155678
,120.75931333595662
,91.65161851772388
,95.87878177467321
,82.87566001688337
,69.49347198876926
,59.32760383007312
,53.078753798061044
,53.37741207164986
,49.91986821202552
,55.39909884671259
,74.2145700828078
,78.07415392610937
,59.31611697339663
,59.25868269001417
,48.42657684408147
,11.691609192657495
,-10.523971619679585
,-11.373999013740047
,-10.167879062708309
,28.967841634102655
,53.503767495091274
,53.51525435176777
,57.32889076836338
,93.15639674234444
,102.70197464050993
,98.76198280047291
,101.32355183933082
,98.33696910344267
,100.63434043874123
,98.7964433705024
,95.9247292013792
,94.46589840346459
,92.260421921578
,92.16852706816604
,92.43272477172538
,81.74994806258708
,58.351221012571244
,7.579314502473068
,-11.270617303651633
,-25.227148165590364
,-39.321521307647046
,-58.40119024730157
,-61.58304954669009
,-52.715196192437645
,-25.192687595560898
,-11.190209306916174
,55.559914840183495
,80.7735652450852
,77.36196881216684
,72.07801474098014
,67.1846137967942
,49.24214366811245
,8.762460740151823
,-5.481241538699251
,-4.401477011108923
,-10.190852776061305
,-10.432076766267656
,-4.114305594196608
,-1.7939605455450618
,-2.4372245194286677
,4.914363753526729
,-10.489511049650105
,-12.396329257947912
,-23.193974533851147
,-30.59151023351251
,-38.95394189399927
,-45.29468677942329
,-32.45238101510435
,-23.71088308429333
,4.833955756791283
,78.75187847002245
,101.35801240936027
,102.52967179036256
,100.53095872865279
,98.84239079720835
,93.63884472275711
,78.18902249287432
,75.20243975698618
,76.69573112493023
,75.20243975698618
,76.89100768843062
,87.48188954415697
,109.52516750634668
,138.71327032131487
,126.5372022442325
,96.4071771817919
,83.55338456079643
,78.13158820949184
,75.0186500501623
,73.81253009913056
,73.75509581574809
,75.1909529003097
,81.96819833944043
,109.18056180605188
,135.12937103824913
,113.87868618673744
,143.66410554888327
,136.85239953972302
,132.72861799286213
,116.07267581194756
,106.10208421675182
,101.36949926603677
,101.63369696959612
,98.09574511323633
,98.19912682332476
,107.388612164519
,145.8810688874464
,163.59380188259826
,128.75416558279562
,103.17293576424615
,71.6759747573029
,43.87778160019031
,12.288925739835115
,-0.7027091612782499
,3.9150072226718606
,26.76236515221604
,66.49540239620464
,98.81941708385537
,115.08480613776918
,130.5461152243285
,133.85432994715842
,124.1594229121985
,114.54492387397401
,91.55972366431193
,90.87051226372236
,86.74673071686144
,85.25343934891737
,87.12579698718571
,87.88392952783423
,95.89026863134971
,115.0733192810927
,135.72668758542673
,111.48941999802693
,94.41995097675863
,80.89992066852662
,61.47564602857729
,26.394785738568274
,14.161283378103434
,12.98962399710117
,36.88228588420619
,71.84827760745027
,93.23680473907987
,113.84422561670796
,129.8913643937684
,134.1989356474532
,129.79946954035645
,118.53086314071702
,106.58453219716452
,98.10723196991282
,93.21383102572689
,90.77861741031042
,90.20427457648577
,92.35231677498993
,104.13783172507154
,124.12496234216901
,141.01064165661342
,132.7745654195681
,109.35286465619927
,96.77475659543965
,82.9905285836483
,55.44504627341856
,41.36215998803839
,42.23516109545184
,72.02058045759767
,84.85139936524013
,108.81298239240411
,130.08664095726877
,133.83135623380542
,156.98885929361492
,143.38842098864745
,129.50081126676764
,117.79570431342148
,109.54814121969966
,106.59601905384099
,103.01211977077526
,103.47159403783496
,103.95404201824766
,111.61577542146836
,118.33558657721665
,132.5907757127442
,132.84348655962705
,120.66741848254468
,105.83788651319247
,92.15704021148956
,85.27641306227035
,76.2822042845765
,76.7646522649892
,87.68865296433385
,96.60245374529228
,112.90230336923555
,121.57488015998761
,118.61127113745248
,119.40386424813047
,118.45045514398157
,110.00761548675936
,103.39118604109952
,103.71281802804131
,103.13847519421668
,102.1506055200383
,102.16209237671478
,100.89853814230057
,102.18506609006778
,100.73772214882968
,102.57561921706852
,96.16595319158554
,79.71677443084785
,52.35508182744199
,24.95892865400667
,3.719730659171475
,-9.926655072501973
,-8.858377401588129
,3.570401522377068
,23.90213783976933
,75.30582146707461
,110.9150771642023
,121.73569615345852
,125.67568799349553
,112.31647367873441
,106.56155848381152
,91.34147338745856
,85.40276848571179
,82.62294917000054
,81.2445263688214
,80.57828868158481
,77.94779850266795
,80.279630407996
,78.76336532669896
,70.90635535997788
,53.60714920517971
,46.23258721887133
,9.061119013740637
,-10.455050479620624
,-12.614579534801294
,-14.670726879893493
,-8.008350007527667
,36.46875904385245
,46.93328547613739
,77.95928535934445
,108.65216639893322
,136.0712932857215
,138.81665203140332
,124.28577833563992
,116.07267581194756
,109.43327265293472
,91.90432936460671
,88.274482654835
,82.54254117326508
,81.78440863261656
,83.97839825782667
,96.45312460849786
,124.1594229121985
,149.92444243757183
,132.94686826971548
,115.0618324244162
,94.8105041037594
,87.94136381121669
,80.00394584776018
,70.46985480627116
,73.53684553889471
,82.01414576614641
,96.45312460849786
,109.42178579625823
,145.5134894737986
,180.27271777686582
,185.68302727149393
,148.7068356298636
,120.88566875939804
,112.0293022618221
,115.62468840156433
,105.68855737639808
,103.31077804436406
,100.16337931500503
,103.33375175771705
,115.91185981847666
,138.23082234090217
,165.21344867398375
,156.03545018946602
,130.0406935305628
,119.30048253804203
,102.79386949392187
,95.23551780078961
,92.5820539085198
,93.88006871296348
,109.34137779952277
,110.82318231079036
,129.78798268367996
,180.1233886400714
,261.4618207663169
,255.5920370046291
,173.40357748432314
,138.09298006078427
,120.27686535554393
,116.30241294547741
,113.17798792947139
,109.64003607311159
,105.1601619692794
,111.12184058437916
,122.64315783090143
,155.0935279419936
,194.16032749874563
,169.50953307099206
,129.0757975697374
,119.48427224486592
,112.20160511196949
,107.15887503098915
,102.4492637936271
,103.01211977077526
,109.13461437934592
,115.16521413450464
,127.42169020832245
,178.91726868903967
,133.98068537059984
,126.18110968726123
,127.23790050149856
,123.28642180478504
,106.4352030603701
,98.19912682332476
,94.24764812661124
,92.0766322147541
,91.00835454384027
,91.15768368063468
,96.44163775182137
,114.13139703362027
,126.50274167420301
,118.32409972054015
,95.69499206784934
,87.27512612398012
,87.26363926730362
,88.28596951151147
,92.01919793137164
,91.15768368063468
,92.0881190714306
,95.30443894084857
,91.99622421801865
,103.95404201824766
,111.14481429773215
,107.5494281579899
,97.80857369632402
,97.50991542273519
,94.23616126993475
,85.41425534238827
,84.80545193853416
,85.43722905574126
,82.95606801361882
,82.74930459344195
,87.51635011418645
,90.25022200319175
,101.90938152983193
,106.09059736007532
,95.43079436429
,87.6197318242749
,82.1979354729703
,80.91140752520309
,80.94586809523257
,80.92289438187959
,82.89863373023636
,87.6082449675984
,93.45505501593324
,103.37969918442302
,105.37841224613275
,109.4792200796407
,108.95082467252203
,104.9993459758085
,97.03895429899899
,95.78688692126127
,92.76584361534367
,93.71925271949257
,95.41930750761351
,96.45312460849786
,96.41866403846838
,108.43391612207986
,108.8359561057571
,97.91195540641243
,82.73781773676545
,49.06984081796506
,17.14786611399157
,-6.285321506053748
,-13.648396635685629
,-12.993645805125553
,19.433750592613634
,71.42326391042005
,96.46461146517436
,116.56661064903676
,114.63681872738596
,114.99291128435723
,110.57047146390752
,100.62285358206475
,94.37400355005266
,92.68543561860821
,87.42445526077452
,84.2770565314155
,82.74930459344195
,82.26685661302925
,84.28854338809198
,87.25215241062713
,86.52848044000808
,79.85461671096576
,55.43355941674207
,11.484845772480611
,-1.414894275220803
,-7.663744307232889
,-7.755639160644833
,-8.18065285767507
,9.509106424123857
,63.95680707069973
,100.11743188829905
,128.89200786291354
,137.97811149401932
,135.54289787860284
,122.19517042051822
,104.90745112239655
,94.39697726340566
,92.44421162840187
,90.76713055363392
,87.53932382753945
,87.94136381121669
,88.69949635186522
,97.31463885923482
,132.74010484953862
,161.05520655709336
,164.0188155796285
,132.3036042958319
,120.58701048580923
,115.01588499771022
,103.50605460786443
,98.03831082985387
,98.98023307732628
,102.27696094347971
,103.14996205089315
,104.49392428204281
,97.6822182728826
,132.40698600592032
,124.19388348222797
,100.58839301203527
,92.42123791504889
,82.27834346970573
,57.38632505174584
,45.22174383133997
,48.36914256069899
,47.43870716990308
,56.157231387361115
,73.66320096233613
,98.08425825655983
,125.57230628340712
,110.54749775055453
,91.38742081416453
,82.6459228833535
,80.22219612461353
,-2.735882793017467
,-9.122575105147476
,-12.786882384948669
,76.85654711840114
,86.32171701983121
,85.57507133585918
,71.90571189083275
,87.58527125424541
,87.71162667768684
,77.86739050593252
,80.46342011481988
,72.27329130448051
,56.60521879774433
,43.831834173484346
,40.44321145391896
,39.214117789534235
,47.4042465998736
,84.03583254120913
,97.02746744232249
,110.45560289714257
,108.05484985175559
,100.82961700224162
,88.20556151477604
,86.22982216641927
,77.53427166231421
,77.61467965904967
,80.68167039167324
,85.66696618927111
,92.8807121821086
,104.16080543842453
,121.6093407300171
,133.98068537059984
,127.69737476855828
,116.03821524191807
,111.84551255499821
,100.3816295918584
,92.06514535807761
,86.60888843674354
,84.33449081479796
,81.85332977267551
,84.70207022844572
,90.43401171001564
,113.59151476982512
,144.7208963631206
,143.48031584205938
,110.07653662681832
,98.34845596011917
,87.38999469074504
,81.30196065220386
,79.05053674361127
,81.5546714990867
,86.87308614030286
,95.20105723076014
,120.38024706563235
,137.94365092398985
,144.95063349665048
,106.89467732742982
,106.60750591051749
,103.81619973812974
,95.14362294737768
,94.53481954352355
,91.03132825719325
,88.38935122159991
,87.99879809459915
,87.38999469074504
,90.97389397381079
,112.59215823897023
,133.91176423054088
,135.87601672222115
,109.16907494937539
,97.8430342663535
,83.82906912103228
,78.56808876319857
,70.28606509944726
,59.90194666389776
,65.57645386208522
,69.64280112556365
,74.74296548992648
,94.45441154678812
,102.73643521053941
,96.85516459217511
,82.93309430026584
,76.94844197181308
,70.49282851962414
,61.62497516537168
,51.872633847029306
,45.773112951811626
,39.386420639681624
,40.006710900212234
,49.02389339125908
,64.93318988820161
,81.29047379552736
,80.81951267179116
,71.99760674424469
,37.054588734353594
,18.089788361463974
,-6.250860936024267
,-12.40781611462441
,-13.120001228566963
,-0.3121560342774927
,19.399290022584154
,73.86996438251302
,96.15446633490905
,98.50927195359007
,99.54308905447442
,94.6267143969355
,94.38549040672916
,84.85139936524013
,72.10098845433312
,69.45901141873978
,67.44881150035353
,67.62111435050093
,66.98933723329384
,64.02572821075867
,68.49411545791438
,69.30968228194537
,60.21209179416307
,36.8707990275297
,0.9284244867837259
,-9.145548818500444
,-13.774752059127053
,-15.302503997100587
,-18.346521016371184
,-14.314634322922217
,16.148509583136693
,69.64280112556365
,99.88769475476921
,103.80471288145326
,101.51882840283118
,101.59923639956664
,98.07277139988334
,91.95027679131267
,86.29874330647822
,86.22982216641927
,84.265569674739
,85.91967703615396
,85.48317648244723
,88.63057521180626
,105.89532079657494
,135.30167388839652
,133.91176423054088
,118.61127113745248
,107.07846703425369
,101.00191985238901
,99.37078620432703
,90.3191431432507
,91.6171579476944
,91.07727568389923
,92.42123791504889
,95.6030972144374
,120.78228704930962
,123.17155323802012
,115.32603012797554
,93.70776586281607
,92.43272477172538
,84.40341195485692
,90.41103799666266
,90.66374884354549
,89.35424718242531
,84.81693879521066
,84.25408281806251
,92.01919793137164
,108.65216639893322
,130.32786494747512
,121.97692014366486
,116.3253866588304
,97.80857369632402
,92.16852706816604
,84.11624053794459
,75.42069003383953
,67.1961006534707
,81.89927719938147
,86.00008503288942
,91.96176364798917
,107.35415159448954
,126.548689100909
,119.30048253804203
,94.27062183996424
,91.51377623760595
,85.15005763882894
,87.9183900978637
,84.61017537503378
,85.2304656355644
,85.2419524922409
,86.87308614030286
,94.28210869664072
,118.73762656089389
,144.82427807320903
,134.9915287581312
,99.14104907079718
,81.95671148276395
,72.52600215136336
,45.738652381782146
,31.21926554269524
,25.83192976142012
,63.531793373669494
,81.33642122223333
,91.04281511386975
,115.383464411358
,123.81481721190372
,111.8569994116747
,94.10980584649333
,87.88392952783423
,81.89927719938147
,78.25794363293326
,78.43024648308065
,77.47683737893175
,76.21328314451755
,77.14371853531345
,86.80416500024391
,106.4352030603701
,136.14021442578047
,120.86269504604505
,95.02875438061275
,71.51515876383199
,46.23258721887133
,1.4108724671964268
,-4.539319291226846
,-1.2885388517793643
,47.30086488978516
,78.5221413364926
,91.69756594442984
,120.78228704930962
,138.29974348096113
,119.08223226118866
,100.6917747221237
,96.24636118832099
,80.34855154805496
,75.34028203710409
,73.52535868221824
,72.1469358810391
,75.83421687419327
,76.17882257448807
,86.45955929994912
,103.80471288145326
,121.19581388966336
,113.56854105647213
,91.39890767084103
,68.42519431785543
,36.7099830340588
,-0.4959457411013659
,-9.501641375471735
,-2.1615399591928366
,6.671852825030129
,68.49411545791438
,89.61844488598463
,103.8851208781887
,121.56339330331112
,119.65657509501332
,97.92344226308893
,92.61651447854925
,84.00137197117965
,79.30324759049411
,77.99374592937393
,77.15520539198995
,76.94844197181308
,76.36261228131195
,79.54447158070046
,88.96369405542455
,97.08490172570495
,89.98602429963242
,66.89744237988188
,32.18416150352064
,1.9048073042856117
,-9.708404795648605
,-16.38226852469093
,-12.361868687918445
,-6.8596643398783925
,37.697852708237185
,91.72053965778284
,102.29993465683269
,113.35029077961877
,109.27245665946381
,96.12000576487958
,88.59611464177678
,81.73846120591058
,90.11237972307383
,86.65483586344949
,82.24388289967627
,84.39192509818042
,83.67973998423787
,86.57442786671405
,88.69949635186522
,92.18001392484254
,83.96691140115018
,64.71493961134826
,14.402507368309792
,-5.733952385582086
,-13.774752059127053
,-17.462033052281242
,-16.014689111043154
,-4.700135284697751
,64.02572821075867
,103.10401462418719
,112.84486908585308
,112.8218953725001
,110.63939260396647
,109.26096980278734
,102.96617234406928
,95.21254408743664
,89.69885288272009
,86.57442786671405
,86.58591472339053
,86.35617758986069
,86.57442786671405
,96.67137488535121
,124.28577833563992
,120.10456250539653
,113.82125190335498
,110.04207605678883
,99.76133933132779
,91.46782881089997
,86.58591472339053
,84.49530680826885
,85.49466333912373
,89.60695802930815
,103.33375175771705
,119.92077279857266
,123.11411895463766
,120.71336590925065
,111.74213084490978
,114.54492387397401
,102.20803980342075
,90.53739342010407
,89.33127346907231
,86.3446907331842
,84.40341195485692
,86.04603245959538
,84.71355708512222
,89.34276032574881
,115.87739924844718
,126.57166281426197
,116.78486092589011
,114.23477874370872
,96.79773030879264
,87.75757410439282
,78.69444418664
,77.17817910534293
,74.83486034333842
,78.54511504984558
,89.33127346907231
,103.14996205089315
,115.08480613776918
,112.77594794579414
,106.53858477045853
,91.04281511386975
,81.26750008217438
,70.28606509944726
,61.59051459534221
,62.222291712549314
,62.371620849343714
,63.899372787317255
,62.72771340631499
,69.79213026235807
,95.6030972144374
,111.96038112176313
,103.91958144821817
,89.26235232901337
,68.04612804753116
,68.08058861756064
,67.15015322676473
,64.96765045823109
,67.09271894338225
,73.96185923592495
,93.24829159575637
,113.00568507932397
,109.3069172294933
,108.20417898855
,107.81362586154924
,106.10208421675182
,91.1347099672817
,83.58784513082591
,74.35241236292572
,65.31225615852587
,60.38439464431046
,57.14510106153949
,53.88283376541554
,61.22293518169444
,77.02884996854853
,86.3446907331842
,90.99686768716377
,83.45000285070802
,87.42445526077452
,90.92794654710481
,86.44807244327264
,86.57442786671405
,86.47104615662562
,86.43658558659614
,84.05880625456213
,85.81629532606553
,96.67137488535121
,102.28844780015619
,91.03132825719325
,76.1443620044586
,66.5298629662341
,42.76355650257051
,5.385324877262931
,4.546784339878968
,-0.266208607571528
,-1.690578835456634
,8.739487026798827
,27.049536569128364
,68.66641830806178
,69.1029188617685
,60.83238205469368
,49.32255166484791
,47.33532545981464
,37.261352154530464
,18.997250038906913
,17.446524387580375
,48.357655704022505
,63.18718767337471
,49.37998594823036
,70.8604079332719
,61.774304302166094
,74.45579407301415
,64.00275449740569
,57.455246191804804
,55.916007397154765
,41.52297598150928
,9.646948704241765
,2.858216408434515
,1.858859877579647
,2.77780841169907
,5.741417434234208
,9.187474437182047
,27.244813132628735
,54.870703439593925
,51.90709441705879
,36.93972016758866
,12.105136033011227
,46.221100362194846
,7.269169372207756
,-9.90368135914899
,-9.731378509001587
,-8.697561408117224
,6.384681408117814
,65.66834871549716
,95.75242635123179
,103.55200203457042
,105.43584652951523
,89.8481820195145
,86.94200728036182
,77.51129794896123
,71.94017246086221
,66.10484926920387
,60.085736370721655
,57.236995914951436
,61.90065972560751
,66.90892923655838
,72.87060785165814
,87.59675811092191
,72.41113358459843
,30.34626443528179
,-3.505502190342483
,-11.305077873681114
,-11.293591017004616
,-13.71731777574459
,-11.21318302026917
,-9.444207092089272
,52.35508182744199
,92.15704021148956
,108.39945555205037
,112.41985538882285
,109.91572063334742
,84.97775478868155
,73.5598192522477
,65.63388814546768
,37.066075591030085
,19.37631630923117
,14.356559941603813
,15.67754845940049
,22.431820185178253
,67.24204808017667
,86.09197988630136
,92.13406649813658
,87.90690324118721
,71.95165931753871
,67.95423319411921
,67.20758751014719
,58.109997022364894
,57.432272478451814
,57.52416733186375
,43.728452463395904
,70.05632796591739
,71.9861198875682
,97.87749483638297
,97.72816569958856
,93.48951558596272
,71.9861198875682
,72.48005472465739
,68.50560231459087
,59.890459807221276
,51.93006813041176
,51.769252136940864
,48.47252427078743
,46.19812664884185
,67.6900354905599
,93.14490988566794
,109.789365209906
,110.2833000469952
,96.43015089514488
,92.12257964146008
,92.15704021148956
,95.55714978773142
,95.1091623773482
,93.22531788240337
,92.15704021148956
,96.69434859870421
,113.53408048644266
,142.52690673791048
,146.478385434624
,116.35984722885988
,99.66944447791583
,94.84496467378887
,79.36068187387657
,80.24516983796651
,71.54961933386147
,71.58407990389095
,71.05568449677227
,71.05568449677227
,84.67909651509274
,105.76896537313351
,137.54161094031258
,146.11080602097624
,116.15308380868302
,100.93299871233006
,93.09896245896195
,84.5757148050043
,81.7269743492341
,81.40534236229229
,86.3446907331842
,96.83219087882212
,113.01717193600047
,139.7930348489052
,153.91038170431483
,126.13516226055526
,100.34716902182892
,97.00449372896952
,84.93180736197557
,79.38365558722955
,73.915911809219
,71.57259304721445
,71.11311878015474
,70.99825021338981
,76.73019169495971
,94.50035897349407
,102.31142151350919
,104.73514827224918
,96.48758517852734
,76.4430202780474
,69.78064340568157
,66.16228355258636
,55.60586226688946
,56.628192511097325
,70.2171439593883
,81.7040006358811
,101.38098612271327
,118.04841516030432
,136.90983382310552
,117.20987462292035
,102.88576434733383
,96.8666514488516
,89.20491804563089
,79.76272185755381
,76.71870483828323
,73.46792439883578
,76.74167855163621
,78.08564078278587
,82.08306690620537
,99.8991816114457
,118.82952141430584
,138.13892748749024
,113.4306987763542
,98.89982508059083
,90.85902540704588
,86.22982216641927
,82.95606801361882
,80.25665669464301
,85.26492620559387
,95.7409394945553
,109.77787835322951
,137.8862166406074
,149.69470530404197
,133.10768426318637
,109.07718009596346
,103.82768659480624
,94.8105041037594
,101.77153924971404
,92.62800133522575
,88.8832860586891
,85.77034789935955
,85.46020276909425
,86.14941416968381
,94.85645153046536
,106.87170361407684
,108.79000867905114
,100.02553703488712
,77.06331053857801
,62.69325283628552
,47.944128863668766
,31.24223925604823
,34.84911225246697
,56.78900850456822
,79.25730016378813
,103.10401462418719
,117.00311120274347
,147.13313626518408
,117.02608491609647
,100.3816295918584
,95.44228122096649
,80.19922241126055
,71.35434277036109
,63.8419385039348
,61.01617176151757
,62.27972599593177
,58.28229987251228
,62.72771340631499
,68.7698000181502
,68.88466858491513
,64.82980817811317
,52.37805554079498
,15.459298182547123
,4.006902076083804
,-7.732665447291851
,-13.407172645479292
,-15.88833368760173
,-9.214469958559405
,44.601453570809355
,77.82144307922654
,110.52452403720153
,106.32033449360517
,96.98152001561652
,79.13094474034672
,74.19159636945481
,66.5528366795871
,42.039884531951465
,35.480889369674074
,30.39221186198776
,32.253082643579596
,39.420881209711105
,53.744991485297625
,85.43722905574126
,109.28394351614031
,111.60428856479186
,94.47738526014109
,74.42133350298467
,67.56368006711847
,57.225509058274945
,47.048154042902326
,59.92492037725076
,70.42390737956518
,96.97003315894003
,122.562749834166
,163.9384075828931
,185.0627370109633
,131.91305116883115
,101.44990726277223
,94.39697726340566
,78.12010135281535
,69.51644570212224
,64.18654420422958
,58.500550149365644
,54.192978895680845
,51.355725296587124
,63.416924806904575
,86.89605985365586
,109.9501812033769
,113.38475134964825
,93.21383102572689
,76.12138829110559
,72.29626501783349
,75.99503286766418
,79.30324759049411
,80.70464410502623
,88.1021798046876
,105.92978136660442
,117.11797976950842
,154.1401188378447
,168.22300512322488
,117.81867802677448
,94.46589840346459
,81.78440863261656
,68.27586518106102
,57.97215474224697
,53.113214368090524
,47.002206616196354
,46.9217986194609
,48.47252427078743
,58.61541871613058
,92.85773846875561
,113.80976504667848
,114.21180503035573
,90.37657742663318
,66.5298629662341
,61.31483003510638
,54.56055830932861
,54.50312402594615
,56.67413993780329
,68.9421028682976
,86.60888843674354
,108.8474429624336
,123.355342944844
,125.66420113681906
,103.11550148086368
,88.33191693821746
,77.90185107596199
,62.60135798287357
,41.02904114442009
,33.516636877993804
,23.01764987567939
,17.37760324752142
,17.664774664433743
,34.81465168243749
,57.31740391168688
,76.22477000119403
,85.37979477235879
,63.382464236875094
,54.29636060576928
,54.98557200635885
,35.58427107976251
,17.34314267749194
,15.987693589665788
,26.165048605038415
,43.30343876636567
,66.59878410629307
,85.34533420232931
,109.83531263661197
,96.60245374529228
,85.37979477235879
,75.37474260713357
,66.8744686665289
,64.68047904131878
,57.65052275530518
,56.329534237508504
,57.74241760871712
,58.500550149365644
,65.78321728226207
,89.91710315957346
,119.79441737513123
,134.93409447474875
,102.43777693695061
,75.77678259081081
,63.083805963286274
,51.780738993617355
,45.83054723519408
,46.841390622725456
,52.44697668085394
,67.65557492053041
,95.56863664440792
,108.53729783216828
,158.1375449612642
,130.44273351424005
,105.56220195295666
,94.61522754025901
,86.80416500024391
,86.32171701983121
,72.43410729795141
,68.90764229826812
,64.38182076772995
,64.10613620749413
,64.18654420422958
,68.93061601162111
,72.84763413830515
,73.65171410565965
,57.639035898628684
,44.15346616042614
,28.715130787219813
,17.159352970668053
,13.518019404219842
,14.551836505104191
,35.928876780057294
,63.348003666845614
,86.85011242694988
,91.26106539072312
,94.67266182364148
,69.30968228194537
,53.66458348856217
,39.478315493093575
,26.176535461714906
,-10.834116749944897
,-11.247643590298637
,-11.259130446975135
,-11.328051587034082
,-11.316564730357584
,-11.270617303651633
,-11.259130446975135
,-5.4927283953757495
,-6.6529009197015085
,-10.76519560988595
,-14.188278899480792
,-24.698752758471713
,-31.579379907690893
,-35.96735915811115
,-36.49575456522982
,-21.402024892318266
,-11.385485870416545
,15.436324469194133
,56.07682339062566
,69.5853668421812
,59.08637983986678
,50.735435036056515
,50.723948179380024
,42.062858245304454
,26.567088588715663
,22.190596194971903
,25.085284077448094
,26.532628018686182
,40.454698310595454
,55.23828285324169
,92.00771107469515
,119.30048253804203
,117.1294666261849
,110.7542611707314
,94.00642413640489
,88.64206206848276
,77.49981109228473
,73.2496741219824
,75.90313801425224
,89.30829975571933
,98.22210053667776
,98.23358739335424
,112.9941982226475
,118.31261286386365
,112.9941982226475
,105.36692538945627
,103.98850258827713
,93.32869959249182
,94.3280561233467
,85.13857078215246
,81.68102692252812
,85.29938677562336
,84.24259596138602
,93.47802872928622
,96.71732231205719
,169.3257433641682
,177.37802989438964
,123.74589607184475
,99.9106684681222
,87.86095581448123
,77.89036421928549
,75.91462487092873
,76.89100768843062
,84.64463594506326
,92.0881190714306
,101.62221011291962
,104.79258255563164
,105.38989910280925
,95.06321495064223
,79.7971824275833
,61.383751175165344
,52.80306923782521
,26.647496585451115
,17.34314267749194
,12.75988686357131
,7.889459632738365
,4.052849502789769
,16.849207840402755
,43.95818959692576
,66.25417840599829
,62.15337057249035
,44.6933484242213
,18.14722264484643
,8.325960186445087
,-2.2304610992517837
,-7.594823167173928
,-5.733952385582086
,9.463158997417878
,41.557436551538764
,67.80490405732482
,77.51129794896123
,86.58591472339053
,66.13930983923335
,48.46103741411095
,40.902685720978674
,26.67047029880409
,3.2602563921117707
,-5.699491815552605
,-4.7231089980507335
,-7.307651750261613
,-3.608883900430925
,15.183613622311292
,58.982998129778345
,79.02756303025828
,80.63572296496727
,67.00082408997031
,57.52416733186375
,49.85094707196656
,44.03859759366121
,44.72780899425078
,56.52481080100888
,58.994484986454836
,83.19729200382517
,86.96498099371482
,92.31785620496045
,105.36692538945627
,90.08940600972085
,86.27576959312523
,83.94393768779719
,76.83357340504816
,78.98161560355231
,74.91526834007385
,77.14371853531345
,74.51322835639661
,74.80039977330894
,80.89992066852662
,91.99622421801865
,96.56799317526279
,102.9431986307163
,97.26869143252885
,89.73331345274957
,82.8297125901774
,76.74167855163621
,74.67404434986751
,74.62809692316154
,82.91012058691285
,89.92859001624996
,92.32934306163693
,99.60052333785688
,127.45615077835194
,105.9757287933104
,90.87051226372236
,84.04731939788563
,75.38622946381005
,79.69380071749485
,74.73147863324998
,72.97398956174658
,72.23883073445103
,71.63002733059692
,72.41113358459843
,76.95992882848958
,88.98666776877754
,90.92794654710481
,88.65354892515926
,79.56744529405344
,72.56046272139284
,63.152727103345235
,56.329534237508504
,63.27908252678665
,68.70087887809126
,87.49337640083347
,93.28275216578585
,94.44292469011161
,93.70776586281607
,92.29488249160747
,82.0371194794994
,75.54704545728096
,62.90001625646239
,58.121483879041385
,46.23258721887133
,37.36473386461889
,35.36602080290914
,35.36602080290914
,37.84718184503159
,46.61165348919559
,59.77559124045634
,61.154014041635484
,30.84019927237098
,9.233421863888026
,-7.445494030379521
,-10.558432189709066
,-14.590318883158048
,-15.153174860306194
,-11.351025300387064
,5.213022027115542
,62.78514768969745
,74.27200436619026
,65.67983557217366
,54.043649758886446
,43.84332103016083
,7.877972776061867
,-4.252147874314531
,-11.890907564182228
,-10.742221896532953
,-11.293591017004616
,-11.396972727093043
,-9.949628785854955
,20.01958028311477
,72.1584227377156
,96.51055889188032
,105.9527550799574
,96.18892690493851
,87.43594211745102
,86.93052042368534
,77.20115281869593
,77.3964293821963
,79.23432645043515
,94.1557532731993
,108.80149553572761
,106.95211161081227
,112.59215823897023
,142.6877227313814
,115.15372727782814
,105.02231968916149
,98.55521938029604
,94.38549040672916
,88.61908835512978
,84.08177996791511
,81.65805320917514
,79.93502470770122
,79.84312985428927
,84.5872016616808
,110.69682688734893
,155.98950276276003
,154.02525027107976
,111.34009086123254
,95.55714978773142
,83.13985772044269
,74.88080777004437
,69.61982741221067
,69.1029188617685
,77.92482478931497
,95.01726752393625
,117.87611231015694
,145.0425283500624
,169.40615136090364
,127.12303193473363
,105.94126822328091
,96.06257148149709
,88.7224700652182
,87.34404726403908
,84.02434568453265
,82.33577775308821
,83.13985772044269
,85.03518907206401
,92.52461962513732
,113.67192276656058
,178.94024240239267
,185.21206614775772
,127.28384792820454
,106.80278247401787
,93.48951558596272
,83.8060954076793
,83.93245083112072
,82.79525202014791
,95.62607092779038
,113.69489647991355
,163.5593413125688
,199.68550556013864
,204.84310420788393
,138.31123033763762
,107.90552071496117
,102.88576434733383
,92.0996059281071
,94.08683213314033
,85.28789991894685
,83.20877886050165
,82.23239604299977
,81.40534236229229
,90.1583271497798
,109.66300978646458
,179.9625726466005
,182.84577367240018
,116.09564952530056
,101.30057812597781
,86.45955929994912
,81.34790807890984
,78.06266706943289
,78.9931024602288
,92.31785620496045
,106.67642705057645
,139.49437657531638
,165.27088295736624
,136.04831957236854
,107.76767843484328
,97.6592445595296
,92.18001392484254
,83.71420055426734
,85.77034789935955
,81.47426350235125
,79.39514244390605
,82.89863373023636
,85.17303135218194
,92.20298763819551
,112.21309196864598
,147.19057054856654
,160.8943905636225
,121.1268927496044
,103.66687060133533
,89.75628716610255
,83.4844634207375
,78.78633904005193
,82.10604061955836
,94.17872698655228
,118.14031001371627
,127.31830849823402
,127.89265133205865
,130.2129963807102
,125.73312227687802
,116.58958436238973
,114.00504161017886
,101.62221011291962
,108.74406125234515
,102.4492637936271
,100.14040560165205
,98.9342856506203
,100.82961700224162
,105.86086022654546
,114.98142442768075
,126.89329480120378
,131.77520888871322
,118.51937628404053
,97.75113941294155
,87.44742897412749
,79.38365558722955
,77.2585871020784
,79.36068187387657
,86.95349413703832
,104.17229229510102
,130.6494969344169
,148.95954647674643
,126.99667651129221
,108.87041667578657
,93.45505501593324
,90.22724828983876
,82.9905285836483
,88.67652263851224
,79.38365558722955
,69.86105140241703
2031-10-27 02:00:00+01:00,69.4360377053868
2031-10-27 03:00:00+01:00,67.90828576741325
2031-10-27 04:00:00+01:00,67.74746977394236
2031-10-27 05:00:00+01:00,79.34919501720007
2031-10-27 06:00:00+01:00,83.04796286703076
2031-10-27 07:00:00+01:00,90.6407751301925
2031-10-27 08:00:00+01:00,79.57893215072994
2031-10-27 09:00:00+01:00,70.44688109291815
2031-10-27 10:00:00+01:00,45.57783638831124
2031-10-27 11:00:00+01:00,24.361612106829043
2031-10-27 12:00:00+01:00,19.04319746561287
2031-10-27 13:00:00+01:00,18.82494718875951
2031-10-27 14:00:00+01:00,37.91610298509055
2031-10-27 15:00:00+01:00,93.21383102572689
2031-10-27 16:00:00+01:00,119.0592585478357
2031-10-27 17:00:00+01:00,136.17467499580997
2031-10-27 18:00:00+01:00,147.13313626518408
2031-10-27 19:00:00+01:00,138.55245432784398
2031-10-27 20:00:00+01:00,123.9756332053746
2031-10-27 21:00:00+01:00,117.37069061639124
2031-10-27 22:00:00+01:00,112.91379022591204
2031-10-27 23:00:00+01:00,101.9668158132144
2031-10-28 00:00:00+01:00,97.77411312629454
2031-10-28 01:00:00+01:00,93.48951558596272
2031-10-28 02:00:00+01:00,90.23873514651525
2031-10-28 03:00:00+01:00,86.42509872991964
2031-10-28 04:00:00+01:00,89.64141859933764
2031-10-28 05:00:00+01:00,101.38098612271327
2031-10-28 06:00:00+01:00,125.54933257005412
2031-10-28 07:00:00+01:00,145.59389747053407
2031-10-28 08:00:00+01:00,142.92894672158772
2031-10-28 09:00:00+01:00,121.63231444337008
2031-10-28 10:00:00+01:00,110.9265640208788
2031-10-28 11:00:00+01:00,103.4141597544525
2031-10-28 12:00:00+01:00,105.89532079657494
2031-10-28 13:00:00+01:00,107.15887503098915
2031-10-28 14:00:00+01:00,117.37069061639124
2031-10-28 15:00:00+01:00,126.5142285308795
2031-10-28 16:00:00+01:00,155.58746277908278
2031-10-28 17:00:00+01:00,191.6561927432702
2031-10-28 18:00:00+01:00,194.97589432277658
2031-10-28 19:00:00+01:00,169.02708509057936
2031-10-28 20:00:00+01:00,132.20022258574346
2031-10-28 21:00:00+01:00,122.58572354751897
2031-10-28 22:00:00+01:00,116.71593978583115
2031-10-28 23:00:00+01:00,105.59666252298614
2031-10-29 00:00:00+01:00,108.89339038913955
2031-10-29 01:00:00+01:00,105.89532079657494
2031-10-29 02:00:00+01:00,104.72366141557268
2031-10-29 03:00:00+01:00,103.97701573160063
2031-10-29 04:00:00+01:00,106.19397907016375
2031-10-29 05:00:00+01:00,117.68083574665656
2031-10-29 06:00:00+01:00,129.7764958270035
2031-10-29 07:00:00+01:00,163.70867044936318
2031-10-29 08:00:00+01:00,164.030302436305
2031-10-29 09:00:00+01:00,140.34440396937686
2031-10-29 10:00:00+01:00,130.30489123412212
2031-10-29 11:00:00+01:00,123.69994864513878
2031-10-29 12:00:00+01:00,117.26730890630282
2031-10-29 13:00:00+01:00,118.76060027424688
2031-10-29 14:00:00+01:00,129.0872844264139
2031-10-29 15:00:00+01:00,149.57983673727708
2031-10-29 16:00:00+01:00,185.31544785784615
2031-10-29 17:00:00+01:00,218.48948993955736
2031-10-29 18:00:00+01:00,178.23954414512662
2031-10-29 19:00:00+01:00,167.99326798969503
2031-10-29 20:00:00+01:00,138.8625994581093
2031-10-29 21:00:00+01:00,124.43510747243431
2031-10-29 22:00:00+01:00,119.56468024160137
2031-10-29 23:00:00+01:00,107.22779617104811
2031-10-30 00:00:00+01:00,112.76446108911765
2031-10-30 01:00:00+01:00,107.07846703425369
2031-10-30 02:00:00+01:00,104.93042483574955
2031-10-30 03:00:00+01:00,104.7006877022197
2031-10-30 04:00:00+01:00,105.94126822328091
2031-10-30 05:00:00+01:00,117.74975688671552
2031-10-30 06:00:00+01:00,132.26914372580242
2031-10-30 07:00:00+01:00,169.3027696508152
2031-10-30 08:00:00+01:00,168.28043940660734
2031-10-30 09:00:00+01:00,140.114666835847
2031-10-30 10:00:00+01:00,124.77971317272909
2031-10-30 11:00:00+01:00,119.07074540451217
2031-10-30 12:00:00+01:00,109.76639149655301
2031-10-30 13:00:00+01:00,113.86719933006094
2031-10-30 14:00:00+01:00,130.77585235785835
2031-10-30 15:00:00+01:00,155.03609365861115
2031-10-30 16:00:00+01:00,181.2835611643972
2031-10-30 17:00:00+01:00,178.27400471515608
2031-10-30 18:00:00+01:00,179.88216464986508
2031-10-30 19:00:00+01:00,175.41377740270934
2031-10-30 20:00:00+01:00,142.96340729161722
2031-10-30 21:00:00+01:00,130.44273351424005
2031-10-30 22:00:00+01:00,120.51808934575027
2031-10-30 23:00:00+01:00,110.86912973749631
2031-10-31 00:00:00+01:00,106.30884763692868
2031-10-31 01:00:00+01:00,103.13847519421668
2031-10-31 02:00:00+01:00,99.20997021085614
2031-10-31 03:00:00+01:00,97.05044115567547
2031-10-31 04:00:00+01:00,99.18699649750315
2031-10-31 05:00:00+01:00,103.68984431468832
2031-10-31 06:00:00+01:00,120.8052607626626
2031-10-31 07:00:00+01:00,132.92389455636248
2031-10-31 08:00:00+01:00,130.78733921453482
2031-10-31 09:00:00+01:00,118.17477058374574
2031-10-31 10:00:00+01:00,105.06826711586746
2031-10-31 11:00:00+01:00,101.00191985238901
2031-10-31 12:00:00+01:00,93.82263442958102
2031-10-31 13:00:00+01:00,94.50035897349407
2031-10-31 14:00:00+01:00,100.18635302835801
2031-10-31 15:00:00+01:00,109.67449664314108
2031-10-31 16:00:00+01:00,119.42683796148346
2031-10-31 17:00:00+01:00,133.5326979602166
2031-10-31 18:00:00+01:00,136.105753855751
2031-10-31 19:00:00+01:00,121.46001159322267
2031-10-31 20:00:00+01:00,108.66365325560972
2031-10-31 21:00:00+01:00,101.3465255526838
2031-10-31 22:00:00+01:00,100.14040560165205
2031-10-31 23:00:00+01:00,88.55016721507081
2031-11-01 00:00:00+01:00,90.99686768716377
2031-11-01 01:00:00+01:00,81.25601322549788
2031-11-01 02:00:00+01:00,79.33770816052359
2031-11-01 03:00:00+01:00,75.75380887745783
2031-11-01 04:00:00+01:00,74.85783405669139
2031-11-01 05:00:00+01:00,81.27898693885088
2031-11-01 06:00:00+01:00,93.00706760555002
2031-11-01 07:00:00+01:00,93.79966071622802
2031-11-01 08:00:00+01:00,87.70013982101035
2031-11-01 09:00:00+01:00,69.17184000182745
2031-11-01 10:00:00+01:00,34.13692713852441
2031-11-01 11:00:00+01:00,28.772565070602283
2031-11-01 12:00:00+01:00,22.948728735620435
2031-11-01 13:00:00+01:00,22.213569908324892
2031-11-01 14:00:00+01:00,43.20005705627723
2031-11-01 15:00:00+01:00,79.45257672728852
2031-11-01 16:00:00+01:00,100.18635302835801
2031-11-01 17:00:00+01:00,115.47535926476993
2031-11-01 18:00:00+01:00,120.52957620242677
2031-11-01 19:00:00+01:00,116.53215007900727
2031-11-01 20:00:00+01:00,113.23542221285383
2031-11-01 21:00:00+01:00,102.08168437997934
2031-11-01 22:00:00+01:00,100.18635302835801
2031-11-01 23:00:00+01:00,94.33954298002317
2031-11-02 00:00:00+01:00,95.68350521117284
2031-11-02 01:00:00+01:00,90.98538083048729
2031-11-02 02:00:00+01:00,90.87051226372236
2031-11-02 03:00:00+01:00,88.69949635186522
2031-11-02 04:00:00+01:00,90.83605169369288
2031-11-02 05:00:00+01:00,90.91645969042833
2031-11-02 06:00:00+01:00,100.02553703488712
2031-11-02 07:00:00+01:00,103.34523861439354
2031-11-02 08:00:00+01:00,103.26483061765809
2031-11-02 09:00:00+01:00,98.60116680700202
2031-11-02 10:00:00+01:00,90.89348597707533
2031-11-02 11:00:00+01:00,89.91710315957346
2031-11-02 12:00:00+01:00,85.44871591241775
2031-11-02 13:00:00+01:00,88.69949635186522
2031-11-02 14:00:00+01:00,99.35929934765053
2031-11-02 15:00:00+01:00,117.74975688671552
2031-11-02 16:00:00+01:00,135.96791157563308
2031-11-02 17:00:00+01:00,152.97994631351892
2031-11-02 18:00:00+01:00,155.12798851202308
2031-11-02 19:00:00+01:00,141.8951296207034
2031-11-02 20:00:00+01:00,120.19645735880847
2031-11-02 21:00:00+01:00,113.69489647991355
2031-11-02 22:00:00+01:00,111.70767027488029
2031-11-02 23:00:00+01:00,104.34459514524842
2031-11-03 00:00:00+01:00,103.2533437609816
2031-11-03 01:00:00+01:00,102.35736894021515
2031-11-03 02:00:00+01:00,102.36885579689165
2031-11-03 03:00:00+01:00,100.17486617168153
2031-11-03 04:00:00+01:00,99.03766736070874
2031-11-03 05:00:00+01:00,100.12891874497555
2031-11-03 06:00:00+01:00,101.07084099244796
2031-11-03 07:00:00+01:00,102.08168437997934
2031-11-03 08:00:00+01:00,93.46654187260974
2031-11-03 09:00:00+01:00,79.91205099434823
2031-11-03 10:00:00+01:00,54.85921658291743
2031-11-03 11:00:00+01:00,41.36215998803839
2031-11-03 12:00:00+01:00,41.0175542877436
2031-11-03 13:00:00+01:00,40.39726402721299
2031-11-03 14:00:00+01:00,72.79019985492269
2031-11-03 15:00:00+01:00,102.33439522686217
2031-11-03 16:00:00+01:00,121.27622188639879
2031-11-03 17:00:00+01:00,138.40312519104955
2031-11-03 18:00:00+01:00,143.5951844088243
2031-11-03 19:00:00+01:00,132.33806486586138
2031-11-03 20:00:00+01:00,121.70123558342902
2031-11-03 21:00:00+01:00,116.21051809206548
2031-11-03 22:00:00+01:00,111.20224858111462
2031-11-03 23:00:00+01:00,104.80406941230811
2031-11-04 00:00:00+01:00,100.47352444527033
2031-11-04 01:00:00+01:00,99.64647076456285
2031-11-04 02:00:00+01:00,99.17550964082665
2031-11-04 03:00:00+01:00,99.78431304468077
2031-11-04 04:00:00+01:00,102.32290837018567
2031-11-04 05:00:00+01:00,106.25141335354621
2031-11-04 06:00:00+01:00,127.89265133205865
2031-11-04 07:00:00+01:00,150.1541795711017
2031-11-04 08:00:00+01:00,146.70812256815387
2031-11-04 09:00:00+01:00,125.66420113681906
2031-11-04 10:00:00+01:00,116.66999235912519
2031-11-04 11:00:00+01:00,108.20417898855
2031-11-04 12:00:00+01:00,105.45882024286821
2031-11-04 13:00:00+01:00,109.43327265293472
2031-11-04 14:00:00+01:00,120.44916820569131
2031-11-04 15:00:00+01:00,147.9487030892151
2031-11-04 16:00:00+01:00,172.41570781014474
2031-11-04 17:00:00+01:00,172.84072150717498
2031-11-04 18:00:00+01:00,189.65747968156043
2031-11-04 19:00:00+01:00,183.0295633792241
2031-11-04 20:00:00+01:00,144.69792264976763
2031-11-04 21:00:00+01:00,121.70123558342902
2031-11-04 22:00:00+01:00,115.87739924844718
2031-11-04 23:00:00+01:00,107.97444185502013
2031-11-05 00:00:00+01:00,107.31969102446006
2031-11-05 01:00:00+01:00,106.25141335354621
2031-11-05 02:00:00+01:00,105.9527550799574
2031-11-05 03:00:00+01:00,104.8270431256611
2031-11-05 04:00:00+01:00,105.10272768589694
2031-11-05 05:00:00+01:00,108.22715270190298
2031-11-05 06:00:00+01:00,133.68202709701103
2031-11-05 07:00:00+01:00,163.34109103571544
2031-11-05 08:00:00+01:00,153.69213142746148
2031-11-05 09:00:00+01:00,127.70886162523477
2031-11-05 10:00:00+01:00,112.0293022618221
2031-11-05 11:00:00+01:00,106.22843964019323
2031-11-05 12:00:00+01:00,103.93106830489467
2031-11-05 13:00:00+01:00,105.25205682269134
2031-11-05 14:00:00+01:00,116.11862323865353
2031-11-05 15:00:00+01:00,155.18542279540554
2031-11-05 16:00:00+01:00,211.78116564048557
2031-11-05 17:00:00+01:00,205.61272360520894
2031-11-05 18:00:00+01:00,214.36570839269643
2031-11-05 19:00:00+01:00,209.8398868621583
2031-11-05 20:00:00+01:00,176.64287106709412
2031-11-05 21:00:00+01:00,140.40183825275932
2031-11-05 22:00:00+01:00,122.86140810775481
2031-11-05 23:00:00+01:00,116.10713638197703
2031-11-06 00:00:00+01:00,116.72742664250765
2031-11-06 01:00:00+01:00,112.81040851582361
2031-11-06 02:00:00+01:00,111.61577542146836
2031-11-06 03:00:00+01:00,111.68469656152732
2031-11-06 04:00:00+01:00,112.90230336923555
2031-11-06 05:00:00+01:00,125.36554286323025
2031-11-06 06:00:00+01:00,151.60152351233978
2031-11-06 07:00:00+01:00,166.00604178466176
2031-11-06 08:00:00+01:00,182.75387881898826
2031-11-06 09:00:00+01:00,163.28365675233294
2031-11-06 10:00:00+01:00,145.35267348032772
2031-11-06 11:00:00+01:00,138.10446691746074
2031-11-06 12:00:00+01:00,130.58057579435797
2031-11-06 13:00:00+01:00,136.86388639639952
2031-11-06 14:00:00+01:00,151.33732580878046
2031-11-06 15:00:00+01:00,156.5293850265552
2031-11-06 16:00:00+01:00,166.59187147516292
2031-11-06 17:00:00+01:00,179.5030983795408
2031-11-06 18:00:00+01:00,182.78833938901775
2031-11-06 19:00:00+01:00,180.54840233710163
2031-11-06 20:00:00+01:00,155.0935279419936
2031-11-06 21:00:00+01:00,147.28246540197853
2031-11-06 22:00:00+01:00,129.7305484002975
2031-11-06 23:00:00+01:00,119.63360138166033
2031-11-07 00:00:00+01:00,109.35286465619927
2031-11-07 01:00:00+01:00,105.92978136660442
2031-11-07 02:00:00+01:00,103.97701573160063
2031-11-07 03:00:00+01:00,104.55135856542528
2031-11-07 04:00:00+01:00,104.41351628530737
2031-11-07 05:00:00+01:00,112.30498682205791
2031-11-07 06:00:00+01:00,139.67816628214027
2031-11-07 07:00:00+01:00,154.86379080846376
2031-11-07 08:00:00+01:00,157.9767289677933
2031-11-07 09:00:00+01:00,147.22503111859604
2031-11-07 10:00:00+01:00,134.6584099145129
2031-11-07 11:00:00+01:00,126.84734737449782
2031-11-07 12:00:00+01:00,122.29855213060665
2031-11-07 13:00:00+01:00,125.93988569705488
2031-11-07 14:00:00+01:00,139.20720515840407
2031-11-07 15:00:00+01:00,148.35074307289233
2031-11-07 16:00:00+01:00,167.2121617356935
2031-11-07 17:00:00+01:00,172.54206323358616
2031-11-07 18:00:00+01:00,178.81388697895125
2031-11-07 19:00:00+01:00,170.48591588849396
2031-11-07 20:00:00+01:00,150.85487782836776
2031-11-07 21:00:00+01:00,123.94117263534514
2031-11-07 22:00:00+01:00,115.03885871106321
2031-11-07 23:00:00+01:00,108.57175840219776
2031-11-08 00:00:00+01:00,108.20417898855
2031-11-08 01:00:00+01:00,106.32033449360517
2031-11-08 02:00:00+01:00,105.76896537313351
2031-11-08 03:00:00+01:00,105.09124082922044
2031-11-08 04:00:00+01:00,105.90680765325143
2031-11-08 05:00:00+01:00,109.41029893958174
2031-11-08 06:00:00+01:00,125.97434626708436
2031-11-08 07:00:00+01:00,155.9435553360541
2031-11-08 08:00:00+01:00,158.50512437491196
2031-11-08 09:00:00+01:00,135.06044989819014
2031-11-08 10:00:00+01:00,120.56403677245626
2031-11-08 11:00:00+01:00,113.4651593463837
2031-11-08 12:00:00+01:00,108.45688983543283
2031-11-08 13:00:00+01:00,108.27310012860895
2031-11-08 14:00:00+01:00,111.5583411380859
2031-11-08 15:00:00+01:00,122.42490755404808
2031-11-08 16:00:00+01:00,141.17145765008434
2031-11-08 17:00:00+01:00,155.48408106899436
2031-11-08 18:00:00+01:00,149.64875787733604
2031-11-08 19:00:00+01:00,132.85497341630355
2031-11-08 20:00:00+01:00,120.08158879204356
2031-11-08 21:00:00+01:00,111.01845887429073
2031-11-08 22:00:00+01:00,109.42178579625823
2031-11-08 23:00:00+01:00,104.78109569895514
2031-11-09 00:00:00+01:00,114.4300553072091
2031-11-09 01:00:00+01:00,112.06376283185158
2031-11-09 02:00:00+01:00,109.52516750634668
2031-11-09 03:00:00+01:00,107.07846703425369
2031-11-09 04:00:00+01:00,106.71088762060593
2031-11-09 05:00:00+01:00,107.08995389093019
2031-11-09 06:00:00+01:00,110.7542611707314
2031-11-09 07:00:00+01:00,113.35029077961877
2031-11-09 08:00:00+01:00,114.62533187070947
2031-11-09 09:00:00+01:00,114.22329188703222
2031-11-09 10:00:00+01:00,110.82318231079036
2031-11-09 11:00:00+01:00,108.43391612207986
2031-11-09 12:00:00+01:00,104.73514827224918
2031-11-09 13:00:00+01:00,104.56284542210177
2031-11-09 14:00:00+01:00,111.29414343452655
2031-11-09 15:00:00+01:00,126.44530739082056
2031-11-09 16:00:00+01:00,143.91681639576612
2031-11-09 17:00:00+01:00,166.5803846184864
2031-11-09 18:00:00+01:00,168.62504510690212
2031-11-09 19:00:00+01:00,153.23265716040174
2031-11-09 20:00:00+01:00,135.45100302519091
2031-11-09 21:00:00+01:00,124.21685719558096
2031-11-09 22:00:00+01:00,120.954589899457
2031-11-09 23:00:00+01:00,114.03950218020833
2031-11-10 00:00:00+01:00,112.93676393926503
2031-11-10 01:00:00+01:00,110.60493203393699
2031-11-10 02:00:00+01:00,109.39881208290524
2031-11-10 03:00:00+01:00,109.66300978646458
2031-11-10 04:00:00+01:00,108.80149553572761
2031-11-10 05:00:00+01:00,109.44475950961122
2031-11-10 06:00:00+01:00,111.75361770158628
2031-11-10 07:00:00+01:00,113.87868618673744
2031-11-10 08:00:00+01:00,116.17605752203599
2031-11-10 09:00:00+01:00,115.64766211491732
2031-11-10 10:00:00+01:00,112.90230336923555
2031-11-10 11:00:00+01:00,112.89081651255906
2031-11-10 12:00:00+01:00,111.56982799476238
2031-11-10 13:00:00+01:00,110.81169545411385
2031-11-10 14:00:00+01:00,111.50090685470343
2031-11-10 15:00:00+01:00,124.26280462228694
2031-11-10 16:00:00+01:00,134.62394934448344
2031-11-10 17:00:00+01:00,157.45982041735112
2031-11-10 18:00:00+01:00,153.49685486396112
2031-11-10 19:00:00+01:00,141.28632621684926
2031-11-10 20:00:00+01:00,134.81922590798382
2031-11-10 21:00:00+01:00,124.18239662555148
2031-11-10 22:00:00+01:00,123.41277722822646
2031-11-10 23:00:00+01:00,115.16521413450464
2031-11-11 00:00:00+01:00,109.34137779952277
2031-11-11 01:00:00+01:00,107.06698017757722
2031-11-11 02:00:00+01:00,105.52774138292718
2031-11-11 03:00:00+01:00,103.66687060133533
2031-11-11 04:00:00+01:00,104.48243742536633
2031-11-11 05:00:00+01:00,109.59408864640562
2031-11-11 06:00:00+01:00,127.82373019199969
2031-11-11 07:00:00+01:00,147.61558424559678
2031-11-11 08:00:00+01:00,153.0603543102544
2031-11-11 09:00:00+01:00,143.02084157499968
2031-11-11 10:00:00+01:00,133.7394613803935
2031-11-11 11:00:00+01:00,130.61503636438746
2031-11-11 12:00:00+01:00,124.22834405225746
2031-11-11 13:00:00+01:00,125.28513486649479
2031-11-11 14:00:00+01:00,130.00623296053334
2031-11-11 15:00:00+01:00,141.50457649370264
2031-11-11 16:00:00+01:00,149.1777967535998
2031-11-11 17:00:00+01:00,162.38768193156653
2031-11-11 18:00:00+01:00,162.58295849506692
2031-11-11 19:00:00+01:00,146.89191227497776
2031-11-11 20:00:00+01:00,129.99474610385684
2031-11-11 21:00:00+01:00,123.76886978519774
2031-11-11 22:00:00+01:00,120.0011807953081
2031-11-11 23:00:00+01:00,112.83338222917659
2031-11-12 00:00:00+01:00,112.56918452561726
2031-11-12 01:00:00+01:00,109.55962807637613
2031-11-12 02:00:00+01:00,108.16971841852052
2031-11-12 03:00:00+01:00,107.66429672475483
2031-11-12 04:00:00+01:00,110.9150771642023
2031-11-12 05:00:00+01:00,115.80847810838824
2031-11-12 06:00:00+01:00,145.62835804056357
2031-11-12 07:00:00+01:00,179.10105839586356
2031-11-12 08:00:00+01:00,194.03397207530418
2031-11-12 09:00:00+01:00,170.21023132825812
2031-11-12 10:00:00+01:00,153.71510514081447
2031-11-12 11:00:00+01:00,150.7974435449853
2031-11-12 12:00:00+01:00,144.077632389237
2031-11-12 13:00:00+01:00,148.33925621621583
2031-11-12 14:00:00+01:00,155.86314733931863
2031-11-12 15:00:00+01:00,171.5082461327018
2031-11-12 16:00:00+01:00,179.0665978258341
2031-11-12 17:00:00+01:00,173.56439347779406
2031-11-12 18:00:00+01:00,170.8534953021417
2031-11-12 19:00:00+01:00,172.48462895020373
2031-11-12 20:00:00+01:00,155.73679191587718
2031-11-12 21:00:00+01:00,137.66796636375403
2031-11-12 22:00:00+01:00,131.4765506151244
2031-11-12 23:00:00+01:00,123.42426408490296
2031-11-13 00:00:00+01:00,119.5187328148954
2031-11-13 01:00:00+01:00,116.3368735155069
2031-11-13 02:00:00+01:00,114.30369988376768
2031-11-13 03:00:00+01:00,113.99355475350237
2031-11-13 04:00:00+01:00,115.42941183806396
2031-11-13 05:00:00+01:00,126.3878731074381
2031-11-13 06:00:00+01:00,149.68321844736548
2031-11-13 07:00:00+01:00,187.65876661985067
2031-11-13 08:00:00+01:00,194.5049331990404
2031-11-13 09:00:00+01:00,179.36525609942288
2031-11-13 10:00:00+01:00,177.7456093080374
2031-11-13 11:00:00+01:00,177.98683329824377
2031-11-13 12:00:00+01:00,164.89181668704197
2031-11-13 13:00:00+01:00,163.63974930930425
2031-11-13 14:00:00+01:00,168.25746569325435
2031-11-13 15:00:00+01:00,177.0104504807419
2031-11-13 16:00:00+01:00,198.69763588596027
2031-11-13 17:00:00+01:00,207.03709383309405
2031-11-13 18:00:00+01:00,209.6560971553344
2031-11-13 19:00:00+01:00,175.1036322724441
2031-11-13 20:00:00+01:00,150.55621955477895
2031-11-13 21:00:00+01:00,130.79882607121135
2031-11-13 22:00:00+01:00,124.60741032258171
2031-11-13 23:00:00+01:00,115.5442804048289
2031-11-14 00:00:00+01:00,121.97692014366486
2031-11-14 01:00:00+01:00,118.28963915051068
2031-11-14 02:00:00+01:00,116.21051809206548
2031-11-14 03:00:00+01:00,115.383464411358
2031-11-14 04:00:00+01:00,115.03885871106321
2031-11-14 05:00:00+01:00,126.62909709764443
2031-11-14 06:00:00+01:00,137.0936235299294
2031-11-14 07:00:00+01:00,147.270978545302
2031-11-14 08:00:00+01:00,154.7833828117283
2031-11-14 09:00:00+01:00,151.44070751886886
2031-11-14 10:00:00+01:00,138.15041434416673
2031-11-14 11:00:00+01:00,135.72668758542673
2031-11-14 12:00:00+01:00,132.64820999612667
2031-11-14 13:00:00+01:00,133.39485568009871
2031-11-14 14:00:00+01:00,139.27612629846303
2031-11-14 15:00:00+01:00,150.98123325180921
2031-11-14 16:00:00+01:00,167.53379372263532
2031-11-14 17:00:00+01:00,176.71179220715305
2031-11-14 18:00:00+01:00,174.96578999232617
2031-11-14 19:00:00+01:00,165.56954123095505
2031-11-14 20:00:00+01:00,140.37886453940632
2031-11-14 21:00:00+01:00,132.16576201571397
2031-11-14 22:00:00+01:00,129.0872844264139
2031-11-14 23:00:00+01:00,120.52957620242677
2031-11-15 00:00:00+01:00,116.87675577930206
2031-11-15 01:00:00+01:00,115.3719775546815
2031-11-15 02:00:00+01:00,113.70638333659004
2031-11-15 03:00:00+01:00,111.83402569832171
2031-11-15 04:00:00+01:00,112.92527708258854
2031-11-15 05:00:00+01:00,119.3579168214245
2031-11-15 06:00:00+01:00,129.92582496379788
2031-11-15 07:00:00+01:00,151.23394409869204
2031-11-15 08:00:00+01:00,160.71060085679858
2031-11-15 09:00:00+01:00,147.4203076820964
2031-11-15 10:00:00+01:00,137.5645846536656
2031-11-15 11:00:00+01:00,132.63672313945017
2031-11-15 12:00:00+01:00,129.78798268367996
2031-11-15 13:00:00+01:00,129.86839068041542
2031-11-15 14:00:00+01:00,133.5671585302461
2031-11-15 15:00:00+01:00,144.65197522306164
2031-11-15 16:00:00+01:00,153.32455201381373
2031-11-15 17:00:00+01:00,157.8273998309989
2031-11-15 18:00:00+01:00,149.25820475033527
2031-11-15 19:00:00+01:00,146.09931916429974
2031-11-15 20:00:00+01:00,140.04574569578804
2031-11-15 21:00:00+01:00,133.47526367683415
2031-11-15 22:00:00+01:00,129.30553470326728
2031-11-15 23:00:00+01:00,121.78164358016448
2031-11-16 00:00:00+01:00,120.71336590925065
2031-11-16 01:00:00+01:00,115.64766211491732
2031-11-16 02:00:00+01:00,112.78743480247061
2031-11-16 03:00:00+01:00,111.56982799476238
2031-11-16 04:00:00+01:00,111.27116972117358
2031-11-16 05:00:00+01:00,112.46580281552882
2031-11-16 06:00:00+01:00,127.85819076202918
2031-11-16 07:00:00+01:00,127.84670390535268
2031-11-16 08:00:00+01:00,127.83521704867618
2031-11-16 09:00:00+01:00,129.2595872765613
2031-11-16 10:00:00+01:00,120.62147105583871
2031-11-16 11:00:00+01:00,111.79956512829224
2031-11-16 12:00:00+01:00,108.50283726213881
2031-11-16 13:00:00+01:00,110.46708975381907
2031-11-16 14:00:00+01:00,122.63167097422496
2031-11-16 15:00:00+01:00,132.17724887239046
2031-11-16 16:00:00+01:00,133.2110659732748
2031-11-16 17:00:00+01:00,138.48353318778499
2031-11-16 18:00:00+01:00,141.94107704740935
2031-11-16 19:00:00+01:00,138.73624403466786
2031-11-16 20:00:00+01:00,137.97811149401932
2031-11-16 21:00:00+01:00,131.32722147833
2031-11-16 22:00:00+01:00,123.71143550181527
2031-11-16 23:00:00+01:00,118.5653237107465
2031-11-17 00:00:00+01:00,122.91884239113728
2031-11-17 01:00:00+01:00,121.4485247365462
2031-11-17 02:00:00+01:00,118.58829742409948
2031-11-17 03:00:00+01:00,116.06118895527106
2031-11-17 04:00:00+01:00,115.77401753835875
2031-11-17 05:00:00+01:00,117.24433519294983
2031-11-17 06:00:00+01:00,121.86205157689994
2031-11-17 07:00:00+01:00,122.66613154425443
2031-11-17 08:00:00+01:00,121.91948586028239
2031-11-17 09:00:00+01:00,122.68910525760742
2031-11-17 10:00:00+01:00,120.03564136533757
2031-11-17 11:00:00+01:00,118.59978428077598
2031-11-17 12:00:00+01:00,117.25582204962632
2031-11-17 13:00:00+01:00,116.0037546718886
2031-11-17 14:00:00+01:00,118.54234999739352
2031-11-17 15:00:00+01:00,130.2589438074162
2031-11-17 16:00:00+01:00,140.21804854593543
2031-11-17 17:00:00+01:00,142.61880159132244
2031-11-17 18:00:00+01:00,139.65519256878727
2031-11-17 19:00:00+01:00,139.78154799222872
2031-11-17 20:00:00+01:00,135.51992416524988
2031-11-17 21:00:00+01:00,131.1778923415356
2031-11-17 22:00:00+01:00,128.73119186944263
2031-11-17 23:00:00+01:00,124.6418708926112
2031-11-18 00:00:00+01:00,119.48427224486592
2031-11-18 01:00:00+01:00,118.05990201698081
2031-11-18 02:00:00+01:00,116.17605752203599
2031-11-18 03:00:00+01:00,117.22136147959684
2031-11-18 04:00:00+01:00,119.3579168214245
2031-11-18 05:00:00+01:00,126.66355766767393
2031-11-18 06:00:00+01:00,139.6437057121108
2031-11-18 07:00:00+01:00,161.0322328437404
2031-11-18 08:00:00+01:00,165.17898810395428
2031-11-18 09:00:00+01:00,149.61429730730657
2031-11-18 10:00:00+01:00,142.64177530467538
2031-11-18 11:00:00+01:00,138.40312519104955
2031-11-18 12:00:00+01:00,135.0145024714842
2031-11-18 13:00:00+01:00,139.6437057121108
2031-11-18 14:00:00+01:00,149.39604703045316
2031-11-18 15:00:00+01:00,164.47828984668823
2031-11-18 16:00:00+01:00,155.98950276276003
2031-11-18 17:00:00+01:00,179.15849267924602
2031-11-18 18:00:00+01:00,197.43408165154608
2031-11-18 19:00:00+01:00,186.65941008899586
2031-11-18 20:00:00+01:00,144.35331694947286
2031-11-18 21:00:00+01:00,143.64113183553027
2031-11-18 22:00:00+01:00,141.98702447411532
2031-11-18 23:00:00+01:00,135.50843730857338
2031-11-19 00:00:00+01:00,126.20408340061422
2031-11-19 01:00:00+01:00,122.44788126740107
2031-11-19 02:00:00+01:00,119.74846994842525
2031-11-19 03:00:00+01:00,117.69232260333305
2031-11-19 04:00:00+01:00,120.28835221222042
2031-11-19 05:00:00+01:00,126.6980182377034
2031-11-19 06:00:00+01:00,146.92637284500722
2031-11-19 07:00:00+01:00,162.78972191524377
2031-11-19 08:00:00+01:00,165.56954123095505
2031-11-19 09:00:00+01:00,161.19304883721128
2031-11-19 10:00:00+01:00,149.12036247021734
2031-11-19 11:00:00+01:00,146.1797271610352
2031-11-19 12:00:00+01:00,144.50264608626725
2031-11-19 13:00:00+01:00,148.94805962006996
2031-11-19 14:00:00+01:00,149.57983673727708
2031-11-19 15:00:00+01:00,166.67227947189835
2031-11-19 16:00:00+01:00,166.77566118198678
2031-11-19 17:00:00+01:00,168.91221652381444
2031-11-19 18:00:00+01:00,155.74827877255368
2031-11-19 19:00:00+01:00,147.4662551088024
2031-11-19 20:00:00+01:00,142.09040618420374
2031-11-19 21:00:00+01:00,127.91562504541164
2031-11-19 22:00:00+01:00,127.31830849823402
2031-11-19 23:00:00+01:00,123.4931852249619
2031-11-20 00:00:00+01:00,123.12560581131413
2031-11-20 01:00:00+01:00,119.55319338492487
2031-11-20 02:00:00+01:00,116.09564952530056
2031-11-20 03:00:00+01:00,115.13075356447516
2031-11-20 04:00:00+01:00,112.5002633855583
2031-11-20 05:00:00+01:00,118.54234999739352
2031-11-20 06:00:00+01:00,130.2129963807102
2031-11-20 07:00:00+01:00,146.1567534476822
2031-11-20 08:00:00+01:00,155.36921250222943
2031-11-20 09:00:00+01:00,146.12229287765274
2031-11-20 10:00:00+01:00,145.20334434353333
2031-11-20 11:00:00+01:00,143.27355242188253
2031-11-20 12:00:00+01:00,139.7585742788757
2031-11-20 13:00:00+01:00,140.33291711270036
2031-11-20 14:00:00+01:00,144.59454093967918
2031-11-20 15:00:00+01:00,153.1752228770193
2031-11-20 16:00:00+01:00,152.42857719304726
2031-11-20 17:00:00+01:00,157.91929468441083
2031-11-20 18:00:00+01:00,155.8976079093481
2031-11-20 19:00:00+01:00,146.42095115124155
2031-11-20 20:00:00+01:00,139.7700611355522
2031-11-20 21:00:00+01:00,129.32850841662025
2031-11-20 22:00:00+01:00,127.91562504541164
2031-11-20 23:00:00+01:00,124.36618633237535
2031-11-21 00:00:00+01:00,117.62340146327409
2031-11-21 01:00:00+01:00,116.17605752203599
2031-11-21 02:00:00+01:00,118.51937628404053
2031-11-21 03:00:00+01:00,117.65786203330357
2031-11-21 04:00:00+01:00,117.53150660986216
2031-11-21 05:00:00+01:00,124.58443660922873
2031-11-21 06:00:00+01:00,140.2410222592884
2031-11-21 07:00:00+01:00,147.55814996221432
2031-11-21 08:00:00+01:00,149.30415217704123
2031-11-21 09:00:00+01:00,142.64177530467538
2031-11-21 10:00:00+01:00,139.6437057121108
2031-11-21 11:00:00+01:00,142.52690673791048
2031-11-21 12:00:00+01:00,141.28632621684926
2031-11-21 13:00:00+01:00,146.42095115124155
2031-11-21 14:00:00+01:00,155.34623878887643
2031-11-21 15:00:00+01:00,160.9518248470049
2031-11-21 16:00:00+01:00,166.454029195045
2031-11-21 17:00:00+01:00,187.25672663617343
2031-11-21 18:00:00+01:00,175.26444826591495
2031-11-21 19:00:00+01:00,160.50383743662172
2031-11-21 20:00:00+01:00,148.09803222600948
2031-11-21 21:00:00+01:00,136.31251727592786
2031-11-21 22:00:00+01:00,129.97177239050387
2031-11-21 23:00:00+01:00,120.70187905257416
2031-11-22 00:00:00+01:00,121.25324817304582
2031-11-22 01:00:00+01:00,119.65657509501332
2031-11-22 02:00:00+01:00,118.50788942736403
2031-11-22 03:00:00+01:00,118.51937628404053
2031-11-22 04:00:00+01:00,118.90992941104128
2031-11-22 05:00:00+01:00,124.28577833563992
2031-11-22 06:00:00+01:00,138.60988861122644
2031-11-22 07:00:00+01:00,150.51027212807298
2031-11-22 08:00:00+01:00,154.87527766514023
2031-11-22 09:00:00+01:00,152.8306171767245
2031-11-22 10:00:00+01:00,140.39035139608285
2031-11-22 11:00:00+01:00,138.48353318778499
2031-11-22 12:00:00+01:00,133.01578940977444
2031-11-22 13:00:00+01:00,135.76114815545623
2031-11-22 14:00:00+01:00,139.8160085622582
2031-11-22 15:00:00+01:00,144.81279121653256
2031-11-22 16:00:00+01:00,155.9665290494071
2031-11-22 17:00:00+01:00,151.46368123222186
2031-11-22 18:00:00+01:00,146.7885305648893
2031-11-22 19:00:00+01:00,146.1797271610352
2031-11-22 20:00:00+01:00,143.36544727529446
2031-11-22 21:00:00+01:00,142.86002558152876
2031-11-22 22:00:00+01:00,138.04703263407828
2031-11-22 23:00:00+01:00,129.92582496379788
2031-11-23 00:00:00+01:00,136.26656984922192
2031-11-23 01:00:00+01:00,131.38465576171245
2031-11-23 02:00:00+01:00,126.8588342311743
2031-11-23 03:00:00+01:00,126.20408340061422
2031-11-23 04:00:00+01:00,124.66484460596418
2031-11-23 05:00:00+01:00,129.33999527329675
2031-11-23 06:00:00+01:00,141.5390370637321
2031-11-23 07:00:00+01:00,143.1127364284116
2031-11-23 08:00:00+01:00,143.89384268241312
2031-11-23 09:00:00+01:00,142.86002558152876
2031-11-23 10:00:00+01:00,139.33356058184546
2031-11-23 11:00:00+01:00,130.44273351424005
2031-11-23 12:00:00+01:00,126.11218854720227
2031-11-23 13:00:00+01:00,126.5601759575855
2031-11-23 14:00:00+01:00,135.70371387207376
2031-11-23 15:00:00+01:00,148.8217041966285
2031-11-23 16:00:00+01:00,154.46175082478652
2031-11-23 17:00:00+01:00,154.45026396811
2031-11-23 18:00:00+01:00,151.47516808889836
2031-11-23 19:00:00+01:00,148.7068356298636
2031-11-23 20:00:00+01:00,139.1497708750216
2031-11-23 21:00:00+01:00,135.69222701539726
2031-11-23 22:00:00+01:00,137.5301240836361
2031-11-23 23:00:00+01:00,126.5601759575855
2031-11-24 00:00:00+01:00,126.36489939408511
2031-11-24 01:00:00+01:00,127.74332219526426
2031-11-24 02:00:00+01:00,127.08857136470417
2031-11-24 03:00:00+01:00,125.41149028993621
2031-11-24 04:00:00+01:00,125.85947770031943
2031-11-24 05:00:00+01:00,127.58250620179336
2031-11-24 06:00:00+01:00,130.41975980088708
2031-11-24 07:00:00+01:00,132.39549914924385
2031-11-24 08:00:00+01:00,134.5090807777185
2031-11-24 09:00:00+01:00,131.89007745547815
2031-11-24 10:00:00+01:00,127.73183533858776
2031-11-24 11:00:00+01:00,127.24938735817506
2031-11-24 12:00:00+01:00,126.57166281426197
2031-11-24 13:00:00+01:00,125.40000343325971
2031-11-24 14:00:00+01:00,126.61761024096796
2031-11-24 15:00:00+01:00,128.26023074570642
2031-11-24 16:00:00+01:00,140.67752281299516
2031-11-24 17:00:00+01:00,141.52755020705558
2031-11-24 18:00:00+01:00,146.52433286132998
2031-11-24 19:00:00+01:00,146.06485859427028
2031-11-24 20:00:00+01:00,139.51735028866935
2031-11-24 21:00:00+01:00,133.48675053351064
2031-11-24 22:00:00+01:00,131.87859059880165
2031-11-24 23:00:00+01:00,127.78926962197022
2031-11-25 00:00:00+01:00,128.69673129941316
2031-11-25 01:00:00+01:00,122.76951325434285
2031-11-25 02:00:00+01:00,120.12753621874953
2031-11-25 03:00:00+01:00,125.38851657658321
2031-11-25 04:00:00+01:00,125.71014856352502
2031-11-25 05:00:00+01:00,132.33806486586138
2031-11-25 06:00:00+01:00,144.14655352929594
2031-11-25 07:00:00+01:00,148.37371678624532
2031-11-25 08:00:00+01:00,147.9487030892151
2031-11-25 09:00:00+01:00,145.50200261712212
2031-11-25 10:00:00+01:00,142.51541988123398
2031-11-25 11:00:00+01:00,141.82620848064442
2031-11-25 12:00:00+01:00,140.42481196611232
2031-11-25 13:00:00+01:00,141.13699708005484
2031-11-25 14:00:00+01:00,142.51541988123398
2031-11-25 15:00:00+01:00,145.5134894737986
2031-11-25 16:00:00+01:00,149.16630989692334
2031-11-25 17:00:00+01:00,149.98187672095432
2031-11-25 18:00:00+01:00,152.14140577613495
2031-11-25 19:00:00+01:00,147.5811236755673
2031-11-25 20:00:00+01:00,144.93914663997396
2031-11-25 21:00:00+01:00,141.14848393673134
2031-11-25 22:00:00+01:00,138.7017834646384
2031-11-25 23:00:00+01:00,131.1893791982121
2031-11-26 00:00:00+01:00,129.9143381071214
2031-11-26 01:00:00+01:00,127.42169020832245
2031-11-26 02:00:00+01:00,122.98776353119624
2031-11-26 03:00:00+01:00,120.52957620242677
2031-11-26 04:00:00+01:00,120.87418190272155
2031-11-26 05:00:00+01:00,128.69673129941316
2031-11-26 06:00:00+01:00,146.0074243108878
2031-11-26 07:00:00+01:00,153.74956571084397
2031-11-26 08:00:00+01:00,155.13947536869955
2031-11-26 09:00:00+01:00,145.8580951740934
2031-11-26 10:00:00+01:00,142.06743247085075
2031-11-26 11:00:00+01:00,140.67752281299516
2031-11-26 12:00:00+01:00,137.00172867651744
2031-11-26 13:00:00+01:00,142.06743247085075
2031-11-26 14:00:00+01:00,143.7215398322657
2031-11-26 15:00:00+01:00,149.1777967535998
2031-11-26 16:00:00+01:00,155.13947536869955
2031-11-26 17:00:00+01:00,167.91285999295957
2031-11-26 18:00:00+01:00,175.16106655582652
2031-11-26 19:00:00+01:00,170.2676656116406
2031-11-26 20:00:00+01:00,153.74956571084397
2031-11-26 21:00:00+01:00,142.40055131446906
2031-11-26 22:00:00+01:00,139.28761315513952
2031-11-26 23:00:00+01:00,130.2359700940632
2031-11-27 00:00:00+01:00,119.55319338492487
2031-11-27 01:00:00+01:00,115.08480613776918
2031-11-27 02:00:00+01:00,113.38475134964825
2031-11-27 03:00:00+01:00,109.39881208290524
2031-11-27 04:00:00+01:00,115.15372727782814
2031-11-27 05:00:00+01:00,135.54289787860284
2031-11-27 06:00:00+01:00,163.74313101939268
2031-11-27 07:00:00+01:00,204.751209354472
2031-11-27 08:00:00+01:00,218.77666135646967
2031-11-27 09:00:00+01:00,183.40862964954835
2031-11-27 10:00:00+01:00,177.99832015492024
2031-11-27 11:00:00+01:00,168.9811376638734
2031-11-27 12:00:00+01:00,150.24607442451364
2031-11-27 13:00:00+01:00,147.6040973889203
2031-11-27 14:00:00+01:00,147.56963681889084
2031-11-27 15:00:00+01:00,146.11080602097624
2031-11-27 16:00:00+01:00,149.2237441803058
2031-11-27 17:00:00+01:00,148.46561163965725
2031-11-27 18:00:00+01:00,158.97608549864816
2031-11-27 19:00:00+01:00,150.21161385448414
2031-11-27 20:00:00+01:00,148.21290079277443
2031-11-27 21:00:00+01:00,139.26463944178653
2031-11-27 22:00:00+01:00,129.61567983353257
2031-11-27 23:00:00+01:00,122.13773613713576
2031-11-28 00:00:00+01:00,127.80075647864672
2031-11-28 01:00:00+01:00,127.30682164155752
2031-11-28 02:00:00+01:00,127.62845362849932
2031-11-28 03:00:00+01:00,127.76629590861724
2031-11-28 04:00:00+01:00,127.26087421485155
2031-11-28 05:00:00+01:00,127.77778276529372
2031-11-28 06:00:00+01:00,146.1567534476822
2031-11-28 07:00:00+01:00,147.33989968536096
2031-11-28 08:00:00+01:00,140.90725994652502
2031-11-28 09:00:00+01:00,139.6437057121108
2031-11-28 10:00:00+01:00,141.91810333405635
2031-11-28 11:00:00+01:00,147.24800483194903
2031-11-28 12:00:00+01:00,145.58241061385758
2031-11-28 13:00:00+01:00,146.97232027171322
2031-11-28 14:00:00+01:00,143.7560004022952
2031-11-28 15:00:00+01:00,143.26206556520603
2031-11-28 16:00:00+01:00,140.67752281299516
2031-11-28 17:00:00+01:00,148.48858535301025
2031-11-28 18:00:00+01:00,151.84274750254616
2031-11-28 19:00:00+01:00,150.76298297495583
2031-11-28 20:00:00+01:00,143.4343684153534
2031-11-28 21:00:00+01:00,140.19507483258243
2031-11-28 22:00:00+01:00,138.10446691746074
2031-11-28 23:00:00+01:00,128.23725703235343
2031-11-29 00:00:00+01:00,118.28963915051068
2031-11-29 01:00:00+01:00,115.77401753835875
2031-11-29 02:00:00+01:00,110.61641889061347
2031-11-29 03:00:00+01:00,109.72044406984703
2031-11-29 04:00:00+01:00,112.78743480247061
2031-11-29 05:00:00+01:00,122.02286757037083
2031-11-29 06:00:00+01:00,148.5460196363927
2031-11-29 07:00:00+01:00,185.78640898158235
2031-11-29 08:00:00+01:00,208.98985946809785
2031-11-29 09:00:00+01:00,179.46863780951134
2031-11-29 10:00:00+01:00,164.62761898348265
2031-11-29 11:00:00+01:00,156.9084512968795
2031-11-29 12:00:00+01:00,148.30479564618636
2031-11-29 13:00:00+01:00,147.02975455509568
2031-11-29 14:00:00+01:00,150.07377157436622
2031-11-29 15:00:00+01:00,167.8324519962241
2031-11-29 16:00:00+01:00,179.14700582256953
2031-11-29 17:00:00+01:00,177.619253884596
2031-11-29 18:00:00+01:00,174.00089403150076
2031-11-29 19:00:00+01:00,157.1726490004388
2031-11-29 20:00:00+01:00,139.42545543525745
2031-11-29 21:00:00+01:00,131.0055894913882
2031-11-29 22:00:00+01:00,122.8728949644313
2031-11-29 23:00:00+01:00,118.71465284754092
2031-11-30 00:00:00+01:00,117.3017694763323
2031-11-30 01:00:00+01:00,114.87804271759231
2031-11-30 02:00:00+01:00,110.51303718052506
2031-11-30 03:00:00+01:00,109.66300978646458
2031-11-30 04:00:00+01:00,110.45560289714257
2031-11-30 05:00:00+01:00,113.9476073267964
2031-11-30 06:00:00+01:00,118.72613970421739
2031-11-30 07:00:00+01:00,122.81546068104883
2031-11-30 08:00:00+01:00,131.51101118515388
2031-11-30 09:00:00+01:00,121.09243217957491
2031-11-30 10:00:00+01:00,114.92399014429827
2031-11-30 11:00:00+01:00,110.77723488408438
2031-11-30 12:00:00+01:00,109.9501812033769
2031-11-30 13:00:00+01:00,110.21437890693623
2031-11-30 14:00:00+01:00,115.63617525824083
2031-11-30 15:00:00+01:00,132.96984198306848
2031-11-30 16:00:00+01:00,138.59840175454997
2031-11-30 17:00:00+01:00,147.23651797527253
2031-11-30 18:00:00+01:00,152.99143317019542
2031-11-30 19:00:00+01:00,142.26270903435116
2031-11-30 20:00:00+01:00,133.46377682015765
2031-11-30 21:00:00+01:00,125.02093716293545
2031-11-30 22:00:00+01:00,119.22007454130659
2031-11-30 23:00:00+01:00,115.5327935481524
2031-12-01 00:00:00+01:00,107.79065214819626
2031-12-01 01:00:00+01:00,104.08039744168907
2031-12-01 02:00:00+01:00,99.31335192094457
2031-12-01 03:00:00+01:00,97.91195540641243
2031-12-01 04:00:00+01:00,94.59225382690603
2031-12-01 05:00:00+01:00,95.95918977140867
2031-12-01 06:00:00+01:00,91.22660482069364
2031-12-01 07:00:00+01:00,95.7639132079083
2031-12-01 08:00:00+01:00,103.35672547107004
2031-12-01 09:00:00+01:00,98.08425825655983
2031-12-01 10:00:00+01:00,95.2699783708191
2031-12-01 11:00:00+01:00,92.92665960881457
2031-12-01 12:00:00+01:00,93.845608142934
2031-12-01 13:00:00+01:00,93.78817385955153
2031-12-01 14:00:00+01:00,98.22210053667776
2031-12-01 15:00:00+01:00,114.82060843420984
2031-12-01 16:00:00+01:00,135.85304300886816
2031-12-01 17:00:00+01:00,138.8281388880798
2031-12-01 18:00:00+01:00,135.85304300886816
2031-12-01 19:00:00+01:00,131.40762947506545
2031-12-01 20:00:00+01:00,132.80902598959756
2031-12-01 21:00:00+01:00,131.1549186281826
2031-12-01 22:00:00+01:00,124.82566059943508
2031-12-01 23:00:00+01:00,120.97756361281
2031-12-02 00:00:00+01:00,112.83338222917659
2031-12-02 01:00:00+01:00,104.16080543842453
2031-12-02 02:00:00+01:00,102.43777693695061
2031-12-02 03:00:00+01:00,104.62027970548424
2031-12-02 04:00:00+01:00,100.08297131826957
2031-12-02 05:00:00+01:00,111.77659141493925
2031-12-02 06:00:00+01:00,134.42867278098305
2031-12-02 07:00:00+01:00,152.58939318651818
2031-12-02 08:00:00+01:00,155.61043649243578
2031-12-02 09:00:00+01:00,147.9142425191856
2031-12-02 10:00:00+01:00,144.66346207973817
2031-12-02 11:00:00+01:00,142.35460388776306
2031-12-02 12:00:00+01:00,138.50650690113798
2031-12-02 13:00:00+01:00,140.53968053287724
2031-12-02 14:00:00+01:00,145.0310414933859
2031-12-02 15:00:00+01:00,155.19690965208204
2031-12-02 16:00:00+01:00,154.7718959550518
2031-12-02 17:00:00+01:00,159.80313917935564
2031-12-02 18:00:00+01:00,159.37812548232543
2031-12-02 19:00:00+01:00,155.61043649243578
2031-12-02 20:00:00+01:00,147.90275566250912
2031-12-02 21:00:00+01:00,135.89899043557412
2031-12-02 22:00:00+01:00,123.68846178846229
2031-12-02 23:00:00+01:00,103.8851208781887
2031-12-03 00:00:00+01:00,122.10327556710628
2031-12-03 01:00:00+01:00,122.64315783090143
2031-12-03 02:00:00+01:00,122.65464468757793
2031-12-03 03:00:00+01:00,119.66806195168982
2031-12-03 04:00:00+01:00,120.57552362913273
2031-12-03 05:00:00+01:00,125.18175315640636
2031-12-03 06:00:00+01:00,145.8351214607404
2031-12-03 07:00:00+01:00,157.08075414702688
2031-12-03 08:00:00+01:00,162.65187963512588
2031-12-03 09:00:00+01:00,158.1605186746172
2031-12-03 10:00:00+01:00,154.45026396811
2031-12-03 11:00:00+01:00,149.14333618357034
2031-12-03 12:00:00+01:00,144.916172926621
2031-12-03 13:00:00+01:00,148.33925621621583
2031-12-03 14:00:00+01:00,156.98885929361492
2031-12-03 15:00:00+01:00,166.67227947189835
2031-12-03 16:00:00+01:00,212.56227189448708
2031-12-03 17:00:00+01:00,236.9029211919753
2031-12-03 18:00:00+01:00,210.50612454939488
2031-12-03 19:00:00+01:00,180.06595435668896
2031-12-03 20:00:00+01:00,160.73357457015157
2031-12-03 21:00:00+01:00,151.63598408236928
2031-12-03 22:00:00+01:00,146.06485859427028
2031-12-03 23:00:00+01:00,138.0355457774018
2031-12-04 00:00:00+01:00,136.87537325307602
2031-12-04 01:00:00+01:00,134.42867278098305
2031-12-04 02:00:00+01:00,131.23532662491806
2031-12-04 03:00:00+01:00,127.3527690682635
2031-12-04 04:00:00+01:00,129.5467586934736
2031-12-04 05:00:00+01:00,138.08149320410774
2031-12-04 06:00:00+01:00,158.42471637817653
2031-12-04 07:00:00+01:00,215.100867219992
2031-12-04 08:00:00+01:00,254.73052275389216
2031-12-04 09:00:00+01:00,257.72859234645676
2031-12-04 10:00:00+01:00,212.6656536045755
2031-12-04 11:00:00+01:00,202.350456309085
2031-12-04 12:00:00+01:00,196.18201427380836
2031-12-04 13:00:00+01:00,203.37278655329283
2031-12-04 14:00:00+01:00,247.56272418776064
2031-12-04 15:00:00+01:00,277.5319332567303
2031-12-04 16:00:00+01:00,264.29907436541066
2031-12-04 17:00:00+01:00,286.45722089436526
2031-12-04 18:00:00+01:00,236.07586751126783
2031-12-04 19:00:00+01:00,218.271239662704
2031-12-04 20:00:00+01:00,181.19166631098523
2031-12-04 21:00:00+01:00,153.8644342776089
2031-12-04 22:00:00+01:00,144.054658675884
2031-12-04 23:00:00+01:00,134.5320544910715
2031-12-05 00:00:00+01:00,121.03499789619246
2031-12-05 01:00:00+01:00,116.08416266862406
2031-12-05 02:00:00+01:00,113.59151476982512
2031-12-05 03:00:00+01:00,112.32796053541091
2031-12-05 04:00:00+01:00,112.24755253867545
2031-12-05 05:00:00+01:00,120.67890533922117
2031-12-05 06:00:00+01:00,139.7930348489052
2031-12-05 07:00:00+01:00,151.96910292598756
2031-12-05 08:00:00+01:00,157.05778043367388
2031-12-05 09:00:00+01:00,160.06733688291501
2031-12-05 10:00:00+01:00,154.48472453813946
2031-12-05 11:00:00+01:00,149.8555212975129
2031-12-05 12:00:00+01:00,142.53839359458698
2031-12-05 13:00:00+01:00,144.123579815943
2031-12-05 14:00:00+01:00,149.41902074380616
2031-12-05 15:00:00+01:00,145.58241061385758
2031-12-05 16:00:00+01:00,145.39862090703366
2031-12-05 17:00:00+01:00,144.93914663997396
2031-12-05 18:00:00+01:00,153.07184116693088
2031-12-05 19:00:00+01:00,147.8223476657737
2031-12-05 20:00:00+01:00,153.07184116693088
2031-12-05 21:00:00+01:00,144.11209295926648
2031-12-05 22:00:00+01:00,138.11595377413724
2031-12-05 23:00:00+01:00,128.57037587597173
2031-12-06 00:00:00+01:00,122.29855213060665
2031-12-06 01:00:00+01:00,117.3017694763323
2031-12-06 02:00:00+01:00,115.10777985112217
2031-12-06 03:00:00+01:00,114.52195016062103
2031-12-06 04:00:00+01:00,115.36049069800501
2031-12-06 05:00:00+01:00,122.31003898728315
2031-12-06 06:00:00+01:00,138.04703263407828
2031-12-06 07:00:00+01:00,147.68450538565577
2031-12-06 08:00:00+01:00,151.8082869325167
2031-12-06 09:00:00+01:00,146.04188488091728
2031-12-06 10:00:00+01:00,142.57285416461644
2031-12-06 11:00:00+01:00,139.20720515840407
2031-12-06 12:00:00+01:00,126.66355766767393
2031-12-06 13:00:00+01:00,139.20720515840407
2031-12-06 14:00:00+01:00,143.89384268241312
2031-12-06 15:00:00+01:00,145.26077862691574
2031-12-06 16:00:00+01:00,143.88235582573662
2031-12-06 17:00:00+01:00,148.879138480011
2031-12-06 18:00:00+01:00,154.71446167166937
2031-12-06 19:00:00+01:00,149.30415217704123
2031-12-06 20:00:00+01:00,143.89384268241312
2031-12-06 21:00:00+01:00,135.55438473527937
2031-12-06 22:00:00+01:00,138.63286232457943
2031-12-06 23:00:00+01:00,126.58314967093847
2031-12-07 00:00:00+01:00,126.2155702572907
2031-12-07 01:00:00+01:00,122.79248696769585
2031-12-07 02:00:00+01:00,120.57552362913273
2031-12-07 03:00:00+01:00,119.78293051845473
2031-12-07 04:00:00+01:00,119.31196939471855
2031-12-07 05:00:00+01:00,119.44981167483644
2031-12-07 06:00:00+01:00,120.57552362913273
2031-12-07 07:00:00+01:00,124.32023890566938
2031-12-07 08:00:00+01:00,126.41084682079108
2031-12-07 09:00:00+01:00,129.2710741332378
2031-12-07 10:00:00+01:00,126.57166281426197
2031-12-07 11:00:00+01:00,126.35341253740862
2031-12-07 12:00:00+01:00,125.13580572970038
2031-12-07 13:00:00+01:00,126.29597825402615
2031-12-07 14:00:00+01:00,126.60612338429146
2031-12-07 15:00:00+01:00,132.2806305824789
2031-12-07 16:00:00+01:00,132.3036042958319
2031-12-07 17:00:00+01:00,133.5556716735696
2031-12-07 18:00:00+01:00,132.2806305824789
2031-12-07 19:00:00+01:00,130.87923406794678
2031-12-07 20:00:00+01:00,126.28449139734965
2031-12-07 21:00:00+01:00,123.53913265166787
2031-12-07 22:00:00+01:00,125.22770058311232
2031-12-07 23:00:00+01:00,118.96736369442375
2031-12-08 00:00:00+01:00,123.30939551813803
2031-12-08 01:00:00+01:00,120.8052607626626
2031-12-08 02:00:00+01:00,107.12441446095967
2031-12-08 03:00:00+01:00,95.61458407111388
2031-12-08 04:00:00+01:00,94.22467441325826
2031-12-08 05:00:00+01:00,107.49199387460743
2031-12-08 06:00:00+01:00,121.50595901992865
2031-12-08 07:00:00+01:00,122.02286757037083
2031-12-08 08:00:00+01:00,126.61761024096796
2031-12-08 09:00:00+01:00,126.89329480120378
2031-12-08 10:00:00+01:00,127.16897936143961
2031-12-08 11:00:00+01:00,125.65271428014256
2031-12-08 12:00:00+01:00,123.45872465493244
2031-12-08 13:00:00+01:00,124.34321261902238
2031-12-08 14:00:00+01:00,127.80075647864672
2031-12-08 15:00:00+01:00,131.9360248821841
2031-12-08 16:00:00+01:00,142.18230103761573
2031-12-08 17:00:00+01:00,146.14526659100574
2031-12-08 18:00:00+01:00,142.51541988123398
2031-12-08 19:00:00+01:00,141.47011592367315
2031-12-08 20:00:00+01:00,129.99474610385684
2031-12-08 21:00:00+01:00,127.07708450802767
2031-12-08 22:00:00+01:00,127.23790050149856
2031-12-08 23:00:00+01:00,123.33236923149101
2031-12-09 00:00:00+01:00,120.29983906889692
2031-12-09 01:00:00+01:00,111.42049885796797
2031-12-09 02:00:00+01:00,106.21695278351673
2031-12-09 03:00:00+01:00,106.03316307669286
2031-12-09 04:00:00+01:00,104.8270431256611
2031-12-09 05:00:00+01:00,125.4344640032892
2031-12-09 06:00:00+01:00,138.6558360379324
2031-12-09 07:00:00+01:00,148.48858535301025
2031-12-09 08:00:00+01:00,152.61236689987118
2031-12-09 09:00:00+01:00,149.56834988060058
2031-12-09 10:00:00+01:00,148.14397965271547
2031-12-09 11:00:00+01:00,148.15546650939194
2031-12-09 12:00:00+01:00,147.13313626518408
2031-12-09 13:00:00+01:00,147.20205740524304
2031-12-09 14:00:00+01:00,148.15546650939194
2031-12-09 15:00:00+01:00,162.41065564491953
2031-12-09 16:00:00+01:00,169.14195365734432
2031-12-09 17:00:00+01:00,166.76417432531028
2031-12-09 18:00:00+01:00,155.31177821884694
2031-12-09 19:00:00+01:00,156.48343759984925
2031-12-09 20:00:00+01:00,148.7068356298636
2031-12-09 21:00:00+01:00,143.21611813850004
2031-12-09 22:00:00+01:00,139.23017887175703
2031-12-09 23:00:00+01:00,135.9564247189566
2031-12-10 00:00:00+01:00,128.4325335958538
2031-12-10 01:00:00+01:00,121.05797160954543
2031-12-10 02:00:00+01:00,126.22705711396719
2031-12-10 03:00:00+01:00,126.28449139734965
2031-12-10 04:00:00+01:00,123.3668298015205
2031-12-10 05:00:00+01:00,134.4861070643655
2031-12-10 06:00:00+01:00,147.7419396690382
2031-12-10 07:00:00+01:00,181.68560114807445
2031-12-10 08:00:00+01:00,191.98931158688848
2031-12-10 09:00:00+01:00,174.78200028550228
2031-12-10 10:00:00+01:00,174.75902657214928
2031-12-10 11:00:00+01:00,169.50953307099206
2031-12-10 12:00:00+01:00,169.33723022084467
2031-12-10 13:00:00+01:00,174.8853819955907
2031-12-10 14:00:00+01:00,186.56751523558387
2031-12-10 15:00:00+01:00,195.28603945304192
2031-12-10 16:00:00+01:00,204.00456367049995
2031-12-10 17:00:00+01:00,216.95025114490733
2031-12-10 18:00:00+01:00,200.69634894767003
2031-12-10 19:00:00+01:00,191.69065331329966
2031-12-10 20:00:00+01:00,171.8183912629671
2031-12-10 21:00:00+01:00,155.30029136217047
2031-12-10 22:00:00+01:00,147.52368939218485
2031-12-10 23:00:00+01:00,139.36802115187496
2031-12-11 00:00:00+01:00,129.83393011038595
2031-12-11 01:00:00+01:00,125.72163542020152
2031-12-11 02:00:00+01:00,121.95394643031187
2031-12-11 03:00:00+01:00,119.65657509501332
2031-12-11 04:00:00+01:00,125.56081942673062
2031-12-11 05:00:00+01:00,134.54354134774798
2031-12-11 06:00:00+01:00,174.47185515523694
2031-12-11 07:00:00+01:00,252.83519140227085
2031-12-11 08:00:00+01:00,308.22481429631915
2031-12-11 09:00:00+01:00,260.3016482419912
2031-12-11 10:00:00+01:00,337.84941766499406
2031-12-11 11:00:00+01:00,267.20524910456334
2031-12-11 12:00:00+01:00,264.85044348588235
2031-12-11 13:00:00+01:00,283.7922701454189
2031-12-11 14:00:00+01:00,270.19183184045147
2031-12-11 15:00:00+01:00,248.03368531149684
2031-12-11 16:00:00+01:00,265.9302080134727
2031-12-11 17:00:00+01:00,285.84841749051117
2031-12-11 18:00:00+01:00,309.5113422440863
2031-12-11 19:00:00+01:00,271.6851232083955
2031-12-11 20:00:00+01:00,217.7658179689383
2031-12-11 21:00:00+01:00,188.55474144061714
2031-12-11 22:00:00+01:00,155.9205816227011
2031-12-11 23:00:00+01:00,141.28632621684926
2031-12-12 00:00:00+01:00,127.45615077835194
2031-12-12 01:00:00+01:00,120.72485276592715
2031-12-12 02:00:00+01:00,116.88824263597856
2031-12-12 03:00:00+01:00,115.68212268494682
2031-12-12 04:00:00+01:00,121.18432703298686
2031-12-12 05:00:00+01:00,133.00430255309794
2031-12-12 06:00:00+01:00,178.92875554571617
2031-12-12 07:00:00+01:00,208.17429264406684
2031-12-12 08:00:00+01:00,237.94822514953617
2031-12-12 09:00:00+01:00,225.42755137215903
2031-12-12 10:00:00+01:00,206.1640927256806
2031-12-12 11:00:00+01:00,199.55915013669724
2031-12-12 12:00:00+01:00,193.28732639133216
2031-12-12 13:00:00+01:00,191.30010018629892
2031-12-12 14:00:00+01:00,201.2132574981122
2031-12-12 15:00:00+01:00,211.98792906066245
2031-12-12 16:00:00+01:00,228.39116039469417
2031-12-12 17:00:00+01:00,291.95942524240536
2031-12-12 18:00:00+01:00,297.5190638738278
2031-12-12 19:00:00+01:00,261.40438648293446
2031-12-12 20:00:00+01:00,209.0128331814508
2031-12-12 21:00:00+01:00,177.25167447094822
2031-12-12 22:00:00+01:00,152.26776119957634
2031-12-12 23:00:00+01:00,142.56136730793997
2031-12-13 00:00:00+01:00,138.15041434416673
2031-12-13 01:00:00+01:00,132.15427515903747
2031-12-13 02:00:00+01:00,127.86967761870568
2031-12-13 03:00:00+01:00,126.99667651129221
2031-12-13 04:00:00+01:00,129.2940478465908
2031-12-13 05:00:00+01:00,134.1989356474532
2031-12-13 06:00:00+01:00,171.33594328255444
2031-12-13 07:00:00+01:00,260.0144768250789
2031-12-13 08:00:00+01:00,345.53412478156775
2031-12-13 09:00:00+01:00,279.94417315879383
2031-12-13 10:00:00+01:00,225.41606451548253
2031-12-13 11:00:00+01:00,203.43022083667532
2031-12-13 12:00:00+01:00,192.55216756403664
2031-12-13 13:00:00+01:00,194.2407354954811
2031-12-13 14:00:00+01:00,205.33703904497312
2031-12-13 15:00:00+01:00,228.74725295166544
2031-12-13 16:00:00+01:00,266.68834055412117
2031-12-13 17:00:00+01:00,321.6529497511392
2031-12-13 18:00:00+01:00,314.1635191980659
2031-12-13 19:00:00+01:00,263.3686389746148
2031-12-13 20:00:00+01:00,194.94143375274712
2031-12-13 21:00:00+01:00,167.22364859237
2031-12-13 22:00:00+01:00,149.75213958742444
2031-12-13 23:00:00+01:00,137.5645846536656
2031-12-14 00:00:00+01:00,128.12238846558853
2031-12-14 01:00:00+01:00,122.93032924781376
2031-12-14 02:00:00+01:00,117.10649291283192
2031-12-14 03:00:00+01:00,120.77080019263312
2031-12-14 04:00:00+01:00,120.24240478551445
2031-12-14 05:00:00+01:00,123.76886978519774
2031-12-14 06:00:00+01:00,128.1453621789415
2031-12-14 07:00:00+01:00,123.79184349855072
2031-12-14 08:00:00+01:00,128.98390271632547
2031-12-14 09:00:00+01:00,129.0872844264139
2031-12-14 10:00:00+01:00,128.1453621789415
2031-12-14 11:00:00+01:00,128.23725703235343
2031-12-14 12:00:00+01:00,130.33935180415162
2031-12-14 13:00:00+01:00,127.20343993146908
2031-12-14 14:00:00+01:00,130.9941026347117
2031-12-14 15:00:00+01:00,134.60097563113044
2031-12-14 16:00:00+01:00,139.24166572843356
2031-12-14 17:00:00+01:00,140.43629882278879
2031-12-14 18:00:00+01:00,140.42481196611232
2031-12-14 19:00:00+01:00,133.44080310680468
2031-12-14 20:00:00+01:00,130.5231415109755
2031-12-14 21:00:00+01:00,127.3527690682635
2031-12-14 22:00:00+01:00,125.93988569705488
2031-12-14 23:00:00+01:00,120.09307564872003
2031-12-15 00:00:00+01:00,102.66751407048045
2031-12-15 01:00:00+01:00,102.66751407048045
2031-12-15 02:00:00+01:00,102.88576434733383
2031-12-15 03:00:00+01:00,107.48050701793096
2031-12-15 04:00:00+01:00,107.69875729478431
2031-12-15 05:00:00+01:00,107.34266473781304
2031-12-15 06:00:00+01:00,102.88576434733383
2031-12-15 07:00:00+01:00,99.33632563429755
2031-12-15 08:00:00+01:00,102.20803980342075
2031-12-15 09:00:00+01:00,109.35286465619927
2031-12-15 10:00:00+01:00,113.83273876003148
2031-12-15 11:00:00+01:00,107.75619157816678
2031-12-15 12:00:00+01:00,108.81298239240411
2031-12-15 13:00:00+01:00,103.58646260459989
2031-12-15 14:00:00+01:00,105.06826711586746
2031-12-15 15:00:00+01:00,107.80213900487276
2031-12-15 16:00:00+01:00,114.63681872738596
2031-12-15 17:00:00+01:00,115.94632038850614
2031-12-15 18:00:00+01:00,106.42371620369362
2031-12-15 19:00:00+01:00,107.76767843484328
2031-12-15 20:00:00+01:00,102.65602721380398
2031-12-15 21:00:00+01:00,119.42683796148346
2031-12-15 22:00:00+01:00,119.55319338492487
2031-12-15 23:00:00+01:00,109.0082589559045
2031-12-16 00:00:00+01:00,103.91958144821817
2031-12-16 01:00:00+01:00,100.7147484354767
2031-12-16 02:00:00+01:00,98.54373252361955
2031-12-16 03:00:00+01:00,98.2910216767367
2031-12-16 04:00:00+01:00,98.92279879394381
2031-12-16 05:00:00+01:00,103.23037004762861
2031-12-16 06:00:00+01:00,119.88631222854318
2031-12-16 07:00:00+01:00,130.61503636438746
2031-12-16 08:00:00+01:00,132.96984198306848
2031-12-16 09:00:00+01:00,129.19066613650233
2031-12-16 10:00:00+01:00,127.62845362849932
2031-12-16 11:00:00+01:00,125.85947770031943
2031-12-16 12:00:00+01:00,122.29855213060665
2031-12-16 13:00:00+01:00,123.5046720816384
2031-12-16 14:00:00+01:00,123.69994864513878
2031-12-16 15:00:00+01:00,130.07515410059227
2031-12-16 16:00:00+01:00,138.59840175454997
2031-12-16 17:00:00+01:00,139.19571830172757
2031-12-16 18:00:00+01:00,139.33356058184546
2031-12-16 19:00:00+01:00,134.54354134774798
2031-12-16 20:00:00+01:00,128.22577017567693
2031-12-16 21:00:00+01:00,122.28706527393018
2031-12-16 22:00:00+01:00,123.0337109579022
2031-12-16 23:00:00+01:00,117.26730890630282
2031-12-17 00:00:00+01:00,112.63810566567622
2031-12-17 01:00:00+01:00,111.60428856479186
2031-12-17 02:00:00+01:00,116.92270320600804
2031-12-17 03:00:00+01:00,116.26795237544793
2031-12-17 04:00:00+01:00,116.23349180541845
2031-12-17 05:00:00+01:00,113.87868618673744
2031-12-17 06:00:00+01:00,121.5978538733406
2031-12-17 07:00:00+01:00,132.33806486586138
2031-12-17 08:00:00+01:00,137.27741323675326
2031-12-17 09:00:00+01:00,129.62716669020907
2031-12-17 10:00:00+01:00,121.66677501339956
2031-12-17 11:00:00+01:00,118.85249512765881
2031-12-17 12:00:00+01:00,122.25260470390069
2031-12-17 13:00:00+01:00,125.77906970358399
2031-12-17 14:00:00+01:00,133.86581680383492
2031-12-17 15:00:00+01:00,133.93473794389388
2031-12-17 16:00:00+01:00,146.86893856162476
2031-12-17 17:00:00+01:00,147.43179453877292
2031-12-17 18:00:00+01:00,144.36480380614933
2031-12-17 19:00:00+01:00,137.61053208037157
2031-12-17 20:00:00+01:00,138.96598116819771
2031-12-17 21:00:00+01:00,129.04133699970794
2031-12-17 22:00:00+01:00,123.10263209796116
2031-12-17 23:00:00+01:00,109.43327265293472
2031-12-18 00:00:00+01:00,113.63746219653109
2031-12-18 01:00:00+01:00,110.65087946064295
2031-12-18 02:00:00+01:00,104.34459514524842
2031-12-18 03:00:00+01:00,104.11485801171855
2031-12-18 04:00:00+01:00,103.67835745801183
2031-12-18 05:00:00+01:00,117.65786203330357
2031-12-18 06:00:00+01:00,130.17853581068073
2031-12-18 07:00:00+01:00,129.45486384006168
2031-12-18 08:00:00+01:00,131.0055894913882
2031-12-18 09:00:00+01:00,128.71970501276613
2031-12-18 10:00:00+01:00,129.70757468694453
2031-12-18 11:00:00+01:00,127.0081633679687
2031-12-18 12:00:00+01:00,125.29662172317128
2031-12-18 13:00:00+01:00,127.60547991514633
2031-12-18 14:00:00+01:00,132.70564427950913
2031-12-18 15:00:00+01:00,137.98959835069584
2031-12-18 16:00:00+01:00,134.58948877445397
2031-12-18 17:00:00+01:00,145.92701631415235
2031-12-18 18:00:00+01:00,159.9524683161501
2031-12-18 19:00:00+01:00,147.96018994589156
2031-12-18 20:00:00+01:00,140.18358797590594
2031-12-18 21:00:00+01:00,128.7886261528251
2031-12-18 22:00:00+01:00,126.66355766767393
2031-12-18 23:00:00+01:00,116.39430779888936
2031-12-19 00:00:00+01:00,105.75747851645704
2031-12-19 01:00:00+01:00,100.93299871233006
2031-12-19 02:00:00+01:00,99.54308905447442
2031-12-19 03:00:00+01:00,99.22145706753261
2031-12-19 04:00:00+01:00,100.04851074824012
2031-12-19 05:00:00+01:00,108.70960068231568
2031-12-19 06:00:00+01:00,125.44595085996569
2031-12-19 07:00:00+01:00,140.45927253614178
2031-12-19 08:00:00+01:00,137.94365092398985
2031-12-19 09:00:00+01:00,131.21235291156506
2031-12-19 10:00:00+01:00,130.511654654299
2031-12-19 11:00:00+01:00,125.49189828667166
2031-12-19 12:00:00+01:00,119.58765395495436
2031-12-19 13:00:00+01:00,119.40386424813047
2031-12-19 14:00:00+01:00,125.33108229320075
2031-12-19 15:00:00+01:00,134.14150136407073
2031-12-19 16:00:00+01:00,138.90854688481522
2031-12-19 17:00:00+01:00,132.2806305824789
2031-12-19 18:00:00+01:00,130.45422037091654
2031-12-19 19:00:00+01:00,128.38658616914785
2031-12-19 20:00:00+01:00,121.02351103951597
2031-12-19 21:00:00+01:00,117.47407232647967
2031-12-19 22:00:00+01:00,110.50155032384856
2031-12-19 23:00:00+01:00,102.09317123665582
2031-12-20 00:00:00+01:00,97.3490994292643
2031-12-20 01:00:00+01:00,88.36637750824693
2031-12-20 02:00:00+01:00,82.00265890946991
2031-12-20 03:00:00+01:00,70.2171439593883
2031-12-20 04:00:00+01:00,70.36647309618272
2031-12-20 05:00:00+01:00,91.03132825719325
2031-12-20 06:00:00+01:00,106.25141335354621
2031-12-20 07:00:00+01:00,126.76693937776236
2031-12-20 08:00:00+01:00,129.17917927982586
2031-12-20 09:00:00+01:00,124.23983090893394
2031-12-20 10:00:00+01:00,121.62082758669358
2031-12-20 11:00:00+01:00,120.59849734248571
2031-12-20 12:00:00+01:00,113.21244849950085
2031-12-20 13:00:00+01:00,108.18120527519702
2031-12-20 14:00:00+01:00,114.9125032876218
2031-12-20 15:00:00+01:00,120.21943107216146
2031-12-20 16:00:00+01:00,124.23983090893394
2031-12-20 17:00:00+01:00,125.23918743978882
2031-12-20 18:00:00+01:00,124.59592346590522
2031-12-20 19:00:00+01:00,124.29726519231642
2031-12-20 20:00:00+01:00,120.41470763566184
2031-12-20 21:00:00+01:00,118.07138887365731
2031-12-20 22:00:00+01:00,116.39430779888936
2031-12-20 23:00:00+01:00,104.5168979953958
2031-12-21 00:00:00+01:00,109.68598349981755
2031-12-21 01:00:00+01:00,97.11936229573443
2031-12-21 02:00:00+01:00,83.7831216943263
2031-12-21 03:00:00+01:00,74.90378148339737
2031-12-21 04:00:00+01:00,74.30646493621974
2031-12-21 05:00:00+01:00,86.95349413703832
2031-12-21 06:00:00+01:00,107.83659957490221
2031-12-21 07:00:00+01:00,118.26666543715768
2031-12-21 08:00:00+01:00,121.66677501339956
2031-12-21 09:00:00+01:00,123.1830400946966
2031-12-21 10:00:00+01:00,112.07524968852807
2031-12-21 11:00:00+01:00,96.80921716546914
2031-12-21 12:00:00+01:00,89.97453744295592
2031-12-21 13:00:00+01:00,90.98538083048729
2031-12-21 14:00:00+01:00,106.26290021022271
2031-12-21 15:00:00+01:00,121.18432703298686
2031-12-21 16:00:00+01:00,123.78035664187423
2031-12-21 17:00:00+01:00,123.80333035522722
2031-12-21 18:00:00+01:00,125.19324001308283
2031-12-21 19:00:00+01:00,123.80333035522722
2031-12-21 20:00:00+01:00,123.80333035522722
2031-12-21 21:00:00+01:00,121.24176131636932
2031-12-21 22:00:00+01:00,114.31518674044415
2031-12-21 23:00:00+01:00,104.13783172507154
2031-12-22 00:00:00+01:00,114.22329188703222
2031-12-22 01:00:00+01:00,95.04024123728924
2031-12-22 02:00:00+01:00,87.06836270380323
2031-12-22 03:00:00+01:00,81.85332977267551
2031-12-22 04:00:00+01:00,82.94458115694233
2031-12-22 05:00:00+01:00,84.55274109165131
2031-12-22 06:00:00+01:00,94.08683213314033
2031-12-22 07:00:00+01:00,107.02103275087123
2031-12-22 08:00:00+01:00,113.68340962323705
2031-12-22 09:00:00+01:00,105.71153108975105
2031-12-22 10:00:00+01:00,95.86729491799673
2031-12-22 11:00:00+01:00,82.37023832311769
2031-12-22 12:00:00+01:00,90.96240711713429
2031-12-22 13:00:00+01:00,80.14178812787807
2031-12-22 14:00:00+01:00,92.31785620496045
2031-12-22 15:00:00+01:00,113.59151476982512
2031-12-22 16:00:00+01:00,122.35598641398911
2031-12-22 17:00:00+01:00,126.28449139734965
2031-12-22 18:00:00+01:00,125.51487200002464
2031-12-22 19:00:00+01:00,124.49254175581677
2031-12-22 20:00:00+01:00,125.19324001308283
2031-12-22 21:00:00+01:00,117.99098087692185
2031-12-22 22:00:00+01:00,107.03251960754773
2031-12-22 23:00:00+01:00,88.28596951151147
2031-12-23 00:00:00+01:00,68.79277373150319
2031-12-23 01:00:00+01:00,58.15594444907086
2031-12-23 02:00:00+01:00,44.05008445033771
2031-12-23 03:00:00+01:00,39.78846062335887
2031-12-23 04:00:00+01:00,35.64170536314497
2031-12-23 05:00:00+01:00,70.84892107659542
2031-12-23 06:00:00+01:00,104.11485801171855
2031-12-23 07:00:00+01:00,128.54740216261874
2031-12-23 08:00:00+01:00,129.61567983353257
2031-12-23 09:00:00+01:00,132.40698600592032
2031-12-23 10:00:00+01:00,117.34771690303825
2031-12-23 11:00:00+01:00,105.4817939562212
2031-12-23 12:00:00+01:00,104.6777139888667
2031-12-23 13:00:00+01:00,103.99998944495363
2031-12-23 14:00:00+01:00,111.61577542146836
2031-12-23 15:00:00+01:00,128.00751989882357
2031-12-23 16:00:00+01:00,132.40698600592032
2031-12-23 17:00:00+01:00,131.78669574538972
2031-12-23 18:00:00+01:00,131.67182717862477
2031-12-23 19:00:00+01:00,130.9711289213587
2031-12-23 20:00:00+01:00,129.7535221136505
2031-12-23 21:00:00+01:00,121.94245957363538
2031-12-23 22:00:00+01:00,115.52130669147591
2031-12-23 23:00:00+01:00,106.35479506363465
2031-12-24 00:00:00+01:00,90.98538083048729
2031-12-24 01:00:00+01:00,82.88714687355986
2031-12-24 02:00:00+01:00,79.36068187387657
2031-12-24 03:00:00+01:00,73.16926612524695
2031-12-24 04:00:00+01:00,71.28542163030214
2031-12-24 05:00:00+01:00,80.32557783470197
2031-12-24 06:00:00+01:00,90.79010426698692
2031-12-24 07:00:00+01:00,112.20160511196949
2031-12-24 08:00:00+01:00,123.20601380804959
2031-12-24 09:00:00+01:00,123.16006638134363
2031-12-24 10:00:00+01:00,116.35984722885988
2031-12-24 11:00:00+01:00,112.70702680573518
2031-12-24 12:00:00+01:00,108.0318761384026
2031-12-24 13:00:00+01:00,106.15951850013428
2031-12-24 14:00:00+01:00,107.68727043810782
2031-12-24 15:00:00+01:00,115.79699125171175
2031-12-24 16:00:00+01:00,127.23790050149856
2031-12-24 17:00:00+01:00,130.95964206468224
2031-12-24 18:00:00+01:00,129.4089164133557
2031-12-24 19:00:00+01:00,126.78991309111534
2031-12-24 20:00:00+01:00,112.20160511196949
2031-12-24 21:00:00+01:00,106.90616418410632
2031-12-24 22:00:00+01:00,103.59794946127637
2031-12-24 23:00:00+01:00,90.99686768716377
2031-12-25 00:00:00+01:00,98.9572593639733
2031-12-25 01:00:00+01:00,89.859668876191
2031-12-25 02:00:00+01:00,84.81693879521066
2031-12-25 03:00:00+01:00,77.78698250919706
2031-12-25 04:00:00+01:00,70.76851307985996
2031-12-25 05:00:00+01:00,71.11311878015474
2031-12-25 06:00:00+01:00,71.74489589736186
2031-12-25 07:00:00+01:00,86.4940198699786
2031-12-25 08:00:00+01:00,96.46461146517436
2031-12-25 09:00:00+01:00,95.63755778446688
2031-12-25 10:00:00+01:00,97.60181027614713
2031-12-25 11:00:00+01:00,95.78688692126127
2031-12-25 12:00:00+01:00,95.08618866399522
2031-12-25 13:00:00+01:00,92.04217164472462
2031-12-25 14:00:00+01:00,95.69499206784934
2031-12-25 15:00:00+01:00,107.20482245769512
2031-12-25 16:00:00+01:00,118.04841516030432
2031-12-25 17:00:00+01:00,127.22641364482207
2031-12-25 18:00:00+01:00,127.76629590861724
2031-12-25 19:00:00+01:00,124.75673945937612
2031-12-25 20:00:00+01:00,120.26537849886743
2031-12-25 21:00:00+01:00,115.75104382500575
2031-12-25 22:00:00+01:00,115.18818784785762
2031-12-25 23:00:00+01:00,106.03316307669286
2031-12-26 00:00:00+01:00,108.56027154552127
2031-12-26 01:00:00+01:00,105.26354367936784
2031-12-26 02:00:00+01:00,102.36885579689165
2031-12-26 03:00:00+01:00,99.9106684681222
2031-12-26 04:00:00+01:00,98.11871882658932
2031-12-26 05:00:00+01:00,102.25398723012671
2031-12-26 06:00:00+01:00,110.2603263336422
2031-12-26 07:00:00+01:00,115.61320154488786
2031-12-26 08:00:00+01:00,126.64058395432093
2031-12-26 09:00:00+01:00,127.76629590861724
2031-12-26 10:00:00+01:00,119.55319338492487
2031-12-26 11:00:00+01:00,115.46387240809344
2031-12-26 12:00:00+01:00,114.46451587723857
2031-12-26 13:00:00+01:00,111.89145998170417
2031-12-26 14:00:00+01:00,114.32667359712065
2031-12-26 15:00:00+01:00,130.9826157780352
2031-12-26 16:00:00+01:00,136.921320679782
2031-12-26 17:00:00+01:00,142.0444587574978
2031-12-26 18:00:00+01:00,140.40183825275932
2031-12-26 19:00:00+01:00,140.63157538628917
2031-12-26 20:00:00+01:00,136.96726810648795
2031-12-26 21:00:00+01:00,132.41847286259681
2031-12-26 22:00:00+01:00,131.98197230889008
2031-12-26 23:00:00+01:00,124.82566059943508
2031-12-27 00:00:00+01:00,118.8754688410118
2031-12-27 01:00:00+01:00,115.93483353182965
2031-12-27 02:00:00+01:00,111.89145998170417
2031-12-27 03:00:00+01:00,109.16907494937539
2031-12-27 04:00:00+01:00,109.11164066599292
2031-12-27 05:00:00+01:00,115.5557672615054
2031-12-27 06:00:00+01:00,120.7937739059861
2031-12-27 07:00:00+01:00,136.5882018361637
2031-12-27 08:00:00+01:00,146.24864830109414
2031-12-27 09:00:00+01:00,141.8147216239679
2031-12-27 10:00:00+01:00,131.6143928952423
2031-12-27 11:00:00+01:00,125.79055656026048
2031-12-27 12:00:00+01:00,124.22834405225746
2031-12-27 13:00:00+01:00,120.8052607626626
2031-12-27 14:00:00+01:00,129.37445584332622
2031-12-27 15:00:00+01:00,138.3686646210201
2031-12-27 16:00:00+01:00,163.29514360900947
2031-12-27 17:00:00+01:00,173.57588033447053
2031-12-27 18:00:00+01:00,175.94217280982804
2031-12-27 19:00:00+01:00,161.84779966777137
2031-12-27 20:00:00+01:00,143.34247356194146
2031-12-27 21:00:00+01:00,134.3597516409241
2031-12-27 22:00:00+01:00,134.34826478424762
2031-12-27 23:00:00+01:00,126.22705711396719
2031-12-28 00:00:00+01:00,127.78926962197022
2031-12-28 01:00:00+01:00,120.92012932942751
2031-12-28 02:00:00+01:00,115.08480613776918
2031-12-28 03:00:00+01:00,112.06376283185158
2031-12-28 04:00:00+01:00,110.49006346717206
2031-12-28 05:00:00+01:00,112.38539481879337
2031-12-28 06:00:00+01:00,118.23220486712822
2031-12-28 07:00:00+01:00,125.27364800981829
2031-12-28 08:00:00+01:00,132.63672313945017
2031-12-28 09:00:00+01:00,133.5671585302461
2031-12-28 10:00:00+01:00,124.57294975255223
2031-12-28 11:00:00+01:00,115.33751698465201
2031-12-28 12:00:00+01:00,112.75297423244113
2031-12-28 13:00:00+01:00,110.99548516093773
2031-12-28 14:00:00+01:00,118.22071801045172
2031-12-28 15:00:00+01:00,132.6252362827737
2031-12-28 16:00:00+01:00,143.87086896906015
2031-12-28 17:00:00+01:00,149.94741615092482
2031-12-28 18:00:00+01:00,150.8433909716913
2031-12-28 19:00:00+01:00,145.5249763304751
2031-12-28 20:00:00+01:00,136.7375309729581
2031-12-28 21:00:00+01:00,128.58186273264823
2031-12-28 22:00:00+01:00,126.81288680446833
2031-12-28 23:00:00+01:00,119.62211452498383
2031-12-29 00:00:00+01:00,121.77015672348799
2031-12-29 01:00:00+01:00,114.02801532353183
2031-12-29 02:00:00+01:00,108.02038928172611
2031-12-29 03:00:00+01:00,98.17615310997178
2031-12-29 04:00:00+01:00,93.27126530910935
2031-12-29 05:00:00+01:00,93.3746470191978
2031-12-29 06:00:00+01:00,95.9132423447027
2031-12-29 07:00:00+01:00,106.52709791378203
2031-12-29 08:00:00+01:00,112.09822340188106
2031-12-29 09:00:00+01:00,112.10971025855756
2031-12-29 10:00:00+01:00,110.36370804373064
2031-12-29 11:00:00+01:00,107.46902016125446
2031-12-29 12:00:00+01:00,105.67707051972158
2031-12-29 13:00:00+01:00,105.71153108975105
2031-12-29 14:00:00+01:00,109.43327265293472
2031-12-29 15:00:00+01:00,121.85056472022345
2031-12-29 16:00:00+01:00,137.47268980025365
2031-12-29 17:00:00+01:00,141.55052392040858
2031-12-29 18:00:00+01:00,142.92894672158772
2031-12-29 19:00:00+01:00,140.25250911596493
2031-12-29 20:00:00+01:00,134.497593921042
2031-12-29 21:00:00+01:00,123.55061950834437
2031-12-29 22:00:00+01:00,116.15308380868302
2031-12-29 23:00:00+01:00,108.66365325560972
2031-12-30 00:00:00+01:00,110.81169545411385
2031-12-30 01:00:00+01:00,109.8008520665825
2031-12-30 02:00:00+01:00,108.59473211555076
2031-12-30 03:00:00+01:00,107.48050701793096
2031-12-30 04:00:00+01:00,107.75619157816678
2031-12-30 05:00:00+01:00,117.06054548612593
2031-12-30 06:00:00+01:00,131.1549186281826
2031-12-30 07:00:00+01:00,140.9187468032015
2031-12-30 08:00:00+01:00,143.0782758583821
2031-12-30 09:00:00+01:00,140.81536509311303
2031-12-30 10:00:00+01:00,137.47268980025365
2031-12-30 11:00:00+01:00,131.22383976824156
2031-12-30 12:00:00+01:00,127.58250620179336
2031-12-30 13:00:00+01:00,126.61761024096796
2031-12-30 14:00:00+01:00,136.97875496316448
2031-12-30 15:00:00+01:00,141.15997079340784
2031-12-30 16:00:00+01:00,141.86066905067392
2031-12-30 17:00:00+01:00,147.1101625518311
2031-12-30 18:00:00+01:00,155.21988336543504
2031-12-30 19:00:00+01:00,149.8325475841599
2031-12-30 20:00:00+01:00,143.08976271505864
2031-12-30 21:00:00+01:00,141.2518656468198
2031-12-30 22:00:00+01:00,137.47268980025365
2031-12-30 23:00:00+01:00,131.24681348159456
2031-12-31 00:00:00+01:00,109.76639149655301
2031-12-31 01:00:00+01:00,105.61963623633912
2031-12-31 02:00:00+01:00,105.11421454257344
2031-12-31 03:00:00+01:00,106.25141335354621
2031-12-31 04:00:00+01:00,104.87299055236707
2031-12-31 05:00:00+01:00,106.86021675740034
2031-12-31 06:00:00+01:00,112.47728967220532
2031-12-31 07:00:00+01:00,128.22577017567693
2031-12-31 08:00:00+01:00,128.6163233026777
2031-12-31 09:00:00+01:00,125.98583312376086
2031-12-31 10:00:00+01:00,121.88502529025291
2031-12-31 11:00:00+01:00,117.40515118642074
2031-12-31 12:00:00+01:00,119.20858768463009
2031-12-31 13:00:00+01:00,112.08673654520456
2031-12-31 14:00:00+01:00,119.20858768463009
2031-12-31 15:00:00+01:00,126.43382053414408
2031-12-31 16:00:00+01:00,138.26528291093163
2031-12-31 17:00:00+01:00,139.06936287828614
2031-12-31 18:00:00+01:00,137.23146581004733
2031-12-31 19:00:00+01:00,132.3150911525084
2031-12-31 20:00:00+01:00,120.52957620242677
2031-12-31 21:00:00+01:00,115.16521413450464
2031-12-31 22:00:00+01:00,119.19710082795359
2031-12-31 23:00:00+01:00,110.46708975381907
