Date (GMT+1),Price (EUR/MWh)
2035-01-01 00:00:00+01:00,13.80465508170365
2035-01-01 01:00:00+01:00,8.856025334292923
2035-01-01 02:00:00+01:00,-0.6806556110940534
2035-01-01 03:00:00+01:00,-4.348609820858272
2035-01-01 04:00:00+01:00,-4.373477307026178
2035-01-01 05:00:00+01:00,-4.32374233469038
2035-01-01 06:00:00+01:00,-4.38591105011011
2035-01-01 07:00:00+01:00,-8.153335204545911
2035-01-01 08:00:00+01:00,-7.9046603428669755
2035-01-01 09:00:00+01:00,-5.2687068090703235
2035-01-01 10:00:00+01:00,-6.36287620045762
2035-01-01 11:00:00+01:00,-8.240371406133548
2035-01-01 12:00:00+01:00,-5.169236864398741
2035-01-01 13:00:00+01:00,-6.9099608961512615
2035-01-01 14:00:00+01:00,-4.174537417683013
2035-01-01 15:00:00+01:00,6.891493927029373
2035-01-01 16:00:00+01:00,17.683982923894966
2035-01-01 17:00:00+01:00,33.86028267610939
2035-01-01 18:00:00+01:00,42.2281917716054
2035-01-01 19:00:00+01:00,35.36476558926692
2035-01-01 20:00:00+01:00,34.46953608722278
2035-01-01 21:00:00+01:00,25.032325086507363
2035-01-01 22:00:00+01:00,23.801384521196653
2035-01-01 23:00:00+01:00,13.928992512543118
2035-01-02 00:00:00+01:00,9.166868911391589
2035-01-02 01:00:00+01:00,-1.0785353897803418
2035-01-02 02:00:00+01:00,-4.410778536278016
2035-01-02 03:00:00+01:00,-6.474779888213135
2035-01-02 04:00:00+01:00,-6.039598880274994
2035-01-02 05:00:00+01:00,-4.361043563942218
2035-01-02 06:00:00+01:00,6.244939286664163
2035-01-02 07:00:00+01:00,31.945486241181634
2035-01-02 08:00:00+01:00,41.643805846659916
2035-01-02 09:00:00+01:00,45.93344721062147
2035-01-02 10:00:00+01:00,46.03291715529304
2035-01-02 11:00:00+01:00,50.981546902703755
2035-01-02 12:00:00+01:00,54.23918759069775
2035-01-02 13:00:00+01:00,57.57143073719541
2035-01-02 14:00:00+01:00,62.30868685217905
2035-01-02 15:00:00+01:00,65.36738765082988
2035-01-02 16:00:00+01:00,71.67129539439078
2035-01-02 17:00:00+01:00,75.76199686900918
2035-01-02 18:00:00+01:00,65.86473737418775
2035-01-02 19:00:00+01:00,56.15398402562552
2035-01-02 20:00:00+01:00,41.51946841582045
2035-01-02 21:00:00+01:00,22.69478138672541
2035-01-02 22:00:00+01:00,17.323404374460516
2035-01-02 23:00:00+01:00,3.9073955868822168
2035-01-03 00:00:00+01:00,5.697854590970522
2035-01-03 01:00:00+01:00,0.33891132178956695
2035-01-03 02:00:00+01:00,-4.373477307026178
2035-01-03 03:00:00+01:00,-4.410778536278016
2035-01-03 04:00:00+01:00,-4.435646022445908
2035-01-03 05:00:00+01:00,10.870291713892271
2035-01-03 06:00:00+01:00,46.05778464146093
2035-01-03 07:00:00+01:00,56.14155028254157
2035-01-03 08:00:00+01:00,58.6904676147506
2035-01-03 09:00:00+01:00,59.69760080455028
2035-01-03 10:00:00+01:00,54.37595876462116
2035-01-03 11:00:00+01:00,51.41672791064188
2035-01-03 12:00:00+01:00,56.15398402562552
2035-01-03 13:00:00+01:00,62.283819366011144
2035-01-03 14:00:00+01:00,70.65172846150716
2035-01-03 15:00:00+01:00,78.7336614660724
2035-01-03 16:00:00+01:00,75.68739441050549
2035-01-03 17:00:00+01:00,82.96113411461423
2035-01-03 18:00:00+01:00,88.39467984229884
2035-01-03 19:00:00+01:00,83.52065255339183
2035-01-03 20:00:00+01:00,84.35371334001623
2035-01-03 21:00:00+01:00,64.80786921205228
2035-01-03 22:00:00+01:00,63.25365132655897
2035-01-03 23:00:00+01:00,47.873111131717124
2035-01-04 00:00:00+01:00,41.730842048247546
2035-01-04 01:00:00+01:00,32.48013719379133
2035-01-04 02:00:00+01:00,26.350301853405696
2035-01-04 03:00:00+01:00,18.96465846154146
2035-01-04 04:00:00+01:00,22.172564177199668
2035-01-04 05:00:00+01:00,49.738172594309106
2035-01-04 06:00:00+01:00,69.4580891254483
2035-01-04 07:00:00+01:00,86.19390731644032
2035-01-04 08:00:00+01:00,94.2882740640895
2035-01-04 09:00:00+01:00,98.32924056637214
2035-01-04 10:00:00+01:00,95.40731094164468
2035-01-04 11:00:00+01:00,91.4036456686139
2035-01-04 12:00:00+01:00,89.10340319808381
2035-01-04 13:00:00+01:00,90.06080141554769
2035-01-04 14:00:00+01:00,95.35757596930891
2035-01-04 15:00:00+01:00,98.13030067702898
2035-01-04 16:00:00+01:00,111.98149047254542
2035-01-04 17:00:00+01:00,115.87325205782068
2035-01-04 18:00:00+01:00,117.15392759546717
2035-01-04 19:00:00+01:00,115.91055328707252
2035-01-04 20:00:00+01:00,104.72018451152064
2035-01-04 21:00:00+01:00,100.1943020289641
2035-01-04 22:00:00+01:00,96.65068525003934
2035-01-04 23:00:00+01:00,90.88142845908814
2035-01-05 00:00:00+01:00,89.43911426135035
2035-01-05 01:00:00+01:00,83.02330283003396
2035-01-05 02:00:00+01:00,78.85799889691188
2035-01-05 03:00:00+01:00,77.51515464384563
2035-01-05 04:00:00+01:00,76.93076871890015
2035-01-05 05:00:00+01:00,84.58995445861122
2035-01-05 06:00:00+01:00,91.60258555795706
2035-01-05 07:00:00+01:00,105.87652261832766
2035-01-05 08:00:00+01:00,110.912188567326
2035-01-05 09:00:00+01:00,106.80905334962365
2035-01-05 10:00:00+01:00,103.60114763396544
2035-01-05 11:00:00+01:00,103.37734025845442
2035-01-05 12:00:00+01:00,96.55121530536776
2035-01-05 13:00:00+01:00,98.13030067702898
2035-01-05 14:00:00+01:00,99.73425353485808
2035-01-05 15:00:00+01:00,105.13049803329088
2035-01-05 16:00:00+01:00,106.99555949588286
2035-01-05 17:00:00+01:00,117.10419262313138
2035-01-05 18:00:00+01:00,118.72057922404441
2035-01-05 19:00:00+01:00,113.08809360701665
2035-01-05 20:00:00+01:00,103.67575009246913
2035-01-05 21:00:00+01:00,97.11073374414536
2035-01-05 22:00:00+01:00,91.615019301041
2035-01-05 23:00:00+01:00,88.28277615454334
2035-01-06 00:00:00+01:00,81.7799285216393
2035-01-06 01:00:00+01:00,76.035539216856
2035-01-06 02:00:00+01:00,75.55062323658208
2035-01-06 03:00:00+01:00,72.91466970278543
2035-01-06 04:00:00+01:00,73.16334456446435
2035-01-06 05:00:00+01:00,74.8045986515453
2035-01-06 06:00:00+01:00,75.14030971481185
2035-01-06 07:00:00+01:00,81.04633767968645
2035-01-06 08:00:00+01:00,85.92036496859349
2035-01-06 09:00:00+01:00,91.30417572394234
2035-01-06 10:00:00+01:00,93.71632188222796
2035-01-06 11:00:00+01:00,96.265239214437
2035-01-06 12:00:00+01:00,94.7110213289437
2035-01-06 13:00:00+01:00,93.0324660126109
2035-01-06 14:00:00+01:00,93.69145439606007
2035-01-06 15:00:00+01:00,95.04673239221025
2035-01-06 16:00:00+01:00,99.70938604869019
2035-01-06 17:00:00+01:00,103.16596662602733
2035-01-06 18:00:00+01:00,101.31333890651928
2035-01-06 19:00:00+01:00,96.265239214437
2035-01-06 20:00:00+01:00,93.66658690989217
2035-01-06 21:00:00+01:00,89.56345169218983
2035-01-06 22:00:00+01:00,89.02880073958012
2035-01-06 23:00:00+01:00,84.05530350600151
2035-01-07 00:00:00+01:00,87.20104050623999
2035-01-07 01:00:00+01:00,81.87939846631087
2035-01-07 02:00:00+01:00,77.91303442253194
2035-01-07 03:00:00+01:00,73.63582680165433
2035-01-07 04:00:00+01:00,71.33558433112421
2035-01-07 05:00:00+01:00,73.58609182931853
2035-01-07 06:00:00+01:00,76.11014167535969
2035-01-07 07:00:00+01:00,80.30031309464967
2035-01-07 08:00:00+01:00,84.1299059645052
2035-01-07 09:00:00+01:00,92.47294757383331
2035-01-07 10:00:00+01:00,97.93136078768583
2035-01-07 11:00:00+01:00,100.13213331354437
2035-01-07 12:00:00+01:00,99.6596510763544
2035-01-07 13:00:00+01:00,95.81762446341493
2035-01-07 14:00:00+01:00,95.74302200491125
2035-01-07 15:00:00+01:00,96.30254044368883
2035-01-07 16:00:00+01:00,101.82312237296111
2035-01-07 17:00:00+01:00,111.78255058320227
2035-01-07 18:00:00+01:00,115.99758948866014
2035-01-07 19:00:00+01:00,111.75768309703437
2035-01-07 20:00:00+01:00,108.02756017185041
2035-01-07 21:00:00+01:00,103.87468998181227
2035-01-07 22:00:00+01:00,100.96519410016879
2035-01-07 23:00:00+01:00,96.25280547135306
2035-01-08 00:00:00+01:00,92.64701997700855
2035-01-08 01:00:00+01:00,91.49068187020154
2035-01-08 02:00:00+01:00,89.12827068425169
2035-01-08 03:00:00+01:00,87.30051045091156
2035-01-08 04:00:00+01:00,87.27564296474367
2035-01-08 05:00:00+01:00,91.63988678720888
2035-01-08 06:00:00+01:00,106.43604105710526
2035-01-08 07:00:00+01:00,116.24626435033906
2035-01-08 08:00:00+01:00,128.02101905083643
2035-01-08 09:00:00+01:00,127.75991044607355
2035-01-08 10:00:00+01:00,121.44356895942872
2035-01-08 11:00:00+01:00,120.29966459570564
2035-01-08 12:00:00+01:00,112.16799661880461
2035-01-08 13:00:00+01:00,112.01879170179724
2035-01-08 14:00:00+01:00,115.59970970997385
2035-01-08 15:00:00+01:00,119.60337498300463
2035-01-08 16:00:00+01:00,129.76174308258894
2035-01-08 17:00:00+01:00,151.52079347949535
2035-01-08 18:00:00+01:00,151.95597448743348
2035-01-08 19:00:00+01:00,141.37485912299496
2035-01-08 20:00:00+01:00,126.42949993609128
2035-01-08 21:00:00+01:00,110.9370560534939
2035-01-08 22:00:00+01:00,109.56934431425978
2035-01-08 23:00:00+01:00,107.0079932389668
2035-01-09 00:00:00+01:00,98.75198783122632
2035-01-09 01:00:00+01:00,98.32924056637214
2035-01-09 02:00:00+01:00,97.23507117498482
2035-01-09 03:00:00+01:00,95.84249194958282
2035-01-09 04:00:00+01:00,95.70572077565942
2035-01-09 05:00:00+01:00,100.59218180765039
2035-01-09 06:00:00+01:00,115.25156490362335
2035-01-09 07:00:00+01:00,139.41032771573143
2035-01-09 08:00:00+01:00,150.31472040035254
2035-01-09 09:00:00+01:00,141.17591923365183
2035-01-09 10:00:00+01:00,121.5181714179324
2035-01-09 11:00:00+01:00,114.44337160316681
2035-01-09 12:00:00+01:00,108.28866877661329
2035-01-09 13:00:00+01:00,109.3082357094969
2035-01-09 14:00:00+01:00,119.19306146123441
2035-01-09 15:00:00+01:00,128.6551399481177
2035-01-09 16:00:00+01:00,141.94681130485654
2035-01-09 17:00:00+01:00,158.96860558677932
2035-01-09 18:00:00+01:00,159.37891910854955
2035-01-09 19:00:00+01:00,146.82083859376354
2035-01-09 20:00:00+01:00,125.6088728925508
2035-01-09 21:00:00+01:00,116.97985519229192
2035-01-09 22:00:00+01:00,109.95479034986212
2035-01-09 23:00:00+01:00,104.26013601741462
2035-01-10 00:00:00+01:00,97.9189270446019
2035-01-10 01:00:00+01:00,94.98456367679051
2035-01-10 02:00:00+01:00,94.1515028901661
2035-01-10 03:00:00+01:00,92.48538131691726
2035-01-10 04:00:00+01:00,92.44808008766542
2035-01-10 05:00:00+01:00,95.90466066500255
2035-01-10 06:00:00+01:00,111.63334566619491
2035-01-10 07:00:00+01:00,134.79740903158728
2035-01-10 08:00:00+01:00,152.6273966139666
2035-01-10 09:00:00+01:00,138.25398960892443
2035-01-10 10:00:00+01:00,124.31576361182036
2035-01-10 11:00:00+01:00,116.55710792743773
2035-01-10 12:00:00+01:00,110.912188567326
2035-01-10 13:00:00+01:00,110.62621247639524
2035-01-10 14:00:00+01:00,116.50737295510194
2035-01-10 15:00:00+01:00,127.9091153630809
2035-01-10 16:00:00+01:00,137.01061530052976
2035-01-10 17:00:00+01:00,152.1797818629445
2035-01-10 18:00:00+01:00,153.224216281996
2035-01-10 19:00:00+01:00,141.25052169215553
2035-01-10 20:00:00+01:00,126.08135512974076
2035-01-10 21:00:00+01:00,112.96375617617718
2035-01-10 22:00:00+01:00,108.87305470155879
2035-01-10 23:00:00+01:00,102.78052059042498
2035-01-11 00:00:00+01:00,96.2901067006049
2035-01-11 01:00:00+01:00,92.80865863709988
2035-01-11 02:00:00+01:00,89.91159649854033
2035-01-11 03:00:00+01:00,88.75525839173329
2035-01-11 04:00:00+01:00,89.30234308742695
2035-01-11 05:00:00+01:00,93.82822556998349
2035-01-11 06:00:00+01:00,111.85715304170594
2035-01-11 07:00:00+01:00,132.52203404722508
2035-01-11 08:00:00+01:00,158.5955932942609
2035-01-11 09:00:00+01:00,143.28965555792277
2035-01-11 10:00:00+01:00,125.06178819685715
2035-01-11 11:00:00+01:00,113.0259248915969
2035-01-11 12:00:00+01:00,106.69714966186814
2035-01-11 13:00:00+01:00,106.67228217570025
2035-01-11 14:00:00+01:00,112.32963527889589
2035-01-11 15:00:00+01:00,126.52896988076284
2035-01-11 16:00:00+01:00,137.70690491323077
2035-01-11 17:00:00+01:00,154.6665304797338
2035-01-11 18:00:00+01:00,155.87260355887662
2035-01-11 19:00:00+01:00,146.9078747953512
2035-01-11 20:00:00+01:00,126.54140362384679
2035-01-11 21:00:00+01:00,112.66534634216248
2035-01-11 22:00:00+01:00,108.21406631810962
2035-01-11 23:00:00+01:00,99.27420504075205
2035-01-12 00:00:00+01:00,90.80682600058448
2035-01-12 01:00:00+01:00,87.86002888968915
2035-01-12 02:00:00+01:00,87.61135402801023
2035-01-12 03:00:00+01:00,85.85819625317376
2035-01-12 04:00:00+01:00,86.54205212279082
2035-01-12 05:00:00+01:00,89.12827068425169
2035-01-12 06:00:00+01:00,103.16596662602733
2035-01-12 07:00:00+01:00,124.41523355649194
2035-01-12 08:00:00+01:00,147.38035703254116
2035-01-12 09:00:00+01:00,135.00878266401438
2035-01-12 10:00:00+01:00,121.44356895942872
2035-01-12 11:00:00+01:00,112.85185248842166
2035-01-12 12:00:00+01:00,107.08259569747047
2035-01-12 13:00:00+01:00,103.84982249564439
2035-01-12 14:00:00+01:00,107.04529446821863
2035-01-12 15:00:00+01:00,113.43623841336714
2035-01-12 16:00:00+01:00,120.44886951271297
2035-01-12 17:00:00+01:00,133.24319114609398
2035-01-12 18:00:00+01:00,136.9981815574458
2035-01-12 19:00:00+01:00,129.31412833156688
2035-01-12 20:00:00+01:00,115.54997473763805
2035-01-12 21:00:00+01:00,102.99189422285207
2035-01-12 22:00:00+01:00,98.95092772056945
2035-01-12 23:00:00+01:00,92.92056232485538
2035-01-13 00:00:00+01:00,97.02369754255774
2035-01-13 01:00:00+01:00,90.39651247881423
2035-01-13 02:00:00+01:00,89.60075292144167
2035-01-13 03:00:00+01:00,89.21530688583933
2035-01-13 04:00:00+01:00,88.76769213481725
2035-01-13 05:00:00+01:00,89.60075292144167
2035-01-13 06:00:00+01:00,90.96846466067578
2035-01-13 07:00:00+01:00,91.49068187020154
2035-01-13 08:00:00+01:00,93.67902065297612
2035-01-13 09:00:00+01:00,97.13560123031326
2035-01-13 10:00:00+01:00,97.24750491806877
2035-01-13 11:00:00+01:00,95.81762446341493
2035-01-13 12:00:00+01:00,90.45868119423398
2035-01-13 13:00:00+01:00,89.04123448266408
2035-01-13 14:00:00+01:00,89.56345169218983
2035-01-13 15:00:00+01:00,93.45521327746509
2035-01-13 16:00:00+01:00,94.2882740640895
2035-01-13 17:00:00+01:00,103.32760528611863
2035-01-13 18:00:00+01:00,107.05772821130259
2035-01-13 19:00:00+01:00,104.95642563011562
2035-01-13 20:00:00+01:00,100.5424468353146
2035-01-13 21:00:00+01:00,95.89222692191859
2035-01-13 22:00:00+01:00,96.89936011171827
2035-01-13 23:00:00+01:00,95.48191340014836
2035-01-14 00:00:00+01:00,89.94889772779216
2035-01-14 01:00:00+01:00,89.09096945499985
2035-01-14 02:00:00+01:00,89.06610196883196
2035-01-14 03:00:00+01:00,88.51901727313832
2035-01-14 04:00:00+01:00,88.41954732846675
2035-01-14 05:00:00+01:00,88.53145101622225
2035-01-14 06:00:00+01:00,88.46928230080252
2035-01-14 07:00:00+01:00,88.86716207948882
2035-01-14 08:00:00+01:00,88.48171604388648
2035-01-14 09:00:00+01:00,89.61318666452561
2035-01-14 10:00:00+01:00,88.56875224547409
2035-01-14 11:00:00+01:00,88.45684855771859
2035-01-14 12:00:00+01:00,87.03940184614868
2035-01-14 13:00:00+01:00,88.46928230080252
2035-01-14 14:00:00+01:00,88.79255962098514
2035-01-14 15:00:00+01:00,91.86369416271992
2035-01-14 16:00:00+01:00,96.42687787452832
2035-01-14 17:00:00+01:00,100.95276035708484
2035-01-14 18:00:00+01:00,102.96702673668419
2035-01-14 19:00:00+01:00,101.37550762193902
2035-01-14 20:00:00+01:00,97.68268592600691
2035-01-14 21:00:00+01:00,94.59911764118817
2035-01-14 22:00:00+01:00,93.5422494790527
2035-01-14 23:00:00+01:00,89.60075292144167
2035-01-15 00:00:00+01:00,91.57771807178915
2035-01-15 01:00:00+01:00,89.57588543527376
2035-01-15 02:00:00+01:00,89.79969281078482
2035-01-15 03:00:00+01:00,89.93646398470823
2035-01-15 04:00:00+01:00,89.68778912302929
2035-01-15 05:00:00+01:00,92.24914019832228
2035-01-15 06:00:00+01:00,98.92606023440156
2035-01-15 07:00:00+01:00,106.18736619542632
2035-01-15 08:00:00+01:00,114.36876914466313
2035-01-15 09:00:00+01:00,110.67594744873102
2035-01-15 10:00:00+01:00,110.70081493489891
2035-01-15 11:00:00+01:00,106.26196865393001
2035-01-15 12:00:00+01:00,103.43950897387415
2035-01-15 13:00:00+01:00,103.9617261833999
2035-01-15 14:00:00+01:00,105.49107658272531
2035-01-15 15:00:00+01:00,105.82678764599189
2035-01-15 16:00:00+01:00,108.9849583893143
2035-01-15 17:00:00+01:00,120.85918303448321
2035-01-15 18:00:00+01:00,129.04058598372006
2035-01-15 19:00:00+01:00,121.85388248119895
2035-01-15 20:00:00+01:00,110.76298365031866
2035-01-15 21:00:00+01:00,103.36490651537046
2035-01-15 22:00:00+01:00,100.44297689064304
2035-01-15 23:00:00+01:00,96.16576926976542
2035-01-16 00:00:00+01:00,92.00046533664334
2035-01-16 01:00:00+01:00,92.68432120626039
2035-01-16 02:00:00+01:00,90.98089840375974
2035-01-16 03:00:00+01:00,91.44094689786574
2035-01-16 04:00:00+01:00,91.51554935636943
2035-01-16 05:00:00+01:00,92.67188746317646
2035-01-16 06:00:00+01:00,101.2884714203514
2035-01-16 07:00:00+01:00,119.64067621225647
2035-01-16 08:00:00+01:00,148.5366951393482
2035-01-16 09:00:00+01:00,139.4849301742351
2035-01-16 10:00:00+01:00,126.64087356851836
2035-01-16 11:00:00+01:00,115.59970970997385
2035-01-16 12:00:00+01:00,104.75748574077248
2035-01-16 13:00:00+01:00,104.09849735732331
2035-01-16 14:00:00+01:00,106.78418586345576
2035-01-16 15:00:00+01:00,120.5607732004685
2035-01-16 16:00:00+01:00,127.27499446579964
2035-01-16 17:00:00+01:00,148.56156262551607
2035-01-16 18:00:00+01:00,145.58989802845286
2035-01-16 19:00:00+01:00,133.2556248891779
2035-01-16 20:00:00+01:00,113.99575685214475
2035-01-16 21:00:00+01:00,101.31333890651928
2035-01-16 22:00:00+01:00,101.35064013577113
2035-01-16 23:00:00+01:00,95.99169686659016
2035-01-17 00:00:00+01:00,90.7570910282487
2035-01-17 01:00:00+01:00,88.32007738379518
2035-01-17 02:00:00+01:00,84.77646060487041
2035-01-17 03:00:00+01:00,84.61482194477911
2035-01-17 04:00:00+01:00,84.65212317403095
2035-01-17 05:00:00+01:00,90.63275359740923
2035-01-17 06:00:00+01:00,97.06099877180958
2035-01-17 07:00:00+01:00,115.82351708548488
2035-01-17 08:00:00+01:00,123.53243779753173
2035-01-17 09:00:00+01:00,121.58034013335214
2035-01-17 10:00:00+01:00,120.0509897340267
2035-01-17 11:00:00+01:00,118.48433810544944
2035-01-17 12:00:00+01:00,114.85368512493704
2035-01-17 13:00:00+01:00,113.75951573354976
2035-01-17 14:00:00+01:00,115.42563730679859
2035-01-17 15:00:00+01:00,121.4933039317645
2035-01-17 16:00:00+01:00,125.73321032339027
2035-01-17 17:00:00+01:00,140.8153406842174
2035-01-17 18:00:00+01:00,134.2378905928097
2035-01-17 19:00:00+01:00,120.69754437439192
2035-01-17 20:00:00+01:00,110.16616398228922
2035-01-17 21:00:00+01:00,97.74485464142664
2035-01-17 22:00:00+01:00,95.84249194958282
2035-01-17 23:00:00+01:00,91.15497080693498
2035-01-18 00:00:00+01:00,82.47621813434031
2035-01-18 01:00:00+01:00,77.83843196402825
2035-01-18 02:00:00+01:00,76.29664782161889
2035-01-18 03:00:00+01:00,75.91120178601655
2035-01-18 04:00:00+01:00,76.24691284928309
2035-01-18 05:00:00+01:00,81.85453098014298
2035-01-18 06:00:00+01:00,94.02716545932662
2035-01-18 07:00:00+01:00,112.5161414251551
2035-01-18 08:00:00+01:00,124.41523355649194
2035-01-18 09:00:00+01:00,122.63720829548758
2035-01-18 10:00:00+01:00,111.4717070061036
2035-01-18 11:00:00+01:00,106.88365580812733
2035-01-18 12:00:00+01:00,98.96336146365338
2035-01-18 13:00:00+01:00,97.7324208983427
2035-01-18 14:00:00+01:00,97.71998715525874
2035-01-18 15:00:00+01:00,98.97579520673735
2035-01-18 16:00:00+01:00,102.58158070108183
2035-01-18 17:00:00+01:00,113.54814210112266
2035-01-18 18:00:00+01:00,113.0259248915969
2035-01-18 19:00:00+01:00,104.95642563011562
2035-01-18 20:00:00+01:00,95.61868457407178
2035-01-18 21:00:00+01:00,93.60441819447246
2035-01-18 22:00:00+01:00,91.14253706385104
2035-01-18 23:00:00+01:00,85.88306373934165
2035-01-19 00:00:00+01:00,82.60055556517976
2035-01-19 01:00:00+01:00,80.98416896426673
2035-01-19 02:00:00+01:00,80.16354192072626
2035-01-19 03:00:00+01:00,79.86513208671153
2035-01-19 04:00:00+01:00,79.44238482185736
2035-01-19 05:00:00+01:00,82.3394469604169
2035-01-19 06:00:00+01:00,88.44441481463464
2035-01-19 07:00:00+01:00,101.05223030175641
2035-01-19 08:00:00+01:00,112.25503282039224
2035-01-19 09:00:00+01:00,113.31190098252769
2035-01-19 10:00:00+01:00,98.52818045571527
2035-01-19 11:00:00+01:00,92.49781506000122
2035-01-19 12:00:00+01:00,86.97723313072893
2035-01-19 13:00:00+01:00,87.4994503402547
2035-01-19 14:00:00+01:00,90.3840787357303
2035-01-19 15:00:00+01:00,90.78195851441657
2035-01-19 16:00:00+01:00,95.79275697724702
2035-01-19 17:00:00+01:00,98.34167430945607
2035-01-19 18:00:00+01:00,103.38977400153836
2035-01-19 19:00:00+01:00,97.74485464142664
2035-01-19 20:00:00+01:00,93.04489975569486
2035-01-19 21:00:00+01:00,88.41954732846675
2035-01-19 22:00:00+01:00,91.41607941169786
2035-01-19 23:00:00+01:00,86.29337726111189
2035-01-20 00:00:00+01:00,79.70349342662023
2035-01-20 01:00:00+01:00,79.70349342662023
2035-01-20 02:00:00+01:00,79.84026460054363
2035-01-20 03:00:00+01:00,78.5720228059811
2035-01-20 04:00:00+01:00,78.55958906289715
2035-01-20 05:00:00+01:00,79.81539711437576
2035-01-20 06:00:00+01:00,79.67862594045233
2035-01-20 07:00:00+01:00,79.79052962820786
2035-01-20 08:00:00+01:00,85.24894284206039
2035-01-20 09:00:00+01:00,89.15313817041958
2035-01-20 10:00:00+01:00,86.50475089353898
2035-01-20 11:00:00+01:00,79.69105968353628
2035-01-20 12:00:00+01:00,74.81703239462925
2035-01-20 13:00:00+01:00,71.77076533906235
2035-01-20 14:00:00+01:00,73.95910412183693
2035-01-20 15:00:00+01:00,79.77809588512392
2035-01-20 16:00:00+01:00,86.06956988560086
2035-01-20 17:00:00+01:00,92.43564634458147
2035-01-20 18:00:00+01:00,96.265239214437
2035-01-20 19:00:00+01:00,92.24914019832228
2035-01-20 20:00:00+01:00,88.17087246678781
2035-01-20 21:00:00+01:00,82.02860338331823
2035-01-20 22:00:00+01:00,82.55082059284399
2035-01-20 23:00:00+01:00,78.44768537514162
2035-01-21 00:00:00+01:00,74.7548636792095
2035-01-21 01:00:00+01:00,74.69269496378978
2035-01-21 02:00:00+01:00,72.84006724428176
2035-01-21 03:00:00+01:00,73.11360959212857
2035-01-21 04:00:00+01:00,73.97153786492088
2035-01-21 05:00:00+01:00,74.00883909417273
2035-01-21 06:00:00+01:00,75.97337050143628
2035-01-21 07:00:00+01:00,74.44402010211084
2035-01-21 08:00:00+01:00,74.0337065803406
2035-01-21 09:00:00+01:00,74.00883909417273
2035-01-21 10:00:00+01:00,73.97153786492088
2035-01-21 11:00:00+01:00,72.35515126400784
2035-01-21 12:00:00+01:00,67.65519637827605
2035-01-21 13:00:00+01:00,67.58059391977237
2035-01-21 14:00:00+01:00,72.41731997942756
2035-01-21 15:00:00+01:00,73.93423663566904
2035-01-21 16:00:00+01:00,75.76199686900918
2035-01-21 17:00:00+01:00,79.26831241868211
2035-01-21 18:00:00+01:00,79.31804739101788
2035-01-21 19:00:00+01:00,79.15640873092659
2035-01-21 20:00:00+01:00,78.74609520915635
2035-01-21 21:00:00+01:00,76.68209385722123
2035-01-21 22:00:00+01:00,77.75139576244064
2035-01-21 23:00:00+01:00,76.45828648171019
2035-01-22 00:00:00+01:00,72.49192243793125
2035-01-22 01:00:00+01:00,73.90936914950115
2035-01-22 02:00:00+01:00,73.95910412183693
2035-01-22 03:00:00+01:00,73.5985255724025
2035-01-22 04:00:00+01:00,71.0869094694453
2035-01-22 05:00:00+01:00,73.62339305857037
2035-01-22 06:00:00+01:00,78.0622393395393
2035-01-22 07:00:00+01:00,82.22754327266138
2035-01-22 08:00:00+01:00,83.16007400395736
2035-01-22 09:00:00+01:00,80.84739779034331
2035-01-22 10:00:00+01:00,81.63072360463194
2035-01-22 11:00:00+01:00,84.56508697244331
2035-01-22 12:00:00+01:00,84.65212317403095
2035-01-22 13:00:00+01:00,84.61482194477911
2035-01-22 14:00:00+01:00,83.84392987357442
2035-01-22 15:00:00+01:00,83.93096607516205
2035-01-22 16:00:00+01:00,83.79419490123864
2035-01-22 17:00:00+01:00,86.6166545812945
2035-01-22 18:00:00+01:00,86.41771469195136
2035-01-22 19:00:00+01:00,84.24180965226071
2035-01-22 20:00:00+01:00,79.54185476652893
2035-01-22 21:00:00+01:00,77.93790190869981
2035-01-22 22:00:00+01:00,78.32334794430217
2035-01-22 23:00:00+01:00,73.99640535108877
2035-01-23 00:00:00+01:00,69.86840264721853
2035-01-23 01:00:00+01:00,71.9199702560697
2035-01-23 02:00:00+01:00,71.90753651298576
2035-01-23 03:00:00+01:00,70.57712600300347
2035-01-23 04:00:00+01:00,70.58955974608743
2035-01-23 05:00:00+01:00,70.53982477375163
2035-01-23 06:00:00+01:00,75.93606927218443
2035-01-23 07:00:00+01:00,80.82253030417542
2035-01-23 08:00:00+01:00,84.67699066019884
2035-01-23 09:00:00+01:00,84.1050384783373
2035-01-23 10:00:00+01:00,79.77809588512392
2035-01-23 11:00:00+01:00,77.04267240665567
2035-01-23 12:00:00+01:00,76.32151530778678
2035-01-23 13:00:00+01:00,77.04267240665567
2035-01-23 14:00:00+01:00,75.91120178601655
2035-01-23 15:00:00+01:00,77.34108224067039
2035-01-23 16:00:00+01:00,78.48498660439347
2035-01-23 17:00:00+01:00,81.76749477855535
2035-01-23 18:00:00+01:00,81.25771131211354
2035-01-23 19:00:00+01:00,77.90060067944798
2035-01-23 20:00:00+01:00,77.27891352525066
2035-01-23 21:00:00+01:00,75.04083977014028
2035-01-23 22:00:00+01:00,75.05327351322424
2035-01-23 23:00:00+01:00,68.56285962340415
2035-01-24 00:00:00+01:00,75.53818949349815
2035-01-24 01:00:00+01:00,71.11177695561318
2035-01-24 02:00:00+01:00,67.79196755219947
2035-01-24 03:00:00+01:00,68.64989582499177
2035-01-24 04:00:00+01:00,67.2946178288416
2035-01-24 05:00:00+01:00,71.09934321252923
2035-01-24 06:00:00+01:00,78.5720228059811
2035-01-24 07:00:00+01:00,84.40344831235201
2035-01-24 08:00:00+01:00,83.34658015021657
2035-01-24 09:00:00+01:00,82.82436294069082
2035-01-24 10:00:00+01:00,78.65905900756871
2035-01-24 11:00:00+01:00,77.21674480983093
2035-01-24 12:00:00+01:00,80.53655421324464
2035-01-24 13:00:00+01:00,80.85983153342727
2035-01-24 14:00:00+01:00,80.02677074680284
2035-01-24 15:00:00+01:00,80.2008431499781
2035-01-24 16:00:00+01:00,82.23997701574532
2035-01-24 17:00:00+01:00,84.62725568786306
2035-01-24 18:00:00+01:00,89.04123448266408
2035-01-24 19:00:00+01:00,87.08913681848446
2035-01-24 20:00:00+01:00,78.42281788897374
2035-01-24 21:00:00+01:00,76.02310547377206
2035-01-24 22:00:00+01:00,76.02310547377206
2035-01-24 23:00:00+01:00,75.51332200733025
2035-01-25 00:00:00+01:00,71.12421069869711
2035-01-25 01:00:00+01:00,71.2485481295366
2035-01-25 02:00:00+01:00,67.3194853150095
2035-01-25 03:00:00+01:00,66.83456933473559
2035-01-25 04:00:00+01:00,68.25201604630549
2035-01-25 05:00:00+01:00,76.0604067030239
2035-01-25 06:00:00+01:00,77.90060067944798
2035-01-25 07:00:00+01:00,87.83516140352127
2035-01-25 08:00:00+01:00,90.86899471600421
2035-01-25 09:00:00+01:00,90.76952477133264
2035-01-25 10:00:00+01:00,86.55448586587477
2035-01-25 11:00:00+01:00,84.17964093684097
2035-01-25 12:00:00+01:00,81.85453098014298
2035-01-25 13:00:00+01:00,83.48335132413997
2035-01-25 14:00:00+01:00,85.74629256541824
2035-01-25 15:00:00+01:00,91.1052358345992
2035-01-25 16:00:00+01:00,99.63478359018652
2035-01-25 17:00:00+01:00,110.04182655144976
2035-01-25 18:00:00+01:00,110.06669403761765
2035-01-25 19:00:00+01:00,101.93502606071661
2035-01-25 20:00:00+01:00,89.97376521396006
2035-01-25 21:00:00+01:00,81.54368740304432
2035-01-25 22:00:00+01:00,79.28074616176605
2035-01-25 23:00:00+01:00,76.0852741891918
2035-01-26 00:00:00+01:00,68.68719705424361
2035-01-26 01:00:00+01:00,66.02637603427905
2035-01-26 02:00:00+01:00,68.00334118462655
2035-01-26 03:00:00+01:00,68.42608844948074
2035-01-26 04:00:00+01:00,67.59302766285631
2035-01-26 05:00:00+01:00,68.61259459573992
2035-01-26 06:00:00+01:00,79.97703577446705
2035-01-26 07:00:00+01:00,83.66985747039917
2035-01-26 08:00:00+01:00,86.84046195680553
2035-01-26 09:00:00+01:00,84.1299059645052
2035-01-26 10:00:00+01:00,81.64315734771588
2035-01-26 11:00:00+01:00,78.52228783364531
2035-01-26 12:00:00+01:00,81.41934997220484
2035-01-26 13:00:00+01:00,81.0587714227704
2035-01-26 14:00:00+01:00,79.79052962820786
2035-01-26 15:00:00+01:00,79.84026460054363
2035-01-26 16:00:00+01:00,79.67862594045233
2035-01-26 17:00:00+01:00,82.46378439125635
2035-01-26 18:00:00+01:00,90.16027136021926
2035-01-26 19:00:00+01:00,91.83882667655205
2035-01-26 20:00:00+01:00,86.41771469195136
2035-01-26 21:00:00+01:00,82.31457947424899
2035-01-26 22:00:00+01:00,78.93260135541554
2035-01-26 23:00:00+01:00,71.21124690028475
2035-01-27 00:00:00+01:00,62.68169914469744
2035-01-27 01:00:00+01:00,62.370855567598774
2035-01-27 02:00:00+01:00,62.209216907507475
2035-01-27 03:00:00+01:00,63.04227769413188
2035-01-27 04:00:00+01:00,63.1541813818874
2035-01-27 05:00:00+01:00,60.54309533425864
2035-01-27 06:00:00+01:00,57.37249084785227
2035-01-27 07:00:00+01:00,62.75630160320112
2035-01-27 08:00:00+01:00,71.50965673429947
2035-01-27 09:00:00+01:00,68.86126945741886
2035-01-27 10:00:00+01:00,63.97480842542787
2035-01-27 11:00:00+01:00,59.249986053528204
2035-01-27 12:00:00+01:00,59.896540693893414
2035-01-27 13:00:00+01:00,49.128919183195734
2035-01-27 14:00:00+01:00,54.089982673690386
2035-01-27 15:00:00+01:00,66.53615950072086
2035-01-27 16:00:00+01:00,78.02493811028745
2035-01-27 17:00:00+01:00,84.90079803570988
2035-01-27 18:00:00+01:00,93.85309305615137
2035-01-27 19:00:00+01:00,90.08566890171556
2035-01-27 20:00:00+01:00,84.55265322935938
2035-01-27 21:00:00+01:00,79.06937252933895
2035-01-27 22:00:00+01:00,77.2913472683346
2035-01-27 23:00:00+01:00,73.66069428782222
2035-01-28 00:00:00+01:00,72.6659948411065
2035-01-28 01:00:00+01:00,67.35678654426134
2035-01-28 02:00:00+01:00,63.962374682343935
2035-01-28 03:00:00+01:00,60.04574561090077
2035-01-28 04:00:00+01:00,58.50396146849141
2035-01-28 05:00:00+01:00,57.39735833402017
2035-01-28 06:00:00+01:00,61.81133712882118
2035-01-28 07:00:00+01:00,67.09567793949846
2035-01-28 08:00:00+01:00,64.0867121131834
2035-01-28 09:00:00+01:00,61.51292729480647
2035-01-28 10:00:00+01:00,56.12911653945761
2035-01-28 11:00:00+01:00,48.70617191834154
2035-01-28 12:00:00+01:00,43.49643356616795
2035-01-28 13:00:00+01:00,27.33256755703747
2035-01-28 14:00:00+01:00,34.730644691985646
2035-01-28 15:00:00+01:00,47.16438777593217
2035-01-28 16:00:00+01:00,64.14888082860313
2035-01-28 17:00:00+01:00,77.63949207468511
2035-01-28 18:00:00+01:00,81.0836389089383
2035-01-28 19:00:00+01:00,79.28074616176605
2035-01-28 20:00:00+01:00,76.68209385722123
2035-01-28 21:00:00+01:00,73.5736580862346
2035-01-28 22:00:00+01:00,71.44748801887974
2035-01-28 23:00:00+01:00,68.83640197125098
2035-01-29 00:00:00+01:00,63.3406875281466
2035-01-29 01:00:00+01:00,56.77567117982284
2035-01-29 02:00:00+01:00,45.41123000109572
2035-01-29 03:00:00+01:00,49.862510025148566
2035-01-29 04:00:00+01:00,49.83764253898068
2035-01-29 05:00:00+01:00,65.50415882475329
2035-01-29 06:00:00+01:00,79.81539711437576
2035-01-29 07:00:00+01:00,88.17087246678781
2035-01-29 08:00:00+01:00,98.90119274823365
2035-01-29 09:00:00+01:00,88.25790866837544
2035-01-29 10:00:00+01:00,79.91486705904732
2035-01-29 11:00:00+01:00,78.46011911822558
2035-01-29 12:00:00+01:00,77.41568469917407
2035-01-29 13:00:00+01:00,77.1297086082433
2035-01-29 14:00:00+01:00,82.32701321733295
2035-01-29 15:00:00+01:00,87.87246263277311
2035-01-29 16:00:00+01:00,107.02042698205074
2035-01-29 17:00:00+01:00,119.61580872608857
2035-01-29 18:00:00+01:00,121.97821991203841
2035-01-29 19:00:00+01:00,114.46823908933473
2035-01-29 20:00:00+01:00,95.2208047953855
2035-01-29 21:00:00+01:00,84.52778574319147
2035-01-29 22:00:00+01:00,80.74792784567174
2035-01-29 23:00:00+01:00,76.4334189955423
2035-01-30 00:00:00+01:00,68.99804063134228
2035-01-30 01:00:00+01:00,66.83456933473559
2035-01-30 02:00:00+01:00,66.87187056398743
2035-01-30 03:00:00+01:00,66.31235212520983
2035-01-30 04:00:00+01:00,66.28748463904193
2035-01-30 05:00:00+01:00,68.61259459573992
2035-01-30 06:00:00+01:00,79.77809588512392
2035-01-30 07:00:00+01:00,91.92586287813967
2035-01-30 08:00:00+01:00,101.13926650334403
2035-01-30 09:00:00+01:00,90.99333214684367
2035-01-30 10:00:00+01:00,81.09607265202224
2035-01-30 11:00:00+01:00,79.60402348194866
2035-01-30 12:00:00+01:00,76.48315396787808
2035-01-30 13:00:00+01:00,76.48315396787808
2035-01-30 14:00:00+01:00,78.69636023682055
2035-01-30 15:00:00+01:00,82.72489299601924
2035-01-30 16:00:00+01:00,85.82089502392192
2035-01-30 17:00:00+01:00,90.91872968834
2035-01-30 18:00:00+01:00,100.89059164166511
2035-01-30 19:00:00+01:00,95.91709440808651
2035-01-30 20:00:00+01:00,87.95949883436072
2035-01-30 21:00:00+01:00,80.4122167824052
2035-01-30 22:00:00+01:00,78.80826392457608
2035-01-30 23:00:00+01:00,76.12257541844363
2035-01-31 00:00:00+01:00,73.56122434315066
2035-01-31 01:00:00+01:00,69.88083639030246
2035-01-31 02:00:00+01:00,67.95360621229077
2035-01-31 03:00:00+01:00,68.33905224789311
2035-01-31 04:00:00+01:00,66.80970184856767
2035-01-31 05:00:00+01:00,74.58079127603426
2035-01-31 06:00:00+01:00,83.85636361665837
2035-01-31 07:00:00+01:00,104.81965445619221
2035-01-31 08:00:00+01:00,117.68857854807686
2035-01-31 09:00:00+01:00,95.90466066500255
2035-01-31 10:00:00+01:00,85.55978641915905
2035-01-31 11:00:00+01:00,80.21327689306203
2035-01-31 12:00:00+01:00,76.74426257264096
2035-01-31 13:00:00+01:00,77.21674480983093
2035-01-31 14:00:00+01:00,78.64662526448478
2035-01-31 15:00:00+01:00,80.922000248847
2035-01-31 16:00:00+01:00,82.07833835565401
2035-01-31 17:00:00+01:00,85.92036496859349
2035-01-31 18:00:00+01:00,91.27930823777444
2035-01-31 19:00:00+01:00,88.18330620987177
2035-01-31 20:00:00+01:00,82.26484450191322
2035-01-31 21:00:00+01:00,76.5950576556336
2035-01-31 22:00:00+01:00,75.38898457649078
2035-01-31 23:00:00+01:00,68.40122096331284
2035-02-01 00:00:00+01:00,69.5948602993717
2035-02-01 01:00:00+01:00,69.56999281320381
2035-02-01 02:00:00+01:00,69.54512532703592
2035-02-01 03:00:00+01:00,73.3374169676396
2035-02-01 04:00:00+01:00,73.5985255724025
2035-02-01 05:00:00+01:00,73.63582680165433
2035-02-01 06:00:00+01:00,88.44441481463464
2035-02-01 07:00:00+01:00,94.74832255819553
2035-02-01 08:00:00+01:00,95.13376859379787
2035-02-01 09:00:00+01:00,94.26340657792161
2035-02-01 10:00:00+01:00,88.43198107155068
2035-02-01 11:00:00+01:00,87.22590799240787
2035-02-01 12:00:00+01:00,85.55978641915905
2035-02-01 13:00:00+01:00,86.14417234410453
2035-02-01 14:00:00+01:00,85.52248518990721
2035-02-01 15:00:00+01:00,89.57588543527376
2035-02-01 16:00:00+01:00,92.00046533664334
2035-02-01 17:00:00+01:00,95.76788949107915
2035-02-01 18:00:00+01:00,105.27970295029824
2035-02-01 19:00:00+01:00,99.06283140832498
2035-02-01 20:00:00+01:00,96.61338402078749
2035-02-01 21:00:00+01:00,87.21347424932394
2035-02-01 22:00:00+01:00,81.56855488921221
2035-02-01 23:00:00+01:00,72.61625986877071
2035-02-02 00:00:00+01:00,72.18107886083259
2035-02-02 01:00:00+01:00,72.14377763158075
2035-02-02 02:00:00+01:00,77.49028715767774
2035-02-02 03:00:00+01:00,79.77809588512392
2035-02-02 04:00:00+01:00,79.87756582979549
2035-02-02 05:00:00+01:00,78.60932403523294
2035-02-02 06:00:00+01:00,85.94523245476138
2035-02-02 07:00:00+01:00,91.88856164888782
2035-02-02 08:00:00+01:00,94.6612863566079
2035-02-02 09:00:00+01:00,90.90629594525605
2035-02-02 10:00:00+01:00,89.06610196883196
2035-02-02 11:00:00+01:00,84.73915937561857
2035-02-02 12:00:00+01:00,84.2666771384286
2035-02-02 13:00:00+01:00,84.22937590917677
2035-02-02 14:00:00+01:00,84.2666771384286
2035-02-02 15:00:00+01:00,84.30397836768044
2035-02-02 16:00:00+01:00,89.8245602969527
2035-02-02 17:00:00+01:00,88.45684855771859
2035-02-02 18:00:00+01:00,91.16740455001892
2035-02-02 19:00:00+01:00,86.20634105952426
2035-02-02 20:00:00+01:00,79.71592716970419
2035-02-02 21:00:00+01:00,76.61992514180149
2035-02-02 22:00:00+01:00,78.60932403523294
2035-02-02 23:00:00+01:00,72.44218746559545
2035-02-03 00:00:00+01:00,68.22714856013758
2035-02-03 01:00:00+01:00,77.26647978216671
2035-02-03 02:00:00+01:00,68.84883571433491
2035-02-03 03:00:00+01:00,68.68719705424361
2035-02-03 04:00:00+01:00,68.18984733088574
2035-02-03 05:00:00+01:00,66.47399078530113
2035-02-03 06:00:00+01:00,68.22714856013758
2035-02-03 07:00:00+01:00,68.22714856013758
2035-02-03 08:00:00+01:00,67.75466632294761
2035-02-03 09:00:00+01:00,64.19861580093891
2035-02-03 10:00:00+01:00,64.73326675354862
2035-02-03 11:00:00+01:00,58.44179275307167
2035-02-03 12:00:00+01:00,37.14279085027128
2035-02-03 13:00:00+01:00,21.986058030940463
2035-02-03 14:00:00+01:00,36.993585933263915
2035-02-03 15:00:00+01:00,59.92140818006131
2035-02-03 16:00:00+01:00,79.87756582979549
2035-02-03 17:00:00+01:00,80.53655421324464
2035-02-03 18:00:00+01:00,80.95930147809884
2035-02-03 19:00:00+01:00,80.59872292866437
2035-02-03 20:00:00+01:00,80.38734929623729
2035-02-03 21:00:00+01:00,79.84026460054363
2035-02-03 22:00:00+01:00,79.95216828829916
2035-02-03 23:00:00+01:00,68.27688353247338
2035-02-04 00:00:00+01:00,77.3162147545025
2035-02-04 01:00:00+01:00,68.72449828349545
2035-02-04 02:00:00+01:00,64.64623055196098
2035-02-04 03:00:00+01:00,58.57856392699508
2035-02-04 04:00:00+01:00,52.41142735735761
2035-02-04 05:00:00+01:00,58.615865156246926
2035-02-04 06:00:00+01:00,59.90897443697736
2035-02-04 07:00:00+01:00,66.13827972203458
2035-02-04 08:00:00+01:00,58.653166385498764
2035-02-04 09:00:00+01:00,52.423861100441556
2035-02-04 10:00:00+01:00,6.493614148343099
2035-02-04 11:00:00+01:00,9.452845002322363
2035-02-04 12:00:00+01:00,-2.6700545045254955
2035-02-04 13:00:00+01:00,-8.725287386407459
2035-02-04 14:00:00+01:00,-4.373477307026178
2035-02-04 15:00:00+01:00,13.008895524331074
2035-02-04 16:00:00+01:00,49.98684745598804
2035-02-04 17:00:00+01:00,78.79583018149212
2035-02-04 18:00:00+01:00,78.26117922888244
2035-02-04 19:00:00+01:00,78.07467308262324
2035-02-04 20:00:00+01:00,77.75139576244064
2035-02-04 21:00:00+01:00,80.0143370037189
2035-02-04 22:00:00+01:00,79.93973454521522
2035-02-04 23:00:00+01:00,78.77096269532424
2035-02-05 00:00:00+01:00,68.17741358780181
2035-02-05 01:00:00+01:00,64.88247167055597
2035-02-05 02:00:00+01:00,62.40815679685062
2035-02-05 03:00:00+01:00,63.31582004197872
2035-02-05 04:00:00+01:00,63.44015747281818
2035-02-05 05:00:00+01:00,78.24874548579848
2035-02-05 06:00:00+01:00,79.6413247112005
2035-02-05 07:00:00+01:00,82.41404941892058
2035-02-05 08:00:00+01:00,85.60952139149482
2035-02-05 09:00:00+01:00,83.3838813794684
2035-02-05 10:00:00+01:00,71.34801807420817
2035-02-05 11:00:00+01:00,74.71756244995767
2035-02-05 12:00:00+01:00,51.72757148774055
2035-02-05 13:00:00+01:00,47.76120744396161
2035-02-05 14:00:00+01:00,57.471960792523845
2035-02-05 15:00:00+01:00,68.7369320265794
2035-02-05 16:00:00+01:00,79.05693878625502
2035-02-05 17:00:00+01:00,83.34658015021657
2035-02-05 18:00:00+01:00,88.70552341939751
2035-02-05 19:00:00+01:00,85.88306373934165
2035-02-05 20:00:00+01:00,80.98416896426673
2035-02-05 21:00:00+01:00,68.76179951274729
2035-02-05 22:00:00+01:00,68.72449828349545
2035-02-05 23:00:00+01:00,62.370855567598774
2035-02-06 00:00:00+01:00,59.18781733810846
2035-02-06 01:00:00+01:00,58.96400996259743
2035-02-06 02:00:00+01:00,58.852106274841915
2035-02-06 03:00:00+01:00,58.777503816338225
2035-02-06 04:00:00+01:00,58.615865156246926
2035-02-06 05:00:00+01:00,61.53779478097436
2035-02-06 06:00:00+01:00,76.4334189955423
2035-02-06 07:00:00+01:00,82.45135064817242
2035-02-06 08:00:00+01:00,85.02513546654934
2035-02-06 09:00:00+01:00,81.99130215406639
2035-02-06 10:00:00+01:00,71.58425919280315
2035-02-06 11:00:00+01:00,67.55572643360448
2035-02-06 12:00:00+01:00,66.46155704221718
2035-02-06 13:00:00+01:00,64.87003792747203
2035-02-06 14:00:00+01:00,59.896540693893414
2035-02-06 15:00:00+01:00,62.19678316442352
2035-02-06 16:00:00+01:00,78.32334794430217
2035-02-06 17:00:00+01:00,82.15294081415769
2035-02-06 18:00:00+01:00,82.67515802368345
2035-02-06 19:00:00+01:00,81.09607265202224
2035-02-06 20:00:00+01:00,77.34108224067039
2035-02-06 21:00:00+01:00,69.22184800685332
2035-02-06 22:00:00+01:00,69.60729404245565
2035-02-06 23:00:00+01:00,62.75630160320112
2035-02-07 00:00:00+01:00,70.1046437658135
2035-02-07 01:00:00+01:00,69.65702901479143
2035-02-07 02:00:00+01:00,69.54512532703592
2035-02-07 03:00:00+01:00,69.60729404245565
2035-02-07 04:00:00+01:00,68.79910074199913
2035-02-07 05:00:00+01:00,70.58955974608743
2035-02-07 06:00:00+01:00,71.16151192794896
2035-02-07 07:00:00+01:00,83.48335132413997
2035-02-07 08:00:00+01:00,87.79786017426942
2035-02-07 09:00:00+01:00,85.05000295271724
2035-02-07 10:00:00+01:00,81.29501254136538
2035-02-07 11:00:00+01:00,80.77279533183963
2035-02-07 12:00:00+01:00,81.28257879828143
2035-02-07 13:00:00+01:00,82.73732673910318
2035-02-07 14:00:00+01:00,89.05366822574801
2035-02-07 15:00:00+01:00,93.81579182689953
2035-02-07 16:00:00+01:00,97.62051721058717
2035-02-07 17:00:00+01:00,120.7721468328956
2035-02-07 18:00:00+01:00,125.84511401114578
2035-02-07 19:00:00+01:00,108.2638012904454
2035-02-07 20:00:00+01:00,96.82475765321459
2035-02-07 21:00:00+01:00,88.12113749445203
2035-02-07 22:00:00+01:00,85.98253368401322
2035-02-07 23:00:00+01:00,81.34474751370118
2035-02-08 00:00:00+01:00,80.11380694839046
2035-02-08 01:00:00+01:00,75.77443061209313
2035-02-08 02:00:00+01:00,74.38185138669111
2035-02-08 03:00:00+01:00,72.95197093203727
2035-02-08 04:00:00+01:00,72.95197093203727
2035-02-08 05:00:00+01:00,79.66619219736839
2035-02-08 06:00:00+01:00,92.89569483868749
2035-02-08 07:00:00+01:00,114.76664892334944
2035-02-08 08:00:00+01:00,131.90034689302774
2035-02-08 09:00:00+01:00,115.23913116053939
2035-02-08 10:00:00+01:00,99.70938604869019
2035-02-08 11:00:00+01:00,97.22263743190089
2035-02-08 12:00:00+01:00,93.29357461737379
2035-02-08 13:00:00+01:00,91.59015181487311
2035-02-08 14:00:00+01:00,93.33087584662563
2035-02-08 15:00:00+01:00,96.60095027770356
2035-02-08 16:00:00+01:00,100.8657241554972
2035-02-08 17:00:00+01:00,104.44664216367381
2035-02-08 18:00:00+01:00,100.46784437681093
2035-02-08 19:00:00+01:00,90.28460879105873
2035-02-08 20:00:00+01:00,83.66985747039917
2035-02-08 21:00:00+01:00,81.50638617379248
2035-02-08 22:00:00+01:00,81.39448248603695
2035-02-08 23:00:00+01:00,72.16864511774864
2035-02-09 00:00:00+01:00,71.31071684495632
2035-02-09 01:00:00+01:00,71.1988131572008
2035-02-09 02:00:00+01:00,68.67476331115965
2035-02-09 03:00:00+01:00,68.53799213723624
2035-02-09 04:00:00+01:00,70.70146343384295
2035-02-09 05:00:00+01:00,71.64642790822288
2035-02-09 06:00:00+01:00,77.27891352525066
2035-02-09 07:00:00+01:00,84.76402686178648
2035-02-09 08:00:00+01:00,84.75159311870252
2035-02-09 09:00:00+01:00,79.21857744634632
2035-02-09 10:00:00+01:00,79.21857744634632
2035-02-09 11:00:00+01:00,82.26484450191322
2035-02-09 12:00:00+01:00,81.34474751370118
2035-02-09 13:00:00+01:00,81.5934223753801
2035-02-09 14:00:00+01:00,81.41934997220484
2035-02-09 15:00:00+01:00,82.01616964023428
2035-02-09 16:00:00+01:00,86.19390731644032
2035-02-09 17:00:00+01:00,92.3610438860778
2035-02-09 18:00:00+01:00,92.55998377542093
2035-02-09 19:00:00+01:00,88.53145101622225
2035-02-09 20:00:00+01:00,82.23997701574532
2035-02-09 21:00:00+01:00,78.47255286130952
2035-02-09 22:00:00+01:00,77.27891352525066
2035-02-09 23:00:00+01:00,71.0371744971095
2035-02-10 00:00:00+01:00,65.93933983269143
2035-02-10 01:00:00+01:00,63.5520611605737
2035-02-10 02:00:00+01:00,61.82377087190513
2035-02-10 03:00:00+01:00,61.74916841340145
2035-02-10 04:00:00+01:00,59.72246829071816
2035-02-10 05:00:00+01:00,61.7616021564854
2035-02-10 06:00:00+01:00,62.109746962835885
2035-02-10 07:00:00+01:00,69.38348666694462
2035-02-10 08:00:00+01:00,74.18291149734797
2035-02-10 09:00:00+01:00,74.25751395585165
2035-02-10 10:00:00+01:00,69.58242655628776
2035-02-10 11:00:00+01:00,67.40652151659711
2035-02-10 12:00:00+01:00,66.27505089595799
2035-02-10 13:00:00+01:00,65.90203860343959
2035-02-10 14:00:00+01:00,66.83456933473559
2035-02-10 15:00:00+01:00,72.54165741026702
2035-02-10 16:00:00+01:00,81.45665120145668
2035-02-10 17:00:00+01:00,86.33067849036372
2035-02-10 18:00:00+01:00,88.0341012928644
2035-02-10 19:00:00+01:00,80.94686773501488
2035-02-10 20:00:00+01:00,74.35698390052323
2035-02-10 21:00:00+01:00,68.26444978938942
2035-02-10 22:00:00+01:00,69.0850768329299
2035-02-10 23:00:00+01:00,64.50945937803758
2035-02-11 00:00:00+01:00,56.25345397029709
2035-02-11 01:00:00+01:00,56.55186380431181
2035-02-11 02:00:00+01:00,53.39369306098939
2035-02-11 03:00:00+01:00,52.94607830996731
2035-02-11 04:00:00+01:00,47.20168900518401
2035-02-11 05:00:00+01:00,45.00091647932548
2035-02-11 06:00:00+01:00,54.363525021537214
2035-02-11 07:00:00+01:00,55.20901955124558
2035-02-11 08:00:00+01:00,59.47379342903923
2035-02-11 09:00:00+01:00,59.797070749221845
2035-02-11 10:00:00+01:00,61.05287880070044
2035-02-11 11:00:00+01:00,62.209216907507475
2035-02-11 12:00:00+01:00,61.10261377303624
2035-02-11 13:00:00+01:00,58.98887744876532
2035-02-11 14:00:00+01:00,58.47909398232351
2035-02-11 15:00:00+01:00,62.34598808143089
2035-02-11 16:00:00+01:00,67.51842520435264
2035-02-11 17:00:00+01:00,78.83313141074397
2035-02-11 18:00:00+01:00,82.31457947424899
2035-02-11 19:00:00+01:00,80.37491555315334
2035-02-11 20:00:00+01:00,77.3162147545025
2035-02-11 21:00:00+01:00,69.63216152862356
2035-02-11 22:00:00+01:00,67.12054542566634
2035-02-11 23:00:00+01:00,60.642565278930206
2035-02-12 00:00:00+01:00,62.85577154787269
2035-02-12 01:00:00+01:00,60.99071008528071
2035-02-12 02:00:00+01:00,59.27485353969609
2035-02-12 03:00:00+01:00,57.471960792523845
2035-02-12 04:00:00+01:00,59.87167320772553
2035-02-12 05:00:00+01:00,63.39042250048239
2035-02-12 06:00:00+01:00,78.59689029214898
2035-02-12 07:00:00+01:00,91.63988678720888
2035-02-12 08:00:00+01:00,98.66495162963868
2035-02-12 09:00:00+01:00,92.18697148290255
2035-02-12 10:00:00+01:00,84.639689430947
2035-02-12 11:00:00+01:00,79.95216828829916
2035-02-12 12:00:00+01:00,73.90936914950115
2035-02-12 13:00:00+01:00,73.07630836287673
2035-02-12 14:00:00+01:00,73.25038076605199
2035-02-12 15:00:00+01:00,78.98233632775133
2035-02-12 16:00:00+01:00,81.17067511052593
2035-02-12 17:00:00+01:00,89.51371671985405
2035-02-12 18:00:00+01:00,103.66331634938518
2035-02-12 19:00:00+01:00,97.4961797797477
2035-02-12 20:00:00+01:00,86.50475089353898
2035-02-12 21:00:00+01:00,79.55428850961286
2035-02-12 22:00:00+01:00,76.731828829557
2035-02-12 23:00:00+01:00,65.75283368643223
2035-02-13 00:00:00+01:00,66.68536441772822
2035-02-13 01:00:00+01:00,64.89490541363992
2035-02-13 02:00:00+01:00,65.25548396307437
2035-02-13 03:00:00+01:00,66.78483436239979
2035-02-13 04:00:00+01:00,66.82213559165163
2035-02-13 05:00:00+01:00,66.85943682090347
2035-02-13 06:00:00+01:00,78.59689029214898
2035-02-13 07:00:00+01:00,88.45684855771859
2035-02-13 08:00:00+01:00,92.62215249084068
2035-02-13 09:00:00+01:00,86.47988340737109
2035-02-13 10:00:00+01:00,78.39795040280585
2035-02-13 11:00:00+01:00,75.97337050143628
2035-02-13 12:00:00+01:00,72.8276335011978
2035-02-13 13:00:00+01:00,71.47235550504763
2035-02-13 14:00:00+01:00,69.9181376195543
2035-02-13 15:00:00+01:00,76.02310547377206
2035-02-13 16:00:00+01:00,84.70185814636673
2035-02-13 17:00:00+01:00,95.44461217089652
2035-02-13 18:00:00+01:00,100.9403266140009
2035-02-13 19:00:00+01:00,96.97396257022196
2035-02-13 20:00:00+01:00,82.92383288536239
2035-02-13 21:00:00+01:00,78.65905900756871
2035-02-13 22:00:00+01:00,75.61279195200183
2035-02-13 23:00:00+01:00,67.68006386444394
2035-02-14 00:00:00+01:00,59.859239464641576
2035-02-14 01:00:00+01:00,58.528828954659296
2035-02-14 02:00:00+01:00,58.615865156246926
2035-02-14 03:00:00+01:00,56.81297240907468
2035-02-14 04:00:00+01:00,58.47909398232351
2035-02-14 05:00:00+01:00,60.97827634219676
2035-02-14 06:00:00+01:00,72.8276335011978
2035-02-14 07:00:00+01:00,78.7336614660724
2035-02-14 08:00:00+01:00,84.03043601983363
2035-02-14 09:00:00+01:00,76.20961162003125
2035-02-14 10:00:00+01:00,72.28054880550415
2035-02-14 11:00:00+01:00,66.15071346511851
2035-02-14 12:00:00+01:00,60.10791432632051
2035-02-14 13:00:00+01:00,59.93384192314525
2035-02-14 14:00:00+01:00,65.45442385241752
2035-02-14 15:00:00+01:00,69.9678725918901
2035-02-14 16:00:00+01:00,75.00353854088844
2035-02-14 17:00:00+01:00,81.17067511052593
2035-02-14 18:00:00+01:00,85.97009994092929
2035-02-14 19:00:00+01:00,84.4780507708557
2035-02-14 20:00:00+01:00,76.50802145404597
2035-02-14 21:00:00+01:00,72.44218746559545
2035-02-14 22:00:00+01:00,68.25201604630549
2035-02-14 23:00:00+01:00,59.63543208913053
2035-02-15 00:00:00+01:00,60.96584259911282
2035-02-15 01:00:00+01:00,62.35842182451482
2035-02-15 02:00:00+01:00,61.562662267142244
2035-02-15 03:00:00+01:00,61.51292729480647
2035-02-15 04:00:00+01:00,61.15234874537201
2035-02-15 05:00:00+01:00,61.7616021564854
2035-02-15 06:00:00+01:00,73.03900713362489
2035-02-15 07:00:00+01:00,84.1050384783373
2035-02-15 08:00:00+01:00,84.2915446245965
2035-02-15 09:00:00+01:00,75.94850301526839
2035-02-15 10:00:00+01:00,69.98030633497406
2035-02-15 11:00:00+01:00,67.40652151659711
2035-02-15 12:00:00+01:00,64.34782071794628
2035-02-15 13:00:00+01:00,63.11688015263556
2035-02-15 14:00:00+01:00,65.66579748484462
2035-02-15 15:00:00+01:00,69.88083639030246
2035-02-15 16:00:00+01:00,80.27544560848177
2035-02-15 17:00:00+01:00,86.31824474727979
2035-02-15 18:00:00+01:00,89.78725906770086
2035-02-15 19:00:00+01:00,82.79949545452291
2035-02-15 20:00:00+01:00,71.70859662364262
2035-02-15 21:00:00+01:00,68.61259459573992
2035-02-15 22:00:00+01:00,64.14888082860313
2035-02-15 23:00:00+01:00,61.37615612088306
2035-02-16 00:00:00+01:00,56.82540615215862
2035-02-16 01:00:00+01:00,57.322755875516485
2035-02-16 02:00:00+01:00,57.0865147569215
2035-02-16 03:00:00+01:00,57.621165709531205
2035-02-16 04:00:00+01:00,58.06878046055328
2035-02-16 05:00:00+01:00,57.65846693878304
2035-02-16 06:00:00+01:00,66.07611100661484
2035-02-16 07:00:00+01:00,70.03004130730983
2035-02-16 08:00:00+01:00,71.96970522840549
2035-02-16 09:00:00+01:00,66.90917179323927
2035-02-16 10:00:00+01:00,59.77220326305395
2035-02-16 11:00:00+01:00,60.03331186781683
2035-02-16 12:00:00+01:00,59.56082963062686
2035-02-16 13:00:00+01:00,59.498660915207125
2035-02-16 14:00:00+01:00,59.15051610885662
2035-02-16 15:00:00+01:00,60.6674327650981
2035-02-16 16:00:00+01:00,67.04594296716267
2035-02-16 17:00:00+01:00,70.97500578168977
2035-02-16 18:00:00+01:00,73.21307953680014
2035-02-16 19:00:00+01:00,71.70859662364262
2035-02-16 20:00:00+01:00,68.23958230322154
2035-02-16 21:00:00+01:00,61.97297578891248
2035-02-16 22:00:00+01:00,61.20208371770781
2035-02-16 23:00:00+01:00,56.564297547395746
2035-02-17 00:00:00+01:00,59.27485353969609
2035-02-17 01:00:00+01:00,58.42935900998772
2035-02-17 02:00:00+01:00,56.12911653945761
2035-02-17 03:00:00+01:00,56.15398402562552
2035-02-17 04:00:00+01:00,55.55716435759608
2035-02-17 05:00:00+01:00,54.52516368162851
2035-02-17 06:00:00+01:00,58.51639521157535
2035-02-17 07:00:00+01:00,66.06367726353089
2035-02-17 08:00:00+01:00,68.41365470639678
2035-02-17 09:00:00+01:00,66.90917179323927
2035-02-17 10:00:00+01:00,61.351288634715154
2035-02-17 11:00:00+01:00,58.7153351009185
2035-02-17 12:00:00+01:00,58.70290135783455
2035-02-17 13:00:00+01:00,54.67436859863588
2035-02-17 14:00:00+01:00,56.67620123515127
2035-02-17 15:00:00+01:00,65.60362876942486
2035-02-17 16:00:00+01:00,73.78503171866167
2035-02-17 17:00:00+01:00,80.88469901959515
2035-02-17 18:00:00+01:00,84.67699066019884
2035-02-17 19:00:00+01:00,88.66822219014568
2035-02-17 20:00:00+01:00,78.09954056879114
2035-02-17 21:00:00+01:00,72.76546478577806
2035-02-17 22:00:00+01:00,70.83823460776637
2035-02-17 23:00:00+01:00,66.82213559165163
2035-02-18 00:00:00+01:00,57.43465956327201
2035-02-18 01:00:00+01:00,55.6442005591837
2035-02-18 02:00:00+01:00,53.86617529817935
2035-02-18 03:00:00+01:00,47.45036386686294
2035-02-18 04:00:00+01:00,47.42549638069505
2035-02-18 05:00:00+01:00,49.10405169702783
2035-02-18 06:00:00+01:00,47.0649178312606
2035-02-18 07:00:00+01:00,47.7860749301295
2035-02-18 08:00:00+01:00,47.50009883919873
2035-02-18 09:00:00+01:00,47.32602643602348
2035-02-18 10:00:00+01:00,42.700674008795374
2035-02-18 11:00:00+01:00,38.348863929414094
2035-02-18 12:00:00+01:00,35.52640424935822
2035-02-18 13:00:00+01:00,30.75184690512276
2035-02-18 14:00:00+01:00,41.22105858180574
2035-02-18 15:00:00+01:00,51.23022176438269
2035-02-18 16:00:00+01:00,55.28362200974925
2035-02-18 17:00:00+01:00,68.63746208190781
2035-02-18 18:00:00+01:00,70.1543787381493
2035-02-18 19:00:00+01:00,68.63746208190781
2035-02-18 20:00:00+01:00,62.80603657553689
2035-02-18 21:00:00+01:00,55.805839219275015
2035-02-18 22:00:00+01:00,55.45769441292451
2035-02-18 23:00:00+01:00,52.92121082379941
2035-02-19 00:00:00+01:00,50.409594720842215
2035-02-19 01:00:00+01:00,49.477063989546224
2035-02-19 02:00:00+01:00,49.477063989546224
2035-02-19 03:00:00+01:00,50.073883657575664
2035-02-19 04:00:00+01:00,50.65826958252114
2035-02-19 05:00:00+01:00,51.478896626061626
2035-02-19 06:00:00+01:00,63.53962741748975
2035-02-19 07:00:00+01:00,70.32845114132456
2035-02-19 08:00:00+01:00,72.86493473044965
2035-02-19 09:00:00+01:00,69.28401672227305
2035-02-19 10:00:00+01:00,65.8523036311038
2035-02-19 11:00:00+01:00,64.29808574561048
2035-02-19 12:00:00+01:00,61.71186718414961
2035-02-19 13:00:00+01:00,60.81663768210546
2035-02-19 14:00:00+01:00,61.10261377303624
2035-02-19 15:00:00+01:00,63.701266077581046
2035-02-19 16:00:00+01:00,67.60546140594026
2035-02-19 17:00:00+01:00,71.95727148532154
2035-02-19 18:00:00+01:00,83.34658015021657
2035-02-19 19:00:00+01:00,76.61992514180149
2035-02-19 20:00:00+01:00,68.57529336648808
2035-02-19 21:00:00+01:00,66.18801469437035
2035-02-19 22:00:00+01:00,65.25548396307437
2035-02-19 23:00:00+01:00,61.338854891631215
2035-02-20 00:00:00+01:00,53.244488143982025
2035-02-20 01:00:00+01:00,52.001113835587375
2035-02-20 02:00:00+01:00,51.9265113770837
2035-02-20 03:00:00+01:00,51.03128187503954
2035-02-20 04:00:00+01:00,50.8323419856964
2035-02-20 05:00:00+01:00,57.65846693878304
2035-02-20 06:00:00+01:00,70.16681248123324
2035-02-20 07:00:00+01:00,84.49048451393963
2035-02-20 08:00:00+01:00,86.90263067222527
2035-02-20 09:00:00+01:00,73.3374169676396
2035-02-20 10:00:00+01:00,69.03534186059412
2035-02-20 11:00:00+01:00,65.19331524765464
2035-02-20 12:00:00+01:00,59.93384192314525
2035-02-20 13:00:00+01:00,55.09711586349006
2035-02-20 14:00:00+01:00,54.848441001811125
2035-02-20 15:00:00+01:00,64.64623055196098
2035-02-20 16:00:00+01:00,66.67293067464426
2035-02-20 17:00:00+01:00,69.93057136263826
2035-02-20 18:00:00+01:00,78.94503509849949
2035-02-20 19:00:00+01:00,76.12257541844363
2035-02-20 20:00:00+01:00,71.11177695561318
2035-02-20 21:00:00+01:00,64.9446403859757
2035-02-20 22:00:00+01:00,62.38328931068273
2035-02-20 23:00:00+01:00,54.79870602947534
2035-02-21 00:00:00+01:00,49.738172594309106
2035-02-21 01:00:00+01:00,49.961979969820135
2035-02-21 02:00:00+01:00,49.974413712904095
2035-02-21 03:00:00+01:00,50.12361862991145
2035-02-21 04:00:00+01:00,49.887377511316465
2035-02-21 05:00:00+01:00,49.974413712904095
2035-02-21 06:00:00+01:00,63.45259121590213
2035-02-21 07:00:00+01:00,69.6694627578754
2035-02-21 08:00:00+01:00,74.46888758827875
2035-02-21 09:00:00+01:00,66.73509939006401
2035-02-21 10:00:00+01:00,63.5023261882379
2035-02-21 11:00:00+01:00,60.97827634219676
2035-02-21 12:00:00+01:00,56.85027363832653
2035-02-21 13:00:00+01:00,57.12381598617334
2035-02-21 14:00:00+01:00,59.797070749221845
2035-02-21 15:00:00+01:00,63.01741020796399
2035-02-21 16:00:00+01:00,64.60892932270914
2035-02-21 17:00:00+01:00,65.21818273382252
2035-02-21 18:00:00+01:00,65.46685759550145
2035-02-21 19:00:00+01:00,64.5716280934573
2035-02-21 20:00:00+01:00,63.6639648483292
2035-02-21 21:00:00+01:00,55.24632078049741
2035-02-21 22:00:00+01:00,52.9958132823031
2035-02-21 23:00:00+01:00,49.50193147571412
2035-02-22 00:00:00+01:00,52.21248746801446
2035-02-22 01:00:00+01:00,51.56593282764925
2035-02-22 02:00:00+01:00,51.7151377446566
2035-02-22 03:00:00+01:00,51.478896626061626
2035-02-22 04:00:00+01:00,51.478896626061626
2035-02-22 05:00:00+01:00,51.25508925055058
2035-02-22 06:00:00+01:00,61.674565954897766
2035-02-22 07:00:00+01:00,70.56469225991954
2035-02-22 08:00:00+01:00,72.60382612568677
2035-02-22 09:00:00+01:00,66.95890676557504
2035-02-22 10:00:00+01:00,64.2234832871068
2035-02-22 11:00:00+01:00,60.766902709769674
2035-02-22 12:00:00+01:00,56.21615274104524
2035-02-22 13:00:00+01:00,61.00314382836466
2035-02-22 14:00:00+01:00,59.39919097053556
2035-02-22 15:00:00+01:00,59.15051610885662
2035-02-22 16:00:00+01:00,61.77403589956934
2035-02-22 17:00:00+01:00,61.84863835807302
2035-02-22 18:00:00+01:00,64.40998943336601
2035-02-22 19:00:00+01:00,61.71186718414961
2035-02-22 20:00:00+01:00,58.7153351009185
2035-02-22 21:00:00+01:00,53.20718691473019
2035-02-22 22:00:00+01:00,53.182319428562295
2035-02-22 23:00:00+01:00,49.93711248365226
2035-02-23 00:00:00+01:00,51.80217394624423
2035-02-23 01:00:00+01:00,51.97624634941948
2035-02-23 02:00:00+01:00,52.74713842062417
2035-02-23 03:00:00+01:00,50.75773952719272
2035-02-23 04:00:00+01:00,50.65826958252114
2035-02-23 05:00:00+01:00,52.92121082379941
2035-02-23 06:00:00+01:00,53.59263295033253
2035-02-23 07:00:00+01:00,63.701266077581046
2035-02-23 08:00:00+01:00,65.42955636624961
2035-02-23 09:00:00+01:00,55.51986312834424
2035-02-23 10:00:00+01:00,52.05084880792316
2035-02-23 11:00:00+01:00,52.486029815861286
2035-02-23 12:00:00+01:00,50.944245673451924
2035-02-23 13:00:00+01:00,50.84477572878035
2035-02-23 14:00:00+01:00,50.89451070111613
2035-02-23 15:00:00+01:00,52.05084880792316
2035-02-23 16:00:00+01:00,54.9230434603148
2035-02-23 17:00:00+01:00,69.74406521637906
2035-02-23 18:00:00+01:00,77.78869699169248
2035-02-23 19:00:00+01:00,77.40325095609013
2035-02-23 20:00:00+01:00,69.58242655628776
2035-02-23 21:00:00+01:00,66.7102319038961
2035-02-23 22:00:00+01:00,63.5520611605737
2035-02-23 23:00:00+01:00,60.41875790341917
2035-02-24 00:00:00+01:00,61.1772162315399
2035-02-24 01:00:00+01:00,56.091815310205774
2035-02-24 02:00:00+01:00,52.79687339295995
2035-02-24 03:00:00+01:00,51.9016438909158
2035-02-24 04:00:00+01:00,52.21248746801446
2035-02-24 05:00:00+01:00,53.80400658275962
2035-02-24 06:00:00+01:00,61.09018002995228
2035-02-24 07:00:00+01:00,67.54329269052053
2035-02-24 08:00:00+01:00,67.02107548099477
2035-02-24 09:00:00+01:00,55.23388703741347
2035-02-24 10:00:00+01:00,49.92467874056831
2035-02-24 11:00:00+01:00,46.206989558468294
2035-02-24 12:00:00+01:00,40.17662416275423
2035-02-24 13:00:00+01:00,28.87435169944684
2035-02-24 14:00:00+01:00,46.691905538742205
2035-02-24 15:00:00+01:00,48.8553768353489
2035-02-24 16:00:00+01:00,56.029646594786044
2035-02-24 17:00:00+01:00,71.65886165130684
2035-02-24 18:00:00+01:00,82.26484450191322
2035-02-24 19:00:00+01:00,78.62175777831688
2035-02-24 20:00:00+01:00,70.53982477375163
2035-02-24 21:00:00+01:00,60.99071008528071
2035-02-24 22:00:00+01:00,60.97827634219676
2035-02-24 23:00:00+01:00,55.01007966190243
2035-02-25 00:00:00+01:00,56.16641776870946
2035-02-25 01:00:00+01:00,54.58733239704826
2035-02-25 02:00:00+01:00,51.72757148774055
2035-02-25 03:00:00+01:00,51.06858310429138
2035-02-25 04:00:00+01:00,50.60853461018536
2035-02-25 05:00:00+01:00,51.279956736718475
2035-02-25 06:00:00+01:00,52.150318752594735
2035-02-25 07:00:00+01:00,53.43099429024123
2035-02-25 08:00:00+01:00,54.065115187522494
2035-02-25 09:00:00+01:00,51.24265550746664
2035-02-25 10:00:00+01:00,49.775473823560944
2035-02-25 11:00:00+01:00,41.009684949378645
2035-02-25 12:00:00+01:00,35.116090727587995
2035-02-25 13:00:00+01:00,29.471171367476273
2035-02-25 14:00:00+01:00,34.97931955366458
2035-02-25 15:00:00+01:00,47.512532582282674
2035-02-25 16:00:00+01:00,62.40815679685062
2035-02-25 17:00:00+01:00,71.17394567103291
2035-02-25 18:00:00+01:00,73.26281450913594
2035-02-25 19:00:00+01:00,75.46358703499446
2035-02-25 20:00:00+01:00,69.22184800685332
2035-02-25 21:00:00+01:00,63.8753384807563
2035-02-25 22:00:00+01:00,62.34598808143089
2035-02-25 23:00:00+01:00,58.292587836064314
2035-02-26 00:00:00+01:00,55.569598100680025
2035-02-26 01:00:00+01:00,53.80400658275962
2035-02-26 02:00:00+01:00,52.41142735735761
2035-02-26 03:00:00+01:00,51.56593282764925
2035-02-26 04:00:00+01:00,52.585499760532855
2035-02-26 05:00:00+01:00,55.78097173310711
2035-02-26 06:00:00+01:00,69.83110141796669
2035-02-26 07:00:00+01:00,81.25771131211354
2035-02-26 08:00:00+01:00,84.2666771384286
2035-02-26 09:00:00+01:00,75.09057474247608
2035-02-26 10:00:00+01:00,68.363919734061
2035-02-26 11:00:00+01:00,63.67639859141316
2035-02-26 12:00:00+01:00,63.29095255581081
2035-02-26 13:00:00+01:00,62.78116908936901
2035-02-26 14:00:00+01:00,62.818470318620854
2035-02-26 15:00:00+01:00,64.07427837009945
2035-02-26 16:00:00+01:00,68.12767861546601
2035-02-26 17:00:00+01:00,78.42281788897374
2035-02-26 18:00:00+01:00,86.28094351802795
2035-02-26 19:00:00+01:00,80.38734929623729
2035-02-26 20:00:00+01:00,71.95727148532154
2035-02-26 21:00:00+01:00,66.43668955604929
2035-02-26 22:00:00+01:00,65.28035144924226
2035-02-26 23:00:00+01:00,62.02271076124827
2035-02-27 00:00:00+01:00,59.87167320772553
2035-02-27 01:00:00+01:00,54.73653731405561
2035-02-27 02:00:00+01:00,54.2516213337817
2035-02-27 03:00:00+01:00,53.157451942394395
2035-02-27 04:00:00+01:00,54.86087474489508
2035-02-27 05:00:00+01:00,62.61953042927771
2035-02-27 06:00:00+01:00,72.80276601502992
2035-02-27 07:00:00+01:00,89.07853571191592
2035-02-27 08:00:00+01:00,95.84249194958282
2035-02-27 09:00:00+01:00,78.78339643840819
2035-02-27 10:00:00+01:00,72.97683841820516
2035-02-27 11:00:00+01:00,70.41548734291217
2035-02-27 12:00:00+01:00,66.49885827146902
2035-02-27 13:00:00+01:00,66.0139422911951
2035-02-27 14:00:00+01:00,66.83456933473559
2035-02-27 15:00:00+01:00,69.86840264721853
2035-02-27 16:00:00+01:00,83.1973752332092
2035-02-27 17:00:00+01:00,102.73078561808919
2035-02-27 18:00:00+01:00,120.72241186055982
2035-02-27 19:00:00+01:00,113.69734701813003
2035-02-27 20:00:00+01:00,90.06080141554769
2035-02-27 21:00:00+01:00,75.69982815358945
2035-02-27 22:00:00+01:00,72.28054880550415
2035-02-27 23:00:00+01:00,66.85943682090347
2035-02-28 00:00:00+01:00,66.3869545837135
2035-02-28 01:00:00+01:00,64.45972440570178
2035-02-28 02:00:00+01:00,63.01741020796399
2035-02-28 03:00:00+01:00,61.09018002995228
2035-02-28 04:00:00+01:00,61.0155775714486
2035-02-28 05:00:00+01:00,65.44199010933357
2035-02-28 06:00:00+01:00,74.28238144201954
2035-02-28 07:00:00+01:00,103.71305132172097
2035-02-28 08:00:00+01:00,107.90322274101095
2035-02-28 09:00:00+01:00,85.21164161280855
2035-02-28 10:00:00+01:00,74.18291149734797
2035-02-28 11:00:00+01:00,68.363919734061
2035-02-28 12:00:00+01:00,65.64092999867671
2035-02-28 13:00:00+01:00,66.16314720820246
2035-02-28 14:00:00+01:00,66.88430430707136
2035-02-28 15:00:00+01:00,69.22184800685332
2035-02-28 16:00:00+01:00,73.3622844538075
2035-02-28 17:00:00+01:00,83.80662864432257
2035-02-28 18:00:00+01:00,96.43931161761226
2035-02-28 19:00:00+01:00,83.66985747039917
2035-02-28 20:00:00+01:00,72.93953718895332
2035-02-28 21:00:00+01:00,65.55389379708909
2035-02-28 22:00:00+01:00,64.13644708551918
2035-02-28 23:00:00+01:00,60.99071008528071
2035-03-01 00:00:00+01:00,61.525361037890406
2035-03-01 01:00:00+01:00,60.99071008528071
2035-03-01 02:00:00+01:00,60.96584259911282
2035-03-01 03:00:00+01:00,61.22695120387569
2035-03-01 04:00:00+01:00,61.07774628686834
2035-03-01 05:00:00+01:00,61.07774628686834
2035-03-01 06:00:00+01:00,73.39958568305934
2035-03-01 07:00:00+01:00,82.14050707107376
2035-03-01 08:00:00+01:00,82.3394469604169
2035-03-01 09:00:00+01:00,77.44055218534197
2035-03-01 10:00:00+01:00,70.93770455243794
2035-03-01 11:00:00+01:00,69.70676398712723
2035-03-01 12:00:00+01:00,68.47582342181651
2035-03-01 13:00:00+01:00,68.40122096331284
2035-03-01 14:00:00+01:00,68.35148599097705
2035-03-01 15:00:00+01:00,69.86840264721853
2035-03-01 16:00:00+01:00,78.54715531981321
2035-03-01 17:00:00+01:00,91.37877818244601
2035-03-01 18:00:00+01:00,99.13743386682864
2035-03-01 19:00:00+01:00,88.28277615454334
2035-03-01 20:00:00+01:00,76.60749139871756
2035-03-01 21:00:00+01:00,68.53799213723624
2035-03-01 22:00:00+01:00,68.16497984471785
2035-03-01 23:00:00+01:00,62.03514450433222
2035-03-02 00:00:00+01:00,63.35312127123054
2035-03-02 01:00:00+01:00,61.82377087190513
2035-03-02 02:00:00+01:00,61.25181869004358
2035-03-02 03:00:00+01:00,59.66029957529844
2035-03-02 04:00:00+01:00,59.75976951997001
2035-03-02 05:00:00+01:00,59.72246829071816
2035-03-02 06:00:00+01:00,60.4809266188389
2035-03-02 07:00:00+01:00,61.127481259204124
2035-03-02 08:00:00+01:00,62.63196417236165
2035-03-02 09:00:00+01:00,59.9711431523971
2035-03-02 10:00:00+01:00,59.47379342903923
2035-03-02 11:00:00+01:00,56.40265888730444
2035-03-02 12:00:00+01:00,49.71330510814121
2035-03-02 13:00:00+01:00,47.26385772060375
2035-03-02 14:00:00+01:00,53.62993417958437
2035-03-02 15:00:00+01:00,61.96054204582855
2035-03-02 16:00:00+01:00,70.5025235444998
2035-03-02 17:00:00+01:00,80.64845790100017
2035-03-02 18:00:00+01:00,83.9682673044139
2035-03-02 19:00:00+01:00,82.09077209873796
2035-03-02 20:00:00+01:00,73.47418814156302
2035-03-02 21:00:00+01:00,69.74406521637906
2035-03-02 22:00:00+01:00,67.07081045333057
2035-03-02 23:00:00+01:00,61.7616021564854
2035-03-03 00:00:00+01:00,64.13644708551918
2035-03-03 01:00:00+01:00,62.9925427217961
2035-03-03 02:00:00+01:00,56.12911653945761
2035-03-03 03:00:00+01:00,55.55716435759608
2035-03-03 04:00:00+01:00,53.39369306098939
2035-03-03 05:00:00+01:00,54.83600725872718
2035-03-03 06:00:00+01:00,56.46482760272418
2035-03-03 07:00:00+01:00,56.99947855533388
2035-03-03 08:00:00+01:00,57.55899699411147
2035-03-03 09:00:00+01:00,59.74733577688606
2035-03-03 10:00:00+01:00,54.53759742471246
2035-03-03 11:00:00+01:00,51.69027025848871
2035-03-03 12:00:00+01:00,47.36332766527532
2035-03-03 13:00:00+01:00,42.514167862536176
2035-03-03 14:00:00+01:00,46.7167730249101
2035-03-03 15:00:00+01:00,52.63523473286865
2035-03-03 16:00:00+01:00,64.19861580093891
2035-03-03 17:00:00+01:00,76.93076871890015
2035-03-03 18:00:00+01:00,89.68778912302929
2035-03-03 19:00:00+01:00,90.48354868040187
2035-03-03 20:00:00+01:00,83.943399818246
2035-03-03 21:00:00+01:00,78.58445654906504
2035-03-03 22:00:00+01:00,78.1741430272948
2035-03-03 23:00:00+01:00,74.79216490846134
2035-03-04 00:00:00+01:00,64.77056798280044
2035-03-04 01:00:00+01:00,62.89307277712453
2035-03-04 02:00:00+01:00,62.44545802610246
2035-03-04 03:00:00+01:00,62.78116908936901
2035-03-04 04:00:00+01:00,63.92507345309209
2035-03-04 05:00:00+01:00,68.09037738621417
2035-03-04 06:00:00+01:00,82.42648316200452
2035-03-04 07:00:00+01:00,102.44480952715843
2035-03-04 08:00:00+01:00,112.18043036188855
2035-03-04 09:00:00+01:00,93.13193595728248
2035-03-04 10:00:00+01:00,79.51698728036102
2035-03-04 11:00:00+01:00,77.8259982209443
2035-03-04 12:00:00+01:00,73.23794702296803
2035-03-04 13:00:00+01:00,73.1757783075483
2035-03-04 14:00:00+01:00,73.46175439847907
2035-03-04 15:00:00+01:00,74.1083090388443
2035-03-04 16:00:00+01:00,84.78889434795437
2035-03-04 17:00:00+01:00,100.48027811989488
2035-03-04 18:00:00+01:00,110.34023638546446
2035-03-04 19:00:00+01:00,106.89608955121128
2035-03-04 20:00:00+01:00,85.53491893299115
2035-03-04 21:00:00+01:00,79.6413247112005
2035-03-04 22:00:00+01:00,78.32334794430217
2035-03-04 23:00:00+01:00,72.21838009008442
2035-03-05 00:00:00+01:00,63.88777222384025
2035-03-05 01:00:00+01:00,68.23958230322154
2035-03-05 02:00:00+01:00,68.30175101864127
2035-03-05 03:00:00+01:00,68.28931727555732
2035-03-05 04:00:00+01:00,68.56285962340415
2035-03-05 05:00:00+01:00,68.61259459573992
2035-03-05 06:00:00+01:00,75.78686435517707
2035-03-05 07:00:00+01:00,86.84046195680553
2035-03-05 08:00:00+01:00,92.29887517065805
2035-03-05 09:00:00+01:00,84.52778574319147
2035-03-05 10:00:00+01:00,79.66619219736839
2035-03-05 11:00:00+01:00,78.0622393395393
2035-03-05 12:00:00+01:00,76.18474413386336
2035-03-05 13:00:00+01:00,76.0604067030239
2035-03-05 14:00:00+01:00,76.6447926279694
2035-03-05 15:00:00+01:00,74.79216490846134
2035-03-05 16:00:00+01:00,78.94503509849949
2035-03-05 17:00:00+01:00,88.00923380669651
2035-03-05 18:00:00+01:00,110.48944130247183
2035-03-05 19:00:00+01:00,112.69021382833036
2035-03-05 20:00:00+01:00,91.62745304412495
2035-03-05 21:00:00+01:00,78.34821543047005
2035-03-05 22:00:00+01:00,75.28951463181922
2035-03-05 23:00:00+01:00,72.51678992409913
2035-03-06 00:00:00+01:00,74.25751395585165
2035-03-06 01:00:00+01:00,73.64826054473826
2035-03-06 02:00:00+01:00,72.81519975811386
2035-03-06 03:00:00+01:00,74.0834415526764
2035-03-06 04:00:00+01:00,72.21838009008442
2035-03-06 05:00:00+01:00,74.13317652501217
2035-03-06 06:00:00+01:00,87.74812520193363
2035-03-06 07:00:00+01:00,108.4503074367046
2035-03-06 08:00:00+01:00,121.44356895942872
2035-03-06 09:00:00+01:00,95.87979317883466
2035-03-06 10:00:00+01:00,83.84392987357442
2035-03-06 11:00:00+01:00,80.78522907492358
2035-03-06 12:00:00+01:00,79.34291487718579
2035-03-06 13:00:00+01:00,79.28074616176605
2035-03-06 14:00:00+01:00,78.48498660439347
2035-03-06 15:00:00+01:00,81.51881991687642
2035-03-06 16:00:00+01:00,85.48518396065538
2035-03-06 17:00:00+01:00,103.57628014779756
2035-03-06 18:00:00+01:00,132.4225641025535
2035-03-06 19:00:00+01:00,129.69957436716922
2035-03-06 20:00:00+01:00,103.65088260630124
2035-03-06 21:00:00+01:00,86.84046195680553
2035-03-06 22:00:00+01:00,81.19554259669381
2035-03-06 23:00:00+01:00,78.43525163205769
2035-03-07 00:00:00+01:00,77.26647978216671
2035-03-07 01:00:00+01:00,76.13500916152758
2035-03-07 02:00:00+01:00,76.27178033545098
2035-03-07 03:00:00+01:00,76.14744290461152
2035-03-07 04:00:00+01:00,76.28421407853493
2035-03-07 05:00:00+01:00,78.48498660439347
2035-03-07 06:00:00+01:00,85.42301524523562
2035-03-07 07:00:00+01:00,102.07179723464002
2035-03-07 08:00:00+01:00,99.80885599336176
2035-03-07 09:00:00+01:00,85.17434038355671
2035-03-07 10:00:00+01:00,77.3659497268383
2035-03-07 11:00:00+01:00,76.32151530778678
2035-03-07 12:00:00+01:00,74.81703239462925
2035-03-07 13:00:00+01:00,74.406718872859
2035-03-07 14:00:00+01:00,70.1543787381493
2035-03-07 15:00:00+01:00,76.02310547377206
2035-03-07 16:00:00+01:00,77.32864849758644
2035-03-07 17:00:00+01:00,84.93809926496172
2035-03-07 18:00:00+01:00,93.51738199288482
2035-03-07 19:00:00+01:00,93.61685193755639
2035-03-07 20:00:00+01:00,83.9682673044139
2035-03-07 21:00:00+01:00,79.20614370326236
2035-03-07 22:00:00+01:00,78.5720228059811
2035-03-07 23:00:00+01:00,77.46541967150986
2035-03-08 00:00:00+01:00,76.09770793227572
2035-03-08 01:00:00+01:00,77.05510614973963
2035-03-08 02:00:00+01:00,77.1545760944112
2035-03-08 03:00:00+01:00,75.23977965948342
2035-03-08 04:00:00+01:00,75.19004468714765
2035-03-08 05:00:00+01:00,74.87920111004898
2035-03-08 06:00:00+01:00,80.2008431499781
2035-03-08 07:00:00+01:00,90.42137996498214
2035-03-08 08:00:00+01:00,84.76402686178648
2035-03-08 09:00:00+01:00,76.30908156470282
2035-03-08 10:00:00+01:00,76.25934659236705
2035-03-08 11:00:00+01:00,75.40141831957474
2035-03-08 12:00:00+01:00,73.014139647457
2035-03-08 13:00:00+01:00,73.00170590437305
2035-03-08 14:00:00+01:00,72.96440467512122
2035-03-08 15:00:00+01:00,73.00170590437305
2035-03-08 16:00:00+01:00,75.23977965948342
2035-03-08 17:00:00+01:00,81.90426595247875
2035-03-08 18:00:00+01:00,82.46378439125635
2035-03-08 19:00:00+01:00,81.85453098014298
2035-03-08 20:00:00+01:00,78.23631174271455
2035-03-08 21:00:00+01:00,72.88980221661753
2035-03-08 22:00:00+01:00,73.014139647457
2035-03-08 23:00:00+01:00,68.62502833882388
2035-03-09 00:00:00+01:00,74.35698390052323
2035-03-09 01:00:00+01:00,75.83659932751286
2035-03-09 02:00:00+01:00,74.91650233930082
2035-03-09 03:00:00+01:00,74.38185138669111
2035-03-09 04:00:00+01:00,73.02657339054095
2035-03-09 05:00:00+01:00,73.32498322455567
2035-03-09 06:00:00+01:00,74.2948151851035
2035-03-09 07:00:00+01:00,74.2948151851035
2035-03-09 08:00:00+01:00,69.81866767488273
2035-03-09 09:00:00+01:00,70.45278857216402
2035-03-09 10:00:00+01:00,70.42792108599613
2035-03-09 11:00:00+01:00,69.01047437442622
2035-03-09 12:00:00+01:00,63.94994093925998
2035-03-09 13:00:00+01:00,60.829071425189404
2035-03-09 14:00:00+01:00,69.84353516105064
2035-03-09 15:00:00+01:00,69.89327013338642
2035-03-09 16:00:00+01:00,71.34801807420817
2035-03-09 17:00:00+01:00,71.73346410981051
2035-03-09 18:00:00+01:00,78.37308291663796
2035-03-09 19:00:00+01:00,76.24691284928309
2035-03-09 20:00:00+01:00,75.96093675835232
2035-03-09 21:00:00+01:00,75.10300848556001
2035-03-09 22:00:00+01:00,75.36411709032289
2035-03-09 23:00:00+01:00,71.77076533906235
2035-03-10 00:00:00+01:00,72.10647640232891
2035-03-10 01:00:00+01:00,63.88777222384025
2035-03-10 02:00:00+01:00,63.01741020796399
2035-03-10 03:00:00+01:00,58.72776884400244
2035-03-10 04:00:00+01:00,61.11504751612017
2035-03-10 05:00:00+01:00,57.633599452615144
2035-03-10 06:00:00+01:00,56.949743582998096
2035-03-10 07:00:00+01:00,59.93384192314525
2035-03-10 08:00:00+01:00,70.3408848844085
2035-03-10 09:00:00+01:00,72.38001875017572
2035-03-10 10:00:00+01:00,73.79746546174563
2035-03-10 11:00:00+01:00,72.33028377783995
2035-03-10 12:00:00+01:00,72.11891014541285
2035-03-10 13:00:00+01:00,70.30358365515666
2035-03-10 14:00:00+01:00,68.82396822816702
2035-03-10 15:00:00+01:00,66.17558095128642
2035-03-10 16:00:00+01:00,72.04430768690918
2035-03-10 17:00:00+01:00,72.35515126400784
2035-03-10 18:00:00+01:00,76.0604067030239
2035-03-10 19:00:00+01:00,76.9432024619841
2035-03-10 20:00:00+01:00,76.4334189955423
2035-03-10 21:00:00+01:00,75.09057474247608
2035-03-10 22:00:00+01:00,75.22734591639949
2035-03-10 23:00:00+01:00,72.35515126400784
2035-03-11 00:00:00+01:00,70.53982477375163
2035-03-11 01:00:00+01:00,66.08854474969878
2035-03-11 02:00:00+01:00,66.13827972203458
2035-03-11 03:00:00+01:00,67.3194853150095
2035-03-11 04:00:00+01:00,70.44035482908006
2035-03-11 05:00:00+01:00,73.31254948147172
2035-03-11 06:00:00+01:00,75.56305697966604
2035-03-11 07:00:00+01:00,89.93646398470823
2035-03-11 08:00:00+01:00,95.79275697724702
2035-03-11 09:00:00+01:00,89.60075292144167
2035-03-11 10:00:00+01:00,87.32537793707944
2035-03-11 11:00:00+01:00,85.67169010691455
2035-03-11 12:00:00+01:00,76.9432024619841
2035-03-11 13:00:00+01:00,76.93076871890015
2035-03-11 14:00:00+01:00,77.04267240665567
2035-03-11 15:00:00+01:00,82.38918193275268
2035-03-11 16:00:00+01:00,82.11563958490585
2035-03-11 17:00:00+01:00,97.27237240423666
2035-03-11 18:00:00+01:00,137.4457963084679
2035-03-11 19:00:00+01:00,149.32002095363683
2035-03-11 20:00:00+01:00,116.17166189183538
2035-03-11 21:00:00+01:00,85.37328027289985
2035-03-11 22:00:00+01:00,77.1545760944112
2035-03-11 23:00:00+01:00,75.68739441050549
2035-03-12 00:00:00+01:00,71.42262053271185
2035-03-12 01:00:00+01:00,70.3160173982406
2035-03-12 02:00:00+01:00,69.56999281320381
2035-03-12 03:00:00+01:00,69.38348666694462
2035-03-12 04:00:00+01:00,69.88083639030246
2035-03-12 05:00:00+01:00,72.33028377783995
2035-03-12 06:00:00+01:00,82.22754327266138
2035-03-12 07:00:00+01:00,104.5212446221775
2035-03-12 08:00:00+01:00,106.13763122309055
2035-03-12 09:00:00+01:00,89.58831917835772
2035-03-12 10:00:00+01:00,81.36961499986907
2035-03-12 11:00:00+01:00,76.68209385722123
2035-03-12 12:00:00+01:00,74.8045986515453
2035-03-12 13:00:00+01:00,75.68739441050549
2035-03-12 14:00:00+01:00,74.74242993612557
2035-03-12 15:00:00+01:00,77.30378101141856
2035-03-12 16:00:00+01:00,86.72855826905003
2035-03-12 17:00:00+01:00,111.85715304170594
2035-03-12 18:00:00+01:00,137.43336256538396
2035-03-12 19:00:00+01:00,124.94988450910162
2035-03-12 20:00:00+01:00,93.13193595728248
2035-03-12 21:00:00+01:00,80.74792784567174
2035-03-12 22:00:00+01:00,77.39081721300617
2035-03-12 23:00:00+01:00,71.07447572636134
2035-03-13 00:00:00+01:00,63.415289986650286
2035-03-13 01:00:00+01:00,66.3620870975456
2035-03-13 02:00:00+01:00,66.16314720820246
2035-03-13 03:00:00+01:00,64.89490541363992
2035-03-13 04:00:00+01:00,65.50415882475329
2035-03-13 05:00:00+01:00,67.0832441964145
2035-03-13 06:00:00+01:00,72.40488623634361
2035-03-13 07:00:00+01:00,86.19390731644032
2035-03-13 08:00:00+01:00,87.32537793707944
2035-03-13 09:00:00+01:00,78.16170928421087
2035-03-13 10:00:00+01:00,71.7583315959784
2035-03-13 11:00:00+01:00,70.88796958010214
2035-03-13 12:00:00+01:00,68.62502833882388
2035-03-13 13:00:00+01:00,69.03534186059412
2035-03-13 14:00:00+01:00,69.39592041002857
2035-03-13 15:00:00+01:00,70.4776560583319
2035-03-13 16:00:00+01:00,71.78319908214628
2035-03-13 17:00:00+01:00,87.61135402801023
2035-03-13 18:00:00+01:00,98.59034917113499
2035-03-13 19:00:00+01:00,93.82822556998349
2035-03-13 20:00:00+01:00,80.7354941025878
2035-03-13 21:00:00+01:00,71.36045181729212
2035-03-13 22:00:00+01:00,69.89327013338642
2035-03-13 23:00:00+01:00,68.20228107396969
2035-03-14 00:00:00+01:00,68.57529336648808
2035-03-14 01:00:00+01:00,67.92873872612287
2035-03-14 02:00:00+01:00,67.39408777351316
2035-03-14 03:00:00+01:00,66.72266564698006
2035-03-14 04:00:00+01:00,66.73509939006401
2035-03-14 05:00:00+01:00,68.58772710957204
2035-03-14 06:00:00+01:00,78.3855166597219
2035-03-14 07:00:00+01:00,93.44277953438113
2035-03-14 08:00:00+01:00,89.60075292144167
2035-03-14 09:00:00+01:00,70.1295112519814
2035-03-14 10:00:00+01:00,69.4580891254483
2035-03-14 11:00:00+01:00,69.42078789619646
2035-03-14 12:00:00+01:00,65.28035144924226
2035-03-14 13:00:00+01:00,63.912639710008136
2035-03-14 14:00:00+01:00,66.5734607299727
2035-03-14 15:00:00+01:00,69.58242655628776
2035-03-14 16:00:00+01:00,72.35515126400784
2035-03-14 17:00:00+01:00,90.0359339293798
2035-03-14 18:00:00+01:00,105.34187166571797
2035-03-14 19:00:00+01:00,97.83189084301426
2035-03-14 20:00:00+01:00,78.74609520915635
2035-03-14 21:00:00+01:00,71.73346410981051
2035-03-14 22:00:00+01:00,71.70859662364262
2035-03-14 23:00:00+01:00,69.58242655628776
2035-03-15 00:00:00+01:00,67.55572643360448
2035-03-15 01:00:00+01:00,67.5308589474366
2035-03-15 02:00:00+01:00,67.49355771818475
2035-03-15 03:00:00+01:00,67.41895525968107
2035-03-15 04:00:00+01:00,67.40652151659711
2035-03-15 05:00:00+01:00,68.30175101864127
2035-03-15 06:00:00+01:00,70.99987326785767
2035-03-15 07:00:00+01:00,72.36758500709178
2035-03-15 08:00:00+01:00,72.1562113746647
2035-03-15 09:00:00+01:00,71.11177695561318
2035-03-15 10:00:00+01:00,71.13664444178107
2035-03-15 11:00:00+01:00,71.44748801887974
2035-03-15 12:00:00+01:00,71.42262053271185
2035-03-15 13:00:00+01:00,71.13664444178107
2035-03-15 14:00:00+01:00,71.0869094694453
2035-03-15 15:00:00+01:00,71.0869094694453
2035-03-15 16:00:00+01:00,70.7387646630948
2035-03-15 17:00:00+01:00,76.40855150937439
2035-03-15 18:00:00+01:00,83.81906238740653
2035-03-15 19:00:00+01:00,78.94503509849949
2035-03-15 20:00:00+01:00,72.92710344586936
2035-03-15 21:00:00+01:00,68.60016085265599
2035-03-15 22:00:00+01:00,67.46869023201684
2035-03-15 23:00:00+01:00,66.98377425174293
2035-03-16 00:00:00+01:00,70.97500578168977
2035-03-16 01:00:00+01:00,70.22898119665297
2035-03-16 02:00:00+01:00,69.79380018871485
2035-03-16 03:00:00+01:00,68.23958230322154
2035-03-16 04:00:00+01:00,67.09567793949846
2035-03-16 05:00:00+01:00,67.1081116825824
2035-03-16 06:00:00+01:00,67.3443528011774
2035-03-16 07:00:00+01:00,67.00864173791084
2035-03-16 08:00:00+01:00,66.88430430707136
2035-03-16 09:00:00+01:00,66.98377425174293
2035-03-16 10:00:00+01:00,66.63562944539242
2035-03-16 11:00:00+01:00,64.23591703019076
2035-03-16 12:00:00+01:00,51.14318556279507
2035-03-16 13:00:00+01:00,39.99011801649503
2035-03-16 14:00:00+01:00,55.61933307301581
2035-03-16 15:00:00+01:00,64.9446403859757
2035-03-16 16:00:00+01:00,68.47582342181651
2035-03-16 17:00:00+01:00,72.23081383316836
2035-03-16 18:00:00+01:00,79.18127621709448
2035-03-16 19:00:00+01:00,82.82436294069082
2035-03-16 20:00:00+01:00,74.8045986515453
2035-03-16 21:00:00+01:00,71.80806656831419
2035-03-16 22:00:00+01:00,71.02474075402554
2035-03-16 23:00:00+01:00,67.23244911342186
2035-03-17 00:00:00+01:00,65.51659256783725
2035-03-17 01:00:00+01:00,62.45789176918639
2035-03-17 02:00:00+01:00,57.8076718557904
2035-03-17 03:00:00+01:00,53.915910270515134
2035-03-17 04:00:00+01:00,50.558799637849575
2035-03-17 05:00:00+01:00,50.08631740065961
2035-03-17 06:00:00+01:00,57.44709330635595
2035-03-17 07:00:00+01:00,54.64950111246799
2035-03-17 08:00:00+01:00,46.294025760055916
2035-03-17 09:00:00+01:00,36.60813989766158
2035-03-17 10:00:00+01:00,30.615075731199354
2035-03-17 11:00:00+01:00,30.47830455727594
2035-03-17 12:00:00+01:00,30.57777450194751
2035-03-17 13:00:00+01:00,25.753482185376257
2035-03-17 14:00:00+01:00,31.65951015025086
2035-03-17 15:00:00+01:00,47.18925526210007
2035-03-17 16:00:00+01:00,66.47399078530113
2035-03-17 17:00:00+01:00,82.36431444658479
2035-03-17 18:00:00+01:00,89.8742952692885
2035-03-17 19:00:00+01:00,91.4036456686139
2035-03-17 20:00:00+01:00,82.98600160078212
2035-03-17 21:00:00+01:00,74.07100780959246
2035-03-17 22:00:00+01:00,71.55939170663525
2035-03-17 23:00:00+01:00,66.53615950072086
2035-03-18 00:00:00+01:00,66.15071346511851
2035-03-18 01:00:00+01:00,63.77586853608473
2035-03-18 02:00:00+01:00,59.9462756662292
2035-03-18 03:00:00+01:00,56.19128525487736
2035-03-18 04:00:00+01:00,63.77586853608473
2035-03-18 05:00:00+01:00,68.06550990004628
2035-03-18 06:00:00+01:00,80.02677074680284
2035-03-18 07:00:00+01:00,94.1266354039982
2035-03-18 08:00:00+01:00,92.97029729719117
2035-03-18 09:00:00+01:00,83.23467646246104
2035-03-18 10:00:00+01:00,77.20431106674697
2035-03-18 11:00:00+01:00,76.5701901694657
2035-03-18 12:00:00+01:00,73.83476669099747
2035-03-18 13:00:00+01:00,72.93953718895332
2035-03-18 14:00:00+01:00,72.38001875017572
2035-03-18 15:00:00+01:00,74.70512870687374
2035-03-18 16:00:00+01:00,87.08913681848446
2035-03-18 17:00:00+01:00,109.519609341924
2035-03-18 18:00:00+01:00,146.78353736451172
2035-03-18 19:00:00+01:00,137.5079650238876
2035-03-18 20:00:00+01:00,101.08953153100825
2035-03-18 21:00:00+01:00,83.69472495656707
2035-03-18 22:00:00+01:00,79.66619219736839
2035-03-18 23:00:00+01:00,74.28238144201954
2035-03-19 00:00:00+01:00,76.0604067030239
2035-03-19 01:00:00+01:00,73.85963417716536
2035-03-19 02:00:00+01:00,73.10117584904462
2035-03-19 03:00:00+01:00,71.74589785289444
2035-03-19 04:00:00+01:00,73.05144087670884
2035-03-19 05:00:00+01:00,77.22917855291487
2035-03-19 06:00:00+01:00,93.69145439606007
2035-03-19 07:00:00+01:00,108.28866877661329
2035-03-19 08:00:00+01:00,98.34167430945607
2035-03-19 09:00:00+01:00,81.19554259669381
2035-03-19 10:00:00+01:00,72.75303104269412
2035-03-19 11:00:00+01:00,71.28584935878844
2035-03-19 12:00:00+01:00,53.6921028950041
2035-03-19 13:00:00+01:00,57.13624972925729
2035-03-19 14:00:00+01:00,61.724300927233564
2035-03-19 15:00:00+01:00,72.33028377783995
2035-03-19 16:00:00+01:00,83.52065255339183
2035-03-19 17:00:00+01:00,117.0544576507956
2035-03-19 18:00:00+01:00,151.43375727790772
2035-03-19 19:00:00+01:00,140.61640079487427
2035-03-19 20:00:00+01:00,114.62987774942602
2035-03-19 21:00:00+01:00,87.56161905567444
2035-03-19 22:00:00+01:00,84.58995445861122
2035-03-19 23:00:00+01:00,80.58628918558044
2035-03-20 00:00:00+01:00,78.59689029214898
2035-03-20 01:00:00+01:00,77.60219084543327
2035-03-20 02:00:00+01:00,77.3162147545025
2035-03-20 03:00:00+01:00,77.26647978216671
2035-03-20 04:00:00+01:00,77.34108224067039
2035-03-20 05:00:00+01:00,81.54368740304432
2035-03-20 06:00:00+01:00,108.23893380427751
2035-03-20 07:00:00+01:00,130.68184007080097
2035-03-20 08:00:00+01:00,113.83411819205344
2035-03-20 09:00:00+01:00,77.5027209007617
2035-03-20 10:00:00+01:00,73.72286300324194
2035-03-20 11:00:00+01:00,70.03004130730983
2035-03-20 12:00:00+01:00,58.08121420363722
2035-03-20 13:00:00+01:00,61.38858986396699
2035-03-20 14:00:00+01:00,69.49539035470013
2035-03-20 15:00:00+01:00,77.3162147545025
2035-03-20 16:00:00+01:00,91.87612790580388
2035-03-20 17:00:00+01:00,121.48087018868054
2035-03-20 18:00:00+01:00,166.15530908930043
2035-03-20 19:00:00+01:00,164.2778138836245
2035-03-20 20:00:00+01:00,136.0656508261498
2035-03-20 21:00:00+01:00,101.88529108838082
2035-03-20 22:00:00+01:00,87.4745828540868
2035-03-20 23:00:00+01:00,80.07650571913862
2035-03-21 00:00:00+01:00,78.59689029214898
2035-03-21 01:00:00+01:00,76.8064312880607
2035-03-21 02:00:00+01:00,76.18474413386336
2035-03-21 03:00:00+01:00,71.96970522840549
2035-03-21 04:00:00+01:00,72.39245249325968
2035-03-21 05:00:00+01:00,76.79399754497673
2035-03-21 06:00:00+01:00,87.51188408333864
2035-03-21 07:00:00+01:00,104.633148309933
2035-03-21 08:00:00+01:00,95.73058826182731
2035-03-21 09:00:00+01:00,78.82069766766003
2035-03-21 10:00:00+01:00,76.7566963157249
2035-03-21 11:00:00+01:00,75.33924960415499
2035-03-21 12:00:00+01:00,69.4580891254483
2035-03-21 13:00:00+01:00,68.41365470639678
2035-03-21 14:00:00+01:00,68.43852219256468
2035-03-21 15:00:00+01:00,74.90406859621687
2035-03-21 16:00:00+01:00,78.39795040280585
2035-03-21 17:00:00+01:00,101.49984505277848
2035-03-21 18:00:00+01:00,139.4227614588154
2035-03-21 19:00:00+01:00,139.59683386199063
2035-03-21 20:00:00+01:00,102.43237578407448
2035-03-21 21:00:00+01:00,81.03390393660251
2035-03-21 22:00:00+01:00,78.77096269532424
2035-03-21 23:00:00+01:00,76.93076871890015
2035-03-22 00:00:00+01:00,69.25914923610515
2035-03-22 01:00:00+01:00,69.47052286853223
2035-03-22 02:00:00+01:00,69.68189650095933
2035-03-22 03:00:00+01:00,69.0850768329299
2035-03-22 04:00:00+01:00,69.56999281320381
2035-03-22 05:00:00+01:00,71.99457271457338
2035-03-22 06:00:00+01:00,74.60565876220215
2035-03-22 07:00:00+01:00,75.35168334723895
2035-03-22 08:00:00+01:00,75.20247843023158
2035-03-22 09:00:00+01:00,74.90406859621687
2035-03-22 10:00:00+01:00,71.95727148532154
2035-03-22 11:00:00+01:00,66.2004484374543
2035-03-22 12:00:00+01:00,63.241217583475034
2035-03-22 13:00:00+01:00,62.768735346285055
2035-03-22 14:00:00+01:00,59.797070749221845
2035-03-22 15:00:00+01:00,65.62849625559278
2035-03-22 16:00:00+01:00,70.04247505039379
2035-03-22 17:00:00+01:00,88.12113749445203
2035-03-22 18:00:00+01:00,124.66390841817085
2035-03-22 19:00:00+01:00,122.15229231521366
2035-03-22 20:00:00+01:00,85.47275021757142
2035-03-22 21:00:00+01:00,77.05510614973963
2035-03-22 22:00:00+01:00,75.05327351322424
2035-03-22 23:00:00+01:00,72.90223595970149
2035-03-23 00:00:00+01:00,71.9199702560697
2035-03-23 01:00:00+01:00,71.65886165130684
2035-03-23 02:00:00+01:00,71.60912667897104
2035-03-23 03:00:00+01:00,68.16497984471785
2035-03-23 04:00:00+01:00,68.09037738621417
2035-03-23 05:00:00+01:00,69.73163147329512
2035-03-23 06:00:00+01:00,69.76893270254696
2035-03-23 07:00:00+01:00,71.62156042205498
2035-03-23 08:00:00+01:00,71.93240399915365
2035-03-23 09:00:00+01:00,68.81153448508307
2035-03-23 10:00:00+01:00,50.99398064578771
2035-03-23 11:00:00+01:00,28.66297806701975
2035-03-23 12:00:00+01:00,-25.88385284225366
2035-03-23 13:00:00+01:00,-32.98352014318712
2035-03-23 14:00:00+01:00,-30.086458004627573
2035-03-23 15:00:00+01:00,44.69007290222682
2035-03-23 16:00:00+01:00,63.16661512497136
2035-03-23 17:00:00+01:00,71.94483774223761
2035-03-23 18:00:00+01:00,73.71042926015801
2035-03-23 19:00:00+01:00,71.99457271457338
2035-03-23 20:00:00+01:00,71.72103036672655
2035-03-23 21:00:00+01:00,73.2255132798841
2035-03-23 22:00:00+01:00,71.63399416513894
2035-03-23 23:00:00+01:00,63.06714518029978
2035-03-24 00:00:00+01:00,7.363976164219352
2035-03-24 01:00:00+01:00,-7.5440817934325395
2035-03-24 02:00:00+01:00,-1.7872587455652962
2035-03-24 03:00:00+01:00,-3.9880312714238357
2035-03-24 04:00:00+01:00,-4.361043563942218
2035-03-24 05:00:00+01:00,-3.8139588682485766
2035-03-24 06:00:00+01:00,-4.33617607777434
2035-03-24 07:00:00+01:00,-6.0644663664429
2035-03-24 08:00:00+01:00,-18.585245651977047
2035-03-24 09:00:00+01:00,-21.35797035969712
2035-03-24 10:00:00+01:00,-20.8979218655911
2035-03-24 11:00:00+01:00,-19.56751135560883
2035-03-24 12:00:00+01:00,-22.327802320244956
2035-03-24 13:00:00+01:00,-26.878552288969374
2035-03-24 14:00:00+01:00,-26.219563905520218
2035-03-24 15:00:00+01:00,-19.890788675791427
2035-03-24 16:00:00+01:00,-4.38591105011011
2035-03-24 17:00:00+01:00,47.50009883919873
2035-03-24 18:00:00+01:00,71.77076533906235
2035-03-24 19:00:00+01:00,75.72469563975734
2035-03-24 20:00:00+01:00,74.71756244995767
2035-03-24 21:00:00+01:00,72.93953718895332
2035-03-24 22:00:00+01:00,73.5239231138988
2035-03-24 23:00:00+01:00,71.93240399915365
2035-03-25 00:00:00+01:00,58.3423228084001
2035-03-25 01:00:00+01:00,57.52169576485963
2035-03-25 02:00:00+01:00,57.58386448027936
2035-03-25 03:00:00+01:00,58.32988906531615
2035-03-25 04:00:00+01:00,64.9446403859757
2035-03-25 05:00:00+01:00,73.5487906000667
2035-03-25 06:00:00+01:00,82.92383288536239
2035-03-25 07:00:00+01:00,98.18003564936477
2035-03-25 08:00:00+01:00,92.65945372009251
2035-03-25 09:00:00+01:00,77.30378101141856
2035-03-25 10:00:00+01:00,64.47215814878574
2035-03-25 11:00:00+01:00,58.62829889933087
2035-03-25 12:00:00+01:00,55.97991162245026
2035-03-25 13:00:00+01:00,56.62646626281548
2035-03-25 14:00:00+01:00,57.58386448027936
2035-03-25 15:00:00+01:00,67.79196755219947
2035-03-25 16:00:00+01:00,77.19187732366304
2035-03-25 17:00:00+01:00,109.519609341924
2035-03-25 18:00:00+01:00,157.56359261829337
2035-03-25 19:00:00+01:00,158.47125586342145
2035-03-25 20:00:00+01:00,111.40953829068387
2035-03-25 21:00:00+01:00,83.71959244273496
2035-03-25 22:00:00+01:00,80.46195175474097
2035-03-25 23:00:00+01:00,75.73712938284129
2035-03-26 00:00:00+01:00,80.94686773501488
2035-03-26 01:00:00+01:00,77.86329945019614
2035-03-26 02:00:00+01:00,75.76199686900918
2035-03-26 03:00:00+01:00,73.46175439847907
2035-03-26 04:00:00+01:00,73.47418814156302
2035-03-26 05:00:00+01:00,75.73712938284129
2035-03-26 06:00:00+01:00,82.05347086948612
2035-03-26 07:00:00+01:00,83.49578506722392
2035-03-26 08:00:00+01:00,79.08180627242291
2035-03-26 09:00:00+01:00,74.59322501911821
2035-03-26 10:00:00+01:00,71.0620419832774
2035-03-26 11:00:00+01:00,66.13827972203458
2035-03-26 12:00:00+01:00,58.28015409298037
2035-03-26 13:00:00+01:00,58.7153351009185
2035-03-26 14:00:00+01:00,58.914274990261646
2035-03-26 15:00:00+01:00,73.49905562773093
2035-03-26 16:00:00+01:00,75.43871954882658
2035-03-26 17:00:00+01:00,82.71245925293529
2035-03-26 18:00:00+01:00,102.83025556276075
2035-03-26 19:00:00+01:00,103.47681020312599
2035-03-26 20:00:00+01:00,82.61298930826372
2035-03-26 21:00:00+01:00,76.69452760030516
2035-03-26 22:00:00+01:00,77.00537117740383
2035-03-26 23:00:00+01:00,75.74956312592525
2035-03-27 00:00:00+01:00,82.14050707107376
2035-03-27 01:00:00+01:00,80.82253030417542
2035-03-27 02:00:00+01:00,80.922000248847
2035-03-27 03:00:00+01:00,77.35351598375433
2035-03-27 04:00:00+01:00,77.19187732366304
2035-03-27 05:00:00+01:00,82.37674818966875
2035-03-27 06:00:00+01:00,87.57405279875837
2035-03-27 07:00:00+01:00,95.05916613529418
2035-03-27 08:00:00+01:00,86.71612452596607
2035-03-27 09:00:00+01:00,82.57568807901188
2035-03-27 10:00:00+01:00,82.56325433592792
2035-03-27 11:00:00+01:00,82.51351936359215
2035-03-27 12:00:00+01:00,82.14050707107376
2035-03-27 13:00:00+01:00,82.11563958490585
2035-03-27 14:00:00+01:00,81.75506103547141
2035-03-27 15:00:00+01:00,82.42648316200452
2035-03-27 16:00:00+01:00,88.60605347472594
2035-03-27 17:00:00+01:00,105.83922138907582
2035-03-27 18:00:00+01:00,135.4190961857846
2035-03-27 19:00:00+01:00,130.7937437585565
2035-03-27 20:00:00+01:00,97.24750491806877
2035-03-27 21:00:00+01:00,84.75159311870252
2035-03-27 22:00:00+01:00,82.55082059284399
2035-03-27 23:00:00+01:00,77.27891352525066
2035-03-28 00:00:00+01:00,73.80989920482958
2035-03-28 01:00:00+01:00,73.53635685698276
2035-03-28 02:00:00+01:00,69.95543884880615
2035-03-28 03:00:00+01:00,62.88063903404058
2035-03-28 04:00:00+01:00,68.69963079732756
2035-03-28 05:00:00+01:00,76.30908156470282
2035-03-28 06:00:00+01:00,86.29337726111189
2035-03-28 07:00:00+01:00,85.93279871167745
2035-03-28 08:00:00+01:00,82.3394469604169
2035-03-28 09:00:00+01:00,81.14580762435803
2035-03-28 10:00:00+01:00,79.72836091278812
2035-03-28 11:00:00+01:00,80.90956650576304
2035-03-28 12:00:00+01:00,73.74773048940985
2035-03-28 13:00:00+01:00,71.98213897148945
2035-03-28 14:00:00+01:00,71.93240399915365
2035-03-28 15:00:00+01:00,73.47418814156302
2035-03-28 16:00:00+01:00,74.91650233930082
2035-03-28 17:00:00+01:00,74.22021272659981
2035-03-28 18:00:00+01:00,81.74262729238745
2035-03-28 19:00:00+01:00,80.56142169941253
2035-03-28 20:00:00+01:00,76.29664782161889
2035-03-28 21:00:00+01:00,77.27891352525066
2035-03-28 22:00:00+01:00,77.04267240665567
2035-03-28 23:00:00+01:00,72.00700645765733
2035-03-29 00:00:00+01:00,71.0869094694453
2035-03-29 01:00:00+01:00,64.88247167055597
2035-03-29 02:00:00+01:00,60.12034806940445
2035-03-29 03:00:00+01:00,60.26955298641182
2035-03-29 04:00:00+01:00,59.63543208913053
2035-03-29 05:00:00+01:00,68.12767861546601
2035-03-29 06:00:00+01:00,58.06878046055328
2035-03-29 07:00:00+01:00,58.852106274841915
2035-03-29 08:00:00+01:00,58.379624037651936
2035-03-29 09:00:00+01:00,58.20555163447669
2035-03-29 10:00:00+01:00,57.85740682812619
2035-03-29 11:00:00+01:00,56.42752637347233
2035-03-29 12:00:00+01:00,56.77567117982284
2035-03-29 13:00:00+01:00,49.00458175235626
2035-03-29 14:00:00+01:00,50.57123338093352
2035-03-29 15:00:00+01:00,57.78280436962251
2035-03-29 16:00:00+01:00,58.553696440827196
2035-03-29 17:00:00+01:00,70.80093337851451
2035-03-29 18:00:00+01:00,85.99496742709718
2035-03-29 19:00:00+01:00,96.04143183892596
2035-03-29 20:00:00+01:00,85.44788273140352
2035-03-29 21:00:00+01:00,74.91650233930082
2035-03-29 22:00:00+01:00,71.72103036672655
2035-03-29 23:00:00+01:00,64.29808574561048
2035-03-30 00:00:00+01:00,58.31745532223221
2035-03-30 01:00:00+01:00,52.85904210837968
2035-03-30 02:00:00+01:00,48.84294309226495
2035-03-30 03:00:00+01:00,47.88554487480108
2035-03-30 04:00:00+01:00,49.800341309728836
2035-03-30 05:00:00+01:00,50.74530578410877
2035-03-30 06:00:00+01:00,46.66703805257431
2035-03-30 07:00:00+01:00,32.554739652295005
2035-03-30 08:00:00+01:00,27.64341113413613
2035-03-30 09:00:00+01:00,18.355405050428075
2035-03-30 10:00:00+01:00,5.834625764893929
2035-03-30 11:00:00+01:00,-0.1708721446522361
2035-03-30 12:00:00+01:00,-7.743021682775677
2035-03-30 13:00:00+01:00,-16.32230441069879
2035-03-30 14:00:00+01:00,-4.460513508613801
2035-03-30 15:00:00+01:00,12.921859322743451
2035-03-30 16:00:00+01:00,33.26346300807996
2035-03-30 17:00:00+01:00,69.71919773021116
2035-03-30 18:00:00+01:00,82.96113411461423
2035-03-30 19:00:00+01:00,84.88836429262594
2035-03-30 20:00:00+01:00,71.49722299121552
2035-03-30 21:00:00+01:00,63.21635009730713
2035-03-30 22:00:00+01:00,58.926708733345585
2035-03-30 23:00:00+01:00,53.455861776409115
2035-03-31 00:00:00+01:00,64.75813423971651
2035-03-31 01:00:00+01:00,56.57673129047969
,51.77730646007633
,52.13788500951078
,52.01354757867132
,53.455861776409115
,53.368825574821486
,53.26935563014992
,47.873111131717124
,30.117726007841497
,6.070866883488918
,-15.377339936318847
,-18.647414367396777
,-20.860620636339263
,-10.727120022922847
,31.883317525761896
,53.56776546416464
,72.29298254858811
,71.93240399915365
,74.31968267127138
,74.17047775426403
,65.20574899073858
,59.67273331838238
,36.50866995299
,31.26163037156457
,31.286497857732464
,30.826449363626438
,31.833582553426112
,35.20312692917562
,40.226359135090014
,40.45016651060105
,38.560237561841184
,34.457102344138825
,25.0696263157592
,15.557812856540103
,2.2039727843815484
,-8.899359789582718
,-24.70264724927874
,-24.40423741526402
,-20.99739181026267
,-9.21020336668137
,17.895356556322064
,40.1144554473345
,42.88718015505457
,35.71291039561743
,25.144228774262885
,14.550679666740443
,-1.600752599306091
,-4.783790828796413
,-9.023697220422164
,-12.355940366919825
,-7.059165813158614
,10.832990484640433
,51.20535427821479
,70.24141493973693
,72.55409115335098
,65.14358027531885
,62.060011990500115
,52.9958132823031
,47.53740006845057
,47.7860749301295
,47.00274911584087
,52.21248746801446
,60.65499902201415
,70.16681248123324
,63.800736022252636
,82.56325433592792
,83.11033903162156
,73.71042926015801
,71.94483774223761
,65.56632754017302
,71.26098187262055
,71.23611438645264
,71.09934321252923
,71.5966929358871
,71.5469579635513
,73.87206792024931
,91.73935673188048
,127.87181413382906
,126.83981345786151
,93.15680344345037
,77.37838346992223
,75.01597228397239
,73.82233294791352
,73.63582680165433
,74.0337065803406
,73.63582680165433
,74.8045986515453
,76.7566963157249
,100.13213331354437
,121.15759286849794
,109.63151302967952
,75.05327351322424
,73.6855617739901
,70.24141493973693
,67.18271414108608
,66.05124352044695
,66.3620870975456
,66.11341223586669
,65.80256865876802
,67.91630498303891
,68.77423325583125
,75.52575575041419
,75.97337050143628
,68.76179951274729
,65.08141155989911
,62.89307277712453
,54.17701887527801
,52.17518623876262
,53.082849483890726
,51.15561930587901
,52.98337953921914
,60.96584259911282
,70.9874395247737
,86.85289569988947
,80.35004806698544
,68.68719705424361
,67.39408777351316
,65.52902631092118
,51.88921014783186
,51.31725796597031
,51.279956736718475
,50.86964321494824
,51.49133036914557
,60.41875790341917
,76.0852741891918
,86.0571361425169
,81.0090364504346
,65.98907480502722
,53.070415740806766
,51.01884813195559
,45.8339772659499
,37.49093565662178
,25.92755458855151
,44.938747763905745
,48.196388451899736
,50.90694444420008
,64.4348569195339
,68.32661850480915
,66.10097849278273
,58.00661174513355
,55.68150178843554
,51.391860424474
,45.63503737660675
,46.36862821855959
,46.05778464146093
,45.53556743193518
,45.510699945767286
,48.33315962582315
,50.99398064578771
,50.857209471864294
,48.20882219498368
,37.988285379979644
,-8.824757331079027
,-26.629877427290438
,-41.17735683550788
,-84.85709628941203
,-80.6296236408702
,-44.18632266182294
,-22.638645897343622
,16.689283477179245
,54.33865753536932
,62.544927970774026
,55.61933307301581
,49.26569035711914
,48.6937381752576
,45.22472385483652
,43.819710886350556
,6.3195417451678395
,-2.906295623120471
,-3.826392611332537
,-4.39834479319407
,0.05293523085879315
,18.72841734294647
,-3.4658140618980724
,-17.24240139891083
,-20.500042086904813
,-24.72751473544662
,-37.08665536088948
,-60.31288744170158
,-96.05989880804782
,-87.82876088647527
,-49.42092850016442
,-22.327802320244956
,20.63078003479029
,71.58425919280315
,74.50618881753059
,78.21144425654664
,74.84189988079714
,71.77076533906235
,67.56816017668841
,64.09914585626734
,60.86637265444125
,59.287287282780035
,62.122180705919845
,65.64092999867671
,73.12604333521253
,88.1957399529557
,116.24626435033906
,113.57300958729056
,86.964799387645
,71.65886165130684
,61.38858986396699
,47.2514239775198
,46.03291715529304
,46.89084542808535
,57.12381598617334
,69.76893270254696
,80.18840940689414
,92.68432120626039
,101.69878494212162
,94.5245151826845
,82.45135064817242
,74.89163485313291
,67.30705157192554
,68.76179951274729
,64.03697714084761
,60.23225175715997
,58.230419120644584
,57.4595270494399
,71.16151192794896
,78.47255286130952
,84.95053300804565
,78.95746884158345
,67.46869023201684
,67.80440129528341
,69.0850768329299
,64.24835077327471
,63.46502495898606
,62.98010897871215
,64.87003792747203
,64.19861580093891
,57.347623361684384
,65.66579748484462
,70.41548734291217
,68.74936576966334
,62.09731321975195
,61.20208371770781
,50.347426005422484
,53.30665685940176
,54.127283902942224
,54.9230434603148
,53.58019920724858
,53.605066693416475
,56.45239385964023
,74.35698390052323
,90.49598242348583
,87.13887179082026
,72.92710344586936
,62.34598808143089
,55.53229687142819
,55.89287542086264
,54.450561223124836
,52.87147585146363
,52.162752495678674
,54.214320104529854
,73.92180289258509
,105.37917289496981
,130.47046643837388
,132.19875672704245
,98.29193933712028
,87.20104050623999
,70.92527080935398
,62.8309040617048
,55.03494714807033
,55.47012815600845
,55.28362200974925
,54.425693736956944
,61.301553662379376
,75.38898457649078
,82.43891690508846
,79.8526983436276
,55.059814634238215
,52.51089730202918
,41.22105858180574
,-4.435646022445908
,-4.522682224033517
,-5.9401289356034255
,17.261235659040786
,50.459329693178006
,74.92893608238477
,92.93299606793933
,138.76377307536623
,140.6039670517903
,96.27767295752095
,81.90426595247875
,76.61992514180149
,70.75119840617873
,67.23244911342186
,65.24305021999042
,64.0618446270155
,63.862904737672366
,71.73346410981051
,88.1957399529557
,91.54041684253731
,82.32701321733295
,61.43832483630278
,30.0679910355057
,5.847059507977875
,-13.537145959894758
,-23.707947802563012
,-22.153729917069697
,-20.27623471139377
,6.182770571244433
,49.35272655870676
,79.74079465587207
,93.52981573596877
,94.72345507202763
,89.84942778312059
,73.8969354064172
,62.89307277712453
,62.47032551227035
,50.72043829794087
,43.74510842784688
,33.37536669583548
,31.187027913060895
,35.128524470671934
,51.50376411222951
,49.974413712904095
,28.93652041486657
,-7.183503243998075
,-20.910355608675047
,-29.77561442752892
,-49.99288068202597
,-82.83039616672875
,-83.05420354223978
,-59.49226039816111
,-35.13455769670988
,-6.313141228121836
,59.87167320772553
,79.05693878625502
,81.48151868762459
,54.686802341719826
,53.62993417958437
,51.217788021298745
,12.238003453126389
,-4.373477307026178
,-4.373477307026178
,-9.707553090039227
,-13.947459481664993
,-9.44644448527636
,-4.361043563942218
,-11.821289414310144
,-21.221199185773713
,-34.55017177176438
,-51.733604713778476
,-77.67039278689091
,-100.27493771350572
,-132.24209118233225
,-132.2669586685001
,-95.62471780010969
,-57.913175026499914
,-25.871419099169714
,38.00071912306359
,80.0143370037189
,85.67169010691455
,86.03226865634902
,87.22590799240787
,82.91139914227843
,77.22917855291487
,72.44218746559545
,65.91447234652352
,64.42242317644997
,65.06897781681518
,78.67149275065267
,96.01656435275808
,115.36346859137888
,109.66881425893135
,85.97009994092929
,78.39795040280585
,62.66926540161349
,30.117726007841497
,11.044364117067516
,4.939396262849783
,43.74510842784688
,58.74020258708639
,65.45442385241752
,64.60892932270914
,72.34271752092388
,70.1046437658135
,64.07427837009945
,64.83273669822019
,63.53962741748975
,2.005032895038397
,-4.361043563942218
,-4.32374233469038
,-4.38591105011011
,13.841956310955489
,52.07571629409105
,69.74406521637906
,81.84209723705902
,78.63419152140082
,68.20228107396969
,66.46155704221718
,61.10261377303624
,43.76997591401477
,44.06838574802949
,52.90877708071547
,58.255286606812476
,62.495192998438235
,81.15824136744197
,109.8428866621066
,152.03057694593713
,156.24561585139503
,121.24462907008557
,104.53367836526144
,88.99149951032828
,85.22407535589248
,79.82783085745969
,78.68392649373662
,78.08710682570718
,78.70879397990451
,84.19207467992493
,93.41791204821325
,109.46987436958821
,107.23180061447783
,93.71632188222796
,95.68085328949151
,89.72509035228113
,78.63419152140082
,74.6180925052861
,73.32498322455567
,78.16170928421087
,84.54021948627543
,92.14967025365071
,97.76972212759453
,107.44317424690493
,107.31883681606547
,98.34167430945607
,98.18003564936477
,93.00759852644302
,94.59911764118817
,92.05020030897913
,90.96846466067578
,90.27217504797477
,90.80682600058448
,96.57608279153567
,104.869389428528
,141.2380879490716
,126.18082507441233
,98.87632526206578
,89.20287314275538
,83.90609858899415
,75.63765943816972
,70.83823460776637
,70.86310209393424
,63.800736022252636
,68.62502833882388
,87.39998039558313
,99.29907252691996
,138.20425463658862
,141.3499916368271
,99.67208481943835
,87.6859564865139
,75.73712938284129
,80.58628918558044
,75.55062323658208
,74.72999619304161
,73.72286300324194
,73.5239231138988
,75.32681586107105
,82.3394469604169
,86.72855826905003
,84.00556853366574
,74.00883909417273
,68.61259459573992
,38.435900131001716
,28.93652041486657
,10.982195401647786
,10.982195401647786
,48.75590689067732
,67.3443528011774
,73.77259797557774
,74.84189988079714
,82.46378439125635
,83.13520651778947
,77.16700983749514
,74.76729742229347
,68.5504258803202
,67.41895525968107
,59.71003454763422
,51.20535427821479
,44.88901279156996
,46.43079693397933
,50.84477572878035
,57.2481534170128
,59.75976951997001
,62.271385622927205
,51.80217394624423
,43.732674684762934
,35.86211531262479
,19.648514331158516
,8.395976840186918
,4.827492575094254
,13.754920109367866
,33.785680217605716
,54.86087474489508
,82.28971198808111
,86.14417234410453
,90.48354868040187
,92.09993528131491
,88.13357123753597
,79.11910750167475
,78.96990258466738
,73.49905562773093
,69.34618543769278
,66.8967380501553
,65.77770117260012
,66.51129201455296
,65.45442385241752
,60.791770195937566
,58.98887744876532
,48.681304432173654
,24.55984284931739
,16.229234983073226
,-5.020031947391388
,-17.292136371246613
,-20.263800968309837
,-17.205100169658976
,-0.8422942711853523
,46.09508587071277
,71.18637941411687
,89.56345169218983
,93.46764702054904
,92.06263405206307
,88.39467984229884
,83.98070104749783
,74.56835753295032
,73.12604333521253
,72.75303104269412
,72.51678992409913
,75.28951463181922
,84.05530350600151
,103.46437646004203
,114.49310657550261
,111.24789963059257
,91.32904321011023
,83.84392987357442
,81.25771131211354
,75.58792446583392
,73.05144087670884
,72.00700645765733
,72.6659948411065
,77.86329945019614
,84.09260473525336
,109.74341671743503
,109.4947418557561
,111.43440577685175
,109.60664554351162
,100.1943020289641
,88.07140252211624
,90.682488569745
,88.51901727313832
,87.57405279875837
,87.83516140352127
,87.92219760510888
,93.36817707587745
,116.73118033061297
,166.491020152567
,145.85100663321572
,105.93869133374739
,85.27381032822828
,80.99660270735068
,80.94686773501488
,80.90956650576304
,79.41751733568945
,80.95930147809884
,85.32354530056405
,94.88509373211895
,111.83228555553805
,114.53040780475445
,114.55527529092234
,113.53570835803873
,97.16046871648116
,88.20817369603965
,79.40508359260552
,75.73712938284129
,75.74956312592525
,75.96093675835232
,75.94850301526839
,81.10850639510618
,100.55488057839855
,123.58217276986753
,110.15373023920526
,94.77319004436342
,81.14580762435803
,78.16170928421087
,71.37288556037605
,71.09934321252923
,69.07264308984595
,73.4368869123112
,77.25404603908277
,87.13887179082026
,98.60278291421895
,102.19613466547949
,103.62601512013333
,111.43440577685175
,98.46601174029554
,87.41241413866707
,86.55448586587477
,85.57222016224298
,81.54368740304432
,77.35351598375433
,77.19187732366304
,87.3129441939955
,96.7998901670467
,122.04038862745814
,120.94621923607085
,98.31680682328818
,88.50658353005437
,83.59525501189549
,77.67679330393695
,72.44218746559545
,70.92527080935398
,72.76546478577806
,79.40508359260552
,87.27564296474367
,91.19227203618681
,91.62745304412495
,91.44094689786574
,92.89569483868749
,94.95969619062261
,83.99313479058178
,76.40855150937439
,74.79216490846134
,73.88450166333327
,72.20594634700048
,74.87920111004898
,81.87939846631087
,97.44644480741192
,105.66514898590057
,99.73425353485808
,82.28971198808111
,71.90753651298576
,67.1081116825824
,63.862904737672366
,61.07774628686834
,61.31398740546333
,63.19148261113924
,68.63746208190781
,80.94686773501488
,93.67902065297612
,97.43401106432798
,98.60278291421895
,103.22813534144706
,91.86369416271992
,82.66272428059949
,87.79786017426942
,81.82966349397509
,81.39448248603695
,80.3376143239015
,80.38734929623729
,80.90956650576304
,79.44238482185736
,76.88103374656437
,64.5964955796252
,53.30665685940176
,24.634445307821075
,1.9055629503668285
,-13.673917133818165
,-21.171464213437915
,-21.743416395299477
,-19.642113814112506
,2.639153792319661
,51.24265550746664
,77.26647978216671
,87.21347424932394
,90.63275359740923
,85.46031647448746
,75.61279195200183
,64.83273669822019
,49.30299158637098
,48.39532834124288
,46.841110455749565
,29.03599035953814
,21.401672105994976
,21.302202161323407
,10.534580650625713
,-7.2208044732499275
,-21.619078964459987
,-23.49657417013593
,-25.759515411414185
,-31.963953210303515
,-31.37956728535802
,-71.92600348210763
,-83.14123974382741
,-59.815537718343734
,-25.622744237490778
,-16.42177435537036
,44.366795582044205
,71.98213897148945
,83.79419490123864
,80.37491555315334
,74.89163485313291
,71.04960824019345
,64.09914585626734
,61.06531254378439
,66.42425581296536
,66.43668955604929
,73.64826054473826
,83.63255624114733
,103.58871389088151
,126.40463244992338
,109.33310319566479
,83.4087488656363
,58.72776884400244
,49.30299158637098
,39.35599711921376
,36.18539263280739
,37.229827051858905
,51.19292053513085
,66.22531592362219
,80.99660270735068
,99.38610872850758
,144.52059612323347
,155.92233853121243
,109.1714645355735
,87.67352274342994
,78.52228783364531
,77.1545760944112
,71.13664444178107
,68.91100442975466
,70.30358365515666
,72.23081383316836
,78.39795040280585
,93.65415316680823
,103.36490651537046
,89.74995783844902
,72.64112735493862
,51.702704001572656
,39.89064807182346
,11.952027362195622
,-1.0039329312766512
,6.4563129190912605
,18.2808025919244
,39.89064807182346
,72.34271752092388
,83.89366484591021
,111.07382722741733
,113.10052735010059
,91.93829662122361
,78.53472157672925
,69.88083639030246
,52.84660836529574
,47.46279760994689
,43.99378328952581
,40.039852988830816
,39.39329834846559
,38.97055108361142
,36.40920000831843
,27.146061410778273
,17.67154918081102
,7.214771247211999
,4.951830005933729
,-11.622349524966992
,-8.426877552392739
,-6.735888492976002
,-12.691651430186397
,-12.206735449912486
,-14.295604288015497
,-16.073629549019856
,12.20070222387455
,43.78240965709872
,46.13238709996462
,46.754074254161935
,34.084090051620436
,18.79058605836621
,22.32176909420702
,1.80609300569526
,-0.7676918126816759
,-2.098102322663962
,1.9428641796186668
,24.907987655667895
,58.28015409298037
,71.70859662364262
,60.05817935398473
,49.06675046777599
,48.51966577208235
,52.59793350361681
,54.67436859863588
,49.477063989546224
,44.478699269799726
,55.18415206507768
,49.961979969820135
,54.40082625078905
,73.21307953680014
,87.3378116801634
,87.37511290941524
,74.89163485313291
,66.4118220698814
,57.322755875516485
,53.05798199772283
,49.99928119907198
,46.40592944781143
,46.30645950313986
,45.48583245959939
,55.58203184376397
,77.98763688103561
,86.67882329671423
,82.3394469604169
,74.81703239462925
,68.16497984471785
,56.589165033563646
,54.18945261836197
,51.60323405690108
,44.97604899315759
,50.4841971793459
,55.17171832199374
,70.8755358370182
,80.81009656109147
,94.62398512735606
,99.74668727794203
,88.15843872370387
,80.07650571913862
,76.13500916152758
,84.25424339534464
,80.79766281800752
,80.4122167824052
,80.26301186539783
,80.74792784567174
,80.8722652765112
,82.23997701574532
,82.53838684976003
,78.12440805495902
,58.951576219513484
,50.02414868523988
,26.6735791735883
,15.968126378310345
,4.156070448561152
,5.399444756955802
,26.61141045816857
,55.818272962358954
,77.22917855291487
,92.37347762916173
,113.07565986393271
,119.80231487234778
,97.04856502872563
,88.08383626520018
,79.84026460054363
,81.03390393660251
,71.72103036672655
,67.4811239751008
,60.26955298641182
,59.225118567360305
,58.230419120644584
,57.42222582018805
,46.754074254161935
,27.64341113413613
,15.570246599624056
,-1.1780053344519104
,-12.268904165332216
,-17.926257268527877
,-25.635177980574724
,-33.331664949537625
,-26.356335079443625
,-19.09502911841885
,13.817088824787604
,73.79746546174563
,95.12133485071392
,104.3347384759183
,102.61888193033369
,95.39487719856075
,89.22774062892326
,82.12807332798981
,80.39978303932124
,79.92730080213127
,79.35534862026972
,82.17780830032558
,89.50128297677009
,104.43420842058987
,126.04405390048892
,106.38630608476947
,97.197769945733
,85.98253368401322
,85.98253368401322
,81.09607265202224
,82.23997701574532
,81.45665120145668
,86.4052809488674
,91.21713952235471
,96.55121530536776
,107.50534296232466
,137.15982021753712
,143.50102919034987
,110.65107996256313
,102.15883343622765
,88.23304118220754
,83.28441143479682
,79.09424001550686
,79.74079465587207
,81.40691622912091
,81.97886841098244
,87.66108900034601
,109.44500688342032
,138.68917061686255
,121.30679778550531
,95.04673239221025
,84.24180965226071
,80.99660270735068
,77.2416122959988
,79.90243331596336
,74.19534524043193
,77.83843196402825
,82.46378439125635
,91.15497080693498
,114.50554031858655
,147.3057545740375
,152.8885052187295
,114.95315506960861
,98.64008414347079
,87.61135402801023
,85.39814775906774
,82.25241075882926
,83.74445992890284
,85.07487043888514
,82.87409791302659
,87.73569145884969
,103.99902741265174
,119.61580872608857
,116.78091530294878
,93.243839645038
,86.81559447063763
,82.36431444658479
,72.19351260391653
,66.44912329913323
,64.02454339776367
,67.60546140594026
,75.02840602705633
,88.4071135853828
,103.57628014779756
,105.88895636141162
,109.59421180042767
,104.4963771360096
,99.22447006841628
,87.67352274342994
,87.13887179082026
,84.30397836768044
,83.01086908695
,83.34658015021657
,84.4780507708557
,85.73385882233428
,82.17780830032558
,78.4103841458898
,64.90733915672385
,27.668278620304022
,-6.860225923815477
,-18.025727213199445
,-20.66168074699611
,-22.526742209588093
,-22.265633604825226
,-19.604812584860667
,3.3603108911885755
,56.12911653945761
,87.6859564865139
,90.93116343142394
,90.45868119423398
,90.5208499096537
,96.68798647929117
,89.12827068425169
,83.81906238740653
,83.7320261858189
,76.88103374656437
,77.06753989282356
,77.86329945019614
,87.15130553390419
,90.50841616656976
,91.1052358345992
,86.86532944297343
,66.33721961137772
,37.40389945503416
,8.781422875789247
,-1.277475279123479
,-6.176370054198415
,-7.258105702501766
,16.78875342185082
,49.83764253898068
,75.96093675835232
,90.12297013096742
,89.01636699649617
,88.74282464864935
,90.5954523681574
,97.1480349733972
,87.6859564865139
,92.17453773981859
,89.00393325341223
,87.59892028492627
,85.21164161280855
,84.76402686178648
,86.95236564456106
,81.79236226472325
,78.3855166597219
,58.168250405224846
,20.767551208713705
,-17.341871343582397
,-23.807417747234595
,-29.837783142948652
,-33.95335210373494
,-33.55547232504867
,-25.44867183431552
,-15.489243624074362
,39.741443154816096
,78.47255286130952
,88.17087246678781
,90.44624745115003
,94.02716545932662
,89.41424677518246
,75.99823798760416
,53.542897977996745
,45.58530240427097
,42.56390283487196
,40.35069656592948
,44.7398078745626
,44.44139804054788
,37.45363442736994
,11.355207694166182
,-21.320669130445282
,-35.80597982324299
,-62.563394939895915
,-102.71195135795924
,-145.75756991458212
,-198.92425534153745
,-189.18863450680732
,-109.96082357590004
,-69.61332726849358
,-35.24646138446539
,36.74491107158499
,72.59139238260282
,74.44402010211084
,59.46135968595529
,50.981546902703755
,46.14482084304856
,18.492176224351482
,12.337473397797957
,8.918194049712667
,12.822389378071875
,17.77101912548259
,41.10915489405022
,76.81886503114464
,82.66272428059949
,74.79216490846134
,38.684574992680645
,11.417376409585913
,4.864793804346107
,-0.9541979589408669
,-4.7589233426285205
,-4.597284682537207
,-0.966631702024813
,8.768989132705315
,41.25835981105757
,79.31804739101788
,114.3314679154113
,117.39016871406216
,98.26707185095239
,80.922000248847
,55.76853799002317
,29.321966450468913
,25.0696263157592
,20.829719924133443
,18.529477453603327
,21.289768418239454
,34.096523794704375
,62.930374006376375
,73.37471819689145
,34.9295845813288
,-0.8671617573532444
,-18.38630576263391
,-20.039993592798794
,-33.207327518698165
,-37.074221617805534
,-37.633740056583136
,-22.327802320244956
,-20.972524324094778
,-14.320471774183389
,41.830311992919114
,85.74629256541824
,86.46744966428713
,73.99640535108877
,53.70453663808805
,38.808912423520106
,16.540078560171885
,11.218436520242776
,7.575349796646435
,8.48301304177454
,9.490146231574201
,28.538640636180283
,56.41509263038839
,74.2450802127677
,53.741837867339896
,15.396174196448804
,10.770821769220703
,34.9047170951609
,-17.8516548100242
,-12.890591319529534
,-11.522879580295424
,10.74595428305281
,-4.522682224033517
,13.605715192360506
,57.79523811270646
,81.96643466789851
,78.78339643840819
,75.72469563975734
,50.247956060750916
,32.77854702780604
,41.25835981105757
,37.49093565662178
,36.11079017430371
,34.693343462733814
,38.348863929414094
,55.54473061451213
,73.62339305857037
,75.09057474247608
,73.5487906000667
,32.29363104753214
,5.697854590970522
,-5.343309267574
,-12.679217687102451
,-9.421576999108453
,-5.417911726077676
,6.9909638717009415
,4.914528776681891
,30.54047327269567
,75.16517720097974
,75.9236355291005
,73.8969354064172
,73.61095931548643
,77.90060067944798
,63.266085069642926
,61.239384946959646
,55.569598100680025
,52.162752495678674
,48.48236454283051
,50.944245673451924
,56.2037189979613
,66.87187056398743
,85.95766619784533
,87.25077547857578
,79.51698728036102
,52.85904210837968
,39.36843086229771
,19.68581556041036
,7.028265100952794
,9.564748690077892
,23.50297468718194
,37.25469453802679
,66.11341223586669
,71.68372913747471
,75.83659932751286
,75.65009318125365
,77.00537117740383
,75.10300848556001
,69.76893270254696
,70.5025235444998
,66.6231957023085
,64.0121096546797
,66.99620799482688
,67.55572643360448
,68.23958230322154
,66.5485932438048
,67.69249760752788
,53.05798199772283
,27.49420621712877
,-11.448277121791747
,-15.203267533143588
,-20.860620636339263
,-21.345536616613174
,-23.72038154564696
,-19.368571466265664
,-14.867556469877044
,32.90288445864551
,67.39408777351316
,74.82946613771318
,76.84373251731253
,76.86860000348042
,83.50821881030787
,77.42811844225801
,75.35168334723895
,75.07814099939212
,73.08874210596069
,71.5469579635513
,71.45992176196368
,73.66069428782222
,64.33538697486233
,53.766705353507774
,24.907987655667895
,-6.611551062136542
,-19.890788675791427
,-31.93908572413561
,-38.19325849536071
,-42.93051461034433
,-47.816975642335336
,-43.73870791080087
,-27.860817992601156
,6.344409231335732
,62.35842182451482
,74.65539373453794
,76.85616626039648
,75.35168334723895
,83.53308629647576
,79.8029633712918
,81.2204100828617
,80.84739779034331
,79.6413247112005
,78.36064917355401
,78.32334794430217
,79.79052962820786
,76.79399754497673
,75.22734591639949
,54.96034468956665
,15.184800564021714
,0.2767426063698366
,-8.625817441735876
,-15.81252094425696
,-19.057727889167012
,-15.091363845388074
,2.9997323417541253
,11.03193037398357
,48.60670197366997
,77.27891352525066
,81.33231377061722
,81.23284382594565
,81.23284382594565
,87.26320922165971
,80.22571063614599
,77.1545760944112
,73.56122434315066
,73.69799551707406
,72.57895863951886
,75.91120178601655
,80.32518058081756
,85.03756920963329
,87.44971536791891
,96.51391407611592
,92.57241751850488
,75.14030971481185
,68.63746208190781
,62.42059053993455
,62.24651813675932
,62.333554338346936
,63.04227769413188
,76.37125028012257
,87.2880767078276
,90.7073560559129
,89.22774062892326
,87.42484788175103
,87.23834173549183
,76.55775642638176
,68.5504258803202
,71.88266902681788
,67.56816017668841
,61.16478248845596
,59.312154768947934
,60.92854136986097
,70.00517382114194
,94.63641887044001
,92.22427271215439
,92.00046533664334
,87.22590799240787
,75.96093675835232
,65.92690608960748
,48.90511180768469
,41.24592606797363
,42.340095459360924
,54.18945261836197
,72.6659948411065
,87.32537793707944
,99.01309643598918
,94.87265998903499
,94.92239496137077
,96.67555273620724
,98.90119274823365
,94.88509373211895
,89.58831917835772
,87.61135402801023
,79.82783085745969
,78.39795040280585
,82.42648316200452
,89.72509035228113
,105.92625759066345
,92.64701997700855
,94.69858758585974
,83.52065255339183
,68.68719705424361
,69.19698052068541
,65.41712262316568
,65.41712262316568
,64.0618446270155
,68.74936576966334
,88.97906576724435
,92.64701997700855
,97.21020368881693
,92.67188746317646
,91.71448924571257
,91.615019301041
,92.51024880308515
,91.52798309945338
,92.93299606793933
,90.30947627722662
,90.58301862507344
,90.29704253414266
,89.73752409536509
,91.63988678720888
,90.84412722983632
,92.5226825461691
,92.05020030897913
,90.14783761713531
,91.55285058562127
,89.77482532461691
,86.21877480260821
,83.58282126881156
,80.11380694839046
,85.83332876700587
,88.61848721780989
,90.21000633255504
,88.54388475930621
,88.55631850239016
,89.91159649854033
,94.4747802103487
,95.35757596930891
,90.91872968834
,89.97376521396006
,89.33964431667879
,88.66822219014568
,88.97906576724435
,91.00576588992763
,90.74465728516473
,89.73752409536509
,91.16740455001892
,86.49231715045504
,68.62502833882388
,49.71330510814121
,20.767551208713705
,-4.025332500675674
,-8.650684927903782
,-11.89589187281382
,4.330142851736397
,44.71494038839471
,78.1741430272948
,88.69308967631358
,91.00576588992763
,88.59361973164201
,88.59361973164201
,88.20817369603965
,87.93463134819284
,85.48518396065538
,86.0571361425169
,86.66638955363027
,85.0127017234654
,84.9878342372975
,83.34658015021657
,74.4564538451948
,62.94280774946031
,14.849089500755163
,-11.622349524966992
,-19.67941504336433
,-20.96009058101083
,-24.951322110957676
,-32.28723053048611
,-35.37079881530485
,-26.629877427290438
,-18.523076936557317
,45.70963983511044
,83.0357365731179
,86.0571361425169
,89.86186152620454
,88.02166754978045
,90.58301862507344
,88.59361973164201
,84.52778574319147
,84.11747222142124
,80.85983153342727
,80.88469901959515
,84.40344831235201
,88.71795716248145
,88.41954732846675
,85.42301524523562
,88.81742710715304
,87.5243178264226
,88.24547492529149
,86.03226865634902
,81.90426595247875
,82.93626662844632
,74.4564538451948
,81.69289232005167
,89.73752409536509
,89.70022286611324
,88.13357123753597
,84.96296675112961
,84.96296675112961
,84.8261955772062
,84.54021948627543
,83.8687973597423
,85.06243669580118
,85.06243669580118
,85.97009994092929
,85.88306373934165
,85.08730418196907
,85.03756920963329
,85.02513546654934
,85.05000295271724
,85.03756920963329
,86.03226865634902
,84.41588205543597
,82.04103712640217
,62.80603657553689
,61.040445057616495
,59.67273331838238
,63.5520611605737
,81.90426595247875
,85.0127017234654
,84.97540049421355
,83.50821881030787
,84.36614708310017
,84.97540049421355
,84.9878342372975
,85.00026798038145
,74.89163485313291
,64.04941088393156
,62.79360283245296
,61.15234874537201
,62.19678316442352
,67.2697503426737
,82.94870037153026
,85.28624407131221
,85.32354530056405
,74.79216490846134
,62.30868685217905
,62.333554338346936
,58.653166385498764
,59.9711431523971
,58.66560012858271
,62.433024283018504
,64.75813423971651
,85.28624407131221
,84.16720719375704
,84.05530350600151
,84.27911088151257
,83.65742372731523
,83.13520651778947
,80.98416896426673
,81.40691622912091
,81.19554259669381
,81.44421745837275
,80.8971327626791
,81.10850639510618
,80.42465052548913
,81.40691622912091
,81.45665120145668
,82.98600160078212
,81.36961499986907
,68.72449828349545
,62.433024283018504
,53.244488143982025
,48.09691850722816
,45.37392877184388
,58.24285286372853
,64.5716280934573
,83.66985747039917
,81.51881991687642
,81.95400092481455
,83.7320261858189
,83.85636361665837
,82.11563958490585
,81.02147019351857
,76.25934659236705
,79.59158973886471
,79.81539711437576
,79.81539711437576
,79.60402348194866
,77.03023866357172
,76.37125028012257
,79.92730080213127
,80.11380694839046
,83.0357365731179
,88.9168970518246
,89.74995783844902
,84.22937590917677
,80.03920448988679
,79.51698728036102
,80.06407197605469
,82.19024204340954
,79.86513208671153
,79.77809588512392
,77.3162147545025
,74.79216490846134
,70.86310209393424
,74.36941764360718
,78.11197431187507
,80.67332538716806
,76.85616626039648
,69.34618543769278
,66.64806318847639
,61.45075857938674
,53.99051272901882
,56.70106872131916
,57.68333442495093
,55.97991162245026
,51.740005230824494
,49.017015495440205
,19.48687567106721
,12.598582002560839
,-8.91179353266665
,-12.728952659438235
,-14.842688983709138
,-5.032465690475348
,34.9047170951609
,47.413062637611105
,56.7632374367389
,58.32988906531615
,59.523528401375025
,59.9711431523971
,58.32988906531615
,49.477063989546224
,47.31359269293954
,39.977684273411086
,34.43223485797094
,32.26876356136424
,14.61284838216018
,9.204170140643427
,2.7634912231591358
,3.3727446342725074
,0.38864629412535123
,-2.1851385242515846
,-11.597482038799086
,-8.31497386463721
,-24.76481596469847
,-38.10622229377309
,-43.2910931597788
,-26.393636308695463
,-12.06996427598908
,9.378242543818686
,53.61750043650042
,55.54473061451213
,63.99967591159577
,59.88410695080947
,55.55716435759608
,73.5736580862346
,69.34618543769278
,69.88083639030246
,70.21654745356904
,70.62686097533927
,55.047380891154276
,56.228586484129195
,78.60932403523294
,80.94686773501488
,76.91833497581621
,84.36614708310017
,79.00720381391922
,76.68209385722123
,73.61095931548643
,62.07244573358407
,66.98377425174293
,76.74426257264096
,81.382048742953
,75.35168334723895
,73.48662188464696
,73.62339305857037
,73.63582680165433
,70.9004033231861
,56.116682796373674
,87.95949883436072
,89.3147768305109
,89.67535537994533
,89.81212655386875
,88.23304118220754
,83.17250774704132
,83.95583356132994
,75.81173184134497
,75.94850301526839
,80.88469901959515
,91.01819963301156
,85.58465390532695
,66.18801469437035
,63.00497646488006
,57.06164727075361
,62.122180705919845
,66.06367726353089
,86.47988340737109
,75.48845452116235
,78.07467308262324
,80.95930147809884
,73.61095931548643
,80.8971327626791
,74.90406859621687
,62.868205290956645
,56.78810492290678
,54.07754893060644
,56.116682796373674
,53.518030491828846
,62.333554338346936
,80.18840940689414
,78.42281788897374
,77.37838346992223
,80.17597566381019
,66.11341223586669
,58.21798537756064
,40.36313030901342
,38.18722526932278
,34.183559996292004
,56.228586484129195
,59.4116247136195
,80.8971327626791
,76.7566963157249
,76.04797295993995
,77.20431106674697
,84.77646060487041
,83.5455200395597
,82.32701321733295
,76.04797295993995
,63.639097362161316
,63.61422987599343
,70.07977627964563
,66.13827972203458
,53.39369306098939
,55.01007966190243
,72.8773684735336
,72.79033227194596
,57.77037062653856
,53.58019920724858
,38.560237561841184
,19.52417690031905
,16.863355880354497
,14.165233631138108
,29.284665221217075
,56.63890000589943
,81.58098863229615
,64.69596552429678
,79.01963755700318
,84.76402686178648
,84.76402686178648
,86.44258217811925
,83.7817611581547
,80.98416896426673
,78.44768537514162
,76.035539216856
,76.035539216856
,76.035539216856
,62.370855567598774
,70.36575237057639
,79.34291487718579
,82.31457947424899
,76.47072022479414
,54.413259993873
,38.560237561841184
,18.442441252015705
,10.360508247450468
,9.291206342231064
,0.46324875262902765
,53.00824702538704
,69.86840264721853
,60.38145667416733
,72.08160891616102
,80.27544560848177
,81.70532606313562
,83.32171266404866
,80.99660270735068
,71.69616288055867
,68.60016085265599
,70.06734253656167
,72.44218746559545
,72.44218746559545
,52.523331045113125
,53.965645242850925
,51.789740203160285
,41.942215680674636
,-0.3325108047435492
,-23.173296849953303
,-30.608675214153337
,-40.331862305799504
,-52.35529186797581
,-71.90113599593977
,-56.89360809361628
,-35.80597982324299
,-11.510445837211478
,47.475231353030836
,52.18761998184658
,51.96381260633553
,51.19292053513085
,50.17335360224723
,50.35985974850643
,49.128919183195734
,33.54943909901073
,11.802822445188255
,-0.4568482355830099
,-8.227937663049588
,-10.963361141517836
,-5.156803121314795
,-8.016564030622504
,-15.725484742669352
,-28.121926597364038
,-44.45986500966977
,-51.64656851219085
,-61.44435806234071
,-72.83366672723574
,-73.86566740320328
,-55.550763840550076
,-33.6673760128042
,-19.46804141093726
,28.73758052552342
,50.01171494215593
,48.556967001334186
,47.42549638069505
,48.99214800927232
,43.79484340018267
,64.19861580093891
,65.28035144924226
,60.77933645285362
,56.53943006122786
,53.667235408836206
,45.112820167081
,66.80970184856767
,67.25731659958976
,67.6178951490242
,67.35678654426134
,67.12054542566634
,66.23774966670615
,48.5072320289984
,46.15725458613251
,48.5072320289984
,48.12178599339606
,48.109352250312114
,57.98174425896565
,63.05471143721583
,67.56816017668841
,66.88430430707136
,66.27505089595799
,66.10097849278273
,56.14155028254157
,56.16641776870946
,52.610367246700754
,52.64766847595259
,50.19822108841513
,51.29239047980242
,51.20535427821479
,56.14155028254157
,65.35495390774595
,64.69596552429678
,56.16641776870946
,48.8802443215168
,46.41836319089539
,40.00255175957898
,36.96871844709603
,36.03618771580004
,43.72024094167899
,47.48766509611479
,50.77017327027667
,58.9018412471777
,63.46502495898606
,56.21615274104524
,59.15051610885662
,68.33905224789311
,68.14011235854997
,68.09037738621417
,67.4811239751008
,67.36922028734527
,68.07794364313024
,67.35678654426134
,56.228586484129195
,67.3443528011774
,61.0155775714486
,59.436492199787395
,53.741837867339896
,55.047380891154276
,40.53720271218867
,27.581242418716393
,16.58981353250767
,14.152799888054155
,21.501142050666544
,51.279956736718475
,51.51619785531345
,51.578366570733195
,60.54309533425864
,71.09934321252923
,76.0852741891918
,73.90936914950115
,69.01047437442622
,59.93384192314525
,55.39552569750478
,60.5057941050068
,62.395723053766666
,62.45789176918639
,48.532099515166294
,53.729404124255936
,56.228586484129195
,57.4595270494399
,52.75957216370811
,64.83273669822019
,60.257119243327864
,48.54453325825024
,44.59060295755524
,43.40939736458033
,51.97624634941948
,57.111382243089395
,67.41895525968107
,53.67966915192015
,52.70983719137232
,58.21798537756064
,62.38328931068273
,63.56449490365763
,63.5520611605737
,58.7153351009185
,59.15051610885662
,58.839672531757955
,58.81480504559007
,58.78993755942217
,52.722270934456276
,56.41509263038839
,58.765070073254286
,58.765070073254286
,60.257119243327864
,69.19698052068541
,69.69433024404329
,64.02454339776367
,56.651333748983376
,50.86964321494824
,52.63523473286865
,58.839672531757955
,64.23591703019076
,55.8555741916108
,58.62829889933087
,56.1788515117934
,49.949546226736196
,57.86984057121013
,57.48439453560779
,46.72920676799405
,40.57450394144052
,32.46770345070738
,22.53314272663411
,17.31097063137657
,13.195401670590272
,23.86355323661639
,5.051299950605298
,-0.3325108047435492
,-6.748322236059963
,-24.255032498256668
,-46.6855050216962
,-69.67549598391332
,-90.56418436494349
,-96.35830864206255
,-82.33304644337088
,-49.097651179981824
,-18.137630900954974
,-2.234873496587369
,38.162357783154896
,37.565538115125456
,38.075321581567266
,37.503369399705726
,36.8816822455084
,28.165628343661886
,16.564946046339777
,4.292841622484559
,-1.9737648918244872
,0.2394413771179984
,6.331975488251786
,5.561083417047115
,1.0725021637424135
,-8.178202690713817
,-17.528377489841603
,-31.143326166763046
,-41.8239114758731
,-56.595198259601574
,-80.64205738395415
,-91.42211263773578
,-76.33998227690864
,-34.400966854757016
,-8.68798615715562
,7.587783539730381
,30.615075731199354
,38.734309965016436
,38.684574992680645
,48.644003202921816
,39.77874438406794
,39.803611870235834
,40.92264874779102
,44.478699269799726
,43.75754217093083
,40.87291377545524
,38.162357783154896
,40.02741924574687
,45.43609748726361
,44.031084518777654
,38.33643018633015
,43.732674684762934
,39.21922594529034
,29.42143639514049
,16.303837441576903
,22.794251331396993
,39.44303332080139
,48.61913571675392
,39.952816787243194
,38.82134616660406
,46.3437607323917
,54.985212175734546
,56.290755199548926
,55.49499564217635
,53.89104278434725
,45.70963983511044
,40.0895879611666
,38.21209275549068
,36.297296320562914
,30.055557292421753
,12.51154580097321
,37.67744180288098
,49.26569035711914
,49.98684745598804
,44.10568697728134
,37.988285379979644
,35.33989810309903
,30.130159750925436
,37.05575464868365
,37.503369399705726
,32.97748691714919
,6.506047891427045
,37.00601967634787
,31.77141383800638
,51.15561930587901
,55.09711586349006
,55.22145329432952
,55.569598100680025
,53.754271610423835
,35.327464360015085
,33.54943909901073
,35.2528619015114
,34.04678882236859
,35.31503061693114
,36.172958889723446
,36.33459754981476
,41.13402238021811
,41.158889866386005
,36.49623620990606
,37.76447800446861
,36.906549731676286
,35.899416541876626
,34.61874100423013
,23.75164954886087
,28.06615839899031
,34.83011463665723
,36.384332522150544
,36.297296320562914
,38.65970750651275
,36.45893498065421
,39.08245477136693
,39.75387689790005
,38.684574992680645
,51.217788021298745
,39.71657566864821
,38.4607676171696
,37.05575464868365
,37.888815435308075
,38.808912423520106
,46.25672453080408
,60.63013153584626
,62.73143411703322
,62.818470318620854
,54.152151389110124
,47.2762914636877
,42.004384396094366
,38.522936332589346
,39.28139466071008
,44.21759066503685
,48.644003202921816
,45.01335022240943
,49.82520879589673
,65.35495390774595
,72.25568131933626
,67.63032889210817
,64.90733915672385
,60.3192879587476
,96.21550424210122
,85.73385882233428
,68.63746208190781
,59.48622717212318
,58.528828954659296
,67.40652151659711
,100.67921800923801
,127.12578954879228
,127.33716318121937
,100.89059164166511
,84.90079803570988
,68.93587191592255
,62.482759255354296
,57.06164727075361
,55.358224468252935
,56.9248760968302
,58.62829889933087
,53.00824702538704
,56.07938156712183
,77.664359560853
,102.08423097772398
,96.21550424210122
,91.90099539197178
,74.94136982546871
,57.77037062653856
,43.88187960177029
,30.826449363626438
,25.119361288094986
,22.160130434115715
,27.3947362724572
,18.36783879351203
,27.618543647968238
,21.003792327308695
,6.419011689839422
,-11.846156900478022
,-20.537343316156665
,-22.09156120164998
,-25.84655161300182
,-27.002889719808834
,-27.935420451104832
,-30.89465130508411
,-13.586880932230542
,31.373534059320093
,49.29055784328703
,62.706566630865325
,64.17374831477102
,70.45278857216402
,65.26791770615831
,62.060011990500115
,54.77383854330745
,48.05961727797633
,44.81441033306628
,46.28159201697198
,42.364962945528816
,40.823178803119454
,30.714545675870923
,11.429810152669873
,-11.970494331317497
,-10.142734097977367
,-11.746686955806453
,-13.43767601522319
,-17.279702628162667
,-19.368571466265664
,-15.464376137906456
,-10.975794884601768
,14.563113409824389
,40.84804628928734
,54.83600725872718
,65.2927851923262
,66.83456933473559
,65.95177357577538
,65.34252016466199
,48.40776208432682
,45.2744588271723
,44.50356675596761
,42.37739668861277
,44.42896429746394
,45.00091647932548
,42.427131660948554
,47.82337615938134
,48.681304432173654
,47.2762914636877
,46.754074254161935
,44.42896429746394
,32.44283596453949
,24.398204189226092
,25.753482185376257
,38.435900131001716
,46.00804966912514
,39.35599711921376
,47.46279760994689
,61.32642114854726
,80.35004806698544
,78.72122772298846
,78.65905900756871
,65.52902631092118
,45.85884475211779
,41.942215680674636
,41.308094783393365
,27.63097739105219
,30.552907015779617
,39.194358459122455
,42.340095459360924
,52.47359607277734
,58.30502157914826
,44.3916630682121
,44.59060295755524
,28.774881754775265
,18.865188516869885
,17.497476777635768
,16.055162579897974
,27.24553135544984
,42.53903534870407
,40.20149164892212
,44.65277167297498
,58.26772034989642
,56.949743582998096
,64.1115795993513
,59.99601063856498
,59.98357689548104
,58.60343141316298
,54.55003116779641
,50.84477572878035
,41.33296226956126
,41.56920338815623
,51.9016438909158
,55.10954960657401
,58.60343141316298
,61.64969846872988
,72.62869361185466
,52.63523473286865
,37.590405601293355
,31.19946165614484
,20.6059125486224
,32.41796847837159
,38.14992404007094
,42.35252920244487
,41.7184083051636
,56.62646626281548
,56.62646626281548
,56.42752637347233
,56.61403251973153
,57.65846693878304
,56.30318894263287
,59.17538359502452
,59.26241979661215
,57.409792077104115
,56.04208033786999
,55.89287542086264
,58.3423228084001
,63.29095255581081
,64.58406183654125
,64.58406183654125
,64.09914585626734
,58.49152772540745
,49.775473823560944
,41.942215680674636
,37.57797185820941
,36.471368723738166
,43.55860228158768
,43.57103602467163
,47.897978617885016
,58.839672531757955
,64.58406183654125
,64.58406183654125
,63.10444640955163
,64.5716280934573
,61.16478248845596
,54.748971057139556
,40.72370885844787
,39.72900941173216
,37.52823688587362
,37.503369399705726
,37.9509841507278
,40.67397388611209
,60.729601480517836
,60.97827634219676
,56.3653576580526
,35.58857296477796
,-0.0092334845609372
,-15.899557145844597
,-19.716716272616168
,-19.716716272616168
,-18.54794442272521
,6.406577946755462
,17.646681694643128
,50.06144991449172
,59.859239464641576
,59.73490203380211
,58.590997670079034
,58.49152772540745
,56.37779140113655
,60.67986650818205
,54.5748986539643
,37.40389945503416
,31.311365343900356
,31.037822996053528
,31.19946165614484
,31.224329142312726
,31.622208920999014
,31.734112608754536
,30.714545675870923
,-5.567116643085029
,-12.467844054675354
,-21.606645221376056
,-23.48414042705197
,-21.768283881467354
,-12.144566734492756
,11.641183785096956
,36.70760984233315
,35.22799441534352
,47.53740006845057
,56.83783989524257
,58.45422649615563
,57.60873196644726
,56.029646594786044
,43.8570121156024
,34.86741586590906
,31.23676288539668
,31.137292940725104
,30.043123549337814
,31.274064114648517
,15.010728160846462
,-6.36287620045762
,-6.959695868487046
,-6.735888492976002
,-20.1767647667222
,-22.86245327285465
,-24.86428590937004
,-26.953154747473064
,-26.803949830465697
,-24.329634956760344
,-23.111128134533587
,-2.0110661210763254
,4.6782876580869015
,35.750211624869266
,48.81807560609707
,55.743670503855284
,54.972778432650586
,53.49316300566096
,57.22328593084491
,50.38472723467433
,35.56370547861007
,33.26346300807996
,33.18886054957628
,42.066553111514104
,52.9709457961352
,52.36169238502182
,54.9230434603148
,52.125451266426836
,47.53740006845057
,30.826449363626438
,30.75184690512276
,30.677244446619085
,30.6275094742833
,20.431840145447147
,13.182967927506326
,18.616513655190957
,34.730644691985646
,43.732674684762934
,47.052484088176655
,49.45219650337833
,49.32785907253887
,45.79667603669806
,42.93691512739036
,41.768143277499384
,41.27079355414153
,27.24553135544984
,25.392903635941806
,28.501339406928437
,44.55330172830341
,44.55330172830341
,44.565735471387356
,43.061252558229825
,31.348666573152194
,27.69314610647192
,18.36783879351203
,14.028462457214687
,4.280407879400613
,-5.467646698413461
,6.307108002083893
,19.536610643402994
,37.44120068428599
,45.00091647932548
,43.819710886350556
,44.55330172830341
,44.06838574802949
,41.25835981105757
,53.518030491828846
,49.651136392721476
,41.22105858180574
,38.734309965016436
,35.17825944300772
,39.766310640983995
,46.107519613796725
,45.43609748726361
,45.68477234894254
,46.79137548341378
,43.608337253923466
,41.65623958974386
,40.28852785050975
,41.158889866386005
,41.6935408189957
,46.66703805257431
,42.05411936843015
,41.158889866386005
,26.710880402840147
,45.43609748726361
,45.43609748726361
,43.79484340018267
,43.78240965709872
,41.457299700400725
,28.82461672711105
,31.435702774739816
,31.17459416997694
,25.0696263157592
,23.391070999426418
,16.85092213727055
,19.897189192837452
,28.837050470195003
,31.65951015025086
,22.669913900557525
,-0.7676918126816759
,-12.318639137668
,-17.702449893016848
,-23.832285233402473
,-28.544673862218218
,-21.084428011850306
,-18.361438276466018
,-12.318639137668
,25.044758829591302
,26.549241742748833
,30.63994321736724
,32.71637831238631
,33.822981446857554
,33.84784893302545
,31.037822996053528
,21.861720600101002
,17.06229576969764
,11.355207694166182
,14.252269832725723
,19.561478129570894
,30.105292264757544
,35.961585257296356
,32.91531820172946
,16.477909844752155
,-11.100132315441243
,-18.523076936557317
,-20.99739181026267
,-24.20529752592087
,-23.148429363785425
,-17.254835141994775
,-12.231602936080378
,18.75328482911437
,23.701914576525084
,42.912047641222465
,40.95994997704286
,44.938747763905745
,44.926314020821806
,41.23349232488968
,33.8354151899415
,32.430402221455545
,31.137292940725104
,30.043123549337814
,27.593676161800346
,17.360705603712354
,-9.44644448527636
,-16.608280501629537
,-16.42177435537036
,-18.38630576263391
,-19.890788675791427
,-41.94824890671258
,-75.70586137962741
,-90.56418436494349
,-102.63734889945556
,-76.38971724924443
,-49.060349950729986
,-24.963755854041608
,-17.254835141994775
,-3.702055180493062
,6.38171046058757
,6.406577946755462
,12.884558093491613
,7.239638733379877
,-19.157197833838595
,-19.57994509869276
,-21.445006561284742
,-23.770116517982743
,-24.329634956760344
,-23.471706683968037
,-23.695514059479066
,-26.406070051779423
,-34.152291993078094
,-31.267663597602507
,-31.70284460554062
,-34.38853311167307
,-38.72790944797042
,-40.891380744577106
,-44.74584110060054
,-42.010417622132294
,-22.07912745856602
,-11.075264829273351
,6.916361413197279
,22.9310225053204
,42.07898685459805
,45.025783965493375
,45.212290111752566
,42.63850529337564
,55.1344170927419
,52.249788697266304
,46.294025760055916
,42.50173411945222
,42.066553111514104
,48.768340633761284
,50.160919859163286
,53.14501819931046
,52.56063227436496
,50.01171494215593
,36.297296320562914
,25.61671101145285
,8.781422875789247
,6.4563129190912605
,6.4438791760073
,20.033960366760866
,30.055557292421753
,31.23676288539668
,55.95504413628237
,67.89143749687103
,50.23552231766697
,50.073883657575664
,48.78077437684523
,46.61730308023853
,40.8107450600355
,40.32582907976158
,38.70944247884854
,35.06635575525221
,34.7430784350696
,38.49806884642145
,48.29585839657131
,50.28525729000276
,49.42732901721044
,43.21045747523718
,41.5319021589044
,25.591843525284958
,8.433278069438742
,-2.3094759550910453
,-9.421576999108453
,1.7066230610236772
,34.208427482459896
,40.74857634461577
,53.00824702538704
,54.7614048002235
,55.333356982085036
,55.28362200974925
,54.01538021518671
,50.645835839437204
,49.27812410020309
,45.77180855053017
,37.752044261384654
,35.84968156954084
,32.20659484594451
,37.34173073961442
,42.240625514689356
,51.51619785531345
,51.50376411222951
,57.633599452615144
,46.1821220723004
,42.663372779543536
,33.98462010694886
,30.45343707110805
,28.57594186543212
,31.124859197641157
,32.20659484594451
,37.354164482698366
,49.27812410020309
,49.41489527412649
,44.40409681129604
,44.35436183896026
,44.29219312354053
,42.700674008795374
,56.25345397029709
,52.821740879127844
,54.64950111246799
,48.42019582741078
,47.48766509611479
,46.294025760055916
,53.6921028950041
,62.75630160320112
,56.24102022721314
,58.466660239239566
,61.59996349639408
,57.111382243089395
,41.19619109563784
,36.19782637589134
,33.10182434798866
,35.489103020106384
,45.92101346753752
,56.352923914968656
,57.72063565420277
,59.39919097053556
,57.90714180046197
,60.05817935398473
,59.436492199787395
,52.162752495678674
,57.06164727075361
,51.640535286152925
,43.55860228158768
,36.27242883439502
,32.517438423043174
,32.61690836771474
,41.32052852647731
,56.37779140113655
,73.5239231138988
,68.45095593564862
,56.27832145646498
,54.56246491088036
,47.773641187045556
,41.942215680674636
,33.97218636386491
,33.81054770377361
,32.952619430981294
,34.295463684047526
,48.718605661425485
,56.25345397029709
,54.002946472102764
,50.558799637849575
,56.30318894263287
,41.942215680674636
,46.80380922649772
,43.036385072061925
,41.581637131240186
,33.822981446857554
,28.948954157950517
,19.760418018914038
,30.055557292421753
,30.105292264757544
,19.549044386486948
,-3.0181993108759997
,-15.650882284165661
,-21.46987404745265
,-23.3846704823804
,-36.266028317349
,-46.536300104688834
,-34.077689534574404
,-25.075659541797123
,-11.796421928142252
,18.827887287618054
,44.80197658998233
,47.54983381153451
,49.63870264963754
,51.13075181971112
,48.8553768353489
,57.8076718557904
,49.43976276029439
,40.98481746321075
,35.936717771128464
,30.702111932786977
,21.588178252254167
,15.309137994861182
,-0.6682218680101073
,-11.386108406372017
,-26.04549150234496
,-57.01794552445574
,-77.6082240714712
,-550.0407262891033
,-121.15119235145193
,-102.96062621963816
,-77.3098142374565
,-28.196529055867714
,-12.206735449912486
,30.36640086952042
,49.91224499748435
,59.80950449230579
,59.9711431523971
,65.42955636624961
,60.829071425189404
,47.810942416297394
,46.91571291425325
,46.928146657337194
,44.97604899315759
,37.988285379979644
,43.695373455511096
,48.40776208432682
,47.7860749301295
,46.91571291425325
,37.963417893811744
,32.54230590921106
,11.355207694166182
,-9.34697454060479
,-14.395074232687065
,-13.537145959894758
,4.71558888733874
,22.582877698969895
,28.476471920760552
,46.928146657337194
,47.84824364554923
,48.134219736480006
,52.398993614273664
,43.68293971242715
,36.023753972716094
,42.93691512739036
,34.730644691985646
,23.96302318128796
,13.841956310955489
,11.019496630899638
,19.84745422050166
,22.607745185137787
,42.88718015505457
,44.06838574802949
,35.86211531262479
,12.449377085553472
,-4.186971160766973
,-15.787653458089082
,-21.75585013838341
,-19.08259537533492
,-19.81618621728775
,-13.549579702978704
,10.24860455969494
,43.45913233691611
,48.45749705666262
,48.134219736480006
,47.88554487480108
,47.0649178312606
,44.304626866624474
,53.49316300566096
,50.93181193036797
,49.66357013580543
,44.80197658998233
,44.80197658998233
,46.231857044636186
,47.810942416297394
,69.90570387647037
,82.88653165611055
,50.35985974850643
,36.720043585417095
,26.897386549099338
,9.60204991932973
,6.369276717503624
,3.484648322028036
,2.129370325877858
,24.248999272218725
,46.07021838454489
,51.49133036914557
,44.81441033306628
,46.567568107902744
,49.02944923852415
,65.80256865876802
,51.9016438909158
,80.90956650576304
,79.41751733568945
,54.87330848797902
,53.13258445622651
,53.86617529817935
,62.52006048460614
,79.4299510787734
,76.96806994815199
,62.55736171385798
,78.3855166597219
,60.766902709769674
,46.9032791711693
,42.514167862536176
,35.52640424935822
,35.67560916636559
,44.789542846898385
,62.56979545694192
,79.38021610643762
,95.10890110762998
,47.86067738863318
,48.656436946005755
,48.656436946005755
,47.64930375620609
,46.05778464146093
,47.873111131717124
,46.9032791711693
,46.455664420147215
,44.926314020821806
,44.864145305402076
,44.98848273624153
,47.897978617885016
,50.67070332560509
,50.098751143743556
,47.52496632536663
,44.926314020821806
,44.329494352792366
,29.869051146162562
,27.07145895227459
,28.252664545249516
,31.87088378267795
,42.675806522627475
,43.6705059693432
,50.02414868523988
,52.37412612810577
,52.53576478819707
,50.098751143743556
,49.98684745598804
,49.32785907253887
,42.45199914711644
,43.6705059693432
,43.931614574106085
,36.64544112691342
,30.17989472326122
,30.192328466345167
,34.60630726114619
,36.6951760992492
,36.64544112691342
,32.641775853882635
,17.024994540445803
,8.856025334292923
,-6.35044245737366
,-11.47314460795964
,-7.457045591844903
,1.0352009344905753
,14.17766737422204
,34.121391280872274
,40.0895879611666
,46.79137548341378
,40.76101008769972
,42.68824026571143
,42.45199914711644
,42.43956540403249
,46.530266878650906
,45.43609748726361
,45.42366374417966
,37.354164482698366
,35.21556067225956
,33.33806546658364
,34.668475976565915
,33.38780043891943
,21.376804619827084
,-1.5634513700542527
,-12.915458805697426
,-13.052229979620833
,-17.217533912742937
,-18.43604073496968
,-19.51777638327303
,-14.407507975771011
,-3.9507300421719833
,28.774881754775265
,30.192328466345167
,36.40920000831843
,45.18742262558468
,46.65460430949037
,47.052484088176655
,46.66703805257431
,47.74877370087766
,36.96871844709603
,34.04678882236859
,31.012955509885643
,30.56534075886357
,36.322163806730806
,48.469930799746564
,46.66703805257431
,47.897978617885016
,48.90511180768469
,46.1821220723004
,43.74510842784688
,35.4642355339385
,22.085527975612038
,8.980362765132398
,4.8523600612621465
,25.106927545011047
,30.51560578652777
,46.455664420147215
,46.841110455749565
,46.853544198833504
,46.67947179565826
,46.67947179565826
,45.16255513941678
,47.56226755461846
,46.66703805257431
,36.84438101625656
,34.295463684047526
,33.126691834156546
,35.20312692917562
,42.55146909178802
,47.45036386686294
,49.91224499748435
,47.94771359022081
,36.67030861308131
,34.95445206749668
,32.69151082621842
,30.552907015779617
,27.94182096815085
,31.11242545455721
,33.41266792508732
,32.554739652295005
,45.548001175019124
,48.97971426618837
,47.91041236096896
,46.66703805257431
,47.50009883919873
,46.828676712665626
,77.21674480983093
,68.16497984471785
,64.28565200252653
,59.138082365772675
,57.69576816803489
,62.75630160320112
,78.34821543047005
,96.30254044368883
,90.86899471600421
,65.15601401840279
,43.68293971242715
,24.074926869043473
,-18.54794442272521
,-22.601344668091784
,-23.906887691906164
,-21.58177773520815
,-6.00229765102317
,37.652574316713086
,60.194950527908134
,50.347426005422484
,70.78849963543057
,74.53105630369848
,104.74505199768853
,87.13887179082026
,47.66173749929004
,48.6688706890897
,49.52679896188202
,46.67947179565826
,44.34192809587631
,49.89981125440041
,52.9958132823031
,47.66173749929004
,47.67417124237399
,41.32052852647731
,48.532099515166294
,26.313000624153858
,16.57737978942373
,11.49197886808959
,11.877424903691946
,27.79261605114349
,41.33296226956126
,49.041882981608104
,50.39716097775827
,47.873111131717124
,48.29585839657131
,48.6688706890897
,50.02414868523988
,48.171520965731844
,50.44689595009406
,43.55860228158768
,41.22105858180574
,43.11098753056561
,42.066553111514104
,41.29566104030941
,51.217788021298745
,52.89634333763152
,52.883909594547575
,52.89634333763152
,49.50193147571412
,45.150121396332835
,43.16072250290139
,26.22596442256623
,25.293433691270238
,26.238398165650175
,44.7398078745626
,50.496630922429844
,51.466462882977666
,48.644003202921816
,48.97971426618837
,49.89981125440041
,50.08631740065961
,48.49479828591445
,53.00824702538704
,52.001113835587375
,51.20535427821479
,43.76997591401477
,42.613637807207745
,42.55146909178802
,42.68824026571143
,42.65093903645959
,42.68824026571143
,41.81787824983517
,31.796281324174267
,27.096326438442482
,20.705382493293968
,8.632217958781894
,3.3105759188527912
,27.655844877220076
,39.44303332080139
,40.07715421808266
,43.30992741990875
,52.063282551007106
,53.67966915192015
,53.070415740806766
,67.41895525968107
,53.46829551949306
,42.675806522627475
,38.33643018633015
,35.029054526000365
,38.58510504800907
,34.99175329674853
,29.13546030420971
,29.918786118498346
,13.966293741794956
,14.17766737422204
,0.8859960174832082
,-27.587275644754328
,-40.953549459996836
,-69.52629106690594
,-121.37499972696295
,-147.13771539690018
,-132.20478995308036
,-63.19751583717718
,-31.00655499283961
,34.49440357339066
,43.036385072061925
,43.80727714326662
,43.44669859383217
,49.10405169702783
,46.91571291425325
,37.34173073961442
,34.94201832441274
,34.9047170951609
,32.97748691714919
,33.27589675116391
,30.030689806253868
,32.26876356136424
,39.33112963304586
,40.15175667658633
,34.46953608722278
,13.95385999871101
,-9.33454079752083
,-16.110930778271694
,-17.22996765582687
,-12.380807853087731
,-0.6806556110940534
,17.88292281323811
,39.87821432873951
,49.651136392721476
,51.391860424474
,54.61219988321614
,52.01354757867132
,53.61750043650042
,48.718605661425485
,44.926314020821806
,42.190890542353564
,40.57450394144052
,38.734309965016436
,38.075321581567266
,36.96871844709603
,37.46606817045389
,38.622406277260914
,37.45363442736994
,37.27956202419469
,35.961585257296356
,15.470776654952488
,-0.9168967296890287
,-4.970296975055604
,-1.7623912593973898
,26.511940513496995
,37.46606817045389
,44.83927781923418
,46.443230677063276
,44.938747763905745
,44.926314020821806
,44.70250664531076
,44.83927781923418
,41.40756472806493
,34.668475976565915
,38.75917745118432
,34.457102344138825
,34.096523794704375
,31.249196628480625
,30.043123549337814
,32.10712490127293
,36.023753972716094
,35.79994659720505
,34.730644691985646
,29.893918632330447
,22.408805295794643
,14.98586067467857
,8.893326563544761
,19.02682717696119
,25.915120845467563
,32.98992066023314
,36.67030861308131
,34.457102344138825
,33.41266792508732
,35.26529564459535
,36.16052514663951
,39.07002102828299
,36.54597118224184
,36.085922688135824
,36.23512760514318
,33.449969154339165
,33.885150162277284
,32.72881205547026
,34.457102344138825
,34.04678882236859
,36.22269386205923
,36.22269386205923
,34.544138545726454
,34.86741586590906
,33.064523118736815
,32.554739652295005
,32.50500467995922
,31.26163037156457
,31.00052176680169
,32.75367954163816
,35.17825944300772
,33.89758390536124
,33.86028267610939
,34.28302994096357
,34.817680893573275
,34.55657228881039
,32.38066724911975
,29.744713715323094
,29.744713715323094
,29.75714745840704
,32.54230590921106
,29.13546030420971
,28.72514678243948
,29.75714745840704
,29.13546030420971
,29.14789404729366
,28.712713039355535
,33.462402897423104
,34.10895753778832
,30.217195952513066
,29.13546030420971
,29.12302656112577
,40.57450394144052
,37.64014057362914
,37.34173073961442
,31.78384758109032
,30.739413162038822
,30.6275094742833
,30.15502723709333
,31.224329142312726
,30.043123549337814
,35.71291039561743
,40.823178803119454
,35.725344138701374
,30.24206343868095
,25.044758829591302
,24.92042139875184
,26.325434367237797
,25.181530003514716
,25.243698718934453
,34.966885810580635
,21.302202161323407
,13.257570386010002
,10.559448136793605
,-3.602585235821479
,-6.673719777556272
,3.3603108911885755
,18.03212773024547
,30.204762209429113
,27.63097739105219
,40.338262822845536
,39.81604561331978
,35.625874194029805
,37.52823688587362
,40.15175667658633
,41.581637131240186
,35.65074168019769
,33.35049920966758
,31.746546351838482
,30.17989472326122
,30.142593494009382
,30.6275094742833
,30.615075731199354
,30.615075731199354
,16.167066267653496
,-4.224272390018811
,-11.808855671226183
,-19.878354932707495
,-31.106024937511208
,-33.157592546362366
,-24.889153395537946
,-12.281337908416162
,27.69314610647192
,34.84254837974117
,45.53556743193518
,43.1358550167335
,41.65623958974386
,40.126889190418446
,39.62953946706058
,40.2760941074258
,41.78057702058333
,40.74857634461577
,35.601006707861906
,32.65420959696658
,31.49787149015956
,37.30442951036258
,48.84294309226495
,50.02414868523988
,43.061252558229825
,43.78240965709872
,35.58857296477796
,28.414303205340815
,22.010925517108355
,21.948756801688624
,30.6275094742833
,31.734112608754536
,41.096721150966275
,79.65375845428446
,43.061252558229825
,43.04881881514588
,41.44486595731678
,42.73797523804721
,41.23349232488968
,54.686802341719826
,45.41123000109572
,35.0912232414201
,33.064523118736815
,30.863750592878276
,33.98462010694886
,42.675806522627475
,49.52679896188202
,66.32478586829376
,55.59446558684792
,32.554739652295005
,20.195599026852165
,11.243304006410668
,3.0619010571738556
,4.305275365568505
,25.31830117743813
,33.47483664050705
,38.58510504800907
,52.74713842062417
,42.81257769655089
,43.036385072061925
,44.11812072036528
,44.938747763905745
,42.80014395346694
,42.93691512739036
,35.86211531262479
,32.25632981828029
,35.58857296477796
,35.302596873847186
,35.83724782645689
,36.359465035982645
,43.434264850748214
,46.41836319089539
,45.41123000109572
,35.663175423281636
,35.0912232414201
,30.47830455727594
,27.096326438442482
,27.904519738899012
,28.87435169944684
,28.87435169944684
,28.140760857493994
,37.71474303213282
,46.31889324622381
,46.28159201697198
,49.78790756664489
,47.40062889452716
,43.173156245985346
,40.05228673191476
,38.63484002034485
,38.60997253417697
,37.46606817045389
,35.37719933235087
,37.09305587793549
,39.530069522389006
,39.405732091549545
,39.38086460538165
,37.82664671988834
,37.54067062895757
,37.565538115125456
,36.18539263280739
,31.423269031655877
,30.279364667932796
,31.821148810342166
,36.91898347476024
,37.26712828111074
,38.21209275549068
,43.78240965709872
,43.76997591401477
,43.906747087938186
,45.150121396332835
,44.51600049905157
,33.723511502185985
,41.14645612330206
,39.94038304415925
,34.084090051620436
,33.723511502185985
,34.481969830306724
,37.51580314278967
,37.030887162515754
,36.84438101625656
,30.192328466345167
,22.197431663367553
,18.902489746121724
,18.927357232289623
,12.611015745644792
,15.159933077853822
,20.170731540684272
,21.11569601506421
,20.33237020077557
,33.25102926499601
,36.84438101625656
,36.84438101625656
,36.18539263280739
,36.620573640745526
,38.44833387408566
,43.01151758589404
,35.725344138701374
,33.84784893302545
,35.2528619015114
,28.115893371326095
,30.130159750925436
,35.71291039561743
,30.192328466345167
,28.70027929627159
,3.161371001845424
,-15.476809880990416
,-21.45744030436869
,-45.66593808881258
,-56.122716022411595
,-47.39422837748114
,-21.768283881467354
,-8.414443809308793
,11.417376409585913
,40.039852988830816
,48.731039404509445
,49.05431672469204
,51.00641438887165
,48.681304432173654
,49.763040080477
,49.50193147571412
,41.05941992171443
,39.85334684257162
,39.45546706388533
,38.33643018633015
,38.72187622193248
,38.323996443246195
,42.56390283487196
,34.693343462733814
,0.2021401478661602
,-19.841053703455657
,-32.85918271234766
,-49.90584448043833
,-81.64919057375383
,-70.13554447801934
,-36.58930563753162
,-5.467646698413461
,12.586148259476886
,43.844578372518455
,43.62077099700742
,50.558799637849575
,51.15561930587901
,50.558799637849575
,47.40062889452716
,40.736142601531824
,40.20149164892212
,40.20149164892212
,41.743275791331484
,42.190890542353564
,42.81257769655089
,46.25672453080408
,42.38983043169671
,42.43956540403249
,34.49440357339066
,36.59570615457763
,21.973624287856516
,0.4508150095450816
,-8.563648726316146
,-1.3769452237950617
,18.04456147332941
,38.33643018633015
,50.44689595009406
,59.63543208913053
,55.29605575283321
,54.724103570971664
,54.61219988321614
,53.8786090412633
,53.28178937323386
,53.43099429024123
,48.3207258827392
,34.245728711711735
,36.76977855775288
,46.15725458613251
,40.94751623395891
,48.768340633761284
,53.5304642349128
,60.77933645285362
,63.22878384039108
,51.67783651540476
,30.204762209429113
,26.549241742748833
,21.625479481506012
,29.023556616454194
,45.72207357819438
,67.4811239751008
,57.471960792523845
,61.7616021564854
,54.37595876462116
,54.37595876462116
,54.37595876462116
,54.363525021537214
,53.13258445622651
,75.99823798760416
,79.66619219736839
,67.00864173791084
,58.827238788674016
,56.116682796373674
,63.1541813818874
,67.09567793949846
,79.66619219736839
,68.31418476172522
,63.00497646488006
,77.19187732366304
,79.72836091278812
,72.11891014541285
,69.19698052068541
,68.93587191592255
,75.69982815358945
,69.69433024404329
,71.83293405448208
,106.6349809464484
,61.20208371770781
,57.73306939728671
,57.12381598617334
,59.87167320772553
,56.45239385964023
,67.02107548099477
,53.62993417958437
,48.6688706890897
,53.082849483890726
,52.36169238502182
,54.87330848797902
,57.024346041501765
,60.59283030659442
,61.10261377303624
,56.43996011655628
,52.85904210837968
,41.096721150966275
,6.655252808434398
,-7.258105702501766
,-7.7181541966077845
,6.120601855824702
,33.8354151899415
,56.1788515117934
,62.209216907507475
,78.16170928421087
,68.74936576966334
,68.363919734061
,65.82743614493592
,66.51129201455296
,58.70290135783455
,62.818470318620854
,63.46502495898606
,62.34598808143089
,62.221650650591414
,64.19861580093891
,53.61750043650042
,67.95360621229077
,74.50618881753059
,67.45625648893291
,51.08101684737534
,42.35252920244487
,32.094691158188986
,27.469338730960878
,28.563508122348182
,40.997251206294706
,49.949546226736196
,52.13788500951078
,62.56979545694192
,68.79910074199913
,67.95360621229077
,66.44912329913323
,69.4083541531125
,69.04777560367806
,82.31457947424899
,81.34474751370118
,77.4529859284259
,68.94830565900648
,59.66029957529844
,59.93384192314525
,75.27708088873527
,78.44768537514162
,81.2452775690296
,71.55939170663525
,60.81663768210546
,51.3669929383061
,39.107322257534825
,33.822981446857554
,29.409002652056543
,36.384332522150544
,52.56063227436496
,59.83437197847368
,71.5469579635513
,77.49028715767774
,73.08874210596069
,77.37838346992223
,69.7813664456309
,68.99804063134228
,76.13500916152758
,72.77789852886202
,64.68353178121284
,57.956876772797756
,57.4595270494399
,57.161117215425186
,57.06164727075361
,65.59119502634093
,66.11341223586669
,71.09934321252923
,62.88063903404058
,56.2037189979613
,49.2035216416994
,32.33093227678397
,26.58654297200068
,40.18905790583817
,50.99398064578771
,63.900205966924204
,73.92180289258509
,76.30908156470282
,87.54918531259048
,82.77462796835502
,73.95910412183693
,73.95910412183693
,92.18697148290255
,79.10667375859079
,73.95910412183693
,75.73712938284129
,75.74956312592525
,76.79399754497673
,97.80702335684637
,141.72300392934548
,144.90604215883582
,118.70814548096048
,85.17434038355671
,90.5457173958216
,75.63765943816972
,70.80093337851451
,72.03187394382522
,76.52045519712992
,89.27747560125906
,81.92913343864666
,136.23972322932508
,135.53099987354014
,143.9735114275398
,122.68694326782338
,112.57831014057484
,91.81395919038414
,71.73346410981051
,68.98560688825832
,66.93403927940716
,64.85760418438808
,66.9216055363232
,68.94830565900648
,77.37838346992223
,80.4992529839928
,81.14580762435803
,79.49211979419313
,75.83659932751286
,48.656436946005755
,21.923889315520732
,11.206002777158815
,18.06942895949731
,42.05411936843015
,69.6694627578754
,98.96336146365338
,109.68124800201531
,92.14967025365071
,119.64067621225647
,109.69368174509925
,105.88895636141162
,83.48335132413997
,92.74648992168012
,85.84576251008981
,74.35698390052323
,66.11341223586669
,60.617697792762314
,68.79910074199913
,90.06080141554769
,96.14090178359753
,87.95949883436072
,65.40468888008172
,58.193117891392745
,51.52863159839741
,42.86231266888668
,28.73758052552342
,9.353375057650794
,32.25632981828029
,46.28159201697198
,46.19455581538435
,71.47235550504763
,100.84085666932933
,102.24586963781528
,98.26707185095239
,96.67555273620724
,91.0555008622634
,78.08710682570718
,74.59322501911821
,71.69616288055867
,71.23611438645264
,70.32845114132456
,82.91139914227843
,102.20856840856342
,101.41280885119087
,102.37020706865475
,71.77076533906235
,49.06675046777599
,46.11995335688067
,-18.44847447805364
,-24.615611047691118
,-25.871419099169714
,1.358478254673173
,-8.588516212484052
,55.88044167777869
,94.08933417474637
,114.66717897867787
,124.45253478574377
,92.94542981102329
,97.5210472659156
,83.44605009488814
,68.96073940209043
,57.956876772797756
,51.19292053513085
,51.51619785531345
,47.773641187045556
,53.70453663808805
,74.07100780959246
,78.24874548579848
,57.94444302971381
,57.88227431429408
,46.15725458613251
,6.39414420367153
,-17.65271492068105
,-18.572811908893087
,-17.267268885078707
,25.094493801927094
,51.65296902923687
,51.66540277232082
,55.79340547619107
,94.57425015502028
,104.90669065777983
,100.64191677998618
,103.41464148770626
,100.18186828588016
,102.66861690266946
,100.67921800923801
,97.57078223825138
,95.99169686659016
,93.60441819447246
,93.50494824980086
,93.79092434073164
,82.22754327266138
,56.90000861066231
,1.9428641796186668
,-18.460908221137586
,-33.5679060681326
,-48.824108832134996
,-69.47655609457016
,-72.92070292882337
,-63.32185326801664
,-33.53060483888076
,-18.37387201954995
,53.8786090412633
,81.17067511052593
,77.47785341459381
,71.7583315959784
,66.46155704221718
,47.04005034509271
,3.2235397172651545
,-12.194301706828526
,-11.025529856937567
,-17.292136371246613
,-17.55324497600948
,-10.7146862798389
,-8.20307017688171
,-8.899359789582718
,-0.941764215856935
,-17.61541369142921
,-19.67941504336433
,-31.367133542274075
,-39.37446408833563
,-48.42622905344871
,-55.289655235787194
,-41.38873046793498
,-31.926651981051677
,-1.0288004174445575
,78.98233632775133
,103.45194271695809
,104.72018451152064
,102.55671321491394
,100.7289529815738
,95.09646736454602
,78.37308291663796
,75.14030971481185
,76.7566963157249
,75.14030971481185
,76.96806994815199
,88.43198107155068
,112.29233404964408
,143.8864752259522
,130.70670755696887
,98.09299944777715
,84.17964093684097
,78.31091420121821
,74.94136982546871
,73.63582680165433
,73.5736580862346
,75.12787597172792
,82.46378439125635
,111.91932175712567
,140.00714738376087
,117.0047226784598
,149.24541849513315
,141.87220884635286
,137.40849507921604
,119.37956760749358
,108.58707861062801
,103.46437646004203
,103.7503525509728
,99.92075968111729
,100.03266336887279
,109.97965783603001
,151.64513091033484
,170.81796274578036
,133.10641997217056
,105.41647412422165
,71.32315058804028
,41.23349232488968
,7.04069884403674
,-7.021864583906776
,-2.0234998641602715
,22.707215129809363
,65.71553245718039
,100.7040854954059
,118.3102657022742
,135.0460838932662
,138.6270019014428
,128.13292273859196
,117.7258797773287
,92.8459598663517
,92.09993528131491
,87.6362215141781
,86.01983491326506
,88.04653503594835
,88.86716207948882
,97.53348100899954
,118.29783195919025
,140.6537020241261
,114.41850411699892
,95.94196189425439
,81.30744628444934
,60.281986729495756
,22.309335351123075
,9.06739896672002
,7.799157172157479
,33.66134278676625
,71.50965673429947
,94.6612863566079
,116.96742144920796
,134.33736053748126
,139.0000141939612
,134.2378905928097
,122.04038862745814
,109.10929582015376
,99.93319342420122
,94.63641887044001
,92.00046533664334
,91.37877818244601
,93.70388813914403
,106.46090854327315
,128.0956215093401
,146.37322384274148
,137.45823005155182
,112.10582790338488
,98.49087922646342
,83.5703875257276
,53.754271610423835
,38.5105025895054
,39.45546706388533
,71.69616288055867
,85.58465390532695
,111.52144197843938
,134.54873416990836
,138.60213441527492
,163.6685604725111
,148.94700866111842
,133.91461327262707
,121.24462907008557
,112.31720153581196
,109.1217295632377
,105.2424017210464
,105.73975144440425
,106.26196865393001
,114.55527529092234
,121.82901499503105
,137.25929016220869
,137.53283251005553
,124.3530648410722
,108.30110251969724
,93.49251450671693
,86.04470239943295
,76.30908156470282
,76.83129877422859
,88.65578844706172
,98.30437308020424
,115.94785451632436
,125.33533054470398
,122.12742482904578
,122.98535310183809
,121.95335242587052
,112.81455125916982
,105.65271524281663
,106.00086004916713
,105.37917289496981
,104.30987098975041
,104.32230473283434
,102.95459299360023
,104.34717221900225
,102.78052059042498
,104.76991948385643
,97.83189084301426
,80.02677074680284
,50.409594720842215
,20.75511746562976
,-2.234873496587369
,-17.00616028031584
,-15.849822173508812
,-2.396512156678668
,19.611213101906678
,75.25221340256738
,113.7968169628016
,125.50940294787924
,129.7741768256729
,115.31373361904308
,109.08442833398587
,92.60971874775672
,86.18147357335639
,83.17250774704132
,81.68045857696774
,80.95930147809884
,78.11197431187507
,80.63602415791621
,78.99477007083529
,70.49008980141586
,51.764872716992386
,43.78240965709872
,3.5468170374477666
,-17.578112462177373
,-19.915656161959333
,-22.14129617398575
,-14.929725185296775
,33.213728035744175
,44.54086798521946
,78.12440805495902
,111.34736957526414
,141.02671431664447
,143.9983789137077
,128.26969391251535
,119.37956760749358
,112.1928641049725
,93.2189721588701
,89.28990934434302
,83.08547154545369
,82.26484450191322
,84.639689430947
,98.14273442011293
,128.13292273859196
,156.02180847588397
,137.64473619781103
,118.2853982161063
,96.36470915910857
,88.92933079490855
,80.3376143239015
,70.0176075642259
,73.3374169676396
,82.51351936359215
,98.14273442011293
,112.18043036188855
,151.2472511316485
,188.8717577036707
,194.72805069620952
,154.70383170898566
,124.58930595966717
,115.00289004194441
,118.89465162721967
,108.13946385960594
,105.565679041229
,102.15883343622765
,105.5905465273969
,119.20549520431834
,143.36425801642642
,172.57112052061683
,162.63655979654354
,134.49899919757257
,122.87344941408256
,105.0061606024514
,96.82475765321459
,93.95256300082295
,95.35757596930891
,112.09339416030093
,113.69734701813003
,134.22545684972573
,188.7101190435794
,276.75345382100477
,270.3998111051081
,181.4363793394707
,143.2150530994191
,123.93031757621802
,119.62824246917252
,116.24626435033906
,112.41667148048353
,107.56751167774439
,114.02062433831263
,126.49166865151099
,161.61699286365993
,203.90415309216206
,177.22134043401283
,133.45456477852105
,123.0723893034257
,115.18939618820362
,109.7309829743511
,104.633148309933
,105.2424017210464
,111.8695867847899
,118.39730190386182
,131.66410577443276
,187.40457601976505
,138.76377307536623
,130.32126152136652
,131.46516588508962
,127.187958264212
,108.94765716006245
,100.03266336887279
,95.75545574799519
,93.4054783051293
,92.24914019832228
,92.41077885841358
,98.13030067702898
,117.27826502630663
,130.669406327717
,121.81658125194711
,97.32210737657246
,88.20817369603965
,88.1957399529557
,89.30234308742695
,93.34330958970956
,92.41077885841358
,93.41791204821325
,96.89936011171827
,93.31844210354168
,106.26196865393001
,114.04549182448054
,110.15373023920526
,99.60991610401862
,99.286638783836
,95.74302200491125
,86.19390731644032
,85.53491893299115
,86.21877480260821
,83.53308629647576
,83.30927892096473
,88.46928230080252
,91.42851315478181
,104.04876238498753
,108.57464486754407
,97.03613128564169
,88.58118598855805
,82.71245925293529
,81.31988002753327
,81.35718125678511
,81.33231377061722
,83.47091758105603
,88.56875224547409
,94.89752747520288
,105.64028149973268
,107.80375279633937
,112.24259907730828
,111.67064689544675
,107.39343927456913
,98.7768553173942
,97.42157732124403
,94.1515028901661
,95.18350356613365
,97.02369754255774
,98.14273442011293
,98.10543319086108
,111.11112845666915
,111.54630946460728
,99.72181979177412
,83.29684517788077
,46.853544198833504
,12.300172168546126
,-13.064663722704793
,-21.034693039514508
,-20.325969683729568
,14.77448704225148
,71.04960824019345
,98.15516816319688
,119.9142185601033
,117.82534972200027
,118.21079575760261
,113.4238046702832
,102.65618315958552
,95.89222692191859
,94.06446668857846
,88.36981235613095
,84.96296675112961
,83.30927892096473
,82.78706171143897
,84.97540049421355
,88.18330620987177
,87.39998039558313
,80.17597566381019
,53.741837867339896
,6.170336828160487
,-7.792756655111475
,-14.556712892778378
,-14.656182837449947
,-15.11623133155598
,4.0317330177216775
,62.967675235628214
,102.10909846389185
,133.2556248891779
,143.0907156685796
,140.45476213478295
,126.00675267123708
,107.29396932989756
,95.91709440808651
,93.8033580838156
,91.98803159355938
,88.49414978697042
,88.92933079490855
,89.74995783844902
,99.07526515140891
,137.4209288223
,168.07010552422815
,171.27801123988638
,136.94844658511005
,124.26602863948457
,118.2356632437705
,105.77705267365609
,99.85859096569756
,100.87815789858116
,104.44664216367381
,105.39160663805374
,106.84635457887549
,99.4731449300952
,137.06035027286555
,128.17022396784378
,102.61888193033369
,93.7784905976477
,82.79949545452291
,55.8555741916108
,42.68824026571143
,46.09508587071277
,45.087952680913105
,54.52516368162851
,73.47418814156302
,99.90832593803333
,129.66227313791737
,113.39893718411531
,92.65945372009251
,83.1973752332092
,80.5738554424965
,-9.222637109765316
,-16.135798264439586
,-20.102162308218524
,76.93076871890015
,87.1761730200721
,86.36797971961556
,71.57182544971921
,88.54388475930621
,88.68065593322962
,78.02493811028745
,80.83496404725936
,71.96970522840549
,55.01007966190243
,41.1837573525539
,37.51580314278967
,36.18539263280739
,45.05065145166127
,84.70185814636673
,98.76442157431025
,113.29946723944374
,110.70081493489891
,102.87999053509655
,89.21530688583933
,87.07670307540053
,77.664359560853
,77.75139576244064
,81.07120516585434
,86.46744966428713
,94.27584032100555
,106.48577602944106
,125.37263177395582
,138.76377307536623
,131.96251560844746
,119.34226637824175
,114.80395015260127
,102.39507455482263
,93.39304456204536
,87.48701659717076
,85.02513546654934
,82.3394469604169
,85.42301524523562
,91.62745304412495
,116.69387910136115
,150.38932285885622
,149.04647860579
,112.88915371767351
,100.1943020289641
,88.33251112687911
,81.74262729238745
,79.30561364793395
,82.01616964023428
,87.77299268810151
,96.78745642396275
,124.04222126397353
,143.05341443932775
,150.63799772053517
,109.44500688342032
,109.13416330632165
,106.11276373692264
,96.72528770854302
,96.06629932509385
,92.27400768449016
,89.41424677518246
,88.99149951032828
,88.33251112687911
,92.21183896907044
,115.61214345305778
,138.68917061686255
,140.8153406842174
,111.90688801404173
,99.64721733327046
,84.4780507708557
,78.78339643840819
,69.81866767488273
,58.57856392699508
,64.72083301046467
,69.12237806218172
,74.642959991454
,95.97926312350623
,104.94399188703167
,98.57791542805106
,83.50821881030787
,77.03023866357172
,70.04247505039379
,60.44362538958706
,49.887377511316465
,43.28505993374086
,36.37189877906659
,37.0433209055997
,46.80380922649772
,64.02454339776367
,81.73019354930351
,81.2204100828617
,71.67129539439078
,33.84784893302545
,13.319739101429732
,-13.027362493452955
,-19.69184878644829
,-20.462740857652975
,-6.599117319052596
,14.737185812999641
,73.69799551707406
,97.81945709993033
,100.36837443213936
,101.48741130969454
,96.16576926976542
,95.90466066500255
,85.58465390532695
,71.78319908214628
,68.92343817283859
,66.74753313314795
,66.93403927940716
,66.2501834097901
,63.04227769413188
,67.87900375378707
,68.76179951274729
,58.914274990261646
,33.6489090436823
,-5.2562730659863774
,-16.160665750607464
,-21.171464213437915
,-22.8251520436028
,-26.120093960848635
,-21.75585013838341
,11.218436520242776
,69.12237806218172
,101.86042360221295
,106.1003299938387
,103.62601512013333
,103.71305132172097
,99.89589219494938
,93.26870713120589
,87.15130553390419
,87.07670307540053
,84.95053300804565
,86.74099201213396
,86.268509774944
,89.67535537994533
,108.36327123511697
,140.19365353002007
,138.68917061686255
,122.12742482904578
,109.64394677276346
,103.06649668135576
,101.30090516343535
,91.50311561328547
,92.90812858177145
,92.32374265682596
,93.7784905976477
,97.22263743190089
,124.47740227191167
,127.06362083337254
,118.57137430703708
,95.1710698230497
,93.79092434073164
,85.09973792505302
,91.60258555795706
,91.87612790580388
,90.45868119423398
,85.54735267607509
,84.93809926496172
,93.34330958970956
,111.34736957526414
,134.80984277467124
,125.77051155264209
,119.6531099553404
,99.60991610401862
,93.50494824980086
,84.78889434795437
,75.37655083340684
,66.47399078530113
,82.38918193275268
,86.8280282137216
,93.28114087428983
,109.94235660677819
,130.71914130005283
,122.87344941408256
,95.78032323416309
,92.79622489401592
,85.90793122550954
,88.90446330874066
,85.32354530056405
,85.99496742709718
,86.00740117018113
,87.77299268810151
,95.79275697724702
,122.26419600296919
,150.50122654661175
,139.8579424667535
,101.05223030175641
,82.45135064817242
,72.24324757625232
,43.247758704489016
,27.53150744638061
,21.700081940009696
,62.50762674152219
,81.7799285216393
,92.28644142757412
,118.63354302245679
,127.75991044607355
,114.8163838956852
,95.60625083098785
,88.86716207948882
,82.38918193275268
,78.44768537514162
,78.63419152140082
,77.60219084543327
,76.23447910619916
,77.2416122959988
,87.69839022959785
,108.94765716006245
,141.10131677514818
,124.56443847349928
,96.60095027770356
,71.14907818486503
,43.78240965709872
,-4.734055856460614
,-11.17473477394492
,-7.65598548118804
,44.938747763905745
,78.7336614660724
,92.99516478335906
,124.47740227191167
,143.4388604749301
,122.63720829548758
,102.73078561808919
,97.9189270446019
,80.7106266164199
,75.28951463181922
,73.32498322455567
,71.83293405448208
,75.82416558442891
,76.19717787694732
,87.32537793707944
,106.1003299938387
,124.92501702293374
,116.66901161519326
,92.67188746317646
,67.80440129528341
,33.47483664050705
,-6.798057208395733
,-16.54611178620982
,-8.600949955567984
,0.9605984759868846
,67.87900375378707
,90.74465728516473
,106.18736619542632
,125.32289680162003
,123.2588954496849
,99.73425353485808
,93.98986423007477
,84.66455691711488
,79.57915599578077
,78.16170928421087
,77.25404603908277
,77.03023866357172
,76.39611776629046
,79.84026460054363
,90.0359339293798
,98.82659028972998
,91.14253706385104
,66.15071346511851
,28.57594186543212
,-4.199404903850919
,-16.769919161720864
,-23.9939238934938
,-19.642113814112506
,-13.686350876902111
,34.544138545726454
,93.02003226952696
,104.4715096498417
,116.43277049659827
,112.01879170179724
,97.78215587067848
,89.63805415069349
,82.21510952957742
,91.27930823777444
,87.53675156950654
,82.76219422527109
,85.08730418196907
,84.3164121107644
,87.44971536791891
,89.74995783844902
,93.51738199288482
,84.62725568786306
,63.78830227916868
,9.328507571482902
,-12.467844054675354
,-21.171464213437915
,-25.16269574338476
,-23.596044114807498
,-11.348807177120179
,63.04227769413188
,105.34187166571797
,115.88568580090461
,115.86081831473672
,113.4984071287869
,112.0063579587133
,105.19266674871061
,96.7998901670467
,90.83169348675237
,87.44971536791891
,87.46214911100286
,87.21347424932394
,87.44971536791891
,98.3789755387079
,128.26969391251535
,123.74381142995881
,116.94255396304007
,112.85185248842166
,101.72365242828954
,92.74648992168012
,87.46214911100286
,85.19920786972459
,86.28094351802795
,90.7322235420808
,105.5905465273969
,123.54487154061567
,127.00145211795282
,124.402799813408
,114.69204646484576
,117.7258797773287
,104.37203970517014
,91.73935673188048
,90.43381370806607
,87.20104050623999
,85.09973792505302
,86.87776318605736
,85.43544898831958
,90.44624745115003
,119.16819397506649
,130.74400878622072
,120.15045967869827
,117.39016871406216
,98.51574671263131
,88.73039090556541
,78.9201676123316
,77.27891352525066
,74.74242993612557
,78.75852895224028
,90.43381370806607
,105.39160663805374
,118.3102657022742
,115.81108334240093
,109.05956084781798
,92.28644142757412
,81.70532606313562
,69.81866767488273
,60.40632416033523
,61.09018002995228
,61.25181869004358
,62.90550652020847
,61.63726472564593
,69.28401672227305
,97.22263743190089
,114.92828758344072
,106.22466742467816
,90.3592112495624
,67.39408777351316
,67.431389002765
,66.42425581296536
,64.0618446270155
,66.3620870975456
,73.79746546174563
,94.67372009969185
,116.05975820407986
,112.05609293104908
,110.86245359499023
,110.43970633013603
,108.58707861062801
,92.38591137224569
,84.2169421660928
,74.22021272659981
,64.4348569195339
,59.10078113652084
,55.59446558684792
,52.063282551007106
,60.00844438164894
,77.11727486515936
,87.20104050623999
,92.23670645523832
,84.06773724908547
,88.36981235613095
,92.16210399673464
,87.3129441939955
,87.44971536791891
,87.3378116801634
,87.30051045091156
,84.72672563253464
,86.62908832437846
,98.3789755387079
,104.45907590675776
,92.27400768449016
,76.15987664769547
,65.75283368643223
,40.02741924574687
,-0.431980749415132
,-1.3396439945432235
,-6.549382346716811
,-8.09116648912618
,3.1986722310972624
,23.01805870690803
,68.06550990004628
,68.53799213723624
,59.58569711679475
,47.12708654668034
,44.97604899315759
,34.07165630853649
,14.302004805061515
,12.623449488728724
,46.082652127628826
,62.13461444900379
,47.18925526210007
,70.44035482908006
,60.60526404967837
,74.33211641435534
,63.01741020796399
,55.930176650114475
,54.26405507686564
,38.684574992680645
,4.1809379347290445
,-3.1674042278833525
,-4.249139876186703
,-3.254440429470975
,-0.04653471381277541
,3.6835882113711733
,23.229432339335112
,53.13258445622651
,49.92467874056831
,33.723511502185985
,6.841758954693603
,43.76997591401477
,1.6071531163521087
,-16.981292794147947
,-16.794786647888742
,-15.675749770333553
,0.6497548988882329
,64.82030295513624
,97.38427609199218
,105.82678764599189
,107.86592151175911
,90.99333214684367
,87.8475951466052
,77.63949207468511
,71.60912667897104
,65.2927851923262
,58.777503816338225
,55.693935531519486
,60.742035223601775
,66.16314720820246
,72.61625986877071
,88.55631850239016
,72.11891014541285
,26.58654297200068
,-10.05569789638973
,-18.498209450389425
,-18.48577570730548
,-21.109295498018184
,-18.398739505717856
,-16.48394307079009
,50.409594720842215
,93.49251450671693
,111.07382722741733
,115.42563730679859
,112.71508131449825
,85.72142507925035
,73.3622844538075
,64.7830017258844
,33.86028267610939
,14.712318326831749
,9.278772599147118
,10.708653053800973
,18.019693987161524
,66.52372575763692
,86.92749815839316
,93.46764702054904
,88.89202956565671
,71.62156042205498
,67.2946178288416
,66.48642452838507
,56.63890000589943
,55.90530916394658
,56.00477910861815
,41.071853664798375
,69.56999281320381
,71.65886165130684
,99.6845185625223
,99.52287990243099
,94.93482870445472
,71.65886165130684
,72.19351260391653
,67.89143749687103
,58.56613018391114
,49.949546226736196
,49.775473823560944
,46.206989558468294
,43.74510842784688
,67.00864173791084
,94.56181641193633
,112.57831014057484
,113.11296109318454
,98.11786693394504
,93.45521327746509
,93.49251450671693
,97.1729024595651
,96.68798647929117
,94.64885261352394
,93.49251450671693
,98.40384302487581
,116.6317103859414
,148.01447792982242
,152.29168555070004
,119.69041118459225
,101.62418248361794
,96.40201038836042
,79.6413247112005
,80.59872292866437
,71.18637941411687
,71.22368064336871
,70.65172846150716
,70.65172846150716
,85.39814775906774
,108.22650006119355
,142.61823343138963
,151.89380577201376
,119.46660380908122
,102.99189422285207
,94.51208143960054
,85.28624407131221
,82.20267578649349
,81.85453098014298
,87.20104050623999
,98.55304794188316
,116.07219194716382
,145.05524707584317
,160.33631732601344
,130.27152654903074
,102.3577733255708
,98.73955408814236
,85.67169010691455
,79.66619219736839
,73.74773048940985
,71.21124690028475
,70.71389717692689
,70.58955974608743
,76.79399754497673
,96.02899809584201
,104.48394339292565
,107.10746318363837
,98.18003564936477
,76.48315396787808
,69.27158297918909
,65.35495390774595
,53.92834401359909
,55.03494714807033
,69.74406521637906
,82.17780830032558
,103.47681020312599
,121.5181714179324
,141.93437756177258
,120.6105081728043
,105.10563054712298
,98.59034917113499
,90.29704253414266
,80.07650571913862
,76.7815638018928
,73.26281450913594
,76.8064312880607
,78.26117922888244
,82.58812182209583
,101.87285734529688
,122.36366594764075
,143.26478807175488
,116.51980669818589
,100.79112169699354
,92.08750153823098
,87.07670307540053
,83.53308629647576
,80.61115667174833
,86.03226865634902
,97.37184234890825
,112.56587639749091
,142.99124572390804
,155.77313361420508
,137.81880860098627
,111.80741806937016
,106.12519748000659
,96.36470915910857
,103.89955746798017
,94.00229797315873
,89.94889772779216
,86.57935335204266
,86.2436422887761
,86.9896668738129
,96.41444413144436
,109.42013939725243
,111.49657449227149
,102.00962851922029
,77.1545760944112
,61.59996349639408
,45.63503737660675
,27.556374932548508
,31.460570260907716
,55.20901955124558
,79.52942102344498
,105.34187166571797
,120.38670079729326
,153.00040890648498
,120.41156828346115
,102.39507455482263
,97.04856502872563
,80.5489879563286
,70.97500578168977
,62.84333780478874
,59.7846370061379
,61.15234874537201
,56.82540615215862
,61.63726472564593
,68.17741358780181
,68.30175101864127
,63.912639710008136
,50.434462207010114
,10.472411935205983
,-1.924029919488703
,-14.631315351282055
,-20.77358443475164
,-23.45927294088409
,-16.235268209111155
,42.01681813917831
,77.97520313795167
,113.37406969794742
,108.82331972922299
,98.71468660197448
,79.39264984952156
,74.04614032342457
,65.77770117260012
,39.24409343145824
,32.14442613052477
,26.636277944336463
,28.650544323935797
,36.40920000831843
,51.914077633999746
,86.21877480260821
,112.03122544488119
,114.54284154783838
,96.00413060967412
,74.2948151851035
,66.87187056398743
,55.68150178843554
,44.665205416058924
,58.60343141316298
,69.9678725918901
,98.70225285889052
,126.40463244992338
,171.19097503829877
,194.05662856967643
,136.52569932025585
,103.55141266162967
,95.91709440808651
,78.29848045813428
,68.98560688825832
,63.21635009730713
,57.06164727075361
,52.398993614273664
,49.32785907253887
,62.38328931068273
,87.79786017426942
,112.75238254375009
,116.47007172585012
,94.63641887044001
,76.13500916152758
,71.99457271457338
,75.99823798760416
,79.57915599578077
,81.09607265202224
,89.10340319808381
,108.4005724643688
,120.51103822813273
,160.58499218769236
,175.8287612086108
,121.26949655625347
,95.99169686659016
,82.26484450191322
,67.6427626351921
,56.48969508889206
,51.23022176438269
,44.61547044372314
,44.52843424213551
,46.206989558468294
,57.18598470159307
,94.25097283483767
,116.93012021995612
,117.36530122789426
,91.56528432870522
,65.75283368643223
,60.10791432632051
,52.79687339295995
,52.73470467754022
,55.084682120406114
,68.363919734061
,87.48701659717076
,111.55874320769124
,127.26256072271568
,129.76174308258894
,105.3543054088019
,89.35207805976273
,78.0622393395393
,61.50049355172251
,38.14992404007094
,30.018256063169915
,18.653814884442802
,12.548847030225055
,12.859690607323714
,31.423269031655877
,55.78097173310711
,76.24691284928309
,86.15660608718846
,62.34598808143089
,52.51089730202918
,53.25692188706597
,32.25632981828029
,12.51154580097321
,11.044364117067516
,22.06066048944414
,40.61180517069236
,65.82743614493592
,86.11930485793663
,112.62804511291063
,98.30437308020424
,86.15660608718846
,75.32681586107105
,66.12584597895062
,63.75100104991684
,56.14155028254157
,54.71166982788771
,56.24102022721314
,57.06164727075361
,64.9446403859757
,91.06793460534735
,123.40810036669227
,139.7957737513338
,104.62071456684907
,75.76199686900918
,62.02271076124827
,49.78790756664489
,43.34722864916059
,44.44139804054788
,50.50906466551379
,66.971340508659
,97.18533620264904
,111.22303214442466
,164.91193478090577
,134.9341802055107
,108.00269268568252
,96.15333552668149
,87.69839022959785
,87.1761730200721
,72.14377763158075
,68.32661850480915
,63.427723729734225
,63.12931389571951
,63.21635009730713
,68.35148599097705
,72.59139238260282
,73.46175439847907
,56.12911653945761
,41.5319021589044
,24.820951454080266
,12.312605911630065
,8.371109354019026
,9.490146231574201
,32.62934211079869
,62.30868685217905
,87.74812520193363
,92.5226825461691
,96.21550424210122
,68.76179951274729
,51.827041432412116
,36.471368723738166
,22.073094232528085
,-17.988425983947607
,-18.43604073496968
,-18.44847447805364
,-18.523076936557317
,-18.510643193473356
,-18.460908221137586
,-18.44847447805364
,-12.206735449912486
,-13.462543501391067
,-17.913823525443945
,-21.619078964459987
,-32.99595388627107
,-40.44376599355503
,-45.193455851622616
,-45.76540803348415
,-29.427469621178417
,-18.585245651977047
,10.447544449038077
,54.43812748004089
,69.06020934676201
,57.69576816803489
,48.656436946005755
,48.644003202921816
,39.26896091762614
,22.495841497382273
,17.758585382398643
,20.891888639553173
,22.458540268130427
,37.52823688587362
,53.5304642349128
,93.33087584662563
,122.87344941408256
,120.52347197121667
,113.62274455962634
,95.49434714323232
,89.68778912302929
,77.62705833160116
,73.02657339054095
,75.89876804293259
,90.40894622189819
,100.0575308550407
,100.06996459812463
,116.04732446099592
,121.80414750886317
,116.04732446099592
,107.79131905325544
,106.29926988318185
,94.76075630127947
,95.84249194958282
,85.8954974824256
,82.15294081415769
,86.06956988560086
,84.92566552187778
,94.92239496137077
,98.4287105110437
,177.0224005446697
,185.7384544465162
,127.68530798756987
,101.88529108838082
,88.84229459332091
,78.04980559645534
,75.91120178601655
,76.96806994815199
,85.36084652981589
,93.41791204821325
,103.73791880788886
,107.1696318990581
,107.81618653942331
,96.6382515069554
,80.11380694839046
,60.18251678482419
,50.89451070111613
,22.582877698969895
,12.51154580097321
,7.550482310478543
,2.278575242885225
,-1.8742949471529187
,11.976894848363507
,41.32052852647731
,65.45442385241752
,61.0155775714486
,42.11628808384989
,13.381907816849463
,2.7510574800751897
,-8.67555241407166
,-14.482110434274702
,-12.467844054675354
,3.981998045385893
,38.72187622193248
,67.1329791687503
,77.63949207468511
,87.46214911100286
,65.33008642157805
,46.19455581538435
,38.01315286614753
,22.607745185137787
,-2.732223219945226
,-12.430542825423515
,-11.373674663288071
,-14.171266857176036
,-10.16760158414526
,10.174002101191263
,57.58386448027936
,79.28074616176605
,81.02147019351857
,66.26261715287403
,56.00477910861815
,47.69903872854187
,41.40756472806493
,42.15358931310173
,54.9230434603148
,57.596298223363306
,83.79419490123864
,87.87246263277311
,93.66658690989217
,107.79131905325544
,91.25444075160655
,87.1264380477363
,84.60238820169516
,76.90590123273226
,79.23101118943026
,74.82946613771318
,77.2416122959988
,74.39428512977507
,74.70512870687374
,81.30744628444934
,93.31844210354168
,98.26707185095239
,105.16779926254272
,99.02553017907314
,90.86899471600421
,83.39631512255235
,76.8064312880607
,74.56835753295032
,74.51862256061453
,83.48335132413997
,91.0803683484313
,93.67902065297612
,101.54958002511428
,131.7014070036846
,108.4503074367046
,92.09993528131491
,84.71429188945068
,75.33924960415499
,80.00190326063493
,74.63052624837005
,72.72816355652623
,71.93240399915365
,71.27341561570448
,72.11891014541285
,77.04267240665567
,90.06080141554769
,92.16210399673464
,89.70022286611324
,79.86513208671153
,72.28054880550415
,62.09731321975195
,54.71166982788771
,62.23408439367537
,68.10281112929812
,88.44441481463464
,94.7110213289437
,95.96682938042228
,95.1710698230497
,93.6417194237243
,82.53838684976003
,75.51332200733025
,61.82377087190513
,56.651333748983376
,43.78240965709872
,34.183559996292004
,32.0200886996853
,32.0200886996853
,34.70577720581776
,44.19272317886895
,58.44179275307167
,59.93384192314525
,27.121193924610374
,3.733323183706972
,-14.320471774183389
,-17.6900161499329
,-22.05425997239813
,-22.6635133835115
,-18.54794442272521
,-0.618486895674323
,61.69943344106566
,74.13317652501217
,64.83273669822019
,52.237354954182365
,41.19619109563784
,2.2661414998012788
,-10.863891196846254
,-19.13233034767069
,-17.88895603927604
,-18.48577570730548
,-18.597679395060993
,-17.03102776648373
,15.408607939532757
,71.84536779756604
,98.20490313553265
,108.42543995053668
,97.85675832918216
,88.38224609921491
,87.83516140352127
,77.30378101141856
,77.51515464384563
,79.50455353727709
,95.65598580332362
,111.50900823535544
,109.50717559884005
,115.61214345305778
,148.1885503329977
,118.38486816077787
,107.41830676073704
,100.41810940447513
,95.90466066500255
,89.6629216368614
,84.75159311870252
,82.12807332798981
,80.26301186539783
,80.16354192072626
,85.29867781439617
,113.56057584420662
,162.58682482420775
,160.46065475685288
,114.25686545690763
,97.1729024595651
,83.7320261858189
,74.79216490846134
,69.09751057601385
,68.53799213723624
,78.08710682570718
,96.5885165346196
,121.33166527167319
,150.73746766520674
,177.1094367462573
,131.34082845425013
,108.41300620745275
,97.71998715525874
,89.77482532461691
,88.28277615454334
,84.68942440328279
,82.86166416994266
,83.7320261858189
,85.78359379467008
,93.8903942854032
,116.78091530294878
,187.42944350593294
,194.21826722976772
,131.5149008574254
,109.34553693874875
,94.93482870445472
,84.45318328468781
,84.58995445861122
,83.3590138933005
,97.24750491806877
,116.80578278911666
,170.78066151652854
,209.88478351554033
,215.46753416023233
,143.45129421801408
,110.5391762748076
,105.10563054712298
,93.4303457912972
,95.58138334481994
,86.0571361425169
,83.80662864432257
,82.74976048218713
,81.85453098014298
,91.32904321011023
,112.44153896665142
,188.53604664040415
,191.65691615447474
,119.40443509366149
,103.38977400153836
,87.32537793707944
,81.79236226472325
,78.23631174271455
,79.24344493251421
,93.66658690989217
,109.20876576482533
,144.73196975566057
,172.63328923603655
,141.0018468304766
,110.38997135780026
,99.44827744392731
,93.51738199288482
,84.35371334001623
,86.57935335204266
,81.92913343864666
,79.67862594045233
,83.47091758105603
,85.93279871167745
,93.5422494790527
,115.20182993128756
,153.06257762190472
,167.89603312105294
,124.85041456443005
,105.95112507683135
,90.8938622021721
,84.1050384783373
,79.01963755700318
,82.61298930826372
,95.68085328949151
,121.61764136260398
,131.55220208667726
,132.17388924087456
,134.68550534383175
,129.8363455410926
,119.93908604627117
,117.1414938523832
,103.73791880788886
,111.44683951993571
,104.633148309933
,102.13396595005977
,100.82842292624537
,102.87999053509655
,108.32597000586512
,118.19836201451868
,131.0921535925712
,136.3764944032485
,122.0279548843742
,99.54774738859889
,88.39467984229884
,79.66619219736839
,77.3659497268383
,79.6413247112005
,87.86002888968915
,106.49820977252499
,135.15798758102173
,154.97737405683247
,131.20405728032674
,111.58361069385913
,94.89752747520288
,91.4036456686139
,83.5703875257276
,89.72509035228113
,79.66619219736839
,69.35861918077673
2035-10-27 02:00:00+01:00,68.8985706866707
2035-10-27 03:00:00+01:00,67.24488285650581
2035-10-27 04:00:00+01:00,67.07081045333057
2035-10-27 05:00:00+01:00,79.62889096811655
2035-10-27 06:00:00+01:00,83.63255624114733
2035-10-27 07:00:00+01:00,91.85126041963598
2035-10-27 08:00:00+01:00,79.87756582979549
2035-10-27 09:00:00+01:00,69.99274007805799
2035-10-27 10:00:00+01:00,43.073686301313764
2035-10-27 11:00:00+01:00,20.108562825264535
2035-10-27 12:00:00+01:00,14.351739777397292
2035-10-27 13:00:00+01:00,14.11549865880231
2035-10-27 14:00:00+01:00,34.780379664321444
2035-10-27 15:00:00+01:00,94.63641887044001
2035-10-27 16:00:00+01:00,122.61234080931969
2035-10-27 17:00:00+01:00,141.1386180044
2035-10-27 18:00:00+01:00,153.00040890648498
2035-10-27 19:00:00+01:00,143.71240282277694
2035-10-27 20:00:00+01:00,127.9339828492488
2035-10-27 21:00:00+01:00,120.78458057597956
2035-10-27 22:00:00+01:00,115.96028825940829
2035-10-27 23:00:00+01:00,104.11093110040724
2035-10-28 00:00:00+01:00,99.57261487476678
2035-10-28 01:00:00+01:00,94.93482870445472
2035-10-28 02:00:00+01:00,91.41607941169786
2035-10-28 03:00:00+01:00,87.2880767078276
2035-10-28 04:00:00+01:00,90.76952477133264
2035-10-28 05:00:00+01:00,103.47681020312599
2035-10-28 06:00:00+01:00,129.63740565174948
2035-10-28 07:00:00+01:00,151.33428733323618
2035-10-28 08:00:00+01:00,148.44965893776055
2035-10-28 09:00:00+01:00,125.39749926012371
2035-10-28 10:00:00+01:00,113.80925070588555
2035-10-28 11:00:00+01:00,105.67758272898452
2035-10-28 12:00:00+01:00,108.36327123511697
2035-10-28 13:00:00+01:00,109.7309829743511
2035-10-28 14:00:00+01:00,120.78458057597956
2035-10-28 15:00:00+01:00,130.68184007080097
2035-10-28 16:00:00+01:00,162.15164381626965
2035-10-28 17:00:00+01:00,201.19359709986173
2035-10-28 18:00:00+01:00,204.78694885112225
2035-10-28 19:00:00+01:00,176.69912322448704
2035-10-28 20:00:00+01:00,136.83654289735452
2035-10-28 21:00:00+01:00,126.42949993609128
2035-10-28 22:00:00+01:00,120.07585722019459
2035-10-28 23:00:00+01:00,108.03999391493437
2035-10-29 00:00:00+01:00,111.608478180027
2035-10-29 01:00:00+01:00,108.36327123511697
2035-10-29 02:00:00+01:00,107.09502944055443
2035-10-29 03:00:00+01:00,106.28683614009789
2035-10-29 04:00:00+01:00,108.68654855529958
2035-10-29 05:00:00+01:00,121.1202916392461
2035-10-29 06:00:00+01:00,134.2130231066418
2035-10-29 07:00:00+01:00,170.94230017661982
2035-10-29 08:00:00+01:00,171.2904449829703
2035-10-29 09:00:00+01:00,145.65206674387258
2035-10-29 10:00:00+01:00,134.78497528850335
2035-10-29 11:00:00+01:00,127.63557301523409
2035-10-29 12:00:00+01:00,120.67267688822403
2035-10-29 13:00:00+01:00,122.28906348913708
2035-10-29 14:00:00+01:00,133.46699852160498
2035-10-29 15:00:00+01:00,155.64879618336562
2035-10-29 16:00:00+01:00,194.33017091752322
2035-10-29 17:00:00+01:00,230.2388209439608
2035-10-29 18:00:00+01:00,186.67098517781218
2035-10-29 19:00:00+01:00,175.5800863469319
2035-10-29 20:00:00+01:00,144.0481138860435
2035-10-29 21:00:00+01:00,128.43133257260666
2035-10-29 22:00:00+01:00,123.15942550501333
2035-10-29 23:00:00+01:00,109.80558543285477
2035-10-30 00:00:00+01:00,115.79864959931699
2035-10-30 01:00:00+01:00,109.64394677276346
2035-10-30 02:00:00+01:00,107.31883681606547
2035-10-30 03:00:00+01:00,107.07016195438653
2035-10-30 04:00:00+01:00,108.41300620745275
2035-10-30 05:00:00+01:00,121.1948940977498
2035-10-30 06:00:00+01:00,136.9111453558582
2035-10-30 07:00:00+01:00,176.9975330585018
2035-10-30 08:00:00+01:00,175.89092992403056
2035-10-30 09:00:00+01:00,145.40339188219366
2035-10-30 10:00:00+01:00,128.80434486512505
2035-10-30 11:00:00+01:00,122.62477455240364
2035-10-30 12:00:00+01:00,112.55344265440695
2035-10-30 13:00:00+01:00,116.99228893537585
2035-10-30 14:00:00+01:00,135.29475875494515
2035-10-30 15:00:00+01:00,161.55482414824021
2035-10-30 16:00:00+01:00,189.96592709505802
2035-10-30 17:00:00+01:00,186.708286407064
2035-10-30 18:00:00+01:00,188.44901043881654
2035-10-30 19:00:00+01:00,183.61228437916134
2035-10-30 20:00:00+01:00,148.4869601670124
2035-10-30 21:00:00+01:00,134.9341802055107
2035-10-30 22:00:00+01:00,124.1914261809809
2035-10-30 23:00:00+01:00,113.7470819904658
2035-10-31 00:00:00+01:00,108.81088598613904
2035-10-31 01:00:00+01:00,105.37917289496981
2035-10-31 02:00:00+01:00,101.1268327602601
2035-10-31 03:00:00+01:00,98.78928906047814
2035-10-31 04:00:00+01:00,101.10196527409221
2035-10-31 05:00:00+01:00,105.97599256299924
2035-10-31 06:00:00+01:00,124.50226975807956
2035-10-31 07:00:00+01:00,137.61986871164314
2035-10-31 08:00:00+01:00,135.30719249802908
2035-10-31 09:00:00+01:00,121.65494259185579
2035-10-31 10:00:00+01:00,107.46804173307282
2035-10-31 11:00:00+01:00,103.06649668135576
2035-10-31 12:00:00+01:00,95.29540725388918
2035-10-31 13:00:00+01:00,96.02899809584201
2035-10-31 14:00:00+01:00,102.18370092239554
2035-10-31 15:00:00+01:00,112.45397270973538
2035-10-31 16:00:00+01:00,123.01022058800598
2035-10-31 17:00:00+01:00,138.2788570950923
2035-10-31 18:00:00+01:00,141.06401554589632
2035-10-31 19:00:00+01:00,125.2109931138645
2035-10-31 20:00:00+01:00,111.3598033183481
2035-10-31 21:00:00+01:00,103.43950897387415
2035-10-31 22:00:00+01:00,102.13396595005977
2035-10-31 23:00:00+01:00,89.58831917835772
2035-11-01 00:00:00+01:00,92.23670645523832
2035-11-01 01:00:00+01:00,81.69289232005167
2035-11-01 02:00:00+01:00,79.6164572250326
2035-11-01 03:00:00+01:00,75.73712938284129
2035-11-01 04:00:00+01:00,74.76729742229347
2035-11-01 05:00:00+01:00,81.71775980621958
2035-11-01 06:00:00+01:00,94.41261149492897
2035-11-01 07:00:00+01:00,95.27053976772127
2035-11-01 08:00:00+01:00,88.66822219014568
2035-11-01 09:00:00+01:00,68.61259459573992
2035-11-01 10:00:00+01:00,30.689678189703024
2035-11-01 11:00:00+01:00,24.883120169500003
2035-11-01 12:00:00+01:00,18.57921242593912
2035-11-01 13:00:00+01:00,17.783452868566542
2035-11-01 14:00:00+01:00,40.499901482936835
2035-11-01 15:00:00+01:00,79.74079465587207
2035-11-01 16:00:00+01:00,102.18370092239554
2035-11-01 17:00:00+01:00,118.73301296712836
2035-11-01 18:00:00+01:00,124.20385992406486
2035-11-01 19:00:00+01:00,119.87691733085146
2035-11-01 20:00:00+01:00,116.30843306575879
2035-11-01 21:00:00+01:00,104.23526853124673
2035-11-01 22:00:00+01:00,102.18370092239554
2035-11-01 23:00:00+01:00,95.85492569266675
2035-11-02 00:00:00+01:00,97.3096736334885
2035-11-02 01:00:00+01:00,92.22427271215439
2035-11-02 02:00:00+01:00,92.09993528131491
2035-11-02 03:00:00+01:00,89.74995783844902
2035-11-02 04:00:00+01:00,92.06263405206307
2035-11-02 05:00:00+01:00,92.14967025365071
2035-11-02 06:00:00+01:00,102.00962851922029
2035-11-02 07:00:00+01:00,105.60298027048084
2035-11-02 08:00:00+01:00,105.51594406889322
2035-11-02 09:00:00+01:00,100.46784437681093
2035-11-02 10:00:00+01:00,92.1248027674828
2035-11-02 11:00:00+01:00,91.06793460534735
2035-11-02 12:00:00+01:00,86.23120854569216
2035-11-02 13:00:00+01:00,89.74995783844902
2035-11-02 14:00:00+01:00,101.2884714203514
2035-11-02 15:00:00+01:00,121.1948940977498
2035-11-02 16:00:00+01:00,140.91481062888897
2035-11-02 17:00:00+01:00,159.32918413621377
2035-11-02 18:00:00+01:00,161.65429409291175
2035-11-02 19:00:00+01:00,147.3306220602054
2035-11-02 20:00:00+01:00,123.8432813746304
2035-11-02 21:00:00+01:00,116.80578278911666
2035-11-02 22:00:00+01:00,114.65474523559391
2035-11-02 23:00:00+01:00,106.68471591878419
2035-11-03 00:00:00+01:00,105.50351032580926
2035-11-03 01:00:00+01:00,104.53367836526144
2035-11-03 02:00:00+01:00,104.5461121083454
2035-11-03 03:00:00+01:00,102.17126717931161
2035-11-03 04:00:00+01:00,100.9403266140009
2035-11-03 05:00:00+01:00,102.12153220697581
2035-11-03 06:00:00+01:00,103.14109913985942
2035-11-03 07:00:00+01:00,104.23526853124673
2035-11-03 08:00:00+01:00,94.90996121828684
2035-11-03 09:00:00+01:00,80.23814437922994
2035-11-03 10:00:00+01:00,53.120150713142564
2035-11-03 11:00:00+01:00,38.5105025895054
2035-11-03 12:00:00+01:00,38.137490296986996
2035-11-03 13:00:00+01:00,37.46606817045389
2035-11-03 14:00:00+01:00,72.52922366718309
2035-11-03 15:00:00+01:00,104.50881087909355
2035-11-03 16:00:00+01:00,125.01205322452137
2035-11-03 17:00:00+01:00,143.55076416268562
2035-11-03 18:00:00+01:00,149.17081603662945
2035-11-03 19:00:00+01:00,136.98574781436187
2035-11-03 20:00:00+01:00,125.47210171862739
2035-11-03 21:00:00+01:00,119.52877252450095
2035-11-03 22:00:00+01:00,114.10766053990027
2035-11-03 23:00:00+01:00,107.18206564214205
2035-11-04 00:00:00+01:00,102.49454449949421
2035-11-04 01:00:00+01:00,101.59931499745005
2035-11-04 02:00:00+01:00,101.08953153100825
2035-11-04 03:00:00+01:00,101.74851991445742
2035-11-04 04:00:00+01:00,104.4963771360096
2035-11-04 05:00:00+01:00,108.74871727071931
2035-11-04 06:00:00+01:00,132.17388924087456
2035-11-04 07:00:00+01:00,156.27048333756295
2035-11-04 08:00:00+01:00,152.540360412379
2035-11-04 09:00:00+01:00,129.76174308258894
2035-11-04 10:00:00+01:00,120.02612224785881
2035-11-04 11:00:00+01:00,110.86245359499023
2035-11-04 12:00:00+01:00,107.890788997927
2035-11-04 13:00:00+01:00,112.1928641049725
2035-11-04 14:00:00+01:00,124.11682372247722
2035-11-04 15:00:00+01:00,153.8832046654452
2035-11-04 16:00:00+01:00,180.3670774342513
2035-11-04 17:00:00+01:00,180.82712592835733
2035-11-04 18:00:00+01:00,199.03012580325503
2035-11-04 19:00:00+01:00,191.85585604381788
2035-11-04 20:00:00+01:00,150.36445537268833
2035-11-04 21:00:00+01:00,125.47210171862739
2035-11-04 22:00:00+01:00,119.16819397506649
2035-11-04 23:00:00+01:00,110.61377873331128
2035-11-05 00:00:00+01:00,109.90505537752634
2035-11-05 01:00:00+01:00,108.74871727071931
2035-11-05 02:00:00+01:00,108.42543995053668
2035-11-05 03:00:00+01:00,107.20693312830994
2035-11-05 04:00:00+01:00,107.50534296232466
2035-11-05 05:00:00+01:00,110.88732108115812
2035-11-05 06:00:00+01:00,138.4404957551836
2035-11-05 07:00:00+01:00,170.54442039793355
2035-11-05 08:00:00+01:00,160.10007620741845
2035-11-05 09:00:00+01:00,131.97494935153142
2035-11-05 10:00:00+01:00,115.00289004194441
2035-11-05 11:00:00+01:00,108.72384978455142
2035-11-05 12:00:00+01:00,106.23710116776212
2035-11-05 13:00:00+01:00,107.66698162241596
2035-11-05 14:00:00+01:00,119.42930257982937
2035-11-05 15:00:00+01:00,161.71646280833153
2035-11-05 16:00:00+01:00,222.97751498293601
2035-11-05 17:00:00+01:00,216.30059494685676
2035-11-05 18:00:00+01:00,225.77510717682398
2035-11-05 19:00:00+01:00,220.87621240174906
2035-11-05 20:00:00+01:00,184.94269488914364
2035-11-05 21:00:00+01:00,145.71423545929233
2035-11-05 22:00:00+01:00,126.727909770106
2035-11-05 23:00:00+01:00,119.41686883674542
2035-11-06 00:00:00+01:00,120.08829096327855
2035-11-06 01:00:00+01:00,115.84838457165279
2035-11-06 02:00:00+01:00,114.55527529092234
2035-11-06 03:00:00+01:00,114.62987774942602
2035-11-06 04:00:00+01:00,115.94785451632436
2035-11-06 05:00:00+01:00,129.43846576240634
2035-11-06 06:00:00+01:00,157.83713496614018
2035-11-06 07:00:00+01:00,173.42904879340912
2035-11-06 08:00:00+01:00,191.55744620980317
2035-11-06 09:00:00+01:00,170.48225168251378
2035-11-06 10:00:00+01:00,151.0731787284733
2035-11-06 11:00:00+01:00,143.22748684250303
2035-11-06 12:00:00+01:00,135.08338512251805
2035-11-06 13:00:00+01:00,141.8846425894368
2035-11-06 14:00:00+01:00,157.55115887520944
2035-11-06 15:00:00+01:00,163.17121074915326
2035-11-06 16:00:00+01:00,174.06316969069042
2035-11-06 17:00:00+01:00,188.0386969170463
2035-11-06 18:00:00+01:00,191.59474743905503
2035-11-06 19:00:00+01:00,189.17016753768542
2035-11-06 20:00:00+01:00,161.61699286365993
2035-11-06 21:00:00+01:00,153.1620475665763
2035-11-06 22:00:00+01:00,134.16328813430601
2035-11-06 23:00:00+01:00,123.23402796351701
2035-11-07 00:00:00+01:00,112.10582790338488
2035-11-07 01:00:00+01:00,108.4005724643688
2035-11-07 02:00:00+01:00,106.28683614009789
2035-11-07 03:00:00+01:00,106.90852329429522
2035-11-07 04:00:00+01:00,106.75931837728787
2035-11-07 05:00:00+01:00,115.30129987595913
2035-11-07 06:00:00+01:00,144.9309096450037
2035-11-07 07:00:00+01:00,161.368318001981
2035-11-07 08:00:00+01:00,164.73786237773052
2035-11-07 09:00:00+01:00,153.09987885115657
2035-11-07 10:00:00+01:00,139.49736391731906
2035-11-07 11:00:00+01:00,131.04241862023542
2035-11-07 12:00:00+01:00,126.11865635899261
2035-11-07 13:00:00+01:00,130.06015291660367
2035-11-07 14:00:00+01:00,144.4211261785619
2035-11-07 15:00:00+01:00,154.31838567338332
2035-11-07 16:00:00+01:00,174.73459181722353
2035-11-07 17:00:00+01:00,180.50384860817468
2035-11-07 18:00:00+01:00,187.2926723320095
2035-11-07 19:00:00+01:00,178.27820859614826
2035-11-07 20:00:00+01:00,157.02894166568365
2035-11-07 21:00:00+01:00,127.89668161999697
2035-11-07 22:00:00+01:00,118.26053072993841
2035-11-07 23:00:00+01:00,111.2603333736765
2035-11-08 00:00:00+01:00,110.86245359499023
2035-11-08 01:00:00+01:00,108.82331972922299
2035-11-08 02:00:00+01:00,108.22650006119355
2035-11-08 03:00:00+01:00,107.4929092192407
2035-11-08 04:00:00+01:00,108.37570497820091
2035-11-08 05:00:00+01:00,112.16799661880461
2035-11-08 06:00:00+01:00,130.0974541458555
2035-11-08 07:00:00+01:00,162.537089851872
2035-11-08 08:00:00+01:00,165.30981455959204
2035-11-08 09:00:00+01:00,139.9325449252572
2035-11-08 10:00:00+01:00,124.24116115331668
2035-11-08 11:00:00+01:00,116.55710792743773
2035-11-08 12:00:00+01:00,111.13599594283704
2035-11-08 13:00:00+01:00,110.9370560534939
2035-11-08 14:00:00+01:00,114.49310657550261
2035-11-08 15:00:00+01:00,126.25542753291602
2035-11-08 16:00:00+01:00,146.54729624591675
2035-11-08 17:00:00+01:00,162.0397401285141
2035-11-08 18:00:00+01:00,155.7233986418693
2035-11-08 19:00:00+01:00,137.54526625313946
2035-11-08 20:00:00+01:00,123.71894394379093
2035-11-08 21:00:00+01:00,113.90872065055711
2035-11-08 22:00:00+01:00,112.18043036188855
2035-11-08 23:00:00+01:00,107.15719815597416
2035-11-09 00:00:00+01:00,117.60154234648924
2035-11-09 01:00:00+01:00,115.04019127119625
2035-11-09 02:00:00+01:00,112.29233404964408
2035-11-09 03:00:00+01:00,109.64394677276346
2035-11-09 04:00:00+01:00,109.24606699407718
2035-11-09 05:00:00+01:00,109.65638051584742
2035-11-09 06:00:00+01:00,113.62274455962634
2035-11-09 07:00:00+01:00,116.43277049659827
2035-11-09 08:00:00+01:00,117.81291597891634
2035-11-09 09:00:00+01:00,117.3777349709782
2035-11-09 10:00:00+01:00,113.69734701813003
2035-11-09 11:00:00+01:00,111.11112845666915
2035-11-09 12:00:00+01:00,107.10746318363837
2035-11-09 13:00:00+01:00,106.92095703737917
2035-11-09 14:00:00+01:00,114.20713048457183
2035-11-09 15:00:00+01:00,130.6072376122973
2035-11-09 16:00:00+01:00,149.51896084297996
2035-11-09 17:00:00+01:00,174.05073594760646
2035-11-09 18:00:00+01:00,176.26394221654894
2035-11-09 19:00:00+01:00,159.60272648406058
2035-11-09 20:00:00+01:00,140.35529219011136
2035-11-09 21:00:00+01:00,128.19509145401167
2035-11-09 22:00:00+01:00,124.66390841817085
2035-11-09 23:00:00+01:00,117.17879508163506
2035-11-10 00:00:00+01:00,115.9851557455762
2035-11-10 01:00:00+01:00,113.46110589953506
2035-11-10 02:00:00+01:00,112.15556287572065
2035-11-10 03:00:00+01:00,112.44153896665142
2035-11-10 04:00:00+01:00,111.50900823535544
2035-11-10 05:00:00+01:00,112.20529784805645
2035-11-10 06:00:00+01:00,114.7044802079297
2035-11-10 07:00:00+01:00,117.0047226784598
2035-11-10 08:00:00+01:00,119.49147129524911
2035-11-10 09:00:00+01:00,118.91951911338757
2035-11-10 10:00:00+01:00,115.94785451632436
2035-11-10 11:00:00+01:00,115.9354207732404
2035-11-10 12:00:00+01:00,114.50554031858655
2035-11-10 13:00:00+01:00,113.68491327504609
2035-11-10 14:00:00+01:00,114.43093786008288
2035-11-10 15:00:00+01:00,128.24482642634746
2035-11-10 16:00:00+01:00,139.46006268806724
2035-11-10 17:00:00+01:00,164.17834393895293
2035-11-10 18:00:00+01:00,159.88870257499138
2035-11-10 19:00:00+01:00,146.67163367675624
2035-11-10 20:00:00+01:00,139.6714363204943
2035-11-10 21:00:00+01:00,128.15779022475982
2035-11-10 22:00:00+01:00,127.32472943813542
2035-11-10 23:00:00+01:00,118.39730190386182
2035-11-11 00:00:00+01:00,112.09339416030093
2035-11-11 01:00:00+01:00,109.63151302967952
2035-11-11 02:00:00+01:00,107.9653914564307
2035-11-11 03:00:00+01:00,105.95112507683135
2035-11-11 04:00:00+01:00,106.83392083579156
2035-11-11 05:00:00+01:00,112.36693650814775
2035-11-11 06:00:00+01:00,132.09928678237088
2035-11-11 07:00:00+01:00,153.52262611601077
2035-11-11 08:00:00+01:00,159.4162203378014
2035-11-11 09:00:00+01:00,148.54912888243214
2035-11-11 10:00:00+01:00,138.50266447060335
2035-11-11 11:00:00+01:00,135.1206863517699
2035-11-11 12:00:00+01:00,128.20752519709563
2035-11-11 13:00:00+01:00,129.3514295608187
2035-11-11 14:00:00+01:00,134.46169796832072
2035-11-11 15:00:00+01:00,146.9078747953512
2035-11-11 16:00:00+01:00,155.21361517542746
2035-11-11 17:00:00+01:00,169.51241972196595
2035-11-11 18:00:00+01:00,169.72379335439308
2035-11-11 19:00:00+01:00,152.73930030172212
2035-11-11 20:00:00+01:00,134.4492642252368
2035-11-11 21:00:00+01:00,127.71017547373776
2035-11-11 22:00:00+01:00,123.6319077422033
2035-11-11 23:00:00+01:00,115.87325205782068
2035-11-12 00:00:00+01:00,115.5872759668899
2035-11-12 01:00:00+01:00,112.32963527889589
2035-11-12 02:00:00+01:00,110.82515236573838
2035-11-12 03:00:00+01:00,110.27806767004473
2035-11-12 04:00:00+01:00,113.7968169628016
2035-11-12 05:00:00+01:00,119.09359151656282
2035-11-12 06:00:00+01:00,151.371588562488
2035-11-12 07:00:00+01:00,187.60351590910818
2035-11-12 08:00:00+01:00,203.76738191823864
2035-11-12 09:00:00+01:00,177.97979876213356
2035-11-12 10:00:00+01:00,160.12494369358637
2035-11-12 11:00:00+01:00,156.96677295026393
2035-11-12 12:00:00+01:00,149.6930332461552
2035-11-12 13:00:00+01:00,154.3059519302994
2035-11-12 14:00:00+01:00,162.45005365028436
2035-11-12 15:00:00+01:00,179.3848117306195
2035-11-12 16:00:00+01:00,187.56621467985633
2035-11-12 17:00:00+01:00,181.61045174264595
2035-11-12 18:00:00+01:00,178.67608837483456
2035-11-12 19:00:00+01:00,180.441679892755
2035-11-12 20:00:00+01:00,162.31328247636094
2035-11-12 21:00:00+01:00,142.75500460531305
2035-11-12 22:00:00+01:00,136.05321708306587
2035-11-12 23:00:00+01:00,127.33716318121937
2035-11-13 00:00:00+01:00,123.10969053267755
2035-11-13 01:00:00+01:00,119.66554369842436
2035-11-13 02:00:00+01:00,117.46477117256583
2035-11-13 03:00:00+01:00,117.12906010929926
2035-11-13 04:00:00+01:00,118.68327799479258
2035-11-13 05:00:00+01:00,130.54506889687758
2035-11-13 06:00:00+01:00,155.76069987112112
2035-11-13 07:00:00+01:00,196.86665450664833
2035-11-13 08:00:00+01:00,204.27716538468044
2035-11-13 09:00:00+01:00,187.88949200003893
2035-11-13 10:00:00+01:00,186.13633422520246
2035-11-13 11:00:00+01:00,186.39744282996537
2035-11-13 12:00:00+01:00,172.2229757142663
2035-11-13 13:00:00+01:00,170.86769771811612
2035-11-13 14:00:00+01:00,175.86606243786264
2035-11-13 15:00:00+01:00,185.3405746678299
2035-11-13 16:00:00+01:00,208.81548161032094
2035-11-13 17:00:00+01:00,217.8423790892661
2035-11-13 18:00:00+01:00,220.67727251240592
2035-11-13 19:00:00+01:00,183.27657331589478
2035-11-13 20:00:00+01:00,156.70566434550108
2035-11-13 21:00:00+01:00,135.31962624111304
2035-11-13 22:00:00+01:00,128.61783871886587
2035-11-13 23:00:00+01:00,118.80761542563205
2035-11-14 00:00:00+01:00,125.77051155264209
2035-11-14 01:00:00+01:00,121.77928002269527
2035-11-14 02:00:00+01:00,119.52877252450095
2035-11-14 03:00:00+01:00,118.63354302245679
2035-11-14 04:00:00+01:00,118.26053072993841
2035-11-14 05:00:00+01:00,130.80617750164043
2035-11-14 06:00:00+01:00,142.13331745111574
2035-11-14 07:00:00+01:00,153.14961382349236
2035-11-14 08:00:00+01:00,161.2812818003934
2035-11-14 09:00:00+01:00,157.6630625629649
2035-11-14 10:00:00+01:00,143.2772218148388
2035-11-14 11:00:00+01:00,140.6537020241261
2035-11-14 12:00:00+01:00,137.32145887762843
2035-11-14 13:00:00+01:00,138.12965217808494
2035-11-14 14:00:00+01:00,144.49572863706558
2035-11-14 15:00:00+01:00,157.1657128396071
2035-11-14 16:00:00+01:00,175.08273662357402
2035-11-14 17:00:00+01:00,185.0172973476473
2035-11-14 18:00:00+01:00,183.12736839888743
2035-11-14 19:00:00+01:00,172.95656655621917
2035-11-14 20:00:00+01:00,145.68936797312443
2035-11-14 21:00:00+01:00,136.79924166810267
2035-11-14 22:00:00+01:00,133.46699852160498
2035-11-14 23:00:00+01:00,124.20385992406486
2035-11-15 00:00:00+01:00,120.24992962336984
2035-11-15 01:00:00+01:00,118.62110927937285
2035-11-15 02:00:00+01:00,116.8182165322006
2035-11-15 03:00:00+01:00,114.79151640951733
2035-11-15 04:00:00+01:00,115.97272200249225
2035-11-15 05:00:00+01:00,122.93561812950229
2035-11-15 06:00:00+01:00,134.37466176673308
2035-11-15 07:00:00+01:00,157.4392551874539
2035-11-15 08:00:00+01:00,167.6970932317098
2035-11-15 09:00:00+01:00,153.31125248358364
2035-11-15 10:00:00+01:00,142.64310091755755
2035-11-15 11:00:00+01:00,137.30902513454447
2035-11-15 12:00:00+01:00,134.22545684972573
2035-11-15 13:00:00+01:00,134.31249305131337
2035-11-15 14:00:00+01:00,138.31615832434414
2035-11-15 15:00:00+01:00,150.31472040035254
2035-11-15 16:00:00+01:00,159.70219642873218
2035-11-15 17:00:00+01:00,164.5762237176392
2035-11-15 18:00:00+01:00,155.30065137701513
2035-11-15 19:00:00+01:00,151.88137202892983
2035-11-15 20:00:00+01:00,145.32878942368998
2035-11-15 21:00:00+01:00,138.21668837967258
2035-11-15 22:00:00+01:00,133.7032396402
2035-11-15 23:00:00+01:00,125.55913792021501
2035-11-16 00:00:00+01:00,124.402799813408
2035-11-16 01:00:00+01:00,118.91951911338757
2035-11-16 02:00:00+01:00,115.82351708548488
2035-11-16 03:00:00+01:00,114.50554031858655
2035-11-16 04:00:00+01:00,114.18226299840396
2035-11-16 05:00:00+01:00,115.47537227913438
2035-11-16 06:00:00+01:00,132.13658801162273
2035-11-16 07:00:00+01:00,132.12415426853877
2035-11-16 08:00:00+01:00,132.11172052545484
2035-11-16 09:00:00+01:00,133.65350466786418
2035-11-16 10:00:00+01:00,124.30332986873643
2035-11-16 11:00:00+01:00,114.75421518026548
2035-11-16 12:00:00+01:00,111.18573091517284
2035-11-16 13:00:00+01:00,113.31190098252769
2035-11-16 14:00:00+01:00,126.47923490842706
2035-11-16 15:00:00+01:00,136.81167541118663
2035-11-16 16:00:00+01:00,137.9307122887418
2035-11-16 17:00:00+01:00,143.63780036427323
2035-11-16 18:00:00+01:00,147.38035703254116
2035-11-16 19:00:00+01:00,143.9113427121201
2035-11-16 20:00:00+01:00,143.0907156685796
2035-11-16 21:00:00+01:00,135.89157842297456
2035-11-16 22:00:00+01:00,127.64800675831803
2035-11-16 23:00:00+01:00,122.07768985670998
2035-11-17 00:00:00+01:00,126.79007848552573
2035-11-17 01:00:00+01:00,125.19855937078057
2035-11-17 02:00:00+01:00,122.10255734287787
2035-11-17 03:00:00+01:00,119.36713386440965
2035-11-17 04:00:00+01:00,119.05629028731099
2035-11-17 05:00:00+01:00,120.64780940205614
2035-11-17 06:00:00+01:00,125.64617412180263
2035-11-17 07:00:00+01:00,126.5165361376789
2035-11-17 08:00:00+01:00,125.70834283722238
2035-11-17 09:00:00+01:00,126.54140362384679
2035-11-17 10:00:00+01:00,123.66920897145513
2035-11-17 11:00:00+01:00,122.11499108596183
2035-11-17 12:00:00+01:00,120.66024314514007
2035-11-17 13:00:00+01:00,119.30496514898991
2035-11-17 14:00:00+01:00,122.05282237054209
2035-11-17 15:00:00+01:00,134.73524031616756
2035-11-17 16:00:00+01:00,145.5152955699492
2035-11-17 17:00:00+01:00,148.11394787449402
2035-11-17 18:00:00+01:00,144.90604215883582
2035-11-17 19:00:00+01:00,145.04281333275924
2035-11-17 20:00:00+01:00,140.42989464861506
2035-11-17 21:00:00+01:00,135.72993976288328
2035-11-17 22:00:00+01:00,133.08155248600266
2035-11-17 23:00:00+01:00,128.6551399481177
2035-11-18 00:00:00+01:00,123.0723893034257
2035-11-18 01:00:00+01:00,121.53060516101634
2035-11-18 02:00:00+01:00,119.49147129524911
2035-11-18 03:00:00+01:00,120.62294191588823
2035-11-18 04:00:00+01:00,122.93561812950229
2035-11-18 05:00:00+01:00,130.8434787308923
2035-11-18 06:00:00+01:00,144.89360841575188
2035-11-18 07:00:00+01:00,168.0452380380603
2035-11-18 08:00:00+01:00,172.53381929136498
2035-11-18 09:00:00+01:00,155.68609741261747
2035-11-18 10:00:00+01:00,148.1388153606619
2035-11-18 11:00:00+01:00,143.55076416268562
2035-11-18 12:00:00+01:00,139.8828099529214
2035-11-18 13:00:00+01:00,144.89360841575188
2035-11-18 14:00:00+01:00,155.44985629402242
2035-11-18 15:00:00+01:00,171.77536096324425
2035-11-18 16:00:00+01:00,162.58682482420775
2035-11-18 17:00:00+01:00,187.6656846245279
2035-11-18 18:00:00+01:00,207.44776987108685
2035-11-18 19:00:00+01:00,195.784918858345
2035-11-18 20:00:00+01:00,149.99144308016992
2035-11-18 21:00:00+01:00,149.22055100896523
2035-11-18 22:00:00+01:00,147.43009200487694
2035-11-18 23:00:00+01:00,140.4174609055311
2035-11-19 00:00:00+01:00,130.34612900753444
2035-11-19 01:00:00+01:00,126.28029501908392
2035-11-19 02:00:00+01:00,123.35836539435647
2035-11-19 03:00:00+01:00,121.13272538233005
2035-11-19 04:00:00+01:00,123.94275131930196
2035-11-19 05:00:00+01:00,130.8807799601441
2035-11-19 06:00:00+01:00,152.77660153097395
2035-11-19 07:00:00+01:00,169.94760072990414
2035-11-19 08:00:00+01:00,172.95656655621917
2035-11-19 09:00:00+01:00,168.21931044123554
2035-11-19 10:00:00+01:00,155.15144646000775
2035-11-19 11:00:00+01:00,151.96840823051744
2035-11-19 12:00:00+01:00,150.15308174026123
2035-11-19 13:00:00+01:00,154.96494031374854
2035-11-19 14:00:00+01:00,155.64879618336562
2035-11-19 15:00:00+01:00,174.15020589227805
2035-11-19 16:00:00+01:00,174.26210958003355
2035-11-19 17:00:00+01:00,176.5747857936476
2035-11-19 18:00:00+01:00,162.32571621944487
2035-11-19 19:00:00+01:00,153.36098745591946
2035-11-19 20:00:00+01:00,147.54199569263247
2035-11-19 21:00:00+01:00,132.19875672704245
2035-11-19 22:00:00+01:00,131.55220208667726
2035-11-19 23:00:00+01:00,127.41176563972306
2035-11-20 00:00:00+01:00,127.01388586103675
2035-11-20 01:00:00+01:00,123.14699176192939
2035-11-20 02:00:00+01:00,119.40443509366149
2035-11-20 03:00:00+01:00,118.36000067460998
2035-11-20 04:00:00+01:00,115.51267350838621
2035-11-20 05:00:00+01:00,122.05282237054209
2035-11-20 06:00:00+01:00,134.68550534383175
2035-11-20 07:00:00+01:00,151.94354074434955
2035-11-20 08:00:00+01:00,161.91540269767466
2035-11-20 09:00:00+01:00,151.9062395150977
2035-11-20 10:00:00+01:00,150.91154006838198
2035-11-20 11:00:00+01:00,148.82267123027896
2035-11-20 12:00:00+01:00,145.01794584659132
2035-11-20 13:00:00+01:00,145.63963300078865
2035-11-20 14:00:00+01:00,150.25255168493283
2035-11-20 15:00:00+01:00,159.54055776864087
2035-11-20 16:00:00+01:00,158.73236446818436
2035-11-20 17:00:00+01:00,164.67569366231078
2035-11-20 18:00:00+01:00,162.4873548795362
2035-11-20 19:00:00+01:00,152.22951683528032
2035-11-20 20:00:00+01:00,145.03037958967525
2035-11-20 21:00:00+01:00,133.7281071263679
2035-11-20 22:00:00+01:00,132.19875672704245
2035-11-20 23:00:00+01:00,128.35673011410296
2035-11-21 00:00:00+01:00,121.05812292382637
2035-11-21 01:00:00+01:00,119.49147129524911
2035-11-21 02:00:00+01:00,122.0279548843742
2035-11-21 03:00:00+01:00,121.09542415307823
2035-11-21 04:00:00+01:00,120.9586529791548
2035-11-21 05:00:00+01:00,128.59297123269798
2035-11-21 06:00:00+01:00,145.54016305611708
2035-11-21 07:00:00+01:00,153.460457400591
2035-11-21 08:00:00+01:00,155.35038634935088
2035-11-21 09:00:00+01:00,148.1388153606619
2035-11-21 10:00:00+01:00,144.89360841575188
2035-11-21 11:00:00+01:00,148.01447792982242
2035-11-21 12:00:00+01:00,146.67163367675624
2035-11-21 13:00:00+01:00,152.22951683528032
2035-11-21 14:00:00+01:00,161.89053521150674
2035-11-21 15:00:00+01:00,167.95820183647265
2035-11-21 16:00:00+01:00,173.91396477368306
2035-11-21 17:00:00+01:00,196.4314734987102
2035-11-21 18:00:00+01:00,183.45064571907002
2035-11-21 19:00:00+01:00,167.47328585619874
2035-11-21 20:00:00+01:00,154.04484332553648
2035-11-21 21:00:00+01:00,141.28782292140738
2035-11-21 22:00:00+01:00,134.4243967390689
2035-11-21 23:00:00+01:00,124.39036607032403
2035-11-22 00:00:00+01:00,124.98718573835347
2035-11-22 01:00:00+01:00,123.2588954496849
2035-11-22 02:00:00+01:00,122.01552114129025
2035-11-22 03:00:00+01:00,122.0279548843742
2035-11-22 04:00:00+01:00,122.45070214922838
2035-11-22 05:00:00+01:00,128.26969391251535
2035-11-22 06:00:00+01:00,143.77457153819665
2035-11-22 07:00:00+01:00,156.6559293731653
2035-11-22 08:00:00+01:00,161.38075174506494
2035-11-22 09:00:00+01:00,159.16754547612248
2035-11-22 10:00:00+01:00,145.7018017162084
2035-11-22 11:00:00+01:00,143.63780036427323
2035-11-22 12:00:00+01:00,137.7193386563147
2035-11-22 13:00:00+01:00,140.69100325337794
2035-11-22 14:00:00+01:00,145.0801145620111
2035-11-22 15:00:00+01:00,150.48879280352782
2035-11-22 16:00:00+01:00,162.5619573380399
2035-11-22 17:00:00+01:00,157.68793004913283
2035-11-22 18:00:00+01:00,152.6273966139666
2035-11-22 19:00:00+01:00,151.96840823051744
2035-11-22 20:00:00+01:00,148.92214117495053
2035-11-22 21:00:00+01:00,148.37505647925687
2035-11-22 22:00:00+01:00,143.16531812708328
2035-11-22 23:00:00+01:00,134.37466176673308
2035-11-23 00:00:00+01:00,141.2380879490716
2035-11-23 01:00:00+01:00,135.9537471383943
2035-11-23 02:00:00+01:00,131.05485236331936
2035-11-23 03:00:00+01:00,130.34612900753444
2035-11-23 04:00:00+01:00,128.68000743428559
2035-11-23 05:00:00+01:00,133.74054086945182
2035-11-23 06:00:00+01:00,146.94517602460303
2035-11-23 07:00:00+01:00,148.64859882710368
2035-11-23 08:00:00+01:00,149.49409335681207
2035-11-23 09:00:00+01:00,148.37505647925687
2035-11-23 10:00:00+01:00,144.5578973524853
2035-11-23 11:00:00+01:00,134.9341802055107
2035-11-23 12:00:00+01:00,130.24665906286288
2035-11-23 13:00:00+01:00,130.7315750431368
2035-11-23 14:00:00+01:00,140.6288345379582
2035-11-23 15:00:00+01:00,154.82816913982512
2035-11-23 16:00:00+01:00,160.93313699404288
2035-11-23 17:00:00+01:00,160.92070325095892
2035-11-23 18:00:00+01:00,157.70036379221676
2035-11-23 19:00:00+01:00,154.70383170898566
2035-11-23 20:00:00+01:00,144.35895746314216
2035-11-23 21:00:00+01:00,140.61640079487427
2035-11-23 22:00:00+01:00,142.6057996883057
2035-11-23 23:00:00+01:00,130.7315750431368
2035-11-24 00:00:00+01:00,130.5202014107097
2035-11-24 01:00:00+01:00,132.01225058078327
2035-11-24 02:00:00+01:00,131.3035272249983
2035-11-24 03:00:00+01:00,129.48820073474212
2035-11-24 04:00:00+01:00,129.97311671501603
2035-11-24 05:00:00+01:00,131.83817817760803
2035-11-24 06:00:00+01:00,134.9093127193428
2035-11-24 07:00:00+01:00,137.04791652978162
2035-11-24 08:00:00+01:00,139.33572525722778
2035-11-24 09:00:00+01:00,136.50083183408796
2035-11-24 10:00:00+01:00,131.9998168376993
2035-11-24 11:00:00+01:00,131.47759962817355
2035-11-24 12:00:00+01:00,130.74400878622072
2035-11-24 13:00:00+01:00,129.47576699165816
2035-11-24 14:00:00+01:00,130.7937437585565
2035-11-24 15:00:00+01:00,132.57176901956086
2035-11-24 16:00:00+01:00,146.01264529330706
2035-11-24 17:00:00+01:00,146.9327422815191
2035-11-24 18:00:00+01:00,152.34142052303582
2035-11-24 19:00:00+01:00,151.84407079967798
2035-11-24 20:00:00+01:00,144.75683724182844
2035-11-24 21:00:00+01:00,138.22912212275654
2035-11-24 22:00:00+01:00,136.488398091004
2035-11-24 23:00:00+01:00,132.06198555311903
2035-11-25 00:00:00+01:00,133.04425125675084
2035-11-25 01:00:00+01:00,126.62843982543441
2035-11-25 02:00:00+01:00,123.7686789161267
2035-11-25 03:00:00+01:00,129.4633332485742
2035-11-25 04:00:00+01:00,129.81147805492472
2035-11-25 05:00:00+01:00,136.98574781436187
2035-11-25 06:00:00+01:00,149.7676357046589
2035-11-25 07:00:00+01:00,154.34325315955124
2035-11-25 08:00:00+01:00,153.8832046654452
2035-11-25 09:00:00+01:00,151.23481738856458
2035-11-25 10:00:00+01:00,148.0020441867385
2035-11-25 11:00:00+01:00,147.25601960170172
2035-11-25 12:00:00+01:00,145.73910294546022
2035-11-25 13:00:00+01:00,146.5099950166649
2035-11-25 14:00:00+01:00,148.0020441867385
2035-11-25 15:00:00+01:00,151.2472511316485
2035-11-25 16:00:00+01:00,155.20118143234353
2035-11-25 17:00:00+01:00,156.08397719130375
2035-11-25 18:00:00+01:00,158.42152089108566
2035-11-25 19:00:00+01:00,153.48532488675892
2035-11-25 20:00:00+01:00,150.62556397745118
2035-11-25 21:00:00+01:00,146.52242875974886
2035-11-25 22:00:00+01:00,143.87404148286828
2035-11-25 23:00:00+01:00,135.74237350596724
2035-11-26 00:00:00+01:00,134.36222802364915
2035-11-26 01:00:00+01:00,131.66410577443276
2035-11-26 02:00:00+01:00,126.8646809440294
2035-11-26 03:00:00+01:00,124.20385992406486
2035-11-26 04:00:00+01:00,124.57687221658324
2035-11-26 05:00:00+01:00,133.04425125675084
2035-11-26 06:00:00+01:00,151.78190208425823
2035-11-26 07:00:00+01:00,160.1622449228382
2035-11-26 08:00:00+01:00,161.6667278359957
2035-11-26 09:00:00+01:00,151.62026342416692
2035-11-26 10:00:00+01:00,147.51712820646458
2035-11-26 11:00:00+01:00,146.01264529330706
2035-11-26 12:00:00+01:00,142.03384750644415
2035-11-26 13:00:00+01:00,147.51712820646458
2035-11-26 14:00:00+01:00,149.30758721055287
2035-11-26 15:00:00+01:00,155.21361517542746
2035-11-26 16:00:00+01:00,161.6667278359957
2035-11-26 17:00:00+01:00,175.49305014534423
2035-11-26 18:00:00+01:00,183.3387420313145
2035-11-26 19:00:00+01:00,178.0419674775533
2035-11-26 20:00:00+01:00,160.1622449228382
2035-11-26 21:00:00+01:00,147.87770675589906
2035-11-26 22:00:00+01:00,144.5081623801495
2035-11-26 23:00:00+01:00,134.71037282999964
2035-11-27 00:00:00+01:00,123.14699176192939
2035-11-27 01:00:00+01:00,118.3102657022742
2035-11-27 02:00:00+01:00,116.47007172585012
2035-11-27 03:00:00+01:00,112.15556287572065
2035-11-27 04:00:00+01:00,118.38486816077787
2035-11-27 05:00:00+01:00,140.45476213478295
2035-11-27 06:00:00+01:00,170.97960140587168
2035-11-27 07:00:00+01:00,215.36806421556076
2035-11-27 08:00:00+01:00,230.54966452105947
2035-11-27 09:00:00+01:00,192.26616956558811
2035-11-27 10:00:00+01:00,186.4098765730493
2035-11-27 11:00:00+01:00,176.64938825215128
2035-11-27 12:00:00+01:00,156.3699532822345
2035-11-27 13:00:00+01:00,153.5101923729268
2035-11-27 14:00:00+01:00,153.47289114367499
2035-11-27 15:00:00+01:00,151.89380577201376
2035-11-27 16:00:00+01:00,155.26335014776328
2035-11-27 17:00:00+01:00,154.4427231042228
2035-11-27 18:00:00+01:00,165.81959802603384
2035-11-27 19:00:00+01:00,156.33265205298267
2035-11-27 20:00:00+01:00,154.16918075637597
2035-11-27 21:00:00+01:00,144.48329489398162
2035-11-27 22:00:00+01:00,134.03895070346655
2035-11-27 23:00:00+01:00,125.94458395581735
2035-11-28 00:00:00+01:00,132.074419296203
2035-11-28 01:00:00+01:00,131.5397683435933
2035-11-28 02:00:00+01:00,131.88791314994378
2035-11-28 03:00:00+01:00,132.03711806695117
2035-11-28 04:00:00+01:00,131.4900333712575
2035-11-28 05:00:00+01:00,132.0495518100351
2035-11-28 06:00:00+01:00,151.94354074434955
2035-11-28 07:00:00+01:00,153.224216281996
2035-11-28 08:00:00+01:00,146.26132015498598
2035-11-28 09:00:00+01:00,144.89360841575188
2035-11-28 10:00:00+01:00,147.35548954637326
2035-11-28 11:00:00+01:00,153.12474633732447
2035-11-28 12:00:00+01:00,151.32185359015222
2035-11-28 13:00:00+01:00,152.82633650330973
2035-11-28 14:00:00+01:00,149.34488843980472
2035-11-28 15:00:00+01:00,148.81023748719502
2035-11-28 16:00:00+01:00,146.01264529330706
2035-11-28 17:00:00+01:00,154.46759059039067
2035-11-28 18:00:00+01:00,158.0982435709031
2035-11-28 19:00:00+01:00,156.9294717210121
2035-11-28 20:00:00+01:00,148.9967436334542
2035-11-28 21:00:00+01:00,145.4904280837813
2035-11-28 22:00:00+01:00,143.22748684250303
2035-11-28 23:00:00+01:00,132.54690153339297
2035-11-29 00:00:00+01:00,121.77928002269527
2035-11-29 01:00:00+01:00,119.05629028731099
2035-11-29 02:00:00+01:00,113.47353964261899
2035-11-29 03:00:00+01:00,112.50370768207115
2035-11-29 04:00:00+01:00,115.82351708548488
2035-11-29 05:00:00+01:00,125.82024652497789
2035-11-29 06:00:00+01:00,154.52975930581042
2035-11-29 07:00:00+01:00,194.83995438396505
2035-11-29 08:00:00+01:00,219.95611541353705
2035-11-29 09:00:00+01:00,188.00139568779446
2035-11-29 10:00:00+01:00,171.93699962333557
2035-11-29 11:00:00+01:00,163.5815242709235
2035-11-29 12:00:00+01:00,154.26865070104753
2035-11-29 13:00:00+01:00,152.8885052187295
2035-11-29 14:00:00+01:00,156.18344713597529
2035-11-29 15:00:00+01:00,175.40601394375665
2035-11-29 16:00:00+01:00,187.65325088144397
2035-11-29 17:00:00+01:00,185.9995630512791
2035-11-29 18:00:00+01:00,182.0829339798359
2035-11-29 19:00:00+01:00,163.86750036185424
2035-11-29 20:00:00+01:00,144.6573672971569
2035-11-29 21:00:00+01:00,135.54343361662407
2035-11-29 22:00:00+01:00,126.74034351318993
2035-11-29 23:00:00+01:00,122.2393285168013
2035-11-30 00:00:00+01:00,120.70997811747587
2035-11-30 01:00:00+01:00,118.08645832676316
2035-11-30 02:00:00+01:00,113.36163595486349
2035-11-30 03:00:00+01:00,112.44153896665142
2035-11-30 04:00:00+01:00,113.29946723944374
2035-11-30 05:00:00+01:00,117.07932513696349
2035-11-30 06:00:00+01:00,122.25176225988523
2035-11-30 07:00:00+01:00,126.6781747977702
2035-11-30 08:00:00+01:00,136.09051831231773
2035-11-30 09:00:00+01:00,124.81311333517823
2035-11-30 10:00:00+01:00,118.13619329909893
2035-11-30 11:00:00+01:00,113.64761204579423
2035-11-30 12:00:00+01:00,112.75238254375009
2035-11-30 13:00:00+01:00,113.03835863468086
2035-11-30 14:00:00+01:00,118.90708537030362
2035-11-30 15:00:00+01:00,137.66960368397895
2035-11-30 16:00:00+01:00,143.76213779511272
2035-11-30 17:00:00+01:00,153.1123125942405
2035-11-30 18:00:00+01:00,159.34161787929773
2035-11-30 19:00:00+01:00,147.72850183889167
2035-11-30 20:00:00+01:00,138.20425463658862
2035-11-30 21:00:00+01:00,129.06545346988793
2035-11-30 22:00:00+01:00,122.78641321249495
2035-11-30 23:00:00+01:00,118.7951816825481
2035-12-01 00:00:00+01:00,110.41483884396814
2035-12-01 01:00:00+01:00,106.39873982785342
2035-12-01 02:00:00+01:00,101.23873644801562
2035-12-01 03:00:00+01:00,99.72181979177412
2035-12-01 04:00:00+01:00,96.1284680405136
2035-12-01 05:00:00+01:00,97.60808346750323
2035-12-01 06:00:00+01:00,92.48538131691726
2035-12-01 07:00:00+01:00,97.39670983507614
2035-12-01 08:00:00+01:00,105.61541401356479
2035-12-01 09:00:00+01:00,99.90832593803333
2035-12-01 10:00:00+01:00,96.86205888246643
2035-12-01 11:00:00+01:00,94.32557529334134
2035-12-01 12:00:00+01:00,95.32027474005707
2035-12-01 13:00:00+01:00,95.25810602463734
2035-12-01 14:00:00+01:00,100.0575308550407
2035-12-01 15:00:00+01:00,118.02428961134342
2035-12-01 16:00:00+01:00,140.79047319804948
2035-12-01 17:00:00+01:00,144.01081265679164
2035-12-01 18:00:00+01:00,140.79047319804948
2035-12-01 19:00:00+01:00,135.9786146245622
2035-12-01 20:00:00+01:00,137.49553128080368
2035-12-01 21:00:00+01:00,135.70507227671538
2035-12-01 22:00:00+01:00,128.85407983746086
2035-12-01 23:00:00+01:00,124.68877590433877
2035-12-02 00:00:00+01:00,115.87325205782068
2035-12-02 01:00:00+01:00,106.48577602944106
2035-12-02 02:00:00+01:00,104.62071456684907
2035-12-02 03:00:00+01:00,106.9831257527989
2035-12-02 04:00:00+01:00,102.07179723464002
2035-12-02 05:00:00+01:00,114.72934769409758
2035-12-02 06:00:00+01:00,139.24868905564014
2035-12-02 07:00:00+01:00,158.90643687135957
2035-12-02 08:00:00+01:00,162.17651130243755
2035-12-02 09:00:00+01:00,153.84590343619334
2035-12-02 10:00:00+01:00,150.3271541434365
2035-12-02 11:00:00+01:00,147.8279717835632
2035-12-02 12:00:00+01:00,143.66266785044115
2035-12-02 13:00:00+01:00,145.8634403762997
2035-12-02 14:00:00+01:00,150.72503392212278
2035-12-02 15:00:00+01:00,161.72889655141546
2035-12-02 16:00:00+01:00,161.2688480573094
2035-12-02 17:00:00+01:00,166.714827528078
2035-12-02 18:00:00+01:00,166.254779033972
2035-12-02 19:00:00+01:00,162.17651130243755
2035-12-02 20:00:00+01:00,153.8334696931094
2035-12-02 21:00:00+01:00,140.84020817038527
2035-12-02 22:00:00+01:00,127.62313927215014
2035-12-02 23:00:00+01:00,106.18736619542632
2035-12-03 00:00:00+01:00,125.90728272656551
2035-12-03 01:00:00+01:00,126.49166865151099
2035-12-03 02:00:00+01:00,126.50410239459495
2035-12-03 03:00:00+01:00,123.27132919276886
2035-12-03 04:00:00+01:00,124.25359489640061
2035-12-03 05:00:00+01:00,129.2395258730632
2035-12-03 06:00:00+01:00,151.59539593799903
2035-12-03 07:00:00+01:00,163.7680304171827
2035-12-03 08:00:00+01:00,169.79839581289676
2035-12-03 09:00:00+01:00,164.9368022670737
2035-12-03 10:00:00+01:00,160.92070325095892
2035-12-03 11:00:00+01:00,155.17631394617564
2035-12-03 12:00:00+01:00,150.60069649128332
2035-12-03 13:00:00+01:00,154.3059519302994
2035-12-03 14:00:00+01:00,163.6685604725111
2035-12-03 15:00:00+01:00,174.15020589227805
2035-12-03 16:00:00+01:00,223.8230095126444
2035-12-03 17:00:00+01:00,250.17011110752708
2035-12-03 18:00:00+01:00,221.597369500618
2035-12-03 19:00:00+01:00,188.64795032815968
2035-12-03 20:00:00+01:00,167.72196071787766
2035-12-03 21:00:00+01:00,157.87443619539204
2035-12-03 22:00:00+01:00,151.84407079967798
2035-12-03 23:00:00+01:00,143.15288438399935
2035-12-04 00:00:00+01:00,141.89707633252075
2035-12-04 01:00:00+01:00,139.24868905564014
2035-12-04 02:00:00+01:00,135.792108478303
2035-12-04 03:00:00+01:00,131.58950331592908
2035-12-04 04:00:00+01:00,133.96434824496288
2035-12-04 05:00:00+01:00,143.2026193563351
2035-12-04 06:00:00+01:00,165.22277835800443
2035-12-04 07:00:00+01:00,226.57086673419658
2035-12-04 08:00:00+01:00,269.46728037381206
2035-12-04 09:00:00+01:00,272.7124873187221
2035-12-04 10:00:00+01:00,223.9349132003999
2035-12-04 11:00:00+01:00,212.76941191101594
2035-12-04 12:00:00+01:00,206.09249187493666
2035-12-04 13:00:00+01:00,213.87601504548718
2035-12-04 14:00:00+01:00,261.7086246894295
2035-12-04 15:00:00+01:00,294.14826039544596
2035-12-04 16:00:00+01:00,279.8245883627395
2035-12-04 17:00:00+01:00,303.8092787716723
2035-12-04 18:00:00+01:00,249.27488160548293
2035-12-04 19:00:00+01:00,230.0025798253658
2035-12-04 20:00:00+01:00,189.86645715038642
2035-12-04 21:00:00+01:00,160.28658235367766
2035-12-04 22:00:00+01:00,149.66816575998735
2035-12-04 23:00:00+01:00,139.36059274339567
2035-12-05 00:00:00+01:00,124.75094461975849
2035-12-05 01:00:00+01:00,119.39200135057754
2035-12-05 02:00:00+01:00,116.69387910136115
2035-12-05 03:00:00+01:00,115.32616736212702
2035-12-05 04:00:00+01:00,115.23913116053939
2035-12-05 05:00:00+01:00,124.36549858415614
2035-12-05 06:00:00+01:00,145.05524707584317
2035-12-05 07:00:00+01:00,158.23501474482646
2035-12-05 08:00:00+01:00,163.7431629310148
2035-12-05 09:00:00+01:00,167.0008036190088
2035-12-05 10:00:00+01:00,160.95800448021078
2035-12-05 11:00:00+01:00,155.94720601738032
2035-12-05 12:00:00+01:00,148.02691167290635
2035-12-05 13:00:00+01:00,149.74276821849102
2035-12-05 14:00:00+01:00,155.47472378019035
2035-12-05 15:00:00+01:00,151.32185359015222
2035-12-05 16:00:00+01:00,151.12291370080908
2035-12-05 17:00:00+01:00,150.62556397745118
2035-12-05 18:00:00+01:00,159.42865408088534
2035-12-05 19:00:00+01:00,153.7464334915218
2035-12-05 20:00:00+01:00,159.42865408088534
2035-12-05 21:00:00+01:00,149.73033447540706
2035-12-05 22:00:00+01:00,143.23992058558696
2035-12-05 23:00:00+01:00,132.90748008282742
2035-12-06 00:00:00+01:00,126.11865635899261
2035-12-06 01:00:00+01:00,120.70997811747587
2035-12-06 02:00:00+01:00,118.33513318844209
2035-12-06 03:00:00+01:00,117.70101229116081
2035-12-06 04:00:00+01:00,118.60867553628891
2035-12-06 05:00:00+01:00,126.13109010207656
2035-12-06 06:00:00+01:00,143.16531812708328
2035-12-06 07:00:00+01:00,153.59722857451442
2035-12-06 08:00:00+01:00,158.06094234165124
2035-12-06 09:00:00+01:00,151.81920331351006
2035-12-06 10:00:00+01:00,148.0642129021582
2035-12-06 11:00:00+01:00,144.4211261785619
2035-12-06 12:00:00+01:00,130.8434787308923
2035-12-06 13:00:00+01:00,144.4211261785619
2035-12-06 14:00:00+01:00,149.49409335681207
2035-12-06 15:00:00+01:00,150.9737087838017
2035-12-06 16:00:00+01:00,149.48165961372814
2035-12-06 17:00:00+01:00,154.89033785524487
2035-12-06 18:00:00+01:00,161.2066793418897
2035-12-06 19:00:00+01:00,155.35038634935088
2035-12-06 20:00:00+01:00,149.49409335681207
2035-12-06 21:00:00+01:00,140.4671958778669
2035-12-06 22:00:00+01:00,143.79943902436457
2035-12-06 23:00:00+01:00,130.75644252930465
2035-12-07 00:00:00+01:00,130.35856275061838
2035-12-07 01:00:00+01:00,126.6533073116023
2035-12-07 02:00:00+01:00,124.25359489640061
2035-12-07 03:00:00+01:00,123.39566662360832
2035-12-07 04:00:00+01:00,122.88588315716652
2035-12-07 05:00:00+01:00,123.03508807417387
2035-12-07 06:00:00+01:00,124.25359489640061
2035-12-07 07:00:00+01:00,128.3069951417672
2035-12-07 08:00:00+01:00,130.56993638304544
2035-12-07 09:00:00+01:00,133.66593841094814
2035-12-07 10:00:00+01:00,130.74400878622072
2035-12-07 11:00:00+01:00,130.50776766762573
2035-12-07 12:00:00+01:00,129.1897909007274
2035-12-07 13:00:00+01:00,130.445598952206
2035-12-07 14:00:00+01:00,130.78131001547254
2035-12-07 15:00:00+01:00,136.92357909894213
2035-12-07 16:00:00+01:00,136.94844658511005
2035-12-07 17:00:00+01:00,138.30372458126018
2035-12-07 18:00:00+01:00,136.92357909894213
2035-12-07 19:00:00+01:00,135.40666244270065
2035-12-07 20:00:00+01:00,130.43316520912205
2035-12-07 21:00:00+01:00,127.46150061205883
2035-12-07 22:00:00+01:00,129.28926084539896
2035-12-07 23:00:00+01:00,122.51287086464812
2035-12-08 00:00:00+01:00,127.2128257503799
2035-12-08 01:00:00+01:00,124.50226975807956
2035-12-08 02:00:00+01:00,109.69368174509925
2035-12-08 03:00:00+01:00,97.23507117498482
2035-12-08 04:00:00+01:00,95.73058826182731
2035-12-08 05:00:00+01:00,110.09156152378553
2035-12-08 06:00:00+01:00,125.26072808620029
2035-12-08 07:00:00+01:00,125.82024652497789
2035-12-08 08:00:00+01:00,130.7937437585565
2035-12-08 09:00:00+01:00,131.0921535925712
2035-12-08 10:00:00+01:00,131.39056342658594
2035-12-08 11:00:00+01:00,129.74930933950498
2035-12-08 12:00:00+01:00,127.3744644104712
2035-12-08 13:00:00+01:00,128.3318626279351
2035-12-08 14:00:00+01:00,132.074419296203
2035-12-08 15:00:00+01:00,136.55056680642375
2035-12-08 16:00:00+01:00,147.64146563730407
2035-12-08 17:00:00+01:00,151.9311070012656
2035-12-08 18:00:00+01:00,148.0020441867385
2035-12-08 19:00:00+01:00,146.87057356609938
2035-12-08 20:00:00+01:00,134.4492642252368
2035-12-08 21:00:00+01:00,131.29109348191434
2035-12-08 22:00:00+01:00,131.46516588508962
2035-12-08 23:00:00+01:00,127.2376932365478
2035-12-09 00:00:00+01:00,123.95518506238591
2035-12-09 01:00:00+01:00,114.34390165849524
2035-12-09 02:00:00+01:00,108.71141604146746
2035-12-09 03:00:00+01:00,108.51247615212432
2035-12-09 04:00:00+01:00,107.20693312830994
2035-12-09 05:00:00+01:00,129.51306822091001
2035-12-09 06:00:00+01:00,143.82430651053244
2035-12-09 07:00:00+01:00,154.46759059039067
2035-12-09 08:00:00+01:00,158.9313043575275
2035-12-09 09:00:00+01:00,155.63636244028163
2035-12-09 10:00:00+01:00,154.09457829787232
2035-12-09 11:00:00+01:00,154.10701204095625
2035-12-09 12:00:00+01:00,153.00040890648498
2035-12-09 13:00:00+01:00,153.07501136498865
2035-12-09 14:00:00+01:00,154.10701204095625
2035-12-09 15:00:00+01:00,169.53728720813388
2035-12-09 16:00:00+01:00,176.82346065532656
2035-12-09 17:00:00+01:00,174.2496758369496
2035-12-09 18:00:00+01:00,161.8532339822549
2035-12-09 19:00:00+01:00,163.12147577681748
2035-12-09 20:00:00+01:00,154.70383170898566
2035-12-09 21:00:00+01:00,148.7605025148592
2035-12-09 22:00:00+01:00,144.44599366472977
2035-12-09 23:00:00+01:00,140.90237688580504
2035-12-10 00:00:00+01:00,132.75827516582007
2035-12-10 01:00:00+01:00,124.77581210592638
2035-12-10 02:00:00+01:00,130.3709964937023
2035-12-10 03:00:00+01:00,130.43316520912205
2035-12-10 04:00:00+01:00,127.27499446579964
2035-12-10 05:00:00+01:00,139.31085777105986
2035-12-10 06:00:00+01:00,153.65939728993413
2035-12-10 07:00:00+01:00,190.40110810299615
2035-12-10 08:00:00+01:00,201.55417564929616
2035-12-10 09:00:00+01:00,182.9284285095443
2035-12-10 10:00:00+01:00,182.90356102337637
2035-12-10 11:00:00+01:00,177.22134043401283
2035-12-10 12:00:00+01:00,177.03483428775363
2035-12-10 13:00:00+01:00,183.04033219729982
2035-12-10 14:00:00+01:00,195.6854489136734
2035-12-10 15:00:00+01:00,205.12265991438883
2035-12-10 16:00:00+01:00,214.55987091510426
2035-12-10 17:00:00+01:00,228.57269937071194
2035-12-10 18:00:00+01:00,210.97895290692765
2035-12-10 19:00:00+01:00,201.2308983291136
2035-12-10 20:00:00+01:00,179.72052279388606
2035-12-10 21:00:00+01:00,161.84080023917096
2035-12-10 22:00:00+01:00,153.42315617133914
2035-12-10 23:00:00+01:00,144.59519858173712
2035-12-11 00:00:00+01:00,134.27519182206152
2035-12-11 01:00:00+01:00,129.82391179800868
2035-12-11 02:00:00+01:00,125.74564406647421
2035-12-11 03:00:00+01:00,123.2588954496849
2035-12-11 04:00:00+01:00,129.6498393948334
2035-12-11 05:00:00+01:00,139.3730264864796
2035-12-11 06:00:00+01:00,182.59271744627773
2035-12-11 07:00:00+01:00,267.4157127649609
2035-12-11 08:00:00+01:00,327.3712219157511
2035-12-11 09:00:00+01:00,275.4976457695261
2035-12-11 10:00:00+01:00,359.4378453292491
2035-12-11 11:00:00+01:00,282.970325362978
2035-12-11 12:00:00+01:00,280.421408030769
2035-12-11 13:00:00+01:00,300.9246503761968
2035-12-11 14:00:00+01:00,286.2030985648041
2035-12-11 15:00:00+01:00,262.21840815587126
2035-12-11 16:00:00+01:00,281.59017988065995
2035-12-11 17:00:00+01:00,303.1502903882232
2035-12-11 18:00:00+01:00,328.76380114115307
2035-12-11 19:00:00+01:00,287.81948516571714
2035-12-11 20:00:00+01:00,229.45549512967216
2035-12-11 21:00:00+01:00,197.83648646719615
2035-12-11 22:00:00+01:00,162.51222236570408
2035-12-11 23:00:00+01:00,146.67163367675624
2035-12-12 00:00:00+01:00,131.7014070036846
2035-12-12 01:00:00+01:00,124.41523355649194
2035-12-12 02:00:00+01:00,120.2623633664538
2035-12-12 03:00:00+01:00,118.95682034263942
2035-12-12 04:00:00+01:00,124.9125832798498
2035-12-12 05:00:00+01:00,137.70690491323077
2035-12-12 06:00:00+01:00,187.41700976284898
2035-12-12 07:00:00+01:00,219.07331965457684
2035-12-12 08:00:00+01:00,251.3015817281662
2035-12-12 09:00:00+01:00,237.7488017666645
2035-12-12 10:00:00+01:00,216.89741461488617
2035-12-12 11:00:00+01:00,209.74801234161694
2035-12-12 12:00:00+01:00,202.9591886177821
2035-12-12 13:00:00+01:00,200.8081510642594
2035-12-12 14:00:00+01:00,211.53847134570523
2035-12-12 15:00:00+01:00,223.20132235844707
2035-12-12 16:00:00+01:00,240.9567074823227
2035-12-12 17:00:00+01:00,309.7650417088828
2035-12-12 18:00:00+01:00,315.78297336151286
2035-12-12 19:00:00+01:00,276.69128510558505
2035-12-12 20:00:00+01:00,219.9809828997049
2035-12-12 21:00:00+01:00,185.60168327259277
2035-12-12 22:00:00+01:00,158.55829206500908
2035-12-12 23:00:00+01:00,148.05177915907427
2035-12-13 00:00:00+01:00,143.2772218148388
2035-12-13 01:00:00+01:00,136.7868079250187
2035-12-13 02:00:00+01:00,132.14902175470667
2035-12-13 03:00:00+01:00,131.20405728032674
2035-12-13 04:00:00+01:00,133.69080589711604
2035-12-13 05:00:00+01:00,139.0000141939612
2035-12-13 06:00:00+01:00,179.19830558436033
2035-12-13 07:00:00+01:00,275.1868021924275
2035-12-13 08:00:00+01:00,367.75601945240936
2035-12-13 09:00:00+01:00,296.7593464430747
2035-12-13 10:00:00+01:00,237.73636802358055
2035-12-13 11:00:00+01:00,213.93818376090692
2035-12-13 12:00:00+01:00,202.16342906040956
2035-12-13 13:00:00+01:00,203.9911892937497
2035-12-13 14:00:00+01:00,216.00218511284203
2035-12-13 15:00:00+01:00,241.34215351792506
2035-12-13 16:00:00+01:00,282.4108069242004
2035-12-13 17:00:00+01:00,341.90626758088456
2035-12-13 18:00:00+01:00,333.7994670901514
2035-12-13 19:00:00+01:00,278.8174551729399
2035-12-13 20:00:00+01:00,204.74964762187042
2035-12-13 21:00:00+01:00,174.74702556030746
2035-12-13 22:00:00+01:00,155.83530232962477
2035-12-13 23:00:00+01:00,142.64310091755755
2035-12-14 00:00:00+01:00,132.4225641025535
2035-12-14 01:00:00+01:00,126.80251222860966
2035-12-14 02:00:00+01:00,120.49860448504879
2035-12-14 03:00:00+01:00,124.46496852882771
2035-12-14 04:00:00+01:00,123.89301634696619
2035-12-14 05:00:00+01:00,127.71017547373776
2035-12-14 06:00:00+01:00,132.44743158872137
2035-12-14 07:00:00+01:00,127.73504295990566
2035-12-14 08:00:00+01:00,133.35509483384948
2035-12-14 09:00:00+01:00,133.46699852160498
2035-12-14 10:00:00+01:00,132.44743158872137
2035-12-14 11:00:00+01:00,132.54690153339297
2035-12-14 12:00:00+01:00,134.82227651775517
2035-12-14 13:00:00+01:00,131.42786465583777
2035-12-14 14:00:00+01:00,135.53099987354014
2035-12-14 15:00:00+01:00,139.43519520189935
2035-12-14 16:00:00+01:00,144.45842740781376
2035-12-14 17:00:00+01:00,145.75153668854418
2035-12-14 18:00:00+01:00,145.73910294546022
2035-12-14 19:00:00+01:00,138.17938715042072
2035-12-14 20:00:00+01:00,135.0212164070983
2035-12-14 21:00:00+01:00,131.58950331592908
2035-12-14 22:00:00+01:00,130.06015291660367
2035-12-14 23:00:00+01:00,123.73137768687486
2035-12-15 00:00:00+01:00,104.869389428528
2035-12-15 01:00:00+01:00,104.869389428528
2035-12-15 02:00:00+01:00,105.10563054712298
2035-12-15 03:00:00+01:00,110.0791277807016
2035-12-15 04:00:00+01:00,110.31536889929657
2035-12-15 05:00:00+01:00,109.92992286369423
2035-12-15 06:00:00+01:00,105.10563054712298
2035-12-15 07:00:00+01:00,101.26360393418351
2035-12-15 08:00:00+01:00,104.37203970517014
2035-12-15 09:00:00+01:00,112.10582790338488
2035-12-15 10:00:00+01:00,116.95498770612403
2035-12-15 11:00:00+01:00,110.37753761471632
2035-12-15 12:00:00+01:00,111.52144197843938
2035-12-15 13:00:00+01:00,105.86408887524372
2035-12-15 14:00:00+01:00,107.46804173307282
2035-12-15 15:00:00+01:00,110.4272725870521
2035-12-15 16:00:00+01:00,117.82534972200027
2035-12-15 17:00:00+01:00,119.24279643357016
2035-12-15 18:00:00+01:00,108.93522341697852
2035-12-15 19:00:00+01:00,110.38997135780026
2035-12-15 20:00:00+01:00,104.85695568544405
2035-12-15 21:00:00+01:00,123.01022058800598
2035-12-15 22:00:00+01:00,123.14699176192939
2035-12-15 23:00:00+01:00,111.73281561086648
2035-12-16 00:00:00+01:00,106.22466742467816
2035-12-16 01:00:00+01:00,102.75565310425709
2035-12-16 02:00:00+01:00,100.4056756613912
2035-12-16 03:00:00+01:00,100.13213331354437
2035-12-16 04:00:00+01:00,100.81598918316143
2035-12-16 05:00:00+01:00,105.47864283964138
2035-12-16 06:00:00+01:00,123.50757031136385
2035-12-16 07:00:00+01:00,135.1206863517699
2035-12-16 08:00:00+01:00,137.66960368397895
2035-12-16 09:00:00+01:00,133.57890220936054
2035-12-16 10:00:00+01:00,131.88791314994378
2035-12-16 11:00:00+01:00,129.97311671501603
2035-12-16 12:00:00+01:00,126.11865635899261
2035-12-16 13:00:00+01:00,127.42419938280699
2035-12-16 14:00:00+01:00,127.63557301523409
2035-12-16 15:00:00+01:00,134.5363004268244
2035-12-16 16:00:00+01:00,143.76213779511272
2035-12-16 17:00:00+01:00,144.40869243547792
2035-12-16 18:00:00+01:00,144.5578973524853
2035-12-16 19:00:00+01:00,139.3730264864796
2035-12-16 20:00:00+01:00,132.534467790309
2035-12-16 21:00:00+01:00,126.10622261590868
2035-12-16 22:00:00+01:00,126.91441591636519
2035-12-16 23:00:00+01:00,120.67267688822403
2035-12-17 00:00:00+01:00,115.66187842539358
2035-12-17 01:00:00+01:00,114.54284154783838
2035-12-17 02:00:00+01:00,120.29966459570564
2035-12-17 03:00:00+01:00,119.59094123992068
2035-12-17 04:00:00+01:00,119.55364001066883
2035-12-17 05:00:00+01:00,117.0047226784598
2035-12-17 06:00:00+01:00,125.36019803087186
2035-12-17 07:00:00+01:00,136.98574781436187
2035-12-17 08:00:00+01:00,142.33225734045888
2035-12-17 09:00:00+01:00,134.05138444655051
2035-12-17 10:00:00+01:00,125.43480048937555
2035-12-17 11:00:00+01:00,122.38853343380865
2035-12-17 12:00:00+01:00,126.06892138665683
2035-12-17 13:00:00+01:00,129.8860805134284
2035-12-17 14:00:00+01:00,138.63943564452677
2035-12-17 15:00:00+01:00,138.71403810303045
2035-12-17 16:00:00+01:00,152.71443281555423
2035-12-17 17:00:00+01:00,153.3236862266676
2035-12-17 18:00:00+01:00,150.00387682325388
2035-12-17 19:00:00+01:00,142.69283588989333
2035-12-17 20:00:00+01:00,144.160017573799
2035-12-17 21:00:00+01:00,133.41726354926922
2035-12-17 22:00:00+01:00,126.98901837486886
2035-12-17 23:00:00+01:00,112.1928641049725
2035-12-18 00:00:00+01:00,116.74361407369693
2035-12-18 01:00:00+01:00,113.51084087187083
2035-12-18 02:00:00+01:00,106.68471591878419
2035-12-18 03:00:00+01:00,106.43604105710526
2035-12-18 04:00:00+01:00,105.96355881991529
2035-12-18 05:00:00+01:00,121.09542415307823
2035-12-18 06:00:00+01:00,134.64820411457993
2035-12-18 07:00:00+01:00,133.8648783002913
2035-12-18 08:00:00+01:00,135.54343361662407
2035-12-18 09:00:00+01:00,133.0691187429187
2035-12-18 10:00:00+01:00,134.13842064813812
2035-12-18 11:00:00+01:00,131.2164910234107
2035-12-18 12:00:00+01:00,129.36386330390263
2035-12-18 13:00:00+01:00,131.8630456637759
2035-12-18 14:00:00+01:00,137.38362759304817
2035-12-18 15:00:00+01:00,143.10314941166357
2035-12-18 16:00:00+01:00,139.4227614588154
2035-12-18 17:00:00+01:00,151.69486588267063
2035-12-18 18:00:00+01:00,166.87646618816933
2035-12-18 19:00:00+01:00,153.89563840852912
2035-12-18 20:00:00+01:00,145.47799434069736
2035-12-18 21:00:00+01:00,133.1437212014224
2035-12-18 22:00:00+01:00,130.8434787308923
2035-12-18 23:00:00+01:00,119.72771241384409
2035-12-19 00:00:00+01:00,108.21406631810962
2035-12-19 01:00:00+01:00,102.99189422285207
2035-12-19 02:00:00+01:00,101.48741130969454
2035-12-19 03:00:00+01:00,101.13926650334403
2035-12-19 04:00:00+01:00,102.03449600538819
2035-12-19 05:00:00+01:00,111.40953829068387
2035-12-19 06:00:00+01:00,129.52550196399397
2035-12-19 07:00:00+01:00,145.77640417471207
2035-12-19 08:00:00+01:00,143.05341443932775
2035-12-19 09:00:00+01:00,135.7672409921351
2035-12-19 10:00:00+01:00,135.00878266401438
2035-12-19 11:00:00+01:00,129.57523693632973
2035-12-19 12:00:00+01:00,123.18429299118122
2035-12-19 13:00:00+01:00,122.98535310183809
2035-12-19 14:00:00+01:00,129.40116453315449
2035-12-19 15:00:00+01:00,138.93784547854148
2035-12-19 16:00:00+01:00,144.09784885837928
2035-12-19 17:00:00+01:00,136.92357909894213
2035-12-19 18:00:00+01:00,134.94661394859463
2035-12-19 19:00:00+01:00,132.70854019348425
2035-12-19 20:00:00+01:00,124.73851087667454
2035-12-19 21:00:00+01:00,120.89648426373506
2035-12-19 22:00:00+01:00,113.34920221177953
2035-12-19 23:00:00+01:00,104.24770227433066
2035-12-20 00:00:00+01:00,99.11256638066075
2035-12-20 01:00:00+01:00,89.38937928901458
2035-12-20 02:00:00+01:00,82.50108562050819
2035-12-20 03:00:00+01:00,69.74406521637906
2035-12-20 04:00:00+01:00,69.90570387647037
2035-12-20 05:00:00+01:00,92.27400768449016
2035-12-20 06:00:00+01:00,108.74871727071931
2035-12-20 07:00:00+01:00,130.9553824186478
2035-12-20 08:00:00+01:00,133.56646846627658
2035-12-20 09:00:00+01:00,128.21995894017957
2035-12-20 10:00:00+01:00,125.38506551703975
2035-12-20 11:00:00+01:00,124.2784623825685
2035-12-20 12:00:00+01:00,116.28356557959091
2035-12-20 13:00:00+01:00,110.83758610882234
2035-12-20 14:00:00+01:00,118.12375955601499
2035-12-20 15:00:00+01:00,123.86814886079827
2035-12-20 16:00:00+01:00,128.21995894017957
2035-12-20 17:00:00+01:00,129.30169458848292
2035-12-20 18:00:00+01:00,128.6054049757819
2035-12-20 19:00:00+01:00,128.2821276555993
2035-12-20 20:00:00+01:00,124.07952249322537
2035-12-20 21:00:00+01:00,121.54303890410029
2035-12-20 22:00:00+01:00,119.72771241384409
2035-12-20 23:00:00+01:00,106.87122206504338
2035-12-21 00:00:00+01:00,112.46640645281931
2035-12-21 01:00:00+01:00,98.86389151898182
2035-12-21 02:00:00+01:00,84.4283157985199
2035-12-21 03:00:00+01:00,74.81703239462925
2035-12-21 04:00:00+01:00,74.17047775426403
2035-12-21 05:00:00+01:00,87.86002888968915
2035-12-21 06:00:00+01:00,110.46457381630393
2035-12-21 07:00:00+01:00,121.75441253652738
2035-12-21 08:00:00+01:00,125.43480048937555
2035-12-21 09:00:00+01:00,127.07605457645647
2035-12-21 10:00:00+01:00,115.05262501428021
2035-12-21 11:00:00+01:00,98.52818045571527
2035-12-21 12:00:00+01:00,91.13010332076708
2035-12-21 13:00:00+01:00,92.22427271215439
2035-12-21 14:00:00+01:00,108.76115101380327
2035-12-21 15:00:00+01:00,124.9125832798498
2035-12-21 16:00:00+01:00,127.72260921682171
2035-12-21 17:00:00+01:00,127.7474767029896
2035-12-21 18:00:00+01:00,129.25195961614713
2035-12-21 19:00:00+01:00,127.7474767029896
2035-12-21 20:00:00+01:00,127.7474767029896
2035-12-21 21:00:00+01:00,124.97475199526951
2035-12-21 22:00:00+01:00,117.47720491564976
2035-12-21 23:00:00+01:00,106.46090854327315
2035-12-22 00:00:00+01:00,117.3777349709782
2035-12-22 01:00:00+01:00,96.61338402078749
2035-12-22 02:00:00+01:00,87.98436632052861
2035-12-22 03:00:00+01:00,82.3394469604169
2035-12-22 04:00:00+01:00,83.52065255339183
2035-12-22 05:00:00+01:00,85.26137658514432
2035-12-22 06:00:00+01:00,95.58138334481994
2035-12-22 07:00:00+01:00,109.58177805734373
2035-12-22 08:00:00+01:00,116.79334904603272
2035-12-22 09:00:00+01:00,108.16433134577383
2035-12-22 10:00:00+01:00,97.50861352283167
2035-12-22 11:00:00+01:00,82.8989653991945
2035-12-22 12:00:00+01:00,92.19940522598648
2035-12-22 13:00:00+01:00,80.48681924090886
2035-12-22 14:00:00+01:00,93.66658690989217
2035-12-22 15:00:00+01:00,116.69387910136115
2035-12-22 16:00:00+01:00,126.18082507441233
2035-12-22 17:00:00+01:00,130.43316520912205
2035-12-22 18:00:00+01:00,129.60010442249762
2035-12-22 19:00:00+01:00,128.49350128802638
2035-12-22 20:00:00+01:00,129.25195961614713
2035-12-22 21:00:00+01:00,121.45600270251265
2035-12-22 22:00:00+01:00,109.59421180042767
2035-12-22 23:00:00+01:00,89.30234308742695
2035-12-23 00:00:00+01:00,68.20228107396969
2035-12-23 01:00:00+01:00,56.688634978235214
2035-12-23 02:00:00+01:00,41.41999847114888
2035-12-23 03:00:00+01:00,36.80707978700472
2035-12-23 04:00:00+01:00,32.31849853370002
2035-12-23 05:00:00+01:00,70.42792108599613
2035-12-23 06:00:00+01:00,106.43604105710526
2035-12-23 07:00:00+01:00,132.8826125966595
2035-12-23 08:00:00+01:00,134.03895070346655
2035-12-23 09:00:00+01:00,137.06035027286555
2035-12-23 10:00:00+01:00,120.75971308981164
2035-12-23 11:00:00+01:00,107.91565648409488
2035-12-23 12:00:00+01:00,107.04529446821863
2035-12-23 13:00:00+01:00,106.3117036262658
2035-12-23 14:00:00+01:00,114.55527529092234
2035-12-23 15:00:00+01:00,132.29822667171402
2035-12-23 16:00:00+01:00,137.06035027286555
2035-12-23 17:00:00+01:00,136.38892814633243
2035-12-23 18:00:00+01:00,136.26459071549297
2035-12-23 19:00:00+01:00,135.50613238737222
2035-12-23 20:00:00+01:00,134.1881556204739
2035-12-23 21:00:00+01:00,125.73321032339027
2035-12-23 22:00:00+01:00,118.78274793946417
2035-12-23 23:00:00+01:00,108.86062095847484
2035-12-24 00:00:00+01:00,92.22427271215439
2035-12-24 01:00:00+01:00,83.45848383797207
2035-12-24 02:00:00+01:00,79.6413247112005
2035-12-24 03:00:00+01:00,72.93953718895332
2035-12-24 04:00:00+01:00,70.9004033231861
2035-12-24 05:00:00+01:00,80.68575913025201
2035-12-24 06:00:00+01:00,92.01289907972729
2035-12-24 07:00:00+01:00,115.18939618820362
2035-12-24 08:00:00+01:00,127.10092206262439
2035-12-24 09:00:00+01:00,127.0511870902886
2035-12-24 10:00:00+01:00,119.69041118459225
2035-12-24 11:00:00+01:00,115.73648088389726
2035-12-24 12:00:00+01:00,110.67594744873102
2035-12-24 13:00:00+01:00,108.64924732604774
2035-12-24 14:00:00+01:00,110.30293515621263
2035-12-24 15:00:00+01:00,119.08115777347888
2035-12-24 16:00:00+01:00,131.46516588508962
2035-12-24 17:00:00+01:00,135.4936986442883
2035-12-24 18:00:00+01:00,133.8151433279555
2035-12-24 19:00:00+01:00,130.9802499048157
2035-12-24 20:00:00+01:00,115.18939618820362
2035-12-24 21:00:00+01:00,109.45744062650428
2035-12-24 22:00:00+01:00,105.87652261832766
2035-12-24 23:00:00+01:00,92.23670645523832
2035-12-25 00:00:00+01:00,100.85329041241327
2035-12-25 01:00:00+01:00,91.00576588992763
2035-12-25 02:00:00+01:00,85.54735267607509
2035-12-25 03:00:00+01:00,77.93790190869981
2035-12-25 04:00:00+01:00,70.3408848844085
2035-12-25 05:00:00+01:00,70.71389717692689
2035-12-25 06:00:00+01:00,71.39775304654395
2035-12-25 07:00:00+01:00,87.36267916633128
2035-12-25 08:00:00+01:00,98.15516816319688
2035-12-25 09:00:00+01:00,97.25993866115273
2035-12-25 10:00:00+01:00,99.38610872850758
2035-12-25 11:00:00+01:00,97.42157732124403
2035-12-25 12:00:00+01:00,96.66311899312329
2035-12-25 13:00:00+01:00,93.36817707587745
2035-12-25 14:00:00+01:00,97.32210737657246
2035-12-25 15:00:00+01:00,109.78071794668688
2035-12-25 16:00:00+01:00,121.5181714179324
2035-12-25 17:00:00+01:00,131.4527321420057
2035-12-25 18:00:00+01:00,132.03711806695117
2035-12-25 19:00:00+01:00,128.77947737895715
2035-12-25 20:00:00+01:00,123.91788383313407
2035-12-25 21:00:00+01:00,119.03142280114308
2035-12-25 22:00:00+01:00,118.42216939002971
2035-12-25 23:00:00+01:00,108.51247615212432
2035-12-26 00:00:00+01:00,111.24789963059257
2035-12-26 01:00:00+01:00,107.6794153654999
2035-12-26 02:00:00+01:00,104.5461121083454
2035-12-26 03:00:00+01:00,101.88529108838082
2035-12-26 04:00:00+01:00,99.94562716728517
2035-12-26 05:00:00+01:00,104.42177467750591
2035-12-26 06:00:00+01:00,113.08809360701665
2035-12-26 07:00:00+01:00,118.88221788413574
2035-12-26 08:00:00+01:00,130.8186112447244
2035-12-26 09:00:00+01:00,132.03711806695117
2035-12-26 10:00:00+01:00,123.14699176192939
2035-12-26 11:00:00+01:00,118.72057922404441
2035-12-26 12:00:00+01:00,117.63884357574108
2035-12-26 13:00:00+01:00,114.85368512493704
2035-12-26 14:00:00+01:00,117.48963865873372
2035-12-26 15:00:00+01:00,135.51856613045618
2035-12-26 16:00:00+01:00,141.94681130485654
2035-12-26 17:00:00+01:00,147.4922607202967
2035-12-26 18:00:00+01:00,145.71423545929233
2035-12-26 19:00:00+01:00,145.96291032097125
2035-12-26 20:00:00+01:00,141.9965462771923
2035-12-26 21:00:00+01:00,137.07278401594948
2035-12-26 22:00:00+01:00,136.60030177875953
2035-12-26 23:00:00+01:00,128.85407983746086
2035-12-27 00:00:00+01:00,122.41340091997654
2035-12-27 01:00:00+01:00,119.23036269048623
2035-12-27 02:00:00+01:00,114.85368512493704
2035-12-27 03:00:00+01:00,111.90688801404173
2035-12-27 04:00:00+01:00,111.84471929862198
2035-12-27 05:00:00+01:00,118.820049168716
2035-12-27 06:00:00+01:00,124.4898360149956
2035-12-27 07:00:00+01:00,141.5862327554221
2035-12-27 08:00:00+01:00,152.04301068902112
2035-12-27 09:00:00+01:00,147.24358585861773
2035-12-27 10:00:00+01:00,136.20242200007323
2035-12-27 11:00:00+01:00,129.89851425651236
2035-12-27 12:00:00+01:00,128.20752519709563
2035-12-27 13:00:00+01:00,124.50226975807956
2035-12-27 14:00:00+01:00,133.77784209870367
2035-12-27 15:00:00+01:00,143.5134629334338
2035-12-27 16:00:00+01:00,170.49468542559777
2035-12-27 17:00:00+01:00,181.6228854857299
2035-12-27 18:00:00+01:00,184.18423656102289
2035-12-27 19:00:00+01:00,168.92803379702048
2035-12-27 20:00:00+01:00,148.89727368878266
2035-12-27 21:00:00+01:00,139.17408659713647
2035-12-27 22:00:00+01:00,139.16165285405253
2035-12-27 23:00:00+01:00,130.3709964937023
2035-12-28 00:00:00+01:00,132.06198555311903
2035-12-28 01:00:00+01:00,124.62660718891902
2035-12-28 02:00:00+01:00,118.3102657022742
2035-12-28 03:00:00+01:00,115.04019127119625
2035-12-28 04:00:00+01:00,113.33676846869557
2035-12-28 05:00:00+01:00,115.38833607754677
2035-12-28 06:00:00+01:00,121.71711130727554
2035-12-28 07:00:00+01:00,129.33899581773477
2035-12-28 08:00:00+01:00,137.30902513454447
2035-12-28 09:00:00+01:00,138.31615832434414
2035-12-28 10:00:00+01:00,128.58053748961402
2035-12-28 11:00:00+01:00,118.58380805012101
2035-12-28 12:00:00+01:00,115.78621585623304
2035-12-28 13:00:00+01:00,113.88385316438922
2035-12-28 14:00:00+01:00,121.7046775641916
2035-12-28 15:00:00+01:00,137.29659139146054
2035-12-28 16:00:00+01:00,149.4692258706442
2035-12-28 17:00:00+01:00,156.0466759620519
2035-12-28 18:00:00+01:00,157.01650792259971
2035-12-28 19:00:00+01:00,151.2596848747325
2035-12-28 20:00:00+01:00,141.74787141551337
2035-12-28 21:00:00+01:00,132.91991382591135
2035-12-28 22:00:00+01:00,131.0051173909836
2035-12-28 23:00:00+01:00,123.22159422043306
2035-12-29 00:00:00+01:00,125.54670417713106
2035-12-29 01:00:00+01:00,117.1663613385511
2035-12-29 02:00:00+01:00,110.66351370564709
2035-12-29 03:00:00+01:00,100.0077958827049
2035-12-29 04:00:00+01:00,94.69858758585974
2035-12-29 05:00:00+01:00,94.81049127361527
2035-12-29 06:00:00+01:00,97.55834849516744
2035-12-29 07:00:00+01:00,109.04712710473402
2035-12-29 08:00:00+01:00,115.0774925004481
2035-12-29 09:00:00+01:00,115.08992624353205
2035-12-29 10:00:00+01:00,113.19999729477216
2035-12-29 11:00:00+01:00,110.06669403761765
2035-12-29 12:00:00+01:00,108.12703011652198
2035-12-29 13:00:00+01:00,108.16433134577383
2035-12-29 14:00:00+01:00,112.1928641049725
2035-12-29 15:00:00+01:00,125.63374037871868
2035-12-29 16:00:00+01:00,142.54363097288595
2035-12-29 17:00:00+01:00,146.957609767687
2035-12-29 18:00:00+01:00,148.44965893776055
2035-12-29 19:00:00+01:00,145.552596799201
2035-12-29 20:00:00+01:00,139.32329151414382
2035-12-29 21:00:00+01:00,127.47393435514277
2035-12-29 22:00:00+01:00,119.46660380908122
2035-12-29 23:00:00+01:00,111.3598033183481
2035-12-30 00:00:00+01:00,113.68491327504609
2035-12-30 01:00:00+01:00,112.59074388365879
2035-12-30 02:00:00+01:00,111.28520085984441
2035-12-30 03:00:00+01:00,110.0791277807016
2035-12-30 04:00:00+01:00,110.37753761471632
2035-12-30 05:00:00+01:00,120.44886951271297
2035-12-30 06:00:00+01:00,135.70507227671538
2035-12-30 07:00:00+01:00,146.2737538980699
2035-12-30 08:00:00+01:00,148.61129759785186
2035-12-30 09:00:00+01:00,146.16185021031438
2035-12-30 10:00:00+01:00,142.54363097288595
2035-12-30 11:00:00+01:00,135.77967473521903
2035-12-30 12:00:00+01:00,131.83817817760803
2035-12-30 13:00:00+01:00,130.7937437585565
2035-12-30 14:00:00+01:00,142.00898002027628
2035-12-30 15:00:00+01:00,146.5348625028328
2035-12-30 16:00:00+01:00,147.29332083095355
2035-12-30 17:00:00+01:00,152.9755414203171
2035-12-30 18:00:00+01:00,161.75376403758335
2035-12-30 19:00:00+01:00,155.92233853121243
2035-12-30 20:00:00+01:00,148.62373134093582
2035-12-30 21:00:00+01:00,146.6343324475044
2035-12-30 22:00:00+01:00,142.54363097288595
2035-12-30 23:00:00+01:00,135.80454222138695
2035-12-31 00:00:00+01:00,112.55344265440695
2035-12-31 01:00:00+01:00,108.06486140110226
2035-12-31 02:00:00+01:00,107.51777670540861
2035-12-31 03:00:00+01:00,108.74871727071931
2035-12-31 04:00:00+01:00,107.25666810064573
2035-12-31 05:00:00+01:00,109.40770565416847
2035-12-31 06:00:00+01:00,115.48780602221834
2035-12-31 07:00:00+01:00,132.534467790309
2035-12-31 08:00:00+01:00,132.9572150551632
2035-12-31 09:00:00+01:00,130.10988788893945
2035-12-31 10:00:00+01:00,125.67104160797052
2035-12-31 11:00:00+01:00,120.82188180523138
2035-12-31 12:00:00+01:00,122.77397946941099
2035-12-31 13:00:00+01:00,115.06505875736414
2035-12-31 14:00:00+01:00,122.77397946941099
2035-12-31 15:00:00+01:00,130.59480386921337
2035-12-31 16:00:00+01:00,143.40155924567824
2035-12-31 17:00:00+01:00,144.27192126155455
2035-12-31 18:00:00+01:00,142.2825223681231
2035-12-31 19:00:00+01:00,136.96088032819398
2035-12-31 20:00:00+01:00,124.20385992406486
2035-12-31 21:00:00+01:00,118.39730190386182
2035-12-31 22:00:00+01:00,122.76154572632703
2035-12-31 23:00:00+01:00,113.31190098252769
