Date (GMT+1),Price (EUR/MWh)
2025-01-01 00:00:00+01:00,25.470138490437158
2025-01-01 01:00:00+01:00,21.450338490437154
2025-01-01 02:00:00+01:00,13.703638490437157
2025-01-01 03:00:00+01:00,10.724138490437156
2025-01-01 04:00:00+01:00,10.703938490437153
2025-01-01 05:00:00+01:00,10.744338490437158
2025-01-01 06:00:00+01:00,10.693838490437159
2025-01-01 07:00:00+01:00,7.633538490437161
2025-01-01 08:00:00+01:00,7.835538490437159
2025-01-01 09:00:00+01:00,9.976738490437157
2025-01-01 10:00:00+01:00,9.087938490437153
2025-01-01 11:00:00+01:00,7.562838490437159
2025-01-01 12:00:00+01:00,10.057538490437167
2025-01-01 13:00:00+01:00,8.643538490437166
2025-01-01 14:00:00+01:00,10.86553849043716
2025-01-01 15:00:00+01:00,19.854538490437157
2025-01-01 16:00:00+01:00,28.62133849043716
2025-01-01 17:00:00+01:00,41.76143849043716
2025-01-01 18:00:00+01:00,48.55873849043716
2025-01-01 19:00:00+01:00,42.98353849043716
2025-01-01 20:00:00+01:00,42.25633849043716
2025-01-01 21:00:00+01:00,34.59043849043716
2025-01-01 22:00:00+01:00,33.590538490437154
2025-01-01 23:00:00+01:00,25.571138490437157
2025-01-02 00:00:00+01:00,21.702838490437152
2025-01-02 01:00:00+01:00,13.380438490437157
2025-01-02 02:00:00+01:00,10.673638490437156
2025-01-02 03:00:00+01:00,8.997038490437149
2025-01-02 04:00:00+01:00,9.35053849043716
2025-01-02 05:00:00+01:00,10.714038490437161
2025-01-02 06:00:00+01:00,19.32933849043716
2025-01-02 07:00:00+01:00,40.20603849043716
2025-01-02 08:00:00+01:00,48.08403849043716
2025-01-02 09:00:00+01:00,51.56853849043716
2025-01-02 10:00:00+01:00,51.64933849043716
2025-01-02 11:00:00+01:00,55.669138490437156
2025-01-02 12:00:00+01:00,58.315338490437156
2025-01-02 13:00:00+01:00,61.02213849043716
2025-01-02 14:00:00+01:00,64.87023849043716
2025-01-02 15:00:00+01:00,67.35483849043716
2025-01-02 16:00:00+01:00,72.47553849043716
2025-01-02 17:00:00+01:00,75.79843849043715
2025-01-02 18:00:00+01:00,67.75883849043716
2025-01-02 19:00:00+01:00,59.87073849043716
2025-01-02 20:00:00+01:00,47.98303849043715
2025-01-02 21:00:00+01:00,32.69163849043716
2025-01-02 22:00:00+01:00,28.328438490437158
2025-01-02 23:00:00+01:00,17.430538490437165
2025-01-03 00:00:00+01:00,18.884938490437158
2025-01-03 01:00:00+01:00,14.53183849043716
2025-01-03 02:00:00+01:00,10.703938490437153
2025-01-03 03:00:00+01:00,10.673638490437156
2025-01-03 04:00:00+01:00,10.653438490437154
2025-01-03 05:00:00+01:00,23.086538490437157
2025-01-03 06:00:00+01:00,51.669538490437155
2025-01-03 07:00:00+01:00,59.86063849043716
2025-01-03 08:00:00+01:00,61.93113849043716
2025-01-03 09:00:00+01:00,62.749238490437165
2025-01-03 10:00:00+01:00,58.426438490437164
2025-01-03 11:00:00+01:00,56.02263849043716
2025-01-03 12:00:00+01:00,59.87073849043716
2025-01-03 13:00:00+01:00,64.85003849043716
2025-01-03 14:00:00+01:00,71.64733849043715
2025-01-03 15:00:00+01:00,78.21233849043716
2025-01-03 16:00:00+01:00,75.73783849043716
2025-01-03 17:00:00+01:00,81.64633849043716
2025-01-03 18:00:00+01:00,86.06003849043715
2025-01-03 19:00:00+01:00,82.10083849043717
2025-01-03 20:00:00+01:00,82.77753849043715
2025-01-03 21:00:00+01:00,66.90033849043715
2025-01-03 22:00:00+01:00,65.63783849043715
2025-01-03 23:00:00+01:00,53.14413849043716
2025-01-04 00:00:00+01:00,48.154738490437154
2025-01-04 01:00:00+01:00,40.64033849043716
2025-01-04 02:00:00+01:00,35.66103849043716
2025-01-04 03:00:00+01:00,29.661638490437163
2025-01-04 04:00:00+01:00,32.26743849043716
2025-01-04 05:00:00+01:00,54.65913849043716
2025-01-04 06:00:00+01:00,70.67773849043716
2025-01-04 07:00:00+01:00,84.27233849043716
2025-01-04 08:00:00+01:00,90.84743849043716
2025-01-04 09:00:00+01:00,94.12993849043715
2025-01-04 10:00:00+01:00,91.75643849043715
2025-01-04 11:00:00+01:00,88.50423849043716
2025-01-04 12:00:00+01:00,86.63573849043716
2025-01-04 13:00:00+01:00,87.41343849043716
2025-01-04 14:00:00+01:00,91.71603849043716
2025-01-04 15:00:00+01:00,93.96833849043716
2025-01-04 16:00:00+01:00,105.21973849043717
2025-01-04 17:00:00+01:00,108.38103849043716
2025-01-04 18:00:00+01:00,109.42133849043717
2025-01-04 19:00:00+01:00,108.41133849043716
2025-01-04 20:00:00+01:00,99.32133849043717
2025-01-04 21:00:00+01:00,95.64493849043717
2025-01-04 22:00:00+01:00,92.76643849043715
2025-01-04 23:00:00+01:00,88.08003849043715
2025-01-05 00:00:00+01:00,86.90843849043716
2025-01-05 01:00:00+01:00,81.69683849043716
2025-01-05 02:00:00+01:00,78.31333849043716
2025-01-05 03:00:00+01:00,77.22253849043715
2025-01-05 04:00:00+01:00,76.74783849043715
2025-01-05 05:00:00+01:00,82.96943849043717
2025-01-05 06:00:00+01:00,88.66583849043717
2025-01-05 07:00:00+01:00,100.26063849043716
2025-01-05 08:00:00+01:00,104.35113849043715
2025-01-05 09:00:00+01:00,101.01813849043715
2025-01-05 10:00:00+01:00,98.41233849043715
2025-01-05 11:00:00+01:00,98.23053849043717
2025-01-05 12:00:00+01:00,92.68563849043716
2025-01-05 13:00:00+01:00,93.96833849043716
2025-01-05 14:00:00+01:00,95.27123849043716
2025-01-05 15:00:00+01:00,99.65463849043716
2025-01-05 16:00:00+01:00,101.16963849043717
2025-01-05 17:00:00+01:00,109.38093849043716
2025-01-05 18:00:00+01:00,110.69393849043715
2025-01-05 19:00:00+01:00,106.11863849043715
2025-01-05 20:00:00+01:00,98.47293849043716
2025-01-05 21:00:00+01:00,93.14013849043715
2025-01-05 22:00:00+01:00,88.67593849043716
2025-01-05 23:00:00+01:00,85.96913849043716
2025-01-06 00:00:00+01:00,80.68683849043715
2025-01-06 01:00:00+01:00,76.02063849043715
2025-01-06 02:00:00+01:00,75.62673849043715
2025-01-06 03:00:00+01:00,73.48553849043716
2025-01-06 04:00:00+01:00,73.68753849043715
2025-01-06 05:00:00+01:00,75.02073849043715
2025-01-06 06:00:00+01:00,75.29343849043715
2025-01-06 07:00:00+01:00,80.09093849043715
2025-01-06 08:00:00+01:00,84.05013849043716
2025-01-06 09:00:00+01:00,88.42343849043715
2025-01-06 10:00:00+01:00,90.38283849043715
2025-01-06 11:00:00+01:00,92.45333849043716
2025-01-06 12:00:00+01:00,91.19083849043716
2025-01-06 13:00:00+01:00,89.82733849043716
2025-01-06 14:00:00+01:00,90.36263849043716
2025-01-06 15:00:00+01:00,91.46353849043716
2025-01-06 16:00:00+01:00,95.25103849043717
2025-01-06 17:00:00+01:00,98.05883849043715
2025-01-06 18:00:00+01:00,96.55393849043716
2025-01-06 19:00:00+01:00,92.45333849043716
2025-01-06 20:00:00+01:00,90.34243849043716
2025-01-06 21:00:00+01:00,87.00943849043716
2025-01-06 22:00:00+01:00,86.57513849043715
2025-01-06 23:00:00+01:00,82.53513849043716
2025-01-07 00:00:00+01:00,85.09043849043715
2025-01-07 01:00:00+01:00,80.76763849043715
2025-01-07 02:00:00+01:00,77.54573849043716
2025-01-07 03:00:00+01:00,74.07133849043716
2025-01-07 04:00:00+01:00,72.20283849043716
2025-01-07 05:00:00+01:00,74.03093849043715
2025-01-07 06:00:00+01:00,76.08123849043716
2025-01-07 07:00:00+01:00,79.48493849043716
2025-01-07 08:00:00+01:00,82.59573849043716
2025-01-07 09:00:00+01:00,89.37283849043715
2025-01-07 10:00:00+01:00,93.80673849043716
2025-01-07 11:00:00+01:00,95.59443849043717
2025-01-07 12:00:00+01:00,95.21063849043716
2025-01-07 13:00:00+01:00,92.08973849043717
2025-01-07 14:00:00+01:00,92.02913849043716
2025-01-07 15:00:00+01:00,92.48363849043716
2025-01-07 16:00:00+01:00,96.96803849043717
2025-01-07 17:00:00+01:00,105.05813849043716
2025-01-07 18:00:00+01:00,108.48203849043716
2025-01-07 19:00:00+01:00,105.03793849043716
2025-01-07 20:00:00+01:00,102.00793849043716
2025-01-07 21:00:00+01:00,98.63453849043715
2025-01-07 22:00:00+01:00,96.27113849043715
2025-01-07 23:00:00+01:00,92.44323849043715
2025-01-08 00:00:00+01:00,89.51423849043715
2025-01-08 01:00:00+01:00,88.57493849043716
2025-01-08 02:00:00+01:00,86.65593849043715
2025-01-08 03:00:00+01:00,85.17123849043716
2025-01-08 04:00:00+01:00,85.15103849043716
2025-01-08 05:00:00+01:00,88.69613849043715
2025-01-08 06:00:00+01:00,100.71513849043716
2025-01-08 07:00:00+01:00,108.68403849043716
2025-01-08 08:00:00+01:00,118.24873849043715
2025-01-08 09:00:00+01:00,118.03663849043716
2025-01-08 10:00:00+01:00,112.90583849043716
2025-01-08 11:00:00+01:00,111.97663849043715
2025-01-08 12:00:00+01:00,105.37123849043715
2025-01-08 13:00:00+01:00,105.25003849043715
2025-01-08 14:00:00+01:00,108.15883849043716
2025-01-08 15:00:00+01:00,111.41103849043716
2025-01-08 16:00:00+01:00,119.66273849043716
2025-01-08 17:00:00+01:00,137.33773849043715
2025-01-08 18:00:00+01:00,137.69123849043717
2025-01-08 19:00:00+01:00,129.09613849043717
2025-01-08 20:00:00+01:00,116.95593849043715
2025-01-08 21:00:00+01:00,104.37133849043715
2025-01-08 22:00:00+01:00,103.26033849043715
2025-01-08 23:00:00+01:00,101.17973849043716
2025-01-09 00:00:00+01:00,94.47333849043716
2025-01-09 01:00:00+01:00,94.12993849043715
2025-01-09 02:00:00+01:00,93.24113849043715
2025-01-09 03:00:00+01:00,92.10993849043716
2025-01-09 04:00:00+01:00,91.99883849043717
2025-01-09 05:00:00+01:00,95.96813849043716
2025-01-09 06:00:00+01:00,107.87603849043717
2025-01-09 07:00:00+01:00,127.50033849043714
2025-01-09 08:00:00+01:00,136.35803849043714
2025-01-09 09:00:00+01:00,128.93453849043715
2025-01-09 10:00:00+01:00,112.96643849043716
2025-01-09 11:00:00+01:00,107.21953849043716
2025-01-09 12:00:00+01:00,102.22003849043715
2025-01-09 13:00:00+01:00,103.04823849043716
2025-01-09 14:00:00+01:00,111.07773849043716
2025-01-09 15:00:00+01:00,118.76383849043717
2025-01-09 16:00:00+01:00,129.56073849043716
2025-01-09 17:00:00+01:00,143.38763849043715
2025-01-09 18:00:00+01:00,143.72093849043716
2025-01-09 19:00:00+01:00,133.51993849043714
2025-01-09 20:00:00+01:00,116.28933849043716
2025-01-09 21:00:00+01:00,109.27993849043716
2025-01-09 22:00:00+01:00,103.57343849043716
2025-01-09 23:00:00+01:00,98.94763849043716
2025-01-10 00:00:00+01:00,93.79663849043716
2025-01-10 01:00:00+01:00,91.41303849043716
2025-01-10 02:00:00+01:00,90.73633849043716
2025-01-10 03:00:00+01:00,89.38293849043716
2025-01-10 04:00:00+01:00,89.35263849043716
2025-01-10 05:00:00+01:00,92.16043849043716
2025-01-10 06:00:00+01:00,104.93693849043717
2025-01-10 07:00:00+01:00,123.75323849043716
2025-01-10 08:00:00+01:00,138.23663849043717
2025-01-10 09:00:00+01:00,126.56103849043717
2025-01-10 10:00:00+01:00,115.23893849043715
2025-01-10 11:00:00+01:00,108.93653849043716
2025-01-10 12:00:00+01:00,104.35113849043715
2025-01-10 13:00:00+01:00,104.11883849043716
2025-01-10 14:00:00+01:00,108.89613849043715
2025-01-10 15:00:00+01:00,118.15783849043714
2025-01-10 16:00:00+01:00,125.55103849043716
2025-01-10 17:00:00+01:00,137.87303849043715
2025-01-10 18:00:00+01:00,138.72143849043715
2025-01-10 19:00:00+01:00,128.99513849043717
2025-01-10 20:00:00+01:00,116.67313849043715
2025-01-10 21:00:00+01:00,106.01763849043715
2025-01-10 22:00:00+01:00,102.69473849043717
2025-01-10 23:00:00+01:00,97.74573849043716
2025-01-11 00:00:00+01:00,92.47353849043716
2025-01-11 01:00:00+01:00,89.64553849043716
2025-01-11 02:00:00+01:00,87.29223849043717
2025-01-11 03:00:00+01:00,86.35293849043715
2025-01-11 04:00:00+01:00,86.79733849043716
2025-01-11 05:00:00+01:00,90.47373849043716
2025-01-11 06:00:00+01:00,105.11873849043715
2025-01-11 07:00:00+01:00,121.90493849043716
2025-01-11 08:00:00+01:00,143.08463849043716
2025-01-11 09:00:00+01:00,130.6515384904372
2025-01-11 10:00:00+01:00,115.84493849043716
2025-01-11 11:00:00+01:00,106.06813849043715
2025-01-11 12:00:00+01:00,100.92723849043716
2025-01-11 13:00:00+01:00,100.90703849043716
2025-01-11 14:00:00+01:00,105.50253849043716
2025-01-11 15:00:00+01:00,117.03673849043716
2025-01-11 16:00:00+01:00,126.11663849043717
2025-01-11 17:00:00+01:00,139.89303849043716
2025-01-11 18:00:00+01:00,140.87273849043714
2025-01-11 19:00:00+01:00,133.5906384904372
2025-01-11 20:00:00+01:00,117.04683849043715
2025-01-11 21:00:00+01:00,105.77523849043716
2025-01-11 22:00:00+01:00,102.15943849043717
2025-01-11 23:00:00+01:00,94.89753849043716
2025-01-12 00:00:00+01:00,88.01943849043717
2025-01-12 01:00:00+01:00,85.62573849043716
2025-01-12 02:00:00+01:00,85.42373849043716
2025-01-12 03:00:00+01:00,83.99963849043716
2025-01-12 04:00:00+01:00,84.55513849043716
2025-01-12 05:00:00+01:00,86.65593849043715
2025-01-12 06:00:00+01:00,98.05883849043715
2025-01-12 07:00:00+01:00,115.31973849043717
2025-01-12 08:00:00+01:00,133.97443849043717
2025-01-12 09:00:00+01:00,123.92493849043717
2025-01-12 10:00:00+01:00,112.90583849043716
2025-01-12 11:00:00+01:00,105.92673849043715
2025-01-12 12:00:00+01:00,101.24033849043715
2025-01-12 13:00:00+01:00,98.61433849043716
2025-01-12 14:00:00+01:00,101.21003849043716
2025-01-12 15:00:00+01:00,106.40143849043716
2025-01-12 16:00:00+01:00,112.09783849043716
2025-01-12 17:00:00+01:00,122.49073849043717
2025-01-12 18:00:00+01:00,125.54093849043716
2025-01-12 19:00:00+01:00,119.29913849043717
2025-01-12 20:00:00+01:00,108.11843849043716
2025-01-12 21:00:00+01:00,97.91743849043716
2025-01-12 22:00:00+01:00,94.63493849043716
2025-01-12 23:00:00+01:00,89.73643849043715
2025-01-13 00:00:00+01:00,93.06943849043716
2025-01-13 01:00:00+01:00,87.68613849043714
2025-01-13 02:00:00+01:00,87.03973849043717
2025-01-13 03:00:00+01:00,86.72663849043717
2025-01-13 04:00:00+01:00,86.36303849043716
2025-01-13 05:00:00+01:00,87.03973849043717
2025-01-13 06:00:00+01:00,88.15073849043716
2025-01-13 07:00:00+01:00,88.57493849043716
2025-01-13 08:00:00+01:00,90.35253849043715
2025-01-13 09:00:00+01:00,93.16033849043716
2025-01-13 10:00:00+01:00,93.25123849043716
2025-01-13 11:00:00+01:00,92.08973849043717
2025-01-13 12:00:00+01:00,87.73663849043716
2025-01-13 13:00:00+01:00,86.58523849043716
2025-01-13 14:00:00+01:00,87.00943849043716
2025-01-13 15:00:00+01:00,90.17073849043716
2025-01-13 16:00:00+01:00,90.84743849043716
2025-01-13 17:00:00+01:00,98.19013849043716
2025-01-13 18:00:00+01:00,101.22013849043717
2025-01-13 19:00:00+01:00,99.51323849043716
2025-01-13 20:00:00+01:00,95.92773849043716
2025-01-13 21:00:00+01:00,92.15033849043715
2025-01-13 22:00:00+01:00,92.96843849043715
2025-01-13 23:00:00+01:00,91.81703849043716
2025-01-14 00:00:00+01:00,87.32253849043715
2025-01-14 01:00:00+01:00,86.62563849043715
2025-01-14 02:00:00+01:00,86.60543849043717
2025-01-14 03:00:00+01:00,86.16103849043716
2025-01-14 04:00:00+01:00,86.08023849043717
2025-01-14 05:00:00+01:00,86.17113849043716
2025-01-14 06:00:00+01:00,86.12063849043716
2025-01-14 07:00:00+01:00,86.44383849043716
2025-01-14 08:00:00+01:00,86.13073849043715
2025-01-14 09:00:00+01:00,87.04983849043715
2025-01-14 10:00:00+01:00,86.20143849043716
2025-01-14 11:00:00+01:00,86.11053849043716
2025-01-14 12:00:00+01:00,84.95913849043717
2025-01-14 13:00:00+01:00,86.12063849043716
2025-01-14 14:00:00+01:00,86.38323849043717
2025-01-14 15:00:00+01:00,88.87793849043716
2025-01-14 16:00:00+01:00,92.58463849043716
2025-01-14 17:00:00+01:00,96.26103849043716
2025-01-14 18:00:00+01:00,97.89723849043716
2025-01-14 19:00:00+01:00,96.60443849043716
2025-01-14 20:00:00+01:00,93.60473849043717
2025-01-14 21:00:00+01:00,91.09993849043715
2025-01-14 22:00:00+01:00,90.24143849043715
2025-01-14 23:00:00+01:00,87.03973849043717
2025-01-15 00:00:00+01:00,88.64563849043715
2025-01-15 01:00:00+01:00,87.01953849043716
2025-01-15 02:00:00+01:00,87.20133849043717
2025-01-15 03:00:00+01:00,87.31243849043716
2025-01-15 04:00:00+01:00,87.11043849043716
2025-01-15 05:00:00+01:00,89.19103849043717
2025-01-15 06:00:00+01:00,94.61473849043716
2025-01-15 07:00:00+01:00,100.51313849043716
2025-01-15 08:00:00+01:00,107.15893849043715
2025-01-15 09:00:00+01:00,104.15923849043716
2025-01-15 10:00:00+01:00,104.17943849043716
2025-01-15 11:00:00+01:00,100.57373849043717
2025-01-15 12:00:00+01:00,98.28103849043717
2025-01-15 13:00:00+01:00,98.70523849043717
2025-01-15 14:00:00+01:00,99.94753849043715
2025-01-15 15:00:00+01:00,100.22023849043717
2025-01-15 16:00:00+01:00,102.78563849043715
2025-01-15 17:00:00+01:00,112.43113849043715
2025-01-15 18:00:00+01:00,119.07693849043716
2025-01-15 19:00:00+01:00,113.23913849043717
2025-01-15 20:00:00+01:00,104.22993849043716
2025-01-15 21:00:00+01:00,98.22043849043716
2025-01-15 22:00:00+01:00,95.84693849043717
2025-01-15 23:00:00+01:00,92.37253849043715
2025-01-16 00:00:00+01:00,88.98903849043715
2025-01-16 01:00:00+01:00,89.54453849043716
2025-01-16 02:00:00+01:00,88.16083849043716
2025-01-16 03:00:00+01:00,88.53453849043716
2025-01-16 04:00:00+01:00,88.59513849043717
2025-01-16 05:00:00+01:00,89.53443849043717
2025-01-16 06:00:00+01:00,96.53373849043716
2025-01-16 07:00:00+01:00,111.44133849043716
2025-01-16 08:00:00+01:00,134.91373849043717
2025-01-16 09:00:00+01:00,127.56093849043717
2025-01-16 10:00:00+01:00,117.12763849043716
2025-01-16 11:00:00+01:00,108.15883849043716
2025-01-16 12:00:00+01:00,99.35163849043717
2025-01-16 13:00:00+01:00,98.81633849043716
2025-01-16 14:00:00+01:00,100.99793849043715
2025-01-16 15:00:00+01:00,112.18873849043716
2025-01-16 16:00:00+01:00,117.64273849043715
2025-01-16 17:00:00+01:00,134.93393849043716
2025-01-16 18:00:00+01:00,132.52003849043717
2025-01-16 19:00:00+01:00,122.50083849043716
2025-01-16 20:00:00+01:00,106.85593849043715
2025-01-16 21:00:00+01:00,96.55393849043716
2025-01-16 22:00:00+01:00,96.58423849043716
2025-01-16 23:00:00+01:00,92.23113849043715
2025-01-17 00:00:00+01:00,87.97903849043716
2025-01-17 01:00:00+01:00,85.99943849043717
2025-01-17 02:00:00+01:00,83.12093849043715
2025-01-17 03:00:00+01:00,82.98963849043716
2025-01-17 04:00:00+01:00,83.01993849043716
2025-01-17 05:00:00+01:00,87.87803849043716
2025-01-17 06:00:00+01:00,93.09973849043716
2025-01-17 07:00:00+01:00,108.34063849043716
2025-01-17 08:00:00+01:00,114.60263849043716
2025-01-17 09:00:00+01:00,113.01693849043716
2025-01-17 10:00:00+01:00,111.77463849043716
2025-01-17 11:00:00+01:00,110.50203849043716
2025-01-17 12:00:00+01:00,107.55283849043715
2025-01-17 13:00:00+01:00,106.66403849043715
2025-01-17 14:00:00+01:00,108.01743849043717
2025-01-17 15:00:00+01:00,112.94623849043717
2025-01-17 16:00:00+01:00,116.39033849043716
2025-01-17 17:00:00+01:00,128.64163849043717
2025-01-17 18:00:00+01:00,123.29873849043716
2025-01-17 19:00:00+01:00,112.29983849043715
2025-01-17 20:00:00+01:00,103.74513849043716
2025-01-17 21:00:00+01:00,93.65523849043717
2025-01-17 22:00:00+01:00,92.10993849043716
2025-01-17 23:00:00+01:00,88.30223849043716
2025-01-18 00:00:00+01:00,81.25243849043716
2025-01-18 01:00:00+01:00,77.48513849043715
2025-01-18 02:00:00+01:00,76.23273849043716
2025-01-18 03:00:00+01:00,75.91963849043717
2025-01-18 04:00:00+01:00,76.19233849043715
2025-01-18 05:00:00+01:00,80.74743849043716
2025-01-18 06:00:00+01:00,90.63533849043715
2025-01-18 07:00:00+01:00,105.65403849043716
2025-01-18 08:00:00+01:00,115.31973849043717
2025-01-18 09:00:00+01:00,113.87543849043716
2025-01-18 10:00:00+01:00,104.80563849043716
2025-01-18 11:00:00+01:00,101.07873849043716
2025-01-18 12:00:00+01:00,94.64503849043714
2025-01-18 13:00:00+01:00,93.64513849043716
2025-01-18 14:00:00+01:00,93.63503849043715
2025-01-18 15:00:00+01:00,94.65513849043715
2025-01-18 16:00:00+01:00,97.58413849043717
2025-01-18 17:00:00+01:00,106.49233849043716
2025-01-18 18:00:00+01:00,106.06813849043715
2025-01-18 19:00:00+01:00,99.51323849043716
2025-01-18 20:00:00+01:00,91.92813849043715
2025-01-18 21:00:00+01:00,90.29193849043716
2025-01-18 22:00:00+01:00,88.29213849043717
2025-01-18 23:00:00+01:00,84.01983849043715
2025-01-19 00:00:00+01:00,81.35343849043716
2025-01-19 01:00:00+01:00,80.04043849043715
2025-01-19 02:00:00+01:00,79.37383849043717
2025-01-19 03:00:00+01:00,79.13143849043715
2025-01-19 04:00:00+01:00,78.78803849043716
2025-01-19 05:00:00+01:00,81.14133849043716
2025-01-19 06:00:00+01:00,86.10043849043716
2025-01-19 07:00:00+01:00,96.34183849043715
2025-01-19 08:00:00+01:00,105.44193849043717
2025-01-19 09:00:00+01:00,106.30043849043716
2025-01-19 10:00:00+01:00,94.29153849043716
2025-01-19 11:00:00+01:00,89.39303849043716
2025-01-19 12:00:00+01:00,84.90863849043716
2025-01-19 13:00:00+01:00,85.33283849043715
2025-01-19 14:00:00+01:00,87.67603849043716
2025-01-19 15:00:00+01:00,87.99923849043715
2025-01-19 16:00:00+01:00,92.06953849043715
2025-01-19 17:00:00+01:00,94.14003849043715
2025-01-19 18:00:00+01:00,98.24063849043716
2025-01-19 19:00:00+01:00,93.65523849043717
2025-01-19 20:00:00+01:00,89.83743849043717
2025-01-19 21:00:00+01:00,86.08023849043717
2025-01-19 22:00:00+01:00,88.51433849043715
2025-01-19 23:00:00+01:00,84.35313849043716
2025-01-20 00:00:00+01:00,79.00013849043715
2025-01-20 01:00:00+01:00,79.00013849043715
2025-01-20 02:00:00+01:00,79.11123849043716
2025-01-20 03:00:00+01:00,78.08103849043717
2025-01-20 04:00:00+01:00,78.07093849043716
2025-01-20 05:00:00+01:00,79.09103849043716
2025-01-20 06:00:00+01:00,78.97993849043716
2025-01-20 07:00:00+01:00,79.07083849043717
2025-01-20 08:00:00+01:00,83.50473849043716
2025-01-20 09:00:00+01:00,86.67613849043715
2025-01-20 10:00:00+01:00,84.52483849043716
2025-01-20 11:00:00+01:00,78.99003849043716
2025-01-20 12:00:00+01:00,75.03083849043716
2025-01-20 13:00:00+01:00,72.55633849043716
2025-01-20 14:00:00+01:00,74.33393849043715
2025-01-20 15:00:00+01:00,79.06073849043716
2025-01-20 16:00:00+01:00,84.17133849043717
2025-01-20 17:00:00+01:00,89.34253849043715
2025-01-20 18:00:00+01:00,92.45333849043716
2025-01-20 19:00:00+01:00,89.19103849043717
2025-01-20 20:00:00+01:00,85.87823849043716
2025-01-20 21:00:00+01:00,80.88883849043717
2025-01-20 22:00:00+01:00,81.31303849043717
2025-01-20 23:00:00+01:00,77.98003849043715
2025-01-21 00:00:00+01:00,74.98033849043715
2025-01-21 01:00:00+01:00,74.92983849043716
2025-01-21 02:00:00+01:00,73.42493849043716
2025-01-21 03:00:00+01:00,73.64713849043716
2025-01-21 04:00:00+01:00,74.34403849043716
2025-01-21 05:00:00+01:00,74.37433849043715
2025-01-21 06:00:00+01:00,75.97013849043715
2025-01-21 07:00:00+01:00,74.72783849043715
2025-01-21 08:00:00+01:00,74.39453849043716
2025-01-21 09:00:00+01:00,74.37433849043715
2025-01-21 10:00:00+01:00,74.34403849043716
2025-01-21 11:00:00+01:00,73.03103849043715
2025-01-21 12:00:00+01:00,69.21323849043716
2025-01-21 13:00:00+01:00,69.15263849043716
2025-01-21 14:00:00+01:00,73.08153849043715
2025-01-21 15:00:00+01:00,74.31373849043716
2025-01-21 16:00:00+01:00,75.79843849043715
2025-01-21 17:00:00+01:00,78.64663849043717
2025-01-21 18:00:00+01:00,78.68703849043716
2025-01-21 19:00:00+01:00,78.55573849043716
2025-01-21 20:00:00+01:00,78.22243849043716
2025-01-21 21:00:00+01:00,76.54583849043716
2025-01-21 22:00:00+01:00,77.41443849043716
2025-01-21 23:00:00+01:00,76.36403849043715
2025-01-22 00:00:00+01:00,73.14213849043716
2025-01-22 01:00:00+01:00,74.29353849043716
2025-01-22 02:00:00+01:00,74.33393849043715
2025-01-22 03:00:00+01:00,74.04103849043716
2025-01-22 04:00:00+01:00,72.00083849043716
2025-01-22 05:00:00+01:00,74.06123849043716
2025-01-22 06:00:00+01:00,77.66693849043716
2025-01-22 07:00:00+01:00,81.05043849043716
2025-01-22 08:00:00+01:00,81.80793849043715
2025-01-22 09:00:00+01:00,79.92933849043716
2025-01-22 10:00:00+01:00,80.56563849043715
2025-01-22 11:00:00+01:00,82.94923849043715
2025-01-22 12:00:00+01:00,83.01993849043716
2025-01-22 13:00:00+01:00,82.98963849043716
2025-01-22 14:00:00+01:00,82.36343849043716
2025-01-22 15:00:00+01:00,82.43413849043716
2025-01-22 16:00:00+01:00,82.32303849043717
2025-01-22 17:00:00+01:00,84.61573849043717
2025-01-22 18:00:00+01:00,84.45413849043716
2025-01-22 19:00:00+01:00,82.68663849043716
2025-01-22 20:00:00+01:00,78.86883849043716
2025-01-22 21:00:00+01:00,77.56593849043716
2025-01-22 22:00:00+01:00,77.87903849043715
2025-01-22 23:00:00+01:00,74.36423849043716
2025-01-23 00:00:00+01:00,71.01103849043716
2025-01-23 01:00:00+01:00,72.67753849043716
2025-01-23 02:00:00+01:00,72.66743849043716
2025-01-23 03:00:00+01:00,71.58673849043716
2025-01-23 04:00:00+01:00,71.59683849043716
2025-01-23 05:00:00+01:00,71.55643849043716
2025-01-23 06:00:00+01:00,75.93983849043715
2025-01-23 07:00:00+01:00,79.90913849043716
2025-01-23 08:00:00+01:00,83.04013849043716
2025-01-23 09:00:00+01:00,82.57553849043717
2025-01-23 10:00:00+01:00,79.06073849043716
2025-01-23 11:00:00+01:00,76.83873849043715
2025-01-23 12:00:00+01:00,76.25293849043716
2025-01-23 13:00:00+01:00,76.83873849043715
2025-01-23 14:00:00+01:00,75.91963849043717
2025-01-23 15:00:00+01:00,77.08113849043716
2025-01-23 16:00:00+01:00,78.01033849043715
2025-01-23 17:00:00+01:00,80.67673849043716
2025-01-23 18:00:00+01:00,80.26263849043715
2025-01-23 19:00:00+01:00,77.53563849043715
2025-01-23 20:00:00+01:00,77.03063849043716
2025-01-23 21:00:00+01:00,75.21263849043716
2025-01-23 22:00:00+01:00,75.22273849043717
2025-01-23 23:00:00+01:00,69.95053849043717
2025-01-24 00:00:00+01:00,75.61663849043717
2025-01-24 01:00:00+01:00,72.02103849043716
2025-01-24 02:00:00+01:00,69.32433849043716
2025-01-24 03:00:00+01:00,70.02123849043716
2025-01-24 04:00:00+01:00,68.92033849043716
2025-01-24 05:00:00+01:00,72.01093849043716
2025-01-24 06:00:00+01:00,78.08103849043717
2025-01-24 07:00:00+01:00,82.81793849043716
2025-01-24 08:00:00+01:00,81.95943849043717
2025-01-24 09:00:00+01:00,81.53523849043717
2025-01-24 10:00:00+01:00,78.15173849043715
2025-01-24 11:00:00+01:00,76.98013849043716
2025-01-24 12:00:00+01:00,79.67683849043716
2025-01-24 13:00:00+01:00,79.93943849043717
2025-01-24 14:00:00+01:00,79.26273849043716
2025-01-24 15:00:00+01:00,79.40413849043716
2025-01-24 16:00:00+01:00,81.06053849043717
2025-01-24 17:00:00+01:00,82.99973849043717
2025-01-24 18:00:00+01:00,86.58523849043716
2025-01-24 19:00:00+01:00,84.99953849043716
2025-01-24 20:00:00+01:00,77.95983849043715
2025-01-24 21:00:00+01:00,76.01053849043717
2025-01-24 22:00:00+01:00,76.01053849043717
2025-01-24 23:00:00+01:00,75.59643849043715
2025-01-25 00:00:00+01:00,72.03113849043716
2025-01-25 01:00:00+01:00,72.13213849043716
2025-01-25 02:00:00+01:00,68.94053849043716
2025-01-25 03:00:00+01:00,68.54663849043716
2025-01-25 04:00:00+01:00,69.69803849043717
2025-01-25 05:00:00+01:00,76.04083849043717
2025-01-25 06:00:00+01:00,77.53563849043715
2025-01-25 07:00:00+01:00,85.60553849043717
2025-01-25 08:00:00+01:00,88.06993849043717
2025-01-25 09:00:00+01:00,87.98913849043717
2025-01-25 10:00:00+01:00,84.56523849043717
2025-01-25 11:00:00+01:00,82.63613849043715
2025-01-25 12:00:00+01:00,80.74743849043716
2025-01-25 13:00:00+01:00,82.07053849043716
2025-01-25 14:00:00+01:00,83.90873849043716
2025-01-25 15:00:00+01:00,88.26183849043716
2025-01-25 16:00:00+01:00,95.19043849043716
2025-01-25 17:00:00+01:00,103.64413849043717
2025-01-25 18:00:00+01:00,103.66433849043716
2025-01-25 19:00:00+01:00,97.05893849043716
2025-01-25 20:00:00+01:00,87.34273849043716
2025-01-25 21:00:00+01:00,80.49493849043716
2025-01-25 22:00:00+01:00,78.65673849043715
2025-01-25 23:00:00+01:00,76.06103849043716
2025-01-26 00:00:00+01:00,70.05153849043715
2025-01-26 01:00:00+01:00,67.89013849043715
2025-01-26 02:00:00+01:00,69.49603849043716
2025-01-26 03:00:00+01:00,69.83943849043716
2025-01-26 04:00:00+01:00,69.16273849043716
2025-01-26 05:00:00+01:00,69.99093849043716
2025-01-26 06:00:00+01:00,79.22233849043715
2025-01-26 07:00:00+01:00,82.22203849043716
2025-01-26 08:00:00+01:00,84.79753849043715
2025-01-26 09:00:00+01:00,82.59573849043716
2025-01-26 10:00:00+01:00,80.57573849043716
2025-01-26 11:00:00+01:00,78.04063849043716
2025-01-26 12:00:00+01:00,80.39393849043715
2025-01-26 13:00:00+01:00,80.10103849043716
2025-01-26 14:00:00+01:00,79.07083849043717
2025-01-26 15:00:00+01:00,79.11123849043716
2025-01-26 16:00:00+01:00,78.97993849043716
2025-01-26 17:00:00+01:00,81.24233849043716
2025-01-26 18:00:00+01:00,87.49423849043716
2025-01-26 19:00:00+01:00,88.85773849043716
2025-01-26 20:00:00+01:00,84.45413849043716
2025-01-26 21:00:00+01:00,81.12113849043715
2025-01-26 22:00:00+01:00,78.37393849043715
2025-01-26 23:00:00+01:00,72.10183849043716
2025-01-27 00:00:00+01:00,65.17323849043716
2025-01-27 01:00:00+01:00,64.92073849043716
2025-01-27 02:00:00+01:00,64.78943849043716
2025-01-27 03:00:00+01:00,65.46613849043715
2025-01-27 04:00:00+01:00,65.55703849043715
2025-01-27 05:00:00+01:00,63.43603849043716
2025-01-27 06:00:00+01:00,60.86053849043716
2025-01-27 07:00:00+01:00,65.23383849043717
2025-01-27 08:00:00+01:00,72.34423849043715
2025-01-27 09:00:00+01:00,70.19293849043716
2025-01-27 10:00:00+01:00,66.22363849043715
2025-01-27 11:00:00+01:00,62.38563849043716
2025-01-27 12:00:00+01:00,62.91083849043716
2025-01-27 13:00:00+01:00,54.16423849043716
2025-01-27 14:00:00+01:00,58.194138490437155
2025-01-27 15:00:00+01:00,68.30423849043716
2025-01-27 16:00:00+01:00,77.63663849043716
2025-01-27 17:00:00+01:00,83.22193849043717
2025-01-27 18:00:00+01:00,90.49393849043716
2025-01-27 19:00:00+01:00,87.43363849043715
2025-01-27 20:00:00+01:00,82.93913849043716
2025-01-27 21:00:00+01:00,78.48503849043715
2025-01-27 22:00:00+01:00,77.04073849043716
2025-01-27 23:00:00+01:00,74.09153849043716
2025-01-28 00:00:00+01:00,73.28353849043717
2025-01-28 01:00:00+01:00,68.97083849043716
2025-01-28 02:00:00+01:00,66.21353849043716
2025-01-28 03:00:00+01:00,63.03203849043716
2025-01-28 04:00:00+01:00,61.77963849043716
2025-01-28 05:00:00+01:00,60.88073849043716
2025-01-28 06:00:00+01:00,64.46623849043715
2025-01-28 07:00:00+01:00,68.75873849043715
2025-01-28 08:00:00+01:00,66.31453849043716
2025-01-28 09:00:00+01:00,64.22383849043716
2025-01-28 10:00:00+01:00,59.85053849043716
2025-01-28 11:00:00+01:00,53.820838490437154
2025-01-28 12:00:00+01:00,49.58893849043716
2025-01-28 13:00:00+01:00,36.45893849043716
2025-01-28 14:00:00+01:00,42.46843849043716
2025-01-28 15:00:00+01:00,52.56843849043716
2025-01-28 16:00:00+01:00,66.36503849043716
2025-01-28 17:00:00+01:00,77.32353849043716
2025-01-28 18:00:00+01:00,80.12123849043715
2025-01-28 19:00:00+01:00,78.65673849043715
2025-01-28 20:00:00+01:00,76.54583849043716
2025-01-28 21:00:00+01:00,74.02083849043717
2025-01-28 22:00:00+01:00,72.29373849043716
2025-01-28 23:00:00+01:00,70.17273849043717
2025-01-29 00:00:00+01:00,65.70853849043716
2025-01-29 01:00:00+01:00,60.37573849043716
2025-01-29 02:00:00+01:00,51.144338490437164
2025-01-29 03:00:00+01:00,54.76013849043716
2025-01-29 04:00:00+01:00,54.73993849043716
2025-01-29 05:00:00+01:00,67.46593849043715
2025-01-29 06:00:00+01:00,79.09103849043716
2025-01-29 07:00:00+01:00,85.87823849043716
2025-01-29 08:00:00+01:00,94.59453849043716
2025-01-29 09:00:00+01:00,85.94893849043716
2025-01-29 10:00:00+01:00,79.17183849043715
2025-01-29 11:00:00+01:00,77.99013849043716
2025-01-29 12:00:00+01:00,77.14173849043715
2025-01-29 13:00:00+01:00,76.90943849043717
2025-01-29 14:00:00+01:00,81.13123849043716
2025-01-29 15:00:00+01:00,85.63583849043717
2025-01-29 16:00:00+01:00,101.18983849043715
2025-01-29 17:00:00+01:00,111.42113849043716
2025-01-29 18:00:00+01:00,113.34013849043716
2025-01-29 19:00:00+01:00,107.23973849043716
2025-01-29 20:00:00+01:00,91.60493849043716
2025-01-29 21:00:00+01:00,82.91893849043716
2025-01-29 22:00:00+01:00,79.84853849043716
2025-01-29 23:00:00+01:00,76.34383849043716
2025-01-30 00:00:00+01:00,70.30403849043716
2025-01-30 01:00:00+01:00,68.54663849043716
2025-01-30 02:00:00+01:00,68.57693849043716
2025-01-30 03:00:00+01:00,68.12243849043716
2025-01-30 04:00:00+01:00,68.10223849043716
2025-01-30 05:00:00+01:00,69.99093849043716
2025-01-30 06:00:00+01:00,79.06073849043716
2025-01-30 07:00:00+01:00,88.92843849043716
2025-01-30 08:00:00+01:00,96.41253849043716
2025-01-30 09:00:00+01:00,88.17093849043715
2025-01-30 10:00:00+01:00,80.13133849043716
2025-01-30 11:00:00+01:00,78.91933849043716
2025-01-30 12:00:00+01:00,76.38423849043716
2025-01-30 13:00:00+01:00,76.38423849043716
2025-01-30 14:00:00+01:00,78.18203849043715
2025-01-30 15:00:00+01:00,81.45443849043717
2025-01-30 16:00:00+01:00,83.96933849043717
2025-01-30 17:00:00+01:00,88.11033849043716
2025-01-30 18:00:00+01:00,96.21053849043716
2025-01-30 19:00:00+01:00,92.17053849043717
2025-01-30 20:00:00+01:00,85.70653849043715
2025-01-30 21:00:00+01:00,79.57583849043716
2025-01-30 22:00:00+01:00,78.27293849043716
2025-01-30 23:00:00+01:00,76.09133849043717
2025-01-31 00:00:00+01:00,74.01073849043716
2025-01-31 01:00:00+01:00,71.02113849043715
2025-01-31 02:00:00+01:00,69.45563849043715
2025-01-31 03:00:00+01:00,69.76873849043716
2025-01-31 04:00:00+01:00,68.52643849043716
2025-01-31 05:00:00+01:00,74.83893849043716
2025-01-31 06:00:00+01:00,82.37353849043716
2025-01-31 07:00:00+01:00,99.40213849043715
2025-01-31 08:00:00+01:00,109.85563849043716
2025-01-31 09:00:00+01:00,92.16043849043716
2025-01-31 10:00:00+01:00,83.75723849043716
2025-01-31 11:00:00+01:00,79.41423849043716
2025-01-31 12:00:00+01:00,76.59633849043716
2025-01-31 13:00:00+01:00,76.98013849043716
2025-01-31 14:00:00+01:00,78.14163849043716
2025-01-31 15:00:00+01:00,79.98993849043717
2025-01-31 16:00:00+01:00,80.92923849043716
2025-01-31 17:00:00+01:00,84.05013849043716
2025-01-31 18:00:00+01:00,88.40323849043716
2025-01-31 19:00:00+01:00,85.88833849043716
2025-01-31 20:00:00+01:00,81.08073849043716
2025-01-31 21:00:00+01:00,76.47513849043716
2025-01-31 22:00:00+01:00,75.49543849043715
2025-01-31 23:00:00+01:00,69.81923849043716
2025-02-01 00:00:00+01:00,70.78883849043716
2025-02-01 01:00:00+01:00,70.76863849043716
2025-02-01 02:00:00+01:00,70.74843849043715
2025-02-01 03:00:00+01:00,73.82893849043715
2025-02-01 04:00:00+01:00,74.04103849043716
2025-02-01 05:00:00+01:00,74.07133849043716
2025-02-01 06:00:00+01:00,86.10043849043716
2025-02-01 07:00:00+01:00,91.22113849043716
2025-02-01 08:00:00+01:00,91.53423849043716
2025-02-01 09:00:00+01:00,90.82723849043717
2025-02-01 10:00:00+01:00,86.09033849043715
2025-02-01 11:00:00+01:00,85.11063849043715
2025-02-01 12:00:00+01:00,83.75723849043716
2025-02-01 13:00:00+01:00,84.23193849043716
2025-02-01 14:00:00+01:00,83.72693849043716
2025-02-01 15:00:00+01:00,87.01953849043716
2025-02-01 16:00:00+01:00,88.98903849043715
2025-02-01 17:00:00+01:00,92.04933849043715
2025-02-01 18:00:00+01:00,99.77583849043717
2025-02-01 19:00:00+01:00,94.72583849043717
2025-02-01 20:00:00+01:00,92.73613849043716
2025-02-01 21:00:00+01:00,85.10053849043716
2025-02-01 22:00:00+01:00,80.51513849043715
2025-02-01 23:00:00+01:00,73.24313849043716
2025-02-02 00:00:00+01:00,72.88963849043716
2025-02-02 01:00:00+01:00,72.85933849043715
2025-02-02 02:00:00+01:00,77.20233849043716
2025-02-02 03:00:00+01:00,79.06073849043716
2025-02-02 04:00:00+01:00,79.14153849043716
2025-02-02 05:00:00+01:00,78.11133849043716
2025-02-02 06:00:00+01:00,84.07033849043715
2025-02-02 07:00:00+01:00,88.89813849043716
2025-02-02 08:00:00+01:00,91.15043849043715
2025-02-02 09:00:00+01:00,88.10023849043716
2025-02-02 10:00:00+01:00,86.60543849043717
2025-02-02 11:00:00+01:00,83.09063849043716
2025-02-02 12:00:00+01:00,82.70683849043716
2025-02-02 13:00:00+01:00,82.67653849043715
2025-02-02 14:00:00+01:00,82.70683849043716
2025-02-02 15:00:00+01:00,82.73713849043716
2025-02-02 16:00:00+01:00,87.22153849043715
2025-02-02 17:00:00+01:00,86.11053849043716
2025-02-02 18:00:00+01:00,88.31233849043716
2025-02-02 19:00:00+01:00,84.28243849043716
2025-02-02 20:00:00+01:00,79.01023849043716
2025-02-02 21:00:00+01:00,76.49533849043715
2025-02-02 22:00:00+01:00,78.11133849043716
2025-02-02 23:00:00+01:00,73.10173849043716
2025-02-03 00:00:00+01:00,69.67783849043715
2025-02-03 01:00:00+01:00,77.02053849043716
2025-02-03 02:00:00+01:00,70.18283849043715
2025-02-03 03:00:00+01:00,70.05153849043715
2025-02-03 04:00:00+01:00,69.64753849043716
2025-02-03 05:00:00+01:00,68.25373849043716
2025-02-03 06:00:00+01:00,69.67783849043715
2025-02-03 07:00:00+01:00,69.67783849043715
2025-02-03 08:00:00+01:00,69.29403849043716
2025-02-03 09:00:00+01:00,66.40543849043716
2025-02-03 10:00:00+01:00,66.83973849043717
2025-02-03 11:00:00+01:00,61.72913849043716
2025-02-03 12:00:00+01:00,44.42783849043716
2025-02-03 13:00:00+01:00,32.11593849043715
2025-02-03 14:00:00+01:00,44.30663849043715
2025-02-03 15:00:00+01:00,62.93103849043716
2025-02-03 16:00:00+01:00,79.14153849043716
2025-02-03 17:00:00+01:00,79.67683849043716
2025-02-03 18:00:00+01:00,80.02023849043717
2025-02-03 19:00:00+01:00,79.72733849043716
2025-02-03 20:00:00+01:00,79.55563849043716
2025-02-03 21:00:00+01:00,79.11123849043716
2025-02-03 22:00:00+01:00,79.20213849043716
2025-02-03 23:00:00+01:00,69.71823849043716
2025-02-04 00:00:00+01:00,77.06093849043715
2025-02-04 01:00:00+01:00,70.08183849043716
2025-02-04 02:00:00+01:00,66.76903849043715
2025-02-04 03:00:00+01:00,61.84023849043716
2025-02-04 04:00:00+01:00,56.83063849043716
2025-02-04 05:00:00+01:00,61.870538490437156
2025-02-04 06:00:00+01:00,62.92093849043715
2025-02-04 07:00:00+01:00,67.98103849043716
2025-02-04 08:00:00+01:00,61.90083849043716
2025-02-04 09:00:00+01:00,56.84073849043716
2025-02-04 10:00:00+01:00,19.531338490437165
2025-02-04 11:00:00+01:00,21.935138490437154
2025-02-04 12:00:00+01:00,12.087638490437158
2025-02-04 13:00:00+01:00,7.1689384904371565
2025-02-04 14:00:00+01:00,10.703938490437153
2025-02-04 15:00:00+01:00,24.823738490437158
2025-02-04 16:00:00+01:00,54.861138490437156
2025-02-04 17:00:00+01:00,78.26283849043715
2025-02-04 18:00:00+01:00,77.82853849043715
2025-02-04 19:00:00+01:00,77.67703849043716
2025-02-04 20:00:00+01:00,77.41443849043716
2025-02-04 21:00:00+01:00,79.25263849043716
2025-02-04 22:00:00+01:00,79.19203849043716
2025-02-04 23:00:00+01:00,78.24263849043716
2025-02-05 00:00:00+01:00,69.63743849043716
2025-02-05 01:00:00+01:00,66.96093849043716
2025-02-05 02:00:00+01:00,64.95103849043716
2025-02-05 03:00:00+01:00,65.68833849043716
2025-02-05 04:00:00+01:00,65.78933849043716
2025-02-05 05:00:00+01:00,77.81843849043716
2025-02-05 06:00:00+01:00,78.94963849043717
2025-02-05 07:00:00+01:00,81.20193849043716
2025-02-05 08:00:00+01:00,83.79763849043715
2025-02-05 09:00:00+01:00,81.98973849043716
2025-02-05 10:00:00+01:00,72.21293849043715
2025-02-05 11:00:00+01:00,74.95003849043715
2025-02-05 12:00:00+01:00,56.27513849043716
2025-02-05 13:00:00+01:00,53.05323849043716
2025-02-05 14:00:00+01:00,60.94133849043716
2025-02-05 15:00:00+01:00,70.09193849043716
2025-02-05 16:00:00+01:00,78.47493849043717
2025-02-05 17:00:00+01:00,81.95943849043717
2025-02-05 18:00:00+01:00,86.31253849043715
2025-02-05 19:00:00+01:00,84.01983849043715
2025-02-05 20:00:00+01:00,80.04043849043715
2025-02-05 21:00:00+01:00,70.11213849043716
2025-02-05 22:00:00+01:00,70.08183849043716
2025-02-05 23:00:00+01:00,64.92073849043716
2025-02-06 00:00:00+01:00,62.33513849043716
2025-02-06 01:00:00+01:00,62.15333849043716
2025-02-06 02:00:00+01:00,62.06243849043716
2025-02-06 03:00:00+01:00,62.00183849043716
2025-02-06 04:00:00+01:00,61.870538490437156
2025-02-06 05:00:00+01:00,64.24403849043716
2025-02-06 06:00:00+01:00,76.34383849043716
2025-02-06 07:00:00+01:00,81.23223849043717
2025-02-06 08:00:00+01:00,83.32293849043715
2025-02-06 09:00:00+01:00,80.85853849043716
2025-02-06 10:00:00+01:00,72.40483849043716
2025-02-06 11:00:00+01:00,69.13243849043717
2025-02-06 12:00:00+01:00,68.24363849043715
2025-02-06 13:00:00+01:00,66.95083849043716
2025-02-06 14:00:00+01:00,62.91083849043716
2025-02-06 15:00:00+01:00,64.77933849043715
2025-02-06 16:00:00+01:00,77.87903849043715
2025-02-06 17:00:00+01:00,80.98983849043715
2025-02-06 18:00:00+01:00,81.41403849043716
2025-02-06 19:00:00+01:00,80.13133849043716
2025-02-06 20:00:00+01:00,77.08113849043716
2025-02-06 21:00:00+01:00,70.48583849043716
2025-02-06 22:00:00+01:00,70.79893849043715
2025-02-06 23:00:00+01:00,65.23383849043717
2025-02-07 00:00:00+01:00,71.20293849043716
2025-02-07 01:00:00+01:00,70.83933849043716
2025-02-07 02:00:00+01:00,70.74843849043715
2025-02-07 03:00:00+01:00,70.79893849043715
2025-02-07 04:00:00+01:00,70.14243849043716
2025-02-07 05:00:00+01:00,71.59683849043716
2025-02-07 06:00:00+01:00,72.06143849043715
2025-02-07 07:00:00+01:00,82.07053849043716
2025-02-07 08:00:00+01:00,85.57523849043716
2025-02-07 09:00:00+01:00,83.34313849043716
2025-02-07 10:00:00+01:00,80.29293849043717
2025-02-07 11:00:00+01:00,79.86873849043715
2025-02-07 12:00:00+01:00,80.28283849043716
2025-02-07 13:00:00+01:00,81.46453849043715
2025-02-07 14:00:00+01:00,86.59533849043716
2025-02-07 15:00:00+01:00,90.46363849043715
2025-02-07 16:00:00+01:00,93.55423849043716
2025-02-07 17:00:00+01:00,112.36043849043716
2025-02-07 18:00:00+01:00,116.48123849043716
2025-02-07 19:00:00+01:00,102.19983849043716
2025-02-07 20:00:00+01:00,92.90783849043716
2025-02-07 21:00:00+01:00,85.83783849043715
2025-02-07 22:00:00+01:00,84.10063849043715
2025-02-07 23:00:00+01:00,80.33333849043717
2025-02-08 00:00:00+01:00,79.33343849043716
2025-02-08 01:00:00+01:00,75.80853849043716
2025-02-08 02:00:00+01:00,74.67733849043715
2025-02-08 03:00:00+01:00,73.51583849043716
2025-02-08 04:00:00+01:00,73.51583849043716
2025-02-08 05:00:00+01:00,78.96983849043716
2025-02-08 06:00:00+01:00,89.71623849043715
2025-02-08 07:00:00+01:00,107.48213849043717
2025-02-08 08:00:00+01:00,121.39993849043717
2025-02-08 09:00:00+01:00,107.86593849043716
2025-02-08 10:00:00+01:00,95.25103849043717
2025-02-08 11:00:00+01:00,93.23103849043716
2025-02-08 12:00:00+01:00,90.03943849043716
2025-02-08 13:00:00+01:00,88.65573849043716
2025-02-08 14:00:00+01:00,90.06973849043716
2025-02-08 15:00:00+01:00,92.72603849043716
2025-02-08 16:00:00+01:00,96.19033849043716
2025-02-08 17:00:00+01:00,99.09913849043716
2025-02-08 18:00:00+01:00,95.86713849043716
2025-02-08 19:00:00+01:00,87.59523849043717
2025-02-08 20:00:00+01:00,82.22203849043716
2025-02-08 21:00:00+01:00,80.46463849043715
2025-02-08 22:00:00+01:00,80.37373849043716
2025-02-08 23:00:00+01:00,72.87953849043716
2025-02-09 00:00:00+01:00,72.18263849043716
2025-02-09 01:00:00+01:00,72.09173849043715
2025-02-09 02:00:00+01:00,70.04143849043716
2025-02-09 03:00:00+01:00,69.93033849043715
2025-02-09 04:00:00+01:00,71.68773849043717
2025-02-09 05:00:00+01:00,72.45533849043716
2025-02-09 06:00:00+01:00,77.03063849043716
2025-02-09 07:00:00+01:00,83.11083849043716
2025-02-09 08:00:00+01:00,83.10073849043717
2025-02-09 09:00:00+01:00,78.60623849043716
2025-02-09 10:00:00+01:00,78.60623849043716
2025-02-09 11:00:00+01:00,81.08073849043716
2025-02-09 12:00:00+01:00,80.33333849043717
2025-02-09 13:00:00+01:00,80.53533849043716
2025-02-09 14:00:00+01:00,80.39393849043715
2025-02-09 15:00:00+01:00,80.87873849043716
2025-02-09 16:00:00+01:00,84.27233849043716
2025-02-09 17:00:00+01:00,89.28193849043717
2025-02-09 18:00:00+01:00,89.44353849043716
2025-02-09 19:00:00+01:00,86.17113849043716
2025-02-09 20:00:00+01:00,81.06053849043717
2025-02-09 21:00:00+01:00,78.00023849043717
2025-02-09 22:00:00+01:00,77.03063849043716
2025-02-09 23:00:00+01:00,71.96043849043716
2025-02-10 00:00:00+01:00,67.81943849043716
2025-02-10 01:00:00+01:00,65.88023849043716
2025-02-10 02:00:00+01:00,64.47633849043716
2025-02-10 03:00:00+01:00,64.41573849043716
2025-02-10 04:00:00+01:00,62.76943849043715
2025-02-10 05:00:00+01:00,64.42583849043717
2025-02-10 06:00:00+01:00,64.70863849043715
2025-02-10 07:00:00+01:00,70.61713849043716
2025-02-10 08:00:00+01:00,74.51573849043716
2025-02-10 09:00:00+01:00,74.57633849043717
2025-02-10 10:00:00+01:00,70.77873849043715
2025-02-10 11:00:00+01:00,69.01123849043715
2025-02-10 12:00:00+01:00,68.09213849043716
2025-02-10 13:00:00+01:00,67.78913849043717
2025-02-10 14:00:00+01:00,68.54663849043716
2025-02-10 15:00:00+01:00,73.18253849043715
2025-02-10 16:00:00+01:00,80.42423849043715
2025-02-10 17:00:00+01:00,84.38343849043716
2025-02-10 18:00:00+01:00,85.76713849043716
2025-02-10 19:00:00+01:00,80.01013849043716
2025-02-10 20:00:00+01:00,74.65713849043716
2025-02-10 21:00:00+01:00,69.70813849043715
2025-02-10 22:00:00+01:00,70.37473849043717
2025-02-10 23:00:00+01:00,66.65793849043716
2025-02-11 00:00:00+01:00,59.95153849043716
2025-02-11 01:00:00+01:00,60.19393849043716
2025-02-11 02:00:00+01:00,57.628538490437165
2025-02-11 03:00:00+01:00,57.26493849043716
2025-02-11 04:00:00+01:00,52.59873849043716
2025-02-11 05:00:00+01:00,50.811038490437156
2025-02-11 06:00:00+01:00,58.41633849043716
2025-02-11 07:00:00+01:00,59.10313849043716
2025-02-11 08:00:00+01:00,62.56743849043716
2025-02-11 09:00:00+01:00,62.83003849043716
2025-02-11 10:00:00+01:00,63.85013849043716
2025-02-11 11:00:00+01:00,64.78943849043716
2025-02-11 12:00:00+01:00,63.890538490437166
2025-02-11 13:00:00+01:00,62.17353849043716
2025-02-11 14:00:00+01:00,61.759438490437155
2025-02-11 15:00:00+01:00,64.90053849043716
2025-02-11 16:00:00+01:00,69.10213849043716
2025-02-11 17:00:00+01:00,78.29313849043716
2025-02-11 18:00:00+01:00,81.12113849043715
2025-02-11 19:00:00+01:00,79.54553849043717
2025-02-11 20:00:00+01:00,77.06093849043715
2025-02-11 21:00:00+01:00,70.81913849043717
2025-02-11 22:00:00+01:00,68.77893849043716
2025-02-11 23:00:00+01:00,63.51683849043716
2025-02-12 00:00:00+01:00,65.31463849043716
2025-02-12 01:00:00+01:00,63.79963849043716
2025-02-12 02:00:00+01:00,62.405838490437155
2025-02-12 03:00:00+01:00,60.94133849043716
2025-02-12 04:00:00+01:00,62.89063849043716
2025-02-12 05:00:00+01:00,65.74893849043715
2025-02-12 06:00:00+01:00,78.10123849043715
2025-02-12 07:00:00+01:00,88.69613849043715
2025-02-12 08:00:00+01:00,94.40263849043716
2025-02-12 09:00:00+01:00,89.14053849043717
2025-02-12 10:00:00+01:00,83.00983849043716
2025-02-12 11:00:00+01:00,79.20213849043716
2025-02-12 12:00:00+01:00,74.29353849043716
2025-02-12 13:00:00+01:00,73.61683849043716
2025-02-12 14:00:00+01:00,73.75823849043717
2025-02-12 15:00:00+01:00,78.41433849043716
2025-02-12 16:00:00+01:00,80.19193849043717
2025-02-12 17:00:00+01:00,86.96903849043716
2025-02-12 18:00:00+01:00,98.46283849043715
2025-02-12 19:00:00+01:00,93.45323849043716
2025-02-12 20:00:00+01:00,84.52483849043716
2025-02-12 21:00:00+01:00,78.87893849043715
2025-02-12 22:00:00+01:00,76.58623849043715
2025-02-12 23:00:00+01:00,67.66793849043717
2025-02-13 00:00:00+01:00,68.42543849043716
2025-02-13 01:00:00+01:00,66.97103849043717
2025-02-13 02:00:00+01:00,67.26393849043716
2025-02-13 03:00:00+01:00,68.50623849043716
2025-02-13 04:00:00+01:00,68.53653849043715
2025-02-13 05:00:00+01:00,68.56683849043716
2025-02-13 06:00:00+01:00,78.10123849043715
2025-02-13 07:00:00+01:00,86.11053849043716
2025-02-13 08:00:00+01:00,89.49403849043716
2025-02-13 09:00:00+01:00,84.50463849043716
2025-02-13 10:00:00+01:00,77.93963849043716
2025-02-13 11:00:00+01:00,75.97013849043715
2025-02-13 12:00:00+01:00,73.41483849043716
2025-02-13 13:00:00+01:00,72.31393849043715
2025-02-13 14:00:00+01:00,71.05143849043715
2025-02-13 15:00:00+01:00,76.01053849043717
2025-02-13 16:00:00+01:00,83.06033849043715
2025-02-13 17:00:00+01:00,91.78673849043716
2025-02-13 18:00:00+01:00,96.25093849043716
2025-02-13 19:00:00+01:00,93.02903849043716
2025-02-13 20:00:00+01:00,81.61603849043716
2025-02-13 21:00:00+01:00,78.15173849043715
2025-02-13 22:00:00+01:00,75.67723849043716
2025-02-13 23:00:00+01:00,69.23343849043715
2025-02-14 00:00:00+01:00,62.88053849043716
2025-02-14 01:00:00+01:00,61.79983849043715
2025-02-14 02:00:00+01:00,61.870538490437156
2025-02-14 03:00:00+01:00,60.40603849043716
2025-02-14 04:00:00+01:00,61.759438490437155
2025-02-14 05:00:00+01:00,63.78953849043715
2025-02-14 06:00:00+01:00,73.41483849043716
2025-02-14 07:00:00+01:00,78.21233849043716
2025-02-14 08:00:00+01:00,82.51493849043716
2025-02-14 09:00:00+01:00,76.16203849043715
2025-02-14 10:00:00+01:00,72.97043849043716
2025-02-14 11:00:00+01:00,67.99113849043715
2025-02-14 12:00:00+01:00,63.08253849043716
2025-02-14 13:00:00+01:00,62.941138490437154
2025-02-14 14:00:00+01:00,67.42553849043716
2025-02-14 15:00:00+01:00,71.09183849043715
2025-02-14 16:00:00+01:00,75.18233849043716
2025-02-14 17:00:00+01:00,80.19193849043717
2025-02-14 18:00:00+01:00,84.09053849043717
2025-02-14 19:00:00+01:00,82.87853849043717
2025-02-14 20:00:00+01:00,76.40443849043716
2025-02-14 21:00:00+01:00,73.10173849043716
2025-02-14 22:00:00+01:00,69.69803849043717
2025-02-14 23:00:00+01:00,62.69873849043716
2025-02-15 00:00:00+01:00,63.77943849043716
2025-02-15 01:00:00+01:00,64.91063849043715
2025-02-15 02:00:00+01:00,64.26423849043715
2025-02-15 03:00:00+01:00,64.22383849043716
2025-02-15 04:00:00+01:00,63.93093849043716
2025-02-15 05:00:00+01:00,64.42583849043717
2025-02-15 06:00:00+01:00,73.58653849043716
2025-02-15 07:00:00+01:00,82.57553849043717
2025-02-15 08:00:00+01:00,82.72703849043715
2025-02-15 09:00:00+01:00,75.94993849043716
2025-02-15 10:00:00+01:00,71.10193849043716
2025-02-15 11:00:00+01:00,69.01123849043715
2025-02-15 12:00:00+01:00,66.52663849043716
2025-02-15 13:00:00+01:00,65.52673849043715
2025-02-15 14:00:00+01:00,67.59723849043716
2025-02-15 15:00:00+01:00,71.02113849043715
2025-02-15 16:00:00+01:00,79.46473849043717
2025-02-15 17:00:00+01:00,84.37333849043716
2025-02-15 18:00:00+01:00,87.19123849043716
2025-02-15 19:00:00+01:00,81.51503849043715
2025-02-15 20:00:00+01:00,72.50583849043717
2025-02-15 21:00:00+01:00,69.99093849043716
2025-02-15 22:00:00+01:00,66.36503849043716
2025-02-15 23:00:00+01:00,64.11273849043717
2025-02-16 00:00:00+01:00,60.41613849043716
2025-02-16 01:00:00+01:00,60.82013849043716
2025-02-16 02:00:00+01:00,60.628238490437155
2025-02-16 03:00:00+01:00,61.06253849043716
2025-02-16 04:00:00+01:00,61.42613849043716
2025-02-16 05:00:00+01:00,61.09283849043716
2025-02-16 06:00:00+01:00,67.93053849043716
2025-02-16 07:00:00+01:00,71.14233849043715
2025-02-16 08:00:00+01:00,72.71793849043716
2025-02-16 09:00:00+01:00,68.60723849043717
2025-02-16 10:00:00+01:00,62.80983849043716
2025-02-16 11:00:00+01:00,63.02193849043716
2025-02-16 12:00:00+01:00,62.63813849043716
2025-02-16 13:00:00+01:00,62.58763849043716
2025-02-16 14:00:00+01:00,62.304838490437156
2025-02-16 15:00:00+01:00,63.537038490437155
2025-02-16 16:00:00+01:00,68.71833849043716
2025-02-16 17:00:00+01:00,71.90993849043716
2025-02-16 18:00:00+01:00,73.72793849043715
2025-02-16 19:00:00+01:00,72.50583849043717
2025-02-16 20:00:00+01:00,69.68793849043716
2025-02-16 21:00:00+01:00,64.59753849043716
2025-02-16 22:00:00+01:00,63.97133849043716
2025-02-16 23:00:00+01:00,60.204038490437156
2025-02-17 00:00:00+01:00,62.405838490437155
2025-02-17 01:00:00+01:00,61.71903849043716
2025-02-17 02:00:00+01:00,59.85053849043716
2025-02-17 03:00:00+01:00,59.87073849043716
2025-02-17 04:00:00+01:00,59.385938490437155
2025-02-17 05:00:00+01:00,58.54763849043716
2025-02-17 06:00:00+01:00,61.78973849043716
2025-02-17 07:00:00+01:00,67.92043849043716
2025-02-17 08:00:00+01:00,69.82933849043715
2025-02-17 09:00:00+01:00,68.60723849043717
2025-02-17 10:00:00+01:00,64.09253849043715
2025-02-17 11:00:00+01:00,61.951338490437166
2025-02-17 12:00:00+01:00,61.94123849043716
2025-02-17 13:00:00+01:00,58.66883849043716
2025-02-17 14:00:00+01:00,60.29493849043716
2025-02-17 15:00:00+01:00,67.54673849043715
2025-02-17 16:00:00+01:00,74.19253849043716
2025-02-17 17:00:00+01:00,79.95963849043716
2025-02-17 18:00:00+01:00,83.04013849043716
2025-02-17 19:00:00+01:00,86.28223849043717
2025-02-17 20:00:00+01:00,77.69723849043717
2025-02-17 21:00:00+01:00,73.36433849043716
2025-02-17 22:00:00+01:00,71.79883849043716
2025-02-17 23:00:00+01:00,68.53653849043715
2025-02-18 00:00:00+01:00,60.911038490437164
2025-02-18 01:00:00+01:00,59.45663849043716
2025-02-18 02:00:00+01:00,58.01233849043716
2025-02-18 03:00:00+01:00,52.800738490437155
2025-02-18 04:00:00+01:00,52.78053849043715
2025-02-18 05:00:00+01:00,54.144038490437154
2025-02-18 06:00:00+01:00,52.487638490437156
2025-02-18 07:00:00+01:00,53.073438490437155
2025-02-18 08:00:00+01:00,52.84113849043716
2025-02-18 09:00:00+01:00,52.699738490437156
2025-02-18 10:00:00+01:00,48.94253849043716
2025-02-18 11:00:00+01:00,45.40753849043716
2025-02-18 12:00:00+01:00,43.11483849043716
2025-02-18 13:00:00+01:00,39.23643849043716
2025-02-18 14:00:00+01:00,47.74063849043716
2025-02-18 15:00:00+01:00,55.87113849043716
2025-02-18 16:00:00+01:00,59.163738490437154
2025-02-18 17:00:00+01:00,70.01113849043715
2025-02-18 18:00:00+01:00,71.24333849043717
2025-02-18 19:00:00+01:00,70.01113849043715
2025-02-18 20:00:00+01:00,65.27423849043716
2025-02-18 21:00:00+01:00,59.58793849043715
2025-02-18 22:00:00+01:00,59.30513849043716
2025-02-18 23:00:00+01:00,57.24473849043716
2025-02-19 00:00:00+01:00,55.20453849043716
2025-02-19 01:00:00+01:00,54.44703849043715
2025-02-19 02:00:00+01:00,54.44703849043715
2025-02-19 03:00:00+01:00,54.93183849043716
2025-02-19 04:00:00+01:00,55.40653849043716
2025-02-19 05:00:00+01:00,56.07313849043716
2025-02-19 06:00:00+01:00,65.87013849043716
2025-02-19 07:00:00+01:00,71.38473849043717
2025-02-19 08:00:00+01:00,73.44513849043716
2025-02-19 09:00:00+01:00,70.53633849043716
2025-02-19 10:00:00+01:00,67.74873849043716
2025-02-19 11:00:00+01:00,66.48623849043716
2025-02-19 12:00:00+01:00,64.38543849043715
2025-02-19 13:00:00+01:00,63.65823849043716
2025-02-19 14:00:00+01:00,63.890538490437166
2025-02-19 15:00:00+01:00,66.00143849043715
2025-02-19 16:00:00+01:00,69.17283849043716
2025-02-19 17:00:00+01:00,72.70783849043715
2025-02-19 18:00:00+01:00,81.95943849043717
2025-02-19 19:00:00+01:00,76.49533849043715
2025-02-19 20:00:00+01:00,69.96063849043715
2025-02-19 21:00:00+01:00,68.02143849043715
2025-02-19 22:00:00+01:00,67.26393849043716
2025-02-19 23:00:00+01:00,64.08243849043716
2025-02-20 00:00:00+01:00,57.50733849043716
2025-02-20 01:00:00+01:00,56.49733849043716
2025-02-20 02:00:00+01:00,56.436738490437165
2025-02-20 03:00:00+01:00,55.709538490437154
2025-02-20 04:00:00+01:00,55.54793849043716
2025-02-20 05:00:00+01:00,61.09283849043716
2025-02-20 06:00:00+01:00,71.25343849043716
2025-02-20 07:00:00+01:00,82.88863849043715
2025-02-20 08:00:00+01:00,84.84803849043716
2025-02-20 09:00:00+01:00,73.82893849043715
2025-02-20 10:00:00+01:00,70.33433849043716
2025-02-20 11:00:00+01:00,67.21343849043716
2025-02-20 12:00:00+01:00,62.941138490437154
2025-02-20 13:00:00+01:00,59.012238490437156
2025-02-20 14:00:00+01:00,58.81023849043716
2025-02-20 15:00:00+01:00,66.76903849043715
2025-02-20 16:00:00+01:00,68.41533849043715
2025-02-20 17:00:00+01:00,71.06153849043716
2025-02-20 18:00:00+01:00,78.38403849043716
2025-02-20 19:00:00+01:00,76.09133849043717
2025-02-20 20:00:00+01:00,72.02103849043716
2025-02-20 21:00:00+01:00,67.01143849043716
2025-02-20 22:00:00+01:00,64.93083849043717
2025-02-20 23:00:00+01:00,58.76983849043715
2025-02-21 00:00:00+01:00,54.65913849043716
2025-02-21 01:00:00+01:00,54.84093849043715
2025-02-21 02:00:00+01:00,54.85103849043716
2025-02-21 03:00:00+01:00,54.97223849043716
2025-02-21 04:00:00+01:00,54.78033849043716
2025-02-21 05:00:00+01:00,54.85103849043716
2025-02-21 06:00:00+01:00,65.79943849043717
2025-02-21 07:00:00+01:00,70.84943849043717
2025-02-21 08:00:00+01:00,74.74803849043717
2025-02-21 09:00:00+01:00,68.46583849043716
2025-02-21 10:00:00+01:00,65.83983849043716
2025-02-21 11:00:00+01:00,63.78953849043715
2025-02-21 12:00:00+01:00,60.436338490437166
2025-02-21 13:00:00+01:00,60.65853849043716
2025-02-21 14:00:00+01:00,62.83003849043716
2025-02-21 15:00:00+01:00,65.44593849043716
2025-02-21 16:00:00+01:00,66.73873849043716
2025-02-21 17:00:00+01:00,67.23363849043716
2025-02-21 18:00:00+01:00,67.43563849043716
2025-02-21 19:00:00+01:00,66.70843849043716
2025-02-21 20:00:00+01:00,65.97113849043716
2025-02-21 21:00:00+01:00,59.13343849043716
2025-02-21 22:00:00+01:00,57.305338490437165
2025-02-21 23:00:00+01:00,54.467238490437154
2025-02-22 00:00:00+01:00,56.66903849043716
2025-02-22 01:00:00+01:00,56.14383849043716
2025-02-22 02:00:00+01:00,56.26503849043716
2025-02-22 03:00:00+01:00,56.07313849043716
2025-02-22 04:00:00+01:00,56.07313849043716
2025-02-22 05:00:00+01:00,55.891338490437164
2025-02-22 06:00:00+01:00,64.35513849043716
2025-02-22 07:00:00+01:00,71.57663849043716
2025-02-22 08:00:00+01:00,73.23303849043717
2025-02-22 09:00:00+01:00,68.64763849043716
2025-02-22 10:00:00+01:00,66.42563849043715
2025-02-22 11:00:00+01:00,63.61783849043716
2025-02-22 12:00:00+01:00,59.92123849043716
2025-02-22 13:00:00+01:00,63.809738490437155
2025-02-22 14:00:00+01:00,62.50683849043716
2025-02-22 15:00:00+01:00,62.304838490437156
2025-02-22 16:00:00+01:00,64.43593849043715
2025-02-22 17:00:00+01:00,64.49653849043716
2025-02-22 18:00:00+01:00,66.57713849043716
2025-02-22 19:00:00+01:00,64.38543849043715
2025-02-22 20:00:00+01:00,61.951338490437166
2025-02-22 21:00:00+01:00,57.47703849043715
2025-02-22 22:00:00+01:00,57.456838490437164
2025-02-22 23:00:00+01:00,54.82073849043716
2025-02-23 00:00:00+01:00,56.33573849043716
2025-02-23 01:00:00+01:00,56.477138490437156
2025-02-23 02:00:00+01:00,57.10333849043715
2025-02-23 03:00:00+01:00,55.48733849043715
2025-02-23 04:00:00+01:00,55.40653849043716
2025-02-23 05:00:00+01:00,57.24473849043716
2025-02-23 06:00:00+01:00,57.79013849043716
2025-02-23 07:00:00+01:00,66.00143849043715
2025-02-23 08:00:00+01:00,67.40533849043715
2025-02-23 09:00:00+01:00,59.35563849043716
2025-02-23 10:00:00+01:00,56.53773849043716
2025-02-23 11:00:00+01:00,56.89123849043716
2025-02-23 12:00:00+01:00,55.638838490437166
2025-02-23 13:00:00+01:00,55.558038490437156
2025-02-23 14:00:00+01:00,55.598438490437154
2025-02-23 15:00:00+01:00,56.53773849043716
2025-02-23 16:00:00+01:00,58.87083849043716
2025-02-23 17:00:00+01:00,70.91003849043716
2025-02-23 18:00:00+01:00,77.44473849043716
2025-02-23 19:00:00+01:00,77.13163849043717
2025-02-23 20:00:00+01:00,70.77873849043715
2025-02-23 21:00:00+01:00,68.44563849043715
2025-02-23 22:00:00+01:00,65.88023849043716
2025-02-23 23:00:00+01:00,63.33503849043716
2025-02-24 00:00:00+01:00,63.95113849043715
2025-02-24 01:00:00+01:00,59.820238490437156
2025-02-24 02:00:00+01:00,57.14373849043716
2025-02-24 03:00:00+01:00,56.41653849043716
2025-02-24 04:00:00+01:00,56.66903849043716
2025-02-24 05:00:00+01:00,57.96183849043716
2025-02-24 06:00:00+01:00,63.88043849043716
2025-02-24 07:00:00+01:00,69.12233849043716
2025-02-24 08:00:00+01:00,68.69813849043716
2025-02-24 09:00:00+01:00,59.123338490437156
2025-02-24 10:00:00+01:00,54.81063849043716
2025-02-24 11:00:00+01:00,51.790738490437164
2025-02-24 12:00:00+01:00,46.89223849043716
2025-02-24 13:00:00+01:00,37.711338490437164
2025-02-24 14:00:00+01:00,52.18463849043716
2025-02-24 15:00:00+01:00,53.942038490437156
2025-02-24 16:00:00+01:00,59.76973849043716
2025-02-24 17:00:00+01:00,72.46543849043717
2025-02-24 18:00:00+01:00,81.08073849043716
2025-02-24 19:00:00+01:00,78.12143849043716
2025-02-24 20:00:00+01:00,71.55643849043716
2025-02-24 21:00:00+01:00,63.79963849043716
2025-02-24 22:00:00+01:00,63.78953849043715
2025-02-24 23:00:00+01:00,58.94153849043715
2025-02-25 00:00:00+01:00,59.88083849043716
2025-02-25 01:00:00+01:00,58.598138490437165
2025-02-25 02:00:00+01:00,56.27513849043716
2025-02-25 03:00:00+01:00,55.73983849043715
2025-02-25 04:00:00+01:00,55.36613849043716
2025-02-25 05:00:00+01:00,55.91153849043716
2025-02-25 06:00:00+01:00,56.61853849043716
2025-02-25 07:00:00+01:00,57.65883849043716
2025-02-25 08:00:00+01:00,58.17393849043716
2025-02-25 09:00:00+01:00,55.881238490437156
2025-02-25 10:00:00+01:00,54.689438490437155
2025-02-25 11:00:00+01:00,47.56893849043716
2025-02-25 12:00:00+01:00,42.78153849043716
2025-02-25 13:00:00+01:00,38.19613849043716
2025-02-25 14:00:00+01:00,42.67043849043716
2025-02-25 15:00:00+01:00,52.851238490437154
2025-02-25 16:00:00+01:00,64.95103849043716
2025-02-25 17:00:00+01:00,72.07153849043716
2025-02-25 18:00:00+01:00,73.76833849043716
2025-02-25 19:00:00+01:00,75.55603849043716
2025-02-25 20:00:00+01:00,70.48583849043716
2025-02-25 21:00:00+01:00,66.14283849043716
2025-02-25 22:00:00+01:00,64.90053849043716
2025-02-25 23:00:00+01:00,61.60793849043716
2025-02-26 00:00:00+01:00,59.396038490437164
2025-02-26 01:00:00+01:00,57.96183849043716
2025-02-26 02:00:00+01:00,56.83063849043716
2025-02-26 03:00:00+01:00,56.14383849043716
2025-02-26 04:00:00+01:00,56.97203849043716
2025-02-26 05:00:00+01:00,59.56773849043715
2025-02-26 06:00:00+01:00,70.98073849043716
2025-02-26 07:00:00+01:00,80.26263849043715
2025-02-26 08:00:00+01:00,82.70683849043716
2025-02-26 09:00:00+01:00,75.25303849043716
2025-02-26 10:00:00+01:00,69.78893849043715
2025-02-26 11:00:00+01:00,65.98123849043716
2025-02-26 12:00:00+01:00,65.66813849043716
2025-02-26 13:00:00+01:00,65.25403849043715
2025-02-26 14:00:00+01:00,65.28433849043716
2025-02-26 15:00:00+01:00,66.30443849043716
2025-02-26 16:00:00+01:00,69.59703849043716
2025-02-26 17:00:00+01:00,77.95983849043715
2025-02-26 18:00:00+01:00,84.34303849043717
2025-02-26 19:00:00+01:00,79.55563849043716
2025-02-26 20:00:00+01:00,72.70783849043715
2025-02-26 21:00:00+01:00,68.22343849043716
2025-02-26 22:00:00+01:00,67.28413849043716
2025-02-26 23:00:00+01:00,64.63793849043716
2025-02-27 00:00:00+01:00,62.89063849043716
2025-02-27 01:00:00+01:00,58.71933849043716
2025-02-27 02:00:00+01:00,58.32543849043716
2025-02-27 03:00:00+01:00,57.436638490437154
2025-02-27 04:00:00+01:00,58.82033849043716
2025-02-27 05:00:00+01:00,65.12273849043716
2025-02-27 06:00:00+01:00,73.39463849043716
2025-02-27 07:00:00+01:00,86.61553849043716
2025-02-27 08:00:00+01:00,92.10993849043716
2025-02-27 09:00:00+01:00,78.25273849043717
2025-02-27 10:00:00+01:00,73.53603849043716
2025-02-27 11:00:00+01:00,71.45543849043716
2025-02-27 12:00:00+01:00,68.27393849043715
2025-02-27 13:00:00+01:00,67.88003849043716
2025-02-27 14:00:00+01:00,68.54663849043716
2025-02-27 15:00:00+01:00,71.01103849043716
2025-02-27 16:00:00+01:00,81.83823849043716
2025-02-27 17:00:00+01:00,97.70533849043716
2025-02-27 18:00:00+01:00,112.32003849043716
2025-02-27 19:00:00+01:00,106.61353849043716
2025-02-27 20:00:00+01:00,87.41343849043716
2025-02-27 21:00:00+01:00,75.74793849043716
2025-02-27 22:00:00+01:00,72.97043849043716
2025-02-27 23:00:00+01:00,68.56683849043716
2025-02-28 00:00:00+01:00,68.18303849043717
2025-02-28 01:00:00+01:00,66.61753849043716
2025-02-28 02:00:00+01:00,65.44593849043716
2025-02-28 03:00:00+01:00,63.88043849043716
2025-02-28 04:00:00+01:00,63.81983849043716
2025-02-28 05:00:00+01:00,67.41543849043715
2025-02-28 06:00:00+01:00,74.59653849043715
2025-02-28 07:00:00+01:00,98.50323849043716
2025-02-28 08:00:00+01:00,101.90693849043717
2025-02-28 09:00:00+01:00,83.47443849043717
2025-02-28 10:00:00+01:00,74.51573849043716
2025-02-28 11:00:00+01:00,69.78893849043715
2025-02-28 12:00:00+01:00,67.57703849043716
2025-02-28 13:00:00+01:00,68.00123849043716
2025-02-28 14:00:00+01:00,68.58703849043715
2025-02-28 15:00:00+01:00,70.48583849043716
2025-02-28 16:00:00+01:00,73.84913849043717
2025-02-28 17:00:00+01:00,82.33313849043715
2025-02-28 18:00:00+01:00,92.59473849043717
2025-02-28 19:00:00+01:00,82.22203849043716
2025-02-28 20:00:00+01:00,73.50573849043715
2025-02-28 21:00:00+01:00,67.50633849043716
2025-02-28 22:00:00+01:00,66.35493849043716
2025-02-28 23:00:00+01:00,63.79963849043716
2025-03-01 00:00:00+01:00,64.23393849043715
2025-03-01 01:00:00+01:00,63.79963849043716
2025-03-01 02:00:00+01:00,63.77943849043716
2025-03-01 03:00:00+01:00,63.99153849043716
2025-03-01 04:00:00+01:00,63.87033849043716
2025-03-01 05:00:00+01:00,63.87033849043716
2025-03-01 06:00:00+01:00,73.87943849043717
2025-03-01 07:00:00+01:00,80.97973849043717
2025-03-01 08:00:00+01:00,81.14133849043716
2025-03-01 09:00:00+01:00,77.16193849043717
2025-03-01 10:00:00+01:00,71.87963849043716
2025-03-01 11:00:00+01:00,70.87973849043716
2025-03-01 12:00:00+01:00,69.87983849043715
2025-03-01 13:00:00+01:00,69.81923849043716
2025-03-01 14:00:00+01:00,69.77883849043717
2025-03-01 15:00:00+01:00,71.01103849043716
2025-03-01 16:00:00+01:00,78.06083849043716
2025-03-01 17:00:00+01:00,88.48403849043716
2025-03-01 18:00:00+01:00,94.78643849043715
2025-03-01 19:00:00+01:00,85.96913849043716
2025-03-01 20:00:00+01:00,76.48523849043717
2025-03-01 21:00:00+01:00,69.93033849043715
2025-03-01 22:00:00+01:00,69.62733849043715
2025-03-01 23:00:00+01:00,64.64803849043716
2025-03-02 00:00:00+01:00,65.71863849043714
2025-03-02 01:00:00+01:00,64.47633849043716
2025-03-02 02:00:00+01:00,64.01173849043715
2025-03-02 03:00:00+01:00,62.71893849043716
2025-03-02 04:00:00+01:00,62.79973849043716
2025-03-02 05:00:00+01:00,62.76943849043715
2025-03-02 06:00:00+01:00,63.385538490437156
2025-03-02 07:00:00+01:00,63.91073849043716
2025-03-02 08:00:00+01:00,65.13283849043715
2025-03-02 09:00:00+01:00,62.97143849043716
2025-03-02 10:00:00+01:00,62.56743849043716
2025-03-02 11:00:00+01:00,60.07273849043715
2025-03-02 12:00:00+01:00,54.638938490437155
2025-03-02 13:00:00+01:00,52.649238490437156
2025-03-02 14:00:00+01:00,57.820438490437155
2025-03-02 15:00:00+01:00,64.58743849043717
2025-03-02 16:00:00+01:00,71.52613849043715
2025-03-02 17:00:00+01:00,79.76773849043717
2025-03-02 18:00:00+01:00,82.46443849043716
2025-03-02 19:00:00+01:00,80.93933849043717
2025-03-02 20:00:00+01:00,73.94003849043715
2025-03-02 21:00:00+01:00,70.91003849043716
2025-03-02 22:00:00+01:00,68.73853849043716
2025-03-02 23:00:00+01:00,64.42583849043717
2025-03-03 00:00:00+01:00,66.35493849043716
2025-03-03 01:00:00+01:00,65.42573849043715
2025-03-03 02:00:00+01:00,59.85053849043716
2025-03-03 03:00:00+01:00,59.385938490437155
2025-03-03 04:00:00+01:00,57.628538490437165
2025-03-03 05:00:00+01:00,58.800138490437156
2025-03-03 06:00:00+01:00,60.12323849043716
2025-03-03 07:00:00+01:00,60.55753849043716
2025-03-03 08:00:00+01:00,61.012038490437156
2025-03-03 09:00:00+01:00,62.789638490437156
2025-03-03 10:00:00+01:00,58.55773849043716
2025-03-03 11:00:00+01:00,56.24483849043716
2025-03-03 12:00:00+01:00,52.73003849043716
2025-03-03 13:00:00+01:00,48.79103849043716
2025-03-03 14:00:00+01:00,52.204838490437155
2025-03-03 15:00:00+01:00,57.01243849043716
2025-03-03 16:00:00+01:00,66.40543849043716
2025-03-03 17:00:00+01:00,76.74783849043715
2025-03-03 18:00:00+01:00,87.11043849043716
2025-03-03 19:00:00+01:00,87.75683849043716
2025-03-03 20:00:00+01:00,82.44423849043716
2025-03-03 21:00:00+01:00,78.09113849043715
2025-03-03 22:00:00+01:00,77.75783849043715
2025-03-03 23:00:00+01:00,75.01063849043716
2025-03-04 00:00:00+01:00,66.87003849043715
2025-03-04 01:00:00+01:00,65.34493849043716
2025-03-04 02:00:00+01:00,64.98133849043717
2025-03-04 03:00:00+01:00,65.25403849043715
2025-03-04 04:00:00+01:00,66.18323849043716
2025-03-04 05:00:00+01:00,69.56673849043716
2025-03-04 06:00:00+01:00,81.21203849043715
2025-03-04 07:00:00+01:00,97.47303849043716
2025-03-04 08:00:00+01:00,105.38133849043716
2025-03-04 09:00:00+01:00,89.90813849043715
2025-03-04 10:00:00+01:00,78.84863849043715
2025-03-04 11:00:00+01:00,77.47503849043716
2025-03-04 12:00:00+01:00,73.74813849043716
2025-03-04 13:00:00+01:00,73.69763849043716
2025-03-04 14:00:00+01:00,73.92993849043717
2025-03-04 15:00:00+01:00,74.45513849043715
2025-03-04 16:00:00+01:00,83.13103849043716
2025-03-04 17:00:00+01:00,95.87723849043716
2025-03-04 18:00:00+01:00,103.88653849043716
2025-03-04 19:00:00+01:00,101.08883849043715
2025-03-04 20:00:00+01:00,83.73703849043716
2025-03-04 21:00:00+01:00,78.94963849043717
2025-03-04 22:00:00+01:00,77.87903849043715
2025-03-04 23:00:00+01:00,72.91993849043716
2025-03-05 00:00:00+01:00,66.15293849043715
2025-03-05 01:00:00+01:00,69.68793849043716
2025-03-05 02:00:00+01:00,69.73843849043716
2025-03-05 03:00:00+01:00,69.72833849043717
2025-03-05 04:00:00+01:00,69.95053849043717
2025-03-05 05:00:00+01:00,69.99093849043716
2025-03-05 06:00:00+01:00,75.81863849043715
2025-03-05 07:00:00+01:00,84.79753849043715
2025-03-05 08:00:00+01:00,89.23143849043716
2025-03-05 09:00:00+01:00,82.91893849043716
2025-03-05 10:00:00+01:00,78.96983849043716
2025-03-05 11:00:00+01:00,77.66693849043716
2025-03-05 12:00:00+01:00,76.14183849043715
2025-03-05 13:00:00+01:00,76.04083849043717
2025-03-05 14:00:00+01:00,76.51553849043717
2025-03-05 15:00:00+01:00,75.01063849043716
2025-03-05 16:00:00+01:00,78.38403849043716
2025-03-05 17:00:00+01:00,85.74693849043716
2025-03-05 18:00:00+01:00,104.00773849043716
2025-03-05 19:00:00+01:00,105.79543849043716
2025-03-05 20:00:00+01:00,88.68603849043716
2025-03-05 21:00:00+01:00,77.89923849043716
2025-03-05 22:00:00+01:00,75.41463849043716
2025-03-05 23:00:00+01:00,73.16233849043715
2025-03-06 00:00:00+01:00,74.57633849043717
2025-03-06 01:00:00+01:00,74.08143849043715
2025-03-06 02:00:00+01:00,73.40473849043717
2025-03-06 03:00:00+01:00,74.43493849043716
2025-03-06 04:00:00+01:00,72.91993849043716
2025-03-06 05:00:00+01:00,74.47533849043715
2025-03-06 06:00:00+01:00,85.53483849043715
2025-03-06 07:00:00+01:00,102.35133849043716
2025-03-06 08:00:00+01:00,112.90583849043716
2025-03-06 09:00:00+01:00,92.14023849043716
2025-03-06 10:00:00+01:00,82.36343849043716
2025-03-06 11:00:00+01:00,79.87883849043716
2025-03-06 12:00:00+01:00,78.70723849043716
2025-03-06 13:00:00+01:00,78.65673849043715
2025-03-06 14:00:00+01:00,78.01033849043715
2025-03-06 15:00:00+01:00,80.47473849043716
2025-03-06 16:00:00+01:00,83.69663849043717
2025-03-06 17:00:00+01:00,98.39213849043716
2025-03-06 18:00:00+01:00,121.82413849043716
2025-03-06 19:00:00+01:00,119.61223849043716
2025-03-06 20:00:00+01:00,98.45273849043716
2025-03-06 21:00:00+01:00,84.79753849043715
2025-03-06 22:00:00+01:00,80.21213849043716
2025-03-06 23:00:00+01:00,77.96993849043716
2025-03-07 00:00:00+01:00,77.02053849043716
2025-03-07 01:00:00+01:00,76.10143849043715
2025-03-07 02:00:00+01:00,76.21253849043715
2025-03-07 03:00:00+01:00,76.11153849043716
2025-03-07 04:00:00+01:00,76.22263849043716
2025-03-07 05:00:00+01:00,78.01033849043715
2025-03-07 06:00:00+01:00,83.64613849043715
2025-03-07 07:00:00+01:00,97.17003849043715
2025-03-07 08:00:00+01:00,95.33183849043716
2025-03-07 09:00:00+01:00,83.44413849043717
2025-03-07 10:00:00+01:00,77.10133849043716
2025-03-07 11:00:00+01:00,76.25293849043716
2025-03-07 12:00:00+01:00,75.03083849043716
2025-03-07 13:00:00+01:00,74.69753849043715
2025-03-07 14:00:00+01:00,71.24333849043717
2025-03-07 15:00:00+01:00,76.01053849043717
2025-03-07 16:00:00+01:00,77.07103849043716
2025-03-07 17:00:00+01:00,83.25223849043716
2025-03-07 18:00:00+01:00,90.22123849043716
2025-03-07 19:00:00+01:00,90.30203849043716
2025-03-07 20:00:00+01:00,82.46443849043716
2025-03-07 21:00:00+01:00,78.59613849043716
2025-03-07 22:00:00+01:00,78.08103849043717
2025-03-07 23:00:00+01:00,77.18213849043715
2025-03-08 00:00:00+01:00,76.07113849043715
2025-03-08 01:00:00+01:00,76.84883849043716
2025-03-08 02:00:00+01:00,76.92963849043716
2025-03-08 03:00:00+01:00,75.37423849043715
2025-03-08 04:00:00+01:00,75.33383849043716
2025-03-08 05:00:00+01:00,75.08133849043716
2025-03-08 06:00:00+01:00,79.40413849043716
2025-03-08 07:00:00+01:00,87.70633849043716
2025-03-08 08:00:00+01:00,83.11083849043716
2025-03-08 09:00:00+01:00,76.24283849043715
2025-03-08 10:00:00+01:00,76.20243849043716
2025-03-08 11:00:00+01:00,75.50553849043716
2025-03-08 12:00:00+01:00,73.56633849043716
2025-03-08 13:00:00+01:00,73.55623849043715
2025-03-08 14:00:00+01:00,73.52593849043716
2025-03-08 15:00:00+01:00,73.55623849043715
2025-03-08 16:00:00+01:00,75.37423849043715
2025-03-08 17:00:00+01:00,80.78783849043715
2025-03-08 18:00:00+01:00,81.24233849043716
2025-03-08 19:00:00+01:00,80.74743849043716
2025-03-08 20:00:00+01:00,77.80833849043717
2025-03-08 21:00:00+01:00,73.46533849043715
2025-03-08 22:00:00+01:00,73.56633849043716
2025-03-08 23:00:00+01:00,70.00103849043717
2025-03-09 00:00:00+01:00,74.65713849043716
2025-03-09 01:00:00+01:00,75.85903849043716
2025-03-09 02:00:00+01:00,75.11163849043716
2025-03-09 03:00:00+01:00,74.67733849043715
2025-03-09 04:00:00+01:00,73.57643849043716
2025-03-09 05:00:00+01:00,73.81883849043716
2025-03-09 06:00:00+01:00,74.60663849043716
2025-03-09 07:00:00+01:00,74.60663849043716
2025-03-09 08:00:00+01:00,70.97063849043715
2025-03-09 09:00:00+01:00,71.48573849043716
2025-03-09 10:00:00+01:00,71.46553849043717
2025-03-09 11:00:00+01:00,70.31413849043716
2025-03-09 12:00:00+01:00,66.20343849043715
2025-03-09 13:00:00+01:00,63.66833849043716
2025-03-09 14:00:00+01:00,70.99083849043717
2025-03-09 15:00:00+01:00,71.03123849043716
2025-03-09 16:00:00+01:00,72.21293849043715
2025-03-09 17:00:00+01:00,72.52603849043716
2025-03-09 18:00:00+01:00,77.91943849043716
2025-03-09 19:00:00+01:00,76.19233849043715
2025-03-09 20:00:00+01:00,75.96003849043716
2025-03-09 21:00:00+01:00,75.26313849043716
2025-03-09 22:00:00+01:00,75.47523849043716
2025-03-09 23:00:00+01:00,72.55633849043716
2025-03-10 00:00:00+01:00,72.82903849043716
2025-03-10 01:00:00+01:00,66.15293849043715
2025-03-10 02:00:00+01:00,65.44593849043716
2025-03-10 03:00:00+01:00,61.96143849043716
2025-03-10 04:00:00+01:00,63.90063849043715
2025-03-10 05:00:00+01:00,61.07263849043716
2025-03-10 06:00:00+01:00,60.51713849043716
2025-03-10 07:00:00+01:00,62.941138490437154
2025-03-10 08:00:00+01:00,71.39483849043715
2025-03-10 09:00:00+01:00,73.05123849043716
2025-03-10 10:00:00+01:00,74.20263849043715
2025-03-10 11:00:00+01:00,73.01083849043717
2025-03-10 12:00:00+01:00,72.83913849043716
2025-03-10 13:00:00+01:00,71.36453849043716
2025-03-10 14:00:00+01:00,70.16263849043716
2025-03-10 15:00:00+01:00,68.01133849043717
2025-03-10 16:00:00+01:00,72.77853849043716
2025-03-10 17:00:00+01:00,73.03103849043715
2025-03-10 18:00:00+01:00,76.04083849043717
2025-03-10 19:00:00+01:00,76.75793849043716
2025-03-10 20:00:00+01:00,76.34383849043716
2025-03-10 21:00:00+01:00,75.25303849043716
2025-03-10 22:00:00+01:00,75.36413849043716
2025-03-10 23:00:00+01:00,73.03103849043715
2025-03-11 00:00:00+01:00,71.55643849043716
2025-03-11 01:00:00+01:00,67.94063849043715
2025-03-11 02:00:00+01:00,67.98103849043716
2025-03-11 03:00:00+01:00,68.94053849043716
2025-03-11 04:00:00+01:00,71.47563849043715
2025-03-11 05:00:00+01:00,73.80873849043715
2025-03-11 06:00:00+01:00,75.63683849043716
2025-03-11 07:00:00+01:00,87.31243849043716
2025-03-11 08:00:00+01:00,92.06953849043715
2025-03-11 09:00:00+01:00,87.03973849043717
2025-03-11 10:00:00+01:00,85.19143849043715
2025-03-11 11:00:00+01:00,83.84813849043715
2025-03-11 12:00:00+01:00,76.75793849043716
2025-03-11 13:00:00+01:00,76.74783849043715
2025-03-11 14:00:00+01:00,76.83873849043715
2025-03-11 15:00:00+01:00,81.18173849043716
2025-03-11 16:00:00+01:00,80.95953849043715
2025-03-11 17:00:00+01:00,93.27143849043715
2025-03-11 18:00:00+01:00,125.90453849043715
2025-03-11 19:00:00+01:00,135.55003849043717
2025-03-11 20:00:00+01:00,108.62343849043717
2025-03-11 21:00:00+01:00,83.60573849043716
2025-03-11 22:00:00+01:00,76.92963849043716
2025-03-11 23:00:00+01:00,75.73783849043716
2025-03-12 00:00:00+01:00,72.27353849043716
2025-03-12 01:00:00+01:00,71.37463849043716
2025-03-12 02:00:00+01:00,70.76863849043716
2025-03-12 03:00:00+01:00,70.61713849043716
2025-03-12 04:00:00+01:00,71.02113849043715
2025-03-12 05:00:00+01:00,73.01083849043717
2025-03-12 06:00:00+01:00,81.05043849043716
2025-03-12 07:00:00+01:00,99.15973849043716
2025-03-12 08:00:00+01:00,100.47273849043717
2025-03-12 09:00:00+01:00,87.02963849043716
2025-03-12 10:00:00+01:00,80.35353849043716
2025-03-12 11:00:00+01:00,76.54583849043716
2025-03-12 12:00:00+01:00,75.02073849043715
2025-03-12 13:00:00+01:00,75.73783849043716
2025-03-12 14:00:00+01:00,74.97023849043717
2025-03-12 15:00:00+01:00,77.05083849043716
2025-03-12 16:00:00+01:00,84.70663849043716
2025-03-12 17:00:00+01:00,105.11873849043715
2025-03-12 18:00:00+01:00,125.89443849043717
2025-03-12 19:00:00+01:00,115.75403849043715
2025-03-12 20:00:00+01:00,89.90813849043715
2025-03-12 21:00:00+01:00,79.84853849043716
2025-03-12 22:00:00+01:00,77.12153849043716
2025-03-12 23:00:00+01:00,71.99073849043717
2025-03-13 00:00:00+01:00,65.76913849043716
2025-03-13 01:00:00+01:00,68.16283849043715
2025-03-13 02:00:00+01:00,68.00123849043716
2025-03-13 03:00:00+01:00,66.97103849043717
2025-03-13 04:00:00+01:00,67.46593849043715
2025-03-13 05:00:00+01:00,68.74863849043714
2025-03-13 06:00:00+01:00,73.07143849043715
2025-03-13 07:00:00+01:00,84.27233849043716
2025-03-13 08:00:00+01:00,85.19143849043715
2025-03-13 09:00:00+01:00,77.74773849043716
2025-03-13 10:00:00+01:00,72.54623849043716
2025-03-13 11:00:00+01:00,71.83923849043715
2025-03-13 12:00:00+01:00,70.00103849043717
2025-03-13 13:00:00+01:00,70.33433849043716
2025-03-13 14:00:00+01:00,70.62723849043716
2025-03-13 15:00:00+01:00,71.50593849043716
2025-03-13 16:00:00+01:00,72.56643849043715
2025-03-13 17:00:00+01:00,85.42373849043716
2025-03-13 18:00:00+01:00,94.34203849043715
2025-03-13 19:00:00+01:00,90.47373849043716
2025-03-13 20:00:00+01:00,79.83843849043716
2025-03-13 21:00:00+01:00,72.22303849043716
2025-03-13 22:00:00+01:00,71.03123849043716
2025-03-13 23:00:00+01:00,69.65763849043715
2025-03-14 00:00:00+01:00,69.96063849043715
2025-03-14 01:00:00+01:00,69.43543849043716
2025-03-14 02:00:00+01:00,69.00113849043716
2025-03-14 03:00:00+01:00,68.45573849043716
2025-03-14 04:00:00+01:00,68.46583849043716
2025-03-14 05:00:00+01:00,69.97073849043716
2025-03-14 06:00:00+01:00,77.92953849043715
2025-03-14 07:00:00+01:00,90.16063849043715
2025-03-14 08:00:00+01:00,87.03973849043717
2025-03-14 09:00:00+01:00,71.22313849043715
2025-03-14 10:00:00+01:00,70.67773849043716
2025-03-14 11:00:00+01:00,70.64743849043717
2025-03-14 12:00:00+01:00,67.28413849043716
2025-03-14 13:00:00+01:00,66.17313849043715
2025-03-14 14:00:00+01:00,68.33453849043715
2025-03-14 15:00:00+01:00,70.77873849043715
2025-03-14 16:00:00+01:00,73.03103849043715
2025-03-14 17:00:00+01:00,87.39323849043716
2025-03-14 18:00:00+01:00,99.82633849043717
2025-03-14 19:00:00+01:00,93.72593849043716
2025-03-14 20:00:00+01:00,78.22243849043716
2025-03-14 21:00:00+01:00,72.52603849043716
2025-03-14 22:00:00+01:00,72.50583849043717
2025-03-14 23:00:00+01:00,70.77873849043715
2025-03-15 00:00:00+01:00,69.13243849043717
2025-03-15 01:00:00+01:00,69.11223849043716
2025-03-15 02:00:00+01:00,69.08193849043717
2025-03-15 03:00:00+01:00,69.02133849043716
2025-03-15 04:00:00+01:00,69.01123849043715
2025-03-15 05:00:00+01:00,69.73843849043716
2025-03-15 06:00:00+01:00,71.93013849043716
2025-03-15 07:00:00+01:00,73.04113849043715
2025-03-15 08:00:00+01:00,72.86943849043716
2025-03-15 09:00:00+01:00,72.02103849043716
2025-03-15 10:00:00+01:00,72.04123849043715
2025-03-15 11:00:00+01:00,72.29373849043716
2025-03-15 12:00:00+01:00,72.27353849043716
2025-03-15 13:00:00+01:00,72.04123849043715
2025-03-15 14:00:00+01:00,72.00083849043716
2025-03-15 15:00:00+01:00,72.00083849043716
2025-03-15 16:00:00+01:00,71.71803849043717
2025-03-15 17:00:00+01:00,76.32363849043715
2025-03-15 18:00:00+01:00,82.34323849043716
2025-03-15 19:00:00+01:00,78.38403849043716
2025-03-15 20:00:00+01:00,73.49563849043716
2025-03-15 21:00:00+01:00,69.98083849043716
2025-03-15 22:00:00+01:00,69.06173849043715
2025-03-15 23:00:00+01:00,68.66783849043715
2025-03-16 00:00:00+01:00,71.90993849043716
2025-03-16 01:00:00+01:00,71.30393849043715
2025-03-16 02:00:00+01:00,70.95043849043716
2025-03-16 03:00:00+01:00,69.68793849043716
2025-03-16 04:00:00+01:00,68.75873849043715
2025-03-16 05:00:00+01:00,68.76883849043716
2025-03-16 06:00:00+01:00,68.96073849043717
2025-03-16 07:00:00+01:00,68.68803849043717
2025-03-16 08:00:00+01:00,68.58703849043715
2025-03-16 09:00:00+01:00,68.66783849043715
2025-03-16 10:00:00+01:00,68.38503849043715
2025-03-16 11:00:00+01:00,66.43573849043716
2025-03-16 12:00:00+01:00,55.80043849043716
2025-03-16 13:00:00+01:00,46.74073849043716
2025-03-16 14:00:00+01:00,59.436438490437155
2025-03-16 15:00:00+01:00,67.01143849043716
2025-03-16 16:00:00+01:00,69.87983849043715
2025-03-16 17:00:00+01:00,72.93003849043716
2025-03-16 18:00:00+01:00,78.57593849043715
2025-03-16 19:00:00+01:00,81.53523849043717
2025-03-16 20:00:00+01:00,75.02073849043715
2025-03-16 21:00:00+01:00,72.58663849043717
2025-03-16 22:00:00+01:00,71.95033849043715
2025-03-16 23:00:00+01:00,68.86983849043716
2025-03-17 00:00:00+01:00,67.47603849043716
2025-03-17 01:00:00+01:00,64.99143849043715
2025-03-17 02:00:00+01:00,61.21403849043716
2025-03-17 03:00:00+01:00,58.05273849043715
2025-03-17 04:00:00+01:00,55.32573849043716
2025-03-17 05:00:00+01:00,54.94193849043715
2025-03-17 06:00:00+01:00,60.92113849043716
2025-03-17 07:00:00+01:00,58.64863849043716
2025-03-17 08:00:00+01:00,51.86143849043716
2025-03-17 09:00:00+01:00,43.99353849043716
2025-03-17 10:00:00+01:00,39.12533849043716
2025-03-17 11:00:00+01:00,39.01423849043716
2025-03-17 12:00:00+01:00,39.09503849043716
2025-03-17 13:00:00+01:00,35.17623849043716
2025-03-17 14:00:00+01:00,39.97373849043716
2025-03-17 15:00:00+01:00,52.58863849043716
2025-03-17 16:00:00+01:00,68.25373849043716
2025-03-17 17:00:00+01:00,81.16153849043715
2025-03-17 18:00:00+01:00,87.26193849043716
2025-03-17 19:00:00+01:00,88.50423849043716
2025-03-17 20:00:00+01:00,81.66653849043716
2025-03-17 21:00:00+01:00,74.42483849043715
2025-03-17 22:00:00+01:00,72.38463849043715
2025-03-17 23:00:00+01:00,68.30423849043716
2025-03-18 00:00:00+01:00,67.99113849043715
2025-03-18 01:00:00+01:00,66.06203849043716
2025-03-18 02:00:00+01:00,62.951238490437156
2025-03-18 03:00:00+01:00,59.90103849043716
2025-03-18 04:00:00+01:00,66.06203849043716
2025-03-18 05:00:00+01:00,69.54653849043716
2025-03-18 06:00:00+01:00,79.26273849043716
2025-03-18 07:00:00+01:00,90.71613849043715
2025-03-18 08:00:00+01:00,89.77683849043716
2025-03-18 09:00:00+01:00,81.86853849043716
2025-03-18 10:00:00+01:00,76.97003849043715
2025-03-18 11:00:00+01:00,76.45493849043716
2025-03-18 12:00:00+01:00,74.23293849043716
2025-03-18 13:00:00+01:00,73.50573849043715
2025-03-18 14:00:00+01:00,73.05123849043716
2025-03-18 15:00:00+01:00,74.93993849043716
2025-03-18 16:00:00+01:00,84.99953849043716
2025-03-18 17:00:00+01:00,103.21993849043716
2025-03-18 18:00:00+01:00,133.48963849043713
2025-03-18 19:00:00+01:00,125.95503849043715
2025-03-18 20:00:00+01:00,96.37213849043715
2025-03-18 21:00:00+01:00,82.24223849043716
2025-03-18 22:00:00+01:00,78.96983849043716
2025-03-18 23:00:00+01:00,74.59653849043715
2025-03-19 00:00:00+01:00,76.04083849043717
2025-03-19 01:00:00+01:00,74.25313849043715
2025-03-19 02:00:00+01:00,73.63703849043715
2025-03-19 03:00:00+01:00,72.53613849043715
2025-03-19 04:00:00+01:00,73.59663849043716
2025-03-19 05:00:00+01:00,76.99023849043716
2025-03-19 06:00:00+01:00,90.36263849043716
2025-03-19 07:00:00+01:00,102.22003849043715
2025-03-19 08:00:00+01:00,94.14003849043715
2025-03-19 09:00:00+01:00,80.21213849043716
2025-03-19 10:00:00+01:00,73.35423849043715
2025-03-19 11:00:00+01:00,72.16243849043717
2025-03-19 12:00:00+01:00,57.870938490437155
2025-03-19 13:00:00+01:00,60.66863849043716
2025-03-19 14:00:00+01:00,64.39553849043716
2025-03-19 15:00:00+01:00,73.01083849043717
2025-03-19 16:00:00+01:00,82.10083849043717
2025-03-19 17:00:00+01:00,109.34053849043715
2025-03-19 18:00:00+01:00,137.26703849043716
2025-03-19 19:00:00+01:00,128.48003849043715
2025-03-19 20:00:00+01:00,107.37103849043716
2025-03-19 21:00:00+01:00,85.38333849043717
2025-03-19 22:00:00+01:00,82.96943849043717
2025-03-19 23:00:00+01:00,79.71723849043717
2025-03-20 00:00:00+01:00,78.10123849043715
2025-03-20 01:00:00+01:00,77.29323849043716
2025-03-20 02:00:00+01:00,77.06093849043715
2025-03-20 03:00:00+01:00,77.02053849043716
2025-03-20 04:00:00+01:00,77.08113849043716
2025-03-20 05:00:00+01:00,80.49493849043716
2025-03-20 06:00:00+01:00,102.17963849043716
2025-03-20 07:00:00+01:00,120.41013849043716
2025-03-20 08:00:00+01:00,106.72463849043716
2025-03-20 09:00:00+01:00,77.21243849043717
2025-03-20 10:00:00+01:00,74.14203849043716
2025-03-20 11:00:00+01:00,71.14233849043715
2025-03-20 12:00:00+01:00,61.436238490437155
2025-03-20 13:00:00+01:00,64.12283849043715
2025-03-20 14:00:00+01:00,70.70803849043716
2025-03-20 15:00:00+01:00,77.06093849043715
2025-03-20 16:00:00+01:00,88.88803849043717
2025-03-20 17:00:00+01:00,112.93613849043714
2025-03-20 18:00:00+01:00,149.22543849043717
2025-03-20 19:00:00+01:00,147.70033849043716
2025-03-20 20:00:00+01:00,124.78343849043716
2025-03-20 21:00:00+01:00,97.01853849043717
2025-03-20 22:00:00+01:00,85.31263849043715
2025-03-20 23:00:00+01:00,79.30313849043715
2025-03-21 00:00:00+01:00,78.10123849043715
2025-03-21 01:00:00+01:00,76.64683849043716
2025-03-21 02:00:00+01:00,76.14183849043715
2025-03-21 03:00:00+01:00,72.71793849043716
2025-03-21 04:00:00+01:00,73.06133849043717
2025-03-21 05:00:00+01:00,76.63673849043715
2025-03-21 06:00:00+01:00,85.34293849043716
2025-03-21 07:00:00+01:00,99.25063849043715
2025-03-21 08:00:00+01:00,92.01903849043715
2025-03-21 09:00:00+01:00,78.28303849043716
2025-03-21 10:00:00+01:00,76.60643849043716
2025-03-21 11:00:00+01:00,75.45503849043715
2025-03-21 12:00:00+01:00,70.67773849043716
2025-03-21 13:00:00+01:00,69.82933849043715
2025-03-21 14:00:00+01:00,69.84953849043715
2025-03-21 15:00:00+01:00,75.10153849043716
2025-03-21 16:00:00+01:00,77.93963849043716
2025-03-21 17:00:00+01:00,96.70543849043716
2025-03-21 18:00:00+01:00,127.51043849043717
2025-03-21 19:00:00+01:00,127.65183849043716
2025-03-21 20:00:00+01:00,97.46293849043715
2025-03-21 21:00:00+01:00,80.08083849043716
2025-03-21 22:00:00+01:00,78.24263849043716
2025-03-21 23:00:00+01:00,76.74783849043715
2025-03-22 00:00:00+01:00,70.51613849043716
2025-03-22 01:00:00+01:00,70.68783849043716
2025-03-22 02:00:00+01:00,70.85953849043716
2025-03-22 03:00:00+01:00,70.37473849043717
2025-03-22 04:00:00+01:00,70.76863849043716
2025-03-22 05:00:00+01:00,72.73813849043715
2025-03-22 06:00:00+01:00,74.85913849043716
2025-03-22 07:00:00+01:00,75.46513849043716
2025-03-22 08:00:00+01:00,75.34393849043715
2025-03-22 09:00:00+01:00,75.10153849043716
2025-03-22 10:00:00+01:00,72.70783849043715
2025-03-22 11:00:00+01:00,68.03153849043716
2025-03-22 12:00:00+01:00,65.62773849043717
2025-03-22 13:00:00+01:00,65.24393849043716
2025-03-22 14:00:00+01:00,62.83003849043716
2025-03-22 15:00:00+01:00,67.56693849043717
2025-03-22 16:00:00+01:00,71.15243849043716
2025-03-22 17:00:00+01:00,85.83783849043715
2025-03-22 18:00:00+01:00,115.52173849043714
2025-03-22 19:00:00+01:00,113.48153849043716
2025-03-22 20:00:00+01:00,83.68653849043716
2025-03-22 21:00:00+01:00,76.84883849043716
2025-03-22 22:00:00+01:00,75.22273849043717
2025-03-22 23:00:00+01:00,73.47543849043716
2025-03-23 00:00:00+01:00,72.67753849043716
2025-03-23 01:00:00+01:00,72.46543849043717
2025-03-23 02:00:00+01:00,72.42503849043715
2025-03-23 03:00:00+01:00,69.62733849043715
2025-03-23 04:00:00+01:00,69.56673849043716
2025-03-23 05:00:00+01:00,70.89993849043717
2025-03-23 06:00:00+01:00,70.93023849043716
2025-03-23 07:00:00+01:00,72.43513849043715
2025-03-23 08:00:00+01:00,72.68763849043715
2025-03-23 09:00:00+01:00,70.15253849043715
2025-03-23 10:00:00+01:00,55.67923849043716
2025-03-23 11:00:00+01:00,37.53963849043716
2025-03-23 12:00:00+01:00,-6.769061509562846
2025-03-23 13:00:00+01:00,-12.536161509562845
2025-03-23 14:00:00+01:00,-10.18286150956284
2025-03-23 15:00:00+01:00,50.55853849043716
2025-03-23 16:00:00+01:00,65.56713849043716
2025-03-23 17:00:00+01:00,72.69773849043716
2025-03-23 18:00:00+01:00,74.13193849043716
2025-03-23 19:00:00+01:00,72.73813849043715
2025-03-23 20:00:00+01:00,72.51593849043715
2025-03-23 21:00:00+01:00,73.73803849043716
2025-03-23 22:00:00+01:00,72.44523849043716
2025-03-23 23:00:00+01:00,65.48633849043716
2025-03-24 00:00:00+01:00,20.238338490437158
2025-03-24 01:00:00+01:00,8.128438490437162
2025-03-24 02:00:00+01:00,12.80473849043716
2025-03-24 03:00:00+01:00,11.017038490437159
2025-03-24 04:00:00+01:00,10.714038490437161
2025-03-24 05:00:00+01:00,11.158438490437149
2025-03-24 06:00:00+01:00,10.73423849043715
2025-03-24 07:00:00+01:00,9.330338490437157
2025-03-24 08:00:00+01:00,-0.8403615095628396
2025-03-24 09:00:00+01:00,-3.092661509562845
2025-03-24 10:00:00+01:00,-2.7189615095628454
2025-03-24 11:00:00+01:00,-1.6382615095628523
2025-03-24 12:00:00+01:00,-3.880461509562849
2025-03-24 13:00:00+01:00,-7.577061509562839
2025-03-24 14:00:00+01:00,-7.041761509562846
2025-03-24 15:00:00+01:00,-1.9008615095628443
2025-03-24 16:00:00+01:00,10.693838490437159
2025-03-24 17:00:00+01:00,52.84113849043716
2025-03-24 18:00:00+01:00,72.55633849043716
2025-03-24 19:00:00+01:00,75.76813849043715
2025-03-24 20:00:00+01:00,74.95003849043715
2025-03-24 21:00:00+01:00,73.50573849043715
2025-03-24 22:00:00+01:00,73.98043849043715
2025-03-24 23:00:00+01:00,72.68763849043715
2025-03-25 00:00:00+01:00,61.648338490437155
2025-03-25 01:00:00+01:00,60.98173849043716
2025-03-25 02:00:00+01:00,61.03223849043716
2025-03-25 03:00:00+01:00,61.63823849043716
2025-03-25 04:00:00+01:00,67.01143849043716
2025-03-25 05:00:00+01:00,74.00063849043715
2025-03-25 06:00:00+01:00,81.61603849043716
2025-03-25 07:00:00+01:00,94.00873849043715
2025-03-25 08:00:00+01:00,89.52433849043716
2025-03-25 09:00:00+01:00,77.05083849043716
2025-03-25 10:00:00+01:00,66.62763849043716
2025-03-25 11:00:00+01:00,61.880638490437164
2025-03-25 12:00:00+01:00,59.72933849043716
2025-03-25 13:00:00+01:00,60.254538490437156
2025-03-25 14:00:00+01:00,61.03223849043716
2025-03-25 15:00:00+01:00,69.32433849043716
2025-03-25 16:00:00+01:00,76.95993849043717
2025-03-25 17:00:00+01:00,103.21993849043716
2025-03-25 18:00:00+01:00,142.24633849043715
2025-03-25 19:00:00+01:00,142.98363849043716
2025-03-25 20:00:00+01:00,104.75513849043716
2025-03-25 21:00:00+01:00,82.26243849043716
2025-03-25 22:00:00+01:00,79.61623849043715
2025-03-25 23:00:00+01:00,75.77823849043716
2025-03-26 00:00:00+01:00,80.01013849043716
2025-03-26 01:00:00+01:00,77.50533849043715
2025-03-26 02:00:00+01:00,75.79843849043715
2025-03-26 03:00:00+01:00,73.92993849043717
2025-03-26 04:00:00+01:00,73.94003849043715
2025-03-26 05:00:00+01:00,75.77823849043716
2025-03-26 06:00:00+01:00,80.90903849043715
2025-03-26 07:00:00+01:00,82.08063849043715
2025-03-26 08:00:00+01:00,78.49513849043716
2025-03-26 09:00:00+01:00,74.84903849043715
2025-03-26 10:00:00+01:00,71.98063849043716
2025-03-26 11:00:00+01:00,67.98103849043716
2025-03-26 12:00:00+01:00,61.59783849043716
2025-03-26 13:00:00+01:00,61.951338490437166
2025-03-26 14:00:00+01:00,62.11293849043716
2025-03-26 15:00:00+01:00,73.96023849043716
2025-03-26 16:00:00+01:00,75.53583849043717
2025-03-26 17:00:00+01:00,81.44433849043716
2025-03-26 18:00:00+01:00,97.78613849043715
2025-03-26 19:00:00+01:00,98.31133849043717
2025-03-26 20:00:00+01:00,81.36353849043716
2025-03-26 21:00:00+01:00,76.55593849043716
2025-03-26 22:00:00+01:00,76.80843849043715
2025-03-26 23:00:00+01:00,75.78833849043717
2025-03-27 00:00:00+01:00,80.97973849043717
2025-03-27 01:00:00+01:00,79.90913849043716
2025-03-27 02:00:00+01:00,79.98993849043717
2025-03-27 03:00:00+01:00,77.09123849043716
2025-03-27 04:00:00+01:00,76.95993849043717
2025-03-27 05:00:00+01:00,81.17163849043716
2025-03-27 06:00:00+01:00,85.39343849043715
2025-03-27 07:00:00+01:00,91.47363849043715
2025-03-27 08:00:00+01:00,84.69653849043716
2025-03-27 09:00:00+01:00,81.33323849043715
2025-03-27 10:00:00+01:00,81.32313849043716
2025-03-27 11:00:00+01:00,81.28273849043717
2025-03-27 12:00:00+01:00,80.97973849043717
2025-03-27 13:00:00+01:00,80.95953849043715
2025-03-27 14:00:00+01:00,80.66663849043717
2025-03-27 15:00:00+01:00,81.21203849043715
2025-03-27 16:00:00+01:00,86.23173849043715
2025-03-27 17:00:00+01:00,100.23033849043715
2025-03-27 18:00:00+01:00,124.25823849043715
2025-03-27 19:00:00+01:00,120.50103849043717
2025-03-27 20:00:00+01:00,93.25123849043716
2025-03-27 21:00:00+01:00,83.10073849043717
2025-03-27 22:00:00+01:00,81.31303849043717
2025-03-27 23:00:00+01:00,77.03063849043716
2025-03-28 00:00:00+01:00,74.21273849043716
2025-03-28 01:00:00+01:00,73.99053849043716
2025-03-28 02:00:00+01:00,71.08173849043715
2025-03-28 03:00:00+01:00,65.33483849043715
2025-03-28 04:00:00+01:00,70.06163849043716
2025-03-28 05:00:00+01:00,76.24283849043715
2025-03-28 06:00:00+01:00,84.35313849043716
2025-03-28 07:00:00+01:00,84.06023849043716
2025-03-28 08:00:00+01:00,81.14133849043716
2025-03-28 09:00:00+01:00,80.17173849043715
2025-03-28 10:00:00+01:00,79.02033849043715
2025-03-28 11:00:00+01:00,79.97983849043716
2025-03-28 12:00:00+01:00,74.16223849043716
2025-03-28 13:00:00+01:00,72.72803849043716
2025-03-28 14:00:00+01:00,72.68763849043715
2025-03-28 15:00:00+01:00,73.94003849043715
2025-03-28 16:00:00+01:00,75.11163849043716
2025-03-28 17:00:00+01:00,74.54603849043716
2025-03-28 18:00:00+01:00,80.65653849043716
2025-03-28 19:00:00+01:00,79.69703849043715
2025-03-28 20:00:00+01:00,76.23273849043716
2025-03-28 21:00:00+01:00,77.03063849043716
2025-03-28 22:00:00+01:00,76.83873849043715
2025-03-28 23:00:00+01:00,72.74823849043716
2025-03-29 00:00:00+01:00,72.00083849043716
2025-03-29 01:00:00+01:00,66.96093849043716
2025-03-29 02:00:00+01:00,63.09263849043715
2025-03-29 03:00:00+01:00,63.21383849043716
2025-03-29 04:00:00+01:00,62.69873849043716
2025-03-29 05:00:00+01:00,69.59703849043716
2025-03-29 06:00:00+01:00,61.42613849043716
2025-03-29 07:00:00+01:00,62.06243849043716
2025-03-29 08:00:00+01:00,61.67863849043716
2025-03-29 09:00:00+01:00,61.53723849043716
2025-03-29 10:00:00+01:00,61.25443849043715
2025-03-29 11:00:00+01:00,60.092938490437156
2025-03-29 12:00:00+01:00,60.37573849043716
2025-03-29 13:00:00+01:00,54.06323849043716
2025-03-29 14:00:00+01:00,55.335838490437155
2025-03-29 15:00:00+01:00,61.19383849043716
2025-03-29 16:00:00+01:00,61.820038490437156
2025-03-29 17:00:00+01:00,71.76853849043717
2025-03-29 18:00:00+01:00,84.11073849043716
2025-03-29 19:00:00+01:00,92.27153849043717
2025-03-29 20:00:00+01:00,83.66633849043716
2025-03-29 21:00:00+01:00,75.11163849043716
2025-03-29 22:00:00+01:00,72.51593849043715
2025-03-29 23:00:00+01:00,66.48623849043716
2025-03-30 00:00:00+01:00,61.62813849043716
2025-03-30 01:00:00+01:00,57.19423849043716
2025-03-30 02:00:00+01:00,53.93193849043716
2025-03-30 03:00:00+01:00,53.154238490437166
2025-03-30 04:00:00+01:00,54.70963849043716
2025-03-30 05:00:00+01:00,55.47723849043716
2025-03-30 06:00:00+01:00,52.164438490437156
2025-03-30 07:00:00+01:00,40.70093849043715
2025-03-30 08:00:00+01:00,36.71143849043716
2025-03-30 09:00:00+01:00,29.166738490437154
2025-03-30 10:00:00+01:00,18.996038490437158
2025-03-30 11:00:00+01:00,14.117738490437162
2025-03-30 12:00:00+01:00,7.966838490437155
2025-03-30 13:00:00+01:00,0.9978384904371467
2025-03-30 14:00:00+01:00,10.633238490437165
2025-03-30 15:00:00+01:00,24.753038490437163
2025-03-30 16:00:00+01:00,41.27663849043716
2025-03-30 17:00:00+01:00,70.88983849043716
2025-03-30 18:00:00+01:00,81.64633849043716
2025-03-30 19:00:00+01:00,83.21183849043716
2025-03-30 20:00:00+01:00,72.33413849043717
2025-03-30 21:00:00+01:00,65.60753849043715
2025-03-30 22:00:00+01:00,62.12303849043715
2025-03-30 23:00:00+01:00,57.67903849043716
2025-03-31 00:00:00+01:00,66.85993849043716
2025-03-31 01:00:00+01:00,60.21413849043716
,56.315538490437156
,56.60843849043715
,56.50743849043716
,57.67903849043716
,57.60833849043716
,57.52753849043716
,53.14413849043716
,38.72133849043716
,19.187938490437155
,1.7654384904371625
,-0.8908615095628392
,-2.6886615095628343
,5.542838490437148
,40.15553849043716
,57.76993849043716
,72.98053849043717
,72.68763849043715
,74.62683849043717
,74.50563849043715
,67.22353849043716
,62.72903849043716
,43.91273849043716
,39.65053849043716
,39.67073849043716
,39.29703849043715
,40.115138490437154
,42.85223849043716
,46.93263849043716
,47.11443849043715
,45.57923849043716
,42.24623849043716
,34.62073849043716
,26.894238490437154
,16.04683849043716
,7.027538490437152
,-5.80956150956284
,-5.567161509562851
,-2.799761509562842
,6.775038490437154
,28.793038490437162
,46.841738490437166
,49.09403849043716
,43.266338490437164
,34.68133849043716
,26.07613849043716
,12.956238490437158
,10.370638490437159
,6.926538490437153
,4.219738490437166
,8.52233849043715
,23.05623849043716
,55.85093849043716
,71.31403849043716
,73.19263849043716
,67.17303849043716
,64.66823849043716
,57.305338490437165
,52.87143849043716
,53.073438490437155
,52.437138490437164
,56.66903849043716
,63.52693849043716
,71.25343849043716
,66.08223849043716
,81.32313849043716
,81.76753849043715
,74.13193849043716
,72.69773849043716
,67.51643849043715
,72.14223849043717
,72.12203849043715
,72.01093849043716
,72.41493849043717
,72.37453849043716
,74.26323849043716
,88.77693849043716
,118.12753849043716
,117.28923849043716
,89.92833849043717
,77.11143849043715
,75.19243849043715
,74.22283849043716
,74.07133849043716
,74.39453849043716
,74.07133849043716
,75.02073849043715
,76.60643849043716
,95.59443849043717
,112.67353849043715
,103.31083849043716
,75.22273849043717
,74.11173849043715
,71.31403849043716
,68.82943849043717
,67.91033849043716
,68.16283849043715
,67.96083849043717
,67.70833849043717
,69.42533849043716
,70.12223849043717
,75.60653849043716
,75.97013849043715
,70.11213849043716
,67.12253849043715
,65.34493849043716
,58.26483849043716
,56.638738490437156
,57.37603849043716
,55.81053849043715
,57.29523849043716
,63.77943849043716
,71.92003849043715
,84.80763849043716
,79.52533849043715
,70.05153849043715
,69.00113849043716
,67.48613849043716
,56.40643849043716
,55.94183849043716
,55.91153849043716
,55.57823849043716
,56.08323849043716
,63.33503849043716
,76.06103849043716
,84.16123849043716
,80.06063849043716
,67.85983849043716
,57.36593849043716
,55.69943849043716
,51.48773849043715
,44.71063849043716
,35.317638490437155
,50.760538490437156
,53.406738490437164
,55.60853849043716
,66.59733849043715
,69.75863849043715
,67.95073849043716
,61.37563849043716
,59.486938490437154
,56.00243849043716
,51.32613849043716
,51.92203849043716
,51.669538490437155
,51.24533849043716
,51.22513849043716
,53.51783849043716
,55.67923849043716
,55.568138490437164
,53.41683849043716
,45.11463849043716
,7.08813849043716
,-7.3750615095628405
,-19.192061509562848
,-54.67336150956285
,-51.239361509562826
,-21.636261509562843
,-4.132961509562847
,27.813338490437154
,58.39613849043716
,65.06213849043716
,59.436438490437155
,54.275338490437164
,53.81073849043716
,50.992838490437165
,49.85153849043716
,19.38993849043716
,11.895738490437154
,11.148338490437155
,10.68373849043715
,14.299538490437158
,29.46973849043716
,11.441238490437158
,0.25043849043716193
,-2.3957615095628455
,-5.829761509562843
,-15.869161509562844
,-34.73596150956284
,-63.77346150956282
,-57.087261509562865
,-25.88836150956284
,-3.880461509562849
,31.015038490437156
,72.40483849043716
,74.77833849043716
,77.78813849043715
,75.05103849043716
,72.55633849043716
,69.14253849043715
,66.32463849043717
,63.69863849043716
,62.415938490437156
,64.71873849043716
,67.57703849043716
,73.65723849043717
,85.89843849043716
,108.68403849043716
,106.51253849043715
,84.89853849043716
,72.46543849043717
,64.12283849043715
,52.639138490437155
,51.64933849043716
,52.34623849043716
,60.65853849043716
,70.93023849043716
,79.39403849043715
,89.54453849043716
,96.86703849043715
,91.03933849043716
,81.23223849043717
,75.09143849043716
,68.93043849043715
,70.11213849043716
,66.27413849043717
,63.18353849043716
,61.557438490437164
,60.93123849043715
,72.06143849043715
,78.00023849043717
,83.26233849043716
,78.39413849043716
,69.06173849043715
,69.33443849043717
,70.37473849043717
,66.44583849043717
,65.80953849043715
,65.41563849043716
,66.95083849043716
,66.40543849043716
,60.84033849043716
,67.59723849043716
,71.45543849043716
,70.10203849043715
,64.69853849043716
,63.97133849043716
,55.15403849043716
,57.55783849043716
,58.22443849043716
,58.87083849043716
,57.780038490437164
,57.80023849043715
,60.113138490437166
,74.65713849043716
,87.76693849043717
,85.03993849043717
,73.49563849043716
,64.90053849043716
,59.36573849043716
,59.658638490437156
,58.48703849043716
,57.20433849043716
,56.628638490437154
,58.295138490437154
,74.30363849043715
,99.85663849043716
,120.23843849043715
,121.64233849043715
,94.09963849043716
,85.09043849043715
,71.86953849043715
,65.29443849043716
,58.961738490437156
,59.31523849043715
,59.163738490437154
,58.466838490437155
,64.05213849043716
,75.49543849043715
,81.22213849043716
,79.12133849043717
,58.98193849043716
,56.91143849043716
,47.74063849043716
,10.653438490437154
,10.582738490437166
,9.431338490437156
,28.27793849043716
,55.244938490437164
,75.12173849043715
,89.74653849043716
,126.97513849043716
,128.46993849043716
,92.46343849043716
,80.78783849043715
,76.49533849043715
,71.72813849043716
,68.86983849043716
,67.25383849043716
,66.29433849043716
,66.13273849043716
,72.52603849043716
,85.89843849043716
,88.61533849043715
,81.13123849043716
,64.16323849043715
,38.68093849043716
,19.00613849043716
,3.2602384904371604
,-5.001561509562848
,-3.7390615095628448
,-2.2139615095628358
,19.27883849043716
,54.34603849043716
,79.03043849043716
,90.23133849043717
,91.20093849043715
,87.24173849043716
,74.28343849043715
,65.34493849043716
,65.00153849043716
,55.45703849043716
,49.790938490437156
,41.36753849043716
,39.58993849043716
,42.79163849043716
,56.09333849043716
,54.85103849043716
,37.76183849043716
,8.421338490437165
,-2.7290615095628397
,-9.930361509562843
,-26.352961509562846
,-53.027061509562856
,-53.20886150956284
,-34.06936150956284
,-14.28346150956284
,9.128338490437145
,62.89063849043716
,78.47493849043717
,80.44443849043716
,58.67893849043716
,57.820438490437155
,55.86103849043716
,24.19753849043716
,10.703938490437153
,10.703938490437153
,6.371038490437158
,2.9269384904371663
,6.58313849043715
,10.714038490437161
,4.654038490437159
,-2.9815615095628516
,-13.808761509562842
,-27.766961509562833
,-48.83556150956284
,-67.19736150956285
,-93.16446150956284
,-93.18466150956283
,-63.419961509562825
,-32.78666150956285
,-6.7589615095628375
,45.12473849043715
,79.25263849043716
,83.84813849043715
,84.14103849043715
,85.11063849043715
,81.60593849043715
,76.99023849043716
,73.10173849043716
,67.79923849043715
,66.58723849043716
,67.11243849043716
,78.16183849043716
,92.25133849043716
,107.96693849043717
,103.34113849043715
,84.09053849043717
,77.93963849043716
,65.16313849043715
,38.72133849043716
,23.22793849043716
,18.26883849043716
,49.790938490437156
,61.971538490437155
,67.42553849043716
,66.73873849043716
,73.02093849043716
,71.20293849043716
,66.30443849043716
,66.92053849043717
,65.87013849043716
,15.88523849043716
,10.714038490437161
,10.744338490437158
,10.693838490437159
,25.500438490437155
,56.55793849043716
,70.91003849043716
,80.73733849043715
,78.13153849043715
,69.65763849043715
,68.24363849043715
,63.890538490437166
,49.81113849043716
,50.05353849043716
,57.23463849043716
,61.57763849043716
,65.02173849043716
,80.18183849043716
,103.48253849043715
,137.75183849043714
,141.17573849043714
,112.74423849043716
,99.16983849043716
,86.54483849043716
,83.48453849043716
,79.10113849043715
,78.17193849043717
,77.68713849043716
,78.19213849043716
,82.64623849043716
,90.14043849043716
,103.17953849043715
,101.36153849043716
,90.38283849043715
,91.97863849043715
,87.14073849043716
,78.13153849043715
,74.86923849043716
,73.81883849043716
,77.74773849043716
,82.92903849043716
,89.11023849043715
,93.67543849043716
,101.53323849043716
,101.43223849043716
,94.14003849043715
,94.00873849043715
,89.80713849043715
,91.09993849043715
,89.02943849043716
,88.15073849043716
,87.58513849043716
,88.01943849043717
,92.70583849043717
,99.44253849043716
,128.98503849043718
,116.75393849043715
,94.57433849043716
,86.71653849043716
,82.41393849043715
,75.69743849043716
,71.79883849043716
,71.81903849043715
,66.08223849043716
,70.00103849043717
,85.25203849043716
,94.91773849043716
,126.52063849043716
,129.07593849043718
,95.22073849043716
,85.48433849043715
,75.77823849043716
,79.71723849043717
,75.62673849043715
,74.96013849043716
,74.14203849043716
,73.98043849043715
,75.44493849043717
,81.14133849043716
,84.70663849043716
,82.49473849043717
,74.37433849043715
,69.99093849043716
,45.478238490437164
,37.76183849043716
,23.17743849043716
,23.17743849043716
,53.86123849043716
,68.96073849043717
,74.18243849043716
,75.05103849043716
,81.24233849043716
,81.78773849043716
,76.93973849043716
,74.99043849043716
,69.94043849043716
,69.02133849043716
,62.75933849043716
,55.85093849043716
,50.72013849043716
,51.97253849043716
,55.558038490437156
,60.75953849043715
,62.79973849043716
,64.83993849043716
,56.33573849043716
,49.78083849043716
,43.38753849043716
,30.217138490437158
,21.076638490437162
,18.177938490437157
,25.42973849043716
,41.70083849043716
,58.82033849043716
,81.10093849043716
,84.23193849043716
,87.75683849043716
,89.06983849043715
,85.84793849043716
,78.52543849043715
,78.40423849043715
,73.96023849043716
,70.58683849043716
,68.59713849043716
,67.68813849043715
,68.28403849043715
,67.42553849043716
,63.638038490437154
,62.17353849043716
,53.800638490437166
,34.20663849043716
,27.43963849043716
,10.178738490437155
,0.2100384904371566
,-2.2038615095628558
,0.2807384904371588
,13.572338490437154
,51.69983849043716
,72.08163849043716
,87.00943849043716
,90.18083849043717
,89.03953849043715
,86.06003849043715
,82.47453849043715
,74.82883849043716
,73.65723849043717
,73.35423849043715
,73.16233849043715
,75.41463849043716
,82.53513849043716
,98.30123849043716
,107.25993849043716
,104.62383849043717
,88.44363849043715
,82.36343849043716
,80.26263849043715
,75.65703849043716
,73.59663849043716
,72.74823849043716
,73.28353849043717
,77.50533849043715
,82.56543849043716
,103.40173849043715
,103.19973849043717
,104.77533849043715
,103.29063849043715
,95.64493849043717
,85.79743849043716
,87.91843849043715
,86.16103849043716
,85.39343849043715
,85.60553849043717
,85.67623849043716
,90.10003849043716
,109.07793849043716
,149.49813849043716
,132.73213849043714
,100.31113849043714
,83.52493849043717
,80.05053849043716
,80.01013849043716
,79.97983849043716
,78.76783849043716
,80.02023849043717
,83.56533849043716
,91.33223849043716
,105.09853849043716
,107.29023849043716
,107.31043849043715
,106.48223849043717
,93.18053849043716
,85.90853849043717
,78.75773849043716
,75.77823849043716
,75.78833849043717
,75.96003849043716
,75.94993849043716
,80.14143849043715
,95.93783849043716
,114.64303849043716
,103.73503849043715
,91.24133849043716
,80.17173849043715
,77.74773849043716
,72.23313849043716
,72.01093849043716
,70.36463849043716
,73.90973849043716
,77.01043849043715
,85.03993849043717
,94.35213849043716
,97.27103849043716
,98.43253849043715
,104.77533849043715
,94.24103849043716
,85.26213849043717
,84.56523849043717
,83.76733849043715
,80.49493849043716
,77.09123849043716
,76.95993849043717
,85.18133849043716
,92.88763849043715
,113.39063849043715
,112.50183849043717
,94.11983849043716
,86.15093849043716
,82.16143849043715
,77.35383849043716
,73.10173849043716
,71.86953849043715
,73.36433849043716
,78.75773849043716
,85.15103849043716
,88.33253849043714
,88.68603849043716
,88.53453849043716
,89.71623849043715
,91.39283849043716
,82.48463849043716
,76.32363849043715
,75.01063849043716
,74.27333849043717
,72.90983849043715
,75.08133849043716
,80.76763849043715
,93.41283849043715
,100.08893849043716
,95.27123849043716
,81.10093849043716
,72.66743849043716
,68.76883849043716
,66.13273849043716
,63.87033849043716
,64.06223849043717
,65.58733849043716
,70.01113849043715
,80.01013849043716
,90.35253849043715
,93.40273849043716
,94.35213849043716
,98.10933849043715
,88.87793849043716
,81.40393849043716
,85.57523849043716
,80.72723849043716
,80.37373849043716
,79.51523849043716
,79.55563849043716
,79.97983849043716
,78.78803849043716
,76.70743849043716
,66.72863849043715
,57.55783849043716
,34.26723849043716
,15.804438490437157
,3.149138490437167
,-2.941161509562832
,-3.4057615095628506
,-1.698861509562846
,16.40033849043715
,55.881238490437156
,77.02053849043716
,85.10053849043716
,87.87803849043716
,83.67643849043715
,75.67723849043716
,66.92053849043717
,54.30563849043716
,53.56833849043716
,52.305838490437154
,37.84263849043716
,31.641238490437154
,31.560438490437157
,22.813838490437163
,8.391038490437154
,-3.3047615095628373
,-4.829861509562846
,-6.668061509562833
,-11.70796150956285
,-11.233261509562851
,-44.16936150956283
,-53.27956150956285
,-34.331961509562845
,-6.556961509562839
,0.9170384904371502
,50.29593849043715
,72.72803849043716
,82.32303849043717
,79.54553849043717
,75.09143849043716
,71.97053849043716
,66.32463849043717
,63.860238490437155
,68.21333849043717
,68.22343849043716
,74.08143849043715
,82.19173849043716
,98.40223849043717
,116.93573849043716
,103.06843849043716
,82.00993849043716
,61.96143849043716
,54.30563849043716
,46.22563849043716
,43.65013849043716
,44.498538490437156
,55.84083849043716
,68.05173849043716
,80.05053849043716
,94.98843849043715
,131.65143849043716
,140.91313849043718
,102.93713849043716
,85.47423849043716
,78.04063849043716
,76.92963849043716
,72.04123849043715
,70.23333849043716
,71.36453849043716
,72.93003849043716
,77.93963849043716
,90.33233849043715
,98.22043849043716
,87.16093849043716
,73.26333849043716
,56.25493849043716
,46.659938490437156
,23.96523849043716
,13.441038490437158
,19.50103849043716
,29.10613849043716
,46.659938490437156
,73.02093849043716
,82.40383849043717
,104.48243849043716
,106.12873849043716
,88.93853849043717
,78.05073849043715
,71.02113849043715
,57.18413849043716
,52.810838490437156
,49.992938490437155
,46.78113849043716
,46.25593849043716
,45.91253849043716
,43.83193849043716
,36.307438490437164
,28.61123849043716
,20.117138490437156
,18.278938490437156
,4.815638490437152
,7.41133849043716
,8.784938490437156
,3.9470384904371514
,4.3409384904371535
,2.6441384904371574
,1.199838490437159
,24.167238490437157
,49.82123849043715
,51.730138490437156
,52.23513849043716
,41.94323849043716
,29.520238490437166
,32.38863849043716
,15.72363849043716
,13.632938490437155
,12.552238490437155
,15.83473849043716
,34.48943849043716
,61.59783849043716
,72.50583849043717
,63.04213849043716
,54.11373849043716
,53.669338490437156
,56.98213849043716
,58.66883849043716
,54.44703849043715
,50.38683849043716
,59.08293849043716
,54.84093849043715
,58.44663849043715
,73.72793849043715
,85.20153849043716
,85.23183849043716
,75.09143849043716
,68.20323849043716
,60.82013849043716
,57.35583849043716
,54.87123849043716
,51.95233849043716
,51.87153849043716
,51.20493849043716
,59.40613849043716
,77.60633849043717
,84.66623849043715
,81.14133849043716
,75.03083849043716
,69.62733849043715
,60.22423849043716
,58.274938490437165
,56.17413849043716
,50.79083849043715
,55.26513849043715
,59.072838490437164
,71.82913849043716
,79.89903849043716
,91.12013849043716
,95.28133849043716
,85.86813849043716
,79.30313849043715
,76.10143849043715
,82.69673849043716
,79.88893849043716
,79.57583849043716
,79.45463849043716
,79.84853849043716
,79.94953849043715
,81.06053849043717
,81.30293849043716
,77.71743849043716
,62.143238490437156
,54.89143849043716
,35.923638490437156
,27.227538490437162
,17.632538490437156
,18.64253849043716
,35.873138490437164
,59.598038490437155
,76.99023849043716
,89.29203849043715
,106.10853849043716
,111.57263849043716
,93.08963849043715
,85.80753849043715
,79.11123849043716
,80.08083849043716
,72.51593849043715
,69.07183849043716
,63.21383849043716
,62.36543849043716
,61.557438490437164
,60.900938490437156
,52.23513849043716
,36.71143849043716
,26.904338490437162
,13.299638490437161
,4.290438490437154
,-0.30506150956283307
,-6.567061509562848
,-12.81896150956284
,-7.15286150956284
,-1.2544615095628302
,25.48023849043716
,74.20263849043715
,91.52413849043717
,99.00823849043717
,97.61443849043717
,91.74633849043717
,86.73673849043715
,80.96963849043716
,79.56573849043716
,79.18193849043716
,78.71733849043716
,81.01003849043715
,86.95893849043715
,99.08903849043716
,116.64283849043716
,100.67473849043716
,93.21083849043717
,84.10063849043715
,84.10063849043715
,80.13133849043716
,81.06053849043717
,80.42423849043715
,84.44403849043715
,88.35273849043716
,92.68563849043716
,101.58373849043716
,125.67223849043717
,130.82323849043718
,104.13903849043716
,97.24073849043717
,85.92873849043715
,81.90893849043715
,78.50523849043716
,79.03043849043716
,80.38383849043716
,80.84843849043716
,85.46413849043716
,103.15933849043716
,126.91453849043715
,112.79473849043717
,91.46353849043716
,82.68663849043716
,80.05053849043716
,77.00033849043716
,79.16173849043716
,74.52583849043717
,77.48513849043715
,81.24233849043716
,88.30223849043716
,107.27003849043714
,133.91383849043717
,138.44873849043717
,107.63363849043715
,94.38243849043715
,85.42373849043716
,83.62593849043715
,81.07063849043715
,82.28263849043715
,83.36333849043717
,81.57563849043716
,85.52473849043716
,98.73553849043716
,111.42113849043716
,109.11833849043717
,89.99903849043716
,84.77733849043716
,81.16153849043715
,72.89973849043716
,68.23353849043716
,66.26403849043716
,69.17283849043716
,75.20253849043715
,86.07013849043716
,98.39213849043716
,100.27073849043717
,103.28053849043717
,99.13953849043716
,94.85713849043717
,85.47423849043716
,85.03993849043717
,82.73713849043716
,81.68673849043715
,81.95943849043717
,82.87853849043717
,83.89863849043715
,81.01003849043715
,77.94973849043717
,66.98113849043715
,36.731638490437156
,8.683938490437157
,-0.3858615095628437
,-2.5270615095628415
,-4.042061509562842
,-3.8299615095628496
,-1.6685615095628492
,16.986138490437156
,59.85053849043716
,85.48433849043715
,88.12043849043715
,87.73663849043716
,87.78713849043716
,92.79673849043715
,86.65593849043715
,82.34323849043716
,82.27253849043716
,76.70743849043716
,76.85893849043715
,77.50533849043715
,85.05003849043715
,87.77703849043715
,88.26183849043716
,84.81773849043716
,68.14263849043715
,44.63993849043716
,21.38973849043716
,13.218838490437165
,9.239438490437166
,8.360738490437157
,27.894138490437165
,54.73993849043716
,75.96003849043716
,87.46393849043716
,86.56503849043715
,86.34283849043715
,87.84773849043717
,93.17043849043716
,85.48433849043715
,89.13043849043716
,86.55493849043717
,85.41363849043715
,83.47443849043717
,83.11083849043716
,84.88843849043715
,80.69693849043716
,77.92953849043715
,61.50693849043716
,31.126138490437157
,0.1696384904371655
,-5.082361509562844
,-9.980861509562843
,-13.323961509562835
,-13.00076150956285
,-6.415561509562835
,1.6745384904371576
,46.538738490437154
,78.00023849043717
,85.87823849043716
,87.72653849043715
,90.63533849043715
,86.88823849043716
,75.99033849043715
,57.74973849043715
,51.285738490437154
,48.831438490437165
,47.033638490437156
,50.59893849043716
,50.35653849043716
,44.680338490437165
,23.48043849043716
,-3.062361509562848
,-14.828861509562856
,-36.56406150956285
,-69.17696150956286
,-104.14316150956284
,-147.33076150956285
,-139.42246150956282
,-75.06526150956284
,-42.29076150956284
,-14.374361509562846
,44.10463849043716
,73.22293849043716
,74.72783849043715
,62.557338490437154
,55.669138490437156
,51.74023849043715
,29.277838490437155
,24.278338490437157
,21.500838490437154
,24.67223849043716
,28.692038490437156
,47.64973849043716
,76.65693849043717
,81.40393849043716
,75.01063849043716
,45.680238490437155
,23.53093849043716
,18.20823849043716
,13.481438490437156
,10.390838490437147
,10.522138490437158
,13.471338490437162
,21.37963849043716
,47.77093849043716
,78.68703849043716
,107.12863849043715
,109.61323849043717
,94.07943849043717
,79.98993849043717
,59.55763849043716
,38.07493849043716
,34.62073849043716
,31.176638490437163
,29.308138490437152
,31.550338490437156
,41.953338490437154
,65.37523849043717
,73.85923849043715
,42.63003849043716
,13.552138490437159
,-0.6787615095628468
,-2.022061509562846
,-12.71796150956284
,-15.85906150956285
,-16.313561509562845
,-3.880461509562849
,-2.779561509562839
,2.6239384904371548
,48.23553849043716
,83.90873849043716
,84.49453849043715
,74.36423849043716
,57.88103849043716
,45.78123849043716
,27.69213849043716
,23.36933849043716
,20.41003849043716
,21.147338490437157
,21.96543849043716
,37.43863849043716
,60.08283849043716
,74.56623849043716
,57.91133849043716
,26.762938490437158
,23.00573849043716
,42.609838490437156
,-0.2444615095628393
,3.7854384904371585
,4.8964384904371485
,22.985538490437165
,10.582738490437166
,25.308538490437158
,61.20393849043716
,80.83833849043717
,78.25273849043717
,75.76813849043715
,55.07323849043716
,40.882738490437156
,47.77093849043716
,44.71063849043716
,43.58953849043716
,42.43813849043716
,45.40753849043716
,59.37583849043716
,74.06123849043716
,75.25303849043716
,74.00063849043715
,40.48883849043716
,18.884938490437158
,9.916138490437149
,3.95713849043716
,6.603338490437167
,9.85553849043717
,19.935338490437154
,18.24863849043716
,39.06473849043716
,75.31363849043716
,75.92973849043716
,74.28343849043715
,74.05113849043715
,77.53563849043715
,65.64793849043716
,64.00163849043716
,59.396038490437164
,56.628638490437154
,53.63903849043716
,55.638838490437166
,59.91113849043716
,68.57693849043716
,84.08043849043716
,85.13083849043717
,78.84863849043715
,57.19423849043716
,46.23573849043716
,30.247438490437162
,19.96563849043715
,22.02603849043716
,33.34813849043716
,44.51873849043716
,67.96083849043717
,72.48563849043715
,75.85903849043716
,75.70753849043716
,76.80843849043715
,75.26313849043716
,70.93023849043716
,71.52613849043715
,68.37493849043716
,66.25393849043715
,68.67793849043716
,69.13243849043717
,69.68793849043716
,68.31433849043717
,69.24353849043716
,57.35583849043716
,36.59023849043715
,4.9570384904371565
,1.9068384904371527
,-2.6886615095628343
,-3.0825615095628365
,-5.011661509562842
,-1.476661509562831
,2.179538490437153
,40.983738490437155
,69.00113849043716
,75.04093849043716
,76.67713849043716
,76.69733849043716
,82.09073849043716
,77.15183849043716
,75.46513849043716
,75.24293849043715
,73.62693849043717
,72.37453849043716
,72.30383849043716
,74.09153849043716
,66.51653849043716
,57.93153849043716
,34.48943849043716
,8.885938490437155
,-1.9008615095628443
,-11.687761509562833
,-16.76806150956284
,-20.616161509562843
,-24.585461509562847
,-21.27266150956285
,-8.374961509562851
,19.410138490437156
,64.91063849043715
,74.89953849043715
,76.68723849043717
,75.46513849043716
,82.11093849043715
,79.08093849043715
,80.23233849043716
,79.92933849043716
,78.94963849043717
,77.90933849043716
,77.87903849043715
,79.07083849043717
,76.63673849043715
,75.36413849043716
,58.90113849043716
,26.591238490437156
,14.48133849043716
,7.249738490437167
,1.4119384904371657
,-1.2241615095628333
,1.9977384904371576
,16.69323849043716
,23.217838490437153
,53.74003849043716
,77.03063849043716
,80.32323849043716
,80.24243849043717
,80.24243849043717
,85.14093849043715
,79.42433849043717
,76.92963849043716
,74.01073849043716
,74.12183849043716
,73.21283849043715
,75.91963849043717
,79.50513849043716
,83.33303849043716
,85.29243849043716
,92.65533849043715
,89.45363849043716
,75.29343849043715
,70.01113849043715
,64.96113849043715
,64.81973849043716
,64.89043849043716
,65.46613849043715
,76.29333849043716
,85.16113849043715
,87.93863849043716
,86.73673849043715
,85.27223849043716
,85.12073849043716
,76.44483849043715
,69.94043849043716
,72.64723849043716
,69.14253849043715
,63.94103849043716
,62.43613849043716
,63.749138490437154
,71.12213849043717
,91.13023849043716
,89.17083849043716
,88.98903849043715
,85.11063849043715
,75.96003849043716
,67.80933849043716
,53.98243849043716
,47.76083849043716
,48.649638490437155
,58.274938490437165
,73.28353849043717
,85.19143849043715
,94.68543849043715
,91.32213849043715
,91.36253849043715
,92.78663849043716
,94.59453849043716
,91.33223849043716
,87.02963849043716
,85.42373849043716
,79.10113849043715
,77.93963849043716
,81.21203849043715
,87.14073849043716
,100.30103849043716
,89.51423849043715
,91.18073849043716
,82.10083849043717
,70.05153849043715
,70.46563849043716
,67.39523849043717
,67.39523849043717
,66.29433849043716
,70.10203849043715
,86.53473849043716
,89.51423849043715
,93.22093849043716
,89.53443849043717
,88.75673849043716
,88.67593849043716
,89.40313849043716
,88.60523849043716
,89.74653849043716
,87.61543849043716
,87.83763849043716
,87.60533849043715
,87.15083849043717
,88.69613849043715
,88.04973849043716
,89.41323849043715
,89.02943849043716
,87.48413849043716
,88.62543849043716
,87.18113849043715
,84.29253849043715
,82.15133849043715
,79.33343849043716
,83.97943849043716
,86.24183849043716
,87.53463849043716
,86.18123849043715
,86.19133849043716
,87.29223849043717
,90.99893849043715
,91.71603849043716
,88.11033849043716
,87.34273849043716
,86.82763849043715
,86.28223849043717
,86.53473849043716
,88.18103849043716
,87.96893849043715
,87.15083849043717
,88.31233849043716
,84.51473849043717
,70.00103849043717
,54.638938490437155
,31.126138490437157
,10.986738490437148
,7.22953849043715
,4.593438490437151
,17.77393849043716
,50.57873849043716
,77.75783849043715
,86.30243849043717
,88.18103849043716
,86.22163849043716
,86.22163849043716
,85.90853849043717
,85.68633849043717
,83.69663849043717
,84.16123849043716
,84.65613849043716
,83.31283849043716
,83.29263849043716
,81.95943849043717
,74.73793849043716
,65.38533849043715
,26.318538490437163
,4.815638490437152
,-1.7291615095628288
,-2.7694615095628308
,-6.0115615095628385
,-11.970561509562842
,-14.475361509562845
,-7.3750615095628405
,-0.7898615095628401
,51.38673849043716
,81.70693849043717
,84.16123849043716
,87.25183849043717
,85.75703849043715
,87.83763849043716
,86.22163849043716
,82.91893849043716
,82.58563849043715
,79.93943849043717
,79.95963849043716
,82.81793849043716
,86.32263849043716
,86.08023849043717
,83.64613849043715
,86.40343849043715
,85.35303849043717
,85.93883849043716
,84.14103849043715
,80.78783849043715
,81.62613849043716
,74.73793849043716
,80.61613849043715
,87.15083849043717
,87.12053849043717
,85.84793849043716
,83.27243849043717
,83.27243849043717
,83.16133849043716
,82.92903849043716
,82.38363849043715
,83.35323849043716
,83.35323849043716
,84.09053849043717
,84.01983849043715
,83.37343849043715
,83.33303849043716
,83.32293849043715
,83.34313849043716
,83.33303849043716
,84.14103849043715
,82.82803849043717
,80.89893849043715
,65.27423849043716
,63.84003849043716
,62.72903849043716
,65.88023849043716
,80.78783849043715
,83.31283849043716
,83.28253849043715
,82.09073849043716
,82.78763849043716
,83.28253849043715
,83.29263849043716
,83.30273849043716
,75.09143849043716
,66.28423849043716
,65.26413849043716
,63.93093849043716
,64.77933849043715
,68.90013849043716
,81.63623849043715
,83.53503849043716
,83.56533849043716
,75.01063849043716
,64.87023849043716
,64.89043849043716
,61.90083849043716
,62.97143849043716
,61.910938490437154
,64.97123849043716
,66.85993849043716
,83.53503849043716
,82.62603849043717
,82.53513849043716
,82.71693849043716
,82.21193849043716
,81.78773849043716
,80.04043849043715
,80.38383849043716
,80.21213849043716
,80.41413849043717
,79.96973849043717
,80.14143849043715
,79.58593849043716
,80.38383849043716
,80.42423849043715
,81.66653849043716
,80.35353849043716
,70.08183849043716
,64.97123849043716
,57.50733849043716
,53.32593849043715
,51.11403849043715
,61.56753849043716
,66.70843849043716
,82.22203849043716
,80.47473849043716
,80.82823849043716
,82.27253849043716
,82.37353849043716
,80.95953849043715
,80.07073849043717
,76.20243849043716
,78.90923849043715
,79.09103849043716
,79.09103849043716
,78.91933849043716
,76.82863849043716
,76.29333849043716
,79.18193849043716
,79.33343849043716
,81.70693849043717
,86.48423849043715
,87.16093849043716
,82.67653849043715
,79.27283849043715
,78.84863849043715
,79.29303849043717
,81.02013849043716
,79.13143849043715
,79.06073849043716
,77.06093849043715
,75.01063849043716
,71.81903849043715
,74.66723849043717
,77.70733849043715
,79.78793849043716
,76.68723849043717
,70.58683849043716
,68.39513849043716
,64.17333849043716
,58.11333849043716
,60.31513849043716
,61.113038490437155
,59.72933849043716
,56.28523849043715
,54.07333849043716
,30.085838490437155
,24.490438490437157
,7.017438490437158
,3.9167384904371545
,2.19973849043717
,10.168638490437147
,42.609838490437156
,52.77043849043716
,60.36563849043716
,61.63823849043716
,62.60783849043716
,62.97143849043716
,61.63823849043716
,54.44703849043715
,52.68963849043716
,46.73063849043716
,42.22603849043716
,40.46863849043716
,26.12663849043716
,21.733138490437156
,16.501338490437163
,16.996238490437158
,14.572238490437158
,12.48153849043716
,4.835838490437169
,7.502238490437165
,-5.86006150956284
,-16.69736150956284
,-20.909061509562846
,-7.1831615095628365
,4.452038490437161
,21.874538490437153
,57.81033849043716
,59.37583849043716
,66.24383849043716
,62.90073849043716
,59.385938490437155
,74.02083849043717
,70.58683849043716
,71.02113849043715
,71.29383849043717
,71.62713849043716
,58.97183849043716
,59.93133849043716
,78.11133849043716
,80.01013849043716
,76.73773849043717
,82.78763849043716
,78.43453849043715
,76.54583849043716
,74.05113849043715
,64.67833849043717
,68.66783849043715
,76.59633849043716
,80.36363849043715
,75.46513849043716
,73.95013849043715
,74.06123849043716
,74.07133849043716
,71.84933849043716
,59.84043849043716
,85.70653849043715
,86.80743849043716
,87.10033849043715
,87.21143849043716
,85.92873849043715
,81.81803849043716
,82.45433849043715
,75.83883849043715
,75.94993849043716
,79.95963849043716
,88.19113849043715
,83.77743849043716
,68.02143849043715
,65.43583849043716
,60.60803849043715
,64.71873849043716
,67.92043849043716
,84.50463849043716
,75.57623849043716
,77.67703849043716
,80.02023849043717
,74.05113849043715
,79.96973849043717
,75.10153849043716
,65.32473849043717
,60.38583849043716
,58.18403849043716
,59.84043849043716
,57.72953849043715
,64.89043849043716
,79.39403849043715
,77.95983849043715
,77.11143849043715
,79.38393849043715
,67.96083849043717
,61.547338490437156
,47.04373849043716
,45.27623849043715
,42.02403849043716
,59.93133849043716
,62.516938490437155
,79.96973849043717
,76.60643849043716
,76.03073849043716
,76.97003849043715
,83.12093849043715
,82.12103849043716
,81.13123849043716
,76.03073849043716
,65.95093849043715
,65.93073849043716
,71.18273849043716
,67.98103849043716
,57.628538490437165
,58.94153849043715
,73.45523849043717
,73.38453849043715
,61.18373849043716
,57.780038490437164
,45.57923849043716
,30.11613849043716
,27.95473849043716
,25.76303849043716
,38.04463849043716
,60.264638490437164
,80.52523849043716
,66.80943849043716
,78.44463849043716
,83.11083849043716
,83.11083849043716
,84.47433849043716
,82.31293849043716
,80.04043849043715
,77.98003849043715
,76.02063849043715
,76.02063849043715
,76.02063849043715
,64.92073849043716
,71.41503849043715
,78.70723849043716
,81.12113849043715
,76.37413849043716
,58.45673849043716
,45.57923849043716
,29.237438490437164
,22.67243849043716
,21.80383849043716
,14.632838490437159
,57.31543849043716
,71.01103849043716
,63.30473849043716
,72.80883849043717
,79.46473849043717
,80.62623849043716
,81.93923849043715
,80.05053849043716
,72.49573849043716
,69.98083849043716
,71.17263849043715
,73.10173849043716
,73.10173849043716
,56.92153849043716
,58.09313849043716
,56.32563849043716
,48.326438490437155
,13.986438490437159
,-4.56726150956284
,-10.60706150956284
,-18.50526150956283
,-28.271961509562843
,-44.149161509562845
,-31.958461509562838
,-14.828861509562856
,4.906538490437157
,52.82093849043716
,56.64883849043716
,56.467038490437155
,55.84083849043716
,55.012638490437155
,55.16413849043715
,54.16423849043716
,41.50893849043716
,23.844038490437157
,13.88543849043716
,7.572938490437153
,5.350938490437159
,10.067638490437162
,7.744638490437154
,1.4826384904371537
,-8.587061509562844
,-21.858461509562844
,-27.696261509562845
,-35.65506150956284
,-44.90666150956285
,-45.74496150956283
,-30.86766150956285
,-13.091661509562854
,-1.5574615095628417
,37.60023849043716
,54.88133849043716
,53.69963849043716
,52.78053849043715
,54.05313849043716
,49.83133849043716
,66.40543849043716
,67.28413849043716
,63.62793849043716
,60.18383849043716
,57.85073849043716
,50.90193849043716
,68.52643849043716
,68.89003849043715
,69.18293849043715
,68.97083849043716
,68.77893849043716
,68.06183849043715
,53.65923849043716
,51.75033849043716
,53.65923849043716
,53.346138490437156
,53.33603849043716
,61.35543849043716
,65.47623849043715
,69.14253849043715
,68.58703849043715
,68.09213849043716
,67.95073849043716
,59.86063849043716
,59.88083849043716
,56.99223849043716
,57.02253849043716
,55.03283849043716
,55.92163849043716
,55.85093849043716
,59.86063849043716
,67.34473849043717
,66.80943849043716
,59.88083849043716
,53.96223849043716
,51.962438490437165
,46.75083849043716
,44.28643849043716
,43.52893849043716
,49.77073849043716
,52.831038490437166
,55.49743849043716
,62.10283849043716
,65.80953849043715
,59.92123849043716
,62.304838490437156
,69.76873849043716
,69.60713849043717
,69.56673849043716
,69.07183849043716
,68.98093849043715
,69.55663849043717
,68.97083849043716
,59.93133849043716
,68.96073849043717
,63.81983849043716
,62.53713849043716
,57.91133849043716
,58.97183849043716
,47.185138490437154
,36.660938490437154
,27.732538490437157
,25.75293849043716
,31.722038490437157
,55.91153849043716
,56.103438490437156
,56.153938490437156
,63.43603849043716
,72.01093849043716
,76.06103849043716
,74.29353849043716
,70.31413849043716
,62.941138490437154
,59.25463849043716
,63.40573849043716
,64.94093849043716
,64.99143849043715
,53.67943849043716
,57.90123849043715
,59.93133849043716
,60.93123849043715
,57.113438490437154
,66.92053849043717
,63.20373849043716
,53.68953849043716
,50.477738490437154
,49.518238490437156
,56.477138490437156
,60.64843849043716
,69.02133849043716
,57.86083849043716
,57.073038490437156
,61.547338490437156
,64.93083849043717
,65.89033849043716
,65.88023849043716
,61.951338490437166
,62.304838490437156
,62.05233849043716
,62.03213849043716
,62.01193849043716
,57.083138490437165
,60.08283849043716
,61.99173849043716
,61.99173849043716
,63.20373849043716
,70.46563849043716
,70.86963849043715
,66.26403849043716
,60.27473849043716
,55.57823849043716
,57.01243849043716
,62.05233849043716
,66.43573849043716
,59.62833849043716
,61.880638490437164
,59.89093849043715
,54.83083849043716
,61.264538490437154
,60.95143849043716
,52.21493849043716
,47.21543849043716
,40.63023849043716
,32.56033849043716
,28.318338490437156
,24.975238490437164
,33.64103849043716
,18.35973849043716
,13.986438490437159
,8.774838490437162
,-5.445961509562849
,-23.666361509562847
,-42.34126150956284
,-59.309261509562845
,-64.01586150956282
,-52.62306150956283
,-25.62576150956285
,-0.47676150956283436
,12.441138490437162
,45.25603849043716
,44.771238490437156
,45.18533849043716
,44.72073849043716
,44.21573849043716
,37.13563849043716
,27.712338490437155
,17.743638490437156
,12.653238490437161
,14.451038490437163
,19.40003849043716
,18.773838490437164
,15.12773849043716
,7.613338490437144
,0.018138490437152655
,-11.041361509562847
,-19.71726150956283
,-31.71606150956285
,-51.24946150956285
,-60.006161509562844
,-47.75486150956284
,-13.68756150956284
,7.199238490437153
,20.420138490437154
,39.12533849043716
,45.72063849043716
,45.680238490437155
,53.77033849043716
,46.56903849043716
,46.58923849043716
,47.49823849043716
,50.38683849043716
,49.801038490437165
,47.45783849043716
,45.25603849043716
,46.771038490437164
,51.16453849043715
,50.02323849043716
,45.39743849043716
,49.78083849043716
,46.114538490437155
,38.15573849043716
,27.500238490437162
,32.77243849043716
,46.296338490437165
,53.75013849043715
,46.710438490437156
,45.79133849043716
,51.90183849043716
,58.921338490437165
,59.981838490437156
,59.335438490437156
,58.03253849043716
,51.38673849043716
,46.821538490437156
,45.29643849043716
,43.74103849043716
,38.670838490437156
,24.419738490437155
,44.86213849043716
,54.275338490437164
,54.861138490437156
,50.08383849043716
,45.11463849043716
,42.96333849043716
,38.73143849043716
,44.35713849043716
,44.72073849043716
,41.044338490437156
,19.54143849043716
,44.31673849043716
,40.06463849043716
,55.81053849043715
,59.012238490437156
,59.113238490437155
,59.396038490437164
,57.92143849043716
,42.95323849043716
,41.50893849043716
,42.89263849043716
,41.912938490437156
,42.943138490437164
,43.640038490437156
,43.77133849043716
,47.66993849043716
,47.69013849043716
,43.902638490437155
,44.93283849043716
,44.23593849043716
,43.41783849043716
,42.37753849043716
,33.550138490437156
,37.054838490437156
,42.54923849043716
,43.81173849043716
,43.74103849043716
,45.66003849043716
,43.87233849043716
,46.003438490437155
,46.54883849043716
,45.680238490437155
,55.86103849043716
,46.51853849043716
,45.49843849043715
,44.35713849043716
,45.03383849043716
,45.78123849043716
,51.831138490437155
,63.50673849043716
,65.21363849043715
,65.28433849043716
,58.24463849043716
,52.65933849043716
,48.376938490437155
,45.54893849043716
,46.165038490437155
,50.17473849043716
,53.77033849043716
,50.82113849043716
,54.72983849043716
,67.34473849043717
,72.95023849043716
,69.19303849043716
,66.98113849043715
,63.25423849043716
,92.41293849043716
,83.89863849043715
,70.01113849043715
,62.57753849043716
,61.79983849043715
,69.01123849043715
,96.03883849043716
,117.52153849043717
,117.69323849043715
,96.21053849043716
,83.22193849043717
,70.25353849043717
,65.01163849043716
,60.60803849043715
,59.22433849043716
,60.49693849043716
,61.880638490437164
,57.31543849043716
,59.810138490437154
,77.34373849043716
,97.18013849043716
,92.41293849043716
,88.90823849043716
,75.13183849043716
,61.18373849043716
,49.90203849043715
,39.29703849043715
,34.66113849043716
,32.25733849043716
,36.509438490437155
,29.176838490437156
,36.69123849043716
,31.31803849043716
,19.470738490437157
,4.633838490437157
,-2.4260615095628424
,-3.6885615095628452
,-6.738761509562849
,-7.678061509562838
,-8.435561509562831
,-10.839361509562849
,3.219838490437155
,39.74143849043716
,54.29553849043715
,65.19343849043716
,66.38523849043716
,71.48573849043716
,67.27403849043716
,64.66823849043716
,58.749638490437164
,53.29563849043716
,50.65953849043716
,51.85133849043716
,48.66983849043716
,47.41743849043716
,39.206138490437155
,23.54103849043716
,4.5328384904371575
,6.017538490437147
,4.714638490437153
,3.341038490437157
,0.22013849043715084
,-1.476661509562831
,1.6947384904371603
,5.340838490437164
,26.086238490437154
,47.43763849043715
,58.800138490437156
,67.29423849043715
,68.54663849043716
,67.82953849043716
,67.33463849043716
,53.57843849043715
,51.03323849043716
,50.40703849043716
,48.679938490437166
,50.34643849043716
,50.811038490437156
,48.72033849043716
,53.10373849043715
,53.800638490437166
,52.65933849043716
,52.23513849043716
,50.34643849043716
,40.61003849043716
,34.07533849043716
,35.17623849043716
,45.478238490437164
,51.62913849043716
,46.22563849043716
,52.810838490437156
,64.07233849043716
,79.52533849043715
,78.20223849043717
,78.15173849043715
,67.48613849043716
,51.507938490437155
,48.326438490437155
,47.811338490437166
,36.70133849043716
,39.07483849043716
,46.09433849043716
,48.649638490437155
,56.88113849043716
,61.61803849043716
,50.316138490437154
,50.477738490437154
,37.630538490437154
,29.58083849043716
,28.469838490437155
,27.298238490437157
,36.38823849043716
,48.811238490437155
,46.91243849043716
,50.52823849043716
,61.587738490437154
,60.51713849043716
,66.33473849043716
,62.991638490437154
,62.98153849043716
,61.86043849043716
,58.56783849043716
,55.558038490437156
,47.831538490437154
,48.02343849043716
,56.41653849043716
,59.02233849043716
,61.86043849043716
,64.33493849043717
,73.25323849043716
,57.01243849043716
,44.79143849043716
,39.60003849043716
,30.994838490437154
,40.58983849043715
,45.245938490437155
,48.65973849043716
,48.14463849043716
,60.254538490437156
,60.254538490437156
,60.092938490437156
,60.244438490437155
,61.09283849043716
,59.99193849043716
,62.32503849043716
,62.39573849043716
,60.89083849043716
,59.77983849043716
,59.658638490437156
,61.648338490437155
,65.66813849043716
,66.71853849043715
,66.71853849043715
,66.32463849043717
,61.76953849043716
,54.689438490437155
,48.326438490437155
,44.781338490437165
,43.88243849043716
,49.63943849043716
,49.64953849043715
,53.16433849043716
,62.05233849043716
,66.71853849043715
,66.71853849043715
,65.51663849043716
,66.70843849043716
,63.94103849043716
,58.72943849043716
,47.33663849043715
,46.52863849043716
,44.74093849043716
,44.72073849043716
,45.08433849043716
,47.29623849043716
,63.58753849043716
,63.78953849043715
,60.04243849043716
,43.16533849043716
,14.249038490437158
,1.3412384904371493
,-1.7594615095628399
,-1.7594615095628399
,-0.8100615095628427
,19.460638490437155
,28.591038490437164
,54.921738490437164
,62.88053849043716
,62.779538490437155
,61.85033849043716
,61.76953849043716
,60.05253849043716
,63.54713849043716
,58.58803849043716
,44.63993849043716
,39.690938490437155
,39.468738490437154
,39.60003849043716
,39.62023849043715
,39.94343849043715
,40.03433849043716
,39.206138490437155
,9.734338490437153
,4.128838490437161
,-3.294661509562843
,-4.819761509562838
,-3.425961509562839
,4.391438490437153
,23.71273849043716
,44.07433849043716
,42.87243849043716
,52.87143849043716
,60.42623849043716
,61.73923849043716
,61.05243849043716
,59.76973849043716
,49.88183849043716
,42.57953849043715
,39.63033849043716
,39.54953849043716
,38.66073849043716
,39.66063849043716
,26.44983849043716
,9.087938490437153
,8.60313849043716
,8.784938490437156
,-2.1331615095628393
,-4.314761509562842
,-5.940861509562836
,-7.637661509562847
,-7.516461509562845
,-5.506561509562843
,-4.516761509562841
,12.622938490437157
,18.056738490437155
,43.296638490437154
,53.91173849043716
,59.53743849043716
,58.91123849043716
,57.70933849043716
,60.73933849043716
,55.184338490437156
,43.145138490437155
,41.27663849043716
,41.216038490437164
,48.42743849043716
,57.285138490437156
,56.790238490437154
,58.87083849043716
,56.59833849043716
,52.87143849043716
,39.29703849043715
,39.23643849043716
,39.17583849043716
,39.13543849043716
,30.853438490437156
,24.965138490437155
,29.37883849043716
,42.46843849043716
,49.78083849043716
,52.477538490437155
,54.42683849043716
,54.32583849043716
,51.45743849043716
,49.134438490437155
,48.18503849043716
,47.78103849043716
,36.38823849043716
,34.883338490437154
,37.40833849043716
,50.447438490437165
,50.447438490437165
,50.45753849043716
,49.23543849043716
,39.72123849043716
,36.75183849043716
,29.176838490437156
,25.651938490437153
,17.733538490437162
,9.81513849043715
,19.37983849043716
,30.126238490437153
,44.67023849043716
,50.811038490437156
,49.85153849043716
,50.447438490437165
,50.05353849043716
,47.77093849043716
,57.72953849043715
,54.588438490437156
,47.74063849043716
,45.72063849043716
,42.83203849043716
,46.55893849043716
,51.70993849043716
,51.16453849043715
,51.36653849043716
,52.26543849043716
,49.679838490437156
,48.09413849043716
,46.98313849043716
,47.69013849043716
,48.12443849043716
,52.164438490437156
,48.41733849043716
,47.69013849043716
,35.95393849043716
,51.16453849043715
,51.16453849043715
,49.83133849043716
,49.82123849043715
,47.93253849043716
,37.67093849043715
,39.791938490437154
,39.579838490437155
,34.62073849043716
,33.25723849043716
,27.944638490437157
,30.419138490437163
,37.68103849043716
,39.97373849043716
,32.67143849043716
,13.632938490437155
,4.250038490437149
,-0.12326150956285176
,-5.1025615095628325
,-8.930461509562846
,-2.870461509562844
,-0.6585615095628441
,4.250038490437149
,34.60053849043716
,35.82263849043716
,39.145538490437154
,40.832238490437156
,41.73113849043716
,41.75133849043716
,39.468738490437154
,32.01493849043716
,28.11633849043716
,23.48043849043716
,25.833738490437156
,30.146438490437163
,38.711238490437154
,43.468338490437155
,40.99383849043716
,27.64163849043716
,5.239838490437151
,-0.7898615095628401
,-2.799761509562842
,-5.40556150956283
,-4.5470615095628375
,0.2403384904371535
,4.320738490437165
,29.48993849043716
,33.50973849043716
,49.11423849043716
,47.52853849043716
,50.760538490437156
,50.75043849043716
,47.75073849043716
,41.741238490437155
,40.59993849043716
,39.54953849043716
,38.66073849043716
,36.67103849043716
,28.358738490437155
,6.58313849043715
,0.7655384904371658
,0.9170384904371502
,-0.6787615095628468
,-1.9008615095628443
,-19.818261509562845
,-47.239761509562854
,-59.309261509562845
,-69.11636150956284
,-47.795261509562835
,-25.595461509562853
,-6.021661509562833
,0.2403384904371535
,11.249338490437154
,19.44043849043716
,19.460638490437155
,24.72273849043716
,20.13733849043716
,-1.304961509562844
,-1.6483615095628323
,-3.163361509562833
,-5.052061509562847
,-5.506561509562843
,-4.809661509562844
,-4.991461509562839
,-7.193261509562845
,-13.485561509562842
,-11.142361509562846
,-11.495861509562843
,-13.677461509562832
,-17.20236150956285
,-18.95976150956284
,-22.090761509562853
,-19.868761509562844
,-3.678461509562837
,5.260038490437154
,19.87473849043716
,32.88353849043716
,48.43753849043716
,50.83123849043716
,50.98273849043716
,48.89203849043716
,59.04253849043716
,56.69933849043716
,51.86143849043716
,48.78093849043715
,48.42743849043716
,53.87133849043716
,55.00253849043716
,57.42653849043715
,56.951838490437154
,54.88133849043716
,43.74103849043716
,35.06513849043716
,21.38973849043716
,19.50103849043716
,19.490938490437152
,30.530238490437164
,38.670838490437156
,39.63033849043716
,59.709138490437155
,69.40513849043715
,55.06313849043716
,54.93183849043716
,53.88143849043716
,52.12403849043716
,47.407338490437155
,47.01343849043715
,45.70043849043716
,42.74113849043716
,42.47853849043716
,45.528738490437156
,53.48753849043716
,55.10353849043716
,54.40663849043716
,49.356638490437156
,47.99313849043716
,35.04493849043716
,21.10693849043716
,12.380538490437154
,6.603338490437167
,15.64283849043715
,42.04423849043716
,47.356838490437156
,57.31543849043716
,58.739538490437155
,59.20413849043716
,59.163738490437154
,58.13353849043716
,55.39643849043716
,54.28543849043716
,51.43723849043715
,44.922738490437155
,43.377438490437164
,40.41813849043716
,44.58943849043716
,48.56883849043716
,56.103438490437156
,56.09333849043716
,61.07263849043716
,51.77053849043716
,48.91223849043716
,41.862438490437164
,38.994038490437156
,37.46893849043716
,39.539438490437156
,40.41813849043716
,44.599538490437155
,54.28543849043716
,54.39653849043716
,50.326238490437156
,50.28583849043716
,50.23533849043716
,48.94253849043716
,59.95153849043716
,57.16393849043716
,58.64863849043716
,53.58853849043716
,52.831038490437166
,51.86143849043716
,57.870938490437155
,65.23383849043717
,59.941438490437164
,61.74933849043716
,64.29453849043716
,60.64843849043716
,47.72043849043716
,43.66023849043715
,41.14533849043716
,43.084538490437154
,51.558438490437155
,60.032338490437155
,61.14333849043716
,62.50683849043716
,61.29483849043716
,63.04213849043716
,62.53713849043716
,56.628638490437154
,60.60803849043715
,56.204438490437155
,49.63943849043716
,43.72083849043716
,40.67063849043716
,40.75143849043716
,47.82143849043716
,60.05253849043716
,73.98043849043715
,69.85963849043716
,59.97173849043716
,58.57793849043716
,53.06333849043716
,48.326438490437155
,41.852338490437155
,41.72103849043716
,41.02413849043715
,42.11493849043716
,53.830938490437156
,59.95153849043716
,58.12343849043715
,55.32573849043716
,59.99193849043716
,48.326438490437155
,52.27553849043716
,49.21523849043716
,48.03353849043716
,41.73113849043716
,37.77193849043716
,30.308038490437163
,38.670838490437156
,38.711238490437154
,30.13633849043716
,11.804838490437149
,1.5432384904371617
,-3.18356150956285
,-4.7389615095628415
,-15.202561509562841
,-23.545161509562845
,-13.424961509562834
,-6.112561509562838
,4.674238490437148
,29.550538490437162
,50.649438490437156
,52.88153849043716
,54.57833849043716
,55.790338490437165
,53.942038490437156
,61.21403849043716
,54.41673849043716
,47.54873849043716
,43.44813849043716
,39.19603849043716
,31.792738490437152
,26.692238490437155
,13.713738490437159
,5.007538490437156
,-6.900361509562842
,-32.05946150956284
,-48.78506150956284
,-432.54466150956284
,-84.15526150956285
,-69.37896150956283
,-48.54266150956285
,-8.647661509562838
,4.3409384904371535
,38.92333849043716
,54.800538490437155
,62.840138490437155
,62.97143849043716
,67.40533849043715
,63.66833849043716
,53.09363849043716
,52.36643849043716
,52.376538490437156
,50.79083849043715
,45.11463849043716
,49.75053849043715
,53.57843849043715
,53.073438490437155
,52.36643849043716
,45.094438490437156
,40.69083849043716
,23.48043849043716
,6.663938490437147
,2.563338490437161
,3.2602384904371604
,18.087038490437152
,32.60073849043716
,37.388138490437164
,52.376538490437156
,53.123938490437155
,53.35623849043716
,56.82053849043716
,49.74043849043716
,43.51883849043716
,49.134438490437155
,42.46843849043716
,33.72183849043716
,25.500438490437155
,23.207738490437166
,30.378738490437158
,32.620938490437155
,49.09403849043716
,50.05353849043716
,43.38753849043716
,24.369238490437155
,10.855438490437152
,1.4321384904371541
,-3.4158615095628306
,-1.2443615095628502
,-1.8402615095628363
,3.250138490437152
,22.581538490437154
,49.55863849043716
,53.61883849043716
,53.35623849043716
,53.154238490437166
,52.487638490437156
,50.24543849043716
,57.70933849043716
,55.62873849043716
,54.598538490437164
,50.649438490437156
,50.649438490437156
,51.81093849043715
,53.09363849043716
,71.04133849043716
,81.58573849043717
,55.16413849043715
,44.08443849043716
,36.10543849043716
,22.056338490437163
,19.43033849043715
,17.087138490437162
,15.98623849043716
,33.95413849043715
,51.679638490437156
,56.08323849043716
,50.65953849043716
,52.08363849043716
,54.08343849043716
,67.70833849043717
,56.41653849043716
,79.97983849043716
,78.76783849043716
,58.83043849043716
,57.41643849043716
,58.01233849043716
,65.04193849043716
,78.77793849043717
,76.77813849043716
,65.07223849043717
,77.92953849043715
,63.61783849043716
,52.35633849043716
,48.79103849043716
,43.11483849043716
,43.23603849043716
,50.639338490437154
,65.08233849043715
,78.73753849043715
,91.51403849043716
,53.134038490437156
,53.78043849043716
,53.78043849043716
,52.962338490437155
,51.669538490437155
,53.14413849043716
,52.35633849043716
,51.992738490437155
,50.75043849043716
,50.69993849043716
,50.800938490437154
,53.16433849043716
,55.41663849043715
,54.952038490437154
,52.86133849043716
,50.75043849043716
,50.26563849043716
,38.51933849043716
,36.246838490437156
,37.20633849043716
,40.14543849043716
,48.922338490437156
,49.73033849043716
,54.89143849043716
,56.800338490437156
,56.93163849043715
,54.952038490437154
,54.861138490437156
,54.32583849043716
,48.74053849043716
,49.73033849043716
,49.94243849043716
,44.02383849043716
,38.77183849043716
,38.781938490437156
,42.36743849043716
,44.06423849043716
,44.02383849043716
,40.771638490437155
,28.08603849043716
,21.450338490437154
,9.098038490437162
,4.936838490437154
,8.199138490437164
,15.097438490437163
,25.773138490437155
,41.97353849043716
,46.821538490437156
,52.26543849043716
,47.36693849043716
,48.932438490437164
,48.74053849043716
,48.73043849043716
,52.053338490437156
,51.16453849043715
,51.15443849043716
,44.599538490437155
,42.86233849043715
,41.33723849043716
,42.41793849043716
,41.37763849043716
,31.621038490437158
,12.986538490437155
,3.765238490437156
,3.6541384904371625
,0.2706384904371504
,-0.7191615095628379
,-1.597861509562847
,2.5532384904371526
,11.047338490437156
,37.630538490437154
,38.781938490437156
,43.83193849043716
,50.962538490437154
,52.154338490437155
,52.477538490437155
,52.164438490437156
,53.04313849043716
,44.28643849043716
,41.912938490437156
,39.44853849043716
,39.08493849043716
,43.76123849043716
,53.628938490437164
,52.164438490437156
,53.16433849043716
,53.98243849043716
,51.77053849043716
,49.790938490437156
,43.06433849043716
,32.19673849043716
,21.55133849043716
,18.198138490437152
,34.65103849043716
,39.044538490437155
,51.992738490437155
,52.305838490437154
,52.315938490437155
,52.17453849043716
,52.17453849043716
,50.94233849043715
,52.89163849043716
,52.164438490437156
,44.18543849043716
,42.11493849043716
,41.16553849043716
,42.85223849043716
,48.82133849043716
,52.800738490437155
,54.800538490437155
,53.20473849043716
,44.04403849043716
,42.650238490437154
,40.81203849043715
,39.07483849043716
,36.953838490437164
,39.52933849043716
,41.39783849043716
,40.70093849043715
,51.25543849043716
,54.043038490437155
,53.174438490437154
,52.164438490437156
,52.84113849043716
,52.29573849043716
,76.98013849043716
,69.62733849043715
,66.47613849043715
,62.294738490437155
,61.123138490437164
,65.23383849043717
,77.89923849043716
,92.48363849043716
,88.06993849043717
,67.18313849043716
,49.74043849043716
,33.812738490437155
,-0.8100615095628427
,-4.10266150956285
,-5.1631615095628405
,-3.2744615095628404
,9.380838490437156
,44.84193849043716
,63.15323849043716
,55.15403849043716
,71.75843849043716
,74.79853849043717
,99.34153849043716
,85.03993849043717
,52.972438490437156
,53.79053849043716
,54.48743849043716
,52.17453849043716
,50.27573849043716
,54.790438490437154
,57.305338490437165
,52.972438490437156
,52.98253849043716
,47.82143849043716
,53.67943849043716
,35.63073849043716
,27.722438490437163
,23.59153849043716
,23.904638490437158
,36.832638490437155
,47.831538490437154
,54.09353849043716
,55.19443849043716
,53.14413849043716
,53.48753849043716
,53.79053849043716
,54.89143849043716
,53.38653849043716
,55.234838490437156
,49.63943849043716
,47.74063849043716
,49.27583849043715
,48.42743849043716
,47.80123849043716
,55.86103849043716
,57.224538490437155
,57.21443849043716
,57.224538490437155
,54.467238490437154
,50.93223849043716
,49.31623849043716
,35.56003849043716
,34.80253849043716
,35.57013849043716
,50.59893849043716
,55.275238490437154
,56.06303849043715
,53.77033849043716
,54.043038490437155
,54.790438490437154
,54.94193849043715
,53.64913849043715
,57.31543849043716
,56.49733849043716
,55.85093849043716
,49.81113849043716
,48.871838490437156
,48.82133849043716
,48.932438490437164
,48.90213849043716
,48.932438490437164
,48.225438490437156
,40.08483849043716
,36.26703849043715
,31.075638490437157
,21.26853849043716
,16.945738490437158
,36.721538490437155
,46.296338490437165
,46.811438490437155
,49.43743849043716
,56.54783849043716
,57.86083849043716
,57.36593849043716
,69.02133849043716
,57.68913849043716
,48.922338490437156
,45.39743849043716
,42.710838490437155
,45.59943849043716
,42.68053849043716
,37.92343849043716
,38.559738490437155
,25.60143849043716
,25.773138490437155
,14.976238490437154
,-8.152761509562836
,-19.010261509562838
,-42.22006150956284
,-84.33706150956283
,-105.26426150956283
,-93.13416150956283
,-37.07916150956285
,-10.93026150956284
,42.276538490437154
,49.21523849043716
,49.841438490437156
,49.54853849043716
,54.144038490437154
,52.36643849043716
,44.58943849043716
,42.64013849043716
,42.609838490437156
,41.044338490437156
,41.28673849043716
,38.65063849043716
,40.46863849043716
,46.20543849043716
,46.872038490437156
,42.25633849043716
,25.59133849043716
,6.674038490437155
,1.169538490437148
,0.26053849043715616
,4.199538490437149
,13.703638490437157
,28.78293849043716
,46.649838490437155
,54.588438490437156
,56.00243849043716
,58.618338490437154
,56.50743849043716
,57.81033849043716
,53.830938490437156
,50.75043849043716
,48.52843849043715
,47.21543849043716
,45.72063849043716
,45.18533849043716
,44.28643849043716
,44.69043849043716
,45.62973849043716
,44.680338490437165
,44.53893849043716
,43.468338490437155
,26.82353849043716
,13.51173849043716
,10.21913849043716
,12.824938490437162
,35.79233849043715
,44.69043849043716
,50.67973849043716
,51.982638490437154
,50.760538490437156
,50.75043849043716
,50.56863849043716
,50.67973849043716
,47.89213849043716
,42.41793849043716
,45.740838490437156
,42.24623849043716
,41.953338490437154
,39.640438490437155
,38.66073849043716
,40.337338490437155
,43.51883849043716
,43.33703849043715
,42.46843849043716
,38.53953849043715
,32.45933849043716
,26.429638490437156
,21.48063849043715
,29.712138490437162
,35.30753849043716
,41.05443849043716
,44.04403849043716
,42.24623849043716
,41.39783849043716
,42.90273849043715
,43.62993849043716
,45.993338490437154
,43.943038490437154
,43.56933849043716
,43.690538490437156
,41.42813849043716
,41.78163849043715
,40.84233849043716
,42.24623849043716
,41.912938490437156
,43.68043849043716
,43.68043849043716
,42.31693849043716
,42.57953849043715
,41.11503849043716
,40.70093849043715
,40.660538490437155
,39.65053849043716
,39.43843849043716
,40.86253849043716
,42.83203849043716
,41.79173849043716
,41.76143849043716
,42.10483849043715
,42.53913849043715
,42.327038490437154
,40.559538490437156
,38.41833849043716
,38.41833849043716
,38.42843849043715
,40.69083849043716
,37.92343849043716
,37.590138490437155
,38.42843849043715
,37.92343849043716
,37.93353849043716
,37.58003849043716
,41.43823849043716
,41.963438490437156
,38.80213849043716
,37.92343849043716
,37.913338490437155
,47.21543849043716
,44.831838490437164
,44.58943849043716
,40.074738490437156
,39.226338490437165
,39.13543849043716
,38.75163849043716
,39.62023849043715
,38.66073849043716
,43.266338490437164
,47.41743849043716
,43.27643849043716
,38.822338490437154
,34.60053849043716
,34.49953849043715
,35.640838490437154
,34.71163849043715
,34.76213849043716
,42.66033849043716
,31.560438490437157
,25.025738490437156
,22.83403849043716
,11.33013849043715
,8.835438490437156
,16.986138490437156
,28.904138490437163
,38.79203849043716
,36.70133849043716
,47.02353849043716
,46.59933849043716
,43.19563849043716
,44.74093849043716
,46.872038490437156
,48.03353849043716
,43.21583849043716
,41.34733849043715
,40.04443849043716
,38.77183849043716
,38.74153849043716
,39.13543849043716
,39.12533849043716
,39.12533849043716
,27.389138490437162
,10.825138490437155
,4.664138490437168
,-1.89076150956285
,-11.01106150956285
,-12.677561509562835
,-5.961061509562853
,4.28033849043716
,36.75183849043716
,42.559338490437156
,51.24533849043716
,49.29603849043716
,48.09413849043716
,46.85183849043716
,46.447838490437164
,46.973038490437155
,48.19513849043716
,47.356838490437156
,43.17543849043716
,40.781738490437164
,39.84243849043716
,44.55913849043716
,53.93193849043716
,54.89143849043716
,49.23543849043716
,49.82123849043715
,43.16533849043716
,37.33763849043716
,32.13613849043716
,32.08563849043716
,39.13543849043716
,40.03433849043716
,47.639638490437164
,78.95973849043716
,49.23543849043716
,49.22533849043716
,47.92243849043716
,48.972838490437155
,47.75073849043716
,58.67893849043716
,51.144338490437164
,42.76133849043716
,41.11503849043716
,39.32733849043716
,41.862438490437164
,48.922338490437156
,54.48743849043716
,68.13253849043716
,59.41623849043715
,40.70093849043715
,30.66153849043716
,23.389538490437154
,16.74373849043716
,17.753738490437158
,34.82273849043715
,41.44833849043716
,45.59943849043716
,57.10333849043715
,49.033438490437156
,49.21523849043716
,50.09393849043716
,50.760538490437156
,49.023338490437155
,49.134438490437155
,43.38753849043716
,40.458538490437164
,43.16533849043716
,42.933038490437156
,43.367338490437156
,43.791538490437155
,49.53843849043716
,51.962438490437165
,51.144338490437164
,43.22593849043716
,42.76133849043716
,39.01423849043716
,36.26703849043715
,36.92353849043716
,37.711338490437164
,37.711338490437164
,37.11543849043716
,44.89243849043716
,51.881638490437155
,51.85133849043716
,54.699538490437156
,52.760338490437164
,49.326338490437166
,46.79123849043715
,45.63983849043716
,45.61963849043716
,44.69043849043716
,42.99363849043716
,44.38743849043716
,46.36703849043715
,46.26603849043716
,46.24583849043716
,44.98333849043716
,44.75103849043716
,44.771238490437156
,43.65013849043716
,39.78183849043716
,38.85263849043716
,40.10503849043716
,44.24603849043716
,44.52883849043717
,45.29643849043716
,49.82123849043715
,49.81113849043716
,49.92223849043716
,50.93223849043716
,50.41713849043716
,41.65033849043716
,47.680038490437155
,46.70033849043716
,41.94323849043716
,41.65033849043716
,42.26643849043716
,44.73083849043716
,44.336938490437156
,44.18543849043716
,38.781938490437156
,32.28763849043716
,29.611138490437156
,29.63133849043716
,24.500538490437165
,26.57103849043716
,30.641338490437164
,31.40893849043716
,30.77263849043716
,41.266538490437156
,44.18543849043716
,44.18543849043716
,43.65013849043716
,44.003638490437154
,45.48833849043716
,49.195038490437156
,43.27643849043716
,41.75133849043716
,42.89263849043716
,37.095238490437154
,38.73143849043716
,43.266338490437164
,38.781938490437156
,37.56993849043716
,16.824538490437156
,1.684638490437166
,-3.1734615095628413
,-22.838161509562838
,-31.33226150956284
,-24.242061509562845
,-3.425961509562839
,7.421438490437154
,23.53093849043716
,46.78113849043716
,53.84103849043716
,54.10363849043716
,55.68933849043716
,53.800638490437166
,54.67933849043716
,54.467238490437154
,47.60933849043716
,46.62963849043716
,46.30643849043716
,45.39743849043716
,45.71053849043716
,45.38733849043716
,48.831438490437165
,42.43813849043716
,14.42073849043716
,-1.860461509562839
,-12.435161509562846
,-26.282261509562844
,-52.067561509562836
,-42.71496150956284
,-15.465161509562847
,9.81513849043715
,24.480338490437155
,49.87173849043716
,49.68993849043716
,55.32573849043716
,55.81053849043715
,55.32573849043716
,52.760338490437164
,47.34673849043716
,46.91243849043716
,46.91243849043716
,48.164838490437155
,48.52843849043715
,49.033438490437156
,51.831138490437155
,48.69003849043716
,48.73043849043716
,42.276538490437154
,43.98343849043715
,32.10583849043716
,14.622738490437165
,7.300238490437167
,13.138038490437154
,28.914238490437157
,45.39743849043716
,55.234838490437156
,62.69873849043716
,59.17383849043716
,58.70923849043716
,58.618338490437154
,58.02243849043716
,57.53763849043716
,57.65883849043716
,53.507738490437156
,42.074538490437156
,44.124838490437156
,51.75033849043716
,47.518438490437156
,53.87133849043716
,57.73963849043716
,63.62793849043716
,65.61763849043716
,56.23473849043716
,38.79203849043716
,35.82263849043716
,31.823038490437156
,37.83253849043716
,51.39683849043716
,69.07183849043716
,60.94133849043716
,64.42583849043717
,58.426438490437164
,58.426438490437164
,58.426438490437164
,58.41633849043716
,57.41643849043716
,75.99033849043715
,78.96983849043716
,68.68803849043717
,62.04223849043716
,59.84043849043716
,65.55703849043715
,68.75873849043715
,78.96983849043716
,69.74853849043716
,65.43583849043716
,76.95993849043717
,79.02033849043715
,72.83913849043716
,70.46563849043716
,70.25353849043717
,75.74793849043716
,70.86963849043715
,72.60683849043716
,100.87673849043716
,63.97133849043716
,61.15343849043715
,60.65853849043716
,62.89063849043716
,60.113138490437166
,68.69813849043716
,57.820438490437155
,53.79053849043716
,57.37603849043716
,56.790238490437154
,58.83043849043716
,60.577738490437156
,63.47643849043716
,63.890538490437166
,60.10303849043716
,57.19423849043716
,47.639638490437164
,19.662638490437153
,8.360738490437157
,7.987038490437158
,19.22833849043716
,41.741238490437155
,59.89093849043715
,64.78943849043716
,77.74773849043716
,70.10203849043715
,69.78893849043715
,67.72853849043716
,68.28403849043715
,61.94123849043716
,65.28433849043716
,65.80953849043715
,64.90053849043716
,64.79953849043716
,66.40543849043716
,57.81033849043716
,69.45563849043715
,74.77833849043716
,69.05163849043717
,55.74993849043716
,48.65973849043716
,40.32723849043716
,36.570038490437156
,37.45883849043716
,47.55883849043716
,54.83083849043716
,56.60843849043715
,65.08233849043715
,70.14243849043716
,69.45563849043715
,68.23353849043716
,70.63733849043716
,70.34443849043717
,81.12113849043715
,80.33333849043717
,77.17203849043716
,70.26363849043715
,62.71893849043716
,62.941138490437154
,75.40453849043716
,77.98003849043715
,80.25253849043715
,72.38463849043715
,63.65823849043716
,55.982238490437155
,46.02363849043716
,41.73113849043716
,38.145638490437165
,43.81173849043716
,56.951838490437154
,62.86033849043716
,72.37453849043716
,77.20233849043716
,73.62693849043717
,77.11143849043715
,70.94033849043716
,70.30403849043716
,76.10143849043715
,73.37443849043717
,66.79933849043717
,61.335238490437156
,60.93123849043715
,60.68883849043716
,60.60803849043715
,67.53663849043716
,67.96083849043717
,72.01093849043716
,65.33483849043715
,59.91113849043716
,54.22483849043716
,40.51913849043716
,35.85293849043716
,46.90233849043716
,55.67923849043716
,66.16303849043716
,74.30363849043715
,76.24283849043715
,85.37323849043716
,81.49483849043716
,74.33393849043715
,74.33393849043715
,89.14053849043717
,78.51533849043716
,74.33393849043715
,75.77823849043716
,75.78833849043717
,76.63673849043715
,93.70573849043716
,129.37893849043715
,131.96453849043715
,110.68383849043715
,83.44413849043717
,87.80733849043716
,75.69743849043716
,71.76853849043717
,72.76843849043715
,76.41453849043715
,86.77713849043715
,80.80803849043717
,124.92483849043715
,124.34913849043716
,131.20703849043716
,113.91583849043717
,105.70453849043716
,88.83753849043715
,72.52603849043716
,70.29393849043716
,68.62743849043716
,66.94073849043716
,68.61733849043716
,70.26363849043715
,77.11143849043715
,79.64653849043715
,80.17173849043715
,78.82843849043715
,75.85903849043716
,53.78043849043716
,32.06543849043716
,23.35923849043715
,28.93443849043716
,48.41733849043716
,70.84943849043717
,94.64503849043714
,103.35123849043715
,89.11023849043715
,111.44133849043716
,103.36133849043716
,100.27073849043717
,82.07053849043716
,89.59503849043715
,83.98953849043716
,74.65713849043716
,67.96083849043717
,63.49663849043716
,70.14243849043716
,87.41343849043716
,92.35233849043715
,85.70653849043715
,67.38513849043716
,61.52713849043716
,56.113538490437165
,49.07383849043716
,37.60023849043716
,21.854338490437158
,40.458538490437164
,51.85133849043716
,51.78063849043716
,72.31393849043715
,96.17013849043715
,97.31143849043715
,94.07943849043717
,92.78663849043716
,88.22143849043715
,77.68713849043716
,74.84903849043715
,72.49573849043716
,72.12203849043715
,71.38473849043717
,81.60593849043715
,97.28113849043714
,96.63473849043717
,97.41243849043715
,72.55633849043716
,54.11373849043716
,51.72003849043716
,-0.7292615095628463
,-5.738861509562852
,-6.7589615095628375
,15.360038490437162
,7.28003849043715
,59.64853849043716
,90.68583849043716
,107.40133849043715
,115.35003849043716
,89.75663849043717
,93.47343849043716
,82.04023849043716
,70.27373849043715
,61.335238490437156
,55.84083849043716
,56.103438490437156
,53.06333849043716
,57.88103849043716
,74.42483849043715
,77.81843849043716
,61.325138490437155
,61.27463849043716
,51.75033849043716
,19.45053849043716
,-0.08286150956284644
,-0.8302615095628312
,0.23023849043715927
,34.64093849043716
,56.21453849043715
,56.22463849043716
,59.57783849043716
,91.07973849043717
,99.47283849043716
,96.00853849043716
,98.26083849043717
,95.63483849043716
,97.65483849043716
,96.03883849043716
,93.51383849043717
,92.23113849043715
,90.29193849043716
,90.21113849043715
,90.44343849043716
,81.05043849043716
,60.47673849043716
,15.83473849043716
,-0.7393615095628405
,-13.010861509562844
,-25.40356150956285
,-42.179661509562834
,-44.97736150956284
,-37.18016150956285
,-12.980561509562833
,-0.6686615095628383
,58.02243849043716
,80.19193849043717
,77.19223849043716
,72.54623849043716
,68.24363849043715
,52.46743849043716
,16.875038490437156
,4.351038490437162
,5.300438490437159
,0.2100384904371566
,-0.002061509562835795
,5.552938490437157
,7.5931384904371555
,7.027538490437152
,13.491538490437158
,-0.05256150956283534
,-1.7291615095628288
,-11.223161509562843
,-17.727561509562832
,-25.080361509562834
,-30.65556150956283
,-19.36376150956285
,-11.677661509562839
,13.420838490437156
,78.41433849043716
,98.29113849043715
,99.32133849043717
,97.56393849043715
,96.07923849043715
,91.50393849043715
,77.91943849043716
,75.29343849043715
,76.60643849043716
,75.29343849043715
,76.77813849043716
,86.09033849043715
,105.47223849043716
,131.13633849043717
,120.43033849043715
,93.93803849043717
,82.63613849043715
,77.86893849043716
,75.13183849043716
,74.07133849043716
,74.02083849043717
,75.28333849043716
,81.24233849043716
,105.16923849043715
,127.98513849043715
,109.30013849043715
,135.48943849043718
,129.50013849043717
,125.87423849043716
,111.22923849043715
,102.46243849043717
,98.30123849043716
,98.53353849043717
,95.42273849043715
,95.51363849043716
,103.59363849043714
,137.43873849043717
,153.01293849043716
,122.37963849043716
,99.88693849043716
,72.19273849043716
,47.75073849043716
,19.97573849043716
,8.552638490437161
,12.612838490437163
,32.70173849043716
,67.63763849043715
,96.05903849043716
,110.36063849043715
,123.95523849043715
,126.86403849043717
,118.33963849043715
,109.88593849043716
,89.67583849043717
,89.06983849043715
,85.44393849043715
,84.13093849043716
,85.77723849043717
,86.44383849043716
,93.48353849043716
,110.35053849043717
,128.51033849043716
,107.19933849043716
,92.19073849043716
,80.30303849043716
,63.22393849043716
,32.37853849043716
,21.622038490437156
,20.591838490437162
,41.59983849043716
,72.34423849043715
,91.15043849043715
,109.26983849043717
,123.37953849043716
,127.16703849043716
,123.29873849043716
,113.39063849043715
,102.88663849043716
,95.43283849043715
,91.13023849043716
,88.98903849043715
,88.48403849043716
,90.37273849043716
,100.73533849043716
,118.30933849043716
,133.15633849043718
,125.91463849043717
,105.32073849043717
,94.26123849043717
,82.14123849043716
,57.92143849043716
,45.53883849043716
,46.30643849043716
,72.49573849043716
,83.77743849043716
,104.84603849043717
,123.55123849043716
,126.84383849043716
,147.20543849043716
,135.24703849043715
,123.03613849043715
,112.74423849043716
,105.49243849043717
,102.89673849043716
,99.74553849043716
,100.14953849043715
,100.57373849043717
,107.31043849043715
,113.21893849043715
,125.75303849043716
,125.97523849043716
,115.26923849043715
,102.23013849043716
,90.20103849043716
,84.15113849043715
,76.24283849043715
,76.66703849043715
,86.27213849043716
,94.10973849043717
,108.44163849043716
,116.06713849043716
,113.46133849043716
,114.15823849043716
,113.31993849043715
,105.89643849043715
,100.07883849043716
,100.36163849043716
,99.85663849043716
,98.98803849043716
,98.99813849043716
,97.88713849043717
,99.01833849043717
,97.74573849043716
,99.36173849043715
,93.72593849043716
,79.26273849043716
,55.20453849043716
,31.116038490437163
,12.441138490437162
,0.4423384904371517
,1.3816384904371688
,12.309838490437158
,30.18683849043716
,75.38433849043716
,106.69433849043716
,116.20853849043716
,119.67283849043716
,107.92653849043715
,102.86643849043716
,89.48393849043715
,84.26223849043717
,81.81803849043716
,80.60603849043716
,80.02023849043717
,77.70733849043715
,79.75763849043716
,78.42443849043717
,71.51603849043715
,56.305438490437155
,49.82123849043715
,17.137638490437155
,-0.022261509562838455
,-1.921061509562847
,-3.7289615095628363
,2.1290384904371535
,41.23623849043716
,50.437338490437156
,77.71743849043716
,104.70463849043716
,128.81333849043716
,131.22723849043717
,118.45073849043716
,111.22923849043715
,105.39143849043715
,89.97883849043717
,86.78723849043716
,81.74733849043716
,81.08073849043716
,83.00983849043716
,93.97843849043716
,118.33963849043715
,140.99393849043716
,126.06613849043715
,110.34043849043715
,92.53413849043716
,86.49433849043716
,79.51523849043716
,71.13223849043716
,73.82893849043715
,81.28273849043717
,93.97843849043716
,105.38133849043716
,137.11553849043716
,167.67813849043716
,172.43523849043714
,139.92333849043715
,115.46113849043715
,107.67403849043716
,110.83533849043715
,102.09883849043716
,100.00813849043715
,97.24073849043717
,100.02833849043716
,111.08783849043715
,130.71213849043716
,154.43703849043715
,146.36713849043713
,123.51083849043717
,114.06733849043715
,99.55363849043715
,92.90783849043716
,90.57473849043717
,91.71603849043716
,105.31063849043716
,106.61353849043716
,123.28863849043715
,167.54683849043715
,239.06493849043716
,233.90383849043715
,161.63833849043715
,130.59093849043717
,114.92583849043717
,111.43123849043715
,108.68403849043716
,105.57323849043716
,101.63423849043716
,106.87613849043716
,117.00643849043715
,145.53893849043715
,179.88903849043717
,158.21443849043715
,122.66243849043715
,114.22893849043714
,107.82553849043717
,103.39163849043716
,99.25063849043715
,99.74553849043716
,105.12883849043716
,110.43133849043716
,121.20803849043716
,166.48633849043716
,126.97513849043716
,120.11723849043716
,121.04643849043715
,117.57203849043717
,102.75533849043715
,95.51363849043716
,92.03923849043716
,90.13033849043715
,89.19103849043717
,89.32233849043716
,93.96833849043716
,109.52233849043716
,120.40003849043715
,113.20883849043716
,93.31183849043717
,85.90853849043717
,85.89843849043716
,86.79733849043716
,90.07983849043715
,89.32233849043716
,90.14043849043716
,92.96843849043715
,90.05963849043717
,100.57373849043717
,106.89633849043716
,103.73503849043715
,95.17023849043716
,94.90763849043717
,92.02913849043716
,84.27233849043716
,83.73703849043716
,84.29253849043715
,82.11093849043715
,81.92913849043717
,86.12063849043716
,88.52443849043716
,98.77593849043716
,102.45233849043716
,93.07953849043716
,86.21153849043716
,81.44433849043716
,80.31313849043715
,80.34343849043715
,80.32323849043716
,82.06043849043716
,86.20143849043716
,91.34233849043716
,100.06873849043716
,101.82613849043716
,105.43183849043716
,104.96723849043717
,101.49283849043715
,94.49353849043716
,93.39263849043715
,90.73633849043716
,91.57463849043717
,93.06943849043716
,93.97843849043716
,93.94813849043716
,104.51273849043716
,104.86623849043715
,95.26113849043715
,81.91903849043716
,52.315938490437155
,24.24803849043716
,3.644038490437154
,-2.8300615095628388
,-2.254361509562841
,26.257938490437155
,71.97053849043716
,93.98853849043716
,111.66353849043716
,109.96673849043715
,110.27983849043716
,106.39133849043716
,97.64473849043716
,92.15033849043715
,90.66563849043716
,86.03983849043716
,83.27243849043717
,81.92913849043717
,81.50493849043715
,83.28253849043715
,85.88833849043716
,85.25203849043716
,79.38393849043715
,57.91133849043716
,19.26873849043716
,7.92643849043715
,2.432038490437151
,2.3512384904371544
,1.977538490437155
,17.531538490437157
,65.40553849043717
,97.20033849043716
,122.50083849043716
,130.48993849043714
,128.34873849043714
,116.61253849043715
,101.41203849043715
,92.17053849043717
,90.45353849043715
,88.97893849043716
,86.14083849043716
,86.49433849043716
,87.16093849043716
,94.73593849043715
,125.88433849043716
,150.78083849043713
,153.38663849043718
,125.50053849043717
,115.19853849043716
,110.30003849043715
,100.17983849043716
,95.37223849043717
,96.20043849043716
,99.09913849043716
,99.86673849043716
,101.04843849043715
,95.05913849043716
,125.59143849043716
,118.36993849043716
,97.61443849043717
,90.43333849043717
,81.51503849043715
,59.62833849043716
,48.932438490437164
,51.69983849043716
,50.88173849043716
,58.54763849043716
,73.94003849043715
,95.41263849043716
,119.58193849043717
,106.37113849043715
,89.52433849043716
,81.83823849043716
,79.70713849043716
,6.76493849043716
,1.1493384904371595
,-2.0725615095628456
,76.74783849043715
,85.07023849043716
,84.41373849043715
,72.39473849043716
,86.18123849043715
,86.29233849043716
,77.63663849043716
,79.91923849043715
,72.71793849043716
,58.94153849043715
,47.71033849043716
,44.73083849043716
,43.65013849043716
,50.85143849043716
,83.06033849043715
,94.48343849043715
,106.29033849043715
,104.17943849043716
,97.82653849043716
,86.72663849043717
,84.98943849043717
,77.34373849043716
,77.41443849043716
,80.11113849043716
,84.49453849043715
,90.83733849043716
,100.75553849043716
,116.09743849043716
,126.97513849043716
,121.45043849043716
,111.19893849043714
,107.51243849043716
,97.43263849043716
,90.12023849043716
,85.32273849043716
,83.32293849043715
,81.14133849043716
,83.64613849043715
,88.68603849043716
,109.04763849043715
,136.41863849043716
,135.32783849043716
,105.95703849043716
,95.64493849043717
,86.00953849043715
,80.65653849043716
,78.67693849043717
,80.87873849043716
,85.55503849043716
,92.87753849043716
,115.01673849043715
,130.45963849043716
,136.62063849043716
,103.15933849043716
,102.90683849043717
,100.45253849043715
,92.82703849043716
,92.29173849043715
,89.21123849043715
,86.88823849043716
,86.54483849043716
,86.00953849043715
,89.16073849043715
,108.16893849043716
,126.91453849043715
,128.64163849043717
,105.15913849043716
,95.20053849043717
,82.87853849043717
,78.25273849043717
,70.97063849043715
,61.84023849043716
,66.82963849043716
,70.40503849043715
,74.88943849043716
,92.22103849043717
,99.50313849043715
,94.33193849043717
,82.09073849043716
,76.82863849043716
,71.15243849043716
,63.35523849043716
,54.78033849043716
,49.41723849043716
,43.801638490437156
,44.34703849043716
,52.27553849043716
,66.26403849043716
,80.64643849043715
,80.23233849043716
,72.47553849043716
,41.75133849043716
,25.076238490437156
,3.674338490437165
,-1.7392615095628372
,-2.3654615095628486
,8.896038490437164
,26.22763849043716
,74.12183849043716
,93.71583849043716
,95.78633849043716
,96.69533849043715
,92.37253849043715
,92.16043849043716
,83.77743849043716
,72.56643849043715
,70.24343849043716
,68.47593849043716
,68.62743849043716
,68.07193849043716
,65.46613849043715
,69.39503849043714
,70.11213849043716
,62.11293849043716
,41.589738490437156
,9.986838490437165
,1.1291384904371569
,-2.941161509562832
,-4.284461509562831
,-6.96096150956285
,-3.4158615095628306
,23.36933849043716
,70.40503849043715
,96.99833849043716
,100.44243849043715
,98.43253849043715
,98.50323849043716
,95.40253849043715
,90.01923849043715
,85.05003849043715
,84.98943849043717
,83.26233849043716
,84.71673849043715
,84.33293849043716
,87.10033849043715
,102.28063849043716
,128.13663849043718
,126.91453849043715
,113.46133849043716
,103.32093849043716
,97.97803849043717
,96.54383849043717
,88.58503849043716
,89.72633849043716
,89.25163849043716
,90.43333849043717
,93.23103849043716
,115.37023849043716
,117.47103849043717
,110.57273849043716
,91.56453849043716
,90.44343849043716
,83.38353849043716
,88.66583849043717
,88.88803849043717
,87.73663849043716
,83.74713849043717
,83.25223849043716
,90.07983849043715
,104.70463849043716
,123.76333849043716
,116.42063849043716
,111.45143849043716
,95.17023849043716
,90.21113849043715
,83.13103849043716
,75.48533849043716
,68.25373849043716
,81.18173849043716
,84.78743849043715
,90.02933849043715
,103.56333849043716
,120.44043849043716
,114.06733849043715
,92.05943849043716
,89.63543849043715
,84.04003849043715
,86.47413849043716
,83.56533849043716
,84.11073849043716
,84.12083849043717
,85.55503849043716
,92.06953849043715
,113.57243849043716
,136.50953849043717
,127.86393849043716
,96.34183849043715
,81.23223849043717
,72.94013849043716
,49.38693849043716
,36.620538490437156
,31.883638490437157
,65.03183849043717
,80.68683849043715
,89.22133849043716
,110.62323849043716
,118.03663849043716
,107.52253849043716
,91.91803849043717
,86.44383849043716
,81.18173849043716
,77.98003849043715
,78.13153849043715
,77.29323849043716
,76.18223849043717
,77.00033849043716
,85.49443849043716
,102.75533849043715
,128.87393849043715
,115.44093849043716
,92.72603849043716
,72.05133849043716
,49.82123849043715
,10.411038490437164
,5.179238490437157
,8.037538490437171
,50.760538490437156
,78.21233849043716
,89.79703849043716
,115.37023849043716
,130.77273849043715
,113.87543849043716
,97.70533849043716
,93.79663849043716
,79.81823849043715
,75.41463849043716
,73.81883849043716
,72.60683849043716
,75.84893849043715
,76.15193849043716
,85.19143849043715
,100.44243849043715
,115.73383849043717
,109.02743849043716
,89.53443849043717
,69.33443849043717
,41.44833849043716
,8.734438490437157
,0.8160384904371654
,7.269938490437156
,15.036838490437155
,69.39503849043714
,87.96893849043715
,100.51313849043716
,116.05703849043715
,114.38043849043716
,95.27123849043716
,90.60503849043715
,83.03003849043715
,78.89913849043717
,77.74773849043716
,77.01043849043715
,76.82863849043716
,76.31353849043717
,79.11123849043716
,87.39323849043716
,94.53393849043715
,88.29213849043717
,67.99113849043715
,37.46893849043716
,10.845338490437157
,0.6342384904371556
,-5.233861509562843
,-1.698861509562846
,3.1390384904371587
,42.31693849043716
,89.81723849043716
,99.11933849043716
,108.83553849043716
,105.25003849043715
,93.68553849043717
,87.07003849043716
,81.04033849043715
,88.40323849043716
,85.36313849043715
,81.48473849043717
,83.37343849043715
,82.74723849043717
,85.29243849043716
,87.16093849043716
,90.22123849043716
,82.99973849043717
,66.07213849043715
,21.834138490437162
,4.128838490437161
,-2.941161509562832
,-6.18326150956284
,-4.910661509562843
,5.037838490437153
,65.46613849043715
,99.82633849043717
,108.39113849043716
,108.37093849043715
,106.45193849043716
,105.23993849043717
,99.70513849043715
,92.88763849043715
,88.03963849043716
,85.29243849043716
,85.30253849043716
,85.10053849043716
,85.29243849043716
,94.17033849043716
,118.45073849043716
,114.77433849043716
,109.24963849043716
,105.92673849043715
,96.88723849043717
,89.59503849043715
,85.30253849043716
,83.46433849043716
,84.34303849043717
,87.95883849043716
,100.02833849043716
,114.61273849043715
,117.42053849043717
,115.30963849043715
,107.42153849043716
,109.88593849043716
,99.03853849043716
,88.77693849043716
,87.71643849043716
,85.09043849043715
,83.38353849043716
,84.82783849043716
,83.65623849043716
,87.72653849043715
,111.05753849043715
,120.46063849043716
,111.85543849043717
,109.61323849043717
,94.28143849043715
,86.33273849043717
,78.36383849043716
,77.03063849043716
,74.97023849043717
,78.23253849043715
,87.71643849043716
,99.86673849043716
,110.36063849043715
,108.33053849043716
,102.84623849043716
,89.22133849043716
,80.62623849043716
,70.97063849043715
,63.32493849043716
,63.88043849043716
,64.01173849043715
,65.35503849043715
,64.32483849043716
,70.53633849043716
,93.23103849043716
,107.61343849043715
,100.54343849043715
,87.65583849043716
,69.00113849043716
,69.03143849043715
,68.21333849043717
,66.29433849043716
,68.16283849043715
,74.20263849043715
,91.16053849043716
,108.53253849043716
,105.28033849043715
,104.31073849043716
,103.96733849043716
,102.46243849043717
,89.30213849043716
,82.66643849043716
,74.54603849043716
,66.59733849043715
,62.26443849043716
,59.41623849043715
,56.54783849043716
,63.00173849043716
,76.89933849043716
,85.09043849043715
,89.18093849043716
,82.54523849043716
,86.03983849043716
,89.12033849043715
,85.18133849043716
,85.29243849043716
,85.20153849043716
,85.17123849043716
,83.08053849043716
,84.62583849043716
,94.17033849043716
,99.10923849043715
,89.21123849043715
,76.12163849043716
,67.66793849043717
,46.771038490437164
,13.905638490437155
,13.168338490437158
,8.936438490437155
,7.68403849043716
,16.854838490437153
,32.95423849043716
,69.54653849043716
,69.93033849043715
,62.65833849043716
,52.53813849043716
,50.79083849043715
,41.93313849043716
,25.87413849043716
,24.510638490437152
,51.68973849043716
,64.72883849043717
,52.58863849043716
,71.47563849043715
,63.486538490437155
,74.63693849043716
,65.44593849043716
,59.68893849043716
,58.33553849043716
,45.680238490437155
,17.65273849043716
,11.683638490437161
,10.804938490437166
,11.612938490437159
,14.218738490437154
,17.248738490437155
,33.12593849043716
,57.41643849043716
,54.81063849043716
,41.65033849043716
,19.81413849043716
,49.81113849043716
,15.562038490437153
,0.46253849043715434
,0.614038490437153
,1.523038490437159
,14.784338490437158
,66.91043849043716
,93.36233849043715
,100.22023849043717
,101.87663849043716
,88.17093849043715
,85.61563849043715
,77.32353849043716
,72.42503849043715
,67.29423849043715
,62.00183849043716
,59.497038490437156
,63.597638490437156
,68.00123849043716
,73.24313849043716
,86.19133849043716
,72.83913849043716
,35.85293849043716
,6.088238490437163
,-0.7696615095628516
,-0.7595615095628432
,-2.8906615095628467
,-0.6888615095628552
,0.8665384904371507
,55.20453849043716
,90.20103849043716
,104.48243849043716
,108.01743849043717
,105.81563849043715
,83.88853849043716
,73.84913849043717
,66.88013849043716
,41.76143849043716
,26.207438490437163
,21.793738490437157
,22.95523849043716
,28.894038490437154
,68.29413849043716
,84.86823849043716
,90.18083849043717
,86.46403849043716
,72.43513849043715
,68.92033849043716
,68.26383849043717
,60.264638490437164
,59.66873849043716
,59.74953849043715
,47.61943849043716
,70.76863849043716
,72.46543849043717
,95.23083849043716
,95.09953849043715
,91.37263849043715
,72.46543849043717
,72.89973849043716
,69.40513849043715
,61.83013849043716
,54.83083849043716
,54.689438490437155
,51.790738490437164
,49.790938490437156
,68.68803849043717
,91.06963849043716
,105.70453849043716
,106.13883849043717
,93.95823849043717
,90.17073849043716
,90.20103849043716
,93.19063849043715
,92.79673849043715
,91.14033849043716
,90.20103849043716
,94.19053849043716
,108.99713849043715
,134.48953849043716
,137.96393849043716
,111.48173849043715
,96.80643849043716
,92.56443849043717
,78.94963849043717
,79.72733849043716
,72.08163849043716
,72.11193849043717
,71.64733849043715
,71.64733849043715
,83.62593849043715
,102.16953849043716
,130.10613849043716
,137.64073849043717
,111.29993849043717
,97.91743849043716
,91.02923849043715
,83.53503849043716
,81.03023849043716
,80.74743849043716
,85.09043849043715
,94.31173849043715
,108.54263849043716
,132.08573849043717
,144.49863849043714
,120.07683849043715
,97.40233849043716
,94.46323849043716
,83.84813849043715
,78.96983849043716
,74.16223849043716
,72.10183849043716
,71.69783849043715
,71.59683849043716
,76.63673849043715
,92.26143849043716
,99.12943849043717
,101.26053849043717
,94.00873849043715
,76.38423849043716
,70.52623849043715
,67.34473849043717
,58.06283849043716
,58.961738490437156
,70.91003849043716
,81.01003849043715
,98.31133849043717
,112.96643849043716
,129.55063849043717
,112.22913849043717
,99.63443849043716
,94.34203849043715
,87.60533849043715
,79.30313849043715
,76.62663849043716
,73.76833849043716
,76.64683849043716
,77.82853849043715
,81.34333849043716
,97.00843849043716
,113.65323849043716
,130.63133849043717
,108.90623849043715
,96.12973849043716
,89.05973849043717
,84.98943849043717
,82.11093849043715
,79.73743849043716
,84.14103849043715
,93.35223849043717
,105.69443849043716
,130.40913849043716
,140.79193849043716
,126.20753849043714
,105.07833849043716
,100.46263849043716
,92.53413849043716
,98.65473849043717
,90.61513849043716
,87.32253849043715
,84.58543849043716
,84.31273849043717
,84.91873849043716
,92.57453849043716
,103.13913849043716
,104.82583849043716
,97.11953849043715
,76.92963849043716
,64.29453849043716
,51.32613849043716
,36.64073849043716
,39.81213849043716
,59.10313849043716
,78.85873849043716
,99.82633849043717
,112.04733849043716
,138.53963849043714
,112.06753849043716
,97.43263849043716
,93.08963849043715
,79.68693849043717
,71.90993849043716
,65.30453849043715
,62.81993849043716
,63.93093849043716
,60.41613849043716
,64.32483849043716
,69.63743849043716
,69.73843849043716
,66.17313849043715
,55.22473849043716
,22.763338490437157
,12.69363849043716
,2.371438490437157
,-2.6179615095628463
,-4.799561509562835
,1.068538490437163
,48.387038490437156
,77.59623849043716
,106.35093849043716
,102.65433849043715
,94.44303849043716
,78.74763849043715
,74.40463849043716
,67.68813849043715
,46.13473849043716
,40.36763849043716
,35.89333849043716
,37.529538490437155
,43.83193849043716
,56.426638490437156
,84.29253849043715
,105.26013849043716
,107.30033849043716
,92.24123849043715
,74.60663849043716
,68.57693849043716
,59.486938490437154
,50.538338490437155
,61.86043849043716
,71.09183849043715
,94.43293849043715
,116.93573849043716
,153.3159384904372
,171.88983849043717
,125.15713849043716
,98.37193849043716
,92.17053849043717
,77.85883849043717
,70.29393849043716
,65.60753849043715
,60.60803849043715
,56.82053849043716
,54.32583849043716
,64.93083849043717
,85.57523849043716
,105.84593849043716
,108.86583849043717
,91.13023849043716
,76.10143849043715
,72.73813849043715
,75.99033849043715
,78.89913849043717
,80.13133849043716
,86.63573849043716
,102.31093849043715
,112.14833849043717
,144.70063849043717
,157.08323849043717
,112.76443849043716
,92.23113849043715
,81.08073849043716
,69.20313849043715
,60.143438490437156
,55.87113849043716
,50.49793849043716
,50.42723849043716
,51.790738490437164
,60.70903849043716
,90.81713849043716
,109.23953849043716
,109.59303849043717
,88.63553849043717
,67.66793849043717
,63.08253849043716
,57.14373849043716
,57.09323849043716
,59.00213849043716
,69.78893849043715
,85.32273849043716
,104.87633849043716
,117.63263849043716
,119.66273849043716
,99.83643849043716
,86.83773849043716
,77.66693849043716
,64.21373849043715
,45.245938490437155
,38.64053849043716
,29.409138490437165
,24.45003849043716
,24.702538490437156
,39.78183849043716
,59.56773849043715
,76.19233849043715
,84.24203849043715
,64.90053849043716
,56.91143849043716
,57.51743849043716
,40.458538490437164
,24.419738490437155
,23.22793849043716
,32.17653849043716
,47.24573849043716
,67.72853849043716
,84.21173849043716
,105.74493849043716
,94.10973849043717
,84.24203849043715
,75.44493849043717
,67.97093849043715
,66.04183849043716
,59.86063849043716
,58.69913849043716
,59.941438490437164
,60.60803849043715
,67.01143849043716
,88.23153849043716
,114.50163849043716
,127.81343849043716
,99.24053849043716
,75.79843849043715
,64.63793849043716
,54.699538490437156
,49.467738490437156
,50.35653849043716
,55.285338490437155
,68.65773849043717
,93.20073849043716
,104.60363849043715
,148.21543849043718
,123.86433849043716
,101.98773849043717
,92.36243849043716
,85.49443849043716
,85.07023849043716
,72.85933849043715
,69.75863849043715
,65.77923849043715
,65.53683849043716
,65.60753849043715
,69.77883849043717
,73.22293849043716
,73.92993849043717
,59.85053849043716
,47.99313849043716
,34.41873849043716
,24.258138490437155
,21.05643849043716
,21.96543849043716
,40.76153849043716
,64.87023849043716
,85.53483849043715
,89.41323849043715
,92.41293849043716
,70.11213849043716
,56.355938490437154
,43.88243849043716
,32.186638490437154
,-0.3555615095628326
,-0.7191615095628379
,-0.7292615095628463
,-0.7898615095628401
,-0.7797615095628316
,-0.7393615095628405
,-0.7292615095628463
,4.3409384904371535
,3.3208384904371684
,-0.29496150956285305
,-3.3047615095628373
,-12.54626150956284
,-18.596161509562833
,-22.454361509562844
,-22.918961509562834
,-9.647561509562834
,-0.8403615095628396
,22.743138490437154
,58.476938490437156
,70.35453849043715
,61.123138490437164
,53.78043849043716
,53.77033849043716
,46.15493849043716
,32.53003849043716
,28.681938490437155
,31.227138490437163
,32.49973849043716
,44.74093849043716
,57.73963849043716
,90.06973849043716
,114.06733849043715
,112.15843849043716
,106.55293849043716
,91.82713849043716
,87.11043849043716
,77.31343849043715
,73.57643849043716
,75.90953849043716
,87.69623849043715
,95.53383849043716
,95.54393849043716
,108.52243849043717
,113.19873849043717
,108.52243849043717
,101.81603849043717
,100.60403849043716
,91.23123849043716
,92.10993849043716
,84.02993849043716
,80.98983849043715
,84.17133849043717
,83.24213849043716
,91.36253849043715
,94.21073849043717
,158.05283849043718
,165.13293849043714
,117.97603849043716
,97.01853849043717
,86.42363849043716
,77.65683849043715
,75.91963849043717
,76.77813849043716
,83.59563849043715
,90.14043849043716
,98.52343849043716
,101.31103849043717
,101.83623849043715
,92.75633849043716
,79.33343849043716
,63.14313849043716
,55.598438490437154
,32.60073849043716
,24.419738490437155
,20.389838490437157
,16.10743849043716
,12.734038490437158
,23.98543849043716
,47.82143849043716
,67.42553849043716
,63.81983849043716
,48.46783849043716
,25.126738490437155
,16.491238490437155
,7.209338490437162
,2.492638490437159
,4.128838490437161
,17.49113849043716
,45.71053849043716
,68.78903849043716
,77.32353849043716
,85.30253849043716
,67.32453849043715
,51.78063849043716
,45.134838490437154
,32.620938490437155
,12.037138490437158
,4.159138490437158
,5.01763849043715
,2.7451384904371565
,5.9973384904371585
,22.520938490437153
,61.03223849043716
,78.65673849043715
,80.07073849043717
,68.08203849043716
,59.74953849043715
,53.00273849043715
,47.89213849043716
,48.49813849043716
,58.87083849043716
,61.04233849043716
,82.32303849043717
,85.63583849043717
,90.34243849043716
,101.81603849043717
,88.38303849043716
,85.02983849043716
,82.97953849043715
,76.72763849043716
,78.61633849043716
,75.04093849043716
,77.00033849043716
,74.68743849043716
,74.93993849043716
,80.30303849043716
,90.05963849043717
,94.07943849043717
,99.68493849043716
,94.69553849043717
,88.06993849043717
,81.99983849043716
,76.64683849043716
,74.82883849043716
,74.78843849043716
,82.07053849043716
,88.24163849043717
,90.35253849043715
,96.74583849043717
,121.23833849043717
,102.35133849043716
,89.06983849043715
,83.07043849043716
,75.45503849043715
,79.24253849043716
,74.87933849043716
,73.33403849043715
,72.68763849043715
,72.15233849043716
,72.83913849043716
,76.83873849043715
,87.41343849043716
,89.12033849043715
,87.12053849043717
,79.13143849043715
,72.97043849043716
,64.69853849043716
,58.69913849043716
,64.80963849043717
,69.57683849043715
,86.10043849043716
,91.19083849043716
,92.21093849043716
,91.56453849043716
,90.32223849043717
,81.30293849043716
,75.59643849043715
,64.47633849043716
,60.27473849043716
,49.82123849043715
,42.02403849043716
,40.26663849043715
,40.26663849043715
,42.44823849043716
,50.154538490437155
,61.72913849043716
,62.941138490437154
,36.28723849043716
,17.28913849043716
,2.6239384904371548
,-0.11316150956284332
,-3.6582615095628483
,-4.153161509562835
,-0.8100615095628427
,13.754138490437157
,64.37533849043716
,74.47533849043715
,66.92053849043717
,56.68923849043716
,47.72043849043716
,16.097338490437153
,5.431738490437155
,-1.2847615095628413
,-0.2747615095628362
,-0.7595615095628432
,-0.850461509562848
,0.4221384904371632
,26.773038490437166
,72.61693849043716
,94.02893849043716
,102.33113849043716
,93.74613849043715
,86.04993849043716
,85.60553849043717
,77.05083849043716
,77.22253849043715
,78.83853849043716
,91.95843849043716
,104.83593849043716
,103.20983849043716
,108.16893849043716
,134.6309384904372
,110.42123849043716
,101.51303849043717
,95.82673849043715
,92.16043849043716
,87.09023849043716
,83.10073849043717
,80.96963849043716
,79.45463849043716
,79.37383849043717
,83.54513849043715
,106.50243849043716
,146.32673849043715
,144.59963849043714
,107.06803849043716
,93.19063849043715
,82.27253849043716
,75.01063849043716
,70.38483849043716
,69.93033849043715
,77.68713849043716
,92.71593849043715
,112.81493849043716
,136.70143849043717
,158.12353849043717
,120.94543849043717
,102.32103849043716
,93.63503849043715
,87.18113849043715
,85.96913849043716
,83.05023849043717
,81.56553849043716
,82.27253849043716
,83.93903849043716
,90.52423849043716
,109.11833849043717
,166.50653849043718
,172.02113849043715
,121.08683849043716
,103.07853849043715
,91.37263849043715
,82.85833849043716
,82.96943849043717
,81.96953849043716
,93.25123849043716
,109.13853849043716
,152.98263849043715
,184.74713849043715
,189.28203849043717
,130.78283849043717
,104.04813849043715
,99.63443849043716
,90.15053849043716
,91.89783849043715
,84.16123849043716
,82.33313849043715
,81.47463849043716
,80.74743849043716
,88.44363849043715
,105.59343849043715
,167.40543849043718
,169.94053849043715
,111.24943849043717
,98.24063849043716
,85.19143849043715
,80.69693849043716
,77.80833849043717
,78.62643849043715
,90.34243849043716
,102.96743849043716
,131.82313849043717
,154.48753849043717
,128.79313849043717
,103.92693849043717
,95.03893849043715
,90.22123849043716
,82.77753849043715
,84.58543849043716
,80.80803849043717
,78.97993849043716
,82.06043849043716
,84.06023849043716
,90.24143849043715
,107.83563849043716
,138.59013849043714
,150.63943849043716
,115.67323849043716
,100.32123849043715
,88.09013849043716
,82.57553849043717
,78.44463849043716
,81.36353849043716
,91.97863849043715
,113.04723849043717
,121.11713849043716
,121.62213849043715
,123.66233849043715
,119.72333849043716
,111.68373849043715
,109.41123849043716
,98.52343849043716
,104.78543849043716
,99.25063849043715
,97.22053849043716
,96.16003849043716
,97.82653849043716
,102.25033849043716
,110.26973849043716
,120.74343849043716
,125.03593849043716
,113.38053849043716
,95.11973849043716
,86.06003849043715
,78.96983849043716
,77.10133849043716
,78.94963849043717
,85.62573849043716
,100.76563849043715
,124.04613849043716
,140.14553849043716
,120.83433849043716
,104.89653849043717
,91.34233849043716
,88.50423849043716
,82.14123849043716
,87.14073849043716
,78.96983849043716
,70.59693849043717
2025-10-27 02:00:00+01:00,70.22323849043715
2025-10-27 03:00:00+01:00,68.87993849043715
2025-10-27 04:00:00+01:00,68.73853849043716
2025-10-27 05:00:00+01:00,78.93953849043716
2025-10-27 06:00:00+01:00,82.19173849043716
2025-10-27 07:00:00+01:00,88.86783849043715
2025-10-27 08:00:00+01:00,79.14153849043716
2025-10-27 09:00:00+01:00,71.11203849043716
2025-10-27 10:00:00+01:00,49.245538490437156
2025-10-27 11:00:00+01:00,30.590838490437157
2025-10-27 12:00:00+01:00,25.914538490437153
2025-10-27 13:00:00+01:00,25.722638490437156
2025-10-27 14:00:00+01:00,42.508838490437164
2025-10-27 15:00:00+01:00,91.13023849043716
2025-10-27 16:00:00+01:00,113.85523849043716
2025-10-27 17:00:00+01:00,128.90423849043714
2025-10-27 18:00:00+01:00,138.53963849043714
2025-10-27 19:00:00+01:00,130.99493849043716
2025-10-27 20:00:00+01:00,118.17803849043716
2025-10-27 21:00:00+01:00,112.37053849043716
2025-10-27 22:00:00+01:00,108.45173849043715
2025-10-27 23:00:00+01:00,98.82643849043716
2025-10-28 00:00:00+01:00,95.13993849043716
2025-10-28 01:00:00+01:00,91.37263849043715
2025-10-28 02:00:00+01:00,88.51433849043715
2025-10-28 03:00:00+01:00,85.16113849043715
2025-10-28 04:00:00+01:00,87.98913849043717
2025-10-28 05:00:00+01:00,98.31133849043717
2025-10-28 06:00:00+01:00,119.56173849043716
2025-10-28 07:00:00+01:00,137.18623849043718
2025-10-28 08:00:00+01:00,134.84303849043715
2025-10-28 09:00:00+01:00,116.11763849043716
2025-10-28 10:00:00+01:00,106.70443849043717
2025-10-28 11:00:00+01:00,100.09903849043715
2025-10-28 12:00:00+01:00,102.28063849043716
2025-10-28 13:00:00+01:00,103.39163849043716
2025-10-28 14:00:00+01:00,112.37053849043716
2025-10-28 15:00:00+01:00,120.41013849043716
2025-10-28 16:00:00+01:00,145.97323849043715
2025-10-28 17:00:00+01:00,177.68723849043715
2025-10-28 18:00:00+01:00,180.60613849043716
2025-10-28 19:00:00+01:00,157.79023849043716
2025-10-28 20:00:00+01:00,125.40963849043716
2025-10-28 21:00:00+01:00,116.95593849043715
2025-10-28 22:00:00+01:00,111.79483849043716
2025-10-28 23:00:00+01:00,102.01803849043716
2025-10-29 00:00:00+01:00,104.91673849043715
2025-10-29 01:00:00+01:00,102.28063849043716
2025-10-29 02:00:00+01:00,101.25043849043716
2025-10-29 03:00:00+01:00,100.59393849043715
2025-10-29 04:00:00+01:00,102.54323849043716
2025-10-29 05:00:00+01:00,112.64323849043717
2025-10-29 06:00:00+01:00,123.27853849043717
2025-10-29 07:00:00+01:00,153.11393849043714
2025-10-29 08:00:00+01:00,153.39673849043714
2025-10-29 09:00:00+01:00,132.57053849043714
2025-10-29 10:00:00+01:00,123.74313849043716
2025-10-29 11:00:00+01:00,117.93563849043716
2025-10-29 12:00:00+01:00,112.27963849043715
2025-10-29 13:00:00+01:00,113.59263849043717
2025-10-29 14:00:00+01:00,122.67253849043715
2025-10-29 15:00:00+01:00,140.6909384904372
2025-10-29 16:00:00+01:00,172.11203849043716
2025-10-29 17:00:00+01:00,201.28083849043713
2025-10-29 18:00:00+01:00,165.89043849043716
2025-10-29 19:00:00+01:00,156.88123849043717
2025-10-29 20:00:00+01:00,131.26763849043715
2025-10-29 21:00:00+01:00,118.58203849043716
2025-10-29 22:00:00+01:00,114.29963849043716
2025-10-29 23:00:00+01:00,103.45223849043717
2025-10-30 00:00:00+01:00,108.32043849043717
2025-10-30 01:00:00+01:00,103.32093849043716
2025-10-30 02:00:00+01:00,101.43223849043716
2025-10-30 03:00:00+01:00,101.23023849043716
2025-10-30 04:00:00+01:00,102.32103849043716
2025-10-30 05:00:00+01:00,112.70383849043716
2025-10-30 06:00:00+01:00,125.47023849043717
2025-10-30 07:00:00+01:00,158.03263849043717
2025-10-30 08:00:00+01:00,157.13373849043717
2025-10-30 09:00:00+01:00,132.36853849043717
2025-10-30 10:00:00+01:00,118.88503849043715
2025-10-30 11:00:00+01:00,113.86533849043715
2025-10-30 12:00:00+01:00,105.68433849043716
2025-10-30 13:00:00+01:00,109.29003849043715
2025-10-30 14:00:00+01:00,124.15723849043717
2025-10-30 15:00:00+01:00,145.48843849043718
2025-10-30 16:00:00+01:00,168.56693849043717
2025-10-30 17:00:00+01:00,165.92073849043715
2025-10-30 18:00:00+01:00,167.33473849043716
2025-10-30 19:00:00+01:00,163.40583849043713
2025-10-30 20:00:00+01:00,134.87333849043716
2025-10-30 21:00:00+01:00,123.86433849043716
2025-10-30 22:00:00+01:00,115.13793849043716
2025-10-30 23:00:00+01:00,106.65393849043716
2025-10-31 00:00:00+01:00,102.64423849043715
2025-10-31 01:00:00+01:00,99.85663849043716
2025-10-31 02:00:00+01:00,96.40243849043716
2025-10-31 03:00:00+01:00,94.50363849043715
2025-10-31 04:00:00+01:00,96.38223849043716
2025-10-31 05:00:00+01:00,100.34143849043716
2025-10-31 06:00:00+01:00,115.39043849043716
2025-10-31 07:00:00+01:00,126.04593849043715
2025-10-31 08:00:00+01:00,124.16733849043715
2025-10-31 09:00:00+01:00,113.07753849043715
2025-10-31 10:00:00+01:00,101.55343849043716
2025-10-31 11:00:00+01:00,97.97803849043717
2025-10-31 12:00:00+01:00,91.66553849043717
2025-10-31 13:00:00+01:00,92.26143849043716
2025-10-31 14:00:00+01:00,97.26093849043716
2025-10-31 15:00:00+01:00,105.60353849043716
2025-10-31 16:00:00+01:00,114.17843849043716
2025-10-31 17:00:00+01:00,126.58123849043716
2025-10-31 18:00:00+01:00,128.84363849043714
2025-10-31 19:00:00+01:00,115.96613849043715
2025-10-31 20:00:00+01:00,104.71473849043717
2025-10-31 21:00:00+01:00,98.28103849043717
2025-10-31 22:00:00+01:00,97.22053849043716
2025-10-31 23:00:00+01:00,87.02963849043716
2025-11-01 00:00:00+01:00,89.18093849043716
2025-11-01 01:00:00+01:00,80.61613849043715
2025-11-01 02:00:00+01:00,78.92943849043716
2025-11-01 03:00:00+01:00,75.77823849043716
2025-11-01 04:00:00+01:00,74.99043849043716
2025-11-01 05:00:00+01:00,80.63633849043717
2025-11-01 06:00:00+01:00,90.94843849043716
2025-11-01 07:00:00+01:00,91.64533849043715
2025-11-01 08:00:00+01:00,86.28223849043717
2025-11-01 09:00:00+01:00,69.99093849043716
2025-11-01 10:00:00+01:00,39.18593849043715
2025-11-01 11:00:00+01:00,34.469238490437164
2025-11-01 12:00:00+01:00,29.348538490437157
2025-11-01 13:00:00+01:00,28.702138490437157
2025-11-01 14:00:00+01:00,47.15483849043716
2025-11-01 15:00:00+01:00,79.03043849043716
2025-11-01 16:00:00+01:00,97.26093849043716
2025-11-01 17:00:00+01:00,110.70403849043716
2025-11-01 18:00:00+01:00,115.14803849043716
2025-11-01 19:00:00+01:00,111.63323849043715
2025-11-01 20:00:00+01:00,108.73453849043716
2025-11-01 21:00:00+01:00,98.92743849043717
2025-11-01 22:00:00+01:00,97.26093849043716
2025-11-01 23:00:00+01:00,92.12003849043715
2025-11-02 00:00:00+01:00,93.30173849043715
2025-11-02 01:00:00+01:00,89.17083849043716
2025-11-02 02:00:00+01:00,89.06983849043715
2025-11-02 03:00:00+01:00,87.16093849043716
2025-11-02 04:00:00+01:00,89.03953849043715
2025-11-02 05:00:00+01:00,89.11023849043715
2025-11-02 06:00:00+01:00,97.11953849043715
2025-11-02 07:00:00+01:00,100.03843849043716
2025-11-02 08:00:00+01:00,99.96773849043717
2025-11-02 09:00:00+01:00,95.86713849043716
2025-11-02 10:00:00+01:00,89.09003849043715
2025-11-02 11:00:00+01:00,88.23153849043716
2025-11-02 12:00:00+01:00,84.30263849043716
2025-11-02 13:00:00+01:00,87.16093849043716
2025-11-02 14:00:00+01:00,96.53373849043716
2025-11-02 15:00:00+01:00,112.70383849043716
2025-11-02 16:00:00+01:00,128.72243849043716
2025-11-02 17:00:00+01:00,143.68053849043713
2025-11-02 18:00:00+01:00,145.56923849043716
2025-11-02 19:00:00+01:00,133.93403849043716
2025-11-02 20:00:00+01:00,114.85513849043716
2025-11-02 21:00:00+01:00,109.13853849043716
2025-11-02 22:00:00+01:00,107.39123849043716
2025-11-02 23:00:00+01:00,100.91713849043717
2025-11-03 00:00:00+01:00,99.95763849043716
2025-11-03 01:00:00+01:00,99.16983849043716
2025-11-03 02:00:00+01:00,99.17993849043717
2025-11-03 03:00:00+01:00,97.25083849043716
2025-11-03 04:00:00+01:00,96.25093849043716
2025-11-03 05:00:00+01:00,97.21043849043716
2025-11-03 06:00:00+01:00,98.03863849043715
2025-11-03 07:00:00+01:00,98.92743849043717
2025-11-03 08:00:00+01:00,91.35243849043717
2025-11-03 09:00:00+01:00,79.43443849043716
2025-11-03 10:00:00+01:00,57.406338490437165
2025-11-03 11:00:00+01:00,45.53883849043716
2025-11-03 12:00:00+01:00,45.23583849043716
2025-11-03 13:00:00+01:00,44.69043849043716
2025-11-03 14:00:00+01:00,73.17243849043716
2025-11-03 15:00:00+01:00,99.14963849043716
2025-11-03 16:00:00+01:00,115.80453849043715
2025-11-03 17:00:00+01:00,130.86363849043715
2025-11-03 18:00:00+01:00,135.42883849043716
2025-11-03 19:00:00+01:00,125.53083849043716
2025-11-03 20:00:00+01:00,116.17823849043717
2025-11-03 21:00:00+01:00,111.35043849043716
2025-11-03 22:00:00+01:00,106.94683849043716
2025-11-03 23:00:00+01:00,101.32113849043715
2025-11-04 00:00:00+01:00,97.51343849043715
2025-11-04 01:00:00+01:00,96.78623849043716
2025-11-04 02:00:00+01:00,96.37213849043715
2025-11-04 03:00:00+01:00,96.90743849043716
2025-11-04 04:00:00+01:00,99.13953849043716
2025-11-04 05:00:00+01:00,102.59373849043716
2025-11-04 06:00:00+01:00,121.62213849043715
2025-11-04 07:00:00+01:00,141.1959384904372
2025-11-04 08:00:00+01:00,138.16593849043716
2025-11-04 09:00:00+01:00,119.66273849043716
2025-11-04 10:00:00+01:00,111.75443849043717
2025-11-04 11:00:00+01:00,104.31073849043716
2025-11-04 12:00:00+01:00,101.89683849043716
2025-11-04 13:00:00+01:00,105.39143849043715
2025-11-04 14:00:00+01:00,115.07733849043716
2025-11-04 15:00:00+01:00,139.25673849043716
2025-11-04 16:00:00+01:00,160.76973849043716
2025-11-04 17:00:00+01:00,161.14343849043718
2025-11-04 18:00:00+01:00,175.92983849043716
2025-11-04 19:00:00+01:00,170.10213849043714
2025-11-04 20:00:00+01:00,136.39843849043717
2025-11-04 21:00:00+01:00,116.17823849043717
2025-11-04 22:00:00+01:00,111.05753849043715
2025-11-04 23:00:00+01:00,104.10873849043716
2025-11-05 00:00:00+01:00,103.53303849043716
2025-11-05 01:00:00+01:00,102.59373849043716
2025-11-05 02:00:00+01:00,102.33113849043716
2025-11-05 03:00:00+01:00,101.34133849043717
2025-11-05 04:00:00+01:00,101.58373849043716
2025-11-05 05:00:00+01:00,104.33093849043715
2025-11-05 06:00:00+01:00,126.71253849043715
2025-11-05 07:00:00+01:00,152.79073849043715
2025-11-05 08:00:00+01:00,144.30673849043717
2025-11-05 09:00:00+01:00,121.46053849043716
2025-11-05 10:00:00+01:00,107.67403849043716
2025-11-05 11:00:00+01:00,102.57353849043716
2025-11-05 12:00:00+01:00,100.55353849043716
2025-11-05 13:00:00+01:00,101.71503849043715
2025-11-05 14:00:00+01:00,111.26963849043716
2025-11-05 15:00:00+01:00,145.61973849043716
2025-11-05 16:00:00+01:00,195.38243849043715
2025-11-05 17:00:00+01:00,189.95873849043716
2025-11-05 18:00:00+01:00,197.65493849043713
2025-11-05 19:00:00+01:00,193.67553849043713
2025-11-05 20:00:00+01:00,164.48653849043717
2025-11-05 21:00:00+01:00,132.62103849043717
2025-11-05 22:00:00+01:00,117.19833849043717
2025-11-05 23:00:00+01:00,111.25953849043717
2025-11-06 00:00:00+01:00,111.80493849043717
2025-11-06 01:00:00+01:00,108.36083849043717
2025-11-06 02:00:00+01:00,107.31043849043715
2025-11-06 03:00:00+01:00,107.37103849043716
2025-11-06 04:00:00+01:00,108.44163849043716
2025-11-06 05:00:00+01:00,119.40013849043716
2025-11-06 06:00:00+01:00,142.46853849043714
2025-11-06 07:00:00+01:00,155.13393849043717
2025-11-06 08:00:00+01:00,169.85973849043717
2025-11-06 09:00:00+01:00,152.74023849043715
2025-11-06 10:00:00+01:00,136.97413849043716
2025-11-06 11:00:00+01:00,130.60103849043716
2025-11-06 12:00:00+01:00,123.98553849043716
2025-11-06 13:00:00+01:00,129.51023849043713
2025-11-06 14:00:00+01:00,142.2362384904372
2025-11-06 15:00:00+01:00,146.80143849043714
2025-11-06 16:00:00+01:00,155.6490384904372
2025-11-06 17:00:00+01:00,167.00143849043715
2025-11-06 18:00:00+01:00,169.89003849043718
2025-11-06 19:00:00+01:00,167.92053849043714
2025-11-06 20:00:00+01:00,145.53893849043715
2025-11-06 21:00:00+01:00,138.67093849043718
2025-11-06 22:00:00+01:00,123.23813849043715
2025-11-06 23:00:00+01:00,114.36023849043715
2025-11-07 00:00:00+01:00,105.32073849043717
2025-11-07 01:00:00+01:00,102.31093849043715
2025-11-07 02:00:00+01:00,100.59393849043715
2025-11-07 03:00:00+01:00,101.09893849043715
2025-11-07 04:00:00+01:00,100.97773849043716
2025-11-07 05:00:00+01:00,107.91643849043714
2025-11-07 06:00:00+01:00,131.98473849043717
2025-11-07 07:00:00+01:00,145.33693849043715
2025-11-07 08:00:00+01:00,148.07403849043718
2025-11-07 09:00:00+01:00,138.62043849043715
2025-11-07 10:00:00+01:00,127.57103849043716
2025-11-07 11:00:00+01:00,120.70303849043717
2025-11-07 12:00:00+01:00,116.70343849043715
2025-11-07 13:00:00+01:00,119.90513849043717
2025-11-07 14:00:00+01:00,131.57063849043718
2025-11-07 15:00:00+01:00,139.61023849043715
2025-11-07 16:00:00+01:00,156.19443849043716
2025-11-07 17:00:00+01:00,160.88083849043716
2025-11-07 18:00:00+01:00,166.39543849043716
2025-11-07 19:00:00+01:00,159.07293849043714
2025-11-07 20:00:00+01:00,141.81203849043715
2025-11-07 21:00:00+01:00,118.14773849043716
2025-11-07 22:00:00+01:00,110.32023849043716
2025-11-07 23:00:00+01:00,104.63393849043715
2025-11-08 00:00:00+01:00,104.31073849043716
2025-11-08 01:00:00+01:00,102.65433849043715
2025-11-08 02:00:00+01:00,102.16953849043716
2025-11-08 03:00:00+01:00,101.57363849043715
2025-11-08 04:00:00+01:00,102.29073849043716
2025-11-08 05:00:00+01:00,105.37123849043715
2025-11-08 06:00:00+01:00,119.93543849043715
2025-11-08 07:00:00+01:00,146.28633849043717
2025-11-08 08:00:00+01:00,148.53863849043717
2025-11-08 09:00:00+01:00,127.92453849043716
2025-11-08 10:00:00+01:00,115.17833849043717
2025-11-08 11:00:00+01:00,108.93653849043716
2025-11-08 12:00:00+01:00,104.53293849043716
2025-11-08 13:00:00+01:00,104.37133849043715
2025-11-08 14:00:00+01:00,107.25993849043716
2025-11-08 15:00:00+01:00,116.81453849043716
2025-11-08 16:00:00+01:00,133.29773849043715
2025-11-08 17:00:00+01:00,145.88233849043718
2025-11-08 18:00:00+01:00,140.75153849043716
2025-11-08 19:00:00+01:00,125.98533849043716
2025-11-08 20:00:00+01:00,114.75413849043716
2025-11-08 21:00:00+01:00,106.78523849043717
2025-11-08 22:00:00+01:00,105.38133849043716
2025-11-08 23:00:00+01:00,101.30093849043715
2025-11-09 00:00:00+01:00,109.78493849043716
2025-11-09 01:00:00+01:00,107.70433849043715
2025-11-09 02:00:00+01:00,105.47223849043716
2025-11-09 03:00:00+01:00,103.32093849043716
2025-11-09 04:00:00+01:00,102.99773849043716
2025-11-09 05:00:00+01:00,103.33103849043717
2025-11-09 06:00:00+01:00,106.55293849043716
2025-11-09 07:00:00+01:00,108.83553849043716
2025-11-09 08:00:00+01:00,109.95663849043717
2025-11-09 09:00:00+01:00,109.60313849043715
2025-11-09 10:00:00+01:00,106.61353849043716
2025-11-09 11:00:00+01:00,104.51273849043716
2025-11-09 12:00:00+01:00,101.26053849043717
2025-11-09 13:00:00+01:00,101.10903849043716
2025-11-09 14:00:00+01:00,107.02763849043716
2025-11-09 15:00:00+01:00,120.34953849043715
2025-11-09 16:00:00+01:00,135.71163849043717
2025-11-09 17:00:00+01:00,155.63893849043717
2025-11-09 18:00:00+01:00,157.43673849043716
2025-11-09 19:00:00+01:00,143.90273849043714
2025-11-09 20:00:00+01:00,128.26793849043716
2025-11-09 21:00:00+01:00,118.39013849043715
2025-11-09 22:00:00+01:00,115.52173849043714
2025-11-09 23:00:00+01:00,109.44153849043715
2025-11-10 00:00:00+01:00,108.47193849043717
2025-11-10 01:00:00+01:00,106.42163849043716
2025-11-10 02:00:00+01:00,105.36113849043716
2025-11-10 03:00:00+01:00,105.59343849043715
2025-11-10 04:00:00+01:00,104.83593849043716
2025-11-10 05:00:00+01:00,105.40153849043716
2025-11-10 06:00:00+01:00,107.43163849043717
2025-11-10 07:00:00+01:00,109.30013849043715
2025-11-10 08:00:00+01:00,111.32013849043716
2025-11-10 09:00:00+01:00,110.85553849043717
2025-11-10 10:00:00+01:00,108.44163849043716
2025-11-10 11:00:00+01:00,108.43153849043716
2025-11-10 12:00:00+01:00,107.27003849043714
2025-11-10 13:00:00+01:00,106.60343849043716
2025-11-10 14:00:00+01:00,107.20943849043717
2025-11-10 15:00:00+01:00,118.43053849043716
2025-11-10 16:00:00+01:00,127.54073849043715
2025-11-10 17:00:00+01:00,147.61953849043715
2025-11-10 18:00:00+01:00,144.13503849043718
2025-11-10 19:00:00+01:00,133.39873849043718
2025-11-10 20:00:00+01:00,127.71243849043717
2025-11-10 21:00:00+01:00,118.35983849043716
2025-11-10 22:00:00+01:00,117.68313849043716
2025-11-10 23:00:00+01:00,110.43133849043716
2025-11-11 00:00:00+01:00,105.31063849043716
2025-11-11 01:00:00+01:00,103.31083849043716
2025-11-11 02:00:00+01:00,101.95743849043717
2025-11-11 03:00:00+01:00,100.32123849043715
2025-11-11 04:00:00+01:00,101.03833849043717
2025-11-11 05:00:00+01:00,105.53283849043716
2025-11-11 06:00:00+01:00,121.56153849043716
2025-11-11 07:00:00+01:00,138.96383849043715
2025-11-11 08:00:00+01:00,143.75123849043717
2025-11-11 09:00:00+01:00,134.92383849043716
2025-11-11 10:00:00+01:00,126.76303849043717
2025-11-11 11:00:00+01:00,124.01583849043718
2025-11-11 12:00:00+01:00,118.40023849043716
2025-11-11 13:00:00+01:00,119.32943849043716
2025-11-11 14:00:00+01:00,123.48053849043717
2025-11-11 15:00:00+01:00,133.5906384904372
2025-11-11 16:00:00+01:00,140.33743849043714
2025-11-11 17:00:00+01:00,151.95243849043715
2025-11-11 18:00:00+01:00,152.12413849043716
2025-11-11 19:00:00+01:00,138.32753849043718
2025-11-11 20:00:00+01:00,123.47043849043716
2025-11-11 21:00:00+01:00,117.99623849043715
2025-11-11 22:00:00+01:00,114.68343849043715
2025-11-11 23:00:00+01:00,108.38103849043716
2025-11-12 00:00:00+01:00,108.14873849043715
2025-11-12 01:00:00+01:00,105.50253849043716
2025-11-12 02:00:00+01:00,104.28043849043716
2025-11-12 03:00:00+01:00,103.83603849043716
2025-11-12 04:00:00+01:00,106.69433849043716
2025-11-12 05:00:00+01:00,110.99693849043717
2025-11-12 06:00:00+01:00,137.2165384904372
2025-11-12 07:00:00+01:00,166.64793849043716
2025-11-12 08:00:00+01:00,179.77793849043718
2025-11-12 09:00:00+01:00,158.83053849043716
2025-11-12 10:00:00+01:00,144.32693849043716
2025-11-12 11:00:00+01:00,141.76153849043718
2025-11-12 12:00:00+01:00,135.85303849043714
2025-11-12 13:00:00+01:00,139.60013849043716
2025-11-12 14:00:00+01:00,146.2156384904372
2025-11-12 15:00:00+01:00,159.97183849043716
2025-11-12 16:00:00+01:00,166.61763849043717
2025-11-12 17:00:00+01:00,161.77973849043718
2025-11-12 18:00:00+01:00,159.39613849043715
2025-11-12 19:00:00+01:00,160.83033849043716
2025-11-12 20:00:00+01:00,146.10453849043716
2025-11-12 21:00:00+01:00,130.21723849043718
2025-11-12 22:00:00+01:00,124.77333849043717
2025-11-12 23:00:00+01:00,117.69323849043715
2025-11-13 00:00:00+01:00,114.25923849043716
2025-11-13 01:00:00+01:00,111.46153849043716
2025-11-13 02:00:00+01:00,109.67383849043716
2025-11-13 03:00:00+01:00,109.40113849043715
2025-11-13 04:00:00+01:00,110.66363849043715
2025-11-13 05:00:00+01:00,120.29903849043716
2025-11-13 06:00:00+01:00,140.78183849043714
2025-11-13 07:00:00+01:00,174.17243849043714
2025-11-13 08:00:00+01:00,180.19203849043714
2025-11-13 09:00:00+01:00,166.88023849043714
2025-11-13 10:00:00+01:00,165.45613849043716
2025-11-13 11:00:00+01:00,165.66823849043715
2025-11-13 12:00:00+01:00,154.15423849043714
2025-11-13 13:00:00+01:00,153.05333849043717
2025-11-13 14:00:00+01:00,157.11353849043718
2025-11-13 15:00:00+01:00,164.80973849043716
2025-11-13 16:00:00+01:00,183.87853849043717
2025-11-13 17:00:00+01:00,191.21113849043715
2025-11-13 18:00:00+01:00,193.51393849043717
2025-11-13 19:00:00+01:00,163.13313849043718
2025-11-13 20:00:00+01:00,141.54943849043718
2025-11-13 21:00:00+01:00,124.17743849043717
2025-11-13 22:00:00+01:00,118.73353849043716
2025-11-13 23:00:00+01:00,110.76463849043716
2025-11-14 00:00:00+01:00,116.42063849043716
2025-11-14 01:00:00+01:00,113.17853849043716
2025-11-14 02:00:00+01:00,111.35043849043716
2025-11-14 03:00:00+01:00,110.62323849043716
2025-11-14 04:00:00+01:00,110.32023849043716
2025-11-14 05:00:00+01:00,120.51113849043716
2025-11-14 06:00:00+01:00,129.71223849043716
2025-11-14 07:00:00+01:00,138.66083849043716
2025-11-14 08:00:00+01:00,145.26623849043716
2025-11-14 09:00:00+01:00,142.32713849043716
2025-11-14 10:00:00+01:00,130.64143849043717
2025-11-14 11:00:00+01:00,128.51033849043716
2025-11-14 12:00:00+01:00,125.80353849043716
2025-11-14 13:00:00+01:00,126.46003849043714
2025-11-14 14:00:00+01:00,131.63123849043717
2025-11-14 15:00:00+01:00,141.92313849043717
2025-11-14 16:00:00+01:00,156.47723849043717
2025-11-14 17:00:00+01:00,164.54713849043713
2025-11-14 18:00:00+01:00,163.01193849043716
2025-11-14 19:00:00+01:00,154.75013849043717
2025-11-14 20:00:00+01:00,132.60083849043716
2025-11-14 21:00:00+01:00,125.37933849043716
2025-11-14 22:00:00+01:00,122.67253849043715
2025-11-14 23:00:00+01:00,115.14803849043716
2025-11-15 00:00:00+01:00,111.93623849043715
2025-11-15 01:00:00+01:00,110.61313849043715
2025-11-15 02:00:00+01:00,109.14863849043715
2025-11-15 03:00:00+01:00,107.50233849043715
2025-11-15 04:00:00+01:00,108.46183849043716
2025-11-15 05:00:00+01:00,114.11783849043715
2025-11-15 06:00:00+01:00,123.40983849043715
2025-11-15 07:00:00+01:00,142.14533849043715
2025-11-15 08:00:00+01:00,150.47783849043716
2025-11-15 09:00:00+01:00,138.79213849043714
2025-11-15 10:00:00+01:00,130.12633849043715
2025-11-15 11:00:00+01:00,125.79343849043715
2025-11-15 12:00:00+01:00,123.28863849043715
2025-11-15 13:00:00+01:00,123.35933849043715
2025-11-15 14:00:00+01:00,126.61153849043716
2025-11-15 15:00:00+01:00,136.35803849043714
2025-11-15 16:00:00+01:00,143.98353849043716
2025-11-15 17:00:00+01:00,147.94273849043714
2025-11-15 18:00:00+01:00,140.40813849043718
2025-11-15 19:00:00+01:00,137.63063849043718
2025-11-15 20:00:00+01:00,132.30793849043715
2025-11-15 21:00:00+01:00,126.53073849043716
2025-11-15 22:00:00+01:00,122.86443849043717
2025-11-15 23:00:00+01:00,116.24893849043715
2025-11-16 00:00:00+01:00,115.30963849043715
2025-11-16 01:00:00+01:00,110.85553849043717
2025-11-16 02:00:00+01:00,108.34063849043716
2025-11-16 03:00:00+01:00,107.27003849043714
2025-11-16 04:00:00+01:00,107.00743849043717
2025-11-16 05:00:00+01:00,108.05783849043715
2025-11-16 06:00:00+01:00,121.59183849043717
2025-11-16 07:00:00+01:00,121.58173849043715
2025-11-16 08:00:00+01:00,121.57163849043717
2025-11-16 09:00:00+01:00,122.82403849043716
2025-11-16 10:00:00+01:00,115.22883849043717
2025-11-16 11:00:00+01:00,107.47203849043716
2025-11-16 12:00:00+01:00,104.57333849043717
2025-11-16 13:00:00+01:00,106.30043849043716
2025-11-16 14:00:00+01:00,116.99633849043715
2025-11-16 15:00:00+01:00,125.38943849043716
2025-11-16 16:00:00+01:00,126.29843849043715
2025-11-16 17:00:00+01:00,130.93433849043714
2025-11-16 18:00:00+01:00,133.97443849043717
2025-11-16 19:00:00+01:00,131.15653849043719
2025-11-16 20:00:00+01:00,130.48993849043714
2025-11-16 21:00:00+01:00,124.64203849043716
2025-11-16 22:00:00+01:00,117.94573849043715
2025-11-16 23:00:00+01:00,113.42093849043715
2025-11-17 00:00:00+01:00,117.24883849043717
2025-11-17 01:00:00+01:00,115.95603849043715
2025-11-17 02:00:00+01:00,113.44113849043715
2025-11-17 03:00:00+01:00,111.21913849043716
2025-11-17 04:00:00+01:00,110.96663849043716
2025-11-17 05:00:00+01:00,112.25943849043716
2025-11-17 06:00:00+01:00,116.31963849043717
2025-11-17 07:00:00+01:00,117.02663849043716
2025-11-17 08:00:00+01:00,116.37013849043716
2025-11-17 09:00:00+01:00,117.04683849043715
2025-11-17 10:00:00+01:00,114.71373849043715
2025-11-17 11:00:00+01:00,113.45123849043716
2025-11-17 12:00:00+01:00,112.26953849043716
2025-11-17 13:00:00+01:00,111.16863849043716
2025-11-17 14:00:00+01:00,113.40073849043716
2025-11-17 15:00:00+01:00,123.70273849043716
2025-11-17 16:00:00+01:00,132.45943849043715
2025-11-17 17:00:00+01:00,134.57033849043717
2025-11-17 18:00:00+01:00,131.96453849043715
2025-11-17 19:00:00+01:00,132.07563849043717
2025-11-17 20:00:00+01:00,128.32853849043715
2025-11-17 21:00:00+01:00,124.51073849043716
2025-11-17 22:00:00+01:00,122.35943849043716
2025-11-17 23:00:00+01:00,118.76383849043717
2025-11-18 00:00:00+01:00,114.22893849043714
2025-11-18 01:00:00+01:00,112.97653849043715
2025-11-18 02:00:00+01:00,111.32013849043716
2025-11-18 03:00:00+01:00,112.23923849043715
2025-11-18 04:00:00+01:00,114.11783849043715
2025-11-18 05:00:00+01:00,120.54143849043714
2025-11-18 06:00:00+01:00,131.95443849043716
2025-11-18 07:00:00+01:00,150.76063849043717
2025-11-18 08:00:00+01:00,154.40673849043714
2025-11-18 09:00:00+01:00,140.72123849043717
2025-11-18 10:00:00+01:00,134.59053849043715
2025-11-18 11:00:00+01:00,130.86363849043715
2025-11-18 12:00:00+01:00,127.88413849043717
2025-11-18 13:00:00+01:00,131.95443849043716
2025-11-18 14:00:00+01:00,140.52933849043714
2025-11-18 15:00:00+01:00,153.79063849043717
2025-11-18 16:00:00+01:00,146.32673849043715
2025-11-18 17:00:00+01:00,166.69843849043718
2025-11-18 18:00:00+01:00,182.76753849043718
2025-11-18 19:00:00+01:00,173.2937384904372
2025-11-18 20:00:00+01:00,136.09543849043718
2025-11-18 21:00:00+01:00,135.46923849043716
2025-11-18 22:00:00+01:00,134.01483849043717
2025-11-18 23:00:00+01:00,128.31843849043716
2025-11-19 00:00:00+01:00,120.13743849043716
2025-11-19 01:00:00+01:00,116.83473849043716
2025-11-19 02:00:00+01:00,114.46123849043715
2025-11-19 03:00:00+01:00,112.65333849043716
2025-11-19 04:00:00+01:00,114.93593849043717
2025-11-19 05:00:00+01:00,120.57173849043716
2025-11-19 06:00:00+01:00,138.35783849043716
2025-11-19 07:00:00+01:00,152.30593849043717
2025-11-19 08:00:00+01:00,154.75013849043717
2025-11-19 09:00:00+01:00,150.90203849043715
2025-11-19 10:00:00+01:00,140.28693849043717
2025-11-19 11:00:00+01:00,137.70133849043717
2025-11-19 12:00:00+01:00,136.22673849043716
2025-11-19 13:00:00+01:00,140.13543849043714
2025-11-19 14:00:00+01:00,140.6909384904372
2025-11-19 15:00:00+01:00,155.71973849043718
2025-11-19 16:00:00+01:00,155.81063849043716
2025-11-19 17:00:00+01:00,157.68923849043716
2025-11-19 18:00:00+01:00,146.11463849043713
2025-11-19 19:00:00+01:00,138.83253849043717
2025-11-19 20:00:00+01:00,134.10573849043715
2025-11-19 21:00:00+01:00,121.64233849043715
2025-11-19 22:00:00+01:00,121.11713849043716
2025-11-19 23:00:00+01:00,117.75383849043716
2025-11-20 00:00:00+01:00,117.43063849043716
2025-11-20 01:00:00+01:00,114.28953849043715
2025-11-20 02:00:00+01:00,111.24943849043717
2025-11-20 03:00:00+01:00,110.40103849043716
2025-11-20 04:00:00+01:00,108.08813849043716
2025-11-20 05:00:00+01:00,113.40073849043716
2025-11-20 06:00:00+01:00,123.66233849043715
2025-11-20 07:00:00+01:00,137.68113849043715
2025-11-20 08:00:00+01:00,145.78133849043718
2025-11-20 09:00:00+01:00,137.65083849043714
2025-11-20 10:00:00+01:00,136.84283849043717
2025-11-20 11:00:00+01:00,135.14603849043715
2025-11-20 12:00:00+01:00,132.05543849043715
2025-11-20 13:00:00+01:00,132.56043849043715
2025-11-20 14:00:00+01:00,136.30753849043717
2025-11-20 15:00:00+01:00,143.85223849043717
2025-11-20 16:00:00+01:00,143.19573849043718
2025-11-20 17:00:00+01:00,148.02353849043715
2025-11-20 18:00:00+01:00,146.24593849043717
2025-11-20 19:00:00+01:00,137.91343849043716
2025-11-20 20:00:00+01:00,132.06553849043715
2025-11-20 21:00:00+01:00,122.88463849043717
2025-11-20 22:00:00+01:00,121.64233849043715
2025-11-20 23:00:00+01:00,118.52143849043716
2025-11-21 00:00:00+01:00,112.59273849043717
2025-11-21 01:00:00+01:00,111.32013849043716
2025-11-21 02:00:00+01:00,113.38053849043716
2025-11-21 03:00:00+01:00,112.62303849043717
2025-11-21 04:00:00+01:00,112.51193849043716
2025-11-21 05:00:00+01:00,118.71333849043717
2025-11-21 06:00:00+01:00,132.47963849043714
2025-11-21 07:00:00+01:00,138.91333849043716
2025-11-21 08:00:00+01:00,140.44853849043716
2025-11-21 09:00:00+01:00,134.59053849043715
2025-11-21 10:00:00+01:00,131.95443849043716
2025-11-21 11:00:00+01:00,134.48953849043716
2025-11-21 12:00:00+01:00,133.39873849043718
2025-11-21 13:00:00+01:00,137.91343849043716
2025-11-21 14:00:00+01:00,145.76113849043713
2025-11-21 15:00:00+01:00,150.68993849043716
2025-11-21 16:00:00+01:00,155.52783849043715
2025-11-21 17:00:00+01:00,173.81893849043715
2025-11-21 18:00:00+01:00,163.27453849043715
2025-11-21 19:00:00+01:00,150.29603849043716
2025-11-21 20:00:00+01:00,139.38803849043714
2025-11-21 21:00:00+01:00,129.02543849043715
2025-11-21 22:00:00+01:00,123.45023849043716
2025-11-21 23:00:00+01:00,115.29953849043716
2025-11-22 00:00:00+01:00,115.78433849043716
2025-11-22 01:00:00+01:00,114.38043849043716
2025-11-22 02:00:00+01:00,113.37043849043715
2025-11-22 03:00:00+01:00,113.38053849043716
2025-11-22 04:00:00+01:00,113.72393849043715
2025-11-22 05:00:00+01:00,118.45073849043716
2025-11-22 06:00:00+01:00,131.04543849043716
2025-11-22 07:00:00+01:00,141.50903849043718
2025-11-22 08:00:00+01:00,145.34703849043717
2025-11-22 09:00:00+01:00,143.54923849043715
2025-11-22 10:00:00+01:00,132.61093849043718
2025-11-22 11:00:00+01:00,130.93433849043714
2025-11-22 12:00:00+01:00,126.12673849043716
2025-11-22 13:00:00+01:00,128.54063849043717
2025-11-22 14:00:00+01:00,132.10593849043715
2025-11-22 15:00:00+01:00,136.49943849043717
2025-11-22 16:00:00+01:00,146.30653849043716
2025-11-22 17:00:00+01:00,142.34733849043715
2025-11-22 18:00:00+01:00,138.23663849043717
2025-11-22 19:00:00+01:00,137.70133849043717
2025-11-22 20:00:00+01:00,135.22683849043716
2025-11-22 21:00:00+01:00,134.78243849043713
2025-11-22 22:00:00+01:00,130.55053849043713
2025-11-22 23:00:00+01:00,123.40983849043715
2025-11-23 00:00:00+01:00,128.98503849043718
2025-11-23 01:00:00+01:00,124.69253849043716
2025-11-23 02:00:00+01:00,120.71313849043716
2025-11-23 03:00:00+01:00,120.13743849043716
2025-11-23 04:00:00+01:00,118.78403849043715
2025-11-23 05:00:00+01:00,122.89473849043716
2025-11-23 06:00:00+01:00,133.62093849043717
2025-11-23 07:00:00+01:00,135.00463849043715
2025-11-23 08:00:00+01:00,135.69143849043715
2025-11-23 09:00:00+01:00,134.78243849043713
2025-11-23 10:00:00+01:00,131.68173849043717
2025-11-23 11:00:00+01:00,123.86433849043716
2025-11-23 12:00:00+01:00,120.05663849043717
2025-11-23 13:00:00+01:00,120.45053849043717
2025-11-23 14:00:00+01:00,128.49013849043718
2025-11-23 15:00:00+01:00,140.02433849043715
2025-11-23 16:00:00+01:00,144.98343849043715
2025-11-23 17:00:00+01:00,144.97333849043716
2025-11-23 18:00:00+01:00,142.35743849043715
2025-11-23 19:00:00+01:00,139.92333849043715
2025-11-23 20:00:00+01:00,131.52013849043715
2025-11-23 21:00:00+01:00,128.48003849043715
2025-11-23 22:00:00+01:00,130.09603849043717
2025-11-23 23:00:00+01:00,120.45053849043717
2025-11-24 00:00:00+01:00,120.27883849043715
2025-11-24 01:00:00+01:00,121.49083849043717
2025-11-24 02:00:00+01:00,120.91513849043716
2025-11-24 03:00:00+01:00,119.44053849043716
2025-11-24 04:00:00+01:00,119.83443849043717
2025-11-24 05:00:00+01:00,121.34943849043717
2025-11-24 06:00:00+01:00,123.84413849043716
2025-11-24 07:00:00+01:00,125.58133849043716
2025-11-24 08:00:00+01:00,127.43973849043716
2025-11-24 09:00:00+01:00,125.13693849043716
2025-11-24 10:00:00+01:00,121.48073849043716
2025-11-24 11:00:00+01:00,121.05653849043716
2025-11-24 12:00:00+01:00,120.46063849043716
2025-11-24 13:00:00+01:00,119.43043849043715
2025-11-24 14:00:00+01:00,120.50103849043717
2025-11-24 15:00:00+01:00,121.94533849043715
2025-11-24 16:00:00+01:00,132.86343849043718
2025-11-24 17:00:00+01:00,133.61083849043715
2025-11-24 18:00:00+01:00,138.00433849043714
2025-11-24 19:00:00+01:00,137.60033849043717
2025-11-24 20:00:00+01:00,131.84333849043713
2025-11-24 21:00:00+01:00,126.54083849043717
2025-11-24 22:00:00+01:00,125.12683849043717
2025-11-24 23:00:00+01:00,121.53123849043715
2025-11-25 00:00:00+01:00,122.32913849043717
2025-11-25 01:00:00+01:00,117.11753849043716
2025-11-25 02:00:00+01:00,114.79453849043716
2025-11-25 03:00:00+01:00,119.42033849043716
2025-11-25 04:00:00+01:00,119.70313849043715
2025-11-25 05:00:00+01:00,125.53083849043716
2025-11-25 06:00:00+01:00,135.91363849043717
2025-11-25 07:00:00+01:00,139.63043849043714
2025-11-25 08:00:00+01:00,139.25673849043716
2025-11-25 09:00:00+01:00,137.10543849043717
2025-11-25 10:00:00+01:00,134.47943849043716
2025-11-25 11:00:00+01:00,133.87343849043717
2025-11-25 12:00:00+01:00,132.64123849043716
2025-11-25 13:00:00+01:00,133.26743849043714
2025-11-25 14:00:00+01:00,134.47943849043716
2025-11-25 15:00:00+01:00,137.11553849043716
2025-11-25 16:00:00+01:00,140.32733849043717
2025-11-25 17:00:00+01:00,141.04443849043716
2025-11-25 18:00:00+01:00,142.94323849043718
2025-11-25 19:00:00+01:00,138.93353849043717
2025-11-25 20:00:00+01:00,136.61053849043714
2025-11-25 21:00:00+01:00,133.27753849043717
2025-11-25 22:00:00+01:00,131.12623849043717
2025-11-25 23:00:00+01:00,124.52083849043717
2025-11-26 00:00:00+01:00,123.39973849043716
2025-11-26 01:00:00+01:00,121.20803849043716
2025-11-26 02:00:00+01:00,117.30943849043717
2025-11-26 03:00:00+01:00,115.14803849043716
2025-11-26 04:00:00+01:00,115.45103849043716
2025-11-26 05:00:00+01:00,122.32913849043717
2025-11-26 06:00:00+01:00,137.54983849043714
2025-11-26 07:00:00+01:00,144.35723849043717
2025-11-26 08:00:00+01:00,145.57933849043715
2025-11-26 09:00:00+01:00,137.41853849043716
2025-11-26 10:00:00+01:00,134.08553849043716
2025-11-26 11:00:00+01:00,132.86343849043718
2025-11-26 12:00:00+01:00,129.63143849043715
2025-11-26 13:00:00+01:00,134.08553849043716
2025-11-26 14:00:00+01:00,135.53993849043715
2025-11-26 15:00:00+01:00,140.33743849043714
2025-11-26 16:00:00+01:00,145.57933849043715
2025-11-26 17:00:00+01:00,156.81053849043715
2025-11-26 18:00:00+01:00,163.18363849043715
2025-11-26 19:00:00+01:00,158.88103849043716
2025-11-26 20:00:00+01:00,144.35723849043717
2025-11-26 21:00:00+01:00,134.37843849043716
2025-11-26 22:00:00+01:00,131.64133849043716
2025-11-26 23:00:00+01:00,123.68253849043715
2025-11-27 00:00:00+01:00,114.28953849043715
2025-11-27 01:00:00+01:00,110.36063849043715
2025-11-27 02:00:00+01:00,108.86583849043717
2025-11-27 03:00:00+01:00,105.36113849043716
2025-11-27 04:00:00+01:00,110.42123849043716
2025-11-27 05:00:00+01:00,128.34873849043714
2025-11-27 06:00:00+01:00,153.14423849043715
2025-11-27 07:00:00+01:00,189.20123849043716
2025-11-27 08:00:00+01:00,201.53333849043713
2025-11-27 09:00:00+01:00,170.43543849043715
2025-11-27 10:00:00+01:00,165.67833849043717
2025-11-27 11:00:00+01:00,157.74983849043716
2025-11-27 12:00:00+01:00,141.27673849043714
2025-11-27 13:00:00+01:00,138.95373849043716
2025-11-27 14:00:00+01:00,138.92343849043718
2025-11-27 15:00:00+01:00,137.64073849043717
2025-11-27 16:00:00+01:00,140.37783849043717
2025-11-27 17:00:00+01:00,139.71123849043718
2025-11-27 18:00:00+01:00,148.95273849043716
2025-11-27 19:00:00+01:00,141.24643849043716
2025-11-27 20:00:00+01:00,139.48903849043717
2025-11-27 21:00:00+01:00,131.62113849043715
2025-11-27 22:00:00+01:00,123.13713849043717
2025-11-27 23:00:00+01:00,116.56203849043715
2025-11-28 00:00:00+01:00,121.54133849043717
2025-11-28 01:00:00+01:00,121.10703849043716
2025-11-28 02:00:00+01:00,121.38983849043716
2025-11-28 03:00:00+01:00,121.51103849043716
2025-11-28 04:00:00+01:00,121.06663849043716
2025-11-28 05:00:00+01:00,121.52113849043715
2025-11-28 06:00:00+01:00,137.68113849043715
2025-11-28 07:00:00+01:00,138.72143849043715
2025-11-28 08:00:00+01:00,133.06543849043715
2025-11-28 09:00:00+01:00,131.95443849043716
2025-11-28 10:00:00+01:00,133.95423849043715
2025-11-28 11:00:00+01:00,138.64063849043717
2025-11-28 12:00:00+01:00,137.17613849043715
2025-11-28 13:00:00+01:00,138.39823849043717
2025-11-28 14:00:00+01:00,135.57023849043713
2025-11-28 15:00:00+01:00,135.13593849043718
2025-11-28 16:00:00+01:00,132.86343849043718
2025-11-28 17:00:00+01:00,139.73143849043714
2025-11-28 18:00:00+01:00,142.68063849043716
2025-11-28 19:00:00+01:00,141.7312384904372
2025-11-28 20:00:00+01:00,135.28743849043715
2025-11-28 21:00:00+01:00,132.43923849043716
2025-11-28 22:00:00+01:00,130.60103849043716
2025-11-28 23:00:00+01:00,121.92513849043715
2025-11-29 00:00:00+01:00,113.17853849043716
2025-11-29 01:00:00+01:00,110.96663849043716
2025-11-29 02:00:00+01:00,106.43173849043716
2025-11-29 03:00:00+01:00,105.64393849043715
2025-11-29 04:00:00+01:00,108.34063849043716
2025-11-29 05:00:00+01:00,116.46103849043716
2025-11-29 06:00:00+01:00,139.78193849043717
2025-11-29 07:00:00+01:00,172.52613849043715
2025-11-29 08:00:00+01:00,192.92813849043716
2025-11-29 09:00:00+01:00,166.97113849043717
2025-11-29 10:00:00+01:00,153.92193849043719
2025-11-29 11:00:00+01:00,147.13473849043717
2025-11-29 12:00:00+01:00,139.56983849043715
2025-11-29 13:00:00+01:00,138.44873849043717
2025-11-29 14:00:00+01:00,141.12523849043714
2025-11-29 15:00:00+01:00,156.73983849043714
2025-11-29 16:00:00+01:00,166.68833849043716
2025-11-29 17:00:00+01:00,165.34503849043716
2025-11-29 18:00:00+01:00,162.16353849043716
2025-11-29 19:00:00+01:00,147.36703849043715
2025-11-29 20:00:00+01:00,131.76253849043718
2025-11-29 21:00:00+01:00,124.35923849043715
2025-11-29 22:00:00+01:00,117.20843849043715
2025-11-29 23:00:00+01:00,113.55223849043716
2025-11-30 00:00:00+01:00,112.30993849043716
2025-11-30 01:00:00+01:00,110.17883849043716
2025-11-30 02:00:00+01:00,106.34083849043716
2025-11-30 03:00:00+01:00,105.59343849043715
2025-11-30 04:00:00+01:00,106.29033849043715
2025-11-30 05:00:00+01:00,109.36073849043716
2025-11-30 06:00:00+01:00,113.56233849043716
2025-11-30 07:00:00+01:00,117.15793849043716
2025-11-30 08:00:00+01:00,124.80363849043715
2025-11-30 09:00:00+01:00,115.64293849043716
2025-11-30 10:00:00+01:00,110.21923849043716
2025-11-30 11:00:00+01:00,106.57313849043716
2025-11-30 12:00:00+01:00,105.84593849043716
2025-11-30 13:00:00+01:00,106.07823849043716
2025-11-30 14:00:00+01:00,110.84543849043716
2025-11-30 15:00:00+01:00,126.08633849043716
2025-11-30 16:00:00+01:00,131.03533849043717
2025-11-30 17:00:00+01:00,138.63053849043715
2025-11-30 18:00:00+01:00,143.69063849043715
2025-11-30 19:00:00+01:00,134.25723849043717
2025-11-30 20:00:00+01:00,126.52063849043716
2025-11-30 21:00:00+01:00,119.09713849043716
2025-11-30 22:00:00+01:00,113.99663849043716
2025-11-30 23:00:00+01:00,110.75453849043716
2025-12-01 00:00:00+01:00,103.94713849043717
2025-12-01 01:00:00+01:00,100.68483849043716
2025-12-01 02:00:00+01:00,96.49333849043717
2025-12-01 03:00:00+01:00,95.26113849043715
2025-12-01 04:00:00+01:00,92.34223849043717
2025-12-01 05:00:00+01:00,93.54413849043716
2025-12-01 06:00:00+01:00,89.38293849043716
2025-12-01 07:00:00+01:00,93.37243849043716
2025-12-01 08:00:00+01:00,100.04853849043715
2025-12-01 09:00:00+01:00,95.41263849043716
2025-12-01 10:00:00+01:00,92.93813849043715
2025-12-01 11:00:00+01:00,90.87773849043717
2025-12-01 12:00:00+01:00,91.68573849043716
2025-12-01 13:00:00+01:00,91.63523849043716
2025-12-01 14:00:00+01:00,95.53383849043716
2025-12-01 15:00:00+01:00,110.12833849043716
2025-12-01 16:00:00+01:00,128.62143849043716
2025-12-01 17:00:00+01:00,131.23733849043714
2025-12-01 18:00:00+01:00,128.62143849043716
2025-12-01 19:00:00+01:00,124.71273849043716
2025-12-01 20:00:00+01:00,125.94493849043715
2025-12-01 21:00:00+01:00,124.49053849043716
2025-12-01 22:00:00+01:00,118.92543849043716
2025-12-01 23:00:00+01:00,115.54193849043716
2025-12-02 00:00:00+01:00,108.38103849043716
2025-12-02 01:00:00+01:00,100.75553849043716
2025-12-02 02:00:00+01:00,99.24053849043716
2025-12-02 03:00:00+01:00,101.15953849043716
2025-12-02 04:00:00+01:00,97.17003849043715
2025-12-02 05:00:00+01:00,107.45183849043715
2025-12-02 06:00:00+01:00,127.36903849043716
2025-12-02 07:00:00+01:00,143.33713849043716
2025-12-02 08:00:00+01:00,145.99343849043717
2025-12-02 09:00:00+01:00,139.22643849043715
2025-12-02 10:00:00+01:00,136.36813849043716
2025-12-02 11:00:00+01:00,134.33803849043716
2025-12-02 12:00:00+01:00,130.95453849043716
2025-12-02 13:00:00+01:00,132.74223849043716
2025-12-02 14:00:00+01:00,136.69133849043715
2025-12-02 15:00:00+01:00,145.62983849043715
2025-12-02 16:00:00+01:00,145.25613849043714
2025-12-02 17:00:00+01:00,149.67993849043717
2025-12-02 18:00:00+01:00,149.30623849043718
2025-12-02 19:00:00+01:00,145.99343849043717
2025-12-02 20:00:00+01:00,139.21633849043715
2025-12-02 21:00:00+01:00,128.66183849043716
2025-12-02 22:00:00+01:00,117.92553849043716
2025-12-02 23:00:00+01:00,100.51313849043716
2025-12-03 00:00:00+01:00,116.53173849043716
2025-12-03 01:00:00+01:00,117.00643849043715
2025-12-03 02:00:00+01:00,117.01653849043716
2025-12-03 03:00:00+01:00,114.39053849043717
2025-12-03 04:00:00+01:00,115.18843849043716
2025-12-03 05:00:00+01:00,119.23853849043715
2025-12-03 06:00:00+01:00,137.39833849043714
2025-12-03 07:00:00+01:00,147.28623849043717
2025-12-03 08:00:00+01:00,152.18473849043716
2025-12-03 09:00:00+01:00,148.23563849043717
2025-12-03 10:00:00+01:00,144.97333849043716
2025-12-03 11:00:00+01:00,140.30713849043713
2025-12-03 12:00:00+01:00,136.59033849043718
2025-12-03 13:00:00+01:00,139.60013849043716
2025-12-03 14:00:00+01:00,147.20543849043716
2025-12-03 15:00:00+01:00,155.71973849043718
2025-12-03 16:00:00+01:00,196.06923849043716
2025-12-03 17:00:00+01:00,217.47113849043714
2025-12-03 18:00:00+01:00,194.26133849043717
2025-12-03 19:00:00+01:00,167.49633849043715
2025-12-03 20:00:00+01:00,150.49803849043715
2025-12-03 21:00:00+01:00,142.49883849043715
2025-12-03 22:00:00+01:00,137.60033849043717
2025-12-03 23:00:00+01:00,130.54043849043717
2025-12-04 00:00:00+01:00,129.52033849043715
2025-12-04 01:00:00+01:00,127.36903849043716
2025-12-04 02:00:00+01:00,124.56123849043715
2025-12-04 03:00:00+01:00,121.14743849043717
2025-12-04 04:00:00+01:00,123.07653849043716
2025-12-04 05:00:00+01:00,130.58083849043715
2025-12-04 06:00:00+01:00,148.46793849043718
2025-12-04 07:00:00+01:00,198.30133849043716
2025-12-04 08:00:00+01:00,233.14633849043716
2025-12-04 09:00:00+01:00,235.78243849043716
2025-12-04 10:00:00+01:00,196.16013849043716
2025-12-04 11:00:00+01:00,187.09033849043715
2025-12-04 12:00:00+01:00,181.66663849043715
2025-12-04 13:00:00+01:00,187.98923849043717
2025-12-04 14:00:00+01:00,226.84393849043715
2025-12-04 15:00:00+01:00,253.19483849043715
2025-12-04 16:00:00+01:00,241.55963849043715
2025-12-04 17:00:00+01:00,261.04253849043715
2025-12-04 18:00:00+01:00,216.74393849043716
2025-12-04 19:00:00+01:00,201.08893849043716
2025-12-04 20:00:00+01:00,168.48613849043716
2025-12-04 21:00:00+01:00,144.45823849043717
2025-12-04 22:00:00+01:00,135.83283849043715
2025-12-04 23:00:00+01:00,127.45993849043717
2025-12-05 00:00:00+01:00,115.59243849043716
2025-12-05 01:00:00+01:00,111.23933849043716
2025-12-05 02:00:00+01:00,109.04763849043715
2025-12-05 03:00:00+01:00,107.93663849043716
2025-12-05 04:00:00+01:00,107.86593849043716
2025-12-05 05:00:00+01:00,115.27933849043717
2025-12-05 06:00:00+01:00,132.08573849043717
2025-12-05 07:00:00+01:00,142.79173849043715
2025-12-05 08:00:00+01:00,147.26603849043715
2025-12-05 09:00:00+01:00,149.91223849043718
2025-12-05 10:00:00+01:00,145.00363849043714
2025-12-05 11:00:00+01:00,140.93333849043717
2025-12-05 12:00:00+01:00,134.49963849043715
2025-12-05 13:00:00+01:00,135.89343849043718
2025-12-05 14:00:00+01:00,140.54953849043716
2025-12-05 15:00:00+01:00,137.17613849043715
2025-12-05 16:00:00+01:00,137.01453849043716
2025-12-05 17:00:00+01:00,136.61053849043714
2025-12-05 18:00:00+01:00,143.76133849043717
2025-12-05 19:00:00+01:00,139.14563849043716
2025-12-05 20:00:00+01:00,143.76133849043717
2025-12-05 21:00:00+01:00,135.88333849043715
2025-12-05 22:00:00+01:00,130.61113849043716
2025-12-05 23:00:00+01:00,122.21803849043717
2025-12-06 00:00:00+01:00,116.70343849043715
2025-12-06 01:00:00+01:00,112.30993849043716
2025-12-06 02:00:00+01:00,110.38083849043716
2025-12-06 03:00:00+01:00,109.86573849043717
2025-12-06 04:00:00+01:00,110.60303849043717
2025-12-06 05:00:00+01:00,116.71353849043716
2025-12-06 06:00:00+01:00,130.55053849043713
2025-12-06 07:00:00+01:00,139.02443849043715
2025-12-06 08:00:00+01:00,142.65033849043715
2025-12-06 09:00:00+01:00,137.58013849043715
2025-12-06 10:00:00+01:00,134.52993849043713
2025-12-06 11:00:00+01:00,131.57063849043718
2025-12-06 12:00:00+01:00,120.54143849043714
2025-12-06 13:00:00+01:00,131.57063849043718
2025-12-06 14:00:00+01:00,135.69143849043715
2025-12-06 15:00:00+01:00,136.89333849043715
2025-12-06 16:00:00+01:00,135.68133849043716
2025-12-06 17:00:00+01:00,140.07483849043717
2025-12-06 18:00:00+01:00,145.20563849043717
2025-12-06 19:00:00+01:00,140.44853849043716
2025-12-06 20:00:00+01:00,135.69143849043715
2025-12-06 21:00:00+01:00,128.35883849043717
2025-12-06 22:00:00+01:00,131.06563849043715
2025-12-06 23:00:00+01:00,120.47073849043716
2025-12-07 00:00:00+01:00,120.14753849043714
2025-12-07 01:00:00+01:00,117.13773849043716
2025-12-07 02:00:00+01:00,115.18843849043716
2025-12-07 03:00:00+01:00,114.49153849043716
2025-12-07 04:00:00+01:00,114.07743849043716
2025-12-07 05:00:00+01:00,114.19863849043716
2025-12-07 06:00:00+01:00,115.18843849043716
2025-12-07 07:00:00+01:00,118.48103849043716
2025-12-07 08:00:00+01:00,120.31923849043716
2025-12-07 09:00:00+01:00,122.83413849043717
2025-12-07 10:00:00+01:00,120.46063849043716
2025-12-07 11:00:00+01:00,120.26873849043716
2025-12-07 12:00:00+01:00,119.19813849043715
2025-12-07 13:00:00+01:00,120.21823849043716
2025-12-07 14:00:00+01:00,120.49093849043716
2025-12-07 15:00:00+01:00,125.48033849043716
2025-12-07 16:00:00+01:00,125.50053849043717
2025-12-07 17:00:00+01:00,126.60143849043715
2025-12-07 18:00:00+01:00,125.48033849043716
2025-12-07 19:00:00+01:00,124.24813849043716
2025-12-07 20:00:00+01:00,120.20813849043716
2025-12-07 21:00:00+01:00,117.79423849043715
2025-12-07 22:00:00+01:00,119.27893849043716
2025-12-07 23:00:00+01:00,113.77443849043716
2025-12-08 00:00:00+01:00,117.59223849043717
2025-12-08 01:00:00+01:00,115.39043849043716
2025-12-08 02:00:00+01:00,103.36133849043716
2025-12-08 03:00:00+01:00,93.24113849043715
2025-12-08 04:00:00+01:00,92.01903849043715
2025-12-08 05:00:00+01:00,103.68453849043715
2025-12-08 06:00:00+01:00,116.00653849043715
2025-12-08 07:00:00+01:00,116.46103849043716
2025-12-08 08:00:00+01:00,120.50103849043717
2025-12-08 09:00:00+01:00,120.74343849043716
2025-12-08 10:00:00+01:00,120.98583849043717
2025-12-08 11:00:00+01:00,119.65263849043716
2025-12-08 12:00:00+01:00,117.72353849043716
2025-12-08 13:00:00+01:00,118.50123849043716
2025-12-08 14:00:00+01:00,121.54133849043717
2025-12-08 15:00:00+01:00,125.17733849043717
2025-12-08 16:00:00+01:00,134.18653849043716
2025-12-08 17:00:00+01:00,137.67103849043716
2025-12-08 18:00:00+01:00,134.47943849043716
2025-12-08 19:00:00+01:00,133.56033849043718
2025-12-08 20:00:00+01:00,123.47043849043716
2025-12-08 21:00:00+01:00,120.90503849043715
2025-12-08 22:00:00+01:00,121.04643849043715
2025-12-08 23:00:00+01:00,117.61243849043717
2025-12-09 00:00:00+01:00,114.94603849043716
2025-12-09 01:00:00+01:00,107.13873849043716
2025-12-09 02:00:00+01:00,102.56343849043716
2025-12-09 03:00:00+01:00,102.40183849043716
2025-12-09 04:00:00+01:00,101.34133849043717
2025-12-09 05:00:00+01:00,119.46073849043717
2025-12-09 06:00:00+01:00,131.08583849043714
2025-12-09 07:00:00+01:00,139.73143849043714
2025-12-09 08:00:00+01:00,143.35733849043714
2025-12-09 09:00:00+01:00,140.68083849043717
2025-12-09 10:00:00+01:00,139.42843849043717
2025-12-09 11:00:00+01:00,139.43853849043717
2025-12-09 12:00:00+01:00,138.53963849043714
2025-12-09 13:00:00+01:00,138.60023849043716
2025-12-09 14:00:00+01:00,139.43853849043717
2025-12-09 15:00:00+01:00,151.97263849043716
2025-12-09 16:00:00+01:00,157.89123849043716
2025-12-09 17:00:00+01:00,155.80053849043713
2025-12-09 18:00:00+01:00,145.73083849043715
2025-12-09 19:00:00+01:00,146.76103849043716
2025-12-09 20:00:00+01:00,139.92333849043715
2025-12-09 21:00:00+01:00,135.09553849043715
2025-12-09 22:00:00+01:00,131.59083849043714
2025-12-09 23:00:00+01:00,128.71233849043716
2025-12-10 00:00:00+01:00,122.09683849043716
2025-12-10 01:00:00+01:00,115.61263849043715
2025-12-10 02:00:00+01:00,120.15763849043717
2025-12-10 03:00:00+01:00,120.20813849043716
2025-12-10 04:00:00+01:00,117.64273849043715
2025-12-10 05:00:00+01:00,127.41953849043716
2025-12-10 06:00:00+01:00,139.07493849043715
2025-12-10 07:00:00+01:00,168.92043849043716
2025-12-10 08:00:00+01:00,177.98013849043716
2025-12-10 09:00:00+01:00,162.85033849043717
2025-12-10 10:00:00+01:00,162.83013849043715
2025-12-10 11:00:00+01:00,158.21443849043715
2025-12-10 12:00:00+01:00,158.06293849043715
2025-12-10 13:00:00+01:00,162.94123849043717
2025-12-10 14:00:00+01:00,173.21293849043715
2025-12-10 15:00:00+01:00,180.87883849043715
2025-12-10 16:00:00+01:00,188.54473849043717
2025-12-10 17:00:00+01:00,199.92743849043717
2025-12-10 18:00:00+01:00,185.63593849043718
2025-12-10 19:00:00+01:00,177.71753849043716
2025-12-10 20:00:00+01:00,160.24453849043715
2025-12-10 21:00:00+01:00,145.72073849043716
2025-12-10 22:00:00+01:00,138.88303849043714
2025-12-10 23:00:00+01:00,131.71203849043715
2025-12-11 00:00:00+01:00,123.32903849043716
2025-12-11 01:00:00+01:00,119.71323849043716
2025-12-11 02:00:00+01:00,116.40043849043715
2025-12-11 03:00:00+01:00,114.38043849043716
2025-12-11 04:00:00+01:00,119.57183849043716
2025-12-11 05:00:00+01:00,127.47003849043716
2025-12-11 06:00:00+01:00,162.57763849043715
2025-12-11 07:00:00+01:00,231.47983849043715
2025-12-11 08:00:00+01:00,280.1820384904372
2025-12-11 09:00:00+01:00,238.04483849043714
2025-12-11 10:00:00+01:00,306.2299384904371
2025-12-11 11:00:00+01:00,244.11493849043714
2025-12-11 12:00:00+01:00,242.04443849043716
2025-12-11 13:00:00+01:00,258.6993384904372
2025-12-11 14:00:00+01:00,246.74093849043717
2025-12-11 15:00:00+01:00,227.25803849043714
2025-12-11 16:00:00+01:00,242.99383849043716
2025-12-11 17:00:00+01:00,260.5072384904372
2025-12-11 18:00:00+01:00,281.31323849043713
2025-12-11 19:00:00+01:00,248.05393849043716
2025-12-11 20:00:00+01:00,200.64453849043716
2025-12-11 21:00:00+01:00,174.96023849043715
2025-12-11 22:00:00+01:00,146.26613849043716
2025-12-11 23:00:00+01:00,133.39873849043718
2025-12-12 00:00:00+01:00,121.23833849043717
2025-12-12 01:00:00+01:00,115.31973849043717
2025-12-12 02:00:00+01:00,111.94633849043717
2025-12-12 03:00:00+01:00,110.88583849043717
2025-12-12 04:00:00+01:00,115.72373849043716
2025-12-12 05:00:00+01:00,126.11663849043717
2025-12-12 06:00:00+01:00,166.49643849043716
2025-12-12 07:00:00+01:00,192.21103849043715
2025-12-12 08:00:00+01:00,218.39023849043716
2025-12-12 09:00:00+01:00,207.38123849043717
2025-12-12 10:00:00+01:00,190.44353849043716
2025-12-12 11:00:00+01:00,184.63603849043716
2025-12-12 12:00:00+01:00,179.12143849043716
2025-12-12 13:00:00+01:00,177.37413849043716
2025-12-12 14:00:00+01:00,186.09043849043718
2025-12-12 15:00:00+01:00,195.56423849043716
2025-12-12 16:00:00+01:00,209.98703849043716
2025-12-12 17:00:00+01:00,265.8804384904372
2025-12-12 18:00:00+01:00,270.76883849043713
2025-12-12 19:00:00+01:00,239.01443849043716
2025-12-12 20:00:00+01:00,192.94833849043715
2025-12-12 21:00:00+01:00,165.02183849043715
2025-12-12 22:00:00+01:00,143.05433849043715
2025-12-12 23:00:00+01:00,134.51983849043717
2025-12-13 00:00:00+01:00,130.64143849043717
2025-12-13 01:00:00+01:00,125.36923849043716
2025-12-13 02:00:00+01:00,121.60193849043716
2025-12-13 03:00:00+01:00,120.83433849043716
2025-12-13 04:00:00+01:00,122.85433849043716
2025-12-13 05:00:00+01:00,127.16703849043716
2025-12-13 06:00:00+01:00,159.82033849043717
2025-12-13 07:00:00+01:00,237.79233849043715
2025-12-13 08:00:00+01:00,312.98683849043715
2025-12-13 09:00:00+01:00,255.31583849043716
2025-12-13 10:00:00+01:00,207.37113849043715
2025-12-13 11:00:00+01:00,188.03973849043717
2025-12-13 12:00:00+01:00,178.47503849043716
2025-12-13 13:00:00+01:00,179.95973849043716
2025-12-13 14:00:00+01:00,189.71633849043718
2025-12-13 15:00:00+01:00,210.30013849043715
2025-12-13 16:00:00+01:00,243.66043849043717
2025-12-13 17:00:00+01:00,291.9889384904372
2025-12-13 18:00:00+01:00,285.40373849043715
2025-12-13 19:00:00+01:00,240.74153849043716
2025-12-13 20:00:00+01:00,180.57583849043715
2025-12-13 21:00:00+01:00,156.20453849043716
2025-12-13 22:00:00+01:00,140.84243849043713
2025-12-13 23:00:00+01:00,130.12633849043715
2025-12-14 00:00:00+01:00,121.82413849043716
2025-12-14 01:00:00+01:00,117.25893849043715
2025-12-14 02:00:00+01:00,112.13823849043716
2025-12-14 03:00:00+01:00,115.36013849043715
2025-12-14 04:00:00+01:00,114.89553849043716
2025-12-14 05:00:00+01:00,117.99623849043715
2025-12-14 06:00:00+01:00,121.84433849043717
2025-12-14 07:00:00+01:00,118.01643849043715
2025-12-14 08:00:00+01:00,122.58163849043717
2025-12-14 09:00:00+01:00,122.67253849043715
2025-12-14 10:00:00+01:00,121.84433849043717
2025-12-14 11:00:00+01:00,121.92513849043715
2025-12-14 12:00:00+01:00,123.77343849043716
2025-12-14 13:00:00+01:00,121.01613849043716
2025-12-14 14:00:00+01:00,124.34913849043716
2025-12-14 15:00:00+01:00,127.52053849043716
2025-12-14 16:00:00+01:00,131.60093849043716
2025-12-14 17:00:00+01:00,132.65133849043715
2025-12-14 18:00:00+01:00,132.64123849043716
2025-12-14 19:00:00+01:00,126.50043849043716
2025-12-14 20:00:00+01:00,123.93503849043715
2025-12-14 21:00:00+01:00,121.14743849043717
2025-12-14 22:00:00+01:00,119.90513849043717
2025-12-14 23:00:00+01:00,114.76423849043715
2025-12-15 00:00:00+01:00,99.44253849043716
2025-12-15 01:00:00+01:00,99.44253849043716
2025-12-15 02:00:00+01:00,99.63443849043716
2025-12-15 03:00:00+01:00,103.67443849043717
2025-12-15 04:00:00+01:00,103.86633849043716
2025-12-15 05:00:00+01:00,103.55323849043717
2025-12-15 06:00:00+01:00,99.63443849043716
2025-12-15 07:00:00+01:00,96.51353849043716
2025-12-15 08:00:00+01:00,99.03853849043716
2025-12-15 09:00:00+01:00,105.32073849043717
2025-12-15 10:00:00+01:00,109.25973849043717
2025-12-15 11:00:00+01:00,103.91683849043716
2025-12-15 12:00:00+01:00,104.84603849043717
2025-12-15 13:00:00+01:00,100.25053849043717
2025-12-15 14:00:00+01:00,101.55343849043716
2025-12-15 15:00:00+01:00,103.95723849043716
2025-12-15 16:00:00+01:00,109.96673849043715
2025-12-15 17:00:00+01:00,111.11813849043716
2025-12-15 18:00:00+01:00,102.74523849043716
2025-12-15 19:00:00+01:00,103.92693849043717
2025-12-15 20:00:00+01:00,99.43243849043716
2025-12-15 21:00:00+01:00,114.17843849043716
2025-12-15 22:00:00+01:00,114.28953849043715
2025-12-15 23:00:00+01:00,105.01773849043717
2025-12-16 00:00:00+01:00,100.54343849043715
2025-12-16 01:00:00+01:00,97.72553849043716
2025-12-16 02:00:00+01:00,95.81663849043716
2025-12-16 03:00:00+01:00,95.59443849043717
2025-12-16 04:00:00+01:00,96.14993849043717
2025-12-16 05:00:00+01:00,99.93743849043716
2025-12-16 06:00:00+01:00,114.58243849043717
2025-12-16 07:00:00+01:00,124.01583849043718
2025-12-16 08:00:00+01:00,126.08633849043716
2025-12-16 09:00:00+01:00,122.76343849043715
2025-12-16 10:00:00+01:00,121.38983849043716
2025-12-16 11:00:00+01:00,119.83443849043717
2025-12-16 12:00:00+01:00,116.70343849043715
2025-12-16 13:00:00+01:00,117.76393849043716
2025-12-16 14:00:00+01:00,117.93563849043716
2025-12-16 15:00:00+01:00,123.54113849043715
2025-12-16 16:00:00+01:00,131.03533849043717
2025-12-16 17:00:00+01:00,131.56053849043715
2025-12-16 18:00:00+01:00,131.68173849043717
2025-12-16 19:00:00+01:00,127.47003849043716
2025-12-16 20:00:00+01:00,121.91503849043715
2025-12-16 21:00:00+01:00,116.69333849043716
2025-12-16 22:00:00+01:00,117.34983849043715
2025-12-16 23:00:00+01:00,112.27963849043715
2025-12-17 00:00:00+01:00,108.20933849043716
2025-12-17 01:00:00+01:00,107.30033849043716
2025-12-17 02:00:00+01:00,111.97663849043715
2025-12-17 03:00:00+01:00,111.40093849043716
2025-12-17 04:00:00+01:00,111.37063849043716
2025-12-17 05:00:00+01:00,109.30013849043715
2025-12-17 06:00:00+01:00,116.08733849043716
2025-12-17 07:00:00+01:00,125.53083849043716
2025-12-17 08:00:00+01:00,129.87383849043715
2025-12-17 09:00:00+01:00,123.14723849043716
2025-12-17 10:00:00+01:00,116.14793849043716
2025-12-17 11:00:00+01:00,113.67343849043715
2025-12-17 12:00:00+01:00,116.66303849043717
2025-12-17 13:00:00+01:00,119.76373849043716
2025-12-17 14:00:00+01:00,126.87413849043716
2025-12-17 15:00:00+01:00,126.93473849043717
2025-12-17 16:00:00+01:00,138.30733849043716
2025-12-17 17:00:00+01:00,138.80223849043716
2025-12-17 18:00:00+01:00,136.10553849043714
2025-12-17 19:00:00+01:00,130.16673849043715
2025-12-17 20:00:00+01:00,131.35853849043716
2025-12-17 21:00:00+01:00,122.63213849043717
2025-12-17 22:00:00+01:00,117.41043849043716
2025-12-17 23:00:00+01:00,105.39143849043715
2025-12-18 00:00:00+01:00,109.08803849043716
2025-12-18 01:00:00+01:00,106.46203849043715
2025-12-18 02:00:00+01:00,100.91713849043717
2025-12-18 03:00:00+01:00,100.71513849043716
2025-12-18 04:00:00+01:00,100.33133849043716
2025-12-18 05:00:00+01:00,112.62303849043717
2025-12-18 06:00:00+01:00,123.63203849043715
2025-12-18 07:00:00+01:00,122.99573849043716
2025-12-18 08:00:00+01:00,124.35923849043715
2025-12-18 09:00:00+01:00,122.34933849043716
2025-12-18 10:00:00+01:00,123.21793849043715
2025-12-18 11:00:00+01:00,120.84443849043717
2025-12-18 12:00:00+01:00,119.33953849043715
2025-12-18 13:00:00+01:00,121.36963849043715
2025-12-18 14:00:00+01:00,125.85403849043715
2025-12-18 15:00:00+01:00,130.50003849043716
2025-12-18 16:00:00+01:00,127.51043849043717
2025-12-18 17:00:00+01:00,137.47913849043715
2025-12-18 18:00:00+01:00,149.81123849043718
2025-12-18 19:00:00+01:00,139.26683849043715
2025-12-18 20:00:00+01:00,132.42913849043717
2025-12-18 21:00:00+01:00,122.40993849043716
2025-12-18 22:00:00+01:00,120.54143849043714
2025-12-18 23:00:00+01:00,111.51203849043716
2025-12-19 00:00:00+01:00,102.15943849043717
2025-12-19 01:00:00+01:00,97.91743849043716
2025-12-19 02:00:00+01:00,96.69533849043715
2025-12-19 03:00:00+01:00,96.41253849043716
2025-12-19 04:00:00+01:00,97.13973849043717
2025-12-19 05:00:00+01:00,104.75513849043716
2025-12-19 06:00:00+01:00,119.47083849043716
2025-12-19 07:00:00+01:00,132.67153849043717
2025-12-19 08:00:00+01:00,130.45963849043716
2025-12-19 09:00:00+01:00,124.54103849043716
2025-12-19 10:00:00+01:00,123.92493849043717
2025-12-19 11:00:00+01:00,119.51123849043717
2025-12-19 12:00:00+01:00,114.31983849043715
2025-12-19 13:00:00+01:00,114.15823849043716
2025-12-19 14:00:00+01:00,119.36983849043716
2025-12-19 15:00:00+01:00,127.11653849043716
2025-12-19 16:00:00+01:00,131.30803849043716
2025-12-19 17:00:00+01:00,125.48033849043716
2025-12-19 18:00:00+01:00,123.87443849043717
2025-12-19 19:00:00+01:00,122.05643849043716
2025-12-19 20:00:00+01:00,115.58233849043717
2025-12-19 21:00:00+01:00,112.46143849043716
2025-12-19 22:00:00+01:00,106.33073849043716
2025-12-19 23:00:00+01:00,98.93753849043715
2025-12-20 00:00:00+01:00,94.76623849043716
2025-12-20 01:00:00+01:00,86.86803849043716
2025-12-20 02:00:00+01:00,81.27263849043716
2025-12-20 03:00:00+01:00,70.91003849043716
2025-12-20 04:00:00+01:00,71.04133849043716
2025-12-20 05:00:00+01:00,89.21123849043715
2025-12-20 06:00:00+01:00,102.59373849043716
2025-12-20 07:00:00+01:00,120.63233849043715
2025-12-20 08:00:00+01:00,122.75333849043716
2025-12-20 09:00:00+01:00,118.41033849043716
2025-12-20 10:00:00+01:00,116.10753849043715
2025-12-20 11:00:00+01:00,115.20863849043715
2025-12-20 12:00:00+01:00,108.71433849043716
2025-12-20 13:00:00+01:00,104.29053849043717
2025-12-20 14:00:00+01:00,110.20913849043717
2025-12-20 15:00:00+01:00,114.87533849043714
2025-12-20 16:00:00+01:00,118.41033849043716
2025-12-20 17:00:00+01:00,119.28903849043715
2025-12-20 18:00:00+01:00,118.72343849043716
2025-12-20 19:00:00+01:00,118.46083849043717
2025-12-20 20:00:00+01:00,115.04703849043716
2025-12-20 21:00:00+01:00,112.98663849043717
2025-12-20 22:00:00+01:00,111.51203849043716
2025-12-20 23:00:00+01:00,101.06863849043715
2025-12-21 00:00:00+01:00,105.61363849043715
2025-12-21 01:00:00+01:00,94.56423849043716
2025-12-21 02:00:00+01:00,82.83813849043716
2025-12-21 03:00:00+01:00,75.03083849043716
2025-12-21 04:00:00+01:00,74.50563849043715
2025-12-21 05:00:00+01:00,85.62573849043716
2025-12-21 06:00:00+01:00,103.98753849043715
2025-12-21 07:00:00+01:00,113.15833849043716
2025-12-21 08:00:00+01:00,116.14793849043716
2025-12-21 09:00:00+01:00,117.48113849043716
2025-12-21 10:00:00+01:00,107.71443849043716
2025-12-21 11:00:00+01:00,94.29153849043716
2025-12-21 12:00:00+01:00,88.28203849043716
2025-12-21 13:00:00+01:00,89.17083849043716
2025-12-21 14:00:00+01:00,102.60383849043717
2025-12-21 15:00:00+01:00,115.72373849043716
2025-12-21 16:00:00+01:00,118.00633849043716
2025-12-21 17:00:00+01:00,118.02653849043716
2025-12-21 18:00:00+01:00,119.24863849043714
2025-12-21 19:00:00+01:00,118.02653849043716
2025-12-21 20:00:00+01:00,118.02653849043716
2025-12-21 21:00:00+01:00,115.77423849043716
2025-12-21 22:00:00+01:00,109.68393849043716
2025-12-21 23:00:00+01:00,100.73533849043716
2025-12-22 00:00:00+01:00,109.60313849043715
2025-12-22 01:00:00+01:00,92.73613849043716
2025-12-22 02:00:00+01:00,85.72673849043716
2025-12-22 03:00:00+01:00,81.14133849043716
2025-12-22 04:00:00+01:00,82.10083849043717
2025-12-22 05:00:00+01:00,83.51483849043716
2025-12-22 06:00:00+01:00,91.89783849043715
2025-12-22 07:00:00+01:00,103.27043849043716
2025-12-22 08:00:00+01:00,109.12843849043716
2025-12-22 09:00:00+01:00,102.11903849043716
2025-12-22 10:00:00+01:00,93.46333849043717
2025-12-22 11:00:00+01:00,81.59583849043716
2025-12-22 12:00:00+01:00,89.15063849043716
2025-12-22 13:00:00+01:00,79.63643849043716
2025-12-22 14:00:00+01:00,90.34243849043716
2025-12-22 15:00:00+01:00,109.04763849043715
2025-12-22 16:00:00+01:00,116.75393849043715
2025-12-22 17:00:00+01:00,120.20813849043716
2025-12-22 18:00:00+01:00,119.53143849043715
2025-12-22 19:00:00+01:00,118.63253849043716
2025-12-22 20:00:00+01:00,119.24863849043714
2025-12-22 21:00:00+01:00,112.91593849043716
2025-12-22 22:00:00+01:00,103.28053849043717
2025-12-22 23:00:00+01:00,86.79733849043716
2025-12-23 00:00:00+01:00,69.65763849043715
2025-12-23 01:00:00+01:00,60.305038490437155
2025-12-23 02:00:00+01:00,47.902238490437156
2025-12-23 03:00:00+01:00,44.15513849043715
2025-12-23 04:00:00+01:00,40.509038490437156
2025-12-23 05:00:00+01:00,71.46553849043717
2025-12-23 06:00:00+01:00,100.71513849043716
2025-12-23 07:00:00+01:00,122.19783849043716
2025-12-23 08:00:00+01:00,123.13713849043717
2025-12-23 09:00:00+01:00,125.59143849043716
2025-12-23 10:00:00+01:00,112.35033849043715
2025-12-23 11:00:00+01:00,101.91703849043715
2025-12-23 12:00:00+01:00,101.21003849043716
2025-12-23 13:00:00+01:00,100.61413849043717
2025-12-23 14:00:00+01:00,107.31043849043715
2025-12-23 15:00:00+01:00,121.72313849043715
2025-12-23 16:00:00+01:00,125.59143849043716
2025-12-23 17:00:00+01:00,125.04603849043716
2025-12-23 18:00:00+01:00,124.94503849043716
2025-12-23 19:00:00+01:00,124.32893849043715
2025-12-23 20:00:00+01:00,123.25833849043717
2025-12-23 21:00:00+01:00,116.39033849043716
2025-12-23 22:00:00+01:00,110.74443849043716
2025-12-23 23:00:00+01:00,102.68463849043715
2025-12-24 00:00:00+01:00,89.17083849043716
2025-12-24 01:00:00+01:00,82.05033849043716
2025-12-24 02:00:00+01:00,78.94963849043717
2025-12-24 03:00:00+01:00,73.50573849043715
2025-12-24 04:00:00+01:00,71.84933849043716
2025-12-24 05:00:00+01:00,79.79803849043716
2025-12-24 06:00:00+01:00,88.99913849043716
2025-12-24 07:00:00+01:00,107.82553849043717
2025-12-24 08:00:00+01:00,117.50133849043716
2025-12-24 09:00:00+01:00,117.46093849043716
2025-12-24 10:00:00+01:00,111.48173849043715
2025-12-24 11:00:00+01:00,108.26993849043717
2025-12-24 12:00:00+01:00,104.15923849043716
2025-12-24 13:00:00+01:00,102.51293849043716
2025-12-24 14:00:00+01:00,103.85623849043716
2025-12-24 15:00:00+01:00,110.98683849043715
2025-12-24 16:00:00+01:00,121.04643849043715
2025-12-24 17:00:00+01:00,124.31883849043716
2025-12-24 18:00:00+01:00,122.95533849043716
2025-12-24 19:00:00+01:00,120.65253849043715
2025-12-24 20:00:00+01:00,107.82553849043717
2025-12-24 21:00:00+01:00,103.16943849043716
2025-12-24 22:00:00+01:00,100.26063849043716
2025-12-24 23:00:00+01:00,89.18093849043716
2025-12-25 00:00:00+01:00,96.18023849043716
2025-12-25 01:00:00+01:00,88.18103849043716
2025-12-25 02:00:00+01:00,83.74713849043717
2025-12-25 03:00:00+01:00,77.56593849043716
2025-12-25 04:00:00+01:00,71.39483849043715
2025-12-25 05:00:00+01:00,71.69783849043715
2025-12-25 06:00:00+01:00,72.25333849043716
2025-12-25 07:00:00+01:00,85.22173849043716
2025-12-25 08:00:00+01:00,93.98853849043716
2025-12-25 09:00:00+01:00,93.26133849043717
2025-12-25 10:00:00+01:00,94.98843849043715
2025-12-25 11:00:00+01:00,93.39263849043715
2025-12-25 12:00:00+01:00,92.77653849043716
2025-12-25 13:00:00+01:00,90.10003849043716
2025-12-25 14:00:00+01:00,93.31183849043717
2025-12-25 15:00:00+01:00,103.43203849043715
2025-12-25 16:00:00+01:00,112.96643849043716
2025-12-25 17:00:00+01:00,121.03633849043716
2025-12-25 18:00:00+01:00,121.51103849043716
2025-12-25 19:00:00+01:00,118.86483849043717
2025-12-25 20:00:00+01:00,114.91573849043715
2025-12-25 21:00:00+01:00,110.94643849043715
2025-12-25 22:00:00+01:00,110.45153849043716
2025-12-25 23:00:00+01:00,102.40183849043716
2025-12-26 00:00:00+01:00,104.62383849043717
2025-12-26 01:00:00+01:00,101.72513849043716
2025-12-26 02:00:00+01:00,99.17993849043717
2025-12-26 03:00:00+01:00,97.01853849043717
2025-12-26 04:00:00+01:00,95.44293849043716
2025-12-26 05:00:00+01:00,99.07893849043715
2025-12-26 06:00:00+01:00,106.11863849043715
2025-12-26 07:00:00+01:00,110.82523849043716
2025-12-26 08:00:00+01:00,120.52123849043716
2025-12-26 09:00:00+01:00,121.51103849043716
2025-12-26 10:00:00+01:00,114.28953849043715
2025-12-26 11:00:00+01:00,110.69393849043715
2025-12-26 12:00:00+01:00,109.81523849043717
2025-12-26 13:00:00+01:00,107.55283849043715
2025-12-26 14:00:00+01:00,109.69403849043715
2025-12-26 15:00:00+01:00,124.33903849043716
2025-12-26 16:00:00+01:00,129.56073849043716
2025-12-26 17:00:00+01:00,134.06533849043717
2025-12-26 18:00:00+01:00,132.62103849043717
2025-12-26 19:00:00+01:00,132.82303849043714
2025-12-26 20:00:00+01:00,129.60113849043717
2025-12-26 21:00:00+01:00,125.60153849043715
2025-12-26 22:00:00+01:00,125.21773849043717
2025-12-26 23:00:00+01:00,118.92543849043716
2025-12-27 00:00:00+01:00,113.69363849043715
2025-12-27 01:00:00+01:00,111.10803849043717
2025-12-27 02:00:00+01:00,107.55283849043715
2025-12-27 03:00:00+01:00,105.15913849043716
2025-12-27 04:00:00+01:00,105.10863849043716
2025-12-27 05:00:00+01:00,110.77473849043716
2025-12-27 06:00:00+01:00,115.38033849043715
2025-12-27 07:00:00+01:00,129.26783849043716
2025-12-27 08:00:00+01:00,137.76193849043716
2025-12-27 09:00:00+01:00,133.86333849043714
2025-12-27 10:00:00+01:00,124.89453849043716
2025-12-27 11:00:00+01:00,119.77383849043716
2025-12-27 12:00:00+01:00,118.40023849043716
2025-12-27 13:00:00+01:00,115.39043849043716
2025-12-27 14:00:00+01:00,122.92503849043715
2025-12-27 15:00:00+01:00,130.83333849043714
2025-12-27 16:00:00+01:00,152.75033849043717
2025-12-27 17:00:00+01:00,161.78983849043715
2025-12-27 18:00:00+01:00,163.87043849043715
2025-12-27 19:00:00+01:00,151.47773849043716
2025-12-27 20:00:00+01:00,135.20663849043717
2025-12-27 21:00:00+01:00,127.30843849043715
2025-12-27 22:00:00+01:00,127.29833849043717
2025-12-27 23:00:00+01:00,120.15763849043717
2025-12-28 00:00:00+01:00,121.53123849043715
2025-12-28 01:00:00+01:00,115.49143849043716
2025-12-28 02:00:00+01:00,110.36063849043715
2025-12-28 03:00:00+01:00,107.70433849043715
2025-12-28 04:00:00+01:00,106.32063849043715
2025-12-28 05:00:00+01:00,107.98713849043716
2025-12-28 06:00:00+01:00,113.12803849043716
2025-12-28 07:00:00+01:00,119.31933849043716
2025-12-28 08:00:00+01:00,125.79343849043715
2025-12-28 09:00:00+01:00,126.61153849043716
2025-12-28 10:00:00+01:00,118.70323849043716
2025-12-28 11:00:00+01:00,110.58283849043715
2025-12-28 12:00:00+01:00,108.31033849043715
2025-12-28 13:00:00+01:00,106.76503849043715
2025-12-28 14:00:00+01:00,113.11793849043715
2025-12-28 15:00:00+01:00,125.78333849043716
2025-12-28 16:00:00+01:00,135.67123849043716
2025-12-28 17:00:00+01:00,141.01413849043718
2025-12-28 18:00:00+01:00,141.80193849043718
2025-12-28 19:00:00+01:00,137.12563849043715
2025-12-28 20:00:00+01:00,129.39913849043717
2025-12-28 21:00:00+01:00,122.22813849043715
2025-12-28 22:00:00+01:00,120.67273849043715
2025-12-28 23:00:00+01:00,114.35013849043716
2025-12-29 00:00:00+01:00,116.23883849043716
2025-12-29 01:00:00+01:00,109.43143849043716
2025-12-29 02:00:00+01:00,104.14913849043717
2025-12-29 03:00:00+01:00,95.49343849043716
2025-12-29 04:00:00+01:00,91.18073849043716
2025-12-29 05:00:00+01:00,91.27163849043717
2025-12-29 06:00:00+01:00,93.50373849043716
2025-12-29 07:00:00+01:00,102.83613849043715
2025-12-29 08:00:00+01:00,107.73463849043716
2025-12-29 09:00:00+01:00,107.74473849043716
2025-12-29 10:00:00+01:00,106.20953849043715
2025-12-29 11:00:00+01:00,103.66433849043716
2025-12-29 12:00:00+01:00,102.08873849043715
2025-12-29 13:00:00+01:00,102.11903849043716
2025-12-29 14:00:00+01:00,105.39143849043715
2025-12-29 15:00:00+01:00,116.30953849043715
2025-12-29 16:00:00+01:00,130.04553849043714
2025-12-29 17:00:00+01:00,133.63103849043716
2025-12-29 18:00:00+01:00,134.84303849043715
2025-12-29 19:00:00+01:00,132.48973849043716
2025-12-29 20:00:00+01:00,127.42963849043716
2025-12-29 21:00:00+01:00,117.80433849043716
2025-12-29 22:00:00+01:00,111.29993849043717
2025-12-29 23:00:00+01:00,104.71473849043717
2025-12-30 00:00:00+01:00,106.60343849043716
2025-12-30 01:00:00+01:00,105.71463849043715
2025-12-30 02:00:00+01:00,104.65413849043716
2025-12-30 03:00:00+01:00,103.67443849043717
2025-12-30 04:00:00+01:00,103.91683849043716
2025-12-30 05:00:00+01:00,112.09783849043716
2025-12-30 06:00:00+01:00,124.49053849043716
2025-12-30 07:00:00+01:00,133.07553849043714
2025-12-30 08:00:00+01:00,134.97433849043716
2025-12-30 09:00:00+01:00,132.98463849043713
2025-12-30 10:00:00+01:00,130.04553849043714
2025-12-30 11:00:00+01:00,124.55113849043715
2025-12-30 12:00:00+01:00,121.34943849043717
2025-12-30 13:00:00+01:00,120.50103849043717
2025-12-30 14:00:00+01:00,129.6112384904372
2025-12-30 15:00:00+01:00,133.28763849043716
2025-12-30 16:00:00+01:00,133.90373849043718
2025-12-30 17:00:00+01:00,138.51943849043715
2025-12-30 18:00:00+01:00,145.65003849043717
2025-12-30 19:00:00+01:00,140.91313849043718
2025-12-30 20:00:00+01:00,134.98443849043716
2025-12-30 21:00:00+01:00,133.36843849043717
2025-12-30 22:00:00+01:00,130.04553849043714
2025-12-30 23:00:00+01:00,124.57133849043717
2025-12-31 00:00:00+01:00,105.68433849043716
2025-12-31 01:00:00+01:00,102.03823849043715
2025-12-31 02:00:00+01:00,101.59383849043716
2025-12-31 03:00:00+01:00,102.59373849043716
2025-12-31 04:00:00+01:00,101.38173849043716
2025-12-31 05:00:00+01:00,103.12903849043715
2025-12-31 06:00:00+01:00,108.06793849043716
2025-12-31 07:00:00+01:00,121.91503849043715
2025-12-31 08:00:00+01:00,122.25843849043716
2025-12-31 09:00:00+01:00,119.94553849043717
2025-12-31 10:00:00+01:00,116.33983849043716
2025-12-31 11:00:00+01:00,112.40083849043717
2025-12-31 12:00:00+01:00,113.98653849043716
2025-12-31 13:00:00+01:00,107.72453849043715
2025-12-31 14:00:00+01:00,113.98653849043716
2025-12-31 15:00:00+01:00,120.33943849043717
2025-12-31 16:00:00+01:00,130.74243849043714
2025-12-31 17:00:00+01:00,131.44943849043716
2025-12-31 18:00:00+01:00,129.83343849043717
2025-12-31 19:00:00+01:00,125.51063849043715
2025-12-31 20:00:00+01:00,115.14803849043716
2025-12-31 21:00:00+01:00,110.43133849043716
2025-12-31 22:00:00+01:00,113.97643849043715
2025-12-31 23:00:00+01:00,106.30043849043716
