Date (GMT+1),Price (EUR/MWh)
2048-01-01 00:00:00+01:00,36.68312480684184
2048-01-01 01:00:00+01:00,33.5561258064291
2048-01-01 02:00:00+01:00,27.529974466437743
2048-01-01 03:00:00+01:00,25.21222395105645
2048-01-01 04:00:00+01:00,25.1965103882403
2048-01-01 05:00:00+01:00,25.22793751387259
2048-01-01 06:00:00+01:00,25.188653606832233
2048-01-01 07:00:00+01:00,22.80804884018636
2048-01-01 08:00:00+01:00,22.9651844683478
2048-01-01 09:00:00+01:00,24.6308221268591
2048-01-01 10:00:00+01:00,23.939425362948747
2048-01-01 11:00:00+01:00,22.753051370329842
2048-01-01 12:00:00+01:00,24.693676378123683
2048-01-01 13:00:00+01:00,23.593726980993573
2048-01-01 14:00:00+01:00,25.322218890769456
2048-01-01 15:00:00+01:00,32.3147543439537
2048-01-01 16:00:00+01:00,39.13444060616036
2048-01-01 17:00:00+01:00,49.356113218062276
2048-01-01 18:00:00+01:00,54.64372710569486
2048-01-01 19:00:00+01:00,50.30678376843902
2048-01-01 20:00:00+01:00,49.74109550705782
2048-01-01 21:00:00+01:00,43.777798418331024
2048-01-01 22:00:00+01:00,42.999977058931876
2048-01-01 23:00:00+01:00,36.76169262092256
2048-01-02 00:00:00+01:00,33.752545341630906
2048-01-02 01:00:00+01:00,27.278557461379428
2048-01-02 02:00:00+01:00,25.17294004401608
2048-01-02 03:00:00+01:00,23.8687143302761
2048-01-02 04:00:00+01:00,24.14370167955863
2048-01-02 05:00:00+01:00,25.20436716964837
2048-01-02 06:00:00+01:00,31.906201710733946
2048-01-02 07:00:00+01:00,48.14616888121916
2048-01-02 08:00:00+01:00,54.274458379515465
2048-01-02 09:00:00+01:00,56.985047965300375
2048-01-02 10:00:00+01:00,57.04790221656495
2048-01-02 11:00:00+01:00,60.17490121697767
2048-01-02 12:00:00+01:00,62.23337794589259
2048-01-02 13:00:00+01:00,64.33899536325595
2048-01-02 14:00:00+01:00,67.33242907973144
2048-01-02 15:00:00+01:00,69.2651973061172
2048-01-02 16:00:00+01:00,73.24858548000981
2048-01-02 17:00:00+01:00,75.83346656326555
2048-01-02 18:00:00+01:00,69.57946856244008
2048-01-02 19:00:00+01:00,63.44332228273571
2048-01-02 20:00:00+01:00,54.195890565434745
2048-01-02 21:00:00+01:00,42.30072351361345
2048-01-02 22:00:00+01:00,38.906593945326264
2048-01-02 23:00:00+01:00,30.429126806016384
2048-01-03 00:00:00+01:00,31.560503328778772
2048-01-03 01:00:00+01:00,28.17423054189966
2048-01-03 02:00:00+01:00,25.1965103882403
2048-01-03 03:00:00+01:00,25.17294004401608
2048-01-03 04:00:00+01:00,25.157226481199935
2048-01-03 05:00:00+01:00,34.8289243945368
2048-01-03 06:00:00+01:00,57.063615779381095
2048-01-03 07:00:00+01:00,63.43546550132764
2048-01-03 08:00:00+01:00,65.04610568998244
2048-01-03 09:00:00+01:00,65.68250498403629
2048-01-03 10:00:00+01:00,62.319802541381385
2048-01-03 11:00:00+01:00,60.449888566260206
2048-01-03 12:00:00+01:00,63.44332228273571
2048-01-03 13:00:00+01:00,67.3167155169153
2048-01-03 14:00:00+01:00,72.60432940454788
2048-01-03 15:00:00+01:00,77.7112373197948
2048-01-03 16:00:00+01:00,75.78632587481711
2048-01-03 17:00:00+01:00,80.38254299853935
2048-01-03 18:00:00+01:00,83.81595647386689
2048-01-03 19:00:00+01:00,80.7360981619026
2048-01-03 20:00:00+01:00,81.26250251624343
2048-01-03 21:00:00+01:00,68.91164214275395
2048-01-03 22:00:00+01:00,67.92954446674493
2048-01-03 23:00:00+01:00,58.210705864959635
2048-01-04 00:00:00+01:00,54.32945584937197
2048-01-04 01:00:00+01:00,48.48401048176626
2048-01-04 02:00:00+01:00,44.610617247586674
2048-01-04 03:00:00+01:00,39.9436890911918
2048-01-04 04:00:00+01:00,41.97073869447442
2048-01-04 05:00:00+01:00,59.38922307617046
2048-01-04 06:00:00+01:00,71.85007838937295
2048-01-04 07:00:00+01:00,82.42530616463812
2048-01-04 08:00:00+01:00,87.54007086129312
2048-01-04 09:00:00+01:00,90.09352481891658
2048-01-04 10:00:00+01:00,88.2471811880196
2048-01-04 11:00:00+01:00,85.71729757462036
2048-01-04 12:00:00+01:00,84.263793014127
2048-01-04 13:00:00+01:00,84.86876518254856
2048-01-04 14:00:00+01:00,88.21575406238732
2048-01-04 15:00:00+01:00,89.96781631638743
2048-01-04 16:00:00+01:00,98.72027080497983
2048-01-04 17:00:00+01:00,101.17944338570643
2048-01-04 18:00:00+01:00,101.98869187073787
2048-01-04 19:00:00+01:00,101.20301372993065
2048-01-04 20:00:00+01:00,94.13191046266567
2048-01-04 21:00:00+01:00,91.2720420301274
2048-01-04 22:00:00+01:00,89.03285932882682
2048-01-04 23:00:00+01:00,85.38731275548133
2048-01-05 00:00:00+01:00,84.47592611214495
2048-01-05 01:00:00+01:00,80.4218269055797
2048-01-05 02:00:00+01:00,77.78980513387553
2048-01-05 03:00:00+01:00,76.94127274180373
2048-01-05 04:00:00+01:00,76.57200401562433
2048-01-05 05:00:00+01:00,81.4117813629968
2048-01-05 06:00:00+01:00,85.84300607714952
2048-01-05 07:00:00+01:00,94.86259113361638
2048-01-05 08:00:00+01:00,98.04458760388562
2048-01-05 09:00:00+01:00,95.4518497392218
2048-01-05 10:00:00+01:00,93.42480013593918
2048-01-05 11:00:00+01:00,93.28337807059388
2048-01-05 12:00:00+01:00,88.97000507756225
2048-01-05 13:00:00+01:00,89.96781631638743
2048-01-05 14:00:00+01:00,90.98134111802872
2048-01-05 15:00:00+01:00,94.39118424913205
2048-01-05 16:00:00+01:00,95.56970146034288
2048-01-05 17:00:00+01:00,101.95726474510558
2048-01-05 18:00:00+01:00,102.97864632815495
2048-01-05 19:00:00+01:00,99.41952435029825
2048-01-05 20:00:00+01:00,93.47194082438762
2048-01-05 21:00:00+01:00,89.3235602409255
2048-01-05 22:00:00+01:00,85.85086285855759
2048-01-05 23:00:00+01:00,83.74524544119424
2048-01-06 00:00:00+01:00,79.63614876477249
2048-01-06 01:00:00+01:00,76.00631575424313
2048-01-06 02:00:00+01:00,75.69990127932832
2048-01-06 03:00:00+01:00,74.03426362081703
2048-01-06 04:00:00+01:00,74.19139924897846
2048-01-06 05:00:00+01:00,75.22849439484399
2048-01-06 06:00:00+01:00,75.44062749286194
2048-01-06 07:00:00+01:00,79.17259866169623
2048-01-06 08:00:00+01:00,82.25245697366053
2048-01-06 09:00:00+01:00,85.65444332335578
2048-01-06 10:00:00+01:00,87.17865891652178
2048-01-06 11:00:00+01:00,88.7892991051766
2048-01-06 12:00:00+01:00,87.80720142916756
2048-01-06 13:00:00+01:00,86.74653593907782
2048-01-06 14:00:00+01:00,87.16294535370564
2048-01-06 15:00:00+01:00,88.01933452718552
2048-01-06 16:00:00+01:00,90.96562755521259
2048-01-06 17:00:00+01:00,93.14981278665665
2048-01-06 18:00:00+01:00,91.97915235685389
2048-01-06 19:00:00+01:00,88.7892991051766
2048-01-06 20:00:00+01:00,87.1472317908895
2048-01-06 21:00:00+01:00,84.55449392622569
2048-01-06 22:00:00+01:00,84.21665232567857
2048-01-06 23:00:00+01:00,81.0739397624497
2048-01-07 00:00:00+01:00,83.06170545869196
2048-01-07 01:00:00+01:00,79.69900301603707
2048-01-07 02:00:00+01:00,77.19268974686204
2048-01-07 03:00:00+01:00,74.48995694248521
2048-01-07 04:00:00+01:00,73.03645238199185
2048-01-07 05:00:00+01:00,74.45852981685292
2048-01-07 06:00:00+01:00,76.05345644269157
2048-01-07 07:00:00+01:00,78.7011917772119
2048-01-07 08:00:00+01:00,81.12108045089813
2048-01-07 09:00:00+01:00,86.39298077571456
2048-01-07 10:00:00+01:00,89.84210781385826
2048-01-07 11:00:00+01:00,91.23275812308704
2048-01-07 12:00:00+01:00,90.93420042958029
2048-01-07 13:00:00+01:00,88.50645497448599
2048-01-07 14:00:00+01:00,88.45931428603755
2048-01-07 15:00:00+01:00,88.8128694494008
2048-01-07 16:00:00+01:00,92.30128039458486
2048-01-07 17:00:00+01:00,98.59456230245067
2048-01-07 18:00:00+01:00,101.25801119978715
2048-01-07 19:00:00+01:00,98.57884873963454
2048-01-07 20:00:00+01:00,96.22181431721287
2048-01-07 21:00:00+01:00,93.59764932691677
2048-01-07 22:00:00+01:00,91.75916247742786
2048-01-07 23:00:00+01:00,88.78144232376852
2048-01-08 00:00:00+01:00,86.50297571542758
2048-01-08 01:00:00+01:00,85.77229504447686
2048-01-08 02:00:00+01:00,84.27950657694315
2048-01-08 03:00:00+01:00,83.12455970995654
2048-01-08 04:00:00+01:00,83.1088461471404
2048-01-08 05:00:00+01:00,85.86657642137372
2048-01-08 06:00:00+01:00,95.21614629697963
2048-01-08 07:00:00+01:00,101.41514682794859
2048-01-08 08:00:00+01:00,108.85551882139296
2048-01-08 09:00:00+01:00,108.69052641182344
2048-01-08 10:00:00+01:00,104.69928145652277
2048-01-08 11:00:00+01:00,103.97645756698013
2048-01-08 12:00:00+01:00,98.83812252610092
2048-01-08 13:00:00+01:00,98.74384114920404
2048-01-08 14:00:00+01:00,101.00659419472885
2048-01-08 15:00:00+01:00,103.53647780812808
2048-01-08 16:00:00+01:00,109.95546821852307
2048-01-08 17:00:00+01:00,123.70483568264939
2048-01-08 18:00:00+01:00,123.97982303193191
2048-01-08 19:00:00+01:00,117.29370205366249
2048-01-08 20:00:00+01:00,107.8498508011597
2048-01-08 21:00:00+01:00,98.06030116670178
2048-01-08 22:00:00+01:00,97.19605521181383
2048-01-08 23:00:00+01:00,95.57755824175096
2048-01-09 00:00:00+01:00,90.36065538679102
2048-01-09 01:00:00+01:00,90.09352481891658
2048-01-09 02:00:00+01:00,89.40212805500622
2048-01-09 03:00:00+01:00,88.52216853730214
2048-01-09 04:00:00+01:00,88.43574394181334
2048-01-09 05:00:00+01:00,91.52345903518571
2048-01-09 06:00:00+01:00,100.78660431530281
2048-01-09 07:00:00+01:00,116.05233059118707
2048-01-09 08:00:00+01:00,122.94272788606638
2048-01-09 09:00:00+01:00,117.16799355113332
2048-01-09 10:00:00+01:00,104.74642214497119
2048-01-09 11:00:00+01:00,100.27591352377812
2048-01-09 12:00:00+01:00,96.3868067267824
2048-01-09 13:00:00+01:00,97.03106280224432
2048-01-09 14:00:00+01:00,103.2772040216617
2048-01-09 15:00:00+01:00,109.25621467320464
2048-01-09 16:00:00+01:00,117.6551139984338
2048-01-09 17:00:00+01:00,128.41104774608462
2048-01-09 18:00:00+01:00,128.67032153255101
2048-01-09 19:00:00+01:00,120.73497231039809
2048-01-09 20:00:00+01:00,107.33130322822694
2048-01-09 21:00:00+01:00,101.87869693102485
2048-01-09 22:00:00+01:00,97.43961543546406
2048-01-09 23:00:00+01:00,93.841209550567
2048-01-10 00:00:00+01:00,89.8342510324502
2048-01-10 01:00:00+01:00,87.98005062014515
2048-01-10 02:00:00+01:00,87.45364626580432
2048-01-10 03:00:00+01:00,86.40083755712264
2048-01-10 04:00:00+01:00,86.37726721289843
2048-01-10 05:00:00+01:00,88.56145244434249
2048-01-10 06:00:00+01:00,98.50028092555382
2048-01-10 07:00:00+01:00,113.1374646887923
2048-01-10 08:00:00+01:00,124.40408922796782
2048-01-10 09:00:00+01:00,115.32164992023637
2048-01-10 10:00:00+01:00,106.51419796178743
2048-01-10 11:00:00+01:00,101.61156636315039
2048-01-10 12:00:00+01:00,98.04458760388562
2048-01-10 13:00:00+01:00,97.86388163149996
2048-01-10 14:00:00+01:00,101.5801392375181
2048-01-10 15:00:00+01:00,108.7848077887203
2048-01-10 16:00:00+01:00,114.53597177942915
2048-01-10 17:00:00+01:00,124.12124509727721
2048-01-10 18:00:00+01:00,124.78121473555527
2048-01-10 19:00:00+01:00,117.21513423958176
2048-01-10 20:00:00+01:00,107.6298609217337
2048-01-10 21:00:00+01:00,99.34095653621753
2048-01-10 22:00:00+01:00,96.7560754529618
2048-01-10 23:00:00+01:00,92.90625256300642
2048-01-11 00:00:00+01:00,88.80501266799273
2048-01-11 01:00:00+01:00,86.60511387373252
2048-01-11 02:00:00+01:00,84.7744838056517
2048-01-11 03:00:00+01:00,84.04380313470098
2048-01-11 04:00:00+01:00,84.38950151665617
2048-01-11 05:00:00+01:00,87.24936994919443
2048-01-11 06:00:00+01:00,98.6417029908991
2048-01-11 07:00:00+01:00,111.6996736911151
2048-01-11 08:00:00+01:00,128.17534430384245
2048-01-11 09:00:00+01:00,118.50364639050561
2048-01-11 10:00:00+01:00,106.98560484627177
2048-01-11 11:00:00+01:00,99.38024044325789
2048-01-11 12:00:00+01:00,95.38113870654917
2048-01-11 13:00:00+01:00,95.365425143733
2048-01-11 14:00:00+01:00,98.94026068440584
2048-01-11 15:00:00+01:00,107.91270505242429
2048-01-11 16:00:00+01:00,114.9759515382812
2048-01-11 17:00:00+01:00,125.69260137889165
2048-01-11 18:00:00+01:00,126.45470917547465
2048-01-11 19:00:00+01:00,120.78996978025461
2048-01-11 20:00:00+01:00,107.92056183383237
2048-01-11 21:00:00+01:00,99.1523937824238
2048-01-11 22:00:00+01:00,96.33966603833396
2048-01-11 23:00:00+01:00,90.69064020593005
2048-01-12 00:00:00+01:00,85.3401720670329
2048-01-12 01:00:00+01:00,83.47811487331978
2048-01-12 02:00:00+01:00,83.32097924515834
2048-01-12 03:00:00+01:00,82.21317306662017
2048-01-12 04:00:00+01:00,82.64529604406414
2048-01-12 05:00:00+01:00,84.27950657694315
2048-01-12 06:00:00+01:00,93.14981278665665
2048-01-12 07:00:00+01:00,106.57705221305203
2048-01-12 08:00:00+01:00,121.08852747376136
2048-01-12 09:00:00+01:00,113.27102997272952
2048-01-12 10:00:00+01:00,104.69928145652277
2048-01-12 11:00:00+01:00,99.27024550354488
2048-01-12 12:00:00+01:00,95.62469893019939
2048-01-12 13:00:00+01:00,93.58193576410062
2048-01-12 14:00:00+01:00,95.60112858597518
2048-01-12 15:00:00+01:00,99.63951422972427
2048-01-12 16:00:00+01:00,104.07073894387699
2048-01-12 17:00:00+01:00,112.15536701278327
2048-01-12 18:00:00+01:00,114.52811499802107
2048-01-12 19:00:00+01:00,109.67262408783247
2048-01-12 20:00:00+01:00,100.97516706909654
2048-01-12 21:00:00+01:00,93.03981784694363
2048-01-12 22:00:00+01:00,90.48636388932019
2048-01-12 23:00:00+01:00,86.67582490640517
2048-01-13 00:00:00+01:00,89.268562771069
2048-01-13 01:00:00+01:00,85.08089828056652
2048-01-13 02:00:00+01:00,84.5780642704499
2048-01-13 03:00:00+01:00,84.33450404679967
2048-01-13 04:00:00+01:00,84.05165991610906
2048-01-13 05:00:00+01:00,84.5780642704499
2048-01-13 06:00:00+01:00,85.44231022533783
2048-01-13 07:00:00+01:00,85.77229504447686
2048-01-13 08:00:00+01:00,87.15508857229757
2048-01-13 09:00:00+01:00,89.33927380374163
2048-01-13 10:00:00+01:00,89.40998483641428
2048-01-13 11:00:00+01:00,88.50645497448599
2048-01-13 12:00:00+01:00,85.12018218760687
2048-01-13 13:00:00+01:00,84.22450910708665
2048-01-13 14:00:00+01:00,84.55449392622569
2048-01-13 15:00:00+01:00,87.01366650695228
2048-01-13 16:00:00+01:00,87.54007086129312
2048-01-13 17:00:00+01:00,93.25195094496159
2048-01-13 18:00:00+01:00,95.60898536738324
2048-01-13 19:00:00+01:00,94.28118930941905
2048-01-13 20:00:00+01:00,91.49203190955342
2048-01-13 21:00:00+01:00,88.55359566293441
2048-01-13 22:00:00+01:00,89.18999495698827
2048-01-13 23:00:00+01:00,88.29432187646803
2048-01-14 00:00:00+01:00,84.79805414987591
2048-01-14 01:00:00+01:00,84.25593623271894
2048-01-14 02:00:00+01:00,84.24022266990279
2048-01-14 03:00:00+01:00,83.89452428794762
2048-01-14 04:00:00+01:00,83.83167003668304
2048-01-14 05:00:00+01:00,83.90238106935568
2048-01-14 06:00:00+01:00,83.86309716231533
2048-01-14 07:00:00+01:00,84.11451416737364
2048-01-14 08:00:00+01:00,83.87095394372339
2048-01-14 09:00:00+01:00,84.58592105185797
2048-01-14 10:00:00+01:00,83.9259514135799
2048-01-14 11:00:00+01:00,83.85524038090726
2048-01-14 12:00:00+01:00,82.95956730038702
2048-01-14 13:00:00+01:00,83.86309716231533
2048-01-14 14:00:00+01:00,84.0673734789252
2048-01-14 15:00:00+01:00,86.00799848671903
2048-01-14 16:00:00+01:00,88.89143726348152
2048-01-14 17:00:00+01:00,91.7513056960198
2048-01-14 18:00:00+01:00,93.0241042841275
2048-01-14 19:00:00+01:00,92.01843626389426
2048-01-14 20:00:00+01:00,89.68497218569682
2048-01-14 21:00:00+01:00,87.73649039649491
2048-01-14 22:00:00+01:00,87.06866397680878
2048-01-14 23:00:00+01:00,84.5780642704499
2048-01-15 00:00:00+01:00,85.82729251433337
2048-01-15 01:00:00+01:00,84.56235070763375
2048-01-15 02:00:00+01:00,84.70377277297905
2048-01-15 03:00:00+01:00,84.79019736846784
2048-01-15 04:00:00+01:00,84.6330617403064
2048-01-15 05:00:00+01:00,86.25155871036927
2048-01-15 06:00:00+01:00,90.47065032650404
2048-01-15 07:00:00+01:00,95.05901066881819
2048-01-15 08:00:00+01:00,100.22877283532969
2048-01-15 09:00:00+01:00,97.89530875713226
2048-01-15 10:00:00+01:00,97.9110223199484
2048-01-15 11:00:00+01:00,95.10615135726663
2048-01-15 12:00:00+01:00,93.32266197763424
2048-01-15 13:00:00+01:00,93.65264679677327
2048-01-15 14:00:00+01:00,94.61903090996614
2048-01-15 15:00:00+01:00,94.8311640079841
2048-01-15 16:00:00+01:00,96.82678648563443
2048-01-15 17:00:00+01:00,104.33001273034337
2048-01-15 18:00:00+01:00,109.49977489685489
2048-01-15 19:00:00+01:00,104.95855524298915
2048-01-15 20:00:00+01:00,97.95030622698876
2048-01-15 21:00:00+01:00,93.2755212891858
2048-01-15 22:00:00+01:00,91.42917765828885
2048-01-15 23:00:00+01:00,88.726444853912
2048-01-16 00:00:00+01:00,86.09442308220783
2048-01-16 01:00:00+01:00,86.52654605965179
2048-01-16 02:00:00+01:00,85.45016700674591
2048-01-16 03:00:00+01:00,85.74086791884457
2048-01-16 04:00:00+01:00,85.78800860729301
2048-01-16 05:00:00+01:00,86.51868927824373
2048-01-16 06:00:00+01:00,91.96343879403776
2048-01-16 07:00:00+01:00,103.5600481523523
2048-01-16 08:00:00+01:00,121.81920814471206
2048-01-16 09:00:00+01:00,116.09947127963551
2048-01-16 10:00:00+01:00,107.98341608509693
2048-01-16 11:00:00+01:00,101.00659419472885
2048-01-16 12:00:00+01:00,94.1554808068899
2048-01-16 13:00:00+01:00,93.73907139226208
2048-01-16 14:00:00+01:00,95.43613617640565
2048-01-16 15:00:00+01:00,104.14144997654964
2048-01-16 16:00:00+01:00,108.38411193690862
2048-01-16 17:00:00+01:00,121.8349217075282
2048-01-16 18:00:00+01:00,119.95715095099897
2048-01-16 19:00:00+01:00,112.16322379419135
2048-01-16 20:00:00+01:00,99.99306939308752
2048-01-16 21:00:00+01:00,91.97915235685389
2048-01-16 22:00:00+01:00,92.00272270107811
2048-01-16 23:00:00+01:00,88.616449914199
2048-01-17 00:00:00+01:00,85.3087449414006
2048-01-17 01:00:00+01:00,83.76881578541847
2048-01-17 02:00:00+01:00,81.52963308411788
2048-01-17 03:00:00+01:00,81.42749492581295
2048-01-17 04:00:00+01:00,81.45106527003716
2048-01-17 05:00:00+01:00,85.23017712731989
2048-01-17 06:00:00+01:00,89.29213311529321
2048-01-17 07:00:00+01:00,101.14801626007413
2048-01-17 08:00:00+01:00,106.0192207330789
2048-01-17 09:00:00+01:00,104.78570605201156
2048-01-17 10:00:00+01:00,103.81932193881869
2048-01-17 11:00:00+01:00,102.82936748140159
2048-01-17 12:00:00+01:00,100.53518731024451
2048-01-17 13:00:00+01:00,99.84379054633416
2048-01-17 14:00:00+01:00,100.89659925501583
2048-01-17 15:00:00+01:00,104.73070858215505
2048-01-17 16:00:00+01:00,107.40987104230767
2048-01-17 17:00:00+01:00,116.94014689029925
2048-01-17 18:00:00+01:00,112.78390952542904
2048-01-17 19:00:00+01:00,104.22787457203843
2048-01-17 20:00:00+01:00,97.5731807194013
2048-01-17 21:00:00+01:00,89.72425609273718
2048-01-17 22:00:00+01:00,88.52216853730214
2048-01-17 23:00:00+01:00,85.56016194645892
2048-01-18 00:00:00+01:00,80.07612852362453
2048-01-18 01:00:00+01:00,77.14554905841361
2048-01-18 02:00:00+01:00,76.17130816381265
2048-01-18 03:00:00+01:00,75.92774794016242
2048-01-18 04:00:00+01:00,76.13988103818036
2048-01-18 05:00:00+01:00,79.68328945322092
2048-01-18 06:00:00+01:00,87.3750784517236
2048-01-18 07:00:00+01:00,99.05811240552694
2048-01-18 08:00:00+01:00,106.57705221305203
2048-01-18 09:00:00+01:00,105.4535324716977
2048-01-18 10:00:00+01:00,98.39814276724887
2048-01-18 11:00:00+01:00,95.49899042767024
2048-01-18 12:00:00+01:00,90.49422067072825
2048-01-18 13:00:00+01:00,89.7163993113291
2048-01-18 14:00:00+01:00,89.70854252992103
2048-01-18 15:00:00+01:00,90.50207745213632
2048-01-18 16:00:00+01:00,92.78054406047727
2048-01-18 17:00:00+01:00,99.71022526239693
2048-01-18 18:00:00+01:00,99.38024044325789
2048-01-18 19:00:00+01:00,94.28118930941905
2048-01-18 20:00:00+01:00,88.38074647195683
2048-01-18 21:00:00+01:00,87.10794788384914
2048-01-18 22:00:00+01:00,85.55230516505085
2048-01-18 23:00:00+01:00,82.2288866294363
2048-01-19 00:00:00+01:00,80.15469633770525
2048-01-19 01:00:00+01:00,79.13331475465587
2048-01-19 02:00:00+01:00,78.61476718172311
2048-01-19 03:00:00+01:00,78.42620442792936
2048-01-19 04:00:00+01:00,78.15907386005492
2048-01-19 05:00:00+01:00,79.98970392813574
2048-01-19 06:00:00+01:00,83.84738359949918
2048-01-19 07:00:00+01:00,91.81415994728438
2048-01-19 08:00:00+01:00,98.89311999595742
2048-01-19 09:00:00+01:00,99.56094641564356
2048-01-19 10:00:00+01:00,90.21923332144573
2048-01-19 11:00:00+01:00,86.40869433853072
2048-01-19 12:00:00+01:00,82.92028339334665
2048-01-19 13:00:00+01:00,83.2502682124857
2048-01-19 14:00:00+01:00,85.07304149915845
2048-01-19 15:00:00+01:00,85.32445850421675
2048-01-19 16:00:00+01:00,88.49074141166984
2048-01-19 17:00:00+01:00,90.10138160032464
2048-01-19 18:00:00+01:00,93.29123485200195
2048-01-19 19:00:00+01:00,89.72425609273718
2048-01-19 20:00:00+01:00,86.7543927204859
2048-01-19 21:00:00+01:00,83.83167003668304
2048-01-19 22:00:00+01:00,85.72515435602844
2048-01-19 23:00:00+01:00,82.48816041590268
2048-01-20 00:00:00+01:00,78.32406626962444
2048-01-20 01:00:00+01:00,78.32406626962444
2048-01-20 02:00:00+01:00,78.41049086511323
2048-01-20 03:00:00+01:00,77.60909916148987
2048-01-20 04:00:00+01:00,77.60124238008179
2048-01-20 05:00:00+01:00,78.39477730229709
2048-01-20 06:00:00+01:00,78.3083527068083
2048-01-20 07:00:00+01:00,78.37906373948094
2048-01-20 08:00:00+01:00,81.82819077762463
2048-01-20 09:00:00+01:00,84.2952201397593
2048-01-20 10:00:00+01:00,82.62172569983991
2048-01-20 11:00:00+01:00,78.31620948821636
2048-01-20 12:00:00+01:00,75.23635117625207
2048-01-20 13:00:00+01:00,73.31143973127438
2048-01-20 14:00:00+01:00,74.69423325909507
2048-01-20 15:00:00+01:00,78.37120695807286
2048-01-20 16:00:00+01:00,82.3467383505574
2048-01-20 17:00:00+01:00,86.36941043149035
2048-01-20 18:00:00+01:00,88.7892991051766
2048-01-20 19:00:00+01:00,86.25155871036927
2048-01-20 20:00:00+01:00,83.6745344085216
2048-01-20 21:00:00+01:00,79.79328439293394
2048-01-20 22:00:00+01:00,80.12326921207297
2048-01-20 23:00:00+01:00,77.53053134740914
2048-01-21 00:00:00+01:00,75.1970672692117
2048-01-21 01:00:00+01:00,75.15778336217134
2048-01-21 02:00:00+01:00,73.98712293236859
2048-01-21 03:00:00+01:00,74.15997212334618
2048-01-21 04:00:00+01:00,74.70209004050315
2048-01-21 05:00:00+01:00,74.72566038472738
2048-01-21 06:00:00+01:00,75.96703184720278
2048-01-21 07:00:00+01:00,75.00064773400989
2048-01-21 08:00:00+01:00,74.74137394754351
2048-01-21 09:00:00+01:00,74.72566038472738
2048-01-21 10:00:00+01:00,74.70209004050315
2048-01-21 11:00:00+01:00,73.68070845745378
2048-01-21 12:00:00+01:00,70.71084508520248
2048-01-21 13:00:00+01:00,70.66370439675404
2048-01-21 14:00:00+01:00,73.71999236449413
2048-01-21 15:00:00+01:00,74.67851969627894
2048-01-21 16:00:00+01:00,75.83346656326555
2048-01-21 17:00:00+01:00,78.04907892034191
2048-01-21 18:00:00+01:00,78.08050604597419
2048-01-21 19:00:00+01:00,77.97836788766925
2048-01-21 20:00:00+01:00,77.71909410120287
2048-01-21 21:00:00+01:00,76.4148683874629
2048-01-21 22:00:00+01:00,77.0905515885571
2048-01-21 23:00:00+01:00,76.2734463221176
2048-01-22 00:00:00+01:00,73.76713305294257
2048-01-22 01:00:00+01:00,74.6628061334628
2048-01-22 02:00:00+01:00,74.69423325909507
2048-01-22 03:00:00+01:00,74.466386598261
2048-01-22 04:00:00+01:00,72.87931675383041
2048-01-22 05:00:00+01:00,74.48210016107713
2048-01-22 06:00:00+01:00,77.2869711237589
2048-01-22 07:00:00+01:00,79.91899289546309
2048-01-22 08:00:00+01:00,80.5082515010685
2048-01-22 09:00:00+01:00,79.04689015916708
2048-01-22 10:00:00+01:00,79.54186738787561
2048-01-22 11:00:00+01:00,81.39606780018066
2048-01-22 12:00:00+01:00,81.45106527003716
2048-01-22 13:00:00+01:00,81.42749492581295
2048-01-22 14:00:00+01:00,80.94037447851247
2048-01-22 15:00:00+01:00,80.99537194836898
2048-01-22 16:00:00+01:00,80.90894735288019
2048-01-22 17:00:00+01:00,82.69243673251258
2048-01-22 18:00:00+01:00,82.56672822998341
2048-01-22 19:00:00+01:00,81.19179148357078
2048-01-22 20:00:00+01:00,78.2219281113195
2048-01-22 21:00:00+01:00,77.20840330967818
2048-01-22 22:00:00+01:00,77.45196353332842
2048-01-22 23:00:00+01:00,74.7178036033193
2048-01-23 00:00:00+01:00,72.10935217583933
2048-01-23 01:00:00+01:00,73.40572110817124
2048-01-23 02:00:00+01:00,73.39786432676317
2048-01-23 03:00:00+01:00,72.55718871609945
2048-01-23 04:00:00+01:00,72.56504549750753
2048-01-23 05:00:00+01:00,72.53361837187522
2048-01-23 06:00:00+01:00,75.94346150297856
2048-01-23 07:00:00+01:00,79.03117659635093
2048-01-23 08:00:00+01:00,81.46677883285331
2048-01-23 09:00:00+01:00,81.10536688808199
2048-01-23 10:00:00+01:00,78.37120695807286
2048-01-23 11:00:00+01:00,76.64271504829698
2048-01-23 12:00:00+01:00,76.1870217266288
2048-01-23 13:00:00+01:00,76.64271504829698
2048-01-23 14:00:00+01:00,75.92774794016242
2048-01-23 15:00:00+01:00,76.83127780209071
2048-01-23 16:00:00+01:00,77.55410169163335
2048-01-23 17:00:00+01:00,79.6282919833644
2048-01-23 18:00:00+01:00,79.30616394563346
2048-01-23 19:00:00+01:00,77.18483296545396
2048-01-23 20:00:00+01:00,76.79199389505035
2048-01-23 21:00:00+01:00,75.37777324159737
2048-01-23 22:00:00+01:00,75.38563002300543
2048-01-23 23:00:00+01:00,71.28439012799176
2048-01-24 00:00:00+01:00,75.69204449792025
2048-01-24 01:00:00+01:00,72.89503031664655
2048-01-24 02:00:00+01:00,70.79726968069127
2048-01-24 03:00:00+01:00,71.33938759784826
2048-01-24 04:00:00+01:00,70.48299842436839
2048-01-24 05:00:00+01:00,72.88717353523847
2048-01-24 06:00:00+01:00,77.60909916148987
2048-01-24 07:00:00+01:00,81.29392964187572
2048-01-24 08:00:00+01:00,80.62610322218958
2048-01-24 09:00:00+01:00,80.29611840305056
2048-01-24 10:00:00+01:00,77.66409663134637
2048-01-24 11:00:00+01:00,76.75270998801
2048-01-24 12:00:00+01:00,78.85047062396526
2048-01-24 13:00:00+01:00,79.05474694057516
2048-01-24 14:00:00+01:00,78.52834258623432
2048-01-24 15:00:00+01:00,78.63833752594732
2048-01-24 16:00:00+01:00,79.92684967687116
2048-01-24 17:00:00+01:00,81.43535170722103
2048-01-24 18:00:00+01:00,84.22450910708665
2048-01-24 19:00:00+01:00,82.99099442601931
2048-01-24 20:00:00+01:00,77.51481778459299
2048-01-24 21:00:00+01:00,75.99845897283507
2048-01-24 22:00:00+01:00,75.99845897283507
2048-01-24 23:00:00+01:00,75.6763309351041
2048-01-25 00:00:00+01:00,72.90288709805462
2048-01-25 01:00:00+01:00,72.98145491213535
2048-01-25 02:00:00+01:00,70.49871198718454
2048-01-25 03:00:00+01:00,70.19229751226972
2048-01-25 04:00:00+01:00,71.08797059278996
2048-01-25 05:00:00+01:00,76.02202931705929
2048-01-25 06:00:00+01:00,77.18483296545396
2048-01-25 07:00:00+01:00,83.46240131050365
2048-01-25 08:00:00+01:00,85.37945597407327
2048-01-25 09:00:00+01:00,85.31660172280868
2048-01-25 10:00:00+01:00,82.6531528254722
2048-01-25 11:00:00+01:00,81.15250757653041
2048-01-25 12:00:00+01:00,79.68328945322092
2048-01-25 13:00:00+01:00,80.71252781767838
2048-01-25 14:00:00+01:00,82.14246203394751
2048-01-25 15:00:00+01:00,85.52873482082663
2048-01-25 16:00:00+01:00,90.91848686676416
2048-01-25 17:00:00+01:00,97.49461290532057
2048-01-25 18:00:00+01:00,97.51032646813671
2048-01-25 19:00:00+01:00,92.3719914272575
2048-01-25 20:00:00+01:00,84.81376771269206
2048-01-25 21:00:00+01:00,79.48686991801912
2048-01-25 22:00:00+01:00,78.05693570174998
2048-01-25 23:00:00+01:00,76.03774287987542
2048-01-26 00:00:00+01:00,71.36295794207247
2048-01-26 01:00:00+01:00,69.68160672074502
2048-01-26 02:00:00+01:00,70.9308349646285
2048-01-26 03:00:00+01:00,71.19796553250296
2048-01-26 04:00:00+01:00,70.67156117816212
2048-01-26 05:00:00+01:00,71.31581725362403
2048-01-26 06:00:00+01:00,78.49691546060203
2048-01-26 07:00:00+01:00,80.83037953879946
2048-01-26 08:00:00+01:00,82.83385879785786
2048-01-26 09:00:00+01:00,81.12108045089813
2048-01-26 10:00:00+01:00,79.54972416928369
2048-01-26 11:00:00+01:00,77.57767203585757
2048-01-26 12:00:00+01:00,79.4083021039384
2048-01-26 13:00:00+01:00,79.18045544310431
2048-01-26 14:00:00+01:00,78.37906373948094
2048-01-26 15:00:00+01:00,78.41049086511323
2048-01-26 16:00:00+01:00,78.3083527068083
2048-01-26 17:00:00+01:00,80.06827174221645
2048-01-26 18:00:00+01:00,84.93161943381314
2048-01-26 19:00:00+01:00,85.99228492390289
2048-01-26 20:00:00+01:00,82.56672822998341
2048-01-26 21:00:00+01:00,79.9739903653196
2048-01-26 22:00:00+01:00,77.83694582232395
2048-01-26 23:00:00+01:00,72.95788456791112
2048-01-27 00:00:00+01:00,67.56813252197361
2048-01-27 01:00:00+01:00,67.3717129867718
2048-01-27 02:00:00+01:00,67.26957482846687
2048-01-27 03:00:00+01:00,67.7959791828077
2048-01-27 04:00:00+01:00,67.86669021548035
2048-01-27 05:00:00+01:00,66.21676611978519
2048-01-27 06:00:00+01:00,64.21328686072678
2048-01-27 07:00:00+01:00,67.61527321042205
2048-01-27 08:00:00+01:00,73.14644732170485
2048-01-27 09:00:00+01:00,71.47295288178549
2048-01-27 10:00:00+01:00,68.38523778841311
2048-01-27 11:00:00+01:00,65.3996608533457
2048-01-27 12:00:00+01:00,65.80821348656544
2048-01-27 13:00:00+01:00,59.00424078717492
2048-01-27 14:00:00+01:00,62.139096568995726
2048-01-27 15:00:00+01:00,70.00373475847599
2048-01-27 16:00:00+01:00,77.26340077953469
2048-01-27 17:00:00+01:00,81.60820089819862
2048-01-27 18:00:00+01:00,87.26508351201058
2048-01-27 19:00:00+01:00,84.8844787453647
2048-01-27 20:00:00+01:00,81.3882110187726
2048-01-27 21:00:00+01:00,77.92337041781275
2048-01-27 22:00:00+01:00,76.79985067645843
2048-01-27 23:00:00+01:00,74.50567050530135
2048-01-28 00:00:00+01:00,73.87712799265557
2048-01-28 01:00:00+01:00,70.52228233140876
2048-01-28 02:00:00+01:00,68.37738100700504
2048-01-28 03:00:00+01:00,65.9024948634623
2048-01-28 04:00:00+01:00,64.92825396886136
2048-01-28 05:00:00+01:00,64.22900042354293
2048-01-28 06:00:00+01:00,67.01815782340856
2048-01-28 07:00:00+01:00,70.35728992183924
2048-01-28 08:00:00+01:00,68.45594882108577
2048-01-28 09:00:00+01:00,66.82959506961483
2048-01-28 10:00:00+01:00,63.42760871991956
2048-01-28 11:00:00+01:00,58.73711021930047
2048-01-28 12:00:00+01:00,55.445118809318224
2048-01-28 13:00:00+01:00,45.23130297882438
2048-01-28 14:00:00+01:00,49.90608791662733
2048-01-28 15:00:00+01:00,57.762869324699516
2048-01-28 16:00:00+01:00,68.49523272812613
2048-01-28 17:00:00+01:00,77.01984055588446
2048-01-28 18:00:00+01:00,79.19616900592044
2048-01-28 19:00:00+01:00,78.05693570174998
2048-01-28 20:00:00+01:00,76.4148683874629
2048-01-28 21:00:00+01:00,74.45067303544485
2048-01-28 22:00:00+01:00,73.1071634146645
2048-01-28 23:00:00+01:00,71.45723931896934
2048-01-29 00:00:00+01:00,67.98454193660143
2048-01-29 01:00:00+01:00,63.83616135313932
2048-01-29 02:00:00+01:00,56.65506314616134
2048-01-29 03:00:00+01:00,59.46779089025118
2048-01-29 04:00:00+01:00,59.45207732743504
2048-01-29 05:00:00+01:00,69.351621901606
2048-01-29 06:00:00+01:00,78.39477730229709
2048-01-29 07:00:00+01:00,83.6745344085216
2048-01-29 08:00:00+01:00,90.45493676368788
2048-01-29 09:00:00+01:00,83.7295318783781
2048-01-29 10:00:00+01:00,78.45763155356165
2048-01-29 11:00:00+01:00,77.53838812881722
2048-01-29 12:00:00+01:00,76.87841849053915
2048-01-29 13:00:00+01:00,76.6977125181535
2048-01-29 14:00:00+01:00,79.98184714672766
2048-01-29 15:00:00+01:00,83.48597165472786
2048-01-29 16:00:00+01:00,95.58541502315903
2048-01-29 17:00:00+01:00,103.54433458953615
2048-01-29 18:00:00+01:00,105.03712305706986
2048-01-29 19:00:00+01:00,100.29162708659427
2048-01-29 20:00:00+01:00,88.12932946689853
2048-01-29 21:00:00+01:00,81.37249745595643
2048-01-29 22:00:00+01:00,78.9840359079025
2048-01-29 23:00:00+01:00,76.25773275930145
2048-01-30 00:00:00+01:00,71.55937747727428
2048-01-30 01:00:00+01:00,70.19229751226972
2048-01-30 02:00:00+01:00,70.21586785649394
2048-01-30 03:00:00+01:00,69.86231269313069
2048-01-30 04:00:00+01:00,69.84659913031454
2048-01-30 05:00:00+01:00,71.31581725362403
2048-01-30 06:00:00+01:00,78.37120695807286
2048-01-30 07:00:00+01:00,86.04728239375939
2048-01-30 08:00:00+01:00,91.86915741714088
2048-01-30 09:00:00+01:00,85.45802378815398
2048-01-30 10:00:00+01:00,79.20402578732852
2048-01-30 11:00:00+01:00,78.26121201835986
2048-01-30 12:00:00+01:00,76.28915988493374
2048-01-30 13:00:00+01:00,76.28915988493374
2048-01-30 14:00:00+01:00,77.68766697557058
2048-01-30 15:00:00+01:00,80.23326415178597
2048-01-30 16:00:00+01:00,82.18960272239595
2048-01-30 17:00:00+01:00,85.41088309970554
2048-01-30 18:00:00+01:00,91.71202178897944
2048-01-30 19:00:00+01:00,88.56930922575057
2048-01-30 20:00:00+01:00,83.54096912458436
2048-01-30 21:00:00+01:00,78.77190280988455
2048-01-30 22:00:00+01:00,77.75837800824324
2048-01-30 23:00:00+01:00,76.06131322409965
2048-01-31 00:00:00+01:00,74.44281625403677
2048-01-31 01:00:00+01:00,72.1172089572474
2048-01-31 02:00:00+01:00,70.89940783899621
2048-01-31 03:00:00+01:00,71.14296806264645
2048-01-31 04:00:00+01:00,70.17658394945357
2048-01-31 05:00:00+01:00,75.08707232949868
2048-01-31 06:00:00+01:00,80.94823125992055
2048-01-31 07:00:00+01:00,94.19476471393025
2048-01-31 08:00:00+01:00,102.32653347128496
2048-01-31 09:00:00+01:00,88.56145244434249
2048-01-31 10:00:00+01:00,82.02461031282644
2048-01-31 11:00:00+01:00,78.64619430735539
2048-01-31 12:00:00+01:00,76.45415229450326
2048-01-31 13:00:00+01:00,76.75270998801
2048-01-31 14:00:00+01:00,77.6562398499383
2048-01-31 15:00:00+01:00,79.09403084761551
2048-01-31 16:00:00+01:00,79.82471151856622
2048-01-31 17:00:00+01:00,82.25245697366053
2048-01-31 18:00:00+01:00,85.63872976053963
2048-01-31 19:00:00+01:00,83.68239118992967
2048-01-31 20:00:00+01:00,79.9425632396873
2048-01-31 21:00:00+01:00,76.35987091760639
2048-01-31 22:00:00+01:00,75.59776312102338
2048-01-31 23:00:00+01:00,71.18225196968682
2048-02-01 00:00:00+01:00,71.93650298486175
2048-02-01 01:00:00+01:00,71.9207894220456
2048-02-01 02:00:00+01:00,71.90507585922946
2048-02-01 03:00:00+01:00,74.30139418869148
2048-02-01 04:00:00+01:00,74.466386598261
2048-02-01 05:00:00+01:00,74.48995694248521
2048-02-01 06:00:00+01:00,83.84738359949918
2048-02-01 07:00:00+01:00,87.83077177339177
2048-02-01 08:00:00+01:00,88.07433199704201
2048-02-01 09:00:00+01:00,87.52435729847697
2048-02-01 10:00:00+01:00,83.8395268180911
2048-02-01 11:00:00+01:00,83.0774190215081
2048-02-01 12:00:00+01:00,82.02461031282644
2048-02-01 13:00:00+01:00,82.39387903900582
2048-02-01 14:00:00+01:00,82.00103996860221
2048-02-01 15:00:00+01:00,84.56235070763375
2048-02-01 16:00:00+01:00,86.09442308220783
2048-02-01 17:00:00+01:00,88.4750278488537
2048-02-01 18:00:00+01:00,94.48546562602893
2048-02-01 19:00:00+01:00,90.55707492199284
2048-02-01 20:00:00+01:00,89.0092889846026
2048-02-01 21:00:00+01:00,83.06956224010004
2048-02-01 22:00:00+01:00,79.50258348083526
2048-02-01 23:00:00+01:00,73.84570086702328
2048-02-02 00:00:00+01:00,73.57071351774076
2048-02-02 01:00:00+01:00,73.54714317351655
2048-02-02 02:00:00+01:00,76.92555917898758
2048-02-02 03:00:00+01:00,78.37120695807286
2048-02-02 04:00:00+01:00,78.43406120933744
2048-02-02 05:00:00+01:00,77.63266950571408
2048-02-02 06:00:00+01:00,82.26817053647667
2048-02-02 07:00:00+01:00,86.02371204953518
2048-02-02 08:00:00+01:00,87.77577430353527
2048-02-02 09:00:00+01:00,85.40302631829748
2048-02-02 10:00:00+01:00,84.24022266990279
2048-02-02 11:00:00+01:00,81.50606273989366
2048-02-02 12:00:00+01:00,81.20750504638693
2048-02-02 13:00:00+01:00,81.1839347021627
2048-02-02 14:00:00+01:00,81.20750504638693
2048-02-02 15:00:00+01:00,81.23107539061114
2048-02-02 16:00:00+01:00,84.7194863357952
2048-02-02 17:00:00+01:00,83.85524038090726
2048-02-02 18:00:00+01:00,85.56801872786698
2048-02-02 19:00:00+01:00,82.4331629460462
2048-02-02 20:00:00+01:00,78.3319230510325
2048-02-02 21:00:00+01:00,76.37558448042253
2048-02-02 22:00:00+01:00,77.63266950571408
2048-02-02 23:00:00+01:00,73.73570592731028
2048-02-03 00:00:00+01:00,71.0722570299738
2048-02-03 01:00:00+01:00,76.78413711364229
2048-02-03 02:00:00+01:00,71.46509610037741
2048-02-03 03:00:00+01:00,71.36295794207247
2048-02-03 04:00:00+01:00,71.04868668574959
2048-02-03 05:00:00+01:00,69.96445085143563
2048-02-03 06:00:00+01:00,71.0722570299738
2048-02-03 07:00:00+01:00,71.0722570299738
2048-02-03 08:00:00+01:00,70.77369933646706
2048-02-03 09:00:00+01:00,68.52665985375842
2048-02-03 10:00:00+01:00,68.86450145430553
2048-02-03 11:00:00+01:00,64.88897006182098
2048-02-03 12:00:00+01:00,51.43030350979333
2048-02-03 13:00:00+01:00,41.852886973353336
2048-02-03 14:00:00+01:00,51.33602213289647
2048-02-03 15:00:00+01:00,65.82392704938158
2048-02-03 16:00:00+01:00,78.43406120933744
2048-02-03 17:00:00+01:00,78.85047062396526
2048-02-03 18:00:00+01:00,79.11760119183973
2048-02-03 19:00:00+01:00,78.88975453100562
2048-02-03 20:00:00+01:00,78.7561892470684
2048-02-03 21:00:00+01:00,78.41049086511323
2048-02-03 22:00:00+01:00,78.48120189778588
2048-02-03 23:00:00+01:00,71.10368415560609
2048-02-04 00:00:00+01:00,76.81556423927456
2048-02-04 01:00:00+01:00,71.3865282862967
2048-02-04 02:00:00+01:00,68.80950398444901
2048-02-04 03:00:00+01:00,64.97539465730978
2048-02-04 04:00:00+01:00,61.078431078905986
2048-02-04 05:00:00+01:00,64.998965001534
2048-02-04 06:00:00+01:00,65.81607026797352
2048-02-04 07:00:00+01:00,69.75231775341769
2048-02-04 08:00:00+01:00,65.02253534575821
2048-02-04 09:00:00+01:00,61.08628786031405
2048-02-04 10:00:00+01:00,32.063337338895394
2048-02-04 11:00:00+01:00,33.93325131401657
2048-02-04 12:00:00+01:00,26.27288944114619
2048-02-04 13:00:00+01:00,22.446636895415033
2048-02-04 14:00:00+01:00,25.1965103882403
2048-02-04 15:00:00+01:00,36.18029079672522
2048-02-04 16:00:00+01:00,59.54635870433191
2048-02-04 17:00:00+01:00,77.75052122683516
2048-02-04 18:00:00+01:00,77.41267962628807
2048-02-04 19:00:00+01:00,77.29482790516697
2048-02-04 20:00:00+01:00,77.0905515885571
2048-02-04 21:00:00+01:00,78.52048580482624
2048-02-04 22:00:00+01:00,78.4733451163778
2048-02-04 23:00:00+01:00,77.73480766401902
2048-02-05 00:00:00+01:00,71.04082990434152
2048-02-05 01:00:00+01:00,68.95878283120238
2048-02-05 02:00:00+01:00,67.39528333099602
2048-02-05 03:00:00+01:00,67.9688283737853
2048-02-05 04:00:00+01:00,68.04739618786601
2048-02-05 05:00:00+01:00,77.40482284487999
2048-02-05 06:00:00+01:00,78.28478236258407
2048-02-05 07:00:00+01:00,80.03684461658418
2048-02-05 08:00:00+01:00,82.05603743845872
2048-02-05 09:00:00+01:00,80.64967356641381
2048-02-05 10:00:00+01:00,73.04430916339992
2048-02-05 11:00:00+01:00,75.17349692498748
2048-02-05 12:00:00+01:00,60.64630810146201
2048-02-05 13:00:00+01:00,58.13999483228699
2048-02-05 14:00:00+01:00,64.27614111199136
2048-02-05 15:00:00+01:00,71.39438506770477
2048-02-05 16:00:00+01:00,77.91551363640468
2048-02-05 17:00:00+01:00,80.62610322218958
2048-02-05 18:00:00+01:00,84.01237600906869
2048-02-05 19:00:00+01:00,82.2288866294363
2048-02-05 20:00:00+01:00,79.13331475465587
2048-02-05 21:00:00+01:00,71.4100986305209
2048-02-05 22:00:00+01:00,71.3865282862967
2048-02-05 23:00:00+01:00,67.3717129867718
2048-02-06 00:00:00+01:00,65.36037694630532
2048-02-06 01:00:00+01:00,65.21895488096003
2048-02-06 02:00:00+01:00,65.14824384828738
2048-02-06 03:00:00+01:00,65.10110315983894
2048-02-06 04:00:00+01:00,64.998965001534
2048-02-06 05:00:00+01:00,66.84530863243097
2048-02-06 06:00:00+01:00,76.25773275930145
2048-02-06 07:00:00+01:00,80.06041496080839
2048-02-06 08:00:00+01:00,81.68676871227933
2048-02-06 09:00:00+01:00,79.76971404870972
2048-02-06 10:00:00+01:00,73.19358801015329
2048-02-06 11:00:00+01:00,70.64799083393791
2048-02-06 12:00:00+01:00,69.95659407002755
2048-02-06 13:00:00+01:00,68.95092604979432
2048-02-06 14:00:00+01:00,65.80821348656544
2048-02-06 15:00:00+01:00,67.26171804705879
2048-02-06 16:00:00+01:00,77.45196353332842
2048-02-06 17:00:00+01:00,79.87185220701465
2048-02-06 18:00:00+01:00,80.20183702615368
2048-02-06 19:00:00+01:00,79.20402578732852
2048-02-06 20:00:00+01:00,76.83127780209071
2048-02-06 21:00:00+01:00,71.70079954261958
2048-02-06 22:00:00+01:00,71.94435976626981
2048-02-06 23:00:00+01:00,67.61527321042205
2048-02-07 00:00:00+01:00,72.25863102259271
2048-02-07 01:00:00+01:00,71.9757868919021
2048-02-07 02:00:00+01:00,71.90507585922946
2048-02-07 03:00:00+01:00,71.94435976626981
2048-02-07 04:00:00+01:00,71.43366897474513
2048-02-07 05:00:00+01:00,72.56504549750753
2048-02-07 06:00:00+01:00,72.92645744227883
2048-02-07 07:00:00+01:00,80.71252781767838
2048-02-07 08:00:00+01:00,83.43883096627943
2048-02-07 09:00:00+01:00,81.70248227509548
2048-02-07 10:00:00+01:00,79.32973428985767
2048-02-07 11:00:00+01:00,78.99974947071864
2048-02-07 12:00:00+01:00,79.3218775084496
2048-02-07 13:00:00+01:00,80.24112093319404
2048-02-07 14:00:00+01:00,84.23236588849471
2048-02-07 15:00:00+01:00,87.24151316778637
2048-02-07 16:00:00+01:00,89.64568827865645
2048-02-07 17:00:00+01:00,104.27501526048687
2048-02-07 18:00:00+01:00,107.48058207498032
2048-02-07 19:00:00+01:00,96.37109316396625
2048-02-07 20:00:00+01:00,89.14285426853984
2048-02-07 21:00:00+01:00,83.6431072828893
2048-02-07 22:00:00+01:00,82.29174088070089
2048-02-07 23:00:00+01:00,79.36116141548996
2048-02-08 00:00:00+01:00,78.58334005609082
2048-02-08 01:00:00+01:00,75.84132334467363
2048-02-08 02:00:00+01:00,74.96136382696953
2048-02-08 03:00:00+01:00,74.05783396504124
2048-02-08 04:00:00+01:00,74.05783396504124
2048-02-08 05:00:00+01:00,78.30049592540021
2048-02-08 06:00:00+01:00,86.66011134358902
2048-02-08 07:00:00+01:00,100.48018984038801
2048-02-08 08:00:00+01:00,111.30683462071147
2048-02-08 09:00:00+01:00,100.77874753389474
2048-02-08 10:00:00+01:00,90.96562755521259
2048-02-08 11:00:00+01:00,89.39427127359815
2048-02-08 12:00:00+01:00,86.91152834864734
2048-02-08 13:00:00+01:00,85.83514929574145
2048-02-08 14:00:00+01:00,86.93509869287155
2048-02-08 15:00:00+01:00,89.00143220319454
2048-02-08 16:00:00+01:00,91.6963082261633
2048-02-08 17:00:00+01:00,93.95906127168809
2048-02-08 18:00:00+01:00,91.44489122110498
2048-02-08 19:00:00+01:00,85.01018724789387
2048-02-08 20:00:00+01:00,80.83037953879946
2048-02-08 21:00:00+01:00,79.4632995737949
2048-02-08 22:00:00+01:00,79.39258854112225
2048-02-08 23:00:00+01:00,73.56285673633269
2048-02-09 00:00:00+01:00,73.0207388191757
2048-02-09 01:00:00+01:00,72.95002778650306
2048-02-09 02:00:00+01:00,71.3551011606644
2048-02-09 03:00:00+01:00,71.26867656517561
2048-02-09 04:00:00+01:00,72.63575653018017
2048-02-09 05:00:00+01:00,73.23287191719365
2048-02-09 06:00:00+01:00,76.79199389505035
2048-02-09 07:00:00+01:00,81.52177630270982
2048-02-09 08:00:00+01:00,81.51391952130174
2048-02-09 09:00:00+01:00,78.01765179470962
2048-02-09 10:00:00+01:00,78.01765179470962
2048-02-09 11:00:00+01:00,79.9425632396873
2048-02-09 12:00:00+01:00,79.36116141548996
2048-02-09 13:00:00+01:00,79.5182970436514
2048-02-09 14:00:00+01:00,79.4083021039384
2048-02-09 15:00:00+01:00,79.78542761152586
2048-02-09 16:00:00+01:00,82.42530616463812
2048-02-09 17:00:00+01:00,86.32226974304193
2048-02-09 18:00:00+01:00,86.44797824557108
2048-02-09 19:00:00+01:00,83.90238106935568
2048-02-09 20:00:00+01:00,79.92684967687116
2048-02-09 21:00:00+01:00,77.54624491022528
2048-02-09 22:00:00+01:00,76.79199389505035
2048-02-09 23:00:00+01:00,72.84788962819812
2048-02-10 00:00:00+01:00,69.62660925088852
2048-02-10 01:00:00+01:00,68.11810722053866
2048-02-10 02:00:00+01:00,67.02601460481662
2048-02-10 03:00:00+01:00,66.9788739163682
2048-02-10 04:00:00+01:00,65.69821854685243
2048-02-10 05:00:00+01:00,66.98673069777627
2048-02-10 06:00:00+01:00,67.20672057720228
2048-02-10 07:00:00+01:00,71.80293770092452
2048-02-10 08:00:00+01:00,74.83565532444038
2048-02-10 09:00:00+01:00,74.88279601288882
2048-02-10 10:00:00+01:00,71.92864620345367
2048-02-10 11:00:00+01:00,70.55370945704104
2048-02-10 12:00:00+01:00,69.83874234890646
2048-02-10 13:00:00+01:00,69.60303890666431
2048-02-10 14:00:00+01:00,70.19229751226972
2048-02-10 15:00:00+01:00,73.79856017857485
2048-02-10 16:00:00+01:00,79.43187244816261
2048-02-10 17:00:00+01:00,82.51173076012691
2048-02-10 18:00:00+01:00,83.5881098130328
2048-02-10 19:00:00+01:00,79.10974441043165
2048-02-10 20:00:00+01:00,74.9456502641534
2048-02-10 21:00:00+01:00,71.09582737419802
2048-02-10 22:00:00+01:00,71.61437494713078
2048-02-10 23:00:00+01:00,68.72307938896022
2048-02-11 00:00:00+01:00,63.50617653400029
2048-02-11 01:00:00+01:00,63.69473928779402
2048-02-11 02:00:00+01:00,61.699116810143686
2048-02-11 03:00:00+01:00,61.41627267945309
2048-02-11 04:00:00+01:00,57.786439668923734
2048-02-11 05:00:00+01:00,56.39578935969496
2048-02-11 06:00:00+01:00,62.31194575997332
2048-02-11 07:00:00+01:00,62.846206895722226
2048-02-11 08:00:00+01:00,65.54108291869099
2048-02-11 09:00:00+01:00,65.74535923530087
2048-02-11 10:00:00+01:00,66.53889415751615
2048-02-11 11:00:00+01:00,67.26957482846687
2048-02-11 12:00:00+01:00,66.57032128314844
2048-02-11 13:00:00+01:00,65.23466844377617
2048-02-11 14:00:00+01:00,64.91254040604521
2048-02-11 15:00:00+01:00,67.35599942395567
2048-02-11 16:00:00+01:00,70.62442048971369
2048-02-11 17:00:00+01:00,77.77409157105937
2048-02-11 18:00:00+01:00,79.9739903653196
2048-02-11 19:00:00+01:00,78.74833246566034
2048-02-11 20:00:00+01:00,76.81556423927456
2048-02-11 21:00:00+01:00,71.96007332908596
2048-02-11 22:00:00+01:00,70.37300348465537
2048-02-11 23:00:00+01:00,66.27962037104977
2048-02-12 00:00:00+01:00,67.67812746168661
2048-02-12 01:00:00+01:00,66.4996102504758
2048-02-12 02:00:00+01:00,65.41537441616182
2048-02-12 03:00:00+01:00,64.27614111199136
2048-02-12 04:00:00+01:00,65.79249992374929
2048-02-12 05:00:00+01:00,68.01596906223372
2048-02-12 06:00:00+01:00,77.62481272430601
2048-02-12 07:00:00+01:00,85.86657642137372
2048-02-12 08:00:00+01:00,90.30565791693452
2048-02-12 09:00:00+01:00,86.21227480332891
2048-02-12 10:00:00+01:00,81.4432084886291
2048-02-12 11:00:00+01:00,78.48120189778588
2048-02-12 12:00:00+01:00,74.6628061334628
2048-02-12 13:00:00+01:00,74.13640177912195
2048-02-12 14:00:00+01:00,74.24639671883497
2048-02-12 15:00:00+01:00,77.86837294795625
2048-02-12 16:00:00+01:00,79.25116647577696
2048-02-12 17:00:00+01:00,84.52306680059338
2048-02-12 18:00:00+01:00,93.46408404297954
2048-02-12 19:00:00+01:00,89.56712046457574
2048-02-12 20:00:00+01:00,82.62172569983991
2048-02-12 21:00:00+01:00,78.22978489272757
2048-02-12 22:00:00+01:00,76.44629551309518
2048-02-12 23:00:00+01:00,69.50875752976744
2048-02-13 00:00:00+01:00,70.09801613537286
2048-02-13 01:00:00+01:00,68.96663961261046
2048-02-13 02:00:00+01:00,69.19448627344454
2048-02-13 03:00:00+01:00,70.16087038663743
2048-02-13 04:00:00+01:00,70.18444073086165
2048-02-13 05:00:00+01:00,70.20801107508586
2048-02-13 06:00:00+01:00,77.62481272430601
2048-02-13 07:00:00+01:00,83.85524038090726
2048-02-13 08:00:00+01:00,86.48726215261144
2048-02-13 09:00:00+01:00,82.60601213702378
2048-02-13 10:00:00+01:00,77.49910422177686
2048-02-13 11:00:00+01:00,75.96703184720278
2048-02-13 12:00:00+01:00,73.97926615096051
2048-02-13 13:00:00+01:00,73.12287697748064
2048-02-13 14:00:00+01:00,72.14077930147161
2048-02-13 15:00:00+01:00,75.99845897283507
2048-02-13 16:00:00+01:00,81.48249239566945
2048-02-13 17:00:00+01:00,88.27075153224382
2048-02-13 18:00:00+01:00,91.74344891461173
2048-02-13 19:00:00+01:00,89.2371356454367
2048-02-13 20:00:00+01:00,80.35897265431512
2048-02-13 21:00:00+01:00,77.66409663134637
2048-02-13 22:00:00+01:00,75.73918518636869
2048-02-13 23:00:00+01:00,70.72655864801862
2048-02-14 00:00:00+01:00,65.78464314234122
2048-02-14 01:00:00+01:00,64.9439675316775
2048-02-14 02:00:00+01:00,64.998965001534
2048-02-14 03:00:00+01:00,63.859731697363536
2048-02-14 04:00:00+01:00,64.91254040604521
2048-02-14 05:00:00+01:00,66.49175346906772
2048-02-14 06:00:00+01:00,73.97926615096051
2048-02-14 07:00:00+01:00,77.7112373197948
2048-02-14 08:00:00+01:00,81.05822619963355
2048-02-14 09:00:00+01:00,76.11631069395615
2048-02-14 10:00:00+01:00,73.63356776900534
2048-02-14 11:00:00+01:00,69.76017453482574
2048-02-14 12:00:00+01:00,65.94177877050267
2048-02-14 13:00:00+01:00,65.83178383078966
2048-02-14 14:00:00+01:00,69.3201947759737
2048-02-14 15:00:00+01:00,72.17220642710392
2048-02-14 16:00:00+01:00,75.35420289737314
2048-02-14 17:00:00+01:00,79.25116647577696
2048-02-14 18:00:00+01:00,82.28388409929282
2048-02-14 19:00:00+01:00,81.34107033032416
2048-02-14 20:00:00+01:00,76.30487344774988
2048-02-14 21:00:00+01:00,73.73570592731028
2048-02-14 22:00:00+01:00,71.08797059278996
2048-02-14 23:00:00+01:00,65.64322107699593
2048-02-15 00:00:00+01:00,66.48389668765964
2048-02-15 01:00:00+01:00,67.36385620536373
2048-02-15 02:00:00+01:00,66.8610221952471
2048-02-15 03:00:00+01:00,66.82959506961483
2048-02-15 04:00:00+01:00,66.60174840878072
2048-02-15 05:00:00+01:00,66.98673069777627
2048-02-15 06:00:00+01:00,74.11283143489774
2048-02-15 07:00:00+01:00,81.10536688808199
2048-02-15 08:00:00+01:00,81.22321860920307
2048-02-15 09:00:00+01:00,75.95131828438663
2048-02-15 10:00:00+01:00,72.18006320851198
2048-02-15 11:00:00+01:00,70.55370945704104
2048-02-15 12:00:00+01:00,68.62094123065529
2048-02-15 13:00:00+01:00,67.84311987125614
2048-02-15 14:00:00+01:00,69.45376005991093
2048-02-15 15:00:00+01:00,72.1172089572474
2048-02-15 16:00:00+01:00,78.68547821439576
2048-02-15 17:00:00+01:00,82.50387397871884
2048-02-15 18:00:00+01:00,84.69591599157097
2048-02-15 19:00:00+01:00,80.2804048402344
2048-02-15 20:00:00+01:00,73.27215582423402
2048-02-15 21:00:00+01:00,71.31581725362403
2048-02-15 22:00:00+01:00,68.49523272812613
2048-02-15 23:00:00+01:00,66.74317047412603
2048-02-16 00:00:00+01:00,63.86758847877161
2048-02-16 01:00:00+01:00,64.18185973509449
2048-02-16 02:00:00+01:00,64.03258088834113
2048-02-16 03:00:00+01:00,64.37042248888822
2048-02-16 04:00:00+01:00,64.65326661957883
2048-02-16 05:00:00+01:00,64.39399283311245
2048-02-16 06:00:00+01:00,69.71303384637731
2048-02-16 07:00:00+01:00,72.21149033414427
2048-02-16 08:00:00+01:00,73.43714823380353
2048-02-16 09:00:00+01:00,70.23943820071815
2048-02-16 10:00:00+01:00,65.72964567248471
2048-02-16 11:00:00+01:00,65.89463808205423
2048-02-16 12:00:00+01:00,65.59608038854749
2048-02-16 13:00:00+01:00,65.55679648150712
2048-02-16 14:00:00+01:00,65.33680660208111
2048-02-16 15:00:00+01:00,66.2953339338659
2048-02-16 16:00:00+01:00,70.32586279620695
2048-02-16 17:00:00+01:00,72.80860572115776
2048-02-16 18:00:00+01:00,74.22282637461075
2048-02-16 19:00:00+01:00,73.27215582423402
2048-02-16 20:00:00+01:00,71.08011381138188
2048-02-16 21:00:00+01:00,67.12029598171348
2048-02-16 22:00:00+01:00,66.63317553441303
2048-02-16 23:00:00+01:00,63.70259606920209
2048-02-17 00:00:00+01:00,65.41537441616182
2048-02-17 01:00:00+01:00,64.88111328041292
2048-02-17 02:00:00+01:00,63.42760871991956
2048-02-17 03:00:00+01:00,63.44332228273571
2048-02-17 04:00:00+01:00,63.06619677514824
2048-02-17 05:00:00+01:00,62.41408391827825
2048-02-17 06:00:00+01:00,64.93611075026942
2048-02-17 07:00:00+01:00,69.70517706496925
2048-02-17 08:00:00+01:00,71.19010875109488
2048-02-17 09:00:00+01:00,70.23943820071815
2048-02-17 10:00:00+01:00,66.72745691130987
2048-02-17 11:00:00+01:00,65.06181925279859
2048-02-17 12:00:00+01:00,65.0539624713905
2048-02-17 13:00:00+01:00,62.508365295175125
2048-02-17 14:00:00+01:00,63.77330710187474
2048-02-17 15:00:00+01:00,69.41447615287056
2048-02-17 16:00:00+01:00,74.58423831938207
2048-02-17 17:00:00+01:00,79.07046050339129
2048-02-17 18:00:00+01:00,81.46677883285331
2048-02-17 19:00:00+01:00,83.98880566484448
2048-02-17 20:00:00+01:00,77.31054146798313
2048-02-17 21:00:00+01:00,73.93998224392016
2048-02-17 22:00:00+01:00,72.72218112566897
2048-02-17 23:00:00+01:00,70.18444073086165
2048-02-18 00:00:00+01:00,64.25257076776714
2048-02-18 01:00:00+01:00,63.121194245004745
2048-02-18 02:00:00+01:00,61.99767450365042
2048-02-18 03:00:00+01:00,57.943575297085175
2048-02-18 04:00:00+01:00,57.92786173426903
2048-02-18 05:00:00+01:00,58.988527224358776
2048-02-18 06:00:00+01:00,57.70001507343494
2048-02-18 07:00:00+01:00,58.155708395103126
2048-02-18 08:00:00+01:00,57.975002422717466
2048-02-18 09:00:00+01:00,57.865007483004455
2048-02-18 10:00:00+01:00,54.9422847992016
2048-02-18 11:00:00+01:00,52.192411306376336
2048-02-18 12:00:00+01:00,50.40892192674394
2048-02-18 13:00:00+01:00,47.39191786604423
2048-02-18 14:00:00+01:00,54.00732781164102
2048-02-18 15:00:00+01:00,60.33203684513912
2048-02-18 16:00:00+01:00,62.893347584170655
2048-02-18 17:00:00+01:00,71.33153081644018
2048-02-18 18:00:00+01:00,72.290058148225
2048-02-18 19:00:00+01:00,71.33153081644018
2048-02-18 20:00:00+01:00,67.64670033605432
2048-02-18 21:00:00+01:00,63.22333240330969
2048-02-18 22:00:00+01:00,63.00334252388367
2048-02-18 23:00:00+01:00,61.40055911663694
2048-02-19 00:00:00+01:00,59.813489272206354
2048-02-19 01:00:00+01:00,59.224230666600945
2048-02-19 02:00:00+01:00,59.224230666600945
2048-02-19 03:00:00+01:00,59.60135617418841
2048-02-19 04:00:00+01:00,59.9706249003678
2048-02-19 05:00:00+01:00,60.48917247330057
2048-02-19 06:00:00+01:00,68.11025043913058
2048-02-19 07:00:00+01:00,72.400053087938
2048-02-19 08:00:00+01:00,74.00283649518472
2048-02-19 09:00:00+01:00,71.74008344965995
2048-02-19 10:00:00+01:00,69.57161178103202
2048-02-19 11:00:00+01:00,68.58951410502299
2048-02-19 12:00:00+01:00,66.95530357214398
2048-02-19 13:00:00+01:00,66.38961531076278
2048-02-19 14:00:00+01:00,66.57032128314844
2048-02-19 15:00:00+01:00,68.21238859743552
2048-02-19 16:00:00+01:00,70.67941795957019
2048-02-19 17:00:00+01:00,73.42929145239546
2048-02-19 18:00:00+01:00,80.62610322218958
2048-02-19 19:00:00+01:00,76.37558448042253
2048-02-19 20:00:00+01:00,71.29224690939982
2048-02-19 21:00:00+01:00,69.78374487904996
2048-02-19 22:00:00+01:00,69.19448627344454
2048-02-19 23:00:00+01:00,66.7196001299018
2048-02-20 00:00:00+01:00,61.60483543324682
2048-02-20 01:00:00+01:00,60.8191572924396
2048-02-20 02:00:00+01:00,60.77201660399117
2048-02-20 03:00:00+01:00,60.206328342609964
2048-02-20 04:00:00+01:00,60.080619840080814
2048-02-20 05:00:00+01:00,64.39399283311245
2048-02-20 06:00:00+01:00,72.29791492963307
2048-02-20 07:00:00+01:00,81.34892711173222
2048-02-20 08:00:00+01:00,82.87314270489823
2048-02-20 09:00:00+01:00,74.30139418869148
2048-02-20 10:00:00+01:00,71.5829478214985
2048-02-20 11:00:00+01:00,69.15520236640418
2048-02-20 12:00:00+01:00,65.83178383078966
2048-02-20 13:00:00+01:00,62.77549586304957
2048-02-20 14:00:00+01:00,62.61836023488813
2048-02-20 15:00:00+01:00,68.80950398444901
2048-02-20 16:00:00+01:00,70.09015935396478
2048-02-20 17:00:00+01:00,72.14863608287969
2048-02-20 18:00:00+01:00,77.84480260373203
2048-02-20 19:00:00+01:00,76.06131322409965
2048-02-20 20:00:00+01:00,72.89503031664655
2048-02-20 21:00:00+01:00,68.99806673824274
2048-02-20 22:00:00+01:00,67.37956976817988
2048-02-20 23:00:00+01:00,62.58693310925584
2048-02-21 00:00:00+01:00,59.38922307617046
2048-02-21 01:00:00+01:00,59.53064514151576
2048-02-21 02:00:00+01:00,59.538501922923835
2048-02-21 03:00:00+01:00,59.6327832998207
2048-02-21 04:00:00+01:00,59.483504453067326
2048-02-21 05:00:00+01:00,59.538501922923835
2048-02-21 06:00:00+01:00,68.0552529692741
2048-02-21 07:00:00+01:00,71.98364367331018
2048-02-21 08:00:00+01:00,75.01636129682605
2048-02-21 09:00:00+01:00,70.12944326100515
2048-02-21 10:00:00+01:00,68.08668009490637
2048-02-21 11:00:00+01:00,66.49175346906772
2048-02-21 12:00:00+01:00,63.883302041587754
2048-02-21 13:00:00+01:00,64.05615123256534
2048-02-21 14:00:00+01:00,65.74535923530087
2048-02-21 15:00:00+01:00,67.78026561999155
2048-02-21 16:00:00+01:00,68.7859336402248
2048-02-21 17:00:00+01:00,69.17091592922033
2048-02-21 18:00:00+01:00,69.32805155738177
2048-02-21 19:00:00+01:00,68.76236329600057
2048-02-21 20:00:00+01:00,68.18881825321131
2048-02-21 21:00:00+01:00,62.86977723994644
2048-02-21 22:00:00+01:00,61.44769980508538
2048-02-21 23:00:00+01:00,59.23994422941709
2048-02-22 00:00:00+01:00,60.95272257637683
2048-02-22 01:00:00+01:00,60.54416994315707
2048-02-22 02:00:00+01:00,60.63845132005394
2048-02-22 03:00:00+01:00,60.48917247330057
2048-02-22 04:00:00+01:00,60.48917247330057
2048-02-22 05:00:00+01:00,60.347750407955274
2048-02-22 06:00:00+01:00,66.93173322791976
2048-02-22 07:00:00+01:00,72.54933193469138
2048-02-22 08:00:00+01:00,73.83784408561522
2048-02-22 09:00:00+01:00,70.27086532635045
2048-02-22 10:00:00+01:00,68.54237341657455
2048-02-22 11:00:00+01:00,66.35818818513049
2048-02-22 12:00:00+01:00,63.48260618977607
2048-02-22 13:00:00+01:00,66.50746703188386
2048-02-22 14:00:00+01:00,65.49394223024255
2048-02-22 15:00:00+01:00,65.33680660208111
2048-02-22 16:00:00+01:00,66.99458747918433
2048-02-22 17:00:00+01:00,67.04172816763277
2048-02-22 18:00:00+01:00,68.66022513769565
2048-02-22 19:00:00+01:00,66.95530357214398
2048-02-22 20:00:00+01:00,65.06181925279859
2048-02-22 21:00:00+01:00,61.581265089022594
2048-02-22 22:00:00+01:00,61.565551526206455
2048-02-22 23:00:00+01:00,59.51493157869962
2048-02-23 00:00:00+01:00,60.69344878991045
2048-02-23 01:00:00+01:00,60.80344372962345
2048-02-23 02:00:00+01:00,61.29056417692393
2048-02-23 03:00:00+01:00,60.03347915163238
2048-02-23 04:00:00+01:00,59.9706249003678
2048-02-23 05:00:00+01:00,61.40055911663694
2048-02-23 06:00:00+01:00,61.824825312672836
2048-02-23 07:00:00+01:00,68.21238859743552
2048-02-23 08:00:00+01:00,69.30448121315756
2048-02-23 09:00:00+01:00,63.04262643092403
2048-02-23 10:00:00+01:00,60.85058441807188
2048-02-23 11:00:00+01:00,61.125571767354415
2048-02-23 12:00:00+01:00,60.15133087275346
2048-02-23 13:00:00+01:00,60.08847662148888
2048-02-23 14:00:00+01:00,60.11990374712117
2048-02-23 15:00:00+01:00,60.85058441807188
2048-02-23 16:00:00+01:00,62.665500923336566
2048-02-23 17:00:00+01:00,72.0307843617586
2048-02-23 18:00:00+01:00,77.11412193278132
2048-02-23 19:00:00+01:00,76.87056170913108
2048-02-23 20:00:00+01:00,71.92864620345367
2048-02-23 21:00:00+01:00,70.11372969818899
2048-02-23 22:00:00+01:00,68.11810722053866
2048-02-23 23:00:00+01:00,66.13819830570446
2048-02-24 00:00:00+01:00,66.61746197159687
2048-02-24 01:00:00+01:00,63.40403837569535
2048-02-24 02:00:00+01:00,61.321991302556214
2048-02-24 03:00:00+01:00,60.75630304117502
2048-02-24 04:00:00+01:00,60.95272257637683
2048-02-24 05:00:00+01:00,61.958390596610066
2048-02-24 06:00:00+01:00,66.56246450174037
2048-02-24 07:00:00+01:00,70.64013405252983
2048-02-24 08:00:00+01:00,70.3101492333908
2048-02-24 09:00:00+01:00,62.861920458538364
2048-02-24 10:00:00+01:00,59.507074797291544
2048-02-24 11:00:00+01:00,57.15789715627796
2048-02-24 12:00:00+01:00,53.34735817336295
2048-02-24 13:00:00+01:00,46.20554387342533
2048-02-24 14:00:00+01:00,57.46431163119277
2048-02-24 15:00:00+01:00,58.831391596197335
2048-02-24 16:00:00+01:00,63.364754468654986
2048-02-24 17:00:00+01:00,73.24072869860173
2048-02-24 18:00:00+01:00,79.9425632396873
2048-02-24 19:00:00+01:00,77.64052628712214
2048-02-24 20:00:00+01:00,72.53361837187522
2048-02-24 21:00:00+01:00,66.4996102504758
2048-02-24 22:00:00+01:00,66.49175346906772
2048-02-24 23:00:00+01:00,62.72049839319307
2048-02-25 00:00:00+01:00,63.45117906414378
2048-02-25 01:00:00+01:00,62.453367825318615
2048-02-25 02:00:00+01:00,60.64630810146201
2048-02-25 03:00:00+01:00,60.22989868683418
2048-02-25 04:00:00+01:00,59.93919777473552
2048-02-25 05:00:00+01:00,60.36346397077141
2048-02-25 06:00:00+01:00,60.913438669336465
2048-02-25 07:00:00+01:00,61.722687154367904
2048-02-25 08:00:00+01:00,62.12338300617958
2048-02-25 09:00:00+01:00,60.339893626547195
2048-02-25 10:00:00+01:00,59.41279342039468
2048-02-25 11:00:00+01:00,53.87376252770379
2048-02-25 12:00:00+01:00,50.14964814027756
2048-02-25 13:00:00+01:00,46.58266938101279
2048-02-25 14:00:00+01:00,50.06322354478877
2048-02-25 15:00:00+01:00,57.98285920412554
2048-02-25 16:00:00+01:00,67.39528333099602
2048-02-25 17:00:00+01:00,72.93431422368691
2048-02-25 18:00:00+01:00,74.25425350024304
2048-02-25 19:00:00+01:00,75.64490380947181
2048-02-25 20:00:00+01:00,71.70079954261958
2048-02-25 21:00:00+01:00,68.32238353714854
2048-02-25 22:00:00+01:00,67.35599942395567
2048-02-25 23:00:00+01:00,64.79468868492413
2048-02-26 00:00:00+01:00,63.07405355655632
2048-02-26 01:00:00+01:00,61.958390596610066
2048-02-26 02:00:00+01:00,61.078431078905986
2048-02-26 03:00:00+01:00,60.54416994315707
2048-02-26 04:00:00+01:00,61.18842601861899
2048-02-26 05:00:00+01:00,63.20761884049354
2048-02-26 06:00:00+01:00,72.08578183161512
2048-02-26 07:00:00+01:00,79.30616394563346
2048-02-26 08:00:00+01:00,81.20750504638693
2048-02-26 09:00:00+01:00,75.40920036722966
2048-02-26 10:00:00+01:00,71.15868162546259
2048-02-26 11:00:00+01:00,68.19667503461937
2048-02-26 12:00:00+01:00,67.95311481096914
2048-02-26 13:00:00+01:00,67.63098677323819
2048-02-26 14:00:00+01:00,67.6545571174624
2048-02-26 15:00:00+01:00,68.4480920396777
2048-02-26 16:00:00+01:00,71.00940277870922
2048-02-26 17:00:00+01:00,77.51481778459299
2048-02-26 18:00:00+01:00,82.48030363449462
2048-02-26 19:00:00+01:00,78.7561892470684
2048-02-26 20:00:00+01:00,73.42929145239546
2048-02-26 21:00:00+01:00,69.9408805072114
2048-02-26 22:00:00+01:00,69.2101998362607
2048-02-26 23:00:00+01:00,67.15172310734579
2048-02-27 00:00:00+01:00,65.79249992374929
2048-02-27 01:00:00+01:00,62.54764920221548
2048-02-27 02:00:00+01:00,62.241234727300665
2048-02-27 03:00:00+01:00,61.54983796339031
2048-02-27 04:00:00+01:00,62.6262170162962
2048-02-27 05:00:00+01:00,67.52884861493325
2048-02-27 06:00:00+01:00,73.96355258814437
2048-02-27 07:00:00+01:00,84.24807945131087
2048-02-27 08:00:00+01:00,88.52216853730214
2048-02-27 09:00:00+01:00,77.7426644454271
2048-02-27 10:00:00+01:00,74.07354752785739
2048-02-27 11:00:00+01:00,72.45505055779451
2048-02-27 12:00:00+01:00,69.98016441425176
2048-02-27 13:00:00+01:00,69.67374993933694
2048-02-27 14:00:00+01:00,70.19229751226972
2048-02-27 15:00:00+01:00,72.10935217583933
2048-02-27 16:00:00+01:00,80.53182184529271
2048-02-27 17:00:00+01:00,92.87482543737411
2048-02-27 18:00:00+01:00,104.24358813485458
2048-02-27 19:00:00+01:00,99.80450663929379
2048-02-27 20:00:00+01:00,84.86876518254856
2048-02-27 21:00:00+01:00,75.79418265622519
2048-02-27 22:00:00+01:00,73.63356776900534
2048-02-27 23:00:00+01:00,70.20801107508586
2048-02-28 00:00:00+01:00,69.90945338157913
2048-02-28 01:00:00+01:00,68.69165226332792
2048-02-28 02:00:00+01:00,67.78026561999155
2048-02-28 03:00:00+01:00,66.56246450174037
2048-02-28 04:00:00+01:00,66.51532381329193
2048-02-28 05:00:00+01:00,69.31233799456564
2048-02-28 06:00:00+01:00,74.89850957570496
2048-02-28 07:00:00+01:00,93.49551116861183
2048-02-28 08:00:00+01:00,96.14324650313216
2048-02-28 09:00:00+01:00,81.80462043340042
2048-02-28 10:00:00+01:00,74.83565532444038
2048-02-28 11:00:00+01:00,71.15868162546259
2048-02-28 12:00:00+01:00,69.43804649709479
2048-02-28 13:00:00+01:00,69.76803131623382
2048-02-28 14:00:00+01:00,70.22372463790201
2048-02-28 15:00:00+01:00,71.70079954261958
2048-02-28 16:00:00+01:00,74.31710775150762
2048-02-28 17:00:00+01:00,80.91680413428826
2048-02-28 18:00:00+01:00,88.8992940448896
2048-02-28 19:00:00+01:00,80.83037953879946
2048-02-28 20:00:00+01:00,74.04997718363316
2048-02-28 21:00:00+01:00,69.38304902723829
2048-02-28 22:00:00+01:00,68.48737594671806
2048-02-28 23:00:00+01:00,66.4996102504758
2048-02-29 00:00:00+01:00,63.14476458922896
2048-02-29 01:00:00+01:00,61.73840071718404
2048-02-29 02:00:00+01:00,61.55769474479838
2048-02-29 03:00:00+01:00,61.565551526206455
2048-02-29 04:00:00+01:00,61.4398430236773
2048-02-29 05:00:00+01:00,65.78464314234122
2048-02-29 06:00:00+01:00,70.58513658267333
2048-02-29 07:00:00+01:00,73.11502019607258
2048-02-29 08:00:00+01:00,73.51571604788425
2048-02-29 09:00:00+01:00,70.44371451732803
2048-02-29 10:00:00+01:00,67.3717129867718
2048-02-29 11:00:00+01:00,65.78464314234122
2048-02-29 12:00:00+01:00,61.93482025238585
2048-02-29 13:00:00+01:00,61.41627267945309
2048-02-29 14:00:00+01:00,61.4948404935338
2048-02-29 15:00:00+01:00,66.23247968260134
2048-02-29 16:00:00+01:00,70.9308349646285
2048-02-29 17:00:00+01:00,74.16782890475424
2048-02-29 18:00:00+01:00,78.12764673442263
2048-02-29 19:00:00+01:00,75.1970672692117
2048-02-29 20:00:00+01:00,72.02292758035054
2048-02-29 21:00:00+01:00,68.84878789148937
2048-02-29 22:00:00+01:00,67.89811734111264
2048-02-29 23:00:00+01:00,65.53322613728291
2048-03-01 00:00:00+01:00,66.83745185102289
2048-03-01 01:00:00+01:00,66.4996102504758
2048-03-01 02:00:00+01:00,66.48389668765964
2048-03-01 03:00:00+01:00,66.64888909722916
2048-03-01 04:00:00+01:00,66.5546077203323
2048-03-01 05:00:00+01:00,66.5546077203323
2048-03-01 06:00:00+01:00,74.34067809573183
2048-03-01 07:00:00+01:00,79.86399542560659
2048-03-01 08:00:00+01:00,79.98970392813574
2048-03-01 09:00:00+01:00,76.89413205335529
2048-03-01 10:00:00+01:00,72.78503537693354
2048-03-01 11:00:00+01:00,72.0072140175344
2048-03-01 12:00:00+01:00,71.22939265813524
2048-03-01 13:00:00+01:00,71.18225196968682
2048-03-01 14:00:00+01:00,71.15082484405453
2048-03-01 15:00:00+01:00,72.10935217583933
2048-03-01 16:00:00+01:00,77.59338559867372
2048-03-01 17:00:00+01:00,85.70158401180421
2048-03-01 18:00:00+01:00,90.60421561044126
2048-03-01 19:00:00+01:00,83.74524544119424
2048-03-01 20:00:00+01:00,76.36772769901447
2048-03-01 21:00:00+01:00,71.26867656517561
2048-03-01 22:00:00+01:00,71.03297312293344
2048-03-01 23:00:00+01:00,67.15957988875385
2048-03-02 00:00:00+01:00,67.9923987180095
2048-03-02 01:00:00+01:00,67.02601460481662
2048-03-02 02:00:00+01:00,66.6646026600453
2048-03-02 03:00:00+01:00,65.65893463981206
2048-03-02 04:00:00+01:00,65.72178889107664
2048-03-02 05:00:00+01:00,65.69821854685243
2048-03-02 06:00:00+01:00,66.17748221274483
2048-03-02 07:00:00+01:00,66.58603484596459
2048-03-02 08:00:00+01:00,67.53670539634132
2048-03-02 09:00:00+01:00,65.85535417501387
2048-03-02 10:00:00+01:00,65.54108291869099
2048-03-02 11:00:00+01:00,63.60045791089715
2048-03-02 12:00:00+01:00,59.37350951335432
2048-03-02 13:00:00+01:00,57.8257235759641
2048-03-02 14:00:00+01:00,61.848395656897054
2048-03-02 15:00:00+01:00,67.11243920030543
2048-03-02 16:00:00+01:00,72.51004802765101
2048-03-02 17:00:00+01:00,78.92118165663793
2048-03-02 18:00:00+01:00,81.0189422925932
2048-03-02 19:00:00+01:00,79.8325682999743
2048-03-02 20:00:00+01:00,74.38781878418027
2048-03-02 21:00:00+01:00,72.0307843617586
2048-03-02 22:00:00+01:00,70.3415763590231
2048-03-02 23:00:00+01:00,66.98673069777627
2048-03-03 00:00:00+01:00,68.48737594671806
2048-03-03 01:00:00+01:00,67.76455205717541
2048-03-03 02:00:00+01:00,63.42760871991956
2048-03-03 03:00:00+01:00,63.06619677514824
2048-03-03 04:00:00+01:00,61.699116810143686
2048-03-03 05:00:00+01:00,62.61050345348006
2048-03-03 06:00:00+01:00,63.63974181793752
2048-03-03 07:00:00+01:00,63.97758341848462
2048-03-03 08:00:00+01:00,64.33113858184787
2048-03-03 09:00:00+01:00,65.71393210966858
2048-03-03 10:00:00+01:00,62.421940699686324
2048-03-03 11:00:00+01:00,60.62273775723779
2048-03-03 12:00:00+01:00,57.88857782722867
2048-03-03 13:00:00+01:00,54.82443307808052
2048-03-03 14:00:00+01:00,57.48002519400892
2048-03-03 15:00:00+01:00,61.21985314425128
2048-03-03 16:00:00+01:00,68.52665985375842
2048-03-03 17:00:00+01:00,76.57200401562433
2048-03-03 18:00:00+01:00,84.6330617403064
2048-03-03 19:00:00+01:00,85.13589575042302
2048-03-03 20:00:00+01:00,81.00322872977705
2048-03-03 21:00:00+01:00,77.61695594289793
2048-03-03 22:00:00+01:00,77.35768215643155
2048-03-03 23:00:00+01:00,75.22063761343591
2048-03-04 00:00:00+01:00,68.88807179852974
2048-03-04 01:00:00+01:00,67.70169780591084
2048-03-04 02:00:00+01:00,67.41885367522023
2048-03-04 03:00:00+01:00,67.63098677323819
2048-03-04 04:00:00+01:00,68.35381066278083
2048-03-04 05:00:00+01:00,70.985832434485
2048-03-04 06:00:00+01:00,80.04470139799224
2048-03-04 07:00:00+01:00,92.69411946498846
2048-03-04 08:00:00+01:00,98.845979307509
2048-03-04 09:00:00+01:00,86.8093901903424
2048-03-04 10:00:00+01:00,78.20621454850334
2048-03-04 11:00:00+01:00,77.13769227700553
2048-03-04 12:00:00+01:00,74.23853993742689
2048-03-04 13:00:00+01:00,74.19925603038654
2048-03-04 14:00:00+01:00,74.3799620027722
2048-03-04 15:00:00+01:00,74.78851463599194
2048-03-04 16:00:00+01:00,81.53748986552596
2048-03-04 17:00:00+01:00,91.45274800251306
2048-03-04 18:00:00+01:00,97.6831756591143
2048-03-04 19:00:00+01:00,95.5068472090783
2048-03-04 20:00:00+01:00,82.00889675001028
2048-03-04 21:00:00+01:00,78.28478236258407
2048-03-04 22:00:00+01:00,77.45196353332842
2048-03-04 23:00:00+01:00,73.59428386196498
2048-03-05 00:00:00+01:00,68.3302403185566
2048-03-05 01:00:00+01:00,71.08011381138188
2048-03-05 02:00:00+01:00,71.11939771842223
2048-03-05 03:00:00+01:00,71.11154093701417
2048-03-05 04:00:00+01:00,71.28439012799176
2048-03-05 05:00:00+01:00,71.31581725362403
2048-03-05 06:00:00+01:00,75.84918012608169
2048-03-05 07:00:00+01:00,82.83385879785786
2048-03-05 08:00:00+01:00,86.28298583600156
2048-03-05 09:00:00+01:00,81.37249745595643
2048-03-05 10:00:00+01:00,78.30049592540021
2048-03-05 11:00:00+01:00,77.2869711237589
2048-03-05 12:00:00+01:00,76.10059713114
2048-03-05 13:00:00+01:00,76.02202931705929
2048-03-05 14:00:00+01:00,76.39129804323868
2048-03-05 15:00:00+01:00,75.22063761343591
2048-03-05 16:00:00+01:00,77.84480260373203
2048-03-05 17:00:00+01:00,83.57239625021666
2048-03-05 18:00:00+01:00,97.77745703601117
2048-03-05 19:00:00+01:00,99.16810734523995
2048-03-05 20:00:00+01:00,85.85871963996566
2048-03-05 21:00:00+01:00,77.46767709614456
2048-03-05 22:00:00+01:00,75.53490886975881
2048-03-05 23:00:00+01:00,73.7828466157587
2048-03-06 00:00:00+01:00,74.88279601288882
2048-03-06 01:00:00+01:00,74.49781372389327
2048-03-06 02:00:00+01:00,73.97140936955245
2048-03-06 03:00:00+01:00,74.7728010731758
2048-03-06 04:00:00+01:00,73.59428386196498
2048-03-06 05:00:00+01:00,74.80422819880809
2048-03-06 06:00:00+01:00,83.40740384064713
2048-03-06 07:00:00+01:00,96.48894488508734
2048-03-06 08:00:00+01:00,104.69928145652277
2048-03-06 09:00:00+01:00,88.54573888152635
2048-03-06 10:00:00+01:00,80.94037447851247
2048-03-06 11:00:00+01:00,79.00760625212672
2048-03-06 12:00:00+01:00,78.09621960879035
2048-03-06 13:00:00+01:00,78.05693570174998
2048-03-06 14:00:00+01:00,77.55410169163335
2048-03-06 15:00:00+01:00,79.47115635520298
2048-03-06 16:00:00+01:00,81.977469624378
2048-03-06 17:00:00+01:00,93.40908657312303
2048-03-06 18:00:00+01:00,111.63681943985051
2048-03-06 19:00:00+01:00,109.91618431148271
2048-03-06 20:00:00+01:00,93.45622726157147
2048-03-06 21:00:00+01:00,82.83385879785786
2048-03-06 22:00:00+01:00,79.2668800385931
2048-03-06 23:00:00+01:00,77.52267456600107
2048-03-07 00:00:00+01:00,76.78413711364229
2048-03-07 01:00:00+01:00,76.06917000550771
2048-03-07 02:00:00+01:00,76.15559460099651
2048-03-07 03:00:00+01:00,76.07702678691578
2048-03-07 04:00:00+01:00,76.16345138240457
2048-03-07 05:00:00+01:00,77.55410169163335
2048-03-07 06:00:00+01:00,81.93818571733763
2048-03-07 07:00:00+01:00,92.45841602274629
2048-03-07 08:00:00+01:00,91.02848180647716
2048-03-07 09:00:00+01:00,81.7810500891762
2048-03-07 10:00:00+01:00,76.84699136490687
2048-03-07 11:00:00+01:00,76.1870217266288
2048-03-07 12:00:00+01:00,75.23635117625207
2048-03-07 13:00:00+01:00,74.97707738978568
2048-03-07 14:00:00+01:00,72.290058148225
2048-03-07 15:00:00+01:00,75.99845897283507
2048-03-07 16:00:00+01:00,76.82342102068264
2048-03-07 17:00:00+01:00,81.63177124242283
2048-03-07 18:00:00+01:00,87.05295041399263
2048-03-07 19:00:00+01:00,87.1158046652572
2048-03-07 20:00:00+01:00,81.0189422925932
2048-03-07 21:00:00+01:00,78.00979501330154
2048-03-07 22:00:00+01:00,77.60909916148987
2048-03-07 23:00:00+01:00,76.90984561617144
2048-03-08 00:00:00+01:00,76.04559966128349
2048-03-08 01:00:00+01:00,76.65057182970506
2048-03-08 02:00:00+01:00,76.71342608096964
2048-03-08 03:00:00+01:00,75.50348174412652
2048-03-08 04:00:00+01:00,75.47205461849423
2048-03-08 05:00:00+01:00,75.27563508329243
2048-03-08 06:00:00+01:00,78.63833752594732
2048-03-08 07:00:00+01:00,85.09661184338266
2048-03-08 08:00:00+01:00,81.52177630270982
2048-03-08 09:00:00+01:00,76.17916494522072
2048-03-08 10:00:00+01:00,76.14773781958844
2048-03-08 11:00:00+01:00,75.60561990243146
2048-03-08 12:00:00+01:00,74.0971178720816
2048-03-08 13:00:00+01:00,74.08926109067352
2048-03-08 14:00:00+01:00,74.0656907464493
2048-03-08 15:00:00+01:00,74.08926109067352
2048-03-08 16:00:00+01:00,75.50348174412652
2048-03-08 17:00:00+01:00,79.7147165788532
2048-03-08 18:00:00+01:00,80.06827174221645
2048-03-08 19:00:00+01:00,79.68328945322092
2048-03-08 20:00:00+01:00,77.39696606347192
2048-03-08 21:00:00+01:00,74.01855005800087
2048-03-08 22:00:00+01:00,74.0971178720816
2048-03-08 23:00:00+01:00,71.32367403503211
2048-03-09 00:00:00+01:00,74.9456502641534
2048-03-09 01:00:00+01:00,75.88060725171398
2048-03-09 02:00:00+01:00,75.29920542751664
2048-03-09 03:00:00+01:00,74.96136382696953
2048-03-09 04:00:00+01:00,74.10497465348966
2048-03-09 05:00:00+01:00,74.29353740728341
2048-03-09 06:00:00+01:00,74.90636635711303
2048-03-09 07:00:00+01:00,74.90636635711303
2048-03-09 08:00:00+01:00,72.07792505020704
2048-03-09 09:00:00+01:00,72.47862090201873
2048-03-09 10:00:00+01:00,72.46290733920259
2048-03-09 11:00:00+01:00,71.56723425868236
2048-03-09 12:00:00+01:00,68.36952422559696
2048-03-09 13:00:00+01:00,66.39747209217086
2048-03-09 14:00:00+01:00,72.09363861302319
2048-03-09 15:00:00+01:00,72.12506573865548
2048-03-09 16:00:00+01:00,73.04430916339992
2048-03-09 17:00:00+01:00,73.28786938705016
2048-03-09 18:00:00+01:00,77.48339065896072
2048-03-09 19:00:00+01:00,76.13988103818036
2048-03-09 20:00:00+01:00,75.9591750657947
2048-03-09 21:00:00+01:00,75.41705714863772
2048-03-09 22:00:00+01:00,75.58204955820725
2048-03-09 23:00:00+01:00,73.31143973127438
2048-03-10 00:00:00+01:00,73.52357282929232
2048-03-10 01:00:00+01:00,68.3302403185566
2048-03-10 02:00:00+01:00,67.78026561999155
2048-03-10 03:00:00+01:00,65.06967603420665
2048-03-10 04:00:00+01:00,66.57817806455651
2048-03-10 05:00:00+01:00,64.3782792702963
2048-03-10 06:00:00+01:00,63.94615629285233
2048-03-10 07:00:00+01:00,65.83178383078966
2048-03-10 08:00:00+01:00,72.40790986934607
2048-03-10 09:00:00+01:00,73.6964220202699
2048-03-10 10:00:00+01:00,74.59209510079015
2048-03-10 11:00:00+01:00,73.66499489463763
2048-03-10 12:00:00+01:00,73.5314296107004
2048-03-10 13:00:00+01:00,72.38433952512186
2048-03-10 14:00:00+01:00,71.44938253756126
2048-03-10 15:00:00+01:00,69.7758880976419
2048-03-10 16:00:00+01:00,73.48428892225196
2048-03-10 17:00:00+01:00,73.68070845745378
2048-03-10 18:00:00+01:00,76.02202931705929
2048-03-10 19:00:00+01:00,76.57986079703241
2048-03-10 20:00:00+01:00,76.25773275930145
2048-03-10 21:00:00+01:00,75.40920036722966
2048-03-10 22:00:00+01:00,75.49562496271845
2048-03-10 23:00:00+01:00,73.68070845745378
2048-03-11 00:00:00+01:00,72.53361837187522
2048-03-11 01:00:00+01:00,69.72089062778538
2048-03-11 02:00:00+01:00,69.75231775341769
2048-03-11 03:00:00+01:00,70.49871198718454
2048-03-11 04:00:00+01:00,72.47076412061065
2048-03-11 05:00:00+01:00,74.28568062587533
2048-03-11 06:00:00+01:00,75.7077580607364
2048-03-11 07:00:00+01:00,84.79019736846784
2048-03-11 08:00:00+01:00,88.49074141166984
2048-03-11 09:00:00+01:00,84.5780642704499
2048-03-11 10:00:00+01:00,83.14027327277267
2048-03-11 11:00:00+01:00,82.09532134549907
2048-03-11 12:00:00+01:00,76.57986079703241
2048-03-11 13:00:00+01:00,76.57200401562433
2048-03-11 14:00:00+01:00,76.64271504829698
2048-03-11 15:00:00+01:00,80.02113105376802
2048-03-11 16:00:00+01:00,79.84828186279043
2048-03-11 17:00:00+01:00,89.42569839923043
2048-03-11 18:00:00+01:00,114.81095912871167
2048-03-11 19:00:00+01:00,122.31418537342063
2048-03-11 20:00:00+01:00,101.36800613950015
2048-03-11 21:00:00+01:00,81.90675859170535
2048-03-11 22:00:00+01:00,76.71342608096964
2048-03-11 23:00:00+01:00,75.78632587481711
2048-03-12 00:00:00+01:00,73.09144985184835
2048-03-12 01:00:00+01:00,72.39219630652994
2048-03-12 02:00:00+01:00,71.9207894220456
2048-03-12 03:00:00+01:00,71.80293770092452
2048-03-12 04:00:00+01:00,72.1172089572474
2048-03-12 05:00:00+01:00,73.66499489463763
2048-03-12 06:00:00+01:00,79.91899289546309
2048-03-12 07:00:00+01:00,94.00620196013652
2048-03-12 08:00:00+01:00,95.0275835431859
2048-03-12 09:00:00+01:00,84.57020748904182
2048-03-12 10:00:00+01:00,79.3768749783061
2048-03-12 11:00:00+01:00,76.4148683874629
2048-03-12 12:00:00+01:00,75.22849439484399
2048-03-12 13:00:00+01:00,75.78632587481711
2048-03-12 14:00:00+01:00,75.18921048780363
2048-03-12 15:00:00+01:00,76.8077074578665
2048-03-12 16:00:00+01:00,82.76314776518522
2048-03-12 17:00:00+01:00,98.6417029908991
2048-03-12 18:00:00+01:00,114.80310234730361
2048-03-12 19:00:00+01:00,106.91489381359912
2048-03-12 20:00:00+01:00,86.8093901903424
2048-03-12 21:00:00+01:00,78.9840359079025
2048-03-12 22:00:00+01:00,76.862704927723
2048-03-12 23:00:00+01:00,72.87145997242233
2048-03-13 00:00:00+01:00,68.03168262504987
2048-03-13 01:00:00+01:00,69.89373981876297
2048-03-13 02:00:00+01:00,69.76803131623382
2048-03-13 03:00:00+01:00,68.96663961261046
2048-03-13 04:00:00+01:00,69.351621901606
2048-03-13 05:00:00+01:00,70.34943314043116
2048-03-13 06:00:00+01:00,73.71213558308605
2048-03-13 07:00:00+01:00,82.42530616463812
2048-03-13 08:00:00+01:00,83.14027327277267
2048-03-13 09:00:00+01:00,77.34982537502349
2048-03-13 10:00:00+01:00,73.3035829498663
2048-03-13 11:00:00+01:00,72.75360825130124
2048-03-13 12:00:00+01:00,71.32367403503211
2048-03-13 13:00:00+01:00,71.5829478214985
2048-03-13 14:00:00+01:00,71.8107944823326
2048-03-13 15:00:00+01:00,72.49433446483486
2048-03-13 16:00:00+01:00,73.31929651268244
2048-03-13 17:00:00+01:00,83.32097924515834
2048-03-13 18:00:00+01:00,90.25851722848608
2048-03-13 19:00:00+01:00,87.24936994919443
2048-03-13 20:00:00+01:00,78.97617912649443
2048-03-13 21:00:00+01:00,73.052165944808
2048-03-13 22:00:00+01:00,72.12506573865548
2048-03-13 23:00:00+01:00,71.05654346715765
2048-03-14 00:00:00+01:00,71.29224690939982
2048-03-14 01:00:00+01:00,70.88369427618007
2048-03-14 02:00:00+01:00,70.54585267563296
2048-03-14 03:00:00+01:00,70.12158647959707
2048-03-14 04:00:00+01:00,70.12944326100515
2048-03-14 05:00:00+01:00,71.3001036908079
2048-03-14 06:00:00+01:00,77.49124744036878
2048-03-14 07:00:00+01:00,87.0058097255442
2048-03-14 08:00:00+01:00,84.5780642704499
2048-03-14 09:00:00+01:00,72.27434458540884
2048-03-14 10:00:00+01:00,71.85007838937295
2048-03-14 11:00:00+01:00,71.82650804514874
2048-03-14 12:00:00+01:00,69.2101998362607
2048-03-14 13:00:00+01:00,68.34595388137275
2048-03-14 14:00:00+01:00,70.0273051027002
2048-03-14 15:00:00+01:00,71.92864620345367
2048-03-14 16:00:00+01:00,73.68070845745378
2048-03-14 17:00:00+01:00,84.85305161973243
2048-03-14 18:00:00+01:00,94.52474953306928
2048-03-14 19:00:00+01:00,89.77925356259368
2048-03-14 20:00:00+01:00,77.71909410120287
2048-03-14 21:00:00+01:00,73.28786938705016
2048-03-14 22:00:00+01:00,73.27215582423402
2048-03-14 23:00:00+01:00,71.92864620345367
2048-03-15 00:00:00+01:00,70.64799083393791
2048-03-15 01:00:00+01:00,70.63227727112177
2048-03-15 02:00:00+01:00,70.60870692689755
2048-03-15 03:00:00+01:00,70.56156623844912
2048-03-15 04:00:00+01:00,70.55370945704104
2048-03-15 05:00:00+01:00,71.11939771842223
2048-03-15 06:00:00+01:00,72.8243192839739
2048-03-15 07:00:00+01:00,73.68856523886184
2048-03-15 08:00:00+01:00,73.55499995492463
2048-03-15 09:00:00+01:00,72.89503031664655
2048-03-15 10:00:00+01:00,72.9107438794627
2048-03-15 11:00:00+01:00,73.1071634146645
2048-03-15 12:00:00+01:00,73.09144985184835
2048-03-15 13:00:00+01:00,72.9107438794627
2048-03-15 14:00:00+01:00,72.87931675383041
2048-03-15 15:00:00+01:00,72.87931675383041
2048-03-15 16:00:00+01:00,72.65932687440439
2048-03-15 17:00:00+01:00,76.2420191964853
2048-03-15 18:00:00+01:00,80.92466091569632
2048-03-15 19:00:00+01:00,77.84480260373203
2048-03-15 20:00:00+01:00,74.04212040222508
2048-03-15 21:00:00+01:00,71.30796047221597
2048-03-15 22:00:00+01:00,70.5929933640814
2048-03-15 23:00:00+01:00,70.28657888916658
2048-03-16 00:00:00+01:00,72.80860572115776
2048-03-16 01:00:00+01:00,72.33719883667342
2048-03-16 02:00:00+01:00,72.0622114873909
2048-03-16 03:00:00+01:00,71.08011381138188
2048-03-16 04:00:00+01:00,70.35728992183924
2048-03-16 05:00:00+01:00,70.3651467032473
2048-03-16 06:00:00+01:00,70.51442555000068
2048-03-16 07:00:00+01:00,70.30229245198274
2048-03-16 08:00:00+01:00,70.22372463790201
2048-03-16 09:00:00+01:00,70.28657888916658
2048-03-16 10:00:00+01:00,70.06658900974055
2048-03-16 11:00:00+01:00,68.55023019798263
2048-03-16 12:00:00+01:00,60.27703937528262
2048-03-16 13:00:00+01:00,53.229506452241864
2048-03-16 14:00:00+01:00,63.105480682188606
2048-03-16 15:00:00+01:00,68.99806673824274
2048-03-16 16:00:00+01:00,71.22939265813524
2048-03-16 17:00:00+01:00,73.60214064337305
2048-03-16 18:00:00+01:00,77.9940814504854
2048-03-16 19:00:00+01:00,80.29611840305056
2048-03-16 20:00:00+01:00,75.22849439484399
2048-03-16 21:00:00+01:00,73.3350100754986
2048-03-16 22:00:00+01:00,72.84003284679004
2048-03-16 23:00:00+01:00,70.44371451732803
2048-03-17 00:00:00+01:00,69.35947868301407
2048-03-17 01:00:00+01:00,67.4267104566283
2048-03-17 02:00:00+01:00,64.48827421000931
2048-03-17 03:00:00+01:00,62.029101629282714
2048-03-17 04:00:00+01:00,59.90777064910323
2048-03-17 05:00:00+01:00,59.609212955596476
2048-03-17 06:00:00+01:00,64.26042754917522
2048-03-17 07:00:00+01:00,62.49265173235898
2048-03-17 08:00:00+01:00,57.21289462613447
2048-03-17 09:00:00+01:00,51.09246190924623
2048-03-17 10:00:00+01:00,47.30549327055544
2048-03-17 11:00:00+01:00,47.219068675066644
2048-03-17 12:00:00+01:00,47.28192292633122
2048-03-17 13:00:00+01:00,44.23349173999921
2048-03-17 14:00:00+01:00,47.9654629088335
2048-03-17 15:00:00+01:00,57.77858288751566
2048-03-17 16:00:00+01:00,69.96445085143563
2048-03-17 17:00:00+01:00,80.00541749095188
2048-03-17 18:00:00+01:00,84.75091346142749
2048-03-17 19:00:00+01:00,85.71729757462036
2048-03-17 20:00:00+01:00,80.3982565613555
2048-03-17 21:00:00+01:00,74.76494429176773
2048-03-17 22:00:00+01:00,73.17787444733715
2048-03-17 23:00:00+01:00,70.00373475847599
2048-03-18 00:00:00+01:00,69.76017453482574
2048-03-18 01:00:00+01:00,68.25952928588396
2048-03-18 02:00:00+01:00,65.83964061219773
2048-03-18 03:00:00+01:00,63.466892626959925
2048-03-18 04:00:00+01:00,68.25952928588396
2048-03-18 05:00:00+01:00,70.97011887166886
2048-03-18 06:00:00+01:00,78.52834258623432
2048-03-18 07:00:00+01:00,87.43793270298816
2048-03-18 08:00:00+01:00,86.70725203203746
2048-03-18 09:00:00+01:00,80.55539218951694
2048-03-18 10:00:00+01:00,76.74485320660192
2048-03-18 11:00:00+01:00,76.34415735479024
2048-03-18 12:00:00+01:00,74.61566544501436
2048-03-18 13:00:00+01:00,74.04997718363316
2048-03-18 14:00:00+01:00,73.6964220202699
2048-03-18 15:00:00+01:00,75.16564014357941
2048-03-18 16:00:00+01:00,82.99099442601931
2048-03-18 17:00:00+01:00,97.16462808618154
2048-03-18 18:00:00+01:00,120.71140196617387
2048-03-18 19:00:00+01:00,114.85024303575203
2048-03-18 20:00:00+01:00,91.83773029150859
2048-03-18 21:00:00+01:00,80.84609310161561
2048-03-18 22:00:00+01:00,78.30049592540021
2048-03-18 23:00:00+01:00,74.89850957570496
2048-03-19 00:00:00+01:00,76.02202931705929
2048-03-19 01:00:00+01:00,74.6313790078305
2048-03-19 02:00:00+01:00,74.1521153419381
2048-03-19 03:00:00+01:00,73.29572616845823
2048-03-19 04:00:00+01:00,74.12068821630582
2048-03-19 05:00:00+01:00,76.76056676941808
2048-03-19 06:00:00+01:00,87.16294535370564
2048-03-19 07:00:00+01:00,96.3868067267824
2048-03-19 08:00:00+01:00,90.10138160032464
2048-03-19 09:00:00+01:00,79.2668800385931
2048-03-19 10:00:00+01:00,73.93212546251208
2048-03-19 11:00:00+01:00,73.00502525635956
2048-03-19 12:00:00+01:00,61.88767956393741
2048-03-19 13:00:00+01:00,64.0640080139734
2048-03-19 14:00:00+01:00,66.96316035355206
2048-03-19 15:00:00+01:00,73.66499489463763
2048-03-19 16:00:00+01:00,80.7360981619026
2048-03-19 17:00:00+01:00,101.92583761947328
2048-03-19 18:00:00+01:00,123.64983821279287
2048-03-19 19:00:00+01:00,116.81443838777008
2048-03-19 20:00:00+01:00,100.39376524489921
2048-03-19 21:00:00+01:00,83.28955211952606
2048-03-19 22:00:00+01:00,81.4117813629968
2048-03-19 23:00:00+01:00,78.88189774959757
2048-03-20 00:00:00+01:00,77.62481272430601
2048-03-20 01:00:00+01:00,76.99627021166023
2048-03-20 02:00:00+01:00,76.81556423927456
2048-03-20 03:00:00+01:00,76.78413711364229
2048-03-20 04:00:00+01:00,76.83127780209071
2048-03-20 05:00:00+01:00,79.48686991801912
2048-03-20 06:00:00+01:00,96.3553796011501
2048-03-20 07:00:00+01:00,110.53687004272041
2048-03-20 08:00:00+01:00,99.89093123478258
2048-03-20 09:00:00+01:00,76.93341596039566
2048-03-20 10:00:00+01:00,74.54495441234171
2048-03-20 11:00:00+01:00,72.21149033414427
2048-03-20 12:00:00+01:00,64.6611234009869
2048-03-20 13:00:00+01:00,66.7510272555341
2048-03-20 14:00:00+01:00,71.87364873359716
2048-03-20 15:00:00+01:00,76.81556423927456
2048-03-20 16:00:00+01:00,86.01585526812711
2048-03-20 17:00:00+01:00,104.72285180074698
2048-03-20 18:00:00+01:00,132.95226739995036
2048-03-20 19:00:00+01:00,131.76589340733148
2048-03-20 20:00:00+01:00,113.93885639241566
2048-03-20 21:00:00+01:00,92.34056430162522
2048-03-20 22:00:00+01:00,83.23455464966955
2048-03-20 23:00:00+01:00,78.5597697118666
2048-03-21 00:00:00+01:00,77.62481272430601
2048-03-21 01:00:00+01:00,76.49343620154362
2048-03-21 02:00:00+01:00,76.10059713114
2048-03-21 03:00:00+01:00,73.43714823380353
2048-03-21 04:00:00+01:00,73.70427880167799
2048-03-21 05:00:00+01:00,76.48557942013554
2048-03-21 06:00:00+01:00,83.25812499389377
2048-03-21 07:00:00+01:00,94.07691299280917
2048-03-21 08:00:00+01:00,88.45145750462949
2048-03-21 09:00:00+01:00,77.7662347896513
2048-03-21 10:00:00+01:00,76.46200907591133
2048-03-21 11:00:00+01:00,75.56633599539109
2048-03-21 12:00:00+01:00,71.85007838937295
2048-03-21 13:00:00+01:00,71.19010875109488
2048-03-21 14:00:00+01:00,71.20582231391103
2048-03-21 15:00:00+01:00,75.29134864610857
2048-03-21 16:00:00+01:00,77.49910422177686
2048-03-21 17:00:00+01:00,92.09700407797497
2048-03-21 18:00:00+01:00,116.06018737259515
2048-03-21 19:00:00+01:00,116.17018231230816
2048-03-21 20:00:00+01:00,92.6862626835804
2048-03-21 21:00:00+01:00,79.16474188028816
2048-03-21 22:00:00+01:00,77.73480766401902
2048-03-21 23:00:00+01:00,76.57200401562433
2048-03-22 00:00:00+01:00,71.72436988684379
2048-03-22 01:00:00+01:00,71.85793517078102
2048-03-22 02:00:00+01:00,71.99150045471825
2048-03-22 03:00:00+01:00,71.61437494713078
2048-03-22 04:00:00+01:00,71.9207894220456
2048-03-22 05:00:00+01:00,73.45286179661967
2048-03-22 06:00:00+01:00,75.10278589231484
2048-03-22 07:00:00+01:00,75.57419277679917
2048-03-22 08:00:00+01:00,75.47991139990229
2048-03-22 09:00:00+01:00,75.29134864610857
2048-03-22 10:00:00+01:00,73.42929145239546
2048-03-22 11:00:00+01:00,69.79160166045804
2048-03-22 12:00:00+01:00,67.92168768533686
2048-03-22 13:00:00+01:00,67.62312999183011
2048-03-22 14:00:00+01:00,65.74535923530087
2048-03-22 15:00:00+01:00,69.43018971568672
2048-03-22 16:00:00+01:00,72.21934711555235
2048-03-22 17:00:00+01:00,83.6431072828893
2048-03-22 18:00:00+01:00,106.73418784121345
2048-03-22 19:00:00+01:00,105.14711799678288
2048-03-22 20:00:00+01:00,81.96961284296992
2048-03-22 21:00:00+01:00,76.65057182970506
2048-03-22 22:00:00+01:00,75.38563002300543
2048-03-22 23:00:00+01:00,74.02640683940895
2048-03-23 00:00:00+01:00,73.40572110817124
2048-03-23 01:00:00+01:00,73.24072869860173
2048-03-23 02:00:00+01:00,73.20930157296944
2048-03-23 03:00:00+01:00,71.03297312293344
2048-03-23 04:00:00+01:00,70.985832434485
2048-03-23 05:00:00+01:00,72.02292758035054
2048-03-23 06:00:00+01:00,72.04649792457475
2048-03-23 07:00:00+01:00,73.21715835437752
2048-03-23 08:00:00+01:00,73.41357788957932
2048-03-23 09:00:00+01:00,71.4415257561532
2048-03-23 10:00:00+01:00,60.18275799838575
2048-03-23 11:00:00+01:00,46.071978589488104
2048-03-23 12:00:00+01:00,11.604278552275417
2048-03-23 13:00:00+01:00,7.1180563682661955
2048-03-23 14:00:00+01:00,8.948686436347018
2048-03-23 15:00:00+01:00,56.199369824493154
2048-03-23 16:00:00+01:00,67.87454699688843
2048-03-23 17:00:00+01:00,73.4214346709874
2048-03-23 18:00:00+01:00,74.53709763093364
2048-03-23 19:00:00+01:00,73.45286179661967
2048-03-23 20:00:00+01:00,73.28001260564209
2048-03-23 21:00:00+01:00,74.23068315601883
2048-03-23 22:00:00+01:00,73.22501513578558
2048-03-23 23:00:00+01:00,67.81169274562384
2048-03-24 00:00:00+01:00,32.613312037460446
2048-03-24 01:00:00+01:00,23.19303112918189
2048-03-24 02:00:00+01:00,26.830720921119315
2048-03-24 03:00:00+01:00,25.440070611890533
2048-03-24 04:00:00+01:00,25.20436716964837
2048-03-24 05:00:00+01:00,25.550065551603545
2048-03-24 06:00:00+01:00,25.22008073246451
2048-03-24 07:00:00+01:00,24.12798811674248
2048-03-24 08:00:00+01:00,16.21620923881379
2048-03-24 09:00:00+01:00,14.464146984813688
2048-03-24 10:00:00+01:00,14.754847896912366
2048-03-24 11:00:00+01:00,15.595523507576083
2048-03-24 12:00:00+01:00,13.851318034984061
2048-03-24 13:00:00+01:00,10.975736039629638
2048-03-24 14:00:00+01:00,11.392145454257474
2048-03-24 15:00:00+01:00,15.391247190966212
2048-03-24 16:00:00+01:00,25.188653606832233
2048-03-24 17:00:00+01:00,57.975002422717466
2048-03-24 18:00:00+01:00,73.31143973127438
2048-03-24 19:00:00+01:00,75.80989621904133
2048-03-24 20:00:00+01:00,75.17349692498748
2048-03-24 21:00:00+01:00,74.04997718363316
2048-03-24 22:00:00+01:00,74.41924590981256
2048-03-24 23:00:00+01:00,73.41357788957932
2048-03-25 00:00:00+01:00,64.82611581055642
2048-03-25 01:00:00+01:00,64.30756823762366
2048-03-25 02:00:00+01:00,64.34685214466401
2048-03-25 03:00:00+01:00,64.81825902914835
2048-03-25 04:00:00+01:00,68.99806673824274
2048-03-25 05:00:00+01:00,74.43495947262869
2048-03-25 06:00:00+01:00,80.35897265431512
2048-03-25 07:00:00+01:00,89.9992434420197
2048-03-25 08:00:00+01:00,86.51083249683565
2048-03-25 09:00:00+01:00,76.8077074578665
2048-03-25 10:00:00+01:00,68.699509044736
2048-03-25 11:00:00+01:00,65.00682178294208
2048-03-25 12:00:00+01:00,63.3333273430227
2048-03-25 13:00:00+01:00,63.74187997624245
2048-03-25 14:00:00+01:00,64.34685214466401
2048-03-25 15:00:00+01:00,70.79726968069127
2048-03-25 16:00:00+01:00,76.73699642519385
2048-03-25 17:00:00+01:00,97.16462808618154
2048-03-25 18:00:00+01:00,127.52323144697247
2048-03-25 19:00:00+01:00,128.09677648976174
2048-03-25 20:00:00+01:00,98.35885886020851
2048-03-25 21:00:00+01:00,80.86180666443175
2048-03-25 22:00:00+01:00,78.80332993551683
2048-03-25 23:00:00+01:00,75.8177530004494
2048-03-26 00:00:00+01:00,79.10974441043165
2048-03-26 01:00:00+01:00,77.16126262122974
2048-03-26 02:00:00+01:00,75.83346656326555
2048-03-26 03:00:00+01:00,74.3799620027722
2048-03-26 04:00:00+01:00,74.38781878418027
2048-03-26 05:00:00+01:00,75.8177530004494
2048-03-26 06:00:00+01:00,79.80899795575007
2048-03-26 07:00:00+01:00,80.72038459908644
2048-03-26 08:00:00+01:00,77.93122719922083
2048-03-26 09:00:00+01:00,75.09492911090676
2048-03-26 10:00:00+01:00,72.86360319101426
2048-03-26 11:00:00+01:00,69.75231775341769
2048-03-26 12:00:00+01:00,64.78683190351606
2048-03-26 13:00:00+01:00,65.06181925279859
2048-03-26 14:00:00+01:00,65.18752775532774
2048-03-26 15:00:00+01:00,74.40353234699641
2048-03-26 16:00:00+01:00,75.62919024665568
2048-03-26 17:00:00+01:00,80.22540737037791
2048-03-26 18:00:00+01:00,92.9376796886387
2048-03-26 19:00:00+01:00,93.34623232185845
2048-03-26 20:00:00+01:00,80.16255311911333
2048-03-26 21:00:00+01:00,76.42272516887095
2048-03-26 22:00:00+01:00,76.61914470407277
2048-03-26 23:00:00+01:00,75.82560978185748
2048-03-27 00:00:00+01:00,79.86399542560659
2048-03-27 01:00:00+01:00,79.03117659635093
2048-03-27 02:00:00+01:00,79.09403084761551
2048-03-27 03:00:00+01:00,76.83913458349879
2048-03-27 04:00:00+01:00,76.73699642519385
2048-03-27 05:00:00+01:00,80.01327427235995
2048-03-27 06:00:00+01:00,83.29740890093413
2048-03-27 07:00:00+01:00,88.02719130859359
2048-03-27 08:00:00+01:00,82.75529098377714
2048-03-27 09:00:00+01:00,80.13898277488912
2048-03-27 10:00:00+01:00,80.13112599348104
2048-03-27 11:00:00+01:00,80.09969886784874
2048-03-27 12:00:00+01:00,79.86399542560659
2048-03-27 13:00:00+01:00,79.84828186279043
2048-03-27 14:00:00+01:00,79.62043520195635
2048-03-27 15:00:00+01:00,80.04470139799224
2048-03-27 16:00:00+01:00,83.94952175780412
2048-03-27 17:00:00+01:00,94.83902078939217
2048-03-27 18:00:00+01:00,113.5303037591959
2048-03-27 19:00:00+01:00,110.60758107539306
2048-03-27 20:00:00+01:00,89.40998483641428
2048-03-27 21:00:00+01:00,81.51391952130174
2048-03-27 22:00:00+01:00,80.12326921207297
2048-03-27 23:00:00+01:00,76.79199389505035
2048-03-28 00:00:00+01:00,74.59995188219821
2048-03-28 01:00:00+01:00,74.42710269122063
2048-03-28 02:00:00+01:00,72.16434964569584
2048-03-28 03:00:00+01:00,67.69384102450276
2048-03-28 04:00:00+01:00,71.37081472348055
2048-03-28 05:00:00+01:00,76.17916494522072
2048-03-28 06:00:00+01:00,82.48816041590268
2048-03-28 07:00:00+01:00,82.26031375506861
2048-03-28 08:00:00+01:00,79.98970392813574
2048-03-28 09:00:00+01:00,79.23545291296081
2048-03-28 10:00:00+01:00,78.33977983244057
2048-03-28 11:00:00+01:00,79.08617406620743
2048-03-28 12:00:00+01:00,74.56066797515786
2048-03-28 13:00:00+01:00,73.4450050152116
2048-03-28 14:00:00+01:00,73.41357788957932
2048-03-28 15:00:00+01:00,74.38781878418027
2048-03-28 16:00:00+01:00,75.29920542751664
2048-03-28 17:00:00+01:00,74.8592256686646
2048-03-28 18:00:00+01:00,79.61257842054827
2048-03-28 19:00:00+01:00,78.86618418678141
2048-03-28 20:00:00+01:00,76.17130816381265
2048-03-28 21:00:00+01:00,76.79199389505035
2048-03-28 22:00:00+01:00,76.64271504829698
2048-03-28 23:00:00+01:00,73.46071857802775
2048-03-29 00:00:00+01:00,72.87931675383041
2048-03-29 01:00:00+01:00,68.95878283120238
2048-03-29 02:00:00+01:00,65.94963555191073
2048-03-29 03:00:00+01:00,66.0439169288076
2048-03-29 04:00:00+01:00,65.64322107699593
2048-03-29 05:00:00+01:00,71.00940277870922
2048-03-29 06:00:00+01:00,64.65326661957883
2048-03-29 07:00:00+01:00,65.14824384828738
2048-03-29 08:00:00+01:00,64.84968615478063
2048-03-29 09:00:00+01:00,64.73969121506762
2048-03-29 10:00:00+01:00,64.5197013356416
2048-03-29 11:00:00+01:00,63.616171473713294
2048-03-29 12:00:00+01:00,63.83616135313932
2048-03-29 13:00:00+01:00,58.9256729730942
2048-03-29 14:00:00+01:00,59.91562743051129
2048-03-29 15:00:00+01:00,64.47256064719316
2048-03-29 16:00:00+01:00,64.95968109449365
2048-03-29 17:00:00+01:00,72.69861078144474
2048-03-29 18:00:00+01:00,82.29959766210897
2048-03-29 19:00:00+01:00,88.64787703983129
2048-03-29 20:00:00+01:00,81.95389928015379
2048-03-29 21:00:00+01:00,75.29920542751664
2048-03-29 22:00:00+01:00,73.28001260564209
2048-03-29 23:00:00+01:00,68.58951410502299
2048-03-30 00:00:00+01:00,64.81040224774027
2048-03-30 01:00:00+01:00,61.361275209596585
2048-03-30 02:00:00+01:00,58.82353481478926
2048-03-30 03:00:00+01:00,58.21856264636771
2048-03-30 04:00:00+01:00,59.42850698321082
2048-03-30 05:00:00+01:00,60.02562237022431
2048-03-30 06:00:00+01:00,57.448598068376626
2048-03-30 07:00:00+01:00,48.5311511702147
2048-03-30 08:00:00+01:00,45.427722514026186
2048-03-30 09:00:00+01:00,39.558706802196255
2048-03-30 10:00:00+01:00,31.646927924267565
2048-03-30 11:00:00+01:00,27.852102504168705
2048-03-30 12:00:00+01:00,23.06732262665274
2048-03-30 13:00:00+01:00,17.64614345508292
2048-03-30 14:00:00+01:00,25.141512918383796
2048-03-30 15:00:00+01:00,36.125293326868714
2048-03-30 16:00:00+01:00,48.97898771047481
2048-03-30 17:00:00+01:00,72.01507079894246
2048-03-30 18:00:00+01:00,80.38254299853935
2048-03-30 19:00:00+01:00,81.60034411679054
2048-03-30 20:00:00+01:00,73.13859054029679
2048-03-30 21:00:00+01:00,67.9059741225207
2048-03-30 22:00:00+01:00,65.1953845367358
2048-03-30 23:00:00+01:00,61.73840071718404
2048-03-31 00:00:00+01:00,68.88021501712167
2048-03-31 01:00:00+01:00,63.71045285061016
,60.677735227094296
,60.90558188792839
,60.82701407384767
,61.73840071718404
,61.68340324732754
,61.620548996062965
,58.210705864959635
,46.99122201423255
,31.79620677102094
,18.243258842096417
,16.176925331773433
,14.778418241136585
,21.181695088715408
,48.1068849741788
,61.8091117498567
,73.64142455041342
,73.41357788957932
,74.92207991992917
,74.8277985430323
,69.16305914781226
,65.66679142122014
,51.02960765798165
,47.71404590377519
,47.72975946659133
,47.43905855449266
,48.075457848546506
,50.20464561013407
,53.37878529899524
,53.520207364340536
,52.325976590313566
,49.73323872564974
,43.80136876255524
,37.790930985380015
,29.352747753110485
,22.33664195570202
,12.350672786042274
,12.539235539836
,14.691993645647791
,22.140222420500216
,39.26800589009759
,53.30807426632259
,55.060136520322686
,50.526773647865035
,43.84850945100368
,37.15453169132617
,26.9485726422404
,24.937236601773918
,22.2580741416213
,20.15245672425796
,23.499445604096707
,34.80535405031259
,60.316323282322976
,72.3450556180815
,73.80641695998293
,69.1237752407719
,67.17529345157
,61.44769980508538
,57.998572766941685
,58.155708395103126
,57.660731166394584
,60.95272257637683
,66.28747715245784
,72.29791492963307
,68.27524284870012
,80.13112599348104
,80.47682437543621
,74.53709763093364
,73.4214346709874
,69.39090580864635
,72.98931169354343
,72.97359813072727
,72.88717353523847
,73.20144479156137
,73.17001766592908
,74.63923578923858
,85.92943067263832
,108.76123744449609
,108.1091245876261
,86.82510375315854
,76.85484814631494
,75.36205967878122
,74.60780866360628
,74.48995694248521
,74.74137394754351
,74.48995694248521
,75.22849439484399
,76.46200907591133
,91.23275812308704
,104.5185754841371
,97.2353391188542
,75.38563002300543
,74.52138406811748
,72.3450556180815
,70.41228739169574
,69.69732028356117
,69.89373981876297
,69.73660419060154
,69.54018465539973
,70.875837494772
,71.41795541192899
,75.68418771651218
,75.96703184720278
,71.4100986305209
,69.08449133373153
,67.70169780591084
,62.19409403885223
,60.92915223215261
,61.50269727494188
,60.28489615669069
,61.4398430236773
,66.48389668765964
,72.81646250256583
,82.84171557926594
,78.73261890284418
,71.36295794207247
,70.54585267563296
,69.36733546442213
,60.74844625976695
,60.38703431499563
,60.36346397077141
,60.10419018430503
,60.497029254708636
,66.13819830570446
,76.03774287987542
,82.33888156914932
,79.14902831747202
,69.65803637652081
,61.4948404935338
,60.1984715612019
,56.92219371403579
,51.65029338921936
,44.34348667971222
,56.356505452654595
,58.41498218156951
,60.12776052852925
,68.67593870051178
,71.13511128123838
,69.72874740919346
,64.61398271253847
,63.14476458922896
,60.43417500344407
,56.796485211506635
,57.26003531458289
,57.063615779381095
,56.73363096024207
,56.717917397425914
,58.50140677705831
,60.18275799838575
,60.09633340289696
,58.42283896297758
,51.96456464554224
,22.38378264415045
,11.132871667791093
,1.9404374203466261
,-25.660435666210972
,-22.989129987466413
,0.03909631959315618
,13.654898499782256
,38.50589809351459
,62.29623219715717
,67.48170792648482
,63.105480682188606
,59.090665382663715
,58.729253437892396
,56.537211425040255
,55.649395125928095
,31.953342399182382
,26.123610594392822
,25.542208770195472
,25.180796825424153
,27.993524569513994
,39.794410244438424
,25.77005543102957
,17.064741630885585
,15.006264901970667
,12.334959223226129
,4.525318503602364
,-10.151149166676475
,-32.739395714884
,-27.53820642274023
,-3.2686086532052343
,13.851318034984061
,40.99649779987347
,73.19358801015329
,75.03993164105026
,77.38125250065576
,75.2520647390682
,73.31143973127438
,70.65584761534598
,68.46380560249384
,66.42104243639507
,65.42323119756989
,67.21457735861036
,69.43804649709479
,74.16782890475424
,83.69024797133774
,101.41514682794859
,99.72593882521306
,82.9124266119386
,73.24072869860173
,66.7510272555341
,57.817866794556025
,57.04790221656495
,57.59002013372193
,64.05615123256534
,72.04649792457475
,78.63048074453924
,86.52654605965179
,92.22271258050412
,87.68934970804648
,80.06041496080839
,75.2834918647005
,70.49085520577646
,71.4100986305209
,68.42452169545348
,66.0203465845834
,64.75540477788377
,64.26828433058328
,72.92645744227883
,77.54624491022528
,81.6396280238309
,77.8526593851401
,70.5929933640814
,70.80512646209935
,71.61437494713078
,68.55808697939071
,68.06310975068216
,67.75669527576734
,68.95092604979432
,68.52665985375842
,64.19757329791064
,69.45376005991093
,72.45505055779451
,71.40224184911283
,67.19886379579421
,66.63317553441303
,59.774205365166
,61.644119340287176
,62.162666913219944
,62.665500923336566
,61.81696853126476
,61.83268209408091
,63.63188503652945
,74.9456502641534
,85.1437525318311
,83.0224215516516
,74.04212040222508
,67.35599942395567
,63.0504832123321
,63.27832987316619
,62.366943229829815
,61.36913199100465
,60.92129545074454
,62.217664383076446
,74.67066291487086
,94.54831987729351
,110.40330475878318
,111.49539737450522
,90.06995447469235
,83.06170545869196
,72.77717859552547
,67.66241389887048
,62.736211956009214
,63.01119930529174
,62.893347584170655
,62.351229667013676
,66.6960297856776
,75.59776312102338
,80.05255817940032
,78.4183476465213
,62.75192551882536
,61.14128533017056
,54.00732781164102
,25.157226481199935
,25.10222901134344
,24.206555930823207
,38.86731003828591
,59.844916397838645
,75.3070622089247
,86.68368168781323
,115.64377795796733
,116.80658160636202
,88.79715588658466
,79.7147165788532
,76.37558448042253
,72.66718365581245
,70.44371451732803
,69.18662949203647
,68.44023525826962
,68.31452675574047
,73.28786938705016
,83.69024797133774
,85.80372217010915
,79.98184714672766
,66.78245438116639
,46.95979488860026
,31.654784705675638
,19.406062490491102
,12.979215298688047
,13.961312974697073
,15.147686967315977
,31.86691780369359
,59.145662852520225
,78.34763661384865
,87.06080719540071
,87.81505821057563
,84.73519989861134
,74.65494935205471
,67.70169780591084
,67.43456723803638
,60.00990880740816
,55.602254437479665
,49.04969874314746
,47.66690521532676
,50.15750492168564
,60.50488603611671
,59.538501922923835
,46.24482778046569
,23.420877790015986
,14.746991115504287
,9.145105971548816
,-3.6300205979765536
,-24.379780296695202
,-24.521202362040512
,-9.6326015937437
,5.758833184669712
,23.97085248858103
,65.79249992374929
,77.91551363640468
,79.44758601097875
,62.51622207658319
,61.848395656897054
,60.32418006373105
,35.69317034942474
,25.1965103882403
,25.1965103882403
,21.825951164177333
,19.146788704024722
,21.990943573746847
,25.20436716964837
,20.49029832480506
,14.550571580302481
,6.128101910849097
,-4.729969995106657
,-21.119216012345248
,-35.40284461222048
,-55.60262961237407
,-55.618343175190205
,-32.46440836560147
,-8.63479035491855
,11.612135333683483
,51.97242142695032
,78.52048580482624
,82.09532134549907
,82.32316800633318
,83.0774190215081
,80.35111587290706
,76.76056676941808
,73.73570592731028
,69.61089568807238
,68.66808191910371
,69.07663455232347
,77.67195341275445
,88.63216347701514
,100.85731534797547
,97.2589094630784
,82.28388409929282
,77.49910422177686
,67.56027574056553
,46.99122201423255
,34.93891933424981
,31.081239662886368
,55.602254437479665
,65.07753281561472
,69.3201947759737
,68.7859336402248
,73.6728516760457
,72.25863102259271
,68.4480920396777
,68.92735570557011
,68.11025043913058
,29.227039250581335
,25.20436716964837
,25.22793751387259
,25.188653606832233
,36.70669515106606
,60.866297980888035
,72.0307843617586
,79.67543267181284
,77.64838306853022
,71.05654346715765
,69.95659407002755
,66.57032128314844
,55.61796800029581
,55.80653075408954
,61.39270233522887
,64.77111834069991
,67.45028080085252
,79.24330969436888
,97.36890440279142
,124.02696372038034
,126.69041261771682
,104.5735729539936
,94.01405874154459
,84.19308198145436
,81.81247721480848
,78.40263408370515
,77.67981019416251
,77.30268468657505
,77.69552375697866
,81.16036435793849
,86.99009616272805
,97.13320096054925
,95.71898030709626
,87.17865891652178
,88.42003037899718
,84.65663208453061
,77.64838306853022
,75.11064267372291
,74.29353740728341
,77.34982537502349
,81.38035423736451
,86.1887044591047
,89.73996965555332
,95.85254559103348
,95.77397777695276
,90.10138160032464
,89.9992434420197
,86.73082237626167
,87.73649039649491
,86.12585020784012
,85.44231022533783
,85.00233046648579
,85.3401720670329
,88.9857186403784
,94.22619183956253
,117.20727745817369
,107.69271517299826
,90.43922320087175
,84.32664726539159
,80.97965838555282
,75.75489874918483
,72.72218112566897
,72.73789468848511
,68.27524284870012
,71.32367403503211
,83.18741396122111
,90.7063537687462
,115.29022279460406
,117.27798849084635
,90.94205721098837
,83.36811993360678
,75.8177530004494
,78.88189774959757
,75.69990127932832
,75.18135370639556
,74.54495441234171
,74.41924590981256
,75.55847921398302
,79.98970392813574
,82.76314776518522
,81.04251263681742
,74.72566038472738
,71.31581725362403
,52.247408776232845
,46.24482778046569
,34.899635427209454
,34.899635427209454
,58.76853734493275
,70.51442555000068
,74.576381537974
,75.2520647390682
,80.06827174221645
,80.49253793825235
,76.7212828623777
,75.20492405061978
,71.27653334658368
,70.56156623844912
,65.69036176544435
,60.316323282322976
,56.32507832702231
,57.299319221623264
,60.08847662148888
,64.13471904664605
,65.72178889107664
,67.30885873550723
,60.69344878991045
,55.59439765607159
,50.6210550247619
,40.37581206863577
,33.265424894330444
,31.01052863021372
,36.65169768120955
,49.30897252961384
,62.6262170162962
,79.95827680250345
,82.39387903900582
,85.13589575042302
,86.15727733347241
,83.65096406429737
,77.95479754344504
,77.86051616654817
,74.40353234699641
,71.7793673567003
,70.23158141931007
,69.52447109258358
,69.98802119565984
,69.3201947759737
,66.37390174794663
,65.23466844377617
,58.72139665648433
,43.47924072482428
,38.21519718141592
,24.787957755020543
,17.033314505253294
,15.155543748724043
,17.088311975109804
,27.427836308132797
,57.087186123605306
,72.94217100509499
,84.55449392622569
,87.02152328836036
,86.13370698924818
,83.81595647386689
,81.02679907400126
,75.07921554809062
,74.16782890475424
,73.93212546251208
,73.7828466157587
,75.53490886975881
,81.0739397624497
,93.33837554045039
,100.30734064941042
,98.25672070190357
,85.67015688617192
,80.94037447851247
,79.30616394563346
,75.72347162355254
,74.12068821630582
,73.46071857802775
,73.87712799265557
,77.16126262122974
,81.09751010667391
,97.30605015152683
,97.14891452336539
,98.37457242302466
,97.21962555603804
,91.2720420301274
,83.61168015725701
,85.26160425295217
,83.89452428794762
,83.29740890093413
,83.46240131050365
,83.51739878036015
,86.95866903709576
,101.7215613028634
,133.1644004979683
,120.12214336056846
,94.90187504065675
,81.84390434044077
,79.14117153606395
,79.10974441043165
,79.08617406620743
,78.14336029723877
,79.11760119183973
,81.87533146607306
,87.91719636888058
,98.62598942808296
,100.33091099363463
,100.34662455645078
,99.70236848098887
,89.3549873665578
,83.6981047527458
,78.1355035158307
,75.8177530004494
,75.82560978185748
,75.9591750657947
,75.95131828438663
,79.21188256873658
,91.49988869096148
,106.05064785871119
,97.56532393799321
,87.84648533620793
,79.23545291296081
,77.34982537502349
,73.06002272621606
,72.88717353523847
,71.60651816572272
,74.36424843995606
,76.77628033223421
,83.0224215516516
,90.26637400989416
,92.53698383682702
,93.44051369875532
,98.37457242302466
,90.17994941440537
,83.19527074262919
,82.6531528254722
,82.0324670942345
,79.48686991801912
,76.83913458349879
,76.73699642519385
,83.13241649136461
,89.12714070572369
,105.07640696411022
,104.38501020019987
,90.0856680375085
,83.88666750653954
,80.78323885035103
,77.04341090010867
,73.73570592731028
,72.77717859552547
,73.93998224392016
,78.1355035158307
,83.1088461471404
,85.58373229068313
,85.85871963996566
,85.74086791884457
,86.66011134358902
,87.964337057329
,81.03465585540934
,76.2420191964853
,75.22063761343591
,74.64709257064665
,73.5864270805569
,75.27563508329243
,79.69900301603707
,89.53569333894345
,94.72902584967916
,90.98134111802872
,79.95827680250345
,73.39786432676317
,70.3651467032473
,68.31452675574047
,66.5546077203323
,66.70388656708568
,67.89026055970456
,71.33153081644018
,79.10974441043165
,87.15508857229757
,89.52783655753538
,90.26637400989416
,93.18909669369701
,86.00799848671903
,80.1939802447456
,83.43883096627943
,79.66757589040478
,79.39258854112225
,78.72476212143611
,78.7561892470684
,79.08617406620743
,78.15907386005492
,76.54057688999205
,68.77807685881672
,61.644119340287176
,43.526381413272716
,29.164184999316753
,19.31963789500231
,14.58199870593478
,14.220586761163453
,15.548382819127646
,29.62773510239301
,60.339893626547195
,76.78413711364229
,83.06956224010004
,85.23017712731989
,81.96175606156186
,75.73918518636869
,68.92735570557011
,59.11423572688794
,58.540690684098664
,57.558593008089645
,46.307682031730266
,41.48361824717394
,41.42076399590937
,34.616791296518855
,23.397307445791768
,14.29915457524418
,13.112780582625277
,11.682846366356145
,7.762312443728106
,8.131581169907506
,-17.48938300181588
,-24.576199831897014
,-9.836877910353593
,11.769270961844938
,17.583289203818346
,55.99509350788327
,73.4450050152116
,80.90894735288019
,78.74833246566034
,75.2834918647005
,72.8557464096062
,68.46380560249384
,66.54675093892422
,69.93302372580334
,69.9408805072114
,74.49781372389327
,80.80680919457524
,93.41694335453111
,107.83413723834357
,97.04677636506045
,80.66538712922994
,65.06967603420665
,59.11423572688794
,52.82881060043019
,50.82533134137178
,51.48530097964984
,60.3084665009149
,69.80731522327417
,79.14117153606395
,90.7613512386027
,119.28146774990475
,126.48613630110695
,96.94463820675551
,83.3602631521987
,77.57767203585757
,76.71342608096964
,72.9107438794627
,71.50438000741778
,72.38433952512186
,73.60214064337305
,77.49910422177686
,87.13937500948143
,93.2755212891858
,84.67234564734676
,73.86141442983944
,60.630594538645866
,53.16665220097729
,35.51246437703909
,27.325698149827865
,32.039766994671176
,39.511566113747826
,53.16665220097729
,73.6728516760457
,80.97180160414476
,98.14672576219056
,99.42738113170633
,86.05513917516747
,77.58552881726565
,72.1172089572474
,61.353418428188505
,57.95143207849325
,55.759390065641114
,53.260933577874155
,52.8523809446544
,52.585250376779946
,50.966753406717075
,45.1134512577033
,39.12658382475229
,32.51903066056358
,31.08909644429444
,20.61600682733421
,22.635199649208772
,23.703721920706585
,19.94032362624
,20.24673810115482
,18.9267988245987
,17.80327908324437
,35.66960000520053
,55.625824781703884
,57.110756467829525
,57.503595538233135
,49.49753528340757
,39.83369415147879
,42.065020071371286
,29.101330748052177
,27.474976996581233
,26.63430138591751
,29.18775534354097
,43.6992306042503
,64.78683190351606
,73.27215582423402
,65.91035164487037
,58.964956880134565
,58.61925849817939
,61.19628280002706
,62.508365295175125
,59.224230666600945
,56.06580454055593
,62.83049333290608
,59.53064514151576
,62.33551610419753
,74.22282637461075
,83.14813005418075
,83.17170039840497
,75.2834918647005
,69.92516694439527
,64.18185973509449
,61.486983712125735
,59.554215485739974
,57.28360565880711
,57.22075140754254
,56.702203834609776
,63.08191033796439
,77.23983043531048
,82.73172063955293
,79.98970392813574
,75.23635117625207
,71.03297312293344
,63.71830963201824
,62.20195082026031
,60.567740287381284
,56.38007579687881
,59.86062996065479
,62.82263655149801
,72.74575146989318
,79.02331981494285
,87.75220395931106
,90.9891978994368
,83.66667762711351
,78.5597697118666
,76.06917000550771
,81.19964826497885
,79.01546303353479
,78.77190280988455
,78.67762143298768
,78.9840359079025
,79.06260372198321
,79.92684967687116
,80.11541243066489
,77.32625503079927
,65.21109809955195
,59.56992904855612
,44.81489356419655
,38.0502047718464
,30.58626243417782
,31.37194057498504
,44.775609657156195
,63.231189184717756
,76.76056676941808
,86.33012652445
,99.41166756889018
,103.66218631065723
,89.28427633388513
,83.61953693866508
,78.41049086511323
,79.16474188028816
,73.28001260564209
,70.60085014548947
,66.0439169288076
,65.38394729052953
,64.75540477788377
,64.24471398635907
,57.503595538233135
,45.427722514026186
,37.79878776678809
,27.215703210114853
,20.20745419411446
,16.632618653441618
,11.761414180436859
,6.898066488840172
,11.30572085876868
,15.894081201082834
,36.69098158824991
,74.59209510079015
,88.06647521563394
,93.88835023901544
,92.80411440470148
,88.23932440661153
,84.34236082820773
,79.85613864419851
,78.76404602847647
,78.46548833496973
,78.10407639019841
,79.88756576983079
,84.51521001918532
,93.95120449028002
,107.60629057750947
,95.18471917134735
,89.378557710782
,82.29174088070089
,82.29174088070089
,79.20402578732852
,79.92684967687116
,79.43187244816261
,82.55887144857535
,85.59944585349928
,88.97000507756225
,95.89182949807385
,114.63025315632602
,118.63721167444282
,97.87959519431611
,92.51341349260281
,83.71381831556195
,80.58681931514921
,77.9390839806289
,78.34763661384865
,79.40044532253033
,79.76185726730164
,83.35240637079063
,97.1174873977331
,115.59663726951888
,104.61285686103398
,88.01933452718552
,81.19179148357078
,79.14117153606395
,76.76842355082614
,78.44977477215359
,74.84351210584846
,77.14554905841361
,80.06827174221645
,85.56016194645892
,100.31519743081849
,121.04138678531291
,124.56908163753734
,100.59804156150908
,90.28994435411838
,83.32097924515834
,81.92247215452149
,79.93470645827922
,80.8775202272479
,81.71819583791162
,80.32754552868283
,83.39954705923907
,93.6762171409975
,103.54433458953615
,101.7529884284957
,86.88010122301505
,82.81814523504173
,80.00541749095188
,73.57857029914884
,69.94873728861948
,68.4166649140454
,70.67941795957019
,75.36991646018929
,83.82381325527496
,93.40908657312303
,94.87044791502446
,97.21176877462997
,93.99048839732038
,90.65921308029777
,83.3602631521987
,83.0224215516516
,81.23107539061114
,80.41397012417163
,80.62610322218958
,81.34107033032416
,82.13460525253944
,79.88756576983079
,77.50696100318493
,68.97449639401853
,45.443436076842325
,23.625154106625857
,16.569764402177043
,14.904126743665735
,13.725609532454904
,13.890601942024418
,15.571953163351864
,30.083428424061204
,63.42760871991956
,83.36811993360678
,85.41873988111362
,85.12018218760687
,85.15946609464724
,89.05642967305104
,84.27950657694315
,80.92466091569632
,80.86966344583982
,76.54057688999205
,76.65842861111312
,77.16126262122974
,83.03027833305967
,85.15160931323916
,85.52873482082663
,82.84957236067402
,69.87802625594684
,51.595295919362854
,33.50898511798067
,27.152848958850278
,24.05727708406984
,23.373737101567556
,38.56875234477917
,59.45207732743504
,75.9591750657947
,84.90804908958893
,84.2087955442705
,84.03594635329291
,85.20660678309568
,89.34713058514971
,83.36811993360678
,86.20441802192084
,84.20093876286244
,83.31312246375026
,81.80462043340042
,81.52177630270982
,82.90456983053052
,79.64400554618057
,77.49124744036878
,64.7161208708434
,41.08292239536226
,17.00188737962101
,12.916361047423472
,9.105822064508459
,6.5052274184365615
,6.756644423494876
,11.879265901557943
,18.17254780942376
,53.07237082408042
,77.54624491022528
,83.6745344085216
,85.1123254061988
,87.3750784517236
,84.46021254932882
,75.98274541001892
,61.79339818704055
,56.76505808587435
,54.85586020371281
,53.45735311307596
,56.23079695012544
,56.042234196331705
,51.626723044995146
,35.135338869451616
,14.487717329037906
,5.33456698863381
,-11.573226601537542
,-36.94277376820264
,-64.14295100294856
,-97.73854830386523
,-91.58668846134469
,-41.52327732910871
,-16.028021659914472
,5.6881221519970495
,51.178886504735026
,73.82998730420714
,75.00064773400989
,65.53322613728291
,60.17490121697767
,57.1186132492376
,39.64513139768505
,35.75602460068932
,33.595409713469465
,36.06243907560413
,39.18943807601686
,53.93661677896836
,76.5012929829517
,80.1939802447456
,75.22063761343591
,52.40454440439429
,35.17462277649198
,31.03409897443794
,27.357125275460156
,24.952950164590057
,25.055088322895003
,27.349268494052083
,33.501128336572606
,54.03089815586523
,78.08050604597419
,100.20520249110547
,102.13797071749124
,90.0542409118762
,79.09403084761551
,63.19976205908547
,46.48838800411593
,43.80136876255524
,41.12220630240263
,39.66870174190927
,41.41290721450129
,49.50539206481565
,67.72526815013505
,74.32496453291569
,50.031796419156485
,27.41212274531666
,16.341917741342947
,15.296965814069345
,6.9766343029209
,4.533175285010444
,4.17962012164719
,13.851318034984061
,14.70770720846393
,18.911085261782546
,54.39231010063655
,82.14246203394751
,82.5981553556157
,74.7178036033193
,61.89553634534549
,52.48311221847501
,38.41161671661772
,35.04891427396282
,32.746877321397676
,33.32042236418694
,33.95682165824079
,45.99341077540738
,63.60831469230523
,74.87493923148074
,61.91910668956971
,37.688792827075076
,34.76607014327222
,50.01608285634034
,16.679759341890055
,19.81461512371085
,20.678861078598786
,34.750356580456085
,25.10222901134344
,36.55741630431269
,64.48041742860124
,79.75400048589357
,77.7426644454271
,75.80989621904133
,59.71135111390142
,48.672573235559994
,54.03089815586523
,51.65029338921936
,50.77819065292334
,49.88251757240312
,52.192411306376336
,63.05833999374017
,74.48210016107713
,75.40920036722966
,74.43495947262869
,48.366158760645185
,31.560503328778772
,24.583681438410665
,19.94818040764808
,22.006657136563
,24.536540749962242
,32.37760859521828
,31.065526100070223
,47.258352582107
,75.45634105567808
,75.9356047215705
,74.65494935205471
,74.47424337966906
,77.18483296545396
,67.937401248153
,66.65674587863724
,63.07405355655632
,60.92129545074454
,58.595688153955166
,60.15133087275346
,63.474749408368
,70.21586785649394
,82.27602731788474
,83.09313258432425
,78.20621454850334
,61.361275209596585
,52.836667381838254
,40.399382412859985
,32.401178939442495
,34.00396234668922
,42.81141430513815
,51.50101454246598
,69.73660419060154
,73.25644226141787
,75.88060725171398
,75.7627555305929
,76.61914470407277
,75.41705714863772
,72.04649792457475
,72.51004802765101
,70.05873222833249
,68.40880813263733
,70.29443567057466
,70.64799083393791
,71.08011381138188
,70.01159153988405
,70.7344154294267
,61.486983712125735
,45.33344113712931
,20.726001767047222
,18.35325378180943
,14.778418241136585
,14.472003766221768
,12.971358517279981
,15.721232010105247
,18.565386879827372
,48.75114104964072
,70.54585267563296
,75.24420795766014
,76.51700654576783
,76.53272010858397
,80.72824138049452
,76.88627527194723
,75.57419277679917
,75.40134358582158
,74.14425856053003
,73.17001766592908
,73.11502019607258
,74.50567050530135
,68.61308444924721
,61.93482025238585
,43.6992306042503
,23.782289734787305
,15.391247190966212
,7.778026006544266
,3.8260649582839505
,0.8326312418084427
,-2.255083851563924
,0.32194045028374774
,10.355050308391938
,31.969055961998528
,67.36385620536373
,75.13421301794712
,76.52486332717591
,75.57419277679917
,80.74395494331067
,78.386920520889
,79.28259360140923
,79.04689015916708
,78.28478236258407
,77.47553387755264
,77.45196353332842
,78.37906373948094
,76.48557942013554
,75.49562496271845
,62.68907126756078
,37.55522754313785
,28.134946634859304
,22.509491146679615
,17.96827149281389
,15.917651545307052
,18.423964814482076
,29.855581763227107
,34.93106255284174
,58.674255968035894
,76.79199389505035
,79.3533046340819
,79.29045038281731
,79.29045038281731
,83.10098936573232
,78.65405108876347
,76.71342608096964
,74.44281625403677
,74.52924084952556
,73.82213052279907
,75.92774794016242
,78.71690534002803
,81.69462549368741
,83.2188410868534
,88.94643473333802
,86.45583502697914
,75.44062749286194
,71.33153081644018
,67.40314011240409
,67.29314517269108
,67.34814264254759
,67.7959791828077
,76.21844885226109
,83.11670292854846
,85.27731781576831
,84.34236082820773
,83.20312752403727
,83.08527580291619
,76.33630057338216
,71.27653334658368
,73.38215076394704
,70.65584761534598
,66.6096051901888
,65.43894476038605
,66.46032634343543
,72.19577677132813
,87.76006074071913
,86.23584514755314
,86.09442308220783
,83.0774190215081
,75.9591750657947
,69.61875246948046
,58.862818721829626
,54.02304137445715
,54.71443813836751
,62.20195082026031
,73.87712799265557
,83.14027327277267
,90.52564779636054
,87.9093395874725
,87.94076671310478
,89.04857289164298
,90.45493676368788
,87.91719636888058
,84.57020748904182
,83.32097924515834
,78.40263408370515
,77.49910422177686
,80.04470139799224
,84.65663208453061
,94.89401825924868
,86.50297571542758
,87.7993446477595
,80.7360981619026
,71.36295794207247
,71.68508597980343
,69.29662443174949
,69.29662443174949
,68.44023525826962
,71.40224184911283
,84.18522520004629
,86.50297571542758
,89.38641449219007
,86.51868927824373
,85.91371710982216
,85.85086285855759
,86.41655111993879
,85.79586538870109
,86.68368168781323
,85.02590081071001
,85.1987500016876
,85.01804402930193
,84.6644888659387
,85.86657642137372
,85.36374241125712
,86.42440790134685
,86.12585020784012
,84.92376265240507
,85.81157895151722
,84.6880592101629
,82.44101972745426
,80.77538206894296
,78.58334005609082
,82.19745950380403
,83.95737853921219
,84.96304655944543
,83.91023785076376
,83.91809463217183
,84.7744838056517
,87.65792258241419
,88.21575406238732
,85.41088309970554
,84.81376771269206
,84.41307186088038
,83.98880566484448
,84.18522520004629
,85.46588056956205
,85.30088815999252
,84.6644888659387
,85.56801872786698
,82.61386891843185
,71.32367403503211
,59.37350951335432
,41.08292239536226
,25.416500267666315
,22.493777583863462
,20.443157636356624
,30.69625737389083
,56.21508338730929
,77.35768215643155
,84.00451922766062
,85.46588056956205
,83.94166497639605
,83.94166497639605
,83.6981047527458
,83.52525556176822
,81.977469624378
,82.33888156914932
,82.72386385814485
,81.67891193087125
,81.6631983680551
,80.62610322218958
,75.00850451541797
,67.73312493154312
,37.3430944451199
,20.61600682733421
,15.524812474903442
,14.715563989872003
,12.193537157880826
,7.558036127118243
,5.609554337916336
,11.132871667791093
,16.255493145854153
,56.84362589995507
,80.42968368698779
,82.33888156914932
,84.74305668001941
,83.58025303162472
,85.1987500016876
,83.94166497639605
,81.37249745595643
,81.11322366949005
,79.05474694057516
,79.07046050339129
,81.29392964187572
,84.02023279047677
,83.83167003668304
,81.93818571733763
,84.08308704174135
,83.26598177530184
,83.72167509697003
,82.32316800633318
,79.7147165788532
,80.36682943572319
,75.00850451541797
,79.58115129491598
,84.6644888659387
,84.64091852171447
,83.65096406429737
,81.64748480523897
,81.64748480523897
,81.56106020975018
,81.38035423736451
,80.95608804132861
,81.71033905650354
,81.71033905650354
,82.28388409929282
,82.2288866294363
,81.72605261931969
,81.69462549368741
,81.68676871227933
,81.70248227509548
,81.69462549368741
,82.32316800633318
,81.3017864232838
,79.80114117434199
,67.64670033605432
,66.53103737610807
,65.66679142122014
,68.11810722053866
,79.7147165788532
,81.67891193087125
,81.65534158664704
,80.72824138049452
,81.27035929765151
,81.65534158664704
,81.6631983680551
,81.67105514946319
,75.2834918647005
,68.43237847686154
,67.63884355464626
,66.60174840878072
,67.26171804705879
,70.46728486155224
,80.37468621713127
,81.85176112184884
,81.87533146607306
,75.22063761343591
,67.33242907973144
,67.34814264254759
,65.02253534575821
,65.85535417501387
,65.0303921271663
,67.41099689381217
,68.88021501712167
,81.85176112184884
,81.14465079512235
,81.0739397624497
,81.21536182779501
,80.8225227573914
,80.49253793825235
,79.13331475465587
,79.40044532253033
,79.2668800385931
,79.42401566675454
,79.07831728479937
,79.21188256873658
,78.77975959129262
,79.40044532253033
,79.43187244816261
,80.3982565613555
,79.3768749783061
,71.3865282862967
,67.41099689381217
,61.60483543324682
,58.35212793030493
,56.63149280193712
,64.76326155929183
,68.76236329600057
,80.83037953879946
,79.47115635520298
,79.7461437044855
,80.86966344583982
,80.94823125992055
,79.84828186279043
,79.15688509888008
,76.14773781958844
,78.25335523695178
,78.39477730229709
,78.39477730229709
,78.26121201835986
,76.63485826688891
,76.21844885226109
,78.46548833496973
,78.58334005609082
,80.42968368698779
,84.14594129300592
,84.67234564734676
,81.1839347021627
,78.53619936764238
,78.20621454850334
,78.55191293045853
,79.89542255123887
,78.42620442792936
,78.37120695807286
,76.81556423927456
,75.22063761343591
,72.73789468848511
,74.95350704556147
,77.3183982493912
,78.93689521945406
,76.52486332717591
,71.7793673567003
,70.07444579114863
,66.79031116257447
,62.07624231773115
,63.78902066469088
,64.4097063959286
,63.3333273430227
,60.65416488287008
,58.933529754502274
,40.27367391033083
,35.921017010258836
,22.328785174293955
,19.916753282015783
,18.581100442643525
,24.78010097361247
,50.01608285634034
,57.920004952860964
,63.82830457173125
,64.81825902914835
,65.57251004432328
,65.85535417501387
,64.81825902914835
,59.224230666600945
,57.85715070159638
,53.2216496708338
,49.717525162833596
,48.35044519782903
,37.193815598366534
,33.776115685855125
,29.70630291647374
,30.09128520546927
,28.205657667531945
,26.579303916061008
,20.631720390150363
,22.70591068188142
,12.311388879001917
,3.881062428140453
,0.6047845809743535
,11.282150514544455
,20.333162696643612
,33.886110625568136
,61.84053887548899
,63.05833999374017
,68.40095135122927
,65.80035670515737
,63.06619677514824
,74.45067303544485
,71.7793673567003
,72.1172089572474
,72.32934205526536
,72.58861584173174
,62.74406873741729
,63.490462971184144
,77.63266950571408
,79.10974441043165
,76.56414723421626
,81.27035929765151
,77.88408651077239
,76.4148683874629
,74.47424337966906
,67.18315023297808
,70.28657888916658
,76.45415229450326
,79.38473175971417
,75.57419277679917
,74.39567556558833
,74.48210016107713
,74.48995694248521
,72.76146503270932
,63.419751938511496
,83.54096912458436
,84.39735829806423
,84.62520495889832
,84.71162955438712
,83.71381831556195
,80.51610828247658
,81.01108551118512
,75.86489368889784
,75.95131828438663
,79.07046050339129
,85.47373735097011
,82.04032387564258
,69.78374487904996
,67.77240883858349
,64.01686732552497
,67.21457735861036
,69.70517706496925
,82.60601213702378
,75.66061737228796
,77.29482790516697
,79.11760119183973
,74.47424337966906
,79.07831728479937
,75.29134864610857
,67.6859842430947
,63.84401813454739
,62.13123978758765
,63.419751938511496
,61.777684624224406
,67.34814264254759
,78.63048074453924
,77.51481778459299
,76.85484814631494
,78.62262396313118
,69.73660419060154
,64.74754799647569
,53.46520989448403
,52.0902731480714
,49.560389534672154
,63.490462971184144
,65.50179901165062
,79.07831728479937
,76.46200907591133
,76.01417253565121
,76.74485320660192
,81.52963308411788
,80.75181172471873
,79.98184714672766
,76.01417253565121
,68.17310469039516
,68.15739112757902
,72.24291745977656
,69.75231775341769
,61.699116810143686
,62.72049839319307
,74.0106932765928
,73.95569580673629
,64.4647038657851
,61.81696853126476
,52.325976590313566
,40.297244254555046
,38.61589303322759
,36.910971467675935
,46.464817659891715
,63.749736757650524
,79.51044026224334
,68.8409311100813
,77.89194329218046
,81.52177630270982
,81.52177630270982
,82.58244179279956
,80.90109057147211
,79.13331475465587
,77.53053134740914
,76.00631575424313
,76.00631575424313
,76.00631575424313
,67.3717129867718
,72.42362343216222
,78.09621960879035
,79.9739903653196
,76.28130310352567
,62.3433728856056
,52.325976590313566
,39.613704272052765
,34.50679635680584
,33.831113155711634
,28.25279835598038
,61.455556586493444
,72.10935217583933
,66.11462796148025
,73.50785926647619
,78.68547821439576
,79.58900807632405
,80.61038965937344
,79.14117153606395
,73.26429904282594
,71.30796047221597
,72.23506067836848
,73.73570592731028
,73.73570592731028
,61.14914211157863
,62.060528754915005
,60.685592008502375
,54.4630211333092
,27.74996434586376
,13.317056899235155
,8.61870161720799
,2.4746985560955324
,-5.122809065510268
,-17.473669438999764
,-7.990534279456625
,5.33456698863381
,20.686717860006866
,57.95928885990132
,60.93700901356068
,60.79558694821538
,60.3084665009149
,59.664210425452985
,59.78206214657406
,59.00424078717492
,49.15969368286048
,35.418183000142214
,27.67139653178304
,22.760908151737922
,21.03241624196204
,24.70153315953175
,22.894473435675152
,18.023268962670393
,10.190057898822417
,-0.1337528713844307
,-4.674972525250155
,-10.866116274811034
,-18.062928044605172
,-18.71504090147515
,-7.142001887384822
,6.685933390822214
,15.658377758840658
,46.119119277936534
,59.562072267148054
,58.6428288424036
,57.92786173426903
,58.91781619168613
,55.633681563111956
,68.52665985375842
,69.2101998362607
,66.36604496653857
,63.68688250638595
,61.87196600112127
,56.46650039236761
,70.17658394945357
,70.45942808014416
,70.68727474097827
,70.52228233140876
,70.37300348465537
,69.81517200468225
,58.61140171677131
,57.12647003064568
,58.61140171677131
,58.36784149312108
,58.35998471171301
,64.59826914972233
,67.80383596421578
,70.65584761534598
,70.22372463790201
,69.83874234890646
,69.72874740919346
,63.43546550132764
,63.45117906414378
,61.204139581435136
,61.227709925659354
,59.67992398826914
,60.371320752179486
,60.316323282322976
,63.43546550132764
,69.25734052470914
,68.8409311100813
,63.45117906414378
,58.84710515901348
,57.291462440215184
,53.23736323364994
,51.32030857008033
,50.731049964474906
,55.58654087466353
,57.9671456413094
,60.04133593304046
,65.17967097391967
,68.06310975068216
,63.48260618977607
,65.33680660208111
,71.14296806264645
,71.0172595601173
,70.985832434485
,70.60085014548947
,70.53013911281683
,70.97797565307694
,70.52228233140876
,63.490462971184144
,70.51442555000068
,66.51532381329193
,65.51751257446676
,61.91910668956971
,62.74406873741729
,53.57520483419704
,45.388438606985815
,38.443043842250006
,36.90311468626786
,41.54647249843852
,60.36346397077141
,60.51274281752478
,60.552026724565145
,66.21676611978519
,72.88717353523847
,76.03774287987542
,74.6628061334628
,71.56723425868236
,65.83178383078966
,62.9640586168433
,66.19319577556098
,67.38742654958794
,67.4267104566283
,58.62711527958746
,61.91124990816163
,63.490462971184144
,64.26828433058328
,61.298420958332
,68.92735570557011
,66.03606014739952
,58.63497206099552
,56.13651557322857
,55.390121339461714
,60.80344372962345
,64.04829445115726
,70.56156623844912
,61.879822782529345
,61.26699383269971
,64.74754799647569
,67.37956976817988
,68.12596400194673
,68.11810722053866
,65.06181925279859
,65.33680660208111
,65.1403870668793
,65.12467350406315
,65.10895994124701
,61.27485061410779
,63.60831469230523
,65.09324637843088
,65.09324637843088
,66.03606014739952
,71.68508597980343
,71.99935723612633
,68.4166649140454
,63.7575935390586
,60.10419018430503
,61.21985314425128
,65.1403870668793
,68.55023019798263
,63.254759528941975
,65.00682178294208
,63.45903584555185
,59.52278836010768
,64.52755811704967
,64.28399789339943
,57.487881975417
,53.59877517842126
,48.47615370035819
,42.198585355308516
,38.89873716391819
,36.2981425178463
,43.03926096597224
,31.151950695559016
,27.74996434586376
,23.695865139298512
,12.633516916732873
,-1.5401167434293654
,-16.06730556695483
,-29.2666983325161
,-32.927958468677744
,-24.065509040372305
,-3.0643323365953563
,16.499053369504388
,26.547876790428717
,52.07455958525526
,51.697434077667786
,52.01956211539875
,51.65815017062743
,51.26531110022382
,45.757707333165214
,38.42733027943386
,30.672687029666612
,26.71286919999823
,28.111376290635086
,31.961199180590455
,31.47407873328998
,28.63778064497592
,22.792335277370206
,16.884035658499926
,8.280860016660881
,1.5318847871268702
,-7.801971525662893
,-22.996986768874507
,-29.808816249673086
,-20.278540401681525
,6.22238328774597
,22.47020723963925
,32.75473410280574
,47.30549327055544
,52.43597153002658
,52.40454440439429
,58.697826312260105
,53.095941168304634
,53.11165473112078
,53.81876505784728
,56.06580454055593
,55.61011121888774
,53.787337932214996
,52.07455958525526
,53.25307679646608
,56.670776708977485
,55.782960409865325
,52.18455452496826
,55.59439765607159
,52.74238600494139
,46.55124225538051
,38.26233786986435
,42.36357776487803
,52.88380807028669
,58.68211274944396
,53.20593610801765
,52.49096899988308
,57.244321751766755
,62.70478483037692
,63.5297468782245
,63.026912868107885
,62.013388066466575
,56.84362589995507
,53.292360703506446
,52.10598671088754
,50.89604237404443
,46.95193810719219
,35.866019540402334
,51.76814511034044
,59.090665382663715
,59.54635870433191
,55.83010109831376
,51.96456464554224
,50.291070205622866
,46.99907879564062
,51.37530603993683
,51.65815017062743
,48.79828173808915
,32.07119412030347
,51.34387891430454
,48.03617394150615
,60.28489615669069
,62.77549586304957
,62.8540636771303
,63.07405355655632
,61.92696347097778
,50.28321342421479
,49.15969368286048
,50.236072735766356
,49.47396493918336
,50.27535664280673
,50.817474559963706
,50.919612718268645
,53.95233034178451
,53.96804390460065
,51.02175087657358
,51.823142580196944
,51.28102466303996
,50.64462536898611
,49.83537688395468
,42.968549933299585
,45.69485308190063
,49.96894216789191
,50.95103984390093
,50.89604237404443
,52.38883084157814
,50.998180532349366
,52.655961409452594
,53.080227605488496
,52.40454440439429
,60.32418006373105
,53.05665726126428
,52.263122339048984
,51.37530603993683
,51.90171039427767
,52.48311221847501
,57.189324281910245
,66.2717635896417
,67.59955964760589
,67.6545571174624
,62.17838047603609
,57.83358035737217
,54.502305040349555
,52.30240624608935
,52.78166991198175
,55.90081213098641
,58.697826312260105
,56.403646141103025
,59.44422054602697
,69.25734052470914
,73.6178542061892
,70.69513152238635
,68.97449639401853
,66.0753440544399
,88.75787197954429
,82.13460525253944
,71.33153081644018
,65.54893970009906
,64.9439675316775
,70.55370945704104
,91.57845650504221
,108.28983056001175
,108.42339584394898
,91.71202178897944
,81.60820089819862
,71.52009357023393
,67.44242401944446
,64.01686732552497
,62.94048827261909
,63.930442730036184
,65.00682178294208
,61.455556586493444
,63.39618159428728
,77.03555411870059
,92.46627280415437
,88.75787197954429
,86.03156883094326
,75.31491899033279
,64.4647038657851
,55.68867903296846
,47.43905855449266
,43.832795888187526
,41.96288191306635
,45.27058688586474
,39.566563583604335
,45.41200895121004
,41.232201242115636
,32.01619665044696
,20.474584761988915
,14.982694557746449
,14.00059688173743
,11.627848896499628
,10.897168225548924
,10.307909619943516
,8.437995644822323
,19.374635364858804
,47.78475693644784
,59.10637894547986
,67.58384608478976
,68.51094629094227
,72.47862090201873
,69.20234305485262
,67.17529345157
,62.5712195464397
,58.32855758608072
,56.277937638573874
,57.20503784472639
,54.73015170118365
,53.755910806582705
,47.36834752182001
,35.18247955790005
,20.396016947908187
,21.5509638148948
,20.537439013253497
,19.468916741755677
,17.041171286661367
,15.721232010105247
,18.188261372239914
,21.024559460553974
,37.16238847273424
,53.77162436939885
,62.61050345348006
,69.21805661766876
,70.19229751226972
,69.63446603229659
,69.24948374330106
,58.54854746550673
,56.568638550672546
,56.08151810337206
,54.738008482591724
,56.03437741492364
,56.39578935969496
,54.769435608224015
,58.179278739327344
,58.72139665648433
,57.83358035737217
,57.503595538233135
,56.03437741492364
,48.46044013754205
,43.37710256651934
,44.23349173999921
,52.247408776232845
,57.032188653748804
,52.82881060043019
,57.95143207849325
,66.71174334849374
,78.73261890284418
,77.70338053838674
,77.66409663134637
,69.36733546442213
,56.93790727685194
,54.4630211333092
,54.06232528149752
,45.41986573261811
,47.266209363515074
,52.72667244212525
,54.71443813836751
,61.11771498594634
,64.80254546633219
,56.01080707069942
,56.13651557322857
,46.14268962216075
,39.88083483992722
,39.016588885039276
,38.105202241702905
,45.17630550896787
,54.84014664089666
,53.363071736179094
,56.175799480268935
,64.77897512210798
,63.94615629285233
,68.47166238390191
,65.87106773783002
,65.86321095642194
,64.99110822012594
,62.4297974810944
,60.08847662148888
,54.07803884431366
,54.22731769106703
,60.75630304117502
,62.78335264445764
,64.99110822012594
,66.91601966510362
,73.85355764843136
,61.21985314425128
,51.71314764048394
,47.67476199673483
,40.98078423705732
,48.444726574725905
,52.06670280384718
,54.72229491977558
,54.3215990679639
,63.74187997624245
,63.74187997624245
,63.616171473713294
,63.73402319483438
,64.39399283311245
,63.53760365963257
,65.35252016489726
,65.40751763475376
,64.236857204951
,63.37261125006306
,63.27832987316619
,64.82611581055642
,67.95311481096914
,68.77022007740865
,68.77022007740865
,68.46380560249384
,64.92039718745328
,59.41279342039468
,54.4630211333092
,51.70529085907586
,51.00603731375744
,55.48440271635858
,55.49225949776665
,58.22641942777578
,65.1403870668793
,68.77022007740865
,68.77022007740865
,67.83526308984807
,68.76236329600057
,66.6096051901888
,62.55550598362355
,53.69305655531812
,53.06451404267235
,51.67386373344357
,51.65815017062743
,51.94099430131803
,53.66162942968583
,66.33461784090628
,66.49175346906772
,63.57688756667294
,50.448205833784314
,27.954240662473637
,17.91327402295738
,15.501242130679223
,15.501242130679223
,16.239779583038008
,32.008339869038885
,39.11087026193615
,59.593499392780345
,65.78464314234122
,65.7060753282605
,64.98325143871786
,64.92039718745328
,63.58474434808101
,66.30319071527398
,62.44551104391054
,51.595295919362854
,47.74547302940748
,47.57262383842989
,47.67476199673483
,47.690475559550976
,47.941892564609276
,48.01260359728194
,47.36834752182001
,24.44225937306537
,20.08174569158531
,14.307011356652247
,13.12063736403335
,14.204873198347308
,20.286022008195175
,35.31604484183728
,51.15531616051081
,50.220359172950225
,57.998572766941685
,63.875445260179674
,64.89682684322906
,64.36256570748016
,63.364754468654986
,55.67296547015232
,49.99251251211612
,47.69833234095905
,47.635478089694466
,46.94408132578411
,47.72190268518327
,37.44523260342484
,23.939425362948747
,23.56229985536128
,23.703721920706585
,15.210541218580552
,13.51347643443696
,12.248534627737335
,10.928595351181201
,11.022876728078074
,12.586376228284436
,13.356340806275512
,26.689298855774013
,30.916247253316847
,50.550343992089246
,58.807821251973124
,63.18404849626933
,62.69692804896885
,61.76197106140826
,64.11900548382992
,59.797775709390216
,50.43249227096817
,48.97898771047481
,48.93184702202638
,54.541588947389926
,61.43198624226923
,61.04700395327369
,62.665500923336566
,60.89772510652032
,57.998572766941685
,47.43905855449266
,47.39191786604423
,47.344777177595795
,47.31335005196351
,40.87078929734431
,36.29028573643823
,39.723699211765776
,49.90608791662733
,55.59439765607159
,57.69215829202687
,59.2085171037848
,59.12994928970408
,56.89862336981158
,55.09156364595498
,54.35302619359619
,54.0387549372733
,45.17630550896787
,44.00564507916512
,45.969840431183165
,56.11294522900436
,56.11294522900436
,56.12080201041243
,55.17013146003569
,47.76904337363169
,45.45914963965848
,39.566563583604335
,36.824546872187135
,30.664830248258546
,24.505113624329944
,31.94548561777431
,40.30510103596311
,51.618866263587066
,56.39578935969496
,55.649395125928095
,56.11294522900436
,55.80653075408954
,54.03089815586523
,61.777684624224406
,59.33422560631395
,54.00732781164102
,52.43597153002658
,50.18893204731793
,53.08808438689657
,57.095042905013386
,56.670776708977485
,56.827912337138926
,57.52716588245735
,55.51582984199087
,54.28231516092354
,53.4180692060356
,53.96804390460065
,54.30588550514776
,57.448598068376626
,54.533732165981846
,53.96804390460065
,44.83846390842077
,56.670776708977485
,56.670776708977485
,55.633681563111956
,55.625824781703884
,54.15660665839438
,46.174116747793036
,47.8240408434882
,47.659048433918684
,43.80136876255524
,42.740703272465495
,38.60803625181953
,40.532947696797216
,46.181973529201116
,47.9654629088335
,42.28500995079731
,27.474976996581233
,20.17602706848217
,16.774040718786914
,12.900647484607326
,9.92292733094797
,14.636996175791275
,16.357631304159085
,20.17602706848217
,43.7856551997391
,44.73632575011583
,47.321206833371576
,48.63328932851964
,49.332542873838065
,49.34825643665421
,47.57262383842989
,41.774319159272615
,38.74160153575676
,35.135338869451616
,36.96596893753244
,40.320814598779265
,46.983365232824475
,50.683909276026476
,48.758997831048795
,38.372332809577365
,20.945991646473246
,16.255493145854153
,14.691993645647791
,12.664944042365164
,13.3327704620513
,17.056884849477512
,20.23102453833868
,39.81012380725457
,42.9371228076673
,55.07585008313883
,53.8423354020715
,56.356505452654595
,56.34864867124652
,54.015184593049085
,49.34039965524613
,48.45258335613398
,47.635478089694466
,46.94408132578411
,45.396295388393895
,38.93016428955048
,21.990943573746847
,17.46543748269727
,17.583289203818346
,16.341917741342947
,15.391247190966212
,1.4533169730461424
,-19.87784454986985
,-29.2666983325161
,-36.895633079754205
,-20.309967527313802
,-3.040761992371145
,12.18568037647276
,17.056884849477512
,25.6207765842762
,31.99262630622274
,32.008339869038885
,36.1017229826445
,32.53474422337972
,15.854797294042463
,15.587666726168017
,14.409149514957193
,12.93993139164769
,12.586376228284436
,13.128494145441415
,12.98707208009612
,11.274293733136375
,6.379518915907411
,8.202292202580153
,7.927304853297642
,6.23024006915405
,3.4882233577368424
,2.121143392732293
,-0.3144588437700975
,1.4140330660057856
,14.008453663145502
,20.961705209289384
,32.33046790676985
,42.450002360366824
,54.54944572879799
,56.411502922511104
,56.52935464363218
,54.90300089216124
,62.79906620727379
,60.97629292060104
,57.21289462613447
,54.816576296672444
,54.541588947389926
,58.77639412634083
,59.65635364404491
,61.54198118198224
,61.172712455802845
,59.562072267148054
,50.89604237404443
,44.147067144510416
,33.50898511798067
,32.039766994671176
,32.0319102132631
,40.61937229228601
,46.95193810719219
,47.69833234095905
,63.31761378020656
,70.86012393195585
,59.70349433249335
,59.60135617418841
,58.7842509077489
,57.41717094274434
,53.748054025174625
,53.44163955025981
,52.42025796721043
,50.11822101464528
,49.91394469803541
,52.2866926832732
,58.47783643283409
,59.73492145812564
,59.192803540968654
,55.264412836932564
,54.20374734684282
,44.13135358169427
,33.288995238554655
,26.50073610198028
,22.006657136563
,29.038476496787595
,49.5761030974883
,53.70877011813427
,61.455556586493444
,62.56336276503162
,62.924774709802946
,62.893347584170655
,62.091955880547296
,59.96276811895973
,59.09852216407179
,56.88290980699543
,51.81528579878887
,50.61319824335383
,48.311161290788675
,51.55601201232248
,54.65158388710293
,60.51274281752478
,60.50488603611671
,64.3782792702963
,57.14218359346181
,54.91871445497739
,49.434681032143004
,47.2033551122505
,46.016981119631595
,47.62762130828639
,48.311161290788675
,51.56386879373056
,59.09852216407179
,59.18494675956058
,56.018663852107494
,55.9872367264752
,55.947952819434846
,54.9422847992016
,63.50617653400029
,61.337704865372366
,62.49265173235898
,58.55640424691481
,57.9671456413094
,57.21289462613447
,61.88767956393741
,67.61527321042205
,63.49831975259222
,64.90468362463713
,66.88459253947133
,64.04829445115726
,53.99161424882487
,50.833188122779845
,48.87684955216987
,50.38535158251973
,56.9771911838923
,63.569030785264864
,64.4332767401528
,65.49394223024255
,64.55112846127389
,65.91035164487037
,65.51751257446676
,60.92129545074454
,64.01686732552497
,60.5913106316055
,55.48440271635858
,50.88032881122828
,48.50758082599049
,48.570435077255055
,54.07018206290559
,63.58474434808101
,74.41924590981256
,71.21367909531911
,63.521890096816435
,62.43765426250247
,58.14785161369505
,54.4630211333092
,49.426824250734924
,49.324686092429985
,48.782568175273006
,49.6311005673448
,58.74496700070854
,63.50617653400029
,62.084099099139216
,59.90777064910323
,63.53760365963257
,54.4630211333092
,57.53502266386542
,55.154417897219545
,54.23517447247511
,49.332542873838065
,46.252684561873764
,40.44652310130842
,46.95193810719219
,46.983365232824475
,40.31295781737119
,26.052899561720167
,18.07040965111883
,14.39343595214104
,13.183491615297925
,5.043866076535139
,-1.4458353665324921
,6.426659604355848
,12.114969343800112
,20.5060118876212
,39.857264495703006
,56.2700808571658
,58.00642954834976
,59.326368824905884
,60.26918259387455
,58.831391596197335
,64.48827421000931
,59.200660322376734
,53.858048964887644
,50.66819571321034
,47.36049074041195
,41.60146996829503
,37.633795357218574
,27.53783124784581
,20.76528567408758
,11.502140393970478
,-8.069102093537339
,-21.079932105304877
,-319.60619848641574
,-48.59438059637368
,-37.09990939636407
,-20.89136935151116
,10.14291721037398
,20.24673810115482
,47.14835764239399
,59.49921801588347
,65.75321601670893
,65.85535417501387
,69.30448121315756
,66.39747209217086
,58.17142195791927
,57.605733696538074
,57.61359047794615
,56.38007579687881
,51.96456464554224
,55.570827311847374
,58.54854746550673
,58.155708395103126
,57.605733696538074
,51.948851082726094
,48.523294388806626
,35.135338869451616
,22.053797825011422
,18.863944573334123
,19.406062490491102
,30.939817597541065
,42.2300124809408
,45.95412686836703
,57.61359047794615
,58.19499230214349
,58.37569827452914
,61.070574297497906
,55.5629705304393
,50.72319318306684
,55.09156364595498
,49.90608791662733
,43.102115217236815
,36.70669515106606
,34.92320577143367
,40.50152057116492
,42.245726043756946
,55.060136520322686
,55.80653075408954
,50.6210550247619
,35.82673563336196
,25.314362109361383
,17.983985055630036
,14.212729979755387
,15.9019379824909
,15.438387879414648
,19.398205709083022
,34.436085324133195
,55.421548465094006
,58.57997459113903
,58.37569827452914
,58.21856264636771
,57.70001507343494
,55.95580960084291
,61.76197106140826
,60.14347409134539
,59.34208238772203
,56.2700808571658
,56.2700808571658
,57.1736107190941
,58.17142195791927
,72.13292252006354
,80.33540231009091
,59.78206214657406
,51.16317294191888
,44.95631562954185
,34.02753269091344
,31.984769524814666
,30.161996238141924
,29.305607064662055
,43.282821189622474
,57.07147256078917
,60.497029254708636
,56.277937638573874
,57.38574381711206
,58.94138653591034
,69.54018465539973
,60.75630304117502
,79.08617406620743
,78.14336029723877
,62.634073797704275
,61.53412440057417
,61.99767450365042
,67.46599436366867
,78.15121707864685
,76.59557435984854
,67.4895647078929
,77.49124744036878
,66.35818818513049
,57.59787691513
,54.82443307808052
,50.40892192674394
,50.50320330364082
,56.26222407575773
,67.49742148930096
,78.11978995301455
,88.05861843422588
,58.202849083551556
,58.705683093668185
,58.705683093668185
,58.06928379961433
,57.063615779381095
,58.210705864959635
,57.59787691513
,57.315032784439396
,56.34864867124652
,56.309364764206165
,56.38793257828688
,58.22641942777578
,59.978481681775875
,59.617069737004556
,57.99071598553361
,56.34864867124652
,55.97152316365906
,46.83408638607111
,45.06631056925487
,45.812704803021724
,48.09902819277073
,54.926571236385456
,55.555113749031236
,59.56992904855612
,61.05486073468177
,61.1569988929867
,59.617069737004556
,59.54635870433191
,59.12994928970408
,54.78514917104016
,55.555113749031236
,55.72010615860075
,51.11603225347045
,47.030505921272905
,47.038362702680985
,49.827520102546615
,51.14745937910274
,51.11603225347045
,48.5861486400712
,38.71803119153254
,33.5561258064291
,23.947282144356826
,20.710288204231084
,23.2480285990384
,28.6142103007517
,36.918828249084
,49.5211056276318
,53.292360703506446
,57.52716588245735
,53.71662689954234
,54.934428017793536
,54.78514917104016
,54.77729238963209
,57.36217347288783
,56.670776708977485
,56.66291992756941
,51.56386879373056
,50.212502391542145
,49.02612839892325
,49.86680400958697
,49.05755552455553
,41.467904684357805
,26.97214298646461
,19.798901560894713
,19.71247696540592
,17.080455193701724
,16.310490615710663
,15.626950633208374
,18.856087791926043
,25.46364095611475
,46.14268962216075
,47.038362702680985
,50.966753406717075
,56.51364108081604
,57.44074128696856
,57.69215829202687
,57.448598068376626
,58.132138050878915
,51.32030857008033
,49.47396493918336
,47.556910275613745
,47.274066144923154
,50.91175593686057
,58.5878313725471
,57.448598068376626
,58.22641942777578
,58.862818721829626
,57.14218359346181
,55.602254437479665
,50.36963801970359
,41.91574122461792
,33.63469362050983
,31.02624219302986
,43.82493910677946
,47.242639019290856
,57.315032784439396
,57.558593008089645
,57.56644978949771
,57.4564548497847
,57.4564548497847
,56.4979275179999
,58.01428632975782
,57.448598068376626
,51.2417407559996
,49.6311005673448
,48.89256311498602
,50.20464561013407
,54.84800342230474
,57.943575297085175
,59.49921801588347
,58.257846553408065
,51.131745816286596
,50.047509981972624
,48.61757576570349
,47.266209363515074
,45.61628526781992
,47.61976452687833
,49.073269087371685
,48.5311511702147
,56.74148774165013
,58.909959410278056
,58.23427620918385
,57.448598068376626
,57.975002422717466
,57.550736226681565
,76.75270998801
,71.03297312293344
,68.58165732361492
,65.32894982067303
,64.41756317733666
,67.61527321042205
,77.46767709614456
,88.8128694494008
,85.37945597407327
,69.13163202217997
,55.5629705304393
,43.17282624990946
,16.239779583038008
,13.678468844006474
,12.853506796158896
,14.3227249194684
,24.167272023782836
,51.752431547524296
,65.99677624035917
,59.774205365166
,72.69075400003668
,75.0556452038664
,94.14762402548182
,83.0224215516516
,58.077140581022405
,58.71353987507625
,59.25565779223324
,57.4564548497847
,55.97937994506714
,59.4913612344754
,61.44769980508538
,58.077140581022405
,58.08499736243048
,54.07018206290559
,58.62711527958746
,44.58704690336246
,38.43518706084194
,35.22176346494041
,35.46532368859065
,45.522003890923045
,54.07803884431366
,58.94924331731842
,59.80563249079829
,58.210705864959635
,58.47783643283409
,58.71353987507625
,59.56992904855612
,58.39926861875337
,59.83705961643057
,55.48440271635858
,54.00732781164102
,55.20155858566798
,54.541588947389926
,54.05446850008944
,60.32418006373105
,61.384845553820796
,61.37698877241272
,61.384845553820796
,59.23994422941709
,56.49007073659182
,55.23298571130027
,44.532049433505954
,43.94279082790054
,44.539906214914026
,56.23079695012544
,59.868486742062856
,60.48131569189249
,58.697826312260105
,58.909959410278056
,59.4913612344754
,59.609212955596476
,58.60354493536324
,61.455556586493444
,60.8191572924396
,60.316323282322976
,55.61796800029581
,54.8872873293451
,54.84800342230474
,54.934428017793536
,54.91085767356931
,54.934428017793536
,54.38445331922848
,48.051887504322295
,45.082024132071005
,41.043638488321896
,33.41470374108381
,30.052001298428912
,45.43557929543425
,52.88380807028669
,53.284503922098374
,55.32726708819715
,60.85844119947996
,61.879822782529345
,61.4948404935338
,70.56156623844912
,61.746257498592115
,54.926571236385456
,52.18455452496826
,50.09465067042106
,52.341690153129704
,50.07108032619685
,46.37053628299485
,46.8655135117034
,36.78526296514678
,36.918828249084
,28.519928923854835
,10.527899499369525
,2.081859485691936
,-15.973024190057956
,-48.73580266171899
,-65.01505373924456
,-55.57905926814985
,-11.973922453349232
,8.367284612149675
,49.75680906987396
,55.154417897219545
,55.64153834452003
,55.41369168368594
,58.988527224358776
,57.605733696538074
,51.55601201232248
,50.03965320056456
,50.01608285634034
,48.79828173808915
,48.98684449188289
,46.936224544376046
,48.35044519782903
,52.81309703761404
,53.3316446105468
,49.74109550705782
,36.777406183738705
,22.061654606419495
,17.77970873902015
,17.072598412293665
,20.136743161441807
,27.529974466437743
,39.26014910868952
,53.158795419569216
,59.33422560631395
,60.43417500344407
,62.469081388134754
,60.82701407384767
,61.84053887548899
,58.74496700070854
,56.34864867124652
,54.62015676147064
,53.59877517842126
,52.43597153002658
,52.01956211539875
,51.32030857008033
,51.63457982640321
,52.36526049735393
,51.626723044995146
,51.51672810528213
,50.683909276026476
,37.73593351552351
,27.380695619684367
,24.81938488065284
,26.84643448393546
,44.71275540589161
,51.63457982640321
,56.29365120139002
,57.30717600303133
,56.356505452654595
,56.34864867124652
,56.207226605901226
,56.29365120139002
,54.1251795327621
,49.86680400958697
,52.45168509284272
,49.73323872564974
,49.50539206481565
,47.70618912236712
,46.94408132578411
,48.24830703952409
,50.72319318306684
,50.58177111772154
,49.90608791662733
,46.849799948887245
,42.120017541227796
,37.429519040608696
,33.57969615065332
,39.98297299823216
,44.33562989830415
,48.806138519497225
,51.131745816286596
,49.73323872564974
,49.073269087371685
,50.243929517174436
,50.80961777855563
,52.64810462804452
,51.05317800220587
,50.7624770901072
,50.85675846700406
,49.096839431595896
,49.37182678087842
,48.6411461099277
,49.73323872564974
,49.47396493918336
,50.84890168559599
,50.84890168559599
,49.788236195506244
,49.99251251211612
,48.85327920794566
,48.5311511702147
,48.49972404458241
,47.71404590377519
,47.54905349420567
,48.65685967274385
,50.18893204731793
,49.379683562286495
,49.356113218062276
,49.62324378593673
,49.96108538648383
,49.796092976914316
,48.42115623050168
,46.75551857199038
,46.75551857199038
,46.76337535339845
,48.523294388806626
,46.37053628299485
,46.11126249652846
,46.76337535339845
,46.37053628299485
,46.37839306440292
,46.10340571512039
,49.10469621300397
,49.51324884622372
,47.05407626549713
,46.37053628299485
,46.36267950158677
,53.59877517842126
,51.74457476611622
,51.55601201232248
,48.04403072291422
,47.38406108463616
,47.31335005196351
,47.01479235845676
,47.690475559550976
,46.94408132578411
,50.526773647865035
,53.755910806582705
,50.53463042927311
,47.06978982831327
,43.7856551997391
,43.70708738565837
,44.59490368477053
,43.87207979522789
,43.911363702268254
,50.055366763380704
,41.42076399590937
,36.337426424886665
,34.632504859335
,25.683630835540775
,23.74300582774695
,30.083428424061204
,39.354430485586384
,47.04621948408905
,45.41986573261811
,53.44949633166789
,53.11951151252886
,50.471776178008525
,51.67386373344357
,53.3316446105468
,54.23517447247511
,50.48748974082467
,49.033985180331314
,48.020460378690004
,47.030505921272905
,47.006935577048694
,47.31335005196351
,47.30549327055544
,47.30549327055544
,38.17591327437556
,25.290791765137165
,20.498155106213133
,15.399103972374277
,8.304430360885092
,7.008061428553191
,12.232821064921183
,20.19959741270638
,45.45914963965848
,49.976798949299976
,56.73363096024207
,55.21727214848413
,54.28231516092354
,53.31593104773066
,53.001659791407775
,53.410212424627524
,54.36088297500426
,53.70877011813427
,50.45606261519238
,48.59400542147928
,47.86332475052856
,51.53244166809827
,58.82353481478926
,59.56992904855612
,55.17013146003569
,55.625824781703884
,50.448205833784314
,45.914842961326656
,41.86860053616948
,41.829316629129124
,47.31335005196351
,48.01260359728194
,53.92875999756029
,78.29263914399215
,55.17013146003569
,55.162274678627625
,54.148749876986315
,54.96585514342582
,54.015184593049085
,62.51622207658319
,56.65506314616134
,50.13393457746143
,48.85327920794566
,47.46262889871688
,49.434681032143004
,54.926571236385456
,59.25565779223324
,69.87016947453876
,63.08976711937246
,48.5311511702147
,40.72151045059094
,35.06462783677897
,29.894865670267464
,30.680543811074685
,43.95850439071668
,49.11255299441204
,52.341690153129704
,61.29056417692393
,55.01299583187425
,55.154417897219545
,55.837957879721834
,56.356505452654595
,55.005139050466184
,55.09156364595498
,50.6210550247619
,48.342588416420966
,50.448205833784314
,50.26749986139865
,50.605341461945756
,50.935326281084784
,55.40583490227786
,57.291462440215184
,56.65506314616134
,50.495346522232744
,50.13393457746143
,47.219068675066644
,45.082024132071005
,45.5927149235957
,46.20554387342533
,46.20554387342533
,45.74199377034907
,51.79171545456465
,57.2286081889506
,57.20503784472639
,59.420650201802744
,57.91214817145289
,55.24084249270835
,53.26879035928222
,52.373117278761995
,52.35740371594585
,51.63457982640321
,50.314640549847084
,51.39887638416105
,52.93880554014319
,52.86023772606248
,52.84452416324633
,51.8624264872373
,51.68172051485165
,51.697434077667786
,50.82533134137178
,47.816184062080126
,47.09336017253749
,48.06760106713844
,51.28888144444804
,51.50887132387406
,52.10598671088754
,55.625824781703884
,55.61796800029581
,55.704392595784604
,56.49007073659182
,56.08937488478014
,49.26968862257348
,53.96018712319258
,53.19807932660957
,49.49753528340757
,49.26968862257348
,49.74895228846589
,51.6660069520355
,51.359592477120685
,51.2417407559996
,47.038362702680985
,41.986452257290566
,39.904405184151436
,39.92011874696758
,35.92887379166691
,37.53951398032171
,40.7057968877748
,41.302912274788284
,40.807935046079734
,48.97113092906674
,51.2417407559996
,51.2417407559996
,50.82533134137178
,51.100318690654305
,52.25526555764091
,55.13870433440341
,50.53463042927311
,49.34825643665421
,50.236072735766356
,45.72628020753292
,46.99907879564062
,50.526773647865035
,47.038362702680985
,46.09554893371232
,29.957719921532046
,18.18040459083184
,14.401292733549113
,-0.8958606679674403
,-7.503413832156141
,-1.987953283689464
,14.204873198347308
,22.643056430616838
,35.17462277649198
,53.260933577874155
,58.752823782116614
,58.957100098726485
,60.190614779793826
,58.72139665648433
,59.404936638986605
,59.23994422941709
,53.90518965333607
,53.14308185675307
,52.89166485169476
,52.18455452496826
,52.4281147486185
,52.17669774356019
,54.85586020371281
,49.88251757240312
,28.087805946410867
,15.422674316598496
,7.196624182346923
,-3.5750231281200513
,-23.633386062928338
,-16.3580064790535
,4.839589759925261
,24.505113624329944
,35.91316022885076
,55.66510868874425
,55.523686623398945
,59.90777064910323
,60.28489615669069
,59.90777064910323
,57.91214817145289
,53.7009133367262
,53.363071736179094
,53.363071736179094
,54.33731263078004
,54.62015676147064
,55.01299583187425
,57.189324281910245
,54.745865263999804
,54.77729238963209
,49.75680906987396
,51.08460512783816
,41.84503019194526
,28.24494157457231
,22.54877505371998
,27.089994707585696
,39.36228726699445
,52.18455452496826
,59.83705961643057
,65.64322107699593
,62.901204365578735
,62.53979242080741
,62.469081388134754
,62.0055312850585
,61.62840577747103
,61.722687154367904
,58.49354999565023
,49.59967344171251
,51.194600067551164
,57.12647003064568
,53.83447862066342
,58.77639412634083
,61.78554140563248
,66.36604496653857
,67.91383090392878
,60.61488097582972
,47.04621948408905
,44.73632575011583
,41.625040312519246
,46.2998252503222
,56.851482681363144
,70.60085014548947
,64.27614111199136
,66.98673069777627
,62.319802541381385
,62.319802541381385
,62.319802541381385
,62.31194575997332
,61.53412440057417
,75.98274541001892
,78.30049592540021
,70.30229245198274
,65.13253028547123
,63.419751938511496
,67.86669021548035
,70.35728992183924
,78.30049592540021
,71.12725449983031
,67.77240883858349
,76.73699642519385
,78.33977983244057
,73.5314296107004
,71.68508597980343
,71.52009357023393
,75.79418265622519
,71.99935723612633
,73.35072363831473
,95.34185479950878
,66.63317553441303
,64.44113352156087
,64.05615123256534
,65.79249992374929
,63.63188503652945
,70.3101492333908
,61.848395656897054
,58.71353987507625
,61.50269727494188
,61.04700395327369
,62.634073797704275
,63.99329698130076
,66.24819324541748
,66.57032128314844
,63.62402825512137
,61.361275209596585
,53.92875999756029
,32.16547549720033
,23.373737101567556
,23.083036189468878
,31.827633896653225
,49.34039965524613
,63.45903584555185
,67.26957482846687
,77.34982537502349
,71.40224184911283
,71.15868162546259
,69.55589821821587
,69.98802119565984
,65.0539624713905
,67.6545571174624
,68.06310975068216
,67.35599942395567
,67.27743160987494
,68.52665985375842
,61.84053887548899
,70.89940783899621
,75.03993164105026
,70.58513658267333
,60.237755468242256
,54.72229491977558
,48.24045025811603
,45.317727574313174
,46.00912433822353
,53.86590574629572
,59.52278836010768
,60.90558188792839
,67.49742148930096
,71.43366897474513
,70.89940783899621
,69.94873728861948
,71.81865126374066
,71.59080460290657
,79.9739903653196
,79.36116141548996
,76.90198883476336
,71.52795035164199
,65.65893463981206
,65.83178383078966
,75.52705208835073
,77.53053134740914
,79.29830716422538
,73.17787444733715
,66.38961531076278
,60.418461440627915
,52.67167497226874
,49.332542873838065
,46.543385473972435
,50.95103984390093
,61.172712455802845
,65.76892957952508
,73.17001766592908
,76.92555917898758
,74.14425856053003
,76.85484814631494
,72.05435470598282
,71.55937747727428
,76.06917000550771
,73.94783902532824
,68.83307432867323
,64.58255558690618
,64.26828433058328
,64.07972157678955
,64.01686732552497
,69.4066193714625
,69.73660419060154
,72.88717353523847
,67.69384102450276
,63.474749408368
,59.05138147562336
,48.389729104869396
,44.75989609434005
,53.355214954771014
,60.18275799838575
,68.33809709996468
,74.67066291487086
,76.17916494522072
,83.28169533811798
,80.26469127741827
,74.69423325909507
,74.69423325909507
,86.21227480332891
,77.94694076203696
,74.69423325909507
,75.8177530004494
,75.82560978185748
,76.48557942013554
,89.76353999977754
,117.5136919330885
,119.52502797355498
,102.97078954674689
,81.7810500891762
,85.17517965746337
,75.75489874918483
,72.69861078144474
,73.4764321408439
,76.31273022915795
,84.37378795384002
,79.73043014166936
,114.04885133212866
,113.60101479186855
,118.93576936794958
,105.48495959732999
,99.0973963125673
,85.97657136108674
,73.28786938705016
,71.5515206958662
,70.2551517635343
,68.94306926838624
,70.24729498212622
,71.52795035164199
,76.85484814631494
,78.82690027974105
,79.23545291296081
,78.19050098568721
,75.88060725171398
,58.705683093668185
,41.81360306631298
,35.04105749255475
,39.378000829810595
,54.533732165981846
,71.98364367331018
,90.49422067072825
,97.26676624448648
,86.1887044591047
,103.5600481523523
,97.27462302589456
,94.87044791502446
,80.71252781767838
,86.56582996669215
,82.20531628521209
,74.9456502641534
,69.73660419060154
,66.26390680823363
,71.43366897474513
,84.86876518254856
,88.71073129109587
,83.54096912458436
,69.28876765034141
,64.73183443365954
,60.52059959893286
,55.04442295750654
,46.119119277936534
,33.870397062752
,48.342588416420966
,57.20503784472639
,57.15004037486989
,73.12287697748064
,91.68059466334715
,92.5684109624593
,90.0542409118762
,89.04857289164298
,85.49730769519434
,77.30268468657505
,75.09492911090676
,73.26429904282594
,72.97359813072727
,72.400053087938
,80.35111587290706
,92.54484061823509
,92.04200660811847
,92.64697877654004
,73.31143973127438
,58.964956880134565
,57.10289968642145
,16.302633834302583
,12.405670255898777
,11.612135333683483
,28.81848661736158
,22.533061490903826
,63.27047309175812
,87.41436235876395
,100.41733558912343
,106.60062255727624
,86.69153846922131
,89.58283402739187
,80.68895747345417
,71.53580713305006
,64.58255558690618
,60.3084665009149
,60.51274281752478
,58.14785161369505
,61.89553634534549
,74.76494429176773
,77.40482284487999
,64.5746988054981
,64.53541489845774
,57.12647003064568
,32.00048308763082
,16.805467844419205
,16.22406602022187
,17.049028068069447
,43.81708232537138
,60.599167413013575
,60.607024194421655
,63.21547562190162
,87.72077683367877
,94.24976218378676
,91.554886160818
,93.3069484148181
,91.26418524871933
,92.83554153033376
,91.57845650504221
,89.61426115302417
,88.616449914199
,87.10794788384914
,87.04509363258455
,87.22579960497022
,79.91899289546309
,63.914729167220045
,29.18775534354097
,16.29477705289451
,6.7487876420868105
,-2.8914831456177694
,-15.941597064425665
,-18.117925514461675
,-12.052490267429945
,6.772357986311022
,16.34977452275102
,62.0055312850585
,79.25116647577696
,76.91770239757952
,73.3035829498663
,69.95659407002755
,57.684301510618795
,29.99700382857241
,20.2545948825629
,20.993132334921683
,17.033314505253294
,16.86832209568378
,21.189551870123488
,22.77662171455406
,22.33664195570202
,27.36498205686822
,16.829038188643423
,15.524812474903442
,8.139437951315585
,3.0796707245171007
,-2.6400661405594548
,-6.977009477815301
,1.806872136409396
,7.785882787952332
,27.30998458701172
,77.86837294795625
,93.3305187590423
,94.13191046266567
,92.76483049766111
,91.6098836306745
,88.0507616528178
,77.48339065896072
,75.44062749286194
,76.46200907591133
,75.44062749286194
,76.59557435984854
,83.8395268180911
,98.91669034018165
,118.88077189809306
,110.55258360553654
,89.9442459721632
,81.15250757653041
,77.44410675192034
,75.31491899033279
,74.48995694248521
,74.45067303544485
,75.43277071145387
,80.06827174221645
,98.68098689793946
,116.42945609877455
,101.894410493841
,122.26704468497218
,117.60797330998537
,114.78738878448746
,103.39505574278277
,96.57536948057613
,93.33837554045039
,93.51908151283604
,91.09919283914981
,91.16990387182246
,97.45532899828021
,123.78340349673013
,135.89856042797743
,112.06894241729448
,94.57189022151772
,73.02859560058378
,54.015184593049085
,32.40903572085057
,23.523015948320925
,26.681442074365947
,42.30858029502153
,69.48518718554323
,91.59417006785836
,102.71937254168857
,113.29460031695373
,115.55735336247852
,108.92622985406561
,102.35010381550919
,86.62868421795675
,86.15727733347241
,83.33669280797449
,82.3153112249251
,83.59596659444088
,84.11451416737364
,89.59069080879995
,102.7115157602805
,116.8380087319943
,100.26019996096198
,88.5850227885667
,79.33759107126575
,66.05177371021568
,42.05716328996321
,33.68969109036633
,32.88829938674297
,49.23040471553312
,73.14644732170485
,87.77577430353527
,101.87084014961678
,112.84676377669362
,115.79305680472069
,112.78390952542904
,105.07640696411022
,96.90535429971516
,91.10704962055787
,87.76006074071913
,86.09442308220783
,85.70158401180421
,87.17080213511372
,95.23185985979578
,108.90265950984138
,120.4521281797075
,114.81881591011975
,98.79883861906055
,90.1956629772215
,80.76752528753488
,61.92696347097778
,52.29454946468128
,52.89166485169476
,73.26429904282594
,82.04032387564258
,98.42956989288116
,112.98032906063085
,115.54163979966239
,131.38091111833592
,122.07848193117844
,112.57963320881916
,104.5735729539936
,98.93240390299778
,96.91321108112322
,94.46189528180471
,94.7761665381276
,95.10615135726663
,100.34662455645078
,104.942841680173
,114.69310740759059
,114.86595659856818
,106.53776830601166
,96.39466350819046
,87.03723685117649
,82.33102478774124
,76.17916494522072
,76.50914976435975
,83.98094888343641
,90.07781125610043
,101.22658407415486
,107.15845403724936
,105.13140443396674
,105.67352235112372
,105.02140949425373
,99.24667515932066
,94.7211690682711
,94.94115894769712
,94.54831987729351
,93.87263667619929
,93.88049345760736
,93.01624750271942
,93.89620702042352
,92.90625256300642
,94.16333758829796
,89.77925356259368
,78.52834258623432
,59.813489272206354
,41.075065613954195
,26.547876790428717
,17.214020477638954
,17.944701148589672
,26.445738632123778
,40.35224172441155
,75.51133852553458
,99.86736089055837
,107.26844897696238
,109.96332499993113
,100.82588822234318
,96.88964073689901
,86.47940537120336
,82.41744938323005
,80.51610828247658
,79.57329451350792
,79.11760119183973
,77.3183982493912
,78.91332487522985
,77.87622972936433
,72.50219124624294
,60.66987844568622
,55.625824781703884
,30.20128014518228
,16.85260853286764
,15.375533628150059
,13.969169756105146
,18.526102972787015
,48.94756058484252
,56.10508844759629
,77.32625503079927
,98.31957495316814
,117.07371217423645
,118.95148293076572
,109.01265444955439
,103.39505574278277
,98.85383608891706
,86.8643876601989
,84.3816447352481
,80.46111081262006
,79.9425632396873
,81.4432084886291
,89.97567309779548
,108.92622985406561
,126.54899055237152
,114.93666763124082
,102.70365897887243
,88.85215335644116
,84.153798074414
,78.72476212143611
,72.2036335527362
,74.30139418869148
,80.09969886784874
,89.97567309779548
,98.845979307509
,123.5319864916718
,147.30660703249825
,151.00715107570022
,125.71617172311586
,106.68704715276502
,100.62946868714137
,103.08864126786796
,96.29252534988552
,94.66617159841458
,92.51341349260281
,94.68188516123072
,103.28506080306977
,118.55078707895402
,137.0063666065156
,130.7287982614659
,112.94890193499856
,105.60281131845107
,94.31261643505132
,89.14285426853984
,87.32793776327516
,88.21575406238732
,98.79098183765248
,99.80450663929379
,112.77605274402097
,147.2044688741933
,202.83833802475246
,198.82352272522758
,142.60825175047108
,118.45650570205717
,106.27063773813721
,103.55219137094423
,101.41514682794859
,98.99525815426236
,95.9311134051142
,100.00878295590367
,107.88913470820007
,130.084542186004
,156.80545575485752
,139.9448028531346
,112.2889322967205
,105.72851982098021
,100.74732040826245
,97.29819337011877
,94.07691299280917
,94.46189528180471
,98.64955977230719
,102.77437001154509
,111.15755577395811
,146.37950682634573
,115.64377795796733
,110.3090233818863
,111.03184727142894
,108.32911446705211
,96.80321614141022
,91.16990387182246
,88.46717106744562
,86.98223938131999
,86.25155871036927
,86.3536968686742
,89.96781631638743
,102.06725968481858
,110.52901326131231
,104.93498489876494
,89.45712552486272
,83.6981047527458
,83.69024797133774
,84.38950151665617
,86.94295547427961
,86.3536968686742
,86.99009616272805
,89.18999495698827
,86.92724191146348
,95.10615135726663
,100.02449651871981
,97.56532393799321
,90.90277330394801
,90.69849698733813
,88.45931428603755
,82.42530616463812
,82.00889675001028
,82.44101972745426
,80.74395494331067
,80.60253287796537
,83.86309716231533
,85.7330111374365
,93.70764426662977
,96.56751269916805
,89.27641955247707
,83.93380819498798
,80.22540737037791
,79.34544785267381
,79.36901819689803
,79.3533046340819
,80.7046710362703
,83.9259514135799
,87.92505315028865
,94.71331228686302
,96.08039225186758
,98.88526321454935
,98.52385126977804
,95.82111846540118
,90.37636894960717
,89.5199797761273
,87.45364626580432
,88.1057591226743
,89.268562771069
,89.97567309779548
,89.95210275357127
,98.17029610641478
,98.44528345569731
,90.97348433662064
,80.5946760965573
,57.56644978949771
,35.73245425646511
,19.70462018399784
,14.668423301423573
,15.116259841683679
,37.295953756671466
,72.8557464096062
,89.98352987920356
,103.73289734332988
,102.41295806677375
,102.656518290424
,99.6316574483162
,92.82768474892569
,88.55359566293441
,87.3986487959478
,83.80024291105074
,81.64748480523897
,80.60253287796537
,80.27254805882633
,81.65534158664704
,83.68239118992967
,83.18741396122111
,78.62262396313118
,61.91910668956971
,31.859061022285516
,23.03589550102044
,18.761806415029177
,18.698952163764602
,18.408251251665924
,30.507694620097098
,67.74883849435928
,92.48198636697052
,112.16322379419135
,118.37793788797643
,116.71230022946514
,107.58272023328526
,95.75826421413662
,88.56930922575057
,87.2336563863783
,86.08656630079975
,83.87881072513147
,84.153798074414
,84.67234564734676
,90.5649317034009
,114.79524556589553
,134.16221173679347
,136.1892613400761
,114.49668787238879
,106.48277083615515
,102.67223185324013
,94.79973688235181
,91.05990893210945
,91.70416500757136
,93.95906127168809
,94.55617665870157
,95.47542008344601
,90.81634870845922
,114.56739890506142
,108.94980019828982
,92.80411440470148
,87.21794282356215
,80.2804048402344
,63.254759528941975
,54.934428017793536
,57.087186123605306
,56.45078682955146
,62.41408391827825
,74.38781878418027
,91.09133605774174
,109.89261396725848
,99.61594388550006
,86.51083249683565
,80.53182184529271
,78.87404096818949
,22.13236563909215
,17.763995176204013
,15.257681907028982
,76.57200401562433
,83.04599189587582
,82.53530110435112
,73.18573122874523
,83.91023785076376
,83.99666244625254
,77.26340077953469
,79.039033377759
,73.43714823380353
,62.72049839319307
,53.983757467416794
,51.6660069520355
,50.82533134137178
,56.42721648532725
,81.48249239566945
,90.36851216819909
,99.55308963423548
,97.9110223199484
,92.96910681427099
,84.33450404679967
,82.98313764461125
,77.03555411870059
,77.0905515885571
,79.18831222451237
,82.5981553556157
,87.53221407988504
,95.24757342261194
,107.18202438147358
,115.64377795796733
,111.34611852775183
,103.37148539855856
,100.50376018461222
,92.66269233935617
,86.97438259991192
,83.24241143107763
,81.68676871227933
,79.98970392813574
,81.93818571733763
,85.85871963996566
,101.6979909586392
,122.98986857451482
,122.14133618244303
,99.2938158477691
,91.2720420301274
,83.77667256682653
,79.61257842054827
,78.07264926456612
,79.78542761152586
,83.42311740346328
,89.11928392431561
,106.34134877080984
,118.35436754375222
,123.14700420267627
,97.1174873977331
,96.9210678625313
,95.01186998036975
,89.08000001727525
,88.66359060264743
,86.26727227318541
,84.46021254932882
,84.19308198145436
,83.77667256682653
,86.22798836614506
,101.01445097613691
,115.59663726951888
,116.94014689029925
,98.67313011653141
,90.92634364817222
,81.34107033032416
,77.7426644454271
,72.07792505020704
,64.97539465730978
,68.85664467289745
,71.637945291355
,75.12635623653905
,88.60859313279093
,94.27333252801097
,90.25066044707802
,80.72824138049452
,76.63485826688891
,72.21934711555235
,66.15391186852061
,59.483504453067326
,55.311553525380994
,50.94318306249286
,51.36744925852875
,57.53502266386542
,68.4166649140454
,79.6047216391402
,79.28259360140923
,73.24858548000981
,49.34825643665421
,36.37671033192702
,19.728190528222058
,15.516955693495369
,15.029835246194885
,23.790146516195378
,37.272383412447255
,74.52924084952556
,89.77139678118562
,91.38203696984041
,92.0891472965669
,88.726444853912
,88.56145244434249
,82.04032387564258
,73.31929651268244
,71.51223678882585
,70.13730004241322
,70.2551517635343
,69.82302878609033
,67.7959791828077
,70.85226715054777
,71.4100986305209
,65.18752775532774
,49.222547934125046
,24.638678908267174
,17.748281613387867
,14.58199870593478
,13.537046778661178
,11.454999705522042
,14.212729979755387
,35.04891427396282
,71.637945291355
,92.32485073880908
,95.00401319896169
,93.44051369875532
,93.49551116861183
,91.08347927633366
,86.89581478583119
,83.03027833305967
,82.98313764461125
,81.6396280238309
,82.77100454659329
,82.47244685308655
,84.62520495889832
,96.43394741523082
,116.54730781989562
,115.59663726951888
,105.13140443396674
,97.24319590026226
,93.08695853539209
,91.97129557544582
,85.78015182588493
,86.6679681249971
,86.2986993988177
,87.21794282356215
,89.39427127359815
,106.61633612009238
,108.2505466529714
,102.88436495125809
,88.09790234126623
,87.22579960497022
,81.73390940072777
,85.84300607714952
,86.01585526812711
,85.12018218760687
,82.01675353141836
,81.63177124242283
,86.94295547427961
,98.31957495316814
,113.14532147020037
,107.43344138653188
,103.56790493376036
,90.90277330394801
,87.04509363258455
,81.53748986552596
,75.58990633961531
,69.96445085143563
,80.02113105376802
,82.82600201644979
,86.90367156723926
,97.431758654056
,110.56044038694462
,105.60281131845107
,88.48288463026178
,86.59725709232444
,82.24460019225245
,84.13808451159785
,81.87533146607306
,82.29959766210897
,82.30745444351703
,83.42311740346328
,88.49074141166984
,105.21782902945553
,123.06057960718746
,116.33517472187768
,91.81415994728438
,80.06041496080839
,73.60999742478111
,55.287983181156775
,45.35701148135353
,41.672181000967676
,67.4581375822606
,79.63614876477249
,86.27512905459349
,102.92364885829845
,108.69052641182344
,100.51161696602028
,88.37288969054876
,84.11451416737364
,80.02113105376802
,77.53053134740914
,77.64838306853022
,76.99627021166023
,76.1320242567723
,76.76842355082614
,83.37597671501486
,96.80321614141022
,117.1208528626849
,106.67133358994889
,89.00143220319454
,72.91860066087077
,55.625824781703884
,24.96866372740621
,20.89885095802481
,23.12232009650925
,56.356505452654595
,77.7112373197948
,86.7229655948536
,106.61633612009238
,118.59792776740247
,105.4535324716977
,92.87482543737411
,89.8342510324502
,78.96046556367828
,75.53490886975881
,74.29353740728341
,73.35072363831473
,75.8727504703059
,76.10845391254809
,83.14027327277267
,95.00401319896169
,106.89918025078299
,101.68227739582305
,86.51868927824373
,70.80512646209935
,49.11255299441204
,23.664438013666228
,17.504721389737632
,22.52520470949576
,28.56706961230327
,70.85226715054777
,85.30088815999252
,95.05901066881819
,107.15059725584129
,105.84637154210131
,90.98134111802872
,87.35150810749937
,81.45892205144523
,78.24549845554371
,77.34982537502349
,76.77628033223421
,76.63485826688891
,76.23416241507724
,78.41049086511323
,84.85305161973243
,90.40779607523945
,85.55230516505085
,69.76017453482574
,46.016981119631595
,25.306505327953303
,17.363299324392322
,12.79850932630238
,15.548382819127646
,19.31178111359423
,49.788236195506244
,86.73867915766975
,93.97477483450423
,101.53299854906967
,98.74384114920404
,89.74782643696139
,84.60163461467411
,79.91113611405501
,85.63872976053963
,83.2738385567099
,80.2568344960102
,81.72605261931969
,81.23893217201922
,83.2188410868534
,84.67234564734676
,87.05295041399263
,81.43535170722103
,68.26738606729204
,33.85468349993585
,20.08174569158531
,14.58199870593478
,12.059971873943596
,13.049926331360702
,20.788856018311797
,67.7959791828077
,94.52474953306928
,101.1873001671145
,101.17158660429835
,99.67879813676464
,98.73598436779598
,94.43046815617242
,89.12714070572369
,85.35588562984904
,83.2188410868534
,83.22669786826147
,83.06956224010004
,83.2188410868534
,90.12495194454885
,109.01265444955439
,106.15278601701613
,101.85512658680064
,99.27024550354488
,92.23842614332028
,86.56582996669215
,83.22669786826147
,81.79676365199234
,82.48030363449462
,85.29303137858446
,94.68188516123072
,106.02707751448696
,108.21126274593104
,106.56919543164395
,100.43304915193957
,102.35010381550919
,93.91192058323966
,85.92943067263832
,85.10446862479073
,83.06170545869196
,81.73390940072777
,82.85742914208208
,81.94604249874571
,85.1123254061988
,103.26149045884554
,110.57615394976077
,103.88217619008326
,102.13797071749124
,90.21137654003765
,84.02808957188485
,77.82908904091589
,76.79199389505035
,75.18921048780363
,77.72695088261094
,85.10446862479073
,94.55617665870157
,102.71937254168857
,101.14015947866608
,96.87392717408287
,86.27512905459349
,79.58900807632405
,72.07792505020704
,66.1303415242964
,66.56246450174037
,66.6646026600453
,67.7095545873189
,66.90816288369554
,71.74008344965995
,89.39427127359815
,100.58232799869293
,95.08258101304241
,85.0573279363423
,70.54585267563296
,70.56942301985718
,69.93302372580334
,68.44023525826962
,69.89373981876297
,74.59209510079015
,87.78363108494335
,101.2972951068275
,98.76741149342826
,98.01316047825334
,97.74602991037888
,96.57536948057613
,86.33798330585806
,81.17607792075464
,74.8592256686646
,68.67593870051178
,65.30537947644882
,63.08976711937246
,60.85844119947996
,65.8789245192381
,76.68985573674541
,83.06170545869196
,86.2437019289612
,81.08179654385778
,83.80024291105074
,86.19656124051276
,83.13241649136461
,83.2188410868534
,83.14813005418075
,83.12455970995654
,81.4982059584856
,82.70029351392064
,90.12495194454885
,93.96691805309615
,86.26727227318541
,76.08488356832386
,69.50875752976744
,53.25307679646608
,27.687110094599177
,27.113565051809914
,23.821573641827662
,22.847332747226716
,29.981290265756257
,42.50499983022333
,70.97011887166886
,71.26867656517561
,65.61179395136364
,57.739298980475304
,56.38007579687881
,49.48967850199951
,36.99739606316473
,35.936730573074975
,57.07932934219724
,67.22243414001844
,57.77858288751566
,72.47076412061065
,66.25605002682555
,74.92993670133725
,67.78026561999155
,63.30190021739041
,62.24909150870874
,52.40454440439429
,30.60197599699397
,25.9586181848233
,25.275078202321026
,25.9036207149668
,27.93067031824942
,30.287704740671074
,42.638565114160556
,61.53412440057417
,59.507074797291544
,49.26968862257348
,32.28332721832142
,55.61796800029581
,28.97562224552302
,17.2297340404551
,17.347585761576184
,18.054696088302684
,28.370650077101466
,68.91949892416203
,89.49640943190309
,94.8311640079841
,96.11967615890794
,85.45802378815398
,83.47025809191172
,77.01984055588446
,73.20930157296944
,69.21805661766876
,65.10110315983894
,63.152621370637036
,66.34247462231434
,69.76803131623382
,73.84570086702328
,83.91809463217183
,73.5314296107004
,44.75989609434005
,21.60596128475131
,16.27120670867029
,16.279063490078364
,14.621282612975136
,16.334060959934867
,17.54400529677799
,59.813489272206354
,87.03723685117649
,98.14672576219056
,100.89659925501583
,99.18382090805609
,82.12674847113138
,74.31710775150762
,68.8959285799378
,49.356113218062276
,37.25666984963111
,33.82325637430356
,34.72678623623187
,39.34657370417831
,69.99587797706792
,82.88885626771437
,87.02152328836036
,84.13022773018977
,73.21715835437752
,70.48299842436839
,69.9723076328437
,63.749736757650524
,63.286186654574266
,63.34904090583884
,53.913046434744146
,71.9207894220456
,73.24072869860173
,90.94991399239645
,90.8477758340915
,87.94862349451286
,73.24072869860173
,73.57857029914884
,70.86012393195585
,64.96753787590171
,59.52278836010768
,59.41279342039468
,57.15789715627796
,55.602254437479665
,70.30229245198274
,87.7129200522707
,99.0973963125673
,99.4352379131144
,89.95995953497935
,87.01366650695228
,87.03723685117649
,89.36284414796586
,89.05642967305104
,87.76791752212719
,87.03723685117649
,90.14066550736501
,101.65870705159884
,121.48922332557302
,124.19195612994986
,103.59147527798459
,92.1755718920557
,88.87572370066539
,78.28478236258407
,78.88975453100562
,72.94217100509499
,72.9657413493192
,72.60432940454788
,72.60432940454788
,81.92247215452149
,96.34752281974203
,118.0793801944697
,123.94053912489156
,103.45005321263929
,93.03981784694363
,87.6814929266384
,81.85176112184884
,79.90327933264695
,79.68328945322092
,83.06170545869196
,90.23494688426186
,101.30515188823559
,119.61930935045186
,129.27529370097255
,110.27759625625401
,92.63912199513196
,90.35279860538296
,82.09532134549907
,78.30049592540021
,74.56066797515786
,72.95788456791112
,72.64361331158824
,72.56504549750753
,76.48557942013554
,88.6400202584232
,93.98263161591231
,95.64041249301553
,89.9992434420197
,76.28915988493374
,71.73222666825187
,69.25734052470914
,62.03695841069079
,62.736211956009214
,72.0307843617586
,79.88756576983079
,93.34623232185845
,104.74642214497119
,117.64725721702574
,104.17287710218193
,94.37547068631592
,90.25851722848608
,85.01804402930193
,78.5597697118666
,76.47772263872747
,74.25425350024304
,76.49343620154362
,77.41267962628807
,80.14683955629718
,92.33270752021714
,105.28068328072011
,118.48793282768946
,101.58799601892618
,91.64916753771487
,86.14942055206434
,82.98313764461125
,80.74395494331067
,78.8976113124137
,82.32316800633318
,89.48855265049502
,99.08953953115923
,118.31508363671188
,126.39185492421008
,115.04666257095383
,98.61027586526683
,95.01972676177783
,88.85215335644116
,93.61336288973291
,87.35936488890745
,84.79805414987591
,82.66886638828835
,82.4567332902704
,82.92814017475473
,88.88358048207346
,97.10177383491697
,98.41385633006502
,92.41913211570593
,76.71342608096964
,66.88459253947133
,56.796485211506635
,45.372725044169684
,47.83975440630435
,62.846206895722226
,78.21407132991142
,94.52474953306928
,104.03145503683663
,124.63979267020997
,104.04716859965276
,92.66269233935617
,89.28427633388513
,78.85832740537334
,72.80860572115776
,67.67027068027855
,65.73750245389279
,66.60174840878072
,63.86758847877161
,66.90816288369554
,71.04082990434152
,71.11939771842223
,68.34595388137275
,59.8292028350225
,34.57750738947849
,26.744296325630522
,18.71466572658074
,14.83341571099308
,13.136350926849495
,17.701140924939438
,54.510161821757634
,77.2319736539024
,99.60023032268391
,96.7246483273295
,90.33708504256681
,78.12764673442263
,74.74923072895159
,69.52447109258358
,52.75809956775753
,48.27187738374832
,44.791323219972334
,46.06412180808003
,50.966753406717075
,60.76415982258309
,82.44101972745426
,98.75169793061212
,100.3387677750427
,88.62430669560707
,74.90636635711303
,70.21586785649394
,63.14476458922896
,56.18365626167701
,64.99110822012594
,72.17220642710392
,90.32922826115873
,107.83413723834357
,136.1342638702196
,150.58288487966433
,114.22955730451433
,93.39337301030689
,88.56930922575057
,77.43624997051228
,71.5515206958662
,67.9059741225207
,64.01686732552497
,61.070574297497906
,59.12994928970408
,67.37956976817988
,83.43883096627943
,99.2073912522803
,101.5565688932939
,87.76006074071913
,76.06917000550771
,73.45286179661967
,75.98274541001892
,78.24549845554371
,79.20402578732852
,84.263793014127
,96.45751775945504
,104.11002285091736
,129.43242932913404
,139.0648433354305
,104.58928651680976
,88.616449914199
,79.9425632396873
,70.70298830379441
,63.65545538075366
,60.33203684513912
,56.152229136044724
,56.097231666188215
,57.15789715627796
,64.0954351396057
,87.51650051706889
,101.84726980539256
,102.1222571546751
,85.8194357329253
,69.50875752976744
,65.94177877050267
,61.321991302556214
,61.28270739551586
,62.767639081641505
,71.15868162546259
,83.24241143107763
,98.45314023710537
,108.37625515550056
,109.95546821852307
,94.53260631447735
,84.42092864228846
,77.2869711237589
,66.82173828820675
,52.06670280384718
,46.928367762967966
,39.747269555989995
,35.889589884626545
,36.08600941982835
,47.816184062080126
,63.20761884049354
,76.13988103818036
,82.40173582041389
,67.35599942395567
,61.14128533017056
,61.61269221465489
,48.342588416420966
,35.866019540402334
,34.93891933424981
,41.90002766180177
,53.622345522645475
,69.55589821821587
,82.37816547618968
,99.12882343819959
,90.07781125610043
,82.40173582041389
,75.55847921398302
,69.7444609720096
,68.24381572306781
,63.43546550132764
,62.531935639399336
,63.49831975259222
,64.01686732552497
,68.99806673824274
,85.50516447660242
,105.94065291899818
,116.29589081483732
,94.0690562114011
,75.83346656326555
,67.15172310734579
,59.420650201802744
,55.35083743242136
,56.042234196331705
,59.876343523470936
,70.27872210775851
,89.37070092937392
,98.24100713908743
,132.16658925914314
,113.22388928428109
,96.20610075439674
,88.71858807250393
,83.37597671501486
,83.04599189587582
,73.54714317351655
,71.13511128123838
,68.03953940645793
,67.8509766526642
,67.9059741225207
,71.15082484405453
,73.82998730420714
,74.3799620027722
,63.42760871991956
,54.20374734684282
,43.644233134393794
,35.74031103787317
,33.24971133151429
,33.95682165824079
,48.57829185866313
,67.33242907973144
,83.40740384064713
,86.42440790134685
,88.75787197954429
,71.4100986305209
,60.70916235272659
,51.00603731375744
,41.90788444320984
,16.59333474640126
,16.310490615710663
,16.302633834302583
,16.255493145854153
,16.263349927262226
,16.29477705289451
,16.302633834302583
,20.24673810115482
,19.45320317893954
,16.640475434849684
,14.29915457524418
,7.11019958685813
,2.4039875234228845
,-0.597302974460689
,-0.9587149192320084
,9.36509585097484
,16.21620923881379
,34.561793826662345
,62.35908644842175
,71.59866138431464
,64.41756317733666
,58.705683093668185
,58.697826312260105
,52.773813130573686
,42.1750150110843
,39.18158129460879
,41.16149020944299
,42.15144466686008
,51.67386373344357
,61.78554140563248
,86.93509869287155
,105.60281131845107
,104.11787963232543
,99.75736595084535
,88.30217865787611
,84.6330617403064
,77.01198377447638
,74.10497465348966
,75.91989115875434
,85.08875506197458
,91.1856174346386
,91.19347421604667
,101.28943832541944
,104.92712811735686
,101.28943832541944
,96.07253547045951
,95.12972170149084
,87.83862855479985
,88.52216853730214
,82.23674341084438
,79.87185220701465
,82.3467383505574
,81.62391446101475
,87.94076671310478
,90.15637907018115
,139.81909435060544
,145.32669811766405
,108.643385723375
,92.34056430162522
,84.09880060455748
,77.27911434235084
,75.92774794016242
,76.59557435984854
,81.89890181029728
,86.99009616272805
,93.51122473142797
,95.67969640005589
,96.08824903327564
,89.02500254741875
,78.58334005609082
,65.9889194589511
,60.11990374712117
,42.2300124809408
,35.866019540402334
,32.73116375858152
,29.39988844155892
,26.775723451262806
,35.528177939855226
,54.07018206290559
,69.3201947759737
,66.51532381329193
,54.57301607302221
,36.41599423896738
,29.69844613506566
,22.478064021047324
,18.808947103477614
,20.08174569158531
,30.476267494464814
,52.4281147486185
,70.38086026606345
,77.01984055588446
,83.22669786826147
,69.24162696189298
,57.15004037486989
,51.980278208358385
,42.245726043756946
,26.233605534105827
,20.105316035809523
,20.77314245549566
,19.005366638679412
,21.53525025207866
,34.38894463568476
,64.34685214466401
,78.05693570174998
,79.15688509888008
,69.8308855674984
,63.34904090583884
,58.10071092524662
,54.1251795327621
,54.59658641724643
,62.665500923336566
,64.35470892607208
,80.90894735288019
,83.48597165472786
,87.1472317908895
,96.07253547045951
,85.6230161977235
,83.01456477024352
,81.41963814440487
,76.55629045280818
,78.02550857611769
,75.24420795766014
,76.76842355082614
,74.96922060837761
,75.16564014357941
,79.33759107126575
,86.92724191146348
,90.0542409118762
,94.41475459335628
,90.53350457776861
,85.37945597407327
,80.65753034782188
,76.49343620154362
,75.07921554809062
,75.04778842245832
,80.71252781767838
,85.51302125801048
,87.15508857229757
,92.12843120360728
,111.18112611818233
,96.48894488508734
,86.15727733347241
,81.49034917707752
,75.56633599539109
,78.51262902341816
,75.11849945513099
,73.91641189969593
,73.41357788957932
,72.9971684749515
,73.5314296107004
,76.64271504829698
,84.86876518254856
,86.19656124051276
,84.64091852171447
,78.42620442792936
,73.63356776900534
,67.19886379579421
,62.531935639399336
,67.28528839128302
,70.99368921589308
,83.84738359949918
,87.80720142916756
,88.60073635138285
,88.09790234126623
,87.13151822807336
,80.11541243066489
,75.6763309351041
,67.02601460481662
,63.7575935390586
,55.625824781703884
,49.560389534672154
,48.19330956966759
,48.19330956966759
,49.89037435381118
,55.885098568170264
,64.88897006182098
,65.83178383078966
,45.09773769488715
,30.319131866303373
,18.911085261782546
,16.781897500194987
,14.024167225961648
,13.63918493696611
,16.239779583038008
,27.5692583734781
,66.9474467907359
,74.80422819880809
,68.92735570557011
,60.968436139192974
,53.99161424882487
,29.39203166015085
,21.095270493226614
,15.870510856858616
,16.656188997665836
,16.279063490078364
,16.208352457405717
,17.198306914822815
,37.696649608483156
,73.35858041972281
,90.01495700483585
,96.47323132227118
,89.79496712540983
,83.80809969245882
,83.46240131050365
,76.8077074578665
,76.94127274180373
,78.19835776709527
,88.40431681618105
,98.42171311147308
,97.15677130477346
,101.01445097613691
,121.59921826528605
,102.76651323013701
,95.83683202821734
,91.41346409547269
,88.56145244434249
,84.61734817749026
,81.51391952130174
,79.85613864419851
,78.67762143298768
,78.61476718172311
,81.85961790325692
,99.718082043805
,130.69737113583363
,129.35386151505327
,100.15806180265704
,89.36284414796586
,80.86966344583982
,75.22063761343591
,71.62223172853885
,71.26867656517561
,77.30268468657505
,88.99357542178646
,104.62857042385012
,123.20985845394084
,139.87409182046196
,110.95327945734823
,96.46537454086311
,89.70854252992103
,84.6880592101629
,83.74524544119424
,81.47463561426139
,80.31968874727477
,80.86966344583982
,82.16603237817174
,87.28865385623479
,101.7529884284957
,146.39522038916186
,150.68502303796927
,111.06327439706124
,97.05463314646853
,87.94862349451286
,81.32535676750801
,81.4117813629968
,80.63396000359765
,89.40998483641428
,101.76870199131184
,135.8749900837532
,160.58456761214023
,164.11226246436465
,118.60578454881055
,97.80888416164345
,94.37547068631592
,86.99795294413613
,88.35717612773261
,82.33888156914932
,80.91680413428826
,80.24897771460212
,79.68328945322092
,85.67015688617192
,99.0109717170785
,147.09447393448028
,149.0665260679064
,103.41076930559893
,93.29123485200195
,83.14027327277267
,79.64400554618057
,77.39696606347192
,78.03336535752575
,87.1472317908895
,96.96820855097974
,119.41503303384198
,137.04565051355598
,117.05799861142032
,97.7146027847466
,90.80063514564306
,87.05295041399263
,81.26250251624343
,82.66886638828835
,79.73043014166936
,78.3083527068083
,80.7046710362703
,82.26031375506861
,87.06866397680878
,100.75517718967052
,124.67907657725034
,134.05221679708046
,106.85203956233454
,94.90973182206483
,85.3951695368894
,81.10536688808199
,77.89194329218046
,80.16255311911333
,88.42003037899718
,104.80927639623579
,111.08684474128546
,111.47968381168906
,113.06675365611964
,110.00260890697149
,103.74861090614603
,101.98083508932979
,93.51122473142797
,98.38242920443273
,94.07691299280917
,92.49769992978666
,91.67273788193907
,92.96910681427099
,96.41037707100661
,102.64866150901594
,110.79614382918678
,114.13527592761747
,105.06855018270217
,90.86348939690765
,83.81595647386689
,78.30049592540021
,76.84699136490687
,78.28478236258407
,83.47811487331978
,95.25543020402
,113.36531134962638
,125.88902091409345
,110.86685486185944
,98.46885379992152
,87.92505315028865
,85.71729757462036
,80.76752528753488
,84.65663208453061
,78.30049592540021
,71.78722413810837
2048-10-27 02:00:00+01:00,71.4965232260097
2048-10-27 03:00:00+01:00,70.4515712987361
2048-10-27 04:00:00+01:00,70.3415763590231
2048-10-27 05:00:00+01:00,78.276925581176
2048-10-27 06:00:00+01:00,80.80680919457524
2048-10-27 07:00:00+01:00,86.00014170531095
2048-10-27 08:00:00+01:00,78.43406120933744
2048-10-27 09:00:00+01:00,72.18791998992005
2048-10-27 10:00:00+01:00,55.17798824144377
2048-10-27 11:00:00+01:00,40.66651298073444
2048-10-27 12:00:00+01:00,37.02882318879701
2048-10-27 13:00:00+01:00,36.879544342043644
2048-10-27 14:00:00+01:00,49.93751504225962
2048-10-27 15:00:00+01:00,87.76006074071913
2048-10-27 16:00:00+01:00,105.43781890888155
2048-10-27 17:00:00+01:00,117.14442320690911
2048-10-27 18:00:00+01:00,124.63979267020997
2048-10-27 19:00:00+01:00,118.77077695838005
2048-10-27 20:00:00+01:00,108.80052135153645
2048-10-27 21:00:00+01:00,104.28287204189495
2048-10-27 22:00:00+01:00,101.23444085556292
2048-10-27 23:00:00+01:00,93.74692817367013
2048-10-28 00:00:00+01:00,90.87920295972378
2048-10-28 01:00:00+01:00,87.94862349451286
2048-10-28 02:00:00+01:00,85.72515435602844
2048-10-28 03:00:00+01:00,83.11670292854846
2048-10-28 04:00:00+01:00,85.31660172280868
2048-10-28 05:00:00+01:00,93.34623232185845
2048-10-28 06:00:00+01:00,109.87690040444232
2048-10-28 07:00:00+01:00,123.58698396152832
2048-10-28 08:00:00+01:00,121.76421067485555
2048-10-28 09:00:00+01:00,107.19773794428971
2048-10-28 10:00:00+01:00,99.87521767196645
2048-10-28 11:00:00+01:00,94.73688263108724
2048-10-28 12:00:00+01:00,96.43394741523082
2048-10-28 13:00:00+01:00,97.29819337011877
2048-10-28 14:00:00+01:00,104.28287204189495
2048-10-28 15:00:00+01:00,110.53687004272041
2048-10-28 16:00:00+01:00,130.4223837865511
2048-10-28 17:00:00+01:00,155.09267740789778
2048-10-28 18:00:00+01:00,157.36328723483064
2048-10-28 19:00:00+01:00,139.61481803399556
2048-10-28 20:00:00+01:00,114.42597683971613
2048-10-28 21:00:00+01:00,107.8498508011597
2048-10-28 22:00:00+01:00,103.83503550163482
2048-10-28 23:00:00+01:00,96.22967109862095
2048-10-29 00:00:00+01:00,98.48456736273766
2048-10-29 01:00:00+01:00,96.43394741523082
2048-10-29 02:00:00+01:00,95.63255571160747
2048-10-29 03:00:00+01:00,95.12186492008277
2048-10-29 04:00:00+01:00,96.6382237318407
2048-10-29 05:00:00+01:00,104.49500513991289
2048-10-29 06:00:00+01:00,112.76819596261291
2048-10-29 07:00:00+01:00,135.97712824205814
2048-10-29 08:00:00+01:00,136.19711812148415
2048-10-29 09:00:00+01:00,119.99643485803931
2048-10-29 10:00:00+01:00,113.12960790738421
2048-10-29 11:00:00+01:00,108.61195859774271
2048-10-29 12:00:00+01:00,104.21216100922229
2048-10-29 13:00:00+01:00,105.23354259227168
2048-10-29 14:00:00+01:00,112.29678907812857
2048-10-29 15:00:00+01:00,126.31328711012937
2048-10-29 16:00:00+01:00,150.75573407064192
2048-10-29 17:00:00+01:00,173.4461187771544
2048-10-29 18:00:00+01:00,145.91595672326946
2048-10-29 19:00:00+01:00,138.90770770726908
2048-10-29 20:00:00+01:00,118.982910056398
2048-10-29 21:00:00+01:00,109.11479260785933
2048-10-29 22:00:00+01:00,105.78351729083673
2048-10-29 23:00:00+01:00,97.3453340585672
2048-10-30 00:00:00+01:00,101.132302697258
2048-10-30 01:00:00+01:00,97.24319590026226
2048-10-30 02:00:00+01:00,95.77397777695276
2048-10-30 03:00:00+01:00,95.61684214879132
2048-10-30 04:00:00+01:00,96.46537454086311
2048-10-30 05:00:00+01:00,104.54214582836133
2048-10-30 06:00:00+01:00,114.47311752816458
2048-10-30 07:00:00+01:00,139.8033807877893
2048-10-30 08:00:00+01:00,139.1041272424709
2048-10-30 09:00:00+01:00,119.83929922987787
2048-10-30 10:00:00+01:00,109.3504960501015
2048-10-30 11:00:00+01:00,105.44567569028962
2048-10-30 12:00:00+01:00,99.08168274975115
2048-10-30 13:00:00+01:00,101.88655371243291
2048-10-30 14:00:00+01:00,113.45173594511519
2048-10-30 15:00:00+01:00,130.04525827896364
2048-10-30 16:00:00+01:00,147.9980037964086
2048-10-30 17:00:00+01:00,145.93952706749369
2048-10-30 18:00:00+01:00,147.0394764646238
2048-10-30 19:00:00+01:00,143.9831884968837
2048-10-30 20:00:00+01:00,121.78778101907977
2048-10-30 21:00:00+01:00,113.22388928428109
2048-10-30 22:00:00+01:00,106.43563014770672
2048-10-30 23:00:00+01:00,99.83593376492608
2048-10-31 00:00:00+01:00,96.71679154592142
2048-10-31 01:00:00+01:00,94.54831987729351
2048-10-31 02:00:00+01:00,91.86130063573282
2048-10-31 03:00:00+01:00,90.38422573101523
2048-10-31 04:00:00+01:00,91.84558707291667
2048-10-31 05:00:00+01:00,94.92544538488096
2048-10-31 06:00:00+01:00,106.63204968290853
2048-10-31 07:00:00+01:00,114.92095406842468
2048-10-31 08:00:00+01:00,113.45959272652325
2048-10-31 09:00:00+01:00,104.83284674045998
2048-10-31 10:00:00+01:00,95.86825915384962
2048-10-31 11:00:00+01:00,93.08695853539209
2048-10-31 12:00:00+01:00,88.17647015534696
2048-10-31 13:00:00+01:00,88.6400202584232
2048-10-31 14:00:00+01:00,92.52912705541894
2048-10-31 15:00:00+01:00,99.01882849848658
2048-10-31 16:00:00+01:00,105.68923591393985
2048-10-31 17:00:00+01:00,115.33736348305251
2048-10-31 18:00:00+01:00,117.09728251846067
2048-10-31 19:00:00+01:00,107.07988622316864
2048-10-31 20:00:00+01:00,98.32743173457622
2048-10-31 21:00:00+01:00,93.32266197763424
2048-10-31 22:00:00+01:00,92.49769992978666
2048-10-31 23:00:00+01:00,84.57020748904182
2048-11-01 00:00:00+01:00,86.2437019289612
2048-11-01 01:00:00+01:00,79.58115129491598
2048-11-01 02:00:00+01:00,78.26906879976794
2048-11-01 03:00:00+01:00,75.8177530004494
2048-11-01 04:00:00+01:00,75.20492405061978
2048-11-01 05:00:00+01:00,79.59686485773213
2048-11-01 06:00:00+01:00,87.61863867537383
2048-11-01 07:00:00+01:00,88.1607565925308
2048-11-01 08:00:00+01:00,83.98880566484448
2048-11-01 09:00:00+01:00,71.31581725362403
2048-11-01 10:00:00+01:00,47.35263395900387
2048-11-01 11:00:00+01:00,43.68351704143416
2048-11-01 12:00:00+01:00,39.70012886754156
2048-11-01 13:00:00+01:00,39.19729485742494
2048-11-01 14:00:00+01:00,53.55163448997283
2048-11-01 15:00:00+01:00,78.34763661384865
2048-11-01 16:00:00+01:00,92.52912705541894
2048-11-01 17:00:00+01:00,102.98650310956303
2048-11-01 18:00:00+01:00,106.4434869291148
2048-11-01 19:00:00+01:00,103.70932699910567
2048-11-01 20:00:00+01:00,101.45443073498895
2048-11-01 21:00:00+01:00,93.82549598775086
2048-11-01 22:00:00+01:00,92.52912705541894
2048-11-01 23:00:00+01:00,88.5300253187102
2048-11-02 00:00:00+01:00,89.44926874345465
2048-11-02 01:00:00+01:00,86.23584514755314
2048-11-02 02:00:00+01:00,86.15727733347241
2048-11-02 03:00:00+01:00,84.67234564734676
2048-11-02 04:00:00+01:00,86.13370698924818
2048-11-02 05:00:00+01:00,86.1887044591047
2048-11-02 06:00:00+01:00,92.41913211570593
2048-11-02 07:00:00+01:00,94.68974194263879
2048-11-02 08:00:00+01:00,94.6347444727823
2048-11-02 09:00:00+01:00,91.44489122110498
2048-11-02 10:00:00+01:00,86.17299089628854
2048-11-02 11:00:00+01:00,85.50516447660242
2048-11-02 12:00:00+01:00,82.44887650886233
2048-11-02 13:00:00+01:00,84.67234564734676
2048-11-02 14:00:00+01:00,91.96343879403776
2048-11-02 15:00:00+01:00,104.54214582836133
2048-11-02 16:00:00+01:00,117.0030011415638
2048-11-02 17:00:00+01:00,128.63889440691872
2048-11-02 18:00:00+01:00,130.10811253022823
2048-11-02 19:00:00+01:00,121.05710034812907
2048-11-02 20:00:00+01:00,106.2156402682807
2048-11-02 21:00:00+01:00,101.76870199131184
2048-11-02 22:00:00+01:00,100.40947880771535
2048-11-02 23:00:00+01:00,95.37328192514109
2048-11-03 00:00:00+01:00,94.62688769137422
2048-11-03 01:00:00+01:00,94.01405874154459
2048-11-03 02:00:00+01:00,94.02191552295267
2048-11-03 03:00:00+01:00,92.52127027401087
2048-11-03 04:00:00+01:00,91.74344891461173
2048-11-03 05:00:00+01:00,92.48984314837858
2048-11-03 06:00:00+01:00,93.13409922384051
2048-11-03 07:00:00+01:00,93.82549598775086
2048-11-03 08:00:00+01:00,87.93290993169671
2048-11-03 09:00:00+01:00,78.66190787017155
2048-11-03 10:00:00+01:00,61.5262676191661
2048-11-03 11:00:00+01:00,52.29454946468128
2048-11-03 12:00:00+01:00,52.05884602243911
2048-11-03 13:00:00+01:00,51.63457982640321
2048-11-03 14:00:00+01:00,73.79070339716678
2048-11-03 15:00:00+01:00,93.99834517872844
2048-11-03 16:00:00+01:00,106.95417772063948
2048-11-03 17:00:00+01:00,118.66863880007512
2048-11-03 18:00:00+01:00,122.21990399652375
2048-11-03 19:00:00+01:00,114.520258216613
2048-11-03 20:00:00+01:00,107.24487863273816
2048-11-03 21:00:00+01:00,103.48933711967965
2048-11-03 22:00:00+01:00,100.06378042576017
2048-11-03 23:00:00+01:00,95.68755318146395
2048-11-04 00:00:00+01:00,92.72554659062075
2048-11-04 01:00:00+01:00,92.15985832923955
2048-11-04 02:00:00+01:00,91.83773029150859
2048-11-04 03:00:00+01:00,92.25413970613643
2048-11-04 04:00:00+01:00,93.99048839732038
2048-11-04 05:00:00+01:00,96.67750763888105
2048-11-04 06:00:00+01:00,111.47968381168906
2048-11-04 07:00:00+01:00,126.70612618053298
2048-11-04 08:00:00+01:00,124.34909175811131
2048-11-04 09:00:00+01:00,109.95546821852307
2048-11-04 10:00:00+01:00,103.80360837600254
2048-11-04 11:00:00+01:00,98.01316047825334
2048-11-04 12:00:00+01:00,96.13538972172408
2048-11-04 13:00:00+01:00,98.85383608891706
2048-11-04 14:00:00+01:00,106.38848945925828
2048-11-04 15:00:00+01:00,125.1976241501831
2048-11-04 16:00:00+01:00,141.93256854937687
2048-11-04 17:00:00+01:00,142.22326946147552
2048-11-04 18:00:00+01:00,153.72559744289322
2048-11-04 19:00:00+01:00,149.19223457043557
2048-11-04 20:00:00+01:00,122.97415501169868
2048-11-04 21:00:00+01:00,107.24487863273816
2048-11-04 22:00:00+01:00,103.26149045884554
2048-11-04 23:00:00+01:00,97.85602485009188
2048-11-05 00:00:00+01:00,97.40818830983179
2048-11-05 01:00:00+01:00,96.67750763888105
2048-11-05 02:00:00+01:00,96.47323132227118
2048-11-05 03:00:00+01:00,95.70326674428011
2048-11-05 04:00:00+01:00,95.89182949807385
2048-11-05 05:00:00+01:00,98.02887404106949
2048-11-05 06:00:00+01:00,115.43950164135745
2048-11-05 07:00:00+01:00,135.72571123699984
2048-11-05 08:00:00+01:00,129.1260148542192
2048-11-05 09:00:00+01:00,111.35397530915992
2048-11-05 10:00:00+01:00,100.62946868714137
2048-11-05 11:00:00+01:00,96.66179407606492
2048-11-05 12:00:00+01:00,95.09043779445048
2048-11-05 13:00:00+01:00,95.99396765637877
2048-11-05 14:00:00+01:00,103.42648286841508
2048-11-05 15:00:00+01:00,130.14739643726858
2048-11-05 16:00:00+01:00,168.85775843484024
2048-11-05 17:00:00+01:00,164.6386668187055
2048-11-05 18:00:00+01:00,170.6255342516565
2048-11-05 19:00:00+01:00,167.52996237687603
2048-11-05 20:00:00+01:00,144.82386410754742
2048-11-05 21:00:00+01:00,120.03571876507968
2048-11-05 22:00:00+01:00,108.03841355495345
2048-11-05 23:00:00+01:00,103.418626087007
2048-11-06 00:00:00+01:00,103.8428922830429
2048-11-06 01:00:00+01:00,101.16372982289029
2048-11-06 02:00:00+01:00,100.34662455645078
2048-11-06 03:00:00+01:00,100.39376524489921
2048-11-06 04:00:00+01:00,101.22658407415486
2048-11-06 05:00:00+01:00,109.75119190191319
2048-11-06 06:00:00+01:00,127.69608063795006
2048-11-06 07:00:00+01:00,137.54848452367258
2048-11-06 08:00:00+01:00,149.00367181664183
2048-11-06 09:00:00+01:00,135.68642732995946
2048-11-06 10:00:00+01:00,123.4219915519588
2048-11-06 11:00:00+01:00,118.46436248346524
2048-11-06 12:00:00+01:00,113.31817066117796
2048-11-06 13:00:00+01:00,117.61583009139343
2048-11-06 14:00:00+01:00,127.51537466556441
2048-11-06 15:00:00+01:00,131.06663986201303
2048-11-06 16:00:00+01:00,137.94918037548427
2048-11-06 17:00:00+01:00,146.7802026781574
2048-11-06 18:00:00+01:00,149.02724216086605
2048-11-06 19:00:00+01:00,147.49516978629197
2048-11-06 20:00:00+01:00,130.084542186004
2048-11-06 21:00:00+01:00,124.74193082851492
2048-11-06 22:00:00+01:00,112.73676883698062
2048-11-06 23:00:00+01:00,105.83065797928516
2048-11-07 00:00:00+01:00,98.79883861906055
2048-11-07 01:00:00+01:00,96.45751775945504
2048-11-07 02:00:00+01:00,95.12186492008277
2048-11-07 03:00:00+01:00,95.51470399048637
2048-11-07 04:00:00+01:00,95.42042261358952
2048-11-07 05:00:00+01:00,100.8180314409351
2048-11-07 06:00:00+01:00,119.54074153637114
2048-11-07 07:00:00+01:00,129.92740655784257
2048-11-07 08:00:00+01:00,132.05659431943013
2048-11-07 09:00:00+01:00,124.70264692147455
2048-11-07 10:00:00+01:00,116.10732806104357
2048-11-07 11:00:00+01:00,110.7647167035545
2048-11-07 12:00:00+01:00,107.6534312659579
2048-11-07 13:00:00+01:00,110.14403097231678
2048-11-07 14:00:00+01:00,119.21861349864017
2048-11-07 15:00:00+01:00,125.47261149946561
2048-11-07 16:00:00+01:00,138.37344657152016
2048-11-07 17:00:00+01:00,142.01899314486565
2048-11-07 18:00:00+01:00,146.30879579367308
2048-11-07 19:00:00+01:00,140.61262927282075
2048-11-07 20:00:00+01:00,127.18538984642537
2048-11-07 21:00:00+01:00,108.77695100731223
2048-11-07 22:00:00+01:00,102.6879454160563
2048-11-07 23:00:00+01:00,98.26457748331164
2048-11-08 00:00:00+01:00,98.01316047825334
2048-11-08 01:00:00+01:00,96.7246483273295
2048-11-08 02:00:00+01:00,96.34752281974203
2048-11-08 03:00:00+01:00,95.88397271666577
2048-11-08 04:00:00+01:00,96.4418041966389
2048-11-08 05:00:00+01:00,98.83812252610092
2048-11-08 06:00:00+01:00,110.16760131654101
2048-11-08 07:00:00+01:00,130.66594401020134
2048-11-08 08:00:00+01:00,132.41800626420144
2048-11-08 09:00:00+01:00,116.3823154103261
2048-11-08 10:00:00+01:00,106.46705727333901
2048-11-08 11:00:00+01:00,101.61156636315039
2048-11-08 12:00:00+01:00,98.18600966923093
2048-11-08 13:00:00+01:00,98.06030116670178
2048-11-08 14:00:00+01:00,100.30734064941042
2048-11-08 15:00:00+01:00,107.7398558614467
2048-11-08 16:00:00+01:00,120.5621231194205
2048-11-08 17:00:00+01:00,130.35167275387846
2048-11-08 18:00:00+01:00,126.3604277985778
2048-11-08 19:00:00+01:00,114.87381337997624
2048-11-08 20:00:00+01:00,106.13707245419998
2048-11-08 21:00:00+01:00,99.93807192323102
2048-11-08 22:00:00+01:00,98.845979307509
2048-11-08 23:00:00+01:00,95.67183961864782
2048-11-09 00:00:00+01:00,102.27153600142846
2048-11-09 01:00:00+01:00,100.6530390313656
2048-11-09 02:00:00+01:00,98.91669034018165
2048-11-09 03:00:00+01:00,97.24319590026226
2048-11-09 04:00:00+01:00,96.99177889520395
2048-11-09 05:00:00+01:00,97.25105268167033
2048-11-09 06:00:00+01:00,99.75736595084535
2048-11-09 07:00:00+01:00,101.53299854906967
2048-11-09 08:00:00+01:00,102.40510128536569
2048-11-09 09:00:00+01:00,102.13011393608316
2048-11-09 10:00:00+01:00,99.80450663929379
2048-11-09 11:00:00+01:00,98.17029610641478
2048-11-09 12:00:00+01:00,95.64041249301553
2048-11-09 13:00:00+01:00,95.52256077189445
2048-11-09 14:00:00+01:00,100.12663467702475
2048-11-09 15:00:00+01:00,110.48972935427196
2048-11-09 16:00:00+01:00,122.43989387594976
2048-11-09 17:00:00+01:00,137.94132359407618
2048-11-09 18:00:00+01:00,139.33983068471304
2048-11-09 19:00:00+01:00,128.8117435978963
2048-11-09 20:00:00+01:00,116.64944597820056
2048-11-09 21:00:00+01:00,108.96551376110597
2048-11-09 22:00:00+01:00,106.73418784121345
2048-11-09 23:00:00+01:00,102.00440543355401
2048-11-10 00:00:00+01:00,101.25015441837908
2048-11-10 01:00:00+01:00,99.65522779254043
2048-11-10 02:00:00+01:00,98.83026574469284
2048-11-10 03:00:00+01:00,99.0109717170785
2048-11-10 04:00:00+01:00,98.42171311147308
2048-11-10 05:00:00+01:00,98.86169287032513
2048-11-10 06:00:00+01:00,100.44090593334764
2048-11-10 07:00:00+01:00,101.894410493841
2048-11-10 08:00:00+01:00,103.46576677545544
2048-11-10 09:00:00+01:00,103.10435483068412
2048-11-10 10:00:00+01:00,101.22658407415486
2048-11-10 11:00:00+01:00,101.21872729274679
2048-11-10 12:00:00+01:00,100.31519743081849
2048-11-10 13:00:00+01:00,99.79664985788571
2048-11-10 14:00:00+01:00,100.26805674237005
2048-11-10 15:00:00+01:00,108.99694088673826
2048-11-10 16:00:00+01:00,116.08375771681938
2048-11-10 17:00:00+01:00,131.70303915606686
2048-11-10 18:00:00+01:00,128.99244957028196
2048-11-10 19:00:00+01:00,120.64069093350125
2048-11-10 20:00:00+01:00,116.2173230007566
2048-11-10 21:00:00+01:00,108.94194341688174
2048-11-10 22:00:00+01:00,108.41553906254092
2048-11-10 23:00:00+01:00,102.77437001154509
2048-11-11 00:00:00+01:00,98.79098183765248
2048-11-11 01:00:00+01:00,97.2353391188542
2048-11-11 02:00:00+01:00,96.18253041017252
2048-11-11 03:00:00+01:00,94.90973182206483
2048-11-11 04:00:00+01:00,95.46756330203795
2048-11-11 05:00:00+01:00,98.96383102863007
2048-11-11 06:00:00+01:00,111.43254312324063
2048-11-11 07:00:00+01:00,124.96977748934901
2048-11-11 08:00:00+01:00,128.69389187677524
2048-11-11 09:00:00+01:00,121.82706492612013
2048-11-11 10:00:00+01:00,115.47878554839781
2048-11-11 11:00:00+01:00,113.34174100540218
2048-11-11 12:00:00+01:00,108.97337054251403
2048-11-11 13:00:00+01:00,109.69619443205669
2048-11-11 14:00:00+01:00,112.92533159077435
2048-11-11 15:00:00+01:00,120.78996978025461
2048-11-11 16:00:00+01:00,126.03829976084683
2048-11-11 17:00:00+01:00,135.07359838012985
2048-11-11 18:00:00+01:00,135.20716366406708
2048-11-11 19:00:00+01:00,124.47480026064048
2048-11-11 20:00:00+01:00,112.91747480936627
2048-11-11 21:00:00+01:00,108.65909928619115
2048-11-11 22:00:00+01:00,106.08207498434346
2048-11-11 23:00:00+01:00,101.17944338570643
2048-11-12 00:00:00+01:00,100.99873741332077
2048-11-12 01:00:00+01:00,98.94026068440584
2048-11-12 02:00:00+01:00,97.98959013402911
2048-11-12 03:00:00+01:00,97.64389175207394
2048-11-12 04:00:00+01:00,99.86736089055837
2048-11-12 05:00:00+01:00,103.21434977039712
2048-11-12 06:00:00+01:00,123.61055430575253
2048-11-12 07:00:00+01:00,146.5052153288749
2048-11-12 08:00:00+01:00,156.71903115936874
2048-11-12 09:00:00+01:00,140.424066519027
2048-11-12 10:00:00+01:00,129.14172841703535
2048-11-12 11:00:00+01:00,127.14610593938502
2048-11-12 12:00:00+01:00,122.54988881566277
2048-11-12 13:00:00+01:00,125.46475471805755
2048-11-12 14:00:00+01:00,130.61094654034486
2048-11-12 15:00:00+01:00,141.31188281813917
2048-11-12 16:00:00+01:00,146.48164498465064
2048-11-12 17:00:00+01:00,142.7182466901841
2048-11-12 18:00:00+01:00,140.86404627787903
2048-11-12 19:00:00+01:00,141.97970923782532
2048-11-12 20:00:00+01:00,130.52452194485605
2048-11-12 21:00:00+01:00,118.1658047899585
2048-11-12 22:00:00+01:00,113.93099961100759
2048-11-12 23:00:00+01:00,108.42339584394898
2048-11-13 00:00:00+01:00,105.75209016520444
2048-11-13 01:00:00+01:00,103.57576171516844
2048-11-13 02:00:00+01:00,102.18511140593967
2048-11-13 03:00:00+01:00,101.97297830792171
2048-11-13 04:00:00+01:00,102.95507598393074
2048-11-13 05:00:00+01:00,110.4504454472316
2048-11-13 06:00:00+01:00,126.383998142802
2048-11-13 07:00:00+01:00,152.35851747788865
2048-11-13 08:00:00+01:00,157.04115919709966
2048-11-13 09:00:00+01:00,146.68592130126052
2048-11-13 10:00:00+01:00,145.57811512272235
2048-11-13 11:00:00+01:00,145.74310753229187
2048-11-13 12:00:00+01:00,136.7863767270896
2048-11-13 13:00:00+01:00,135.9299875536097
2048-11-13 14:00:00+01:00,139.08841367965474
2048-11-13 15:00:00+01:00,145.07528111260575
2048-11-13 16:00:00+01:00,159.90888441104602
2048-11-13 17:00:00+01:00,165.6129077133064
2048-11-13 18:00:00+01:00,167.4042538743469
2048-11-13 19:00:00+01:00,143.77105539886577
2048-11-13 20:00:00+01:00,126.9811135298155
2048-11-13 21:00:00+01:00,113.46744950793132
2048-11-13 22:00:00+01:00,109.23264432898043
2048-11-13 23:00:00+01:00,103.03364379801147
2048-11-14 00:00:00+01:00,107.43344138653188
2048-11-14 01:00:00+01:00,104.91141455454071
2048-11-14 02:00:00+01:00,103.48933711967965
2048-11-14 03:00:00+01:00,102.92364885829845
2048-11-14 04:00:00+01:00,102.6879454160563
2048-11-14 05:00:00+01:00,110.61543785680112
2048-11-14 06:00:00+01:00,117.77296571955489
2048-11-14 07:00:00+01:00,124.73407404710684
2048-11-14 08:00:00+01:00,129.87240908798606
2048-11-14 09:00:00+01:00,127.58608569823704
2048-11-14 10:00:00+01:00,118.49578960909753
2048-11-14 11:00:00+01:00,116.8380087319943
2048-11-14 12:00:00+01:00,114.73239131463095
2048-11-14 13:00:00+01:00,115.24308210615564
2048-11-14 14:00:00+01:00,119.26575418708862
2048-11-14 15:00:00+01:00,127.27181444191416
2048-11-14 16:00:00+01:00,138.59343645094617
2048-11-14 17:00:00+01:00,144.87100479599587
2048-11-14 18:00:00+01:00,143.6767740219689
2048-11-14 19:00:00+01:00,137.24992683016583
2048-11-14 20:00:00+01:00,120.02000520226352
2048-11-14 21:00:00+01:00,114.40240649549192
2048-11-14 22:00:00+01:00,112.29678907812857
2048-11-14 23:00:00+01:00,106.4434869291148
2048-11-15 00:00:00+01:00,103.94503044134784
2048-11-15 01:00:00+01:00,102.91579207689037
2048-11-15 02:00:00+01:00,101.77655877271991
2048-11-15 03:00:00+01:00,100.49590340320415
2048-11-15 04:00:00+01:00,101.242297636971
2048-11-15 05:00:00+01:00,105.64209522549143
2048-11-15 06:00:00+01:00,112.87033412091785
2048-11-15 07:00:00+01:00,127.44466363289175
2048-11-15 08:00:00+01:00,133.9265082945513
2048-11-15 09:00:00+01:00,124.83621220541178
2048-11-15 10:00:00+01:00,118.09509375728585
2048-11-15 11:00:00+01:00,114.72453453322288
2048-11-15 12:00:00+01:00,112.77605274402097
2048-11-15 13:00:00+01:00,112.83105021387749
2048-11-15 14:00:00+01:00,115.36093382727672
2048-11-15 15:00:00+01:00,122.94272788606638
2048-11-15 16:00:00+01:00,128.8745978491609
2048-11-15 17:00:00+01:00,131.95445616112517
2048-11-15 18:00:00+01:00,126.09329723070334
2048-11-15 19:00:00+01:00,123.93268234348349
2048-11-15 20:00:00+01:00,119.79215854142944
2048-11-15 21:00:00+01:00,115.29807957601216
2048-11-15 22:00:00+01:00,112.44606792488194
2048-11-15 23:00:00+01:00,107.29987610259465
2048-11-16 00:00:00+01:00,106.56919543164395
2048-11-16 01:00:00+01:00,103.10435483068412
2048-11-16 02:00:00+01:00,101.14801626007413
2048-11-16 03:00:00+01:00,100.31519743081849
2048-11-16 04:00:00+01:00,100.11092111420861
2048-11-16 05:00:00+01:00,100.9280263806481
2048-11-16 06:00:00+01:00,111.45611346746485
2048-11-16 07:00:00+01:00,111.44825668605677
2048-11-16 08:00:00+01:00,111.4403999046487
2048-11-16 09:00:00+01:00,112.41464079924965
2048-11-16 10:00:00+01:00,106.50634118037937
2048-11-16 11:00:00+01:00,100.47233305897993
2048-11-16 12:00:00+01:00,98.21743679486322
2048-11-16 13:00:00+01:00,99.56094641564356
2048-11-16 14:00:00+01:00,107.88127792679201
2048-11-16 15:00:00+01:00,114.4102632769
2048-11-16 16:00:00+01:00,115.11737360362648
2048-11-16 17:00:00+01:00,118.7236362699316
2048-11-16 18:00:00+01:00,121.08852747376136
2048-11-16 19:00:00+01:00,118.89648546090922
2048-11-16 20:00:00+01:00,118.37793788797643
2048-11-16 21:00:00+01:00,113.82886145270265
2048-11-16 22:00:00+01:00,108.6198153791508
2048-11-16 23:00:00+01:00,105.09997730833445
2048-11-17 00:00:00+01:00,108.07769746199381
2048-11-17 01:00:00+01:00,107.07202944176058
2048-11-17 02:00:00+01:00,105.11569087115059
2048-11-17 03:00:00+01:00,103.38719896137471
2048-11-17 04:00:00+01:00,103.19077942617291
2048-11-17 05:00:00+01:00,104.19644744640615
2048-11-17 06:00:00+01:00,107.35487357245117
2048-11-17 07:00:00+01:00,107.90484827101622
2048-11-17 08:00:00+01:00,107.39415747949153
2048-11-17 09:00:00+01:00,107.92056183383237
2048-11-17 10:00:00+01:00,106.10564532856769
2048-11-17 11:00:00+01:00,105.12354765255867
2048-11-17 12:00:00+01:00,104.20430422781422
2048-11-17 13:00:00+01:00,103.34791505433435
2048-11-17 14:00:00+01:00,105.0842637455183
2048-11-17 15:00:00+01:00,113.09818078175194
2048-11-17 16:00:00+01:00,119.91001026255053
2048-11-17 17:00:00+01:00,121.55207757683762
2048-11-17 18:00:00+01:00,119.52502797355498
2048-11-17 19:00:00+01:00,119.61145256904379
2048-11-17 20:00:00+01:00,116.696586666649
2048-11-17 21:00:00+01:00,113.72672329439771
2048-11-17 22:00:00+01:00,112.05322885447833
2048-11-17 23:00:00+01:00,109.25621467320464
2048-11-18 00:00:00+01:00,105.72851982098021
2048-11-18 01:00:00+01:00,104.75427892637927
2048-11-18 02:00:00+01:00,103.46576677545544
2048-11-18 03:00:00+01:00,104.18073388359
2048-11-18 04:00:00+01:00,105.64209522549143
2048-11-18 05:00:00+01:00,110.63900820102533
2048-11-18 06:00:00+01:00,119.51717119214692
2048-11-18 07:00:00+01:00,134.14649817397734
2048-11-18 08:00:00+01:00,136.98279626229137
2048-11-18 09:00:00+01:00,126.33685745435358
2048-11-18 10:00:00+01:00,121.56779113965375
2048-11-18 11:00:00+01:00,118.66863880007512
2048-11-18 12:00:00+01:00,116.35088828469382
2048-11-18 13:00:00+01:00,119.51717119214692
2048-11-18 14:00:00+01:00,126.18757860760019
2048-11-18 15:00:00+01:00,136.503532596399
2048-11-18 16:00:00+01:00,130.69737113583363
2048-11-18 17:00:00+01:00,146.54449923591525
2048-11-18 18:00:00+01:00,159.0446384561581
2048-11-18 19:00:00+01:00,151.67497749538637
2048-11-18 20:00:00+01:00,122.73845156945652
2048-11-18 21:00:00+01:00,122.25133112215603
2048-11-18 22:00:00+01:00,121.11995459939364
2048-11-18 23:00:00+01:00,116.68872988524092
2048-11-19 00:00:00+01:00,110.32473694470247
2048-11-19 01:00:00+01:00,107.75556942426286
2048-11-19 02:00:00+01:00,105.90922579336588
2048-11-19 03:00:00+01:00,104.50286192132097
2048-11-19 04:00:00+01:00,106.27849451954528
2048-11-19 05:00:00+01:00,110.66257854524954
2048-11-19 06:00:00+01:00,124.49837060486469
2048-11-19 07:00:00+01:00,135.34858572941238
2048-11-19 08:00:00+01:00,137.24992683016583
2048-11-19 09:00:00+01:00,134.25649311369034
2048-11-19 10:00:00+01:00,125.99901585380647
2048-11-19 11:00:00+01:00,123.98767981333998
2048-11-19 12:00:00+01:00,122.84058972776145
2048-11-19 13:00:00+01:00,125.88116413268538
2048-11-19 14:00:00+01:00,126.31328711012937
2048-11-19 15:00:00+01:00,138.0041778453408
2048-11-19 16:00:00+01:00,138.07488887801344
2048-11-19 17:00:00+01:00,139.53625021991485
2048-11-19 18:00:00+01:00,130.5323787262641
2048-11-19 19:00:00+01:00,124.86763933104407
2048-11-19 20:00:00+01:00,121.1906656320663
2048-11-19 21:00:00+01:00,111.49539737450522
2048-11-19 22:00:00+01:00,111.08684474128546
2048-11-19 23:00:00+01:00,108.47053653239742
2048-11-20 00:00:00+01:00,108.2191195273391
2048-11-20 01:00:00+01:00,105.77566050942866
2048-11-20 02:00:00+01:00,103.41076930559893
2048-11-20 03:00:00+01:00,102.75079966732086
2048-11-20 04:00:00+01:00,100.95159672487233
2048-11-20 05:00:00+01:00,105.0842637455183
2048-11-20 06:00:00+01:00,113.06675365611964
2048-11-20 07:00:00+01:00,123.97196625052383
2048-11-20 08:00:00+01:00,130.27310493979775
2048-11-20 09:00:00+01:00,123.94839590629962
2048-11-20 10:00:00+01:00,123.31985339365386
2048-11-20 11:00:00+01:00,121.99991411709772
2048-11-20 12:00:00+01:00,119.59573900622763
2048-11-20 13:00:00+01:00,119.98857807663124
2048-11-20 14:00:00+01:00,122.90344397902604
2048-11-20 15:00:00+01:00,128.77245969085595
2048-11-20 16:00:00+01:00,128.26176889933126
2048-11-20 17:00:00+01:00,132.01731041238975
2048-11-20 18:00:00+01:00,130.63451688456905
2048-11-20 19:00:00+01:00,124.1526722229095
2048-11-20 20:00:00+01:00,119.6035957876357
2048-11-20 21:00:00+01:00,112.46178148769809
2048-11-20 22:00:00+01:00,111.49539737450522
2048-11-20 23:00:00+01:00,109.0676519194109
2048-11-21 00:00:00+01:00,104.45572123287253
2048-11-21 01:00:00+01:00,103.46576677545544
2048-11-21 02:00:00+01:00,105.06855018270217
2048-11-21 03:00:00+01:00,104.47929157709675
2048-11-21 04:00:00+01:00,104.39286698160795
2048-11-21 05:00:00+01:00,109.21693076616428
2048-11-21 06:00:00+01:00,119.92572382536665
2048-11-21 07:00:00+01:00,124.93049358230864
2048-11-21 08:00:00+01:00,126.12472435633563
2048-11-21 09:00:00+01:00,121.56779113965375
2048-11-21 10:00:00+01:00,119.51717119214692
2048-11-21 11:00:00+01:00,121.48922332557302
2048-11-21 12:00:00+01:00,120.64069093350125
2048-11-21 13:00:00+01:00,124.1526722229095
2048-11-21 14:00:00+01:00,130.2573913769816
2048-11-21 15:00:00+01:00,134.09150070412082
2048-11-21 16:00:00+01:00,137.8548989985874
2048-11-21 17:00:00+01:00,152.08353012860613
2048-11-21 18:00:00+01:00,143.88105033857875
2048-11-21 19:00:00+01:00,133.785086229206
2048-11-21 20:00:00+01:00,125.29976230848803
2048-11-21 21:00:00+01:00,117.23870458380597
2048-11-21 22:00:00+01:00,112.90176124655014
2048-11-21 23:00:00+01:00,106.56133865023587
2048-11-22 00:00:00+01:00,106.93846415782335
2048-11-22 01:00:00+01:00,105.84637154210131
2048-11-22 02:00:00+01:00,105.06069340129409
2048-11-22 03:00:00+01:00,105.06855018270217
2048-11-22 04:00:00+01:00,105.33568075057661
2048-11-22 05:00:00+01:00,109.01265444955439
2048-11-22 06:00:00+01:00,118.81006086542041
2048-11-22 07:00:00+01:00,126.94968640418321
2048-11-22 08:00:00+01:00,129.93526333925064
2048-11-22 09:00:00+01:00,128.53675624861378
2048-11-22 10:00:00+01:00,120.02786198367161
2048-11-22 11:00:00+01:00,118.7236362699316
2048-11-22 12:00:00+01:00,114.98380831968926
2048-11-22 13:00:00+01:00,116.86157907621852
2048-11-22 14:00:00+01:00,119.635022913268
2048-11-22 15:00:00+01:00,123.0527228257794
2048-11-22 16:00:00+01:00,130.6816575730175
2048-11-22 17:00:00+01:00,127.6017992610532
2048-11-22 18:00:00+01:00,124.40408922796782
2048-11-22 19:00:00+01:00,123.98767981333998
2048-11-22 20:00:00+01:00,122.0627683683623
2048-11-22 21:00:00+01:00,121.71706998640713
2048-11-22 22:00:00+01:00,118.42507857642488
2048-11-22 23:00:00+01:00,112.87033412091785
2048-11-23 00:00:00+01:00,117.20727745817369
2048-11-23 01:00:00+01:00,113.86814535974301
2048-11-23 02:00:00+01:00,110.77257348496256
2048-11-23 03:00:00+01:00,110.32473694470247
2048-11-23 04:00:00+01:00,109.27192823602078
2048-11-23 05:00:00+01:00,112.46963826910616
2048-11-23 06:00:00+01:00,120.81354012447883
2048-11-23 07:00:00+01:00,121.88991917738471
2048-11-23 08:00:00+01:00,122.42418031313362
2048-11-23 09:00:00+01:00,121.71706998640713
2048-11-23 10:00:00+01:00,119.30503809412896
2048-11-23 11:00:00+01:00,113.22388928428109
2048-11-23 12:00:00+01:00,110.26188269343788
2048-11-23 13:00:00+01:00,110.5682971683527
2048-11-23 14:00:00+01:00,116.82229516917815
2048-11-23 15:00:00+01:00,125.79473953719658
2048-11-23 16:00:00+01:00,129.65241920856005
2048-11-23 17:00:00+01:00,129.64456242715195
2048-11-23 18:00:00+01:00,127.60965604246125
2048-11-23 19:00:00+01:00,125.71617172311586
2048-11-23 20:00:00+01:00,119.17932959159981
2048-11-23 21:00:00+01:00,116.81443838777008
2048-11-23 22:00:00+01:00,118.07152341306164
2048-11-23 23:00:00+01:00,110.5682971683527
2048-11-24 00:00:00+01:00,110.43473188441547
2048-11-24 01:00:00+01:00,111.37754565338413
2048-11-24 02:00:00+01:00,110.929709113124
2048-11-24 03:00:00+01:00,109.78261902754548
2048-11-24 04:00:00+01:00,110.0890335024603
2048-11-24 05:00:00+01:00,111.26755071367111
2048-11-24 06:00:00+01:00,113.20817572146495
2048-11-24 07:00:00+01:00,114.55954212365336
2048-11-24 08:00:00+01:00,116.00518990273865
2048-11-24 09:00:00+01:00,114.21384374169818
2048-11-24 10:00:00+01:00,111.36968887197605
2048-11-24 11:00:00+01:00,111.03970405283702
2048-11-24 12:00:00+01:00,110.57615394976077
2048-11-24 13:00:00+01:00,109.7747622461374
2048-11-24 14:00:00+01:00,110.60758107539306
2048-11-24 15:00:00+01:00,111.73110081674737
2048-11-24 16:00:00+01:00,120.22428151887343
2048-11-24 17:00:00+01:00,120.80568334307074
2048-11-24 18:00:00+01:00,124.22338325558215
2048-11-24 19:00:00+01:00,123.90911199925927
2048-11-24 20:00:00+01:00,119.43074659665811
2048-11-24 21:00:00+01:00,115.30593635742022
2048-11-24 22:00:00+01:00,114.20598696029012
2048-11-24 23:00:00+01:00,111.40897277901641
2048-11-25 00:00:00+01:00,112.02965851025412
2048-11-25 01:00:00+01:00,107.97555930368887
2048-11-25 02:00:00+01:00,106.16849957983226
2048-11-25 03:00:00+01:00,109.76690546472932
2048-11-25 04:00:00+01:00,109.98689534415534
2048-11-25 05:00:00+01:00,114.520258216613
2048-11-25 06:00:00+01:00,122.5970295041112
2048-11-25 07:00:00+01:00,125.48832506228177
2048-11-25 08:00:00+01:00,125.1976241501831
2048-11-25 09:00:00+01:00,123.52412971026374
2048-11-25 10:00:00+01:00,121.48136654416496
2048-11-25 11:00:00+01:00,121.00995965968065
2048-11-25 12:00:00+01:00,120.05143232789584
2048-11-25 13:00:00+01:00,120.53855277519628
2048-11-25 14:00:00+01:00,121.48136654416496
2048-11-25 15:00:00+01:00,123.5319864916718
2048-11-25 16:00:00+01:00,126.03044297943876
2048-11-25 17:00:00+01:00,126.58827445941188
2048-11-25 18:00:00+01:00,128.06534936412945
2048-11-25 19:00:00+01:00,124.94620714512479
2048-11-25 20:00:00+01:00,123.13914742126818
2048-11-25 21:00:00+01:00,120.54640955660437
2048-11-25 22:00:00+01:00,118.872915116685
2048-11-25 23:00:00+01:00,113.73458007580578
2048-11-26 00:00:00+01:00,112.86247733950978
2048-11-26 01:00:00+01:00,111.15755577395811
2048-11-26 02:00:00+01:00,108.12483815044224
2048-11-26 03:00:00+01:00,106.4434869291148
2048-11-26 04:00:00+01:00,106.67919037135695
2048-11-26 05:00:00+01:00,112.02965851025412
2048-11-26 06:00:00+01:00,123.86982809221891
2048-11-26 07:00:00+01:00,129.16529876125958
2048-11-26 08:00:00+01:00,130.1159693116363
2048-11-26 09:00:00+01:00,123.76768993391397
2048-11-26 10:00:00+01:00,121.17495206925014
2048-11-26 11:00:00+01:00,120.22428151887343
2048-11-26 12:00:00+01:00,117.71011146829031
2048-11-26 13:00:00+01:00,121.17495206925014
2048-11-26 14:00:00+01:00,122.30632859201253
2048-11-26 15:00:00+01:00,126.03829976084683
2048-11-26 16:00:00+01:00,130.1159693116363
2048-11-26 17:00:00+01:00,138.85271023741257
2048-11-26 18:00:00+01:00,143.8103393059061
2048-11-26 19:00:00+01:00,140.46335042606736
2048-11-26 20:00:00+01:00,129.16529876125958
2048-11-26 21:00:00+01:00,121.40279873008424
2048-11-26 22:00:00+01:00,119.27361096849668
2048-11-26 23:00:00+01:00,113.08246721893579
2048-11-27 00:00:00+01:00,105.77566050942866
2048-11-27 01:00:00+01:00,102.71937254168857
2048-11-27 02:00:00+01:00,101.5565688932939
2048-11-27 03:00:00+01:00,98.83026574469284
2048-11-27 04:00:00+01:00,102.76651323013701
2048-11-27 05:00:00+01:00,116.71230022946514
2048-11-27 06:00:00+01:00,136.00069858628237
2048-11-27 07:00:00+01:00,164.0494082131001
2048-11-27 08:00:00+01:00,173.6425383123562
2048-11-27 09:00:00+01:00,149.45150835690197
2048-11-27 10:00:00+01:00,145.75096431369994
2048-11-27 11:00:00+01:00,139.58339090836327
2048-11-27 12:00:00+01:00,126.76898043179753
2048-11-27 13:00:00+01:00,124.96192070794095
2048-11-27 14:00:00+01:00,124.93835036371672
2048-11-27 15:00:00+01:00,123.94053912489156
2048-11-27 16:00:00+01:00,126.06972688647912
2048-11-27 17:00:00+01:00,125.55117931354636
2048-11-27 18:00:00+01:00,132.7401343019324
2048-11-27 19:00:00+01:00,126.74541008757332
2048-11-27 20:00:00+01:00,125.37833012256877
2048-11-27 21:00:00+01:00,119.25789740568052
2048-11-27 22:00:00+01:00,112.6582010228999
2048-11-27 23:00:00+01:00,107.5434363262449
2048-11-28 00:00:00+01:00,111.41682956042449
2048-11-28 01:00:00+01:00,111.07898795987738
2048-11-28 02:00:00+01:00,111.2989778393034
2048-11-28 03:00:00+01:00,111.39325921620028
2048-11-28 04:00:00+01:00,111.0475608342451
2048-11-28 05:00:00+01:00,111.40111599760834
2048-11-28 06:00:00+01:00,123.97196625052383
2048-11-28 07:00:00+01:00,124.78121473555527
2048-11-28 08:00:00+01:00,120.38141714703485
2048-11-28 09:00:00+01:00,119.51717119214692
2048-11-28 10:00:00+01:00,121.0728139109452
2048-11-28 11:00:00+01:00,124.71836048429071
2048-11-28 12:00:00+01:00,123.57912718012022
2048-11-28 13:00:00+01:00,124.52979773049697
2048-11-28 14:00:00+01:00,122.32989893623675
2048-11-28 15:00:00+01:00,121.99205733568965
2048-11-28 16:00:00+01:00,120.22428151887343
2048-11-28 17:00:00+01:00,125.56689287636249
2048-11-28 18:00:00+01:00,127.86107304751958
2048-11-28 19:00:00+01:00,127.1225355951608
2048-11-28 20:00:00+01:00,122.10990905681072
2048-11-28 21:00:00+01:00,119.89429669973438
2048-11-28 22:00:00+01:00,118.46436248346524
2048-11-28 23:00:00+01:00,111.71538725393123
2048-11-29 00:00:00+01:00,104.91141455454071
2048-11-29 01:00:00+01:00,103.19077942617291
2048-11-29 02:00:00+01:00,99.6630845739485
2048-11-29 03:00:00+01:00,99.05025562411886
2048-11-29 04:00:00+01:00,101.14801626007413
2048-11-29 05:00:00+01:00,107.46486851216417
2048-11-29 06:00:00+01:00,125.60617678340287
2048-11-29 07:00:00+01:00,151.07786210837287
2048-11-29 08:00:00+01:00,166.9485605526787
2048-11-29 09:00:00+01:00,146.75663233393317
2048-11-29 10:00:00+01:00,136.6056707547039
2048-11-29 11:00:00+01:00,131.3259136484794
2048-11-29 12:00:00+01:00,125.44118437383334
2048-11-29 13:00:00+01:00,124.56908163753734
2048-11-29 14:00:00+01:00,126.65112871067646
2048-11-29 15:00:00+01:00,138.79771276755605
2048-11-29 16:00:00+01:00,146.53664245450716
2048-11-29 17:00:00+01:00,145.49169052723357
2048-11-29 18:00:00+01:00,143.01680438369084
2048-11-29 19:00:00+01:00,131.50661962086508
2048-11-29 20:00:00+01:00,119.36789234539356
2048-11-29 21:00:00+01:00,113.60887157327662
2048-11-29 22:00:00+01:00,108.04627033636152
2048-11-29 23:00:00+01:00,105.20211546663938
2048-11-30 00:00:00+01:00,104.23573135344651
2048-11-30 01:00:00+01:00,102.57795047634328
2048-11-30 02:00:00+01:00,99.59237354127585
2048-11-30 03:00:00+01:00,99.0109717170785
2048-11-30 04:00:00+01:00,99.55308963423548
2048-11-30 05:00:00+01:00,101.94155118228943
2048-11-30 06:00:00+01:00,105.20997224804745
2048-11-30 07:00:00+01:00,108.00698642932116
2048-11-30 08:00:00+01:00,113.95456995523179
2048-11-30 09:00:00+01:00,106.82846921811033
2048-11-30 10:00:00+01:00,102.60937760197555
2048-11-30 11:00:00+01:00,99.7730795136615
2048-11-30 12:00:00+01:00,99.2073912522803
2048-11-30 13:00:00+01:00,99.38809722466597
2048-11-30 14:00:00+01:00,103.09649804927604
2048-11-30 15:00:00+01:00,114.95238119405698
2048-11-30 16:00:00+01:00,118.80220408401235
2048-11-30 17:00:00+01:00,124.71050370288262
2048-11-30 18:00:00+01:00,128.6467511883268
2048-11-30 19:00:00+01:00,121.30851735318737
2048-11-30 20:00:00+01:00,115.29022279460406
2048-11-30 21:00:00+01:00,109.51548845967102
2048-11-30 22:00:00+01:00,105.54781384859456
2048-11-30 23:00:00+01:00,103.02578701660339
2048-12-01 00:00:00+01:00,97.73031634756273
2048-12-01 01:00:00+01:00,95.19257595275542
2048-12-01 02:00:00+01:00,91.93201166840547
2048-12-01 03:00:00+01:00,90.97348433662064
2048-12-01 04:00:00+01:00,88.7028745096878
2048-12-01 05:00:00+01:00,89.63783149724838
2048-12-01 06:00:00+01:00,86.40083755712264
2048-12-01 07:00:00+01:00,89.50426621331115
2048-12-01 08:00:00+01:00,94.69759872404687
2048-12-01 09:00:00+01:00,91.09133605774174
2048-12-01 10:00:00+01:00,89.16642461276405
2048-12-01 11:00:00+01:00,87.56364120551733
2048-12-01 12:00:00+01:00,88.19218371816311
2048-12-01 13:00:00+01:00,88.15289981112274
2048-12-01 14:00:00+01:00,91.1856174346386
2048-12-01 15:00:00+01:00,102.53866656930292
2048-12-01 16:00:00+01:00,116.92443332748309
2048-12-01 17:00:00+01:00,118.95933971217379
2048-12-01 18:00:00+01:00,116.92443332748309
2048-12-01 19:00:00+01:00,113.88385892255916
2048-12-01 20:00:00+01:00,114.84238625434396
2048-12-01 21:00:00+01:00,113.71100973158157
2048-12-01 22:00:00+01:00,109.38192317573379
2048-12-01 23:00:00+01:00,106.74990140402961
2048-12-02 00:00:00+01:00,101.17944338570643
2048-12-02 01:00:00+01:00,95.24757342261194
2048-12-02 02:00:00+01:00,94.0690562114011
2048-12-02 03:00:00+01:00,95.56184467893482
2048-12-02 04:00:00+01:00,92.45841602274629
2048-12-02 05:00:00+01:00,100.45661949616378
2048-12-02 06:00:00+01:00,115.95019243288215
2048-12-02 07:00:00+01:00,128.37176383904426
2048-12-02 08:00:00+01:00,130.43809734936727
2048-12-02 09:00:00+01:00,125.17405380595889
2048-12-02 10:00:00+01:00,122.95058466747446
2048-12-02 11:00:00+01:00,121.37137160445195
2048-12-02 12:00:00+01:00,118.73934983274776
2048-12-02 13:00:00+01:00,120.13000014197655
2048-12-02 14:00:00+01:00,123.20200167253277
2048-12-02 15:00:00+01:00,130.15525321867665
2048-12-02 16:00:00+01:00,129.864552306578
2048-12-02 17:00:00+01:00,133.3058225633136
2048-12-02 18:00:00+01:00,133.01512165121494
2048-12-02 19:00:00+01:00,130.43809734936727
2048-12-02 20:00:00+01:00,125.16619702455083
2048-12-02 21:00:00+01:00,116.95586045311538
2048-12-02 22:00:00+01:00,108.60410181633465
2048-12-02 23:00:00+01:00,95.05901066881819
2048-12-03 00:00:00+01:00,107.51986598202068
2048-12-03 01:00:00+01:00,107.88913470820007
2048-12-03 02:00:00+01:00,107.89699148960815
2048-12-03 03:00:00+01:00,105.85422832350937
2048-12-03 04:00:00+01:00,106.47491405474707
2048-12-03 05:00:00+01:00,109.62548339938402
2048-12-03 06:00:00+01:00,123.75197637109781
2048-12-03 07:00:00+01:00,131.4437653696005
2048-12-03 08:00:00+01:00,135.2543043525155
2048-12-03 09:00:00+01:00,132.1823028219593
2048-12-03 10:00:00+01:00,129.64456242715195
2048-12-03 11:00:00+01:00,126.0147294166226
2048-12-03 12:00:00+01:00,123.12343385845205
2048-12-03 13:00:00+01:00,125.46475471805755
2048-12-03 14:00:00+01:00,131.38091111833592
2048-12-03 15:00:00+01:00,138.0041778453408
2048-12-03 16:00:00+01:00,169.39201957058916
2048-12-03 17:00:00+01:00,186.0405393742941
2048-12-03 18:00:00+01:00,167.98565569854424
2048-12-03 19:00:00+01:00,147.16518496715292
2048-12-03 20:00:00+01:00,133.94222185736743
2048-12-03 21:00:00+01:00,127.71965098217427
2048-12-03 22:00:00+01:00,123.90911199925927
2048-12-03 23:00:00+01:00,118.41722179501681
2048-12-04 00:00:00+01:00,117.62368687280153
2048-12-04 01:00:00+01:00,115.95019243288215
2048-12-04 02:00:00+01:00,113.76600720143807
2048-12-04 03:00:00+01:00,111.11041508550967
2048-12-04 04:00:00+01:00,112.61106033445145
2048-12-04 05:00:00+01:00,118.44864892064909
2048-12-04 06:00:00+01:00,132.36300879434495
2048-12-04 07:00:00+01:00,171.12836826177312
2048-12-04 08:00:00+01:00,198.23426411962217
2048-12-04 09:00:00+01:00,200.28488406712898
2048-12-04 10:00:00+01:00,169.4627306032618
2048-12-04 11:00:00+01:00,162.407340898813
2048-12-04 12:00:00+01:00,158.1882492826782
2048-12-04 13:00:00+01:00,163.10659444413142
2048-12-04 14:00:00+01:00,193.33163252098512
2048-12-04 15:00:00+01:00,213.82997521464546
2048-12-04 16:00:00+01:00,204.77896303254627
2048-12-04 17:00:00+01:00,219.93469436871752
2048-12-04 18:00:00+01:00,185.47485111291292
2048-12-04 19:00:00+01:00,173.29683993040103
2048-12-04 20:00:00+01:00,147.93514954514401
2048-12-04 21:00:00+01:00,129.2438665753403
2048-12-04 22:00:00+01:00,122.53417525284664
2048-12-04 23:00:00+01:00,116.0209034655548
2048-12-05 00:00:00+01:00,106.78918531106997
2048-12-05 01:00:00+01:00,103.40291252419085
2048-12-05 02:00:00+01:00,101.6979909586392
2048-12-05 03:00:00+01:00,100.83374500375126
2048-12-05 04:00:00+01:00,100.77874753389474
2048-12-05 05:00:00+01:00,106.54562508741972
2048-12-05 06:00:00+01:00,119.61930935045186
2048-12-05 07:00:00+01:00,127.94749764300838
2048-12-05 08:00:00+01:00,131.42805180678437
2048-12-05 09:00:00+01:00,133.48652853569928
2048-12-05 10:00:00+01:00,129.66813277137618
2048-12-05 11:00:00+01:00,126.50184986392308
2048-12-05 12:00:00+01:00,121.49708010698109
2048-12-05 13:00:00+01:00,122.58131594129507
2048-12-05 14:00:00+01:00,126.20329217041635
2048-12-05 15:00:00+01:00,123.57912718012022
2048-12-05 16:00:00+01:00,123.45341867759107
2048-12-05 17:00:00+01:00,123.13914742126818
2048-12-05 18:00:00+01:00,128.7017486581833
2048-12-05 19:00:00+01:00,125.11119955469431
2048-12-05 20:00:00+01:00,128.7017486581833
2048-12-05 21:00:00+01:00,122.573459159887
2048-12-05 22:00:00+01:00,118.4722192648733
2048-12-05 23:00:00+01:00,111.94323391476533
2048-12-06 00:00:00+01:00,107.6534312659579
2048-12-06 01:00:00+01:00,104.23573135344651
2048-12-06 02:00:00+01:00,102.73508610450472
2048-12-06 03:00:00+01:00,102.33439025269304
2048-12-06 04:00:00+01:00,102.9079352954823
2048-12-06 05:00:00+01:00,107.66128804736599
2048-12-06 06:00:00+01:00,118.42507857642488
2048-12-06 07:00:00+01:00,125.01691817779745
2048-12-06 08:00:00+01:00,127.83750270329537
2048-12-06 09:00:00+01:00,123.89339843644312
2048-12-06 10:00:00+01:00,121.52065045120531
2048-12-06 11:00:00+01:00,119.21861349864017
2048-12-06 12:00:00+01:00,110.63900820102533
2048-12-06 13:00:00+01:00,119.21861349864017
2048-12-06 14:00:00+01:00,122.42418031313362
2048-12-06 15:00:00+01:00,123.35913730069421
2048-12-06 16:00:00+01:00,122.41632353172555
2048-12-06 17:00:00+01:00,125.83402344423695
2048-12-06 18:00:00+01:00,129.82526839953763
2048-12-06 19:00:00+01:00,126.12472435633563
2048-12-06 20:00:00+01:00,122.42418031313362
2048-12-06 21:00:00+01:00,116.72015701087321
2048-12-06 22:00:00+01:00,118.82577442823657
2048-12-06 23:00:00+01:00,110.58401073116883
2048-12-07 00:00:00+01:00,110.33259372611052
2048-12-07 01:00:00+01:00,107.99127286650501
2048-12-07 02:00:00+01:00,106.47491405474707
2048-12-07 03:00:00+01:00,105.9327961375901
2048-12-07 04:00:00+01:00,105.61066809985914
2048-12-07 05:00:00+01:00,105.704949476756
2048-12-07 06:00:00+01:00,106.47491405474707
2048-12-07 07:00:00+01:00,109.03622479377862
2048-12-07 08:00:00+01:00,110.46615901004775
2048-12-07 09:00:00+01:00,112.42249758065773
2048-12-07 10:00:00+01:00,110.57615394976077
2048-12-07 11:00:00+01:00,110.42687510300739
2048-12-07 12:00:00+01:00,109.59405627375173
2048-12-07 13:00:00+01:00,110.38759119596703
2048-12-07 14:00:00+01:00,110.59972429398498
2048-12-07 15:00:00+01:00,114.48097430957264
2048-12-07 16:00:00+01:00,114.49668787238879
2048-12-07 17:00:00+01:00,115.35307704586864
2048-12-07 18:00:00+01:00,114.48097430957264
2048-12-07 19:00:00+01:00,113.52244697778784
2048-12-07 20:00:00+01:00,110.37973441455895
2048-12-07 21:00:00+01:00,108.5019636580297
2048-12-07 22:00:00+01:00,109.65691052501631
2048-12-07 23:00:00+01:00,105.37496465761697
2048-12-08 00:00:00+01:00,108.34482802986827
2048-12-08 01:00:00+01:00,106.63204968290853
2048-12-08 02:00:00+01:00,97.27462302589456
2048-12-08 03:00:00+01:00,89.40212805500622
2048-12-08 04:00:00+01:00,88.45145750462949
2048-12-08 05:00:00+01:00,97.52604003095286
2048-12-08 06:00:00+01:00,107.11131334880093
2048-12-08 07:00:00+01:00,107.46486851216417
2048-12-08 08:00:00+01:00,110.60758107539306
2048-12-08 09:00:00+01:00,110.79614382918678
2048-12-08 10:00:00+01:00,110.98470658298052
2048-12-08 11:00:00+01:00,109.94761143711499
2048-12-08 12:00:00+01:00,108.4469661881732
2048-12-08 13:00:00+01:00,109.05193835659476
2048-12-08 14:00:00+01:00,111.41682956042449
2048-12-08 15:00:00+01:00,114.24527086733048
2048-12-08 16:00:00+01:00,121.25351988333088
2048-12-08 17:00:00+01:00,123.96410946911577
2048-12-08 18:00:00+01:00,121.48136654416496
2048-12-08 19:00:00+01:00,120.7663994360304
2048-12-08 20:00:00+01:00,112.91747480936627
2048-12-08 21:00:00+01:00,110.92185233171594
2048-12-08 22:00:00+01:00,111.03184727142894
2048-12-08 23:00:00+01:00,108.3605415926844
2048-12-09 00:00:00+01:00,106.28635130095336
2048-12-09 01:00:00+01:00,100.21305927251355
2048-12-09 02:00:00+01:00,96.65393729465684
2048-12-09 03:00:00+01:00,96.52822879212769
2048-12-09 04:00:00+01:00,95.70326674428011
2048-12-09 05:00:00+01:00,109.79833259036161
2048-12-09 06:00:00+01:00,118.8414879910527
2048-12-09 07:00:00+01:00,125.56689287636249
2048-12-09 08:00:00+01:00,128.3874774018604
2048-12-09 09:00:00+01:00,126.30543032872129
2048-12-09 10:00:00+01:00,125.33118943412035
2048-12-09 11:00:00+01:00,125.33904621552841
2048-12-09 12:00:00+01:00,124.63979267020997
2048-12-09 13:00:00+01:00,124.6869333586584
2048-12-09 14:00:00+01:00,125.33904621552841
2048-12-09 15:00:00+01:00,135.08931194294598
2048-12-09 16:00:00+01:00,139.6933858480763
2048-12-09 17:00:00+01:00,138.06703209660535
2048-12-09 18:00:00+01:00,130.23382103275736
2048-12-09 19:00:00+01:00,131.03521273638074
2048-12-09 20:00:00+01:00,125.71617172311586
2048-12-09 21:00:00+01:00,121.96063021005736
2048-12-09 22:00:00+01:00,119.2343270614563
2048-12-09 23:00:00+01:00,116.99514436015573
2048-12-10 00:00:00+01:00,111.84895253786846
2048-12-10 01:00:00+01:00,106.80489887388612
2048-12-10 02:00:00+01:00,110.3404505075186
2048-12-10 03:00:00+01:00,110.37973441455895
2048-12-10 04:00:00+01:00,108.38411193690862
2048-12-10 05:00:00+01:00,115.9894763399225
2048-12-10 06:00:00+01:00,125.05620208483779
2048-12-10 07:00:00+01:00,148.27299114569112
2048-12-10 08:00:00+01:00,155.32052406873186
2048-12-10 09:00:00+01:00,143.55106551943976
2048-12-10 10:00:00+01:00,143.53535195662357
2048-12-10 11:00:00+01:00,139.9448028531346
2048-12-10 12:00:00+01:00,139.8269511320135
2048-12-10 13:00:00+01:00,143.6217765521124
2048-12-10 14:00:00+01:00,151.6121232441218
2048-12-10 15:00:00+01:00,157.57542033284858
2048-12-10 16:00:00+01:00,163.53871742157537
2048-12-10 17:00:00+01:00,172.39331006847272
2048-12-10 18:00:00+01:00,161.27596437605058
2048-12-10 19:00:00+01:00,155.116247752122
2048-12-10 20:00:00+01:00,141.5240159161571
2048-12-10 21:00:00+01:00,130.2259642513493
2048-12-10 22:00:00+01:00,124.90692323808443
2048-12-10 23:00:00+01:00,119.32860843835317
2048-12-11 00:00:00+01:00,112.80747986965326
2048-12-11 01:00:00+01:00,109.99475212556342
2048-12-11 02:00:00+01:00,107.41772782371575
2048-12-11 03:00:00+01:00,105.84637154210131
2048-12-11 04:00:00+01:00,109.88475718585042
2048-12-11 05:00:00+01:00,116.02876024696286
2048-12-11 06:00:00+01:00,143.3389324214218
2048-12-11 07:00:00+01:00,196.93789518729025
2048-12-11 08:00:00+01:00,234.82329513701436
2048-12-11 09:00:00+01:00,202.04480310253717
2048-12-11 10:00:00+01:00,255.0859343884325
2048-12-11 11:00:00+01:00,206.76672872878854
2048-12-11 12:00:00+01:00,205.15608854013377
2048-12-11 13:00:00+01:00,218.11192108204477
2048-12-11 14:00:00+01:00,208.80949189488734
2048-12-11 15:00:00+01:00,193.65376055871607
2048-12-11 16:00:00+01:00,205.89462599249254
2048-12-11 17:00:00+01:00,219.51828495408972
2048-12-11 18:00:00+01:00,235.7032546547184
2048-12-11 19:00:00+01:00,209.8308734779367
2048-12-11 20:00:00+01:00,172.95114154844586
2048-12-11 21:00:00+01:00,152.9713464277183
2048-12-11 22:00:00+01:00,130.65023044738518
2048-12-11 23:00:00+01:00,120.64069093350125
2048-12-12 00:00:00+01:00,111.18112611818233
2048-12-12 01:00:00+01:00,106.57705221305203
2048-12-12 02:00:00+01:00,103.95288722275592
2048-12-12 03:00:00+01:00,103.12792517490834
2048-12-12 04:00:00+01:00,106.89132346937491
2048-12-12 05:00:00+01:00,114.9759515382812
2048-12-12 06:00:00+01:00,146.3873636077538
2048-12-12 07:00:00+01:00,166.3907290727056
2048-12-12 08:00:00+01:00,186.7555064824287
2048-12-12 09:00:00+01:00,178.19161474763
2048-12-12 10:00:00+01:00,165.01579232629297
2048-12-12 11:00:00+01:00,160.49814301665145
2048-12-12 12:00:00+01:00,156.20834036784402
2048-12-12 13:00:00+01:00,154.84911718424755
2048-12-12 14:00:00+01:00,161.62951953941382
2048-12-12 15:00:00+01:00,168.99918050018556
2048-12-12 16:00:00+01:00,180.21866435091263
2048-12-12 17:00:00+01:00,223.69809266318413
2048-12-12 18:00:00+01:00,227.50077486469104
2048-12-12 19:00:00+01:00,202.7990541177121
2048-12-12 20:00:00+01:00,166.96427411549485
2048-12-12 21:00:00+01:00,145.24027352217524
2048-12-12 22:00:00+01:00,128.15177395961823
2048-12-12 23:00:00+01:00,121.51279366979725
2048-12-13 00:00:00+01:00,118.49578960909753
2048-12-13 01:00:00+01:00,114.39454971408384
2048-12-13 02:00:00+01:00,111.46397024887293
2048-12-13 03:00:00+01:00,110.86685486185944
2048-12-13 04:00:00+01:00,112.43821114347386
2048-12-13 05:00:00+01:00,115.79305680472069
2048-12-13 06:00:00+01:00,141.19403109701807
2048-12-13 07:00:00+01:00,201.84838356733536
2048-12-13 08:00:00+01:00,260.34212115043283
2048-12-13 09:00:00+01:00,215.4798993103406
2048-12-13 10:00:00+01:00,178.18375796622195
2048-12-13 11:00:00+01:00,163.14587835117177
2048-12-13 12:00:00+01:00,155.70550635772742
2048-12-13 13:00:00+01:00,156.86045322471404
2048-12-13 14:00:00+01:00,164.45010406491176
2048-12-13 15:00:00+01:00,180.46222457456287
2048-12-13 16:00:00+01:00,206.4131735654253
2048-12-13 17:00:00+01:00,244.00787260305074
2048-12-13 18:00:00+01:00,238.88525112498763
2048-12-13 19:00:00+01:00,204.14256373849247
2048-12-13 20:00:00+01:00,157.3397168906064
2048-12-13 21:00:00+01:00,138.38130335292823
2048-12-13 22:00:00+01:00,126.43113883125042
2048-12-13 23:00:00+01:00,118.09509375728585
2048-12-14 00:00:00+01:00,111.63681943985051
2048-12-14 01:00:00+01:00,108.08555424340187
2048-12-14 02:00:00+01:00,104.10216606950928
2048-12-14 03:00:00+01:00,106.6084793386843
2048-12-14 04:00:00+01:00,106.247067393913
2048-12-14 05:00:00+01:00,108.65909928619115
2048-12-14 06:00:00+01:00,111.65253300266664
2048-12-14 07:00:00+01:00,108.67481284900728
2048-12-14 08:00:00+01:00,112.22607804545592
2048-12-14 09:00:00+01:00,112.29678907812857
2048-12-14 10:00:00+01:00,111.65253300266664
2048-12-14 11:00:00+01:00,111.71538725393123
2048-12-14 12:00:00+01:00,113.15317825160844
2048-12-14 13:00:00+01:00,111.00827692720472
2048-12-14 14:00:00+01:00,113.60101479186855
2048-12-14 15:00:00+01:00,116.06804415400322
2048-12-14 16:00:00+01:00,119.24218384286439
2048-12-14 17:00:00+01:00,120.0592891093039
2048-12-14 18:00:00+01:00,120.05143232789584
2048-12-14 19:00:00+01:00,115.27450923178793
2048-12-14 20:00:00+01:00,113.27888675413759
2048-12-14 21:00:00+01:00,111.11041508550967
2048-12-14 22:00:00+01:00,110.14403097231678
2048-12-14 23:00:00+01:00,106.14492923560805
2048-12-15 00:00:00+01:00,94.22619183956253
2048-12-15 01:00:00+01:00,94.22619183956253
2048-12-15 02:00:00+01:00,94.37547068631592
2048-12-15 03:00:00+01:00,97.51818324954479
2048-12-15 04:00:00+01:00,97.66746209629817
2048-12-15 05:00:00+01:00,97.42390187264792
2048-12-15 06:00:00+01:00,94.37547068631592
2048-12-15 07:00:00+01:00,91.94772523122161
2048-12-15 08:00:00+01:00,93.91192058323966
2048-12-15 09:00:00+01:00,98.79883861906055
2048-12-15 10:00:00+01:00,101.86298336820872
2048-12-15 11:00:00+01:00,97.70674600333852
2048-12-15 12:00:00+01:00,98.42956989288116
2048-12-15 13:00:00+01:00,94.85473435220831
2048-12-15 14:00:00+01:00,95.86825915384962
2048-12-15 15:00:00+01:00,97.73817312897081
2048-12-15 16:00:00+01:00,102.41295806677375
2048-12-15 17:00:00+01:00,103.308631147294
2048-12-15 18:00:00+01:00,96.79535936000215
2048-12-15 19:00:00+01:00,97.7146027847466
2048-12-15 20:00:00+01:00,94.21833505815447
2048-12-15 21:00:00+01:00,105.68923591393985
2048-12-15 22:00:00+01:00,105.77566050942866
2048-12-15 23:00:00+01:00,98.56313517681839
2048-12-16 00:00:00+01:00,95.08258101304241
2048-12-16 01:00:00+01:00,92.89053900019027
2048-12-16 02:00:00+01:00,91.40560731406462
2048-12-16 03:00:00+01:00,91.23275812308704
2048-12-16 04:00:00+01:00,91.664881100531
2048-12-16 05:00:00+01:00,94.61117412855808
2048-12-16 06:00:00+01:00,106.00350717026275
2048-12-16 07:00:00+01:00,113.34174100540218
2048-12-16 08:00:00+01:00,114.95238119405698
2048-12-16 09:00:00+01:00,112.36750011080122
2048-12-16 10:00:00+01:00,111.2989778393034
2048-12-16 11:00:00+01:00,110.0890335024603
2048-12-16 12:00:00+01:00,107.6534312659579
2048-12-16 13:00:00+01:00,108.47839331380548
2048-12-16 14:00:00+01:00,108.61195859774271
2048-12-16 15:00:00+01:00,112.97247227922279
2048-12-16 16:00:00+01:00,118.80220408401235
2048-12-16 17:00:00+01:00,119.21075671723209
2048-12-16 18:00:00+01:00,119.30503809412896
2048-12-16 19:00:00+01:00,116.02876024696286
2048-12-16 20:00:00+01:00,111.70753047252316
2048-12-16 21:00:00+01:00,107.64557448454984
2048-12-16 22:00:00+01:00,108.15626527607452
2048-12-16 23:00:00+01:00,104.21216100922229
2048-12-17 00:00:00+01:00,101.0458781017692
2048-12-17 01:00:00+01:00,100.3387677750427
2048-12-17 02:00:00+01:00,103.97645756698013
2048-12-17 03:00:00+01:00,103.52862102672
2048-12-17 04:00:00+01:00,103.50505068249579
2048-12-17 05:00:00+01:00,101.894410493841
2048-12-17 06:00:00+01:00,107.1741676000655
2048-12-17 07:00:00+01:00,114.520258216613
2048-12-17 08:00:00+01:00,117.89867422208405
2048-12-17 09:00:00+01:00,112.66605780430797
2048-12-17 10:00:00+01:00,107.22130828851394
2048-12-17 11:00:00+01:00,105.29639684353626
2048-12-17 12:00:00+01:00,107.62200414032563
2048-12-17 13:00:00+01:00,110.03403603260378
2048-12-17 14:00:00+01:00,115.5652101438866
2048-12-17 15:00:00+01:00,115.61235083233504
2048-12-17 16:00:00+01:00,124.45908669782432
2048-12-17 17:00:00+01:00,124.84406898681986
2048-12-17 18:00:00+01:00,122.74630835086458
2048-12-17 19:00:00+01:00,118.12652088291813
2048-12-17 20:00:00+01:00,119.05362108907065
2048-12-17 21:00:00+01:00,112.26536195249628
2048-12-17 22:00:00+01:00,108.20340596452297
2048-12-17 23:00:00+01:00,98.85383608891706
2048-12-18 00:00:00+01:00,101.72941808427149
2048-12-18 01:00:00+01:00,99.6866549181727
2048-12-18 02:00:00+01:00,95.37328192514109
2048-12-18 03:00:00+01:00,95.21614629697963
2048-12-18 04:00:00+01:00,94.9175886034729
2048-12-18 05:00:00+01:00,104.47929157709675
2048-12-18 06:00:00+01:00,113.04318331189543
2048-12-18 07:00:00+01:00,112.54820608318688
2048-12-18 08:00:00+01:00,113.60887157327662
2048-12-18 09:00:00+01:00,112.04537207307027
2048-12-18 10:00:00+01:00,112.72105527416447
2048-12-18 11:00:00+01:00,110.87471164326752
2048-12-18 12:00:00+01:00,109.70405121346474
2048-12-18 13:00:00+01:00,111.28326427648726
2048-12-18 14:00:00+01:00,114.7716752216713
2048-12-18 15:00:00+01:00,118.38579466938452
2048-12-18 16:00:00+01:00,116.06018737259515
2048-12-18 17:00:00+01:00,123.8148306223624
2048-12-18 18:00:00+01:00,133.40796072161857
2048-12-18 19:00:00+01:00,125.20548093159117
2048-12-18 20:00:00+01:00,119.88643991832632
2048-12-18 21:00:00+01:00,112.09251276151869
2048-12-18 22:00:00+01:00,110.63900820102533
2048-12-18 23:00:00+01:00,103.6150456222088
2048-12-19 00:00:00+01:00,96.33966603833396
2048-12-19 01:00:00+01:00,93.03981784694363
2048-12-19 02:00:00+01:00,92.0891472965669
2048-12-19 03:00:00+01:00,91.86915741714088
2048-12-19 04:00:00+01:00,92.4348456785221
2048-12-19 05:00:00+01:00,98.35885886020851
2048-12-19 06:00:00+01:00,109.80618937176969
2048-12-19 07:00:00+01:00,120.07500267212005
2048-12-19 08:00:00+01:00,118.35436754375222
2048-12-19 09:00:00+01:00,113.75029363862193
2048-12-19 10:00:00+01:00,113.27102997272952
2048-12-19 11:00:00+01:00,109.83761649740197
2048-12-19 12:00:00+01:00,105.79923085365287
2048-12-19 13:00:00+01:00,105.67352235112372
2048-12-19 14:00:00+01:00,109.72762155768896
2048-12-19 15:00:00+01:00,115.75377289768034
2048-12-19 16:00:00+01:00,119.01433718203029
2048-12-19 17:00:00+01:00,114.48097430957264
2048-12-19 18:00:00+01:00,113.23174606568917
2048-12-19 19:00:00+01:00,111.81752541223617
2048-12-19 20:00:00+01:00,106.78132852966189
2048-12-19 21:00:00+01:00,104.35358307456758
2048-12-19 22:00:00+01:00,99.58451675986777
2048-12-19 23:00:00+01:00,93.83335276915892
2048-12-20 00:00:00+01:00,90.58850204762511
2048-12-20 01:00:00+01:00,84.44449898651267
2048-12-20 02:00:00+01:00,80.09184208644068
2048-12-20 03:00:00+01:00,72.0307843617586
2048-12-20 04:00:00+01:00,72.13292252006354
2048-12-20 05:00:00+01:00,86.26727227318541
2048-12-20 06:00:00+01:00,96.67750763888105
2048-12-20 07:00:00+01:00,110.709719233698
2048-12-20 08:00:00+01:00,112.35964332939315
2048-12-20 09:00:00+01:00,108.9812273239221
2048-12-20 10:00:00+01:00,107.18988116288165
2048-12-20 11:00:00+01:00,106.49062761756322
2048-12-20 12:00:00+01:00,101.4387171721728
2048-12-20 13:00:00+01:00,97.9974469154372
2048-12-20 14:00:00+01:00,102.6015208205675
2048-12-20 15:00:00+01:00,106.23135383109684
2048-12-20 16:00:00+01:00,108.9812273239221
2048-12-20 17:00:00+01:00,109.66476730642438
2048-12-20 18:00:00+01:00,109.22478754757235
2048-12-20 19:00:00+01:00,109.02051123096248
2048-12-20 20:00:00+01:00,106.36491911503407
2048-12-20 21:00:00+01:00,104.76213570778735
2048-12-20 22:00:00+01:00,103.6150456222088
2048-12-20 23:00:00+01:00,95.49113364626216
2048-12-21 00:00:00+01:00,99.02668527989465
2048-12-21 01:00:00+01:00,90.43136641946367
2048-12-21 02:00:00+01:00,81.30964320469187
2048-12-21 03:00:00+01:00,75.23635117625207
2048-12-21 04:00:00+01:00,74.8277985430323
2048-12-21 05:00:00+01:00,83.47811487331978
2048-12-21 06:00:00+01:00,97.76174347319503
2048-12-21 07:00:00+01:00,104.89570099172458
2048-12-21 08:00:00+01:00,107.22130828851394
2048-12-21 09:00:00+01:00,108.25840343437946
2048-12-21 10:00:00+01:00,100.66089581277367
2048-12-21 11:00:00+01:00,90.21923332144573
2048-12-21 12:00:00+01:00,85.54444838364277
2048-12-21 13:00:00+01:00,86.23584514755314
2048-12-21 14:00:00+01:00,96.68536442028913
2048-12-21 15:00:00+01:00,106.89132346937491
2048-12-21 16:00:00+01:00,108.66695606759922
2048-12-21 17:00:00+01:00,108.68266963041538
2048-12-21 18:00:00+01:00,109.63334018079209
2048-12-21 19:00:00+01:00,108.68266963041538
2048-12-21 20:00:00+01:00,108.68266963041538
2048-12-21 21:00:00+01:00,106.93060737641527
2048-12-21 22:00:00+01:00,102.19296818734773
2048-12-21 23:00:00+01:00,95.23185985979578
2048-12-22 00:00:00+01:00,102.13011393608316
2048-12-22 01:00:00+01:00,89.0092889846026
2048-12-22 02:00:00+01:00,83.55668268740051
2048-12-22 03:00:00+01:00,79.98970392813574
2048-12-22 04:00:00+01:00,80.7360981619026
2048-12-22 05:00:00+01:00,81.83604755903269
2048-12-22 06:00:00+01:00,88.35717612773261
2048-12-22 07:00:00+01:00,97.20391199322191
2048-12-22 08:00:00+01:00,101.76084520990376
2048-12-22 09:00:00+01:00,96.30823891270167
2048-12-22 10:00:00+01:00,89.5749772459838
2048-12-22 11:00:00+01:00,80.343259091499
2048-12-22 12:00:00+01:00,86.22013158473698
2048-12-22 13:00:00+01:00,78.81904349833297
2048-12-22 14:00:00+01:00,87.1472317908895
2048-12-22 15:00:00+01:00,101.6979909586392
2048-12-22 16:00:00+01:00,107.69271517299826
2048-12-22 17:00:00+01:00,110.37973441455895
2048-12-22 18:00:00+01:00,109.85333006021813
2048-12-22 19:00:00+01:00,109.15407651489969
2048-12-22 20:00:00+01:00,109.63334018079209
2048-12-22 21:00:00+01:00,104.70713823793083
2048-12-22 22:00:00+01:00,97.21176877462997
2048-12-22 23:00:00+01:00,84.38950151665617
2048-12-23 00:00:00+01:00,71.05654346715765
2048-12-23 01:00:00+01:00,63.781163883282815
2048-12-23 02:00:00+01:00,54.13303631417017
2048-12-23 03:00:00+01:00,51.21817041177539
2048-12-23 04:00:00+01:00,48.38187232346132
2048-12-23 05:00:00+01:00,72.46290733920259
2048-12-23 06:00:00+01:00,95.21614629697963
2048-12-23 07:00:00+01:00,111.92752035194917
2048-12-23 08:00:00+01:00,112.6582010228999
2048-12-23 09:00:00+01:00,114.56739890506142
2048-12-23 10:00:00+01:00,104.26715847907879
2048-12-23 11:00:00+01:00,96.15110328454023
2048-12-23 12:00:00+01:00,95.60112858597518
2048-12-23 13:00:00+01:00,95.13757848289892
2048-12-23 14:00:00+01:00,100.34662455645078
2048-12-23 15:00:00+01:00,111.55825162576978
2048-12-23 16:00:00+01:00,114.56739890506142
2048-12-23 17:00:00+01:00,114.14313270902554
2048-12-23 18:00:00+01:00,114.06456489494481
2048-12-23 19:00:00+01:00,113.5853012290524
2048-12-23 20:00:00+01:00,112.75248239979676
2048-12-23 21:00:00+01:00,107.40987104230767
2048-12-23 22:00:00+01:00,103.01793023519532
2048-12-23 23:00:00+01:00,96.74821867155372
2048-12-24 00:00:00+01:00,86.23584514755314
2048-12-24 01:00:00+01:00,80.69681425486223
2048-12-24 02:00:00+01:00,78.28478236258407
2048-12-24 03:00:00+01:00,74.04997718363316
2048-12-24 04:00:00+01:00,72.76146503270932
2048-12-24 05:00:00+01:00,78.94475200086214
2048-12-24 06:00:00+01:00,86.1022798636159
2048-12-24 07:00:00+01:00,100.74732040826245
2048-12-24 08:00:00+01:00,108.27411699719562
2048-12-24 09:00:00+01:00,108.24268987156333
2048-12-24 10:00:00+01:00,103.59147527798459
2048-12-24 11:00:00+01:00,101.09301879021763
2048-12-24 12:00:00+01:00,97.89530875713226
2048-12-24 13:00:00+01:00,96.61465338761649
2048-12-24 14:00:00+01:00,97.65960531489009
2048-12-24 15:00:00+01:00,103.20649298898905
2048-12-24 16:00:00+01:00,111.03184727142894
2048-12-24 17:00:00+01:00,113.57744444764434
2048-12-24 18:00:00+01:00,112.51677895755459
2048-12-24 19:00:00+01:00,110.72543279651413
2048-12-24 20:00:00+01:00,100.74732040826245
2048-12-24 21:00:00+01:00,97.12534417914118
2048-12-24 22:00:00+01:00,94.86259113361638
2048-12-24 23:00:00+01:00,86.2437019289612
2048-12-25 00:00:00+01:00,91.68845144475523
2048-12-25 01:00:00+01:00,85.46588056956205
2048-12-25 02:00:00+01:00,82.01675353141836
2048-12-25 03:00:00+01:00,77.20840330967818
2048-12-25 04:00:00+01:00,72.40790986934607
2048-12-25 05:00:00+01:00,72.64361331158824
2048-12-25 06:00:00+01:00,73.07573628903222
2048-12-25 07:00:00+01:00,83.1638436169969
2048-12-25 08:00:00+01:00,89.98352987920356
2048-12-25 09:00:00+01:00,89.41784161782236
2048-12-25 10:00:00+01:00,90.7613512386027
2048-12-25 11:00:00+01:00,89.5199797761273
2048-12-25 12:00:00+01:00,89.0407161102349
2048-12-25 13:00:00+01:00,86.95866903709576
2048-12-25 14:00:00+01:00,89.45712552486272
2048-12-25 15:00:00+01:00,97.32962049575104
2048-12-25 16:00:00+01:00,104.74642214497119
2048-12-25 17:00:00+01:00,111.02399049002088
2048-12-25 18:00:00+01:00,111.39325921620028
2048-12-25 19:00:00+01:00,109.33478248728535
2048-12-25 20:00:00+01:00,106.26278095672913
2048-12-25 21:00:00+01:00,103.17506586335676
2048-12-25 22:00:00+01:00,102.79008357436123
2048-12-25 23:00:00+01:00,96.52822879212769
2048-12-26 00:00:00+01:00,98.25672070190357
2048-12-26 01:00:00+01:00,96.00182443778685
2048-12-26 02:00:00+01:00,94.02191552295267
2048-12-26 03:00:00+01:00,92.34056430162522
2048-12-26 04:00:00+01:00,91.11490640196595
2048-12-26 05:00:00+01:00,93.94334770887194
2048-12-26 06:00:00+01:00,99.41952435029825
2048-12-26 07:00:00+01:00,103.08078448645989
2048-12-26 08:00:00+01:00,110.62329463820919
2048-12-26 09:00:00+01:00,111.39325921620028
2048-12-26 10:00:00+01:00,105.77566050942866
2048-12-26 11:00:00+01:00,102.97864632815495
2048-12-26 12:00:00+01:00,102.29510634565268
2048-12-26 13:00:00+01:00,100.53518731024451
2048-12-26 14:00:00+01:00,102.20082496875581
2048-12-26 15:00:00+01:00,113.59315801046048
2048-12-26 16:00:00+01:00,117.6551139984338
2048-12-26 17:00:00+01:00,121.15923850643401
2048-12-26 18:00:00+01:00,120.03571876507968
2048-12-26 19:00:00+01:00,120.1928543932411
2048-12-26 20:00:00+01:00,117.68654112406608
2048-12-26 21:00:00+01:00,114.5752556864695
2048-12-26 22:00:00+01:00,114.27669799296277
2048-12-26 23:00:00+01:00,109.38192317573379
2048-12-27 00:00:00+01:00,105.31211040635239
2048-12-27 01:00:00+01:00,103.30077436588593
2048-12-27 02:00:00+01:00,100.53518731024451
2048-12-27 03:00:00+01:00,98.67313011653141
2048-12-27 04:00:00+01:00,98.63384620949103
2048-12-27 05:00:00+01:00,103.04150057941953
2048-12-27 06:00:00+01:00,106.62419290150045
2048-12-27 07:00:00+01:00,117.42726733759972
2048-12-27 08:00:00+01:00,124.03482050178843
2048-12-27 09:00:00+01:00,121.00210287827255
2048-12-27 10:00:00+01:00,114.02528098790445
2048-12-27 11:00:00+01:00,110.04189281401186
2048-12-27 12:00:00+01:00,108.97337054251403
2048-12-27 13:00:00+01:00,106.63204968290853
2048-12-27 14:00:00+01:00,112.49320861333038
2048-12-27 15:00:00+01:00,118.64506845585089
2048-12-27 16:00:00+01:00,135.69428411136755
2048-12-27 17:00:00+01:00,142.72610347159215
2048-12-27 18:00:00+01:00,144.34460044165502
2048-12-27 19:00:00+01:00,134.70432965395045
2048-12-27 20:00:00+01:00,122.04705480554617
2048-12-27 21:00:00+01:00,115.9030517444337
2048-12-27 22:00:00+01:00,115.89519496302563
2048-12-27 23:00:00+01:00,110.3404505075186
2048-12-28 00:00:00+01:00,111.40897277901641
2048-12-28 01:00:00+01:00,106.71061749698924
2048-12-28 02:00:00+01:00,102.71937254168857
2048-12-28 03:00:00+01:00,100.6530390313656
2048-12-28 04:00:00+01:00,99.5766599784597
2048-12-28 05:00:00+01:00,100.87302891079162
2048-12-28 06:00:00+01:00,104.87213064750036
2048-12-28 07:00:00+01:00,109.6883376506486
2048-12-28 08:00:00+01:00,114.72453453322288
2048-12-28 09:00:00+01:00,115.36093382727672
2048-12-28 10:00:00+01:00,109.2090739847562
2048-12-28 11:00:00+01:00,102.89222173266616
2048-12-28 12:00:00+01:00,101.12444591584992
2048-12-28 13:00:00+01:00,99.92235836041488
2048-12-28 14:00:00+01:00,104.86427386609228
2048-12-28 15:00:00+01:00,114.71667775181481
2048-12-28 16:00:00+01:00,122.40846675031749
2048-12-28 17:00:00+01:00,126.56470411518767
2048-12-28 18:00:00+01:00,127.1775330650173
2048-12-28 19:00:00+01:00,123.53984327307988
2048-12-28 20:00:00+01:00,117.52940549590465
2048-12-28 21:00:00+01:00,111.9510906961734
2048-12-28 22:00:00+01:00,110.74114635933029
2048-12-28 23:00:00+01:00,105.82280119787708
2048-12-29 00:00:00+01:00,107.29201932118659
2048-12-29 01:00:00+01:00,101.99654865214593
2048-12-29 02:00:00+01:00,97.88745197572419
2048-12-29 03:00:00+01:00,91.15419030900631
2048-12-29 04:00:00+01:00,87.7993446477595
2048-12-29 05:00:00+01:00,87.87005568043215
2048-12-29 06:00:00+01:00,89.6064043716161
2048-12-29 07:00:00+01:00,96.86607039267479
2048-12-29 08:00:00+01:00,100.6766093755898
2048-12-29 09:00:00+01:00,100.68446615699789
2048-12-29 10:00:00+01:00,99.49023538297091
2048-12-29 11:00:00+01:00,97.51032646813671
2048-12-29 12:00:00+01:00,96.28466856847746
2048-12-29 13:00:00+01:00,96.30823891270167
2048-12-29 14:00:00+01:00,98.85383608891706
2048-12-29 15:00:00+01:00,107.34701679104309
2048-12-29 16:00:00+01:00,118.03223950602126
2048-12-29 17:00:00+01:00,120.8213969058869
2048-12-29 18:00:00+01:00,121.76421067485555
2048-12-29 19:00:00+01:00,119.93358060677474
2048-12-29 20:00:00+01:00,115.99733312133057
2048-12-29 21:00:00+01:00,108.50982043943777
2048-12-29 22:00:00+01:00,103.45005321263929
2048-12-29 23:00:00+01:00,98.32743173457622
2048-12-30 00:00:00+01:00,99.79664985788571
2048-12-30 01:00:00+01:00,99.10525309397536
2048-12-30 02:00:00+01:00,98.28029104612779
2048-12-30 03:00:00+01:00,97.51818324954479
2048-12-30 04:00:00+01:00,97.70674600333852
2048-12-30 05:00:00+01:00,104.07073894387699
2048-12-30 06:00:00+01:00,113.71100973158157
2048-12-30 07:00:00+01:00,120.38927392844292
2048-12-30 08:00:00+01:00,121.86634883316049
2048-12-30 09:00:00+01:00,120.31856289577027
2048-12-30 10:00:00+01:00,118.03223950602126
2048-12-30 11:00:00+01:00,113.75815042002999
2048-12-30 12:00:00+01:00,111.26755071367111
2048-12-30 13:00:00+01:00,110.60758107539306
2048-12-30 14:00:00+01:00,117.69439790547418
2048-12-30 15:00:00+01:00,120.55426633801244
2048-12-30 16:00:00+01:00,121.03353000390486
2048-12-30 17:00:00+01:00,124.62407910739384
2048-12-30 18:00:00+01:00,130.1709667814928
2048-12-30 19:00:00+01:00,126.48613630110695
2048-12-30 20:00:00+01:00,121.87420561456858
2048-12-30 21:00:00+01:00,120.61712058927702
2048-12-30 22:00:00+01:00,118.03223950602126
2048-12-30 23:00:00+01:00,113.77386398284614
2048-12-31 00:00:00+01:00,99.08168274975115
2048-12-31 01:00:00+01:00,96.2453846614371
2048-12-31 02:00:00+01:00,95.89968627948193
2048-12-31 03:00:00+01:00,96.67750763888105
2048-12-31 04:00:00+01:00,95.7346938699124
2048-12-31 05:00:00+01:00,97.09391705350889
2048-12-31 06:00:00+01:00,100.93588316205619
2048-12-31 07:00:00+01:00,111.70753047252316
2048-12-31 08:00:00+01:00,111.97466104039762
2048-12-31 09:00:00+01:00,110.17545809794908
2048-12-31 10:00:00+01:00,107.3705871352673
2048-12-31 11:00:00+01:00,104.30644238611916
2048-12-31 12:00:00+01:00,105.53995706718649
2048-12-31 13:00:00+01:00,100.66875259418174
2048-12-31 14:00:00+01:00,105.53995706718649
2048-12-31 15:00:00+01:00,110.48187257286389
2048-12-31 16:00:00+01:00,118.57435742317824
2048-12-31 17:00:00+01:00,119.12433212174331
2048-12-31 18:00:00+01:00,117.86724709645176
2048-12-31 19:00:00+01:00,114.50454465379686
2048-12-31 20:00:00+01:00,106.4434869291148
2048-12-31 21:00:00+01:00,102.77437001154509
2048-12-31 22:00:00+01:00,105.53210028577841
2048-12-31 23:00:00+01:00,99.56094641564356
