Date (GMT+1),Price (EUR/MWh)
2026-01-01 00:00:00+01:00,23.950559501366122
2026-01-01 01:00:00+01:00,19.809767501366117
2026-01-01 02:00:00+01:00,11.829899501366128
2026-01-01 03:00:00+01:00,8.760719501366125
2026-01-01 04:00:00+01:00,8.739911501366109
2026-01-01 05:00:00+01:00,8.781527501366128
2026-01-01 06:00:00+01:00,8.729507501366129
2026-01-01 07:00:00+01:00,5.5770955013661165
2026-01-01 08:00:00+01:00,5.785175501366126
2026-01-01 09:00:00+01:00,7.990823501366123
2026-01-01 10:00:00+01:00,7.075271501366117
2026-01-01 11:00:00+01:00,5.504267501366115
2026-01-01 12:00:00+01:00,8.074055501366132
2026-01-01 13:00:00+01:00,6.617495501366122
2026-01-01 14:00:00+01:00,8.906375501366128
2026-01-01 15:00:00+01:00,18.165935501366114
2026-01-01 16:00:00+01:00,27.196607501366124
2026-01-01 17:00:00+01:00,40.73221150136612
2026-01-01 18:00:00+01:00,47.73410350136612
2026-01-01 19:00:00+01:00,41.991095501366125
2026-01-01 20:00:00+01:00,41.242007501366125
2026-01-01 21:00:00+01:00,33.345371501366124
2026-01-01 22:00:00+01:00,32.31537550136612
2026-01-01 23:00:00+01:00,24.05459950136612
2026-01-02 00:00:00+01:00,20.06986750136612
2026-01-02 01:00:00+01:00,11.496971501366119
2026-01-02 02:00:00+01:00,8.708699501366112
2026-01-02 03:00:00+01:00,6.981635501366114
2026-01-02 04:00:00+01:00,7.34577550136612
2026-01-02 05:00:00+01:00,8.750315501366117
2026-01-02 06:00:00+01:00,17.624927501366123
2026-01-02 07:00:00+01:00,39.129995501366125
2026-01-02 08:00:00+01:00,47.245115501366115
2026-01-02 09:00:00+01:00,50.83449550136612
2026-01-02 10:00:00+01:00,50.917727501366116
2026-01-02 11:00:00+01:00,55.05851950136612
2026-01-02 12:00:00+01:00,57.78436750136612
2026-01-02 13:00:00+01:00,60.572639501366126
2026-01-02 14:00:00+01:00,64.53656350136612
2026-01-02 15:00:00+01:00,67.09594750136611
2026-01-02 16:00:00+01:00,72.37077550136613
2026-01-02 17:00:00+01:00,75.79369150136611
2026-01-02 18:00:00+01:00,67.51210750136613
2026-01-02 19:00:00+01:00,59.38658350136612
2026-01-02 20:00:00+01:00,47.14107550136612
2026-01-02 21:00:00+01:00,31.38941950136612
2026-01-02 22:00:00+01:00,26.894891501366118
2026-01-02 23:00:00+01:00,15.668975501366127
2026-01-03 00:00:00+01:00,17.16715150136612
2026-01-03 01:00:00+01:00,12.68302750136612
2026-01-03 02:00:00+01:00,8.739911501366109
2026-01-03 03:00:00+01:00,8.708699501366112
2026-01-03 04:00:00+01:00,8.687891501366124
2026-01-03 05:00:00+01:00,21.49521550136612
2026-01-03 06:00:00+01:00,50.93853550136612
2026-01-03 07:00:00+01:00,59.376179501366124
2026-01-03 08:00:00+01:00,61.50899950136612
2026-01-03 09:00:00+01:00,62.35172350136612
2026-01-03 10:00:00+01:00,57.898811501366126
2026-01-03 11:00:00+01:00,55.42265950136612
2026-01-03 12:00:00+01:00,59.38658350136612
2026-01-03 13:00:00+01:00,64.51575550136612
2026-01-03 14:00:00+01:00,71.51764750136611
2026-01-03 15:00:00+01:00,78.28024750136612
2026-01-03 16:00:00+01:00,75.73126750136612
2026-01-03 17:00:00+01:00,81.81760750136613
2026-01-03 18:00:00+01:00,86.36415550136611
2026-01-03 19:00:00+01:00,82.28578750136613
2026-01-03 20:00:00+01:00,82.98285550136612
2026-01-03 21:00:00+01:00,66.62776750136612
2026-01-03 22:00:00+01:00,65.32726750136612
2026-01-03 23:00:00+01:00,52.45751950136612
2026-01-04 00:00:00+01:00,47.317943501366116
2026-01-04 01:00:00+01:00,39.577367501366126
2026-01-04 02:00:00+01:00,34.44819550136612
2026-01-04 03:00:00+01:00,28.268219501366126
2026-01-04 04:00:00+01:00,30.952451501366127
2026-01-04 05:00:00+01:00,54.018119501366115
2026-01-04 06:00:00+01:00,70.51886350136613
2026-01-04 07:00:00+01:00,84.52264750136612
2026-01-04 08:00:00+01:00,91.29565150136612
2026-01-04 09:00:00+01:00,94.67695150136612
2026-01-04 10:00:00+01:00,92.23201150136612
2026-01-04 11:00:00+01:00,88.88192350136612
2026-01-04 12:00:00+01:00,86.95718350136612
2026-01-04 13:00:00+01:00,87.75829150136612
2026-01-04 14:00:00+01:00,92.19039550136613
2026-01-04 15:00:00+01:00,94.51048750136613
2026-01-04 16:00:00+01:00,106.10054350136613
2026-01-04 17:00:00+01:00,109.35699550136613
2026-01-04 18:00:00+01:00,110.42860750136612
2026-01-04 19:00:00+01:00,109.38820750136613
2026-01-04 20:00:00+01:00,100.02460750136612
2026-01-04 21:00:00+01:00,96.23755150136613
2026-01-04 22:00:00+01:00,93.27241150136612
2026-01-04 23:00:00+01:00,88.44495550136611
2026-01-05 00:00:00+01:00,87.23809150136611
2026-01-05 01:00:00+01:00,81.86962750136612
2026-01-05 02:00:00+01:00,78.38428750136613
2026-01-05 03:00:00+01:00,77.26065550136612
2026-01-05 04:00:00+01:00,76.77166750136611
2026-01-05 05:00:00+01:00,83.18053150136613
2026-01-05 06:00:00+01:00,89.04838750136612
2026-01-05 07:00:00+01:00,100.99217950136611
2026-01-05 08:00:00+01:00,105.20579950136612
2026-01-05 09:00:00+01:00,101.77247950136612
2026-01-05 10:00:00+01:00,99.08824750136611
2026-01-05 11:00:00+01:00,98.90097550136613
2026-01-05 12:00:00+01:00,93.18917950136611
2026-01-05 13:00:00+01:00,94.51048750136613
2026-01-05 14:00:00+01:00,95.85260350136612
2026-01-05 15:00:00+01:00,100.36793950136612
2026-01-05 16:00:00+01:00,101.92853950136612
2026-01-05 17:00:00+01:00,110.38699150136611
2026-01-05 18:00:00+01:00,111.73951150136611
2026-01-05 19:00:00+01:00,107.02649950136612
2026-01-05 20:00:00+01:00,99.15067150136612
2026-01-05 21:00:00+01:00,93.65735950136612
2026-01-05 22:00:00+01:00,89.05879150136612
2026-01-05 23:00:00+01:00,86.27051950136612
2026-01-06 00:00:00+01:00,80.82922750136612
2026-01-06 01:00:00+01:00,76.02257950136611
2026-01-06 02:00:00+01:00,75.61682350136611
2026-01-06 03:00:00+01:00,73.41117550136613
2026-01-06 04:00:00+01:00,73.61925550136611
2026-01-06 05:00:00+01:00,74.99258350136613
2026-01-06 06:00:00+01:00,75.27349150136612
2026-01-06 07:00:00+01:00,80.21539150136611
2026-01-06 08:00:00+01:00,84.29375950136613
2026-01-06 09:00:00+01:00,88.79869150136612
2026-01-06 10:00:00+01:00,90.81706750136611
2026-01-06 11:00:00+01:00,92.94988750136613
2026-01-06 12:00:00+01:00,91.64938750136612
2026-01-06 13:00:00+01:00,90.24484750136612
2026-01-06 14:00:00+01:00,90.79625950136612
2026-01-06 15:00:00+01:00,91.93029550136612
2026-01-06 16:00:00+01:00,95.83179550136612
2026-01-06 17:00:00+01:00,98.72410750136612
2026-01-06 18:00:00+01:00,97.17391150136612
2026-01-06 19:00:00+01:00,92.94988750136613
2026-01-06 20:00:00+01:00,90.77545150136612
2026-01-06 21:00:00+01:00,87.34213150136613
2026-01-06 22:00:00+01:00,86.89475950136612
2026-01-06 23:00:00+01:00,82.73315950136612
2026-01-07 00:00:00+01:00,85.36537150136613
2026-01-07 01:00:00+01:00,80.91245950136611
2026-01-07 02:00:00+01:00,77.59358350136613
2026-01-07 03:00:00+01:00,74.01460750136613
2026-01-07 04:00:00+01:00,72.08986750136611
2026-01-07 05:00:00+01:00,73.97299150136612
2026-01-07 06:00:00+01:00,76.08500350136612
2026-01-07 07:00:00+01:00,79.59115150136613
2026-01-07 08:00:00+01:00,82.79558350136612
2026-01-07 09:00:00+01:00,89.77666750136612
2026-01-07 10:00:00+01:00,94.34402350136611
2026-01-07 11:00:00+01:00,96.18553150136613
2026-01-07 12:00:00+01:00,95.79017950136611
2026-01-07 13:00:00+01:00,92.57534350136612
2026-01-07 14:00:00+01:00,92.51291950136613
2026-01-07 15:00:00+01:00,92.98109950136612
2026-01-07 16:00:00+01:00,97.60047550136613
2026-01-07 17:00:00+01:00,105.93407950136611
2026-01-07 18:00:00+01:00,109.46103550136613
2026-01-07 19:00:00+01:00,105.91327150136613
2026-01-07 20:00:00+01:00,102.79207150136612
2026-01-07 21:00:00+01:00,99.31713550136612
2026-01-07 22:00:00+01:00,96.88259950136612
2026-01-07 23:00:00+01:00,92.93948350136613
2026-01-08 00:00:00+01:00,89.92232350136612
2026-01-08 01:00:00+01:00,88.95475150136612
2026-01-08 02:00:00+01:00,86.97799150136612
2026-01-08 03:00:00+01:00,85.44860350136612
2026-01-08 04:00:00+01:00,85.42779550136612
2026-01-08 05:00:00+01:00,89.07959950136612
2026-01-08 06:00:00+01:00,101.46035950136613
2026-01-08 07:00:00+01:00,109.66911550136612
2026-01-08 08:00:00+01:00,119.52170350136612
2026-01-08 09:00:00+01:00,119.30321950136613
2026-01-08 10:00:00+01:00,114.01798750136612
2026-01-08 11:00:00+01:00,113.06081950136613
2026-01-08 12:00:00+01:00,106.25660350136611
2026-01-08 13:00:00+01:00,106.13175550136611
2026-01-08 14:00:00+01:00,109.12810750136612
2026-01-08 15:00:00+01:00,112.47819550136612
2026-01-08 16:00:00+01:00,120.97826350136611
2026-01-08 17:00:00+01:00,139.1852635013661
2026-01-08 18:00:00+01:00,139.54940350136613
2026-01-08 19:00:00+01:00,130.6955995013661
2026-01-08 20:00:00+01:00,118.18999150136611
2026-01-08 21:00:00+01:00,105.22660750136612
2026-01-08 22:00:00+01:00,104.08216750136611
2026-01-08 23:00:00+01:00,101.93894350136613
2026-01-09 00:00:00+01:00,95.03068750136613
2026-01-09 01:00:00+01:00,94.67695150136612
2026-01-09 02:00:00+01:00,93.76139950136611
2026-01-09 03:00:00+01:00,92.59615150136612
2026-01-09 04:00:00+01:00,92.48170750136612
2026-01-09 05:00:00+01:00,96.57047950136612
2026-01-09 06:00:00+01:00,108.83679550136613
2026-01-09 07:00:00+01:00,129.0517675013661
2026-01-09 08:00:00+01:00,138.1760755013661
2026-01-09 09:00:00+01:00,130.5291355013661
2026-01-09 10:00:00+01:00,114.08041150136611
2026-01-09 11:00:00+01:00,108.16053550136613
2026-01-09 12:00:00+01:00,103.01055550136611
2026-01-09 13:00:00+01:00,103.86368350136613
2026-01-09 14:00:00+01:00,112.13486350136613
2026-01-09 15:00:00+01:00,120.05230750136613
2026-01-09 16:00:00+01:00,131.17418350136612
2026-01-09 17:00:00+01:00,145.41725950136612
2026-01-09 18:00:00+01:00,145.76059150136615
2026-01-09 19:00:00+01:00,135.2525515013661
2026-01-09 20:00:00+01:00,117.50332750136613
2026-01-09 21:00:00+01:00,110.28295150136611
2026-01-09 22:00:00+01:00,104.40469150136612
2026-01-09 23:00:00+01:00,99.63965950136611
2026-01-10 00:00:00+01:00,94.33361950136613
2026-01-10 01:00:00+01:00,91.87827550136612
2026-01-10 02:00:00+01:00,91.18120750136612
2026-01-10 03:00:00+01:00,89.78707150136611
2026-01-10 04:00:00+01:00,89.75585950136612
2026-01-10 05:00:00+01:00,92.64817150136612
2026-01-10 06:00:00+01:00,105.80923150136613
2026-01-10 07:00:00+01:00,125.19188350136612
2026-01-10 08:00:00+01:00,140.11121950136612
2026-01-10 09:00:00+01:00,128.08419550136614
2026-01-10 10:00:00+01:00,116.42131150136612
2026-01-10 11:00:00+01:00,109.92921550136612
2026-01-10 12:00:00+01:00,105.20579950136612
2026-01-10 13:00:00+01:00,104.96650750136612
2026-01-10 14:00:00+01:00,109.88759950136611
2026-01-10 15:00:00+01:00,119.42806750136612
2026-01-10 16:00:00+01:00,127.04379550136612
2026-01-10 17:00:00+01:00,139.7366755013661
2026-01-10 18:00:00+01:00,140.61061150136612
2026-01-10 19:00:00+01:00,130.59155950136613
2026-01-10 20:00:00+01:00,117.89867950136612
2026-01-10 21:00:00+01:00,106.92245950136612
2026-01-10 22:00:00+01:00,103.49954350136613
2026-01-10 23:00:00+01:00,98.40158350136612
2026-01-11 00:00:00+01:00,92.97069550136612
2026-01-11 01:00:00+01:00,90.05757550136613
2026-01-11 02:00:00+01:00,87.63344350136613
2026-01-11 03:00:00+01:00,86.66587150136613
2026-01-11 04:00:00+01:00,87.12364750136612
2026-01-11 05:00:00+01:00,90.91070350136611
2026-01-11 06:00:00+01:00,105.99650350136612
2026-01-11 07:00:00+01:00,123.28795150136612
2026-01-11 08:00:00+01:00,145.10513950136612
2026-01-11 09:00:00+01:00,132.29781550136613
2026-01-11 10:00:00+01:00,117.04555150136612
2026-01-11 11:00:00+01:00,106.97447950136612
2026-01-11 12:00:00+01:00,101.67884350136613
2026-01-11 13:00:00+01:00,101.65803550136611
2026-01-11 14:00:00+01:00,106.39185550136611
2026-01-11 15:00:00+01:00,118.27322350136612
2026-01-11 16:00:00+01:00,127.62641950136612
2026-01-11 17:00:00+01:00,141.81747550136612
2026-01-11 18:00:00+01:00,142.8266635013661
2026-01-11 19:00:00+01:00,135.32537950136611
2026-01-11 20:00:00+01:00,118.28362750136611
2026-01-11 21:00:00+01:00,106.67276350136612
2026-01-11 22:00:00+01:00,102.94813150136613
2026-01-11 23:00:00+01:00,95.46765550136611
2026-01-12 00:00:00+01:00,88.38253150136613
2026-01-12 01:00:00+01:00,85.91678350136613
2026-01-12 02:00:00+01:00,85.70870350136612
2026-01-12 03:00:00+01:00,84.24173950136613
2026-01-12 04:00:00+01:00,84.81395950136611
2026-01-12 05:00:00+01:00,86.97799150136612
2026-01-12 06:00:00+01:00,98.72410750136612
2026-01-12 07:00:00+01:00,116.50454350136613
2026-01-12 08:00:00+01:00,135.72073150136612
2026-01-12 09:00:00+01:00,125.36875150136612
2026-01-12 10:00:00+01:00,114.01798750136612
2026-01-12 11:00:00+01:00,106.82882350136612
2026-01-12 12:00:00+01:00,102.00136750136612
2026-01-12 13:00:00+01:00,99.29632750136612
2026-01-12 14:00:00+01:00,101.97015550136612
2026-01-12 15:00:00+01:00,107.31781150136612
2026-01-12 16:00:00+01:00,113.18566750136611
2026-01-12 17:00:00+01:00,123.89138350136612
2026-01-12 18:00:00+01:00,127.03339150136611
2026-01-12 19:00:00+01:00,120.60371950136613
2026-01-12 20:00:00+01:00,109.08649150136611
2026-01-12 21:00:00+01:00,98.57845150136612
2026-01-12 22:00:00+01:00,95.19715150136612
2026-01-12 23:00:00+01:00,90.15121150136612
2026-01-13 00:00:00+01:00,93.58453150136613
2026-01-13 01:00:00+01:00,88.03919950136611
2026-01-13 02:00:00+01:00,87.37334350136612
2026-01-13 03:00:00+01:00,87.05081950136612
2026-01-13 04:00:00+01:00,86.67627550136612
2026-01-13 05:00:00+01:00,87.37334350136612
2026-01-13 06:00:00+01:00,88.51778350136613
2026-01-13 07:00:00+01:00,88.95475150136612
2026-01-13 08:00:00+01:00,90.78585550136611
2026-01-13 09:00:00+01:00,93.67816750136612
2026-01-13 10:00:00+01:00,93.77180350136612
2026-01-13 11:00:00+01:00,92.57534350136612
2026-01-13 12:00:00+01:00,88.09121950136613
2026-01-13 13:00:00+01:00,86.90516350136612
2026-01-13 14:00:00+01:00,87.34213150136613
2026-01-13 15:00:00+01:00,90.59858350136612
2026-01-13 16:00:00+01:00,91.29565150136612
2026-01-13 17:00:00+01:00,98.85935950136611
2026-01-13 18:00:00+01:00,101.98055950136612
2026-01-13 19:00:00+01:00,100.22228350136612
2026-01-13 20:00:00+01:00,96.52886350136612
2026-01-13 21:00:00+01:00,92.63776750136611
2026-01-13 22:00:00+01:00,93.48049150136612
2026-01-13 23:00:00+01:00,92.29443550136611
2026-01-14 00:00:00+01:00,87.66465550136611
2026-01-14 01:00:00+01:00,86.94677950136611
2026-01-14 02:00:00+01:00,86.92597150136612
2026-01-14 03:00:00+01:00,86.46819550136613
2026-01-14 04:00:00+01:00,86.38496350136613
2026-01-14 05:00:00+01:00,86.47859950136612
2026-01-14 06:00:00+01:00,86.42657950136612
2026-01-14 07:00:00+01:00,86.75950750136613
2026-01-14 08:00:00+01:00,86.43698350136611
2026-01-14 09:00:00+01:00,87.38374750136612
2026-01-14 10:00:00+01:00,86.50981150136612
2026-01-14 11:00:00+01:00,86.41617550136613
2026-01-14 12:00:00+01:00,85.23011950136612
2026-01-14 13:00:00+01:00,86.42657950136612
2026-01-14 14:00:00+01:00,86.69708350136612
2026-01-14 15:00:00+01:00,89.26687150136613
2026-01-14 16:00:00+01:00,93.08513950136611
2026-01-14 17:00:00+01:00,96.87219550136612
2026-01-14 18:00:00+01:00,98.55764350136613
2026-01-14 19:00:00+01:00,97.22593150136612
2026-01-14 20:00:00+01:00,94.13594350136613
2026-01-14 21:00:00+01:00,91.55575150136612
2026-01-14 22:00:00+01:00,90.67141150136611
2026-01-14 23:00:00+01:00,87.37334350136612
2026-01-15 00:00:00+01:00,89.02757950136612
2026-01-15 01:00:00+01:00,87.35253550136612
2026-01-15 02:00:00+01:00,87.53980750136613
2026-01-15 03:00:00+01:00,87.65425150136612
2026-01-15 04:00:00+01:00,87.44617150136612
2026-01-15 05:00:00+01:00,89.58939550136613
2026-01-15 06:00:00+01:00,95.17634350136612
2026-01-15 07:00:00+01:00,101.25227950136612
2026-01-15 08:00:00+01:00,108.0981115013661
2026-01-15 09:00:00+01:00,105.00812350136611
2026-01-15 10:00:00+01:00,105.02893150136613
2026-01-15 11:00:00+01:00,101.31470350136613
2026-01-15 12:00:00+01:00,98.95299550136612
2026-01-15 13:00:00+01:00,99.38996350136613
2026-01-15 14:00:00+01:00,100.66965550136612
2026-01-15 15:00:00+01:00,100.95056350136612
2026-01-15 16:00:00+01:00,103.59317950136611
2026-01-15 17:00:00+01:00,113.52899950136612
2026-01-15 18:00:00+01:00,120.37483150136612
2026-01-15 19:00:00+01:00,114.36131950136613
2026-01-15 20:00:00+01:00,105.08095150136612
2026-01-15 21:00:00+01:00,98.89057150136613
2026-01-15 22:00:00+01:00,96.44563150136612
2026-01-15 23:00:00+01:00,92.86665550136611
2026-01-16 00:00:00+01:00,89.38131550136612
2026-01-16 01:00:00+01:00,89.95353550136612
2026-01-16 02:00:00+01:00,88.52818750136612
2026-01-16 03:00:00+01:00,88.91313550136611
2026-01-16 04:00:00+01:00,88.97555950136612
2026-01-16 05:00:00+01:00,89.94313150136612
2026-01-16 06:00:00+01:00,97.15310350136612
2026-01-16 07:00:00+01:00,112.50940750136613
2026-01-16 08:00:00+01:00,136.68830350136614
2026-01-16 09:00:00+01:00,129.11419150136612
2026-01-16 10:00:00+01:00,118.36685950136612
2026-01-16 11:00:00+01:00,109.12810750136612
2026-01-16 12:00:00+01:00,100.05581950136613
2026-01-16 13:00:00+01:00,99.50440750136613
2026-01-16 14:00:00+01:00,101.75167150136612
2026-01-16 15:00:00+01:00,113.27930350136612
2026-01-16 16:00:00+01:00,118.89746350136613
2026-01-16 17:00:00+01:00,136.70911150136612
2026-01-16 18:00:00+01:00,134.22255550136612
2026-01-16 19:00:00+01:00,123.90178750136613
2026-01-16 20:00:00+01:00,107.78599150136611
2026-01-16 21:00:00+01:00,97.17391150136612
2026-01-16 22:00:00+01:00,97.20512350136612
2026-01-16 23:00:00+01:00,92.72099950136611
2026-01-17 00:00:00+01:00,88.34091550136611
2026-01-17 01:00:00+01:00,86.30173150136612
2026-01-17 02:00:00+01:00,83.33659150136612
2026-01-17 03:00:00+01:00,83.20133950136612
2026-01-17 04:00:00+01:00,83.23255150136612
2026-01-17 05:00:00+01:00,88.23687550136613
2026-01-17 06:00:00+01:00,93.61574350136613
2026-01-17 07:00:00+01:00,109.31537950136612
2026-01-17 08:00:00+01:00,115.76585950136612
2026-01-17 09:00:00+01:00,114.13243150136613
2026-01-17 10:00:00+01:00,112.85273950136613
2026-01-17 11:00:00+01:00,111.54183550136611
2026-01-17 12:00:00+01:00,108.50386750136612
2026-01-17 13:00:00+01:00,107.58831550136611
2026-01-17 14:00:00+01:00,108.98245150136611
2026-01-17 15:00:00+01:00,114.05960350136613
2026-01-17 16:00:00+01:00,117.60736750136611
2026-01-17 17:00:00+01:00,130.22741950136611
2026-01-17 18:00:00+01:00,124.72370350136612
2026-01-17 19:00:00+01:00,113.39374750136611
2026-01-17 20:00:00+01:00,104.58155950136612
2026-01-17 21:00:00+01:00,94.18796350136613
2026-01-17 22:00:00+01:00,92.59615150136612
2026-01-17 23:00:00+01:00,88.67384350136612
2026-01-18 00:00:00+01:00,81.41185150136613
2026-01-18 01:00:00+01:00,77.53115950136612
2026-01-18 02:00:00+01:00,76.24106350136613
2026-01-18 03:00:00+01:00,75.91853950136613
2026-01-18 04:00:00+01:00,76.19944750136612
2026-01-18 05:00:00+01:00,80.89165150136613
2026-01-18 06:00:00+01:00,91.07716750136612
2026-01-18 07:00:00+01:00,106.54791550136612
2026-01-18 08:00:00+01:00,116.50454350136613
2026-01-18 09:00:00+01:00,115.01677150136612
2026-01-18 10:00:00+01:00,105.67397950136612
2026-01-18 11:00:00+01:00,101.83490350136611
2026-01-18 12:00:00+01:00,95.20755550136612
2026-01-18 13:00:00+01:00,94.17755950136612
2026-01-18 14:00:00+01:00,94.16715550136611
2026-01-18 15:00:00+01:00,95.21795950136612
2026-01-18 16:00:00+01:00,98.23511950136613
2026-01-18 17:00:00+01:00,107.41144750136613
2026-01-18 18:00:00+01:00,106.97447950136612
2026-01-18 19:00:00+01:00,100.22228350136612
2026-01-18 20:00:00+01:00,92.40887950136612
2026-01-18 21:00:00+01:00,90.72343150136612
2026-01-18 22:00:00+01:00,88.66343950136613
2026-01-18 23:00:00+01:00,84.26254750136611
2026-01-19 00:00:00+01:00,81.51589150136611
2026-01-19 01:00:00+01:00,80.16337150136611
2026-01-19 02:00:00+01:00,79.47670750136612
2026-01-19 03:00:00+01:00,79.22701150136612
2026-01-19 04:00:00+01:00,78.87327550136612
2026-01-19 05:00:00+01:00,81.29740750136612
2026-01-19 06:00:00+01:00,86.40577150136612
2026-01-19 07:00:00+01:00,96.95542750136612
2026-01-19 08:00:00+01:00,106.32943150136613
2026-01-19 09:00:00+01:00,107.21377150136612
2026-01-19 10:00:00+01:00,94.84341550136612
2026-01-19 11:00:00+01:00,89.79747550136612
2026-01-19 12:00:00+01:00,85.17809950136612
2026-01-19 13:00:00+01:00,85.61506750136611
2026-01-19 14:00:00+01:00,88.02879550136612
2026-01-19 15:00:00+01:00,88.36172350136611
2026-01-19 16:00:00+01:00,92.55453550136612
2026-01-19 17:00:00+01:00,94.68735550136611
2026-01-19 18:00:00+01:00,98.91137950136611
2026-01-19 19:00:00+01:00,94.18796350136613
2026-01-19 20:00:00+01:00,90.25525150136612
2026-01-19 21:00:00+01:00,86.38496350136613
2026-01-19 22:00:00+01:00,88.89232750136613
2026-01-19 23:00:00+01:00,84.60587950136612
2026-01-20 00:00:00+01:00,79.09175950136611
2026-01-20 01:00:00+01:00,79.09175950136611
2026-01-20 02:00:00+01:00,79.20620350136612
2026-01-20 03:00:00+01:00,78.14499550136613
2026-01-20 04:00:00+01:00,78.13459150136612
2026-01-20 05:00:00+01:00,79.18539550136612
2026-01-20 06:00:00+01:00,79.07095150136612
2026-01-20 07:00:00+01:00,79.16458750136613
2026-01-20 08:00:00+01:00,83.73194350136613
2026-01-20 09:00:00+01:00,86.99879950136611
2026-01-20 10:00:00+01:00,84.78274750136612
2026-01-20 11:00:00+01:00,79.08135550136612
2026-01-20 12:00:00+01:00,75.00298750136612
2026-01-20 13:00:00+01:00,72.45400750136612
2026-01-20 14:00:00+01:00,74.28511150136612
2026-01-20 15:00:00+01:00,79.15418350136612
2026-01-20 16:00:00+01:00,84.41860750136613
2026-01-20 17:00:00+01:00,89.74545550136611
2026-01-20 18:00:00+01:00,92.94988750136613
2026-01-20 19:00:00+01:00,89.58939550136613
2026-01-20 20:00:00+01:00,86.17688350136612
2026-01-20 21:00:00+01:00,81.03730750136613
2026-01-20 22:00:00+01:00,81.47427550136612
2026-01-20 23:00:00+01:00,78.04095550136611
2026-01-21 00:00:00+01:00,74.95096750136611
2026-01-21 01:00:00+01:00,74.89894750136612
2026-01-21 02:00:00+01:00,73.34875150136612
2026-01-21 03:00:00+01:00,73.57763950136612
2026-01-21 04:00:00+01:00,74.29551550136613
2026-01-21 05:00:00+01:00,74.32672750136612
2026-01-21 06:00:00+01:00,75.97055950136613
2026-01-21 07:00:00+01:00,74.69086750136611
2026-01-21 08:00:00+01:00,74.34753550136611
2026-01-21 09:00:00+01:00,74.32672750136612
2026-01-21 10:00:00+01:00,74.29551550136613
2026-01-21 11:00:00+01:00,72.94299550136613
2026-01-21 12:00:00+01:00,69.01028350136612
2026-01-21 13:00:00+01:00,68.94785950136612
2026-01-21 14:00:00+01:00,72.99501550136613
2026-01-21 15:00:00+01:00,74.26430350136611
2026-01-21 16:00:00+01:00,75.79369150136611
2026-01-21 17:00:00+01:00,78.72761950136612
2026-01-21 18:00:00+01:00,78.76923550136611
2026-01-21 19:00:00+01:00,78.63398350136612
2026-01-21 20:00:00+01:00,78.29065150136613
2026-01-21 21:00:00+01:00,76.56358750136613
2026-01-21 22:00:00+01:00,77.45833150136613
2026-01-21 23:00:00+01:00,76.37631550136612
2026-01-22 00:00:00+01:00,73.05743950136612
2026-01-22 01:00:00+01:00,74.24349550136613
2026-01-22 02:00:00+01:00,74.28511150136612
2026-01-22 03:00:00+01:00,73.98339550136612
2026-01-22 04:00:00+01:00,71.88178750136613
2026-01-22 05:00:00+01:00,74.00420350136612
2026-01-22 06:00:00+01:00,77.71843150136613
2026-01-22 07:00:00+01:00,81.20377150136612
2026-01-22 08:00:00+01:00,81.98407150136612
2026-01-22 09:00:00+01:00,80.04892750136612
2026-01-22 10:00:00+01:00,80.70437950136612
2026-01-22 11:00:00+01:00,83.15972350136612
2026-01-22 12:00:00+01:00,83.23255150136612
2026-01-22 13:00:00+01:00,83.20133950136612
2026-01-22 14:00:00+01:00,82.55629150136612
2026-01-22 15:00:00+01:00,82.62911950136612
2026-01-22 16:00:00+01:00,82.51467550136613
2026-01-22 17:00:00+01:00,84.87638350136612
2026-01-22 18:00:00+01:00,84.70991950136613
2026-01-22 19:00:00+01:00,82.88921950136613
2026-01-22 20:00:00+01:00,78.95650750136612
2026-01-22 21:00:00+01:00,77.61439150136611
2026-01-22 22:00:00+01:00,77.93691550136612
2026-01-22 23:00:00+01:00,74.31632350136611
2026-01-23 00:00:00+01:00,70.86219550136612
2026-01-23 01:00:00+01:00,72.57885550136612
2026-01-23 02:00:00+01:00,72.56845150136613
2026-01-23 03:00:00+01:00,71.45522350136612
2026-01-23 04:00:00+01:00,71.46562750136611
2026-01-23 05:00:00+01:00,71.42401150136611
2026-01-23 06:00:00+01:00,75.93934750136611
2026-01-23 07:00:00+01:00,80.02811950136612
2026-01-23 08:00:00+01:00,83.25335950136612
2026-01-23 09:00:00+01:00,82.77477550136612
2026-01-23 10:00:00+01:00,79.15418350136612
2026-01-23 11:00:00+01:00,76.86530350136611
2026-01-23 12:00:00+01:00,76.26187150136612
2026-01-23 13:00:00+01:00,76.86530350136611
2026-01-23 14:00:00+01:00,75.91853950136613
2026-01-23 15:00:00+01:00,77.11499950136611
2026-01-23 16:00:00+01:00,78.07216750136611
2026-01-23 17:00:00+01:00,80.81882350136611
2026-01-23 18:00:00+01:00,80.39225950136611
2026-01-23 19:00:00+01:00,77.58317950136612
2026-01-23 20:00:00+01:00,77.06297950136612
2026-01-23 21:00:00+01:00,75.19025950136611
2026-01-23 22:00:00+01:00,75.20066350136612
2026-01-23 23:00:00+01:00,69.76977550136613
2026-01-24 00:00:00+01:00,75.60641950136612
2026-01-24 01:00:00+01:00,71.90259550136612
2026-01-24 02:00:00+01:00,69.12472750136612
2026-01-24 03:00:00+01:00,69.84260350136611
2026-01-24 04:00:00+01:00,68.70856750136612
2026-01-24 05:00:00+01:00,71.89219150136611
2026-01-24 06:00:00+01:00,78.14499550136613
2026-01-24 07:00:00+01:00,83.02447150136612
2026-01-24 08:00:00+01:00,82.14013150136613
2026-01-24 09:00:00+01:00,81.70316350136612
2026-01-24 10:00:00+01:00,78.21782350136611
2026-01-24 11:00:00+01:00,77.01095950136612
2026-01-24 12:00:00+01:00,79.78882750136611
2026-01-24 13:00:00+01:00,80.05933150136613
2026-01-24 14:00:00+01:00,79.36226350136613
2026-01-24 15:00:00+01:00,79.50791950136613
2026-01-24 16:00:00+01:00,81.21417550136613
2026-01-24 17:00:00+01:00,83.21174350136613
2026-01-24 18:00:00+01:00,86.90516350136612
2026-01-24 19:00:00+01:00,85.27173550136612
2026-01-24 20:00:00+01:00,78.02014750136613
2026-01-24 21:00:00+01:00,76.01217550136613
2026-01-24 22:00:00+01:00,76.01217550136613
2026-01-24 23:00:00+01:00,75.58561150136612
2026-01-25 00:00:00+01:00,71.91299950136612
2026-01-25 01:00:00+01:00,72.01703950136613
2026-01-25 02:00:00+01:00,68.72937550136612
2026-01-25 03:00:00+01:00,68.32361950136612
2026-01-25 04:00:00+01:00,69.50967550136613
2026-01-25 05:00:00+01:00,76.04338750136613
2026-01-25 06:00:00+01:00,77.58317950136612
2026-01-25 07:00:00+01:00,85.89597550136612
2026-01-25 08:00:00+01:00,88.43455150136612
2026-01-25 09:00:00+01:00,88.35131950136612
2026-01-25 10:00:00+01:00,84.82436350136612
2026-01-25 11:00:00+01:00,82.83719950136611
2026-01-25 12:00:00+01:00,80.89165150136613
2026-01-25 13:00:00+01:00,82.25457550136612
2026-01-25 14:00:00+01:00,84.14810350136612
2026-01-25 15:00:00+01:00,88.63222750136612
2026-01-25 16:00:00+01:00,95.76937150136612
2026-01-25 17:00:00+01:00,104.47751950136612
2026-01-25 18:00:00+01:00,104.49832750136612
2026-01-25 19:00:00+01:00,97.69411150136611
2026-01-25 20:00:00+01:00,87.68546350136613
2026-01-25 21:00:00+01:00,80.63155150136612
2026-01-25 22:00:00+01:00,78.73802350136611
2026-01-25 23:00:00+01:00,76.06419550136613
2026-01-26 00:00:00+01:00,69.87381550136612
2026-01-26 01:00:00+01:00,67.64735950136613
2026-01-26 02:00:00+01:00,69.30159550136612
2026-01-26 03:00:00+01:00,69.65533150136612
2026-01-26 04:00:00+01:00,68.95826350136612
2026-01-26 05:00:00+01:00,69.81139150136612
2026-01-26 06:00:00+01:00,79.32064750136612
2026-01-26 07:00:00+01:00,82.41063550136612
2026-01-26 08:00:00+01:00,85.06365550136611
2026-01-26 09:00:00+01:00,82.79558350136612
2026-01-26 10:00:00+01:00,80.71478350136613
2026-01-26 11:00:00+01:00,78.10337950136612
2026-01-26 12:00:00+01:00,80.52751150136612
2026-01-26 13:00:00+01:00,80.22579550136612
2026-01-26 14:00:00+01:00,79.16458750136613
2026-01-26 15:00:00+01:00,79.20620350136612
2026-01-26 16:00:00+01:00,79.07095150136612
2026-01-26 17:00:00+01:00,81.40144750136612
2026-01-26 18:00:00+01:00,87.84152350136611
2026-01-26 19:00:00+01:00,89.24606350136612
2026-01-26 20:00:00+01:00,84.70991950136613
2026-01-26 21:00:00+01:00,81.2765995013661
2026-01-26 22:00:00+01:00,78.44671150136611
2026-01-26 23:00:00+01:00,71.98582750136612
2026-01-27 00:00:00+01:00,64.84868350136612
2026-01-27 01:00:00+01:00,64.58858350136612
2026-01-27 02:00:00+01:00,64.45333150136612
2026-01-27 03:00:00+01:00,65.15039950136611
2026-01-27 04:00:00+01:00,65.24403550136611
2026-01-27 05:00:00+01:00,63.05919550136612
2026-01-27 06:00:00+01:00,60.40617550136612
2026-01-27 07:00:00+01:00,64.91110750136613
2026-01-27 08:00:00+01:00,72.23552350136612
2026-01-27 09:00:00+01:00,70.01947150136613
2026-01-27 10:00:00+01:00,65.93069950136612
2026-01-27 11:00:00+01:00,61.97717950136612
2026-01-27 12:00:00+01:00,62.51818750136612
2026-01-27 13:00:00+01:00,53.50832350136612
2026-01-27 14:00:00+01:00,57.65951950136612
2026-01-27 15:00:00+01:00,68.07392350136611
2026-01-27 16:00:00+01:00,77.68721950136613
2026-01-27 17:00:00+01:00,83.44063150136613
2026-01-27 18:00:00+01:00,90.93151150136612
2026-01-27 19:00:00+01:00,87.77909950136612
2026-01-27 20:00:00+01:00,83.14931950136612
2026-01-27 21:00:00+01:00,78.56115550136612
2026-01-27 22:00:00+01:00,77.07338350136612
2026-01-27 23:00:00+01:00,74.03541550136612
2026-01-28 00:00:00+01:00,73.20309550136612
2026-01-28 01:00:00+01:00,68.76058750136613
2026-01-28 02:00:00+01:00,65.92029550136613
2026-01-28 03:00:00+01:00,62.643035501366114
2026-01-28 04:00:00+01:00,61.35293950136612
2026-01-28 05:00:00+01:00,60.426983501366124
2026-01-28 06:00:00+01:00,64.12040350136611
2026-01-28 07:00:00+01:00,68.54210350136611
2026-01-28 08:00:00+01:00,66.02433550136612
2026-01-28 09:00:00+01:00,63.87070750136613
2026-01-28 10:00:00+01:00,59.365775501366116
2026-01-28 11:00:00+01:00,53.15458750136612
2026-01-28 12:00:00+01:00,48.79531150136612
2026-01-28 13:00:00+01:00,35.270111501366124
2026-01-28 14:00:00+01:00,41.46049150136612
2026-01-28 15:00:00+01:00,51.86449150136612
2026-01-28 16:00:00+01:00,66.07635550136611
2026-01-28 17:00:00+01:00,77.36469550136613
2026-01-28 18:00:00+01:00,80.24660350136612
2026-01-28 19:00:00+01:00,78.73802350136611
2026-01-28 20:00:00+01:00,76.56358750136613
2026-01-28 21:00:00+01:00,73.96258750136613
2026-01-28 22:00:00+01:00,72.18350350136612
2026-01-28 23:00:00+01:00,69.99866350136612
2026-01-29 00:00:00+01:00,65.40009550136612
2026-01-29 01:00:00+01:00,59.90678350136612
2026-01-29 02:00:00+01:00,50.39752750136612
2026-01-29 03:00:00+01:00,54.12215950136612
2026-01-29 04:00:00+01:00,54.101351501366125
2026-01-29 05:00:00+01:00,67.21039150136612
2026-01-29 06:00:00+01:00,79.18539550136612
2026-01-29 07:00:00+01:00,86.17688350136612
2026-01-29 08:00:00+01:00,95.15553550136612
2026-01-29 09:00:00+01:00,86.24971150136611
2026-01-29 10:00:00+01:00,79.26862750136613
2026-01-29 11:00:00+01:00,78.05135950136612
2026-01-29 12:00:00+01:00,77.17742350136612
2026-01-29 13:00:00+01:00,76.93813150136613
2026-01-29 14:00:00+01:00,81.28700350136612
2026-01-29 15:00:00+01:00,85.92718750136612
2026-01-29 16:00:00+01:00,101.94934750136612
2026-01-29 17:00:00+01:00,112.48859950136611
2026-01-29 18:00:00+01:00,114.46535950136612
2026-01-29 19:00:00+01:00,108.18134350136613
2026-01-29 20:00:00+01:00,92.07595150136612
2026-01-29 21:00:00+01:00,83.12851150136612
2026-01-29 22:00:00+01:00,79.96569550136613
2026-01-29 23:00:00+01:00,76.35550750136612
2026-01-30 00:00:00+01:00,70.13391550136612
2026-01-30 01:00:00+01:00,68.32361950136612
2026-01-30 02:00:00+01:00,68.35483150136612
2026-01-30 03:00:00+01:00,67.88665150136612
2026-01-30 04:00:00+01:00,67.86584350136613
2026-01-30 05:00:00+01:00,69.81139150136612
2026-01-30 06:00:00+01:00,79.15418350136612
2026-01-30 07:00:00+01:00,89.31889150136612
2026-01-30 08:00:00+01:00,97.02825550136612
2026-01-30 09:00:00+01:00,88.53859150136611
2026-01-30 10:00:00+01:00,80.25700750136612
2026-01-30 11:00:00+01:00,79.00852750136612
2026-01-30 12:00:00+01:00,76.39712350136611
2026-01-30 13:00:00+01:00,76.39712350136611
2026-01-30 14:00:00+01:00,78.24903550136612
2026-01-30 15:00:00+01:00,81.61993150136612
2026-01-30 16:00:00+01:00,84.21052750136612
2026-01-30 17:00:00+01:00,88.47616750136612
2026-01-30 18:00:00+01:00,96.82017550136612
2026-01-30 19:00:00+01:00,92.65857550136613
2026-01-30 20:00:00+01:00,86.00001550136612
2026-01-30 21:00:00+01:00,79.68478750136613
2026-01-30 22:00:00+01:00,78.34267150136613
2026-01-30 23:00:00+01:00,76.09540750136613
2026-01-31 00:00:00+01:00,73.95218350136612
2026-01-31 01:00:00+01:00,70.87259950136611
2026-01-31 02:00:00+01:00,69.25997950136612
2026-01-31 03:00:00+01:00,69.58250350136612
2026-01-31 04:00:00+01:00,68.30281150136611
2026-01-31 05:00:00+01:00,74.80531150136612
2026-01-31 06:00:00+01:00,82.56669550136613
2026-01-31 07:00:00+01:00,100.10783950136613
2026-01-31 08:00:00+01:00,110.87597950136612
2026-01-31 09:00:00+01:00,92.64817150136612
2026-01-31 10:00:00+01:00,83.99204350136613
2026-01-31 11:00:00+01:00,79.51832350136611
2026-01-31 12:00:00+01:00,76.61560750136613
2026-01-31 13:00:00+01:00,77.01095950136612
2026-01-31 14:00:00+01:00,78.20741950136613
2026-01-31 15:00:00+01:00,80.11135150136613
2026-01-31 16:00:00+01:00,81.07892350136612
2026-01-31 17:00:00+01:00,84.29375950136613
2026-01-31 18:00:00+01:00,88.77788350136612
2026-01-31 19:00:00+01:00,86.18728750136613
2026-01-31 20:00:00+01:00,81.23498350136612
2026-01-31 21:00:00+01:00,76.49075950136611
2026-01-31 22:00:00+01:00,75.48157150136612
2026-01-31 23:00:00+01:00,69.63452350136612
2026-02-01 00:00:00+01:00,70.63330750136612
2026-02-01 01:00:00+01:00,70.61249950136612
2026-02-01 02:00:00+01:00,70.59169150136611
2026-02-01 03:00:00+01:00,73.76491150136611
2026-02-01 04:00:00+01:00,73.98339550136612
2026-02-01 05:00:00+01:00,74.01460750136613
2026-02-01 06:00:00+01:00,86.40577150136612
2026-02-01 07:00:00+01:00,91.68059950136612
2026-02-01 08:00:00+01:00,92.00312350136612
2026-02-01 09:00:00+01:00,91.27484350136612
2026-02-01 10:00:00+01:00,86.39536750136611
2026-02-01 11:00:00+01:00,85.38617950136612
2026-02-01 12:00:00+01:00,83.99204350136613
2026-02-01 13:00:00+01:00,84.48103150136613
2026-02-01 14:00:00+01:00,83.96083150136613
2026-02-01 15:00:00+01:00,87.35253550136612
2026-02-01 16:00:00+01:00,89.38131550136612
2026-02-01 17:00:00+01:00,92.53372750136612
2026-02-01 18:00:00+01:00,100.49278750136612
2026-02-01 19:00:00+01:00,95.29078750136613
2026-02-01 20:00:00+01:00,93.24119950136611
2026-02-01 21:00:00+01:00,85.37577550136612
2026-02-01 22:00:00+01:00,80.65235950136612
2026-02-01 23:00:00+01:00,73.16147950136612
2026-02-02 00:00:00+01:00,72.79733950136612
2026-02-02 01:00:00+01:00,72.76612750136613
2026-02-02 02:00:00+01:00,77.23984750136611
2026-02-02 03:00:00+01:00,79.15418350136612
2026-02-02 04:00:00+01:00,79.23741550136612
2026-02-02 05:00:00+01:00,78.17620750136612
2026-02-02 06:00:00+01:00,84.31456750136611
2026-02-02 07:00:00+01:00,89.28767950136611
2026-02-02 08:00:00+01:00,91.60777150136612
2026-02-02 09:00:00+01:00,88.46576350136613
2026-02-02 10:00:00+01:00,86.92597150136612
2026-02-02 11:00:00+01:00,83.30537950136612
2026-02-02 12:00:00+01:00,82.91002750136612
2026-02-02 13:00:00+01:00,82.87881550136612
2026-02-02 14:00:00+01:00,82.91002750136612
2026-02-02 15:00:00+01:00,82.94123950136613
2026-02-02 16:00:00+01:00,87.56061550136612
2026-02-02 17:00:00+01:00,86.41617550136613
2026-02-02 18:00:00+01:00,88.68424750136612
2026-02-02 19:00:00+01:00,84.53305150136612
2026-02-02 20:00:00+01:00,79.10216350136612
2026-02-02 21:00:00+01:00,76.51156750136612
2026-02-02 22:00:00+01:00,78.17620750136612
2026-02-02 23:00:00+01:00,73.01582350136611
2026-02-03 00:00:00+01:00,69.48886750136612
2026-02-03 01:00:00+01:00,77.05257550136612
2026-02-03 02:00:00+01:00,70.00906750136612
2026-02-03 03:00:00+01:00,69.87381550136612
2026-02-03 04:00:00+01:00,69.45765550136612
2026-02-03 05:00:00+01:00,68.02190350136613
2026-02-03 06:00:00+01:00,69.48886750136612
2026-02-03 07:00:00+01:00,69.48886750136612
2026-02-03 08:00:00+01:00,69.09351550136611
2026-02-03 09:00:00+01:00,66.11797150136613
2026-02-03 10:00:00+01:00,66.56534350136613
2026-02-03 11:00:00+01:00,61.30091950136612
2026-02-03 12:00:00+01:00,43.478867501366125
2026-02-03 13:00:00+01:00,30.796391501366116
2026-02-03 14:00:00+01:00,43.35401950136612
2026-02-03 15:00:00+01:00,62.538995501366124
2026-02-03 16:00:00+01:00,79.23741550136612
2026-02-03 17:00:00+01:00,79.78882750136611
2026-02-03 18:00:00+01:00,80.14256350136613
2026-02-03 19:00:00+01:00,79.84084750136611
2026-02-03 20:00:00+01:00,79.66397950136611
2026-02-03 21:00:00+01:00,79.20620350136612
2026-02-03 22:00:00+01:00,79.29983950136612
2026-02-03 23:00:00+01:00,69.53048350136612
2026-02-04 00:00:00+01:00,77.09419150136611
2026-02-04 01:00:00+01:00,69.90502750136612
2026-02-04 02:00:00+01:00,66.49251550136611
2026-02-04 03:00:00+01:00,61.415363501366116
2026-02-04 04:00:00+01:00,56.25497950136612
2026-02-04 05:00:00+01:00,61.44657550136612
2026-02-04 06:00:00+01:00,62.528591501366115
2026-02-04 07:00:00+01:00,67.74099550136613
2026-02-04 08:00:00+01:00,61.47778750136612
2026-02-04 09:00:00+01:00,56.26538350136612
2026-02-04 10:00:00+01:00,17.833007501366126
2026-02-04 11:00:00+01:00,20.309159501366118
2026-02-04 12:00:00+01:00,10.165259501366123
2026-02-04 13:00:00+01:00,5.098511501366119
2026-02-04 14:00:00+01:00,8.739911501366109
2026-02-04 15:00:00+01:00,23.284703501366117
2026-02-04 16:00:00+01:00,54.226199501366125
2026-02-04 17:00:00+01:00,78.33226750136612
2026-02-04 18:00:00+01:00,77.88489550136612
2026-02-04 19:00:00+01:00,77.72883550136612
2026-02-04 20:00:00+01:00,77.45833150136613
2026-02-04 21:00:00+01:00,79.35185950136612
2026-02-04 22:00:00+01:00,79.28943550136611
2026-02-04 23:00:00+01:00,78.31145950136612
2026-02-05 00:00:00+01:00,69.44725150136613
2026-02-05 01:00:00+01:00,66.69019150136612
2026-02-05 02:00:00+01:00,64.61979550136613
2026-02-05 03:00:00+01:00,65.37928750136612
2026-02-05 04:00:00+01:00,65.48332750136612
2026-02-05 05:00:00+01:00,77.87449150136612
2026-02-05 06:00:00+01:00,79.03973950136613
2026-02-05 07:00:00+01:00,81.35983150136613
2026-02-05 08:00:00+01:00,84.03365950136612
2026-02-05 09:00:00+01:00,82.17134350136612
2026-02-05 10:00:00+01:00,72.10027150136612
2026-02-05 11:00:00+01:00,74.91975550136611
2026-02-05 12:00:00+01:00,55.68275950136612
2026-02-05 13:00:00+01:00,52.36388350136612
2026-02-05 14:00:00+01:00,60.489407501366124
2026-02-05 15:00:00+01:00,69.91543150136613
2026-02-05 16:00:00+01:00,78.55075150136612
2026-02-05 17:00:00+01:00,82.14013150136613
2026-02-05 18:00:00+01:00,86.62425550136612
2026-02-05 19:00:00+01:00,84.26254750136611
2026-02-05 20:00:00+01:00,80.16337150136611
2026-02-05 21:00:00+01:00,69.93623950136612
2026-02-05 22:00:00+01:00,69.90502750136612
2026-02-05 23:00:00+01:00,64.58858350136612
2026-02-06 00:00:00+01:00,61.92515950136612
2026-02-06 01:00:00+01:00,61.73788750136612
2026-02-06 02:00:00+01:00,61.64425150136613
2026-02-06 03:00:00+01:00,61.58182750136612
2026-02-06 04:00:00+01:00,61.44657550136612
2026-02-06 05:00:00+01:00,63.89151550136612
2026-02-06 06:00:00+01:00,76.35550750136612
2026-02-06 07:00:00+01:00,81.39104350136613
2026-02-06 08:00:00+01:00,83.54467150136612
2026-02-06 09:00:00+01:00,81.00609550136612
2026-02-06 10:00:00+01:00,72.29794750136612
2026-02-06 11:00:00+01:00,68.92705150136612
2026-02-06 12:00:00+01:00,68.01149950136612
2026-02-06 13:00:00+01:00,66.67978750136612
2026-02-06 14:00:00+01:00,62.51818750136612
2026-02-06 15:00:00+01:00,64.44292750136611
2026-02-06 16:00:00+01:00,77.93691550136612
2026-02-06 17:00:00+01:00,81.14134750136611
2026-02-06 18:00:00+01:00,81.57831550136612
2026-02-06 19:00:00+01:00,80.25700750136612
2026-02-06 20:00:00+01:00,77.11499950136611
2026-02-06 21:00:00+01:00,70.32118750136613
2026-02-06 22:00:00+01:00,70.64371150136611
2026-02-06 23:00:00+01:00,64.91110750136613
2026-02-07 00:00:00+01:00,71.05987150136612
2026-02-07 01:00:00+01:00,70.68532750136612
2026-02-07 02:00:00+01:00,70.59169150136611
2026-02-07 03:00:00+01:00,70.64371150136611
2026-02-07 04:00:00+01:00,69.96745150136613
2026-02-07 05:00:00+01:00,71.46562750136611
2026-02-07 06:00:00+01:00,71.94421150136611
2026-02-07 07:00:00+01:00,82.25457550136612
2026-02-07 08:00:00+01:00,85.86476350136613
2026-02-07 09:00:00+01:00,83.56547950136611
2026-02-07 10:00:00+01:00,80.42347150136612
2026-02-07 11:00:00+01:00,79.98650350136612
2026-02-07 12:00:00+01:00,80.41306750136611
2026-02-07 13:00:00+01:00,81.63033550136612
2026-02-07 14:00:00+01:00,86.91556750136611
2026-02-07 15:00:00+01:00,90.9002995013661
2026-02-07 16:00:00+01:00,94.08392350136612
2026-02-07 17:00:00+01:00,113.45617150136613
2026-02-07 18:00:00+01:00,117.70100350136612
2026-02-07 19:00:00+01:00,102.98974750136611
2026-02-07 20:00:00+01:00,93.41806750136611
2026-02-07 21:00:00+01:00,86.13526750136612
2026-02-07 22:00:00+01:00,84.34577950136611
2026-02-07 23:00:00+01:00,80.46508750136613
2026-02-08 00:00:00+01:00,79.43509150136612
2026-02-08 01:00:00+01:00,75.80409550136612
2026-02-08 02:00:00+01:00,74.63884750136612
2026-02-08 03:00:00+01:00,73.44238750136613
2026-02-08 04:00:00+01:00,73.44238750136613
2026-02-08 05:00:00+01:00,79.06054750136612
2026-02-08 06:00:00+01:00,90.13040350136612
2026-02-08 07:00:00+01:00,108.43103950136612
2026-02-08 08:00:00+01:00,122.76775150136612
2026-02-08 09:00:00+01:00,108.82639150136612
2026-02-08 10:00:00+01:00,95.83179550136612
2026-02-08 11:00:00+01:00,93.75099550136612
2026-02-08 12:00:00+01:00,90.46333150136613
2026-02-08 13:00:00+01:00,89.03798350136611
2026-02-08 14:00:00+01:00,90.49454350136612
2026-02-08 15:00:00+01:00,93.23079550136612
2026-02-08 16:00:00+01:00,96.7993675013661
2026-02-08 17:00:00+01:00,99.79571950136612
2026-02-08 18:00:00+01:00,96.46643950136612
2026-02-08 19:00:00+01:00,87.94556350136612
2026-02-08 20:00:00+01:00,82.41063550136612
2026-02-08 21:00:00+01:00,80.60033950136612
2026-02-08 22:00:00+01:00,80.50670350136612
2026-02-08 23:00:00+01:00,72.78693550136612
2026-02-09 00:00:00+01:00,72.06905950136613
2026-02-09 01:00:00+01:00,71.97542350136612
2026-02-09 02:00:00+01:00,69.86341150136612
2026-02-09 03:00:00+01:00,69.74896750136611
2026-02-09 04:00:00+01:00,71.55926350136612
2026-02-09 05:00:00+01:00,72.34996750136611
2026-02-09 06:00:00+01:00,77.06297950136612
2026-02-09 07:00:00+01:00,83.32618750136612
2026-02-09 08:00:00+01:00,83.31578350136613
2026-02-09 09:00:00+01:00,78.68600350136612
2026-02-09 10:00:00+01:00,78.68600350136612
2026-02-09 11:00:00+01:00,81.23498350136612
2026-02-09 12:00:00+01:00,80.46508750136613
2026-02-09 13:00:00+01:00,80.67316750136611
2026-02-09 14:00:00+01:00,80.52751150136612
2026-02-09 15:00:00+01:00,81.02690350136612
2026-02-09 16:00:00+01:00,84.52264750136612
2026-02-09 17:00:00+01:00,89.68303150136613
2026-02-09 18:00:00+01:00,89.84949550136612
2026-02-09 19:00:00+01:00,86.47859950136612
2026-02-09 20:00:00+01:00,81.21417550136613
2026-02-09 21:00:00+01:00,78.06176350136613
2026-02-09 22:00:00+01:00,77.06297950136612
2026-02-09 23:00:00+01:00,71.84017150136611
2026-02-10 00:00:00+01:00,67.57453150136612
2026-02-10 01:00:00+01:00,65.57696350136612
2026-02-10 02:00:00+01:00,64.13080750136612
2026-02-10 03:00:00+01:00,64.06838350136613
2026-02-10 04:00:00+01:00,62.37253150136612
2026-02-10 05:00:00+01:00,64.07878750136612
2026-02-10 06:00:00+01:00,64.37009950136611
2026-02-10 07:00:00+01:00,70.45643950136612
2026-02-10 08:00:00+01:00,74.47238350136612
2026-02-10 09:00:00+01:00,74.53480750136612
2026-02-10 10:00:00+01:00,70.62290350136612
2026-02-10 11:00:00+01:00,68.80220350136612
2026-02-10 12:00:00+01:00,67.85543950136612
2026-02-10 13:00:00+01:00,67.54331950136613
2026-02-10 14:00:00+01:00,68.32361950136612
2026-02-10 15:00:00+01:00,73.09905550136611
2026-02-10 16:00:00+01:00,80.55872350136612
2026-02-10 17:00:00+01:00,84.63709150136611
2026-02-10 18:00:00+01:00,86.06243950136613
2026-02-10 19:00:00+01:00,80.13215950136612
2026-02-10 20:00:00+01:00,74.61803950136613
2026-02-10 21:00:00+01:00,69.52007950136611
2026-02-10 22:00:00+01:00,70.20674350136613
2026-02-10 23:00:00+01:00,66.37807150136612
2026-02-11 00:00:00+01:00,59.46981550136612
2026-02-11 01:00:00+01:00,59.71951150136612
2026-02-11 02:00:00+01:00,57.076895501366124
2026-02-11 03:00:00+01:00,56.702351501366124
2026-02-11 04:00:00+01:00,51.895703501366114
2026-02-11 05:00:00+01:00,50.054195501366124
2026-02-11 06:00:00+01:00,57.888407501366125
2026-02-11 07:00:00+01:00,58.59587950136613
2026-02-11 08:00:00+01:00,62.16445150136612
2026-02-11 09:00:00+01:00,62.43495550136612
2026-02-11 10:00:00+01:00,63.48575950136612
2026-02-11 11:00:00+01:00,64.45333150136612
2026-02-11 12:00:00+01:00,63.52737550136612
2026-02-11 13:00:00+01:00,61.75869550136612
2026-02-11 14:00:00+01:00,61.33213150136612
2026-02-11 15:00:00+01:00,64.56777550136613
2026-02-11 16:00:00+01:00,68.89583950136613
2026-02-11 17:00:00+01:00,78.36347950136611
2026-02-11 18:00:00+01:00,81.2765995013661
2026-02-11 19:00:00+01:00,79.65357550136612
2026-02-11 20:00:00+01:00,77.09419150136611
2026-02-11 21:00:00+01:00,70.66451950136613
2026-02-11 22:00:00+01:00,68.56291150136612
2026-02-11 23:00:00+01:00,63.14242750136612
2026-02-12 00:00:00+01:00,64.99433950136613
2026-02-12 01:00:00+01:00,63.43373950136612
2026-02-12 02:00:00+01:00,61.99798750136612
2026-02-12 03:00:00+01:00,60.489407501366124
2026-02-12 04:00:00+01:00,62.497379501366126
2026-02-12 05:00:00+01:00,65.44171150136611
2026-02-12 06:00:00+01:00,78.16580350136611
2026-02-12 07:00:00+01:00,89.07959950136612
2026-02-12 08:00:00+01:00,94.95785950136612
2026-02-12 09:00:00+01:00,89.53737550136613
2026-02-12 10:00:00+01:00,83.22214750136612
2026-02-12 11:00:00+01:00,79.29983950136612
2026-02-12 12:00:00+01:00,74.24349550136613
2026-02-12 13:00:00+01:00,73.54642750136613
2026-02-12 14:00:00+01:00,73.69208350136613
2026-02-12 15:00:00+01:00,78.48832750136611
2026-02-12 16:00:00+01:00,80.31943150136613
2026-02-12 17:00:00+01:00,87.30051550136612
2026-02-12 18:00:00+01:00,99.14026750136611
2026-02-12 19:00:00+01:00,93.97988350136612
2026-02-12 20:00:00+01:00,84.78274750136612
2026-02-12 21:00:00+01:00,78.96691150136611
2026-02-12 22:00:00+01:00,76.60520350136612
2026-02-12 23:00:00+01:00,67.41847150136613
2026-02-13 00:00:00+01:00,68.19877150136612
2026-02-13 01:00:00+01:00,66.70059550136612
2026-02-13 02:00:00+01:00,67.00231150136611
2026-02-13 03:00:00+01:00,68.28200350136612
2026-02-13 04:00:00+01:00,68.31321550136612
2026-02-13 05:00:00+01:00,68.34442750136613
2026-02-13 06:00:00+01:00,78.16580350136611
2026-02-13 07:00:00+01:00,86.41617550136613
2026-02-13 08:00:00+01:00,89.90151550136612
2026-02-13 09:00:00+01:00,84.76193950136613
2026-02-13 10:00:00+01:00,77.99933950136612
2026-02-13 11:00:00+01:00,75.97055950136613
2026-02-13 12:00:00+01:00,73.33834750136612
2026-02-13 13:00:00+01:00,72.20431150136612
2026-02-13 14:00:00+01:00,70.90381150136612
2026-02-13 15:00:00+01:00,76.01217550136613
2026-02-13 16:00:00+01:00,83.27416750136612
2026-02-13 17:00:00+01:00,92.26322350136611
2026-02-13 18:00:00+01:00,96.86179150136611
2026-02-13 19:00:00+01:00,93.54291550136612
2026-02-13 20:00:00+01:00,81.78639550136612
2026-02-13 21:00:00+01:00,78.21782350136611
2026-02-13 22:00:00+01:00,75.66884350136613
2026-02-13 23:00:00+01:00,69.03109150136612
2026-02-14 00:00:00+01:00,62.48697550136612
2026-02-14 01:00:00+01:00,61.37374750136612
2026-02-14 02:00:00+01:00,61.44657550136612
2026-02-14 03:00:00+01:00,59.937995501366125
2026-02-14 04:00:00+01:00,61.33213150136612
2026-02-14 05:00:00+01:00,63.42333550136612
2026-02-14 06:00:00+01:00,73.33834750136612
2026-02-14 07:00:00+01:00,78.28024750136612
2026-02-14 08:00:00+01:00,82.71235150136613
2026-02-14 09:00:00+01:00,76.16823550136611
2026-02-14 10:00:00+01:00,72.88057150136612
2026-02-14 11:00:00+01:00,67.75139950136611
2026-02-14 12:00:00+01:00,62.69505550136612
2026-02-14 13:00:00+01:00,62.549399501366125
2026-02-14 14:00:00+01:00,67.16877550136613
2026-02-14 15:00:00+01:00,70.94542750136613
2026-02-14 16:00:00+01:00,75.15904750136612
2026-02-14 17:00:00+01:00,80.31943150136613
2026-02-14 18:00:00+01:00,84.33537550136613
2026-02-14 19:00:00+01:00,83.08689550136613
2026-02-14 20:00:00+01:00,76.41793150136613
2026-02-14 21:00:00+01:00,73.01582350136611
2026-02-14 22:00:00+01:00,69.50967550136613
2026-02-14 23:00:00+01:00,62.29970350136612
2026-02-15 00:00:00+01:00,63.41293150136612
2026-02-15 01:00:00+01:00,64.57817950136612
2026-02-15 02:00:00+01:00,63.91232350136612
2026-02-15 03:00:00+01:00,63.87070750136613
2026-02-15 04:00:00+01:00,63.56899150136611
2026-02-15 05:00:00+01:00,64.07878750136612
2026-02-15 06:00:00+01:00,73.51521550136611
2026-02-15 07:00:00+01:00,82.77477550136612
2026-02-15 08:00:00+01:00,82.93083550136612
2026-02-15 09:00:00+01:00,75.94975150136612
2026-02-15 10:00:00+01:00,70.95583150136612
2026-02-15 11:00:00+01:00,68.80220350136612
2026-02-15 12:00:00+01:00,66.24281950136613
2026-02-15 13:00:00+01:00,65.21282350136612
2026-02-15 14:00:00+01:00,67.34564350136613
2026-02-15 15:00:00+01:00,70.87259950136611
2026-02-15 16:00:00+01:00,79.57034350136612
2026-02-15 17:00:00+01:00,84.62668750136612
2026-02-15 18:00:00+01:00,87.52940350136612
2026-02-15 19:00:00+01:00,81.68235550136612
2026-02-15 20:00:00+01:00,72.40198750136612
2026-02-15 21:00:00+01:00,69.81139150136612
2026-02-15 22:00:00+01:00,66.07635550136611
2026-02-15 23:00:00+01:00,63.75626350136612
2026-02-16 00:00:00+01:00,59.948399501366126
2026-02-16 01:00:00+01:00,60.36455950136612
2026-02-16 02:00:00+01:00,60.16688350136612
2026-02-16 03:00:00+01:00,60.614255501366124
2026-02-16 04:00:00+01:00,60.98879950136612
2026-02-16 05:00:00+01:00,60.64546750136612
2026-02-16 06:00:00+01:00,67.68897550136613
2026-02-16 07:00:00+01:00,70.99744750136611
2026-02-16 08:00:00+01:00,72.62047150136613
2026-02-16 09:00:00+01:00,68.38604350136613
2026-02-16 10:00:00+01:00,62.414147501366116
2026-02-16 11:00:00+01:00,62.63263150136612
2026-02-16 12:00:00+01:00,62.237279501366125
2026-02-16 13:00:00+01:00,62.18525950136612
2026-02-16 14:00:00+01:00,61.893947501366114
2026-02-16 15:00:00+01:00,63.16323550136612
2026-02-16 16:00:00+01:00,68.50048750136612
2026-02-16 17:00:00+01:00,71.78815150136613
2026-02-16 18:00:00+01:00,73.66087150136612
2026-02-16 19:00:00+01:00,72.40198750136612
2026-02-16 20:00:00+01:00,69.49927150136612
2026-02-16 21:00:00+01:00,64.2556555013661
2026-02-16 22:00:00+01:00,63.610607501366125
2026-02-16 23:00:00+01:00,59.72991550136612
2026-02-17 00:00:00+01:00,61.99798750136612
2026-02-17 01:00:00+01:00,61.290515501366116
2026-02-17 02:00:00+01:00,59.365775501366116
2026-02-17 03:00:00+01:00,59.38658350136612
2026-02-17 04:00:00+01:00,58.88719150136612
2026-02-17 05:00:00+01:00,58.02365950136612
2026-02-17 06:00:00+01:00,61.36334350136612
2026-02-17 07:00:00+01:00,67.67857150136612
2026-02-17 08:00:00+01:00,69.64492750136613
2026-02-17 09:00:00+01:00,68.38604350136613
2026-02-17 10:00:00+01:00,63.73545550136612
2026-02-17 11:00:00+01:00,61.52980750136612
2026-02-17 12:00:00+01:00,61.51940350136612
2026-02-17 13:00:00+01:00,58.148507501366126
2026-02-17 14:00:00+01:00,59.823551501366126
2026-02-17 15:00:00+01:00,67.29362350136611
2026-02-17 16:00:00+01:00,74.13945550136611
2026-02-17 17:00:00+01:00,80.08013950136612
2026-02-17 18:00:00+01:00,83.25335950136612
2026-02-17 19:00:00+01:00,86.59304350136613
2026-02-17 20:00:00+01:00,77.74964350136612
2026-02-17 21:00:00+01:00,73.28632750136612
2026-02-17 22:00:00+01:00,71.67370750136612
2026-02-17 23:00:00+01:00,68.31321550136612
2026-02-18 00:00:00+01:00,60.45819550136612
2026-02-18 01:00:00+01:00,58.96001950136612
2026-02-18 02:00:00+01:00,57.47224750136612
2026-02-18 03:00:00+01:00,52.103783501366124
2026-02-18 04:00:00+01:00,52.08297550136612
2026-02-18 05:00:00+01:00,53.48751550136612
2026-02-18 06:00:00+01:00,51.78125950136612
2026-02-18 07:00:00+01:00,52.38469150136612
2026-02-18 08:00:00+01:00,52.14539950136612
2026-02-18 09:00:00+01:00,51.99974350136612
2026-02-18 10:00:00+01:00,48.129455501366124
2026-02-18 11:00:00+01:00,44.48805550136612
2026-02-18 12:00:00+01:00,42.12634750136612
2026-02-18 13:00:00+01:00,38.131211501366124
2026-02-18 14:00:00+01:00,46.891379501366124
2026-02-18 15:00:00+01:00,55.266599501366116
2026-02-18 16:00:00+01:00,58.65830350136612
2026-02-18 17:00:00+01:00,69.83219950136612
2026-02-18 18:00:00+01:00,71.10148750136612
2026-02-18 19:00:00+01:00,69.83219950136612
2026-02-18 20:00:00+01:00,64.95272350136611
2026-02-18 21:00:00+01:00,59.09527150136612
2026-02-18 22:00:00+01:00,58.80395950136612
2026-02-18 23:00:00+01:00,56.68154350136612
2026-02-19 00:00:00+01:00,54.579935501366116
2026-02-19 01:00:00+01:00,53.79963550136612
2026-02-19 02:00:00+01:00,53.79963550136612
2026-02-19 03:00:00+01:00,54.299027501366126
2026-02-19 04:00:00+01:00,54.78801550136612
2026-02-19 05:00:00+01:00,55.474679501366126
2026-02-19 06:00:00+01:00,65.56655950136611
2026-02-19 07:00:00+01:00,71.24714350136612
2026-02-19 08:00:00+01:00,73.36955950136613
2026-02-19 09:00:00+01:00,70.37320750136612
2026-02-19 10:00:00+01:00,67.50170350136612
2026-02-19 11:00:00+01:00,66.20120350136612
2026-02-19 12:00:00+01:00,64.03717150136612
2026-02-19 13:00:00+01:00,63.288083501366124
2026-02-19 14:00:00+01:00,63.52737550136612
2026-02-19 15:00:00+01:00,65.70181150136611
2026-02-19 16:00:00+01:00,68.96866750136611
2026-02-19 17:00:00+01:00,72.61006750136612
2026-02-19 18:00:00+01:00,82.14013150136613
2026-02-19 19:00:00+01:00,76.51156750136612
2026-02-19 20:00:00+01:00,69.78017950136612
2026-02-19 21:00:00+01:00,67.78261150136612
2026-02-19 22:00:00+01:00,67.00231150136611
2026-02-19 23:00:00+01:00,63.725051501366124
2026-02-20 00:00:00+01:00,56.95204750136612
2026-02-20 01:00:00+01:00,55.91164750136612
2026-02-20 02:00:00+01:00,55.849223501366126
2026-02-20 03:00:00+01:00,55.10013550136612
2026-02-20 04:00:00+01:00,54.93367150136612
2026-02-20 05:00:00+01:00,60.64546750136612
2026-02-20 06:00:00+01:00,71.11189150136612
2026-02-20 07:00:00+01:00,83.09729950136611
2026-02-20 08:00:00+01:00,85.11567550136613
2026-02-20 09:00:00+01:00,73.76491150136611
2026-02-20 10:00:00+01:00,70.16512750136611
2026-02-20 11:00:00+01:00,66.95029150136612
2026-02-20 12:00:00+01:00,62.549399501366125
2026-02-20 13:00:00+01:00,58.502243501366124
2026-02-20 14:00:00+01:00,58.294163501366114
2026-02-20 15:00:00+01:00,66.49251550136611
2026-02-20 16:00:00+01:00,68.18836750136612
2026-02-20 17:00:00+01:00,70.91421550136612
2026-02-20 18:00:00+01:00,78.45711550136612
2026-02-20 19:00:00+01:00,76.09540750136613
2026-02-20 20:00:00+01:00,71.90259550136612
2026-02-20 21:00:00+01:00,66.74221150136611
2026-02-20 22:00:00+01:00,64.59898750136612
2026-02-20 23:00:00+01:00,58.25254750136612
2026-02-21 00:00:00+01:00,54.018119501366115
2026-02-21 01:00:00+01:00,54.20539150136612
2026-02-21 02:00:00+01:00,54.215795501366124
2026-02-21 03:00:00+01:00,54.34064350136612
2026-02-21 04:00:00+01:00,54.14296750136612
2026-02-21 05:00:00+01:00,54.215795501366124
2026-02-21 06:00:00+01:00,65.49373150136613
2026-02-21 07:00:00+01:00,70.69573150136613
2026-02-21 08:00:00+01:00,74.71167550136613
2026-02-21 09:00:00+01:00,68.24038750136613
2026-02-21 10:00:00+01:00,65.53534750136612
2026-02-21 11:00:00+01:00,63.42333550136612
2026-02-21 12:00:00+01:00,59.96920750136613
2026-02-21 13:00:00+01:00,60.198095501366126
2026-02-21 14:00:00+01:00,62.43495550136612
2026-02-21 15:00:00+01:00,65.12959150136612
2026-02-21 16:00:00+01:00,66.46130350136612
2026-02-21 17:00:00+01:00,66.97109950136611
2026-02-21 18:00:00+01:00,67.17917950136612
2026-02-21 19:00:00+01:00,66.43009150136612
2026-02-21 20:00:00+01:00,65.67059950136611
2026-02-21 21:00:00+01:00,58.62709150136612
2026-02-21 22:00:00+01:00,56.74396750136612
2026-02-21 23:00:00+01:00,53.82044350136612
2026-02-22 00:00:00+01:00,56.08851550136612
2026-02-22 01:00:00+01:00,55.54750750136613
2026-02-22 02:00:00+01:00,55.67235550136612
2026-02-22 03:00:00+01:00,55.474679501366126
2026-02-22 04:00:00+01:00,55.474679501366126
2026-02-22 05:00:00+01:00,55.287407501366125
2026-02-22 06:00:00+01:00,64.00595950136612
2026-02-22 07:00:00+01:00,71.44481950136613
2026-02-22 08:00:00+01:00,73.15107550136612
2026-02-22 09:00:00+01:00,68.42765950136612
2026-02-22 10:00:00+01:00,66.13877950136612
2026-02-22 11:00:00+01:00,63.246467501366126
2026-02-22 12:00:00+01:00,59.43860350136612
2026-02-22 13:00:00+01:00,63.44414350136612
2026-02-22 14:00:00+01:00,62.10202750136612
2026-02-22 15:00:00+01:00,61.893947501366114
2026-02-22 16:00:00+01:00,64.08919150136612
2026-02-22 17:00:00+01:00,64.15161550136612
2026-02-22 18:00:00+01:00,66.29483950136613
2026-02-22 19:00:00+01:00,64.03717150136612
2026-02-22 20:00:00+01:00,61.52980750136612
2026-02-22 21:00:00+01:00,56.92083550136611
2026-02-22 22:00:00+01:00,56.900027501366125
2026-02-22 23:00:00+01:00,54.18458350136612
2026-02-23 00:00:00+01:00,55.74518350136612
2026-02-23 01:00:00+01:00,55.89083950136612
2026-02-23 02:00:00+01:00,56.53588750136612
2026-02-23 03:00:00+01:00,54.87124750136611
2026-02-23 04:00:00+01:00,54.78801550136612
2026-02-23 05:00:00+01:00,56.68154350136612
2026-02-23 06:00:00+01:00,57.243359501366115
2026-02-23 07:00:00+01:00,65.70181150136611
2026-02-23 08:00:00+01:00,67.14796750136611
2026-02-23 09:00:00+01:00,58.85597950136612
2026-02-23 10:00:00+01:00,55.953263501366116
2026-02-23 11:00:00+01:00,56.317403501366115
2026-02-23 12:00:00+01:00,55.027307501366124
2026-02-23 13:00:00+01:00,54.944075501366115
2026-02-23 14:00:00+01:00,54.98569150136612
2026-02-23 15:00:00+01:00,55.953263501366116
2026-02-23 16:00:00+01:00,58.35658750136612
2026-02-23 17:00:00+01:00,70.75815550136612
2026-02-23 18:00:00+01:00,77.48954350136613
2026-02-23 19:00:00+01:00,77.16701950136613
2026-02-23 20:00:00+01:00,70.62290350136612
2026-02-23 21:00:00+01:00,68.21957950136611
2026-02-23 22:00:00+01:00,65.57696350136612
2026-02-23 23:00:00+01:00,62.95515550136612
2026-02-24 00:00:00+01:00,63.589799501366116
2026-02-24 01:00:00+01:00,59.33456350136612
2026-02-24 02:00:00+01:00,56.577503501366124
2026-02-24 03:00:00+01:00,55.82841550136612
2026-02-24 04:00:00+01:00,56.08851550136612
2026-02-24 05:00:00+01:00,57.42022750136612
2026-02-24 06:00:00+01:00,63.51697150136612
2026-02-24 07:00:00+01:00,68.91664750136611
2026-02-24 08:00:00+01:00,68.47967950136612
2026-02-24 09:00:00+01:00,58.616687501366115
2026-02-24 10:00:00+01:00,54.174179501366126
2026-02-24 11:00:00+01:00,51.06338350136612
2026-02-24 12:00:00+01:00,46.01744350136612
2026-02-24 13:00:00+01:00,36.56020750136612
2026-02-24 14:00:00+01:00,51.46913950136612
2026-02-24 15:00:00+01:00,53.279435501366116
2026-02-24 16:00:00+01:00,59.28254350136612
2026-02-24 17:00:00+01:00,72.36037150136612
2026-02-24 18:00:00+01:00,81.23498350136612
2026-02-24 19:00:00+01:00,78.18661150136612
2026-02-24 20:00:00+01:00,71.42401150136611
2026-02-24 21:00:00+01:00,63.43373950136612
2026-02-24 22:00:00+01:00,63.42333550136612
2026-02-24 23:00:00+01:00,58.42941550136612
2026-02-25 00:00:00+01:00,59.39698750136612
2026-02-25 01:00:00+01:00,58.075679501366125
2026-02-25 02:00:00+01:00,55.68275950136612
2026-02-25 03:00:00+01:00,55.13134750136612
2026-02-25 04:00:00+01:00,54.74639950136612
2026-02-25 05:00:00+01:00,55.30821550136612
2026-02-25 06:00:00+01:00,56.03649550136612
2026-02-25 07:00:00+01:00,57.10810750136612
2026-02-25 08:00:00+01:00,57.63871150136612
2026-02-25 09:00:00+01:00,55.27700350136612
2026-02-25 10:00:00+01:00,54.04933150136612
2026-02-25 11:00:00+01:00,46.71451150136612
2026-02-25 12:00:00+01:00,41.78301550136612
2026-02-25 13:00:00+01:00,37.05959950136612
2026-02-25 14:00:00+01:00,41.668571501366124
2026-02-25 15:00:00+01:00,52.15580350136612
2026-02-25 16:00:00+01:00,64.61979550136613
2026-02-25 17:00:00+01:00,71.95461550136612
2026-02-25 18:00:00+01:00,73.70248750136612
2026-02-25 19:00:00+01:00,75.54399550136613
2026-02-25 20:00:00+01:00,70.32118750136613
2026-02-25 21:00:00+01:00,65.84746750136611
2026-02-25 22:00:00+01:00,64.56777550136613
2026-02-25 23:00:00+01:00,61.176071501366124
2026-02-26 00:00:00+01:00,58.897595501366126
2026-02-26 01:00:00+01:00,57.42022750136612
2026-02-26 02:00:00+01:00,56.25497950136612
2026-02-26 03:00:00+01:00,55.54750750136613
2026-02-26 04:00:00+01:00,56.40063550136612
2026-02-26 05:00:00+01:00,59.07446350136612
2026-02-26 06:00:00+01:00,70.83098350136612
2026-02-26 07:00:00+01:00,80.39225950136611
2026-02-26 08:00:00+01:00,82.91002750136612
2026-02-26 09:00:00+01:00,75.23187550136612
2026-02-26 10:00:00+01:00,69.60331150136611
2026-02-26 11:00:00+01:00,65.68100350136612
2026-02-26 12:00:00+01:00,65.35847950136612
2026-02-26 13:00:00+01:00,64.93191550136612
2026-02-26 14:00:00+01:00,64.96312750136612
2026-02-26 15:00:00+01:00,66.01393150136613
2026-02-26 16:00:00+01:00,69.40563550136612
2026-02-26 17:00:00+01:00,78.02014750136613
2026-02-26 18:00:00+01:00,84.59547550136612
2026-02-26 19:00:00+01:00,79.66397950136611
2026-02-26 20:00:00+01:00,72.61006750136612
2026-02-26 21:00:00+01:00,67.99069150136611
2026-02-26 22:00:00+01:00,67.02311950136612
2026-02-26 23:00:00+01:00,64.29727150136613
2026-02-27 00:00:00+01:00,62.497379501366126
2026-02-27 01:00:00+01:00,58.200527501366125
2026-02-27 02:00:00+01:00,57.79477150136612
2026-02-27 03:00:00+01:00,56.87921950136612
2026-02-27 04:00:00+01:00,58.30456750136612
2026-02-27 05:00:00+01:00,64.79666350136613
2026-02-27 06:00:00+01:00,73.31753950136613
2026-02-27 07:00:00+01:00,86.93637550136613
2026-02-27 08:00:00+01:00,92.59615150136612
2026-02-27 09:00:00+01:00,78.32186350136612
2026-02-27 10:00:00+01:00,73.46319550136613
2026-02-27 11:00:00+01:00,71.31997150136613
2026-02-27 12:00:00+01:00,68.04271150136611
2026-02-27 13:00:00+01:00,67.63695550136612
2026-02-27 14:00:00+01:00,68.32361950136612
2026-02-27 15:00:00+01:00,70.86219550136612
2026-02-27 16:00:00+01:00,82.01528350136613
2026-02-27 17:00:00+01:00,98.35996750136611
2026-02-27 18:00:00+01:00,113.41455550136612
2026-02-27 19:00:00+01:00,107.53629550136613
2026-02-27 20:00:00+01:00,87.75829150136612
2026-02-27 21:00:00+01:00,75.74167150136613
2026-02-27 22:00:00+01:00,72.88057150136612
2026-02-27 23:00:00+01:00,68.34442750136613
2026-02-28 00:00:00+01:00,67.94907550136612
2026-02-28 01:00:00+01:00,66.33645550136612
2026-02-28 02:00:00+01:00,65.12959150136612
2026-02-28 03:00:00+01:00,63.51697150136612
2026-02-28 04:00:00+01:00,63.45454750136612
2026-02-28 05:00:00+01:00,67.15837150136612
2026-02-28 06:00:00+01:00,74.55561550136612
2026-02-28 07:00:00+01:00,99.18188350136612
2026-02-28 08:00:00+01:00,102.68803150136613
2026-02-28 09:00:00+01:00,83.70073150136612
2026-02-28 10:00:00+01:00,74.47238350136612
2026-02-28 11:00:00+01:00,69.60331150136611
2026-02-28 12:00:00+01:00,67.32483550136612
2026-02-28 13:00:00+01:00,67.76180350136612
2026-02-28 14:00:00+01:00,68.36523550136612
2026-02-28 15:00:00+01:00,70.32118750136613
2026-02-28 16:00:00+01:00,73.78571950136613
2026-02-28 17:00:00+01:00,82.52507950136612
2026-02-28 18:00:00+01:00,93.09554350136612
2026-02-28 19:00:00+01:00,82.41063550136612
2026-02-28 20:00:00+01:00,73.43198350136612
2026-02-28 21:00:00+01:00,67.25200750136612
2026-02-28 22:00:00+01:00,66.06595150136613
2026-02-28 23:00:00+01:00,63.43373950136612
2026-03-01 00:00:00+01:00,63.881111501366114
2026-03-01 01:00:00+01:00,63.43373950136612
2026-03-01 02:00:00+01:00,63.41293150136612
2026-03-01 03:00:00+01:00,63.63141550136612
2026-03-01 04:00:00+01:00,63.50656750136612
2026-03-01 05:00:00+01:00,63.50656750136612
2026-03-01 06:00:00+01:00,73.81693150136613
2026-03-01 07:00:00+01:00,81.13094350136613
2026-03-01 08:00:00+01:00,81.29740750136612
2026-03-01 09:00:00+01:00,77.19823150136612
2026-03-01 10:00:00+01:00,71.75693950136612
2026-03-01 11:00:00+01:00,70.72694350136612
2026-03-01 12:00:00+01:00,69.69694750136611
2026-03-01 13:00:00+01:00,69.63452350136612
2026-03-01 14:00:00+01:00,69.59290750136613
2026-03-01 15:00:00+01:00,70.86219550136612
2026-03-01 16:00:00+01:00,78.12418750136612
2026-03-01 17:00:00+01:00,88.86111550136611
2026-03-01 18:00:00+01:00,95.35321150136612
2026-03-01 19:00:00+01:00,86.27051950136612
2026-03-01 20:00:00+01:00,76.50116350136612
2026-03-01 21:00:00+01:00,69.74896750136611
2026-03-01 22:00:00+01:00,69.43684750136612
2026-03-01 23:00:00+01:00,64.30767550136612
2026-03-02 00:00:00+01:00,65.41049950136612
2026-03-02 01:00:00+01:00,64.13080750136612
2026-03-02 02:00:00+01:00,63.652223501366116
2026-03-02 03:00:00+01:00,62.32051150136612
2026-03-02 04:00:00+01:00,62.40374350136612
2026-03-02 05:00:00+01:00,62.37253150136612
2026-03-02 06:00:00+01:00,63.00717550136612
2026-03-02 07:00:00+01:00,63.548183501366125
2026-03-02 08:00:00+01:00,64.80706750136612
2026-03-02 09:00:00+01:00,62.58061150136612
2026-03-02 10:00:00+01:00,62.16445150136612
2026-03-02 11:00:00+01:00,59.594663501366114
2026-03-02 12:00:00+01:00,53.99731150136613
2026-03-02 13:00:00+01:00,51.94772350136613
2026-03-02 14:00:00+01:00,57.274571501366125
2026-03-02 15:00:00+01:00,64.24525150136613
2026-03-02 16:00:00+01:00,71.39279950136611
2026-03-02 17:00:00+01:00,79.88246350136612
2026-03-02 18:00:00+01:00,82.66033150136613
2026-03-02 19:00:00+01:00,81.08932750136611
2026-03-02 20:00:00+01:00,73.87935550136612
2026-03-02 21:00:00+01:00,70.75815550136612
2026-03-02 22:00:00+01:00,68.52129550136613
2026-03-02 23:00:00+01:00,64.07878750136612
2026-03-03 00:00:00+01:00,66.06595150136613
2026-03-03 01:00:00+01:00,65.10878350136612
2026-03-03 02:00:00+01:00,59.365775501366116
2026-03-03 03:00:00+01:00,58.88719150136612
2026-03-03 04:00:00+01:00,57.076895501366124
2026-03-03 05:00:00+01:00,58.28375950136612
2026-03-03 06:00:00+01:00,59.64668350136613
2026-03-03 07:00:00+01:00,60.09405550136612
2026-03-03 08:00:00+01:00,60.56223550136612
2026-03-03 09:00:00+01:00,62.39333950136612
2026-03-03 10:00:00+01:00,58.03406350136612
2026-03-03 11:00:00+01:00,55.65154750136612
2026-03-03 12:00:00+01:00,52.03095550136612
2026-03-03 13:00:00+01:00,47.97339550136613
2026-03-03 14:00:00+01:00,51.48994750136612
2026-03-03 15:00:00+01:00,56.44225150136612
2026-03-03 16:00:00+01:00,66.11797150136613
2026-03-03 17:00:00+01:00,76.77166750136611
2026-03-03 18:00:00+01:00,87.44617150136612
2026-03-03 19:00:00+01:00,88.11202750136613
2026-03-03 20:00:00+01:00,82.63952350136611
2026-03-03 21:00:00+01:00,78.15539950136612
2026-03-03 22:00:00+01:00,77.81206750136612
2026-03-03 23:00:00+01:00,74.98217950136612
2026-03-04 00:00:00+01:00,66.59655550136611
2026-03-04 01:00:00+01:00,65.02555150136612
2026-03-04 02:00:00+01:00,64.65100750136612
2026-03-04 03:00:00+01:00,64.93191550136612
2026-03-04 04:00:00+01:00,65.88908350136612
2026-03-04 05:00:00+01:00,69.37442350136611
2026-03-04 06:00:00+01:00,81.37023550136611
2026-03-04 07:00:00+01:00,98.12067550136612
2026-03-04 08:00:00+01:00,106.26700750136612
2026-03-04 09:00:00+01:00,90.32807950136612
2026-03-04 10:00:00+01:00,78.93569950136612
2026-03-04 11:00:00+01:00,77.52075550136611
2026-03-04 12:00:00+01:00,73.68167950136612
2026-03-04 13:00:00+01:00,73.62965950136612
2026-03-04 14:00:00+01:00,73.86895150136613
2026-03-04 15:00:00+01:00,74.40995950136612
2026-03-04 16:00:00+01:00,83.34699550136612
2026-03-04 17:00:00+01:00,96.47684350136612
2026-03-04 18:00:00+01:00,104.72721550136612
2026-03-04 19:00:00+01:00,101.84530750136612
2026-03-04 20:00:00+01:00,83.97123550136612
2026-03-04 21:00:00+01:00,79.03973950136613
2026-03-04 22:00:00+01:00,77.93691550136612
2026-03-04 23:00:00+01:00,72.82855150136612
2026-03-05 00:00:00+01:00,65.85787150136612
2026-03-05 01:00:00+01:00,69.49927150136612
2026-03-05 02:00:00+01:00,69.55129150136612
2026-03-05 03:00:00+01:00,69.54088750136613
2026-03-05 04:00:00+01:00,69.76977550136613
2026-03-05 05:00:00+01:00,69.81139150136612
2026-03-05 06:00:00+01:00,75.81449950136611
2026-03-05 07:00:00+01:00,85.06365550136611
2026-03-05 08:00:00+01:00,89.63101150136612
2026-03-05 09:00:00+01:00,83.12851150136612
2026-03-05 10:00:00+01:00,79.06054750136612
2026-03-05 11:00:00+01:00,77.71843150136613
2026-03-05 12:00:00+01:00,76.14742750136612
2026-03-05 13:00:00+01:00,76.04338750136613
2026-03-05 14:00:00+01:00,76.53237550136613
2026-03-05 15:00:00+01:00,74.98217950136612
2026-03-05 16:00:00+01:00,78.45711550136612
2026-03-05 17:00:00+01:00,86.04163150136613
2026-03-05 18:00:00+01:00,104.85206350136613
2026-03-05 19:00:00+01:00,106.69357150136612
2026-03-05 20:00:00+01:00,89.06919550136612
2026-03-05 21:00:00+01:00,77.95772350136612
2026-03-05 22:00:00+01:00,75.39833950136612
2026-03-05 23:00:00+01:00,73.07824750136612
2026-03-06 00:00:00+01:00,74.53480750136612
2026-03-06 01:00:00+01:00,74.02501150136611
2026-03-06 02:00:00+01:00,73.32794350136612
2026-03-06 03:00:00+01:00,74.38915150136613
2026-03-06 04:00:00+01:00,72.82855150136612
2026-03-06 05:00:00+01:00,74.43076750136612
2026-03-06 06:00:00+01:00,85.82314750136612
2026-03-06 07:00:00+01:00,103.14580750136612
2026-03-06 08:00:00+01:00,114.01798750136612
2026-03-06 09:00:00+01:00,92.62736350136612
2026-03-06 10:00:00+01:00,82.55629150136612
2026-03-06 11:00:00+01:00,79.99690750136612
2026-03-06 12:00:00+01:00,78.79004350136613
2026-03-06 13:00:00+01:00,78.73802350136611
2026-03-06 14:00:00+01:00,78.07216750136611
2026-03-06 15:00:00+01:00,80.61074350136613
2026-03-06 16:00:00+01:00,83.92961950136612
2026-03-06 17:00:00+01:00,99.06743950136612
2026-03-06 18:00:00+01:00,123.20471950136613
2026-03-06 19:00:00+01:00,120.92624350136613
2026-03-06 20:00:00+01:00,99.12986350136612
2026-03-06 21:00:00+01:00,85.06365550136611
2026-03-06 22:00:00+01:00,80.34023950136613
2026-03-06 23:00:00+01:00,78.03055150136612
2026-03-07 00:00:00+01:00,77.05257550136612
2026-03-07 01:00:00+01:00,76.10581150136612
2026-03-07 02:00:00+01:00,76.22025550136611
2026-03-07 03:00:00+01:00,76.11621550136611
2026-03-07 04:00:00+01:00,76.23065950136612
2026-03-07 05:00:00+01:00,78.07216750136611
2026-03-07 06:00:00+01:00,83.87759950136612
2026-03-07 07:00:00+01:00,97.80855550136611
2026-03-07 08:00:00+01:00,95.91502750136613
2026-03-07 09:00:00+01:00,83.66951950136612
2026-03-07 10:00:00+01:00,77.13580750136613
2026-03-07 11:00:00+01:00,76.26187150136612
2026-03-07 12:00:00+01:00,75.00298750136612
2026-03-07 13:00:00+01:00,74.65965550136612
2026-03-07 14:00:00+01:00,71.10148750136612
2026-03-07 15:00:00+01:00,76.01217550136613
2026-03-07 16:00:00+01:00,77.10459550136612
2026-03-07 17:00:00+01:00,83.47184350136612
2026-03-07 18:00:00+01:00,90.65060350136612
2026-03-07 19:00:00+01:00,90.73383550136612
2026-03-07 20:00:00+01:00,82.66033150136613
2026-03-07 21:00:00+01:00,78.67559950136611
2026-03-07 22:00:00+01:00,78.14499550136613
2026-03-07 23:00:00+01:00,77.21903950136613
2026-03-08 00:00:00+01:00,76.07459950136611
2026-03-08 01:00:00+01:00,76.87570750136612
2026-03-08 02:00:00+01:00,76.95893950136612
2026-03-08 03:00:00+01:00,75.35672350136612
2026-03-08 04:00:00+01:00,75.31510750136613
2026-03-08 05:00:00+01:00,75.05500750136612
2026-03-08 06:00:00+01:00,79.50791950136613
2026-03-08 07:00:00+01:00,88.06000750136613
2026-03-08 08:00:00+01:00,83.32618750136612
2026-03-08 09:00:00+01:00,76.25146750136612
2026-03-08 10:00:00+01:00,76.20985150136612
2026-03-08 11:00:00+01:00,75.49197550136613
2026-03-08 12:00:00+01:00,73.49440750136613
2026-03-08 13:00:00+01:00,73.48400350136612
2026-03-08 14:00:00+01:00,73.45279150136612
2026-03-08 15:00:00+01:00,73.48400350136612
2026-03-08 16:00:00+01:00,75.35672350136612
2026-03-08 17:00:00+01:00,80.93326750136612
2026-03-08 18:00:00+01:00,81.40144750136612
2026-03-08 19:00:00+01:00,80.89165150136613
2026-03-08 20:00:00+01:00,77.86408750136613
2026-03-08 21:00:00+01:00,73.39036750136611
2026-03-08 22:00:00+01:00,73.49440750136613
2026-03-08 23:00:00+01:00,69.82179550136613
2026-03-09 00:00:00+01:00,74.61803950136613
2026-03-09 01:00:00+01:00,75.85611550136612
2026-03-09 02:00:00+01:00,75.08621950136613
2026-03-09 03:00:00+01:00,74.63884750136612
2026-03-09 04:00:00+01:00,73.50481150136612
2026-03-09 05:00:00+01:00,73.75450750136612
2026-03-09 06:00:00+01:00,74.56601950136613
2026-03-09 07:00:00+01:00,74.56601950136613
2026-03-09 08:00:00+01:00,70.82057950136611
2026-03-09 09:00:00+01:00,71.35118350136612
2026-03-09 10:00:00+01:00,71.33037550136612
2026-03-09 11:00:00+01:00,70.14431950136613
2026-03-09 12:00:00+01:00,65.90989150136612
2026-03-09 13:00:00+01:00,63.29848750136612
2026-03-09 14:00:00+01:00,70.84138750136613
2026-03-09 15:00:00+01:00,70.88300350136612
2026-03-09 16:00:00+01:00,72.10027150136612
2026-03-09 17:00:00+01:00,72.42279550136612
2026-03-09 18:00:00+01:00,77.97853150136612
2026-03-09 19:00:00+01:00,76.19944750136612
2026-03-09 20:00:00+01:00,75.96015550136612
2026-03-09 21:00:00+01:00,75.24227950136611
2026-03-09 22:00:00+01:00,75.46076350136613
2026-03-09 23:00:00+01:00,72.45400750136612
2026-03-10 00:00:00+01:00,72.73491550136612
2026-03-10 01:00:00+01:00,65.85787150136612
2026-03-10 02:00:00+01:00,65.12959150136612
2026-03-10 03:00:00+01:00,61.54021150136612
2026-03-10 04:00:00+01:00,63.53777950136612
2026-03-10 05:00:00+01:00,60.62465950136612
2026-03-10 06:00:00+01:00,60.05243950136612
2026-03-10 07:00:00+01:00,62.549399501366125
2026-03-10 08:00:00+01:00,71.25754750136612
2026-03-10 09:00:00+01:00,72.96380350136612
2026-03-10 10:00:00+01:00,74.14985950136612
2026-03-10 11:00:00+01:00,72.92218750136612
2026-03-10 12:00:00+01:00,72.74531950136613
2026-03-10 13:00:00+01:00,71.22633550136612
2026-03-10 14:00:00+01:00,69.98825950136612
2026-03-10 15:00:00+01:00,67.77220750136613
2026-03-10 16:00:00+01:00,72.68289550136612
2026-03-10 17:00:00+01:00,72.94299550136613
2026-03-10 18:00:00+01:00,76.04338750136613
2026-03-10 19:00:00+01:00,76.78207150136612
2026-03-10 20:00:00+01:00,76.35550750136612
2026-03-10 21:00:00+01:00,75.23187550136612
2026-03-10 22:00:00+01:00,75.34631950136612
2026-03-10 23:00:00+01:00,72.94299550136613
2026-03-11 00:00:00+01:00,71.42401150136611
2026-03-11 01:00:00+01:00,67.69937950136611
2026-03-11 02:00:00+01:00,67.74099550136613
2026-03-11 03:00:00+01:00,68.72937550136612
2026-03-11 04:00:00+01:00,71.34077950136611
2026-03-11 05:00:00+01:00,73.74410350136611
2026-03-11 06:00:00+01:00,75.62722750136612
2026-03-11 07:00:00+01:00,87.65425150136612
2026-03-11 08:00:00+01:00,92.55453550136612
2026-03-11 09:00:00+01:00,87.37334350136612
2026-03-11 10:00:00+01:00,85.46941150136611
2026-03-11 11:00:00+01:00,84.08567950136612
2026-03-11 12:00:00+01:00,76.78207150136612
2026-03-11 13:00:00+01:00,76.77166750136611
2026-03-11 14:00:00+01:00,76.86530350136611
2026-03-11 15:00:00+01:00,81.33902350136611
2026-03-11 16:00:00+01:00,81.11013550136612
2026-03-11 17:00:00+01:00,93.79261150136611
2026-03-11 18:00:00+01:00,127.40793550136613
2026-03-11 19:00:00+01:00,137.34375550136613
2026-03-11 20:00:00+01:00,109.60669150136611
2026-03-11 21:00:00+01:00,83.83598350136612
2026-03-11 22:00:00+01:00,76.95893950136612
2026-03-11 23:00:00+01:00,75.73126750136612
2026-03-12 00:00:00+01:00,72.16269550136612
2026-03-12 01:00:00+01:00,71.23673950136612
2026-03-12 02:00:00+01:00,70.61249950136612
2026-03-12 03:00:00+01:00,70.45643950136612
2026-03-12 04:00:00+01:00,70.87259950136611
2026-03-12 05:00:00+01:00,72.92218750136612
2026-03-12 06:00:00+01:00,81.20377150136612
2026-03-12 07:00:00+01:00,99.85814350136613
2026-03-12 08:00:00+01:00,101.21066350136613
2026-03-12 09:00:00+01:00,87.36293950136613
2026-03-12 10:00:00+01:00,80.48589550136612
2026-03-12 11:00:00+01:00,76.56358750136613
2026-03-12 12:00:00+01:00,74.99258350136613
2026-03-12 13:00:00+01:00,75.73126750136612
2026-03-12 14:00:00+01:00,74.94056350136613
2026-03-12 15:00:00+01:00,77.08378750136613
2026-03-12 16:00:00+01:00,84.97001950136612
2026-03-12 17:00:00+01:00,105.99650350136612
2026-03-12 18:00:00+01:00,127.39753150136613
2026-03-12 19:00:00+01:00,116.95191550136612
2026-03-12 20:00:00+01:00,90.32807950136612
2026-03-12 21:00:00+01:00,79.96569550136613
2026-03-12 22:00:00+01:00,77.15661550136612
2026-03-12 23:00:00+01:00,71.87138350136613
2026-03-13 00:00:00+01:00,65.46251950136613
2026-03-13 01:00:00+01:00,67.92826750136612
2026-03-13 02:00:00+01:00,67.76180350136612
2026-03-13 03:00:00+01:00,66.70059550136612
2026-03-13 04:00:00+01:00,67.21039150136612
2026-03-13 05:00:00+01:00,68.53169950136612
2026-03-13 06:00:00+01:00,72.98461150136612
2026-03-13 07:00:00+01:00,84.52264750136612
2026-03-13 08:00:00+01:00,85.46941150136611
2026-03-13 09:00:00+01:00,77.80166350136612
2026-03-13 10:00:00+01:00,72.44360350136611
2026-03-13 11:00:00+01:00,71.71532350136611
2026-03-13 12:00:00+01:00,69.82179550136613
2026-03-13 13:00:00+01:00,70.16512750136611
2026-03-13 14:00:00+01:00,70.46684350136613
2026-03-13 15:00:00+01:00,71.37199150136613
2026-03-13 16:00:00+01:00,72.46441150136611
2026-03-13 17:00:00+01:00,85.70870350136612
2026-03-13 18:00:00+01:00,94.89543550136611
2026-03-13 19:00:00+01:00,90.91070350136611
2026-03-13 20:00:00+01:00,79.95529150136612
2026-03-13 21:00:00+01:00,72.11067550136613
2026-03-13 22:00:00+01:00,70.88300350136612
2026-03-13 23:00:00+01:00,69.46805950136611
2026-03-14 00:00:00+01:00,69.78017950136612
2026-03-14 01:00:00+01:00,69.23917150136612
2026-03-14 02:00:00+01:00,68.79179950136611
2026-03-14 03:00:00+01:00,68.22998350136612
2026-03-14 04:00:00+01:00,68.24038750136613
2026-03-14 05:00:00+01:00,69.79058350136611
2026-03-14 06:00:00+01:00,77.98893550136611
2026-03-14 07:00:00+01:00,90.58817950136611
2026-03-14 08:00:00+01:00,87.37334350136612
2026-03-14 09:00:00+01:00,71.08067950136612
2026-03-14 10:00:00+01:00,70.51886350136613
2026-03-14 11:00:00+01:00,70.48765150136612
2026-03-14 12:00:00+01:00,67.02311950136612
2026-03-14 13:00:00+01:00,65.87867950136612
2026-03-14 14:00:00+01:00,68.10513550136612
2026-03-14 15:00:00+01:00,70.62290350136612
2026-03-14 16:00:00+01:00,72.94299550136613
2026-03-14 17:00:00+01:00,87.73748350136611
2026-03-14 18:00:00+01:00,100.54480750136612
2026-03-14 19:00:00+01:00,94.26079150136611
2026-03-14 20:00:00+01:00,78.29065150136613
2026-03-14 21:00:00+01:00,72.42279550136612
2026-03-14 22:00:00+01:00,72.40198750136612
2026-03-14 23:00:00+01:00,70.62290350136612
2026-03-15 00:00:00+01:00,68.92705150136612
2026-03-15 01:00:00+01:00,68.90624350136613
2026-03-15 02:00:00+01:00,68.87503150136612
2026-03-15 03:00:00+01:00,68.81260750136613
2026-03-15 04:00:00+01:00,68.80220350136612
2026-03-15 05:00:00+01:00,69.55129150136612
2026-03-15 06:00:00+01:00,71.80895950136612
2026-03-15 07:00:00+01:00,72.9533995013661
2026-03-15 08:00:00+01:00,72.77653150136612
2026-03-15 09:00:00+01:00,71.90259550136612
2026-03-15 10:00:00+01:00,71.92340350136612
2026-03-15 11:00:00+01:00,72.18350350136612
2026-03-15 12:00:00+01:00,72.16269550136612
2026-03-15 13:00:00+01:00,71.92340350136612
2026-03-15 14:00:00+01:00,71.88178750136613
2026-03-15 15:00:00+01:00,71.88178750136613
2026-03-15 16:00:00+01:00,71.59047550136613
2026-03-15 17:00:00+01:00,76.33469950136612
2026-03-15 18:00:00+01:00,82.53548350136612
2026-03-15 19:00:00+01:00,78.45711550136612
2026-03-15 20:00:00+01:00,73.42157950136611
2026-03-15 21:00:00+01:00,69.80098750136612
2026-03-15 22:00:00+01:00,68.85422350136612
2026-03-15 23:00:00+01:00,68.44846750136611
2026-03-16 00:00:00+01:00,71.78815150136613
2026-03-16 01:00:00+01:00,71.16391150136612
2026-03-16 02:00:00+01:00,70.79977150136612
2026-03-16 03:00:00+01:00,69.49927150136612
2026-03-16 04:00:00+01:00,68.54210350136611
2026-03-16 05:00:00+01:00,68.55250750136612
2026-03-16 06:00:00+01:00,68.75018350136612
2026-03-16 07:00:00+01:00,68.46927550136613
2026-03-16 08:00:00+01:00,68.36523550136612
2026-03-16 09:00:00+01:00,68.44846750136611
2026-03-16 10:00:00+01:00,68.15715550136612
2026-03-16 11:00:00+01:00,66.14918350136612
2026-03-16 12:00:00+01:00,55.19377150136612
2026-03-16 13:00:00+01:00,45.86138350136612
2026-03-16 14:00:00+01:00,58.93921150136612
2026-03-16 15:00:00+01:00,66.74221150136611
2026-03-16 16:00:00+01:00,69.69694750136611
2026-03-16 17:00:00+01:00,72.83895550136612
2026-03-16 18:00:00+01:00,78.65479150136612
2026-03-16 19:00:00+01:00,81.70316350136612
2026-03-16 20:00:00+01:00,74.99258350136613
2026-03-16 21:00:00+01:00,72.48521950136613
2026-03-16 22:00:00+01:00,71.82976750136612
2026-03-16 23:00:00+01:00,68.65654750136612
2026-03-17 00:00:00+01:00,67.22079550136613
2026-03-17 01:00:00+01:00,64.66141150136612
2026-03-17 02:00:00+01:00,60.77031550136612
2026-03-17 03:00:00+01:00,57.51386350136612
2026-03-17 04:00:00+01:00,54.70478350136612
2026-03-17 05:00:00+01:00,54.30943150136612
2026-03-17 06:00:00+01:00,60.46859950136612
2026-03-17 07:00:00+01:00,58.12769950136612
2026-03-17 08:00:00+01:00,51.13621150136612
2026-03-17 09:00:00+01:00,43.03149550136612
2026-03-17 10:00:00+01:00,38.016767501366125
2026-03-17 11:00:00+01:00,37.902323501366126
2026-03-17 12:00:00+01:00,37.98555550136612
2026-03-17 13:00:00+01:00,33.94880350136612
2026-03-17 14:00:00+01:00,38.89070350136612
2026-03-17 15:00:00+01:00,51.88529950136612
2026-03-17 16:00:00+01:00,68.02190350136613
2026-03-17 17:00:00+01:00,81.31821550136613
2026-03-17 18:00:00+01:00,87.60223150136613
2026-03-17 19:00:00+01:00,88.88192350136612
2026-03-17 20:00:00+01:00,81.83841550136611
2026-03-17 21:00:00+01:00,74.37874750136612
2026-03-17 22:00:00+01:00,72.27713950136612
2026-03-17 23:00:00+01:00,68.07392350136611
2026-03-18 00:00:00+01:00,67.75139950136611
2026-03-18 01:00:00+01:00,65.76423550136612
2026-03-18 02:00:00+01:00,62.55980350136612
2026-03-18 03:00:00+01:00,59.41779550136612
2026-03-18 04:00:00+01:00,65.76423550136612
2026-03-18 05:00:00+01:00,69.35361550136612
2026-03-18 06:00:00+01:00,79.36226350136613
2026-03-18 07:00:00+01:00,91.16039950136611
2026-03-18 08:00:00+01:00,90.19282750136612
2026-03-18 09:00:00+01:00,82.04649550136612
2026-03-18 10:00:00+01:00,77.00055550136611
2026-03-18 11:00:00+01:00,76.46995150136613
2026-03-18 12:00:00+01:00,74.18107150136612
2026-03-18 13:00:00+01:00,73.43198350136612
2026-03-18 14:00:00+01:00,72.96380350136612
2026-03-18 15:00:00+01:00,74.90935150136612
2026-03-18 16:00:00+01:00,85.27173550136612
2026-03-18 17:00:00+01:00,104.04055150136612
2026-03-18 18:00:00+01:00,135.22133950136612
2026-03-18 19:00:00+01:00,127.45995550136611
2026-03-18 20:00:00+01:00,96.98663950136611
2026-03-18 21:00:00+01:00,82.43144350136613
2026-03-18 22:00:00+01:00,79.06054750136612
2026-03-18 23:00:00+01:00,74.55561550136612
2026-03-19 00:00:00+01:00,76.04338750136613
2026-03-19 01:00:00+01:00,74.20187950136612
2026-03-19 02:00:00+01:00,73.56723550136611
2026-03-19 03:00:00+01:00,72.43319950136612
2026-03-19 04:00:00+01:00,73.52561950136612
2026-03-19 05:00:00+01:00,77.02136350136612
2026-03-19 06:00:00+01:00,90.79625950136612
2026-03-19 07:00:00+01:00,103.01055550136611
2026-03-19 08:00:00+01:00,94.68735550136611
2026-03-19 09:00:00+01:00,80.34023950136613
2026-03-19 10:00:00+01:00,73.27592350136612
2026-03-19 11:00:00+01:00,72.04825150136612
2026-03-19 12:00:00+01:00,57.32659150136612
2026-03-19 13:00:00+01:00,60.20849950136612
2026-03-19 14:00:00+01:00,64.04757550136613
2026-03-19 15:00:00+01:00,72.92218750136612
2026-03-19 16:00:00+01:00,82.28578750136613
2026-03-19 17:00:00+01:00,110.34537550136614
2026-03-19 18:00:00+01:00,139.11243550136612
2026-03-19 19:00:00+01:00,130.06095550136612
2026-03-19 20:00:00+01:00,108.31659550136612
2026-03-19 21:00:00+01:00,85.66708750136613
2026-03-19 22:00:00+01:00,83.18053150136613
2026-03-19 23:00:00+01:00,79.83044350136613
2026-03-20 00:00:00+01:00,78.16580350136611
2026-03-20 01:00:00+01:00,77.33348350136612
2026-03-20 02:00:00+01:00,77.09419150136611
2026-03-20 03:00:00+01:00,77.05257550136612
2026-03-20 04:00:00+01:00,77.11499950136611
2026-03-20 05:00:00+01:00,80.63155150136612
2026-03-20 06:00:00+01:00,102.96893950136612
2026-03-20 07:00:00+01:00,121.74815950136612
2026-03-20 08:00:00+01:00,107.65073950136612
2026-03-20 09:00:00+01:00,77.25025150136612
2026-03-20 10:00:00+01:00,74.08743550136612
2026-03-20 11:00:00+01:00,70.99744750136611
2026-03-20 12:00:00+01:00,60.99920350136612
2026-03-20 13:00:00+01:00,63.766667501366115
2026-03-20 14:00:00+01:00,70.55007550136612
2026-03-20 15:00:00+01:00,77.09419150136611
2026-03-20 16:00:00+01:00,89.27727550136612
2026-03-20 17:00:00+01:00,114.0491995013661
2026-03-20 18:00:00+01:00,151.4307715013661
2026-03-20 19:00:00+01:00,149.85976750136615
2026-03-20 20:00:00+01:00,126.25309150136611
2026-03-20 21:00:00+01:00,97.65249550136612
2026-03-20 22:00:00+01:00,85.59425950136612
2026-03-20 23:00:00+01:00,79.40387950136612
2026-03-21 00:00:00+01:00,78.16580350136611
2026-03-21 01:00:00+01:00,76.66762750136613
2026-03-21 02:00:00+01:00,76.14742750136612
2026-03-21 03:00:00+01:00,72.62047150136613
2026-03-21 04:00:00+01:00,72.97420750136612
2026-03-21 05:00:00+01:00,76.65722350136612
2026-03-21 06:00:00+01:00,85.62547150136612
2026-03-21 07:00:00+01:00,99.95177950136612
2026-03-21 08:00:00+01:00,92.50251550136612
2026-03-21 09:00:00+01:00,78.35307550136612
2026-03-21 10:00:00+01:00,76.62601150136611
2026-03-21 11:00:00+01:00,75.43995550136611
2026-03-21 12:00:00+01:00,70.51886350136613
2026-03-21 13:00:00+01:00,69.64492750136613
2026-03-21 14:00:00+01:00,69.66573550136611
2026-03-21 15:00:00+01:00,75.07581550136612
2026-03-21 16:00:00+01:00,77.99933950136612
2026-03-21 17:00:00+01:00,97.32997150136612
2026-03-21 18:00:00+01:00,129.06217150136612
2026-03-21 19:00:00+01:00,129.20782750136613
2026-03-21 20:00:00+01:00,98.11027150136613
2026-03-21 21:00:00+01:00,80.20498750136613
2026-03-21 22:00:00+01:00,78.31145950136612
2026-03-21 23:00:00+01:00,76.77166750136611
2026-03-22 00:00:00+01:00,70.35239950136611
2026-03-22 01:00:00+01:00,70.52926750136612
2026-03-22 02:00:00+01:00,70.70613550136612
2026-03-22 03:00:00+01:00,70.20674350136613
2026-03-22 04:00:00+01:00,70.61249950136612
2026-03-22 05:00:00+01:00,72.64127950136611
2026-03-22 06:00:00+01:00,74.82611950136612
2026-03-22 07:00:00+01:00,75.45035950136612
2026-03-22 08:00:00+01:00,75.32551150136611
2026-03-22 09:00:00+01:00,75.07581550136612
2026-03-22 10:00:00+01:00,72.61006750136612
2026-03-22 11:00:00+01:00,67.79301550136611
2026-03-22 12:00:00+01:00,65.31686350136613
2026-03-22 13:00:00+01:00,64.92151150136611
2026-03-22 14:00:00+01:00,62.43495550136612
2026-03-22 15:00:00+01:00,67.31443150136613
2026-03-22 16:00:00+01:00,71.00785150136612
2026-03-22 17:00:00+01:00,86.13526750136612
2026-03-22 18:00:00+01:00,116.71262350136612
2026-03-22 19:00:00+01:00,114.61101550136613
2026-03-22 20:00:00+01:00,83.91921550136612
2026-03-22 21:00:00+01:00,76.87570750136612
2026-03-22 22:00:00+01:00,75.20066350136612
2026-03-22 23:00:00+01:00,73.40077150136612
2026-03-23 00:00:00+01:00,72.57885550136612
2026-03-23 01:00:00+01:00,72.36037150136612
2026-03-23 02:00:00+01:00,72.31875550136611
2026-03-23 03:00:00+01:00,69.43684750136612
2026-03-23 04:00:00+01:00,69.37442350136611
2026-03-23 05:00:00+01:00,70.74775150136612
2026-03-23 06:00:00+01:00,70.77896350136612
2026-03-23 07:00:00+01:00,72.32915950136612
2026-03-23 08:00:00+01:00,72.58925950136612
2026-03-23 09:00:00+01:00,69.97785550136611
2026-03-23 10:00:00+01:00,55.06892350136612
2026-03-23 11:00:00+01:00,36.38333950136612
2026-03-23 12:00:00+01:00,-9.259008498633875
2026-03-23 13:00:00+01:00,-15.19969249863388
2026-03-23 14:00:00+01:00,-12.77556049863388
2026-03-23 15:00:00+01:00,49.79409550136612
2026-03-23 16:00:00+01:00,65.25443950136612
2026-03-23 17:00:00+01:00,72.59966350136612
2026-03-23 18:00:00+01:00,74.07703150136612
2026-03-23 19:00:00+01:00,72.64127950136611
2026-03-23 20:00:00+01:00,72.41239150136612
2026-03-23 21:00:00+01:00,73.67127550136613
2026-03-23 22:00:00+01:00,72.33956350136613
2026-03-23 23:00:00+01:00,65.17120750136613
2026-03-24 00:00:00+01:00,18.561287501366117
2026-03-24 01:00:00+01:00,6.086891501366125
2026-03-24 02:00:00+01:00,10.903943501366115
2026-03-24 03:00:00+01:00,9.062435501366124
2026-03-24 04:00:00+01:00,8.750315501366117
2026-03-24 05:00:00+01:00,9.208091501366113
2026-03-24 06:00:00+01:00,8.77112350136612
2026-03-24 07:00:00+01:00,7.3249675013661175
2026-03-24 08:00:00+01:00,-3.15186049863388
2026-03-24 09:00:00+01:00,-5.4719524986338826
2026-03-24 10:00:00+01:00,-5.087004498633874
2026-03-24 11:00:00+01:00,-3.9737764986338817
2026-03-24 12:00:00+01:00,-6.283464498633876
2026-03-24 13:00:00+01:00,-10.091328498633885
2026-03-24 14:00:00+01:00,-9.539916498633872
2026-03-24 15:00:00+01:00,-4.24428049863387
2026-03-24 16:00:00+01:00,8.729507501366129
2026-03-24 17:00:00+01:00,52.14539950136612
2026-03-24 18:00:00+01:00,72.45400750136612
2026-03-24 19:00:00+01:00,75.76247950136612
2026-03-24 20:00:00+01:00,74.91975550136611
2026-03-24 21:00:00+01:00,73.43198350136612
2026-03-24 22:00:00+01:00,73.92097150136613
2026-03-24 23:00:00+01:00,72.58925950136612
2026-03-25 00:00:00+01:00,61.21768750136612
2026-03-25 01:00:00+01:00,60.53102350136612
2026-03-25 02:00:00+01:00,60.58304350136612
2026-03-25 03:00:00+01:00,61.20728350136612
2026-03-25 04:00:00+01:00,66.74221150136611
2026-03-25 05:00:00+01:00,73.94177950136611
2026-03-25 06:00:00+01:00,81.78639550136612
2026-03-25 07:00:00+01:00,94.55210350136612
2026-03-25 08:00:00+01:00,89.93272750136612
2026-03-25 09:00:00+01:00,77.08378750136613
2026-03-25 10:00:00+01:00,66.34685950136611
2026-03-25 11:00:00+01:00,61.45697950136612
2026-03-25 12:00:00+01:00,59.240927501366116
2026-03-25 13:00:00+01:00,59.78193550136612
2026-03-25 14:00:00+01:00,60.58304350136612
2026-03-25 15:00:00+01:00,69.12472750136612
2026-03-25 16:00:00+01:00,76.99015150136613
2026-03-25 17:00:00+01:00,104.04055150136612
2026-03-25 18:00:00+01:00,144.2416075013661
2026-03-25 19:00:00+01:00,145.00109950136613
2026-03-25 20:00:00+01:00,105.62195950136612
2026-03-25 21:00:00+01:00,82.45225150136612
2026-03-25 22:00:00+01:00,79.72640350136612
2026-03-25 23:00:00+01:00,75.77288350136612
2026-03-26 00:00:00+01:00,80.13215950136612
2026-03-26 01:00:00+01:00,77.55196750136612
2026-03-26 02:00:00+01:00,75.79369150136611
2026-03-26 03:00:00+01:00,73.86895150136613
2026-03-26 04:00:00+01:00,73.87935550136612
2026-03-26 05:00:00+01:00,75.77288350136612
2026-03-26 06:00:00+01:00,81.05811550136612
2026-03-26 07:00:00+01:00,82.26497950136611
2026-03-26 08:00:00+01:00,78.57155950136612
2026-03-26 09:00:00+01:00,74.81571550136611
2026-03-26 10:00:00+01:00,71.86097950136612
2026-03-26 11:00:00+01:00,67.74099550136613
2026-03-26 12:00:00+01:00,61.16566750136612
2026-03-26 13:00:00+01:00,61.52980750136612
2026-03-26 14:00:00+01:00,61.69627150136612
2026-03-26 15:00:00+01:00,73.90016350136612
2026-03-26 16:00:00+01:00,75.52318750136612
2026-03-26 17:00:00+01:00,81.60952750136612
2026-03-26 18:00:00+01:00,98.44319950136611
2026-03-26 19:00:00+01:00,98.98420750136613
2026-03-26 20:00:00+01:00,81.52629550136612
2026-03-26 21:00:00+01:00,76.57399150136612
2026-03-26 22:00:00+01:00,76.83409150136612
2026-03-26 23:00:00+01:00,75.78328750136613
2026-03-27 00:00:00+01:00,81.13094350136613
2026-03-27 01:00:00+01:00,80.02811950136612
2026-03-27 02:00:00+01:00,80.11135150136613
2026-03-27 03:00:00+01:00,77.12540350136612
2026-03-27 04:00:00+01:00,76.99015150136613
2026-03-27 05:00:00+01:00,81.32861950136612
2026-03-27 06:00:00+01:00,85.67749150136612
2026-03-27 07:00:00+01:00,91.94069950136611
2026-03-27 08:00:00+01:00,84.95961550136612
2026-03-27 09:00:00+01:00,81.49508350136612
2026-03-27 10:00:00+01:00,81.48467950136612
2026-03-27 11:00:00+01:00,81.44306350136613
2026-03-27 12:00:00+01:00,81.13094350136613
2026-03-27 13:00:00+01:00,81.11013550136612
2026-03-27 14:00:00+01:00,80.80841950136613
2026-03-27 15:00:00+01:00,81.37023550136611
2026-03-27 16:00:00+01:00,86.54102350136611
2026-03-27 17:00:00+01:00,100.96096750136611
2026-03-27 18:00:00+01:00,125.71208350136612
2026-03-27 19:00:00+01:00,121.84179550136612
2026-03-27 20:00:00+01:00,93.77180350136612
2026-03-27 21:00:00+01:00,83.31578350136613
2026-03-27 22:00:00+01:00,81.47427550136612
2026-03-27 23:00:00+01:00,77.06297950136612
2026-03-28 00:00:00+01:00,74.16026350136613
2026-03-28 01:00:00+01:00,73.93137550136612
2026-03-28 02:00:00+01:00,70.93502350136612
2026-03-28 03:00:00+01:00,65.01514750136612
2026-03-28 04:00:00+01:00,69.88421950136612
2026-03-28 05:00:00+01:00,76.25146750136612
2026-03-28 06:00:00+01:00,84.60587950136612
2026-03-28 07:00:00+01:00,84.30416350136612
2026-03-28 08:00:00+01:00,81.29740750136612
2026-03-28 09:00:00+01:00,80.29862350136611
2026-03-28 10:00:00+01:00,79.11256750136612
2026-03-28 11:00:00+01:00,80.10094750136612
2026-03-28 12:00:00+01:00,74.10824350136613
2026-03-28 13:00:00+01:00,72.63087550136612
2026-03-28 14:00:00+01:00,72.58925950136612
2026-03-28 15:00:00+01:00,73.87935550136612
2026-03-28 16:00:00+01:00,75.08621950136613
2026-03-28 17:00:00+01:00,74.50359550136612
2026-03-28 18:00:00+01:00,80.79801550136612
2026-03-28 19:00:00+01:00,79.80963550136612
2026-03-28 20:00:00+01:00,76.24106350136613
2026-03-28 21:00:00+01:00,77.06297950136612
2026-03-28 22:00:00+01:00,76.86530350136611
2026-03-28 23:00:00+01:00,72.65168350136612
2026-03-29 00:00:00+01:00,71.88178750136613
2026-03-29 01:00:00+01:00,66.69019150136612
2026-03-29 02:00:00+01:00,62.70545950136612
2026-03-29 03:00:00+01:00,62.83030750136612
2026-03-29 04:00:00+01:00,62.29970350136612
2026-03-29 05:00:00+01:00,69.40563550136612
2026-03-29 06:00:00+01:00,60.98879950136612
2026-03-29 07:00:00+01:00,61.64425150136613
2026-03-29 08:00:00+01:00,61.248899501366125
2026-03-29 09:00:00+01:00,61.10324350136612
2026-03-29 10:00:00+01:00,60.81193150136612
2026-03-29 11:00:00+01:00,59.615471501366116
2026-03-29 12:00:00+01:00,59.90678350136612
2026-03-29 13:00:00+01:00,53.40428350136612
2026-03-29 14:00:00+01:00,54.71518750136612
2026-03-29 15:00:00+01:00,60.749507501366125
2026-03-29 16:00:00+01:00,61.39455550136612
2026-03-29 17:00:00+01:00,71.64249550136613
2026-03-29 18:00:00+01:00,84.35618350136612
2026-03-29 19:00:00+01:00,92.76261550136613
2026-03-29 20:00:00+01:00,83.89840750136612
2026-03-29 21:00:00+01:00,75.08621950136613
2026-03-29 22:00:00+01:00,72.41239150136612
2026-03-29 23:00:00+01:00,66.20120350136612
2026-03-30 00:00:00+01:00,61.196879501366126
2026-03-30 01:00:00+01:00,56.62952350136612
2026-03-30 02:00:00+01:00,53.269031501366115
2026-03-30 03:00:00+01:00,52.46792350136612
2026-03-30 04:00:00+01:00,54.07013950136612
2026-03-30 05:00:00+01:00,54.86084350136612
2026-03-30 06:00:00+01:00,51.44833150136612
2026-03-30 07:00:00+01:00,39.63979150136612
2026-03-30 08:00:00+01:00,35.530211501366125
2026-03-30 09:00:00+01:00,27.758423501366117
2026-03-30 10:00:00+01:00,17.281595501366127
2026-03-30 11:00:00+01:00,12.256463501366127
2026-03-30 12:00:00+01:00,5.92042750136612
2026-03-30 13:00:00+01:00,-1.2583324986338909
2026-03-30 14:00:00+01:00,8.667083501366122
2026-03-30 15:00:00+01:00,23.211875501366123
2026-03-30 16:00:00+01:00,40.232819501366116
2026-03-30 17:00:00+01:00,70.73734750136612
2026-03-30 18:00:00+01:00,81.81760750136613
2026-03-30 19:00:00+01:00,83.43022750136612
2026-03-30 20:00:00+01:00,72.22511950136612
2026-03-30 21:00:00+01:00,65.29605550136611
2026-03-30 22:00:00+01:00,61.70667550136612
2026-03-30 23:00:00+01:00,57.12891550136612
2026-03-31 00:00:00+01:00,66.58615150136612
2026-03-31 01:00:00+01:00,59.740319501366116
,55.72437550136612
,56.02609150136612
,55.92205150136613
,57.12891550136612
,57.05608750136612
,56.972855501366126
,52.45751950136612
,37.60060750136613
,17.47927150136612
,-0.46762849863388567
,-3.203880498633879
,-5.055792498633878
,3.423467501366119
,39.07797550136612
,57.22255150136613
,72.89097550136613
,72.58925950136612
,74.58682750136612
,74.46197950136612
,66.96069550136612
,62.33091550136612
,42.94826350136612
,38.557775501366116
,38.57858350136612
,38.19363550136612
,39.03635950136612
,41.855843501366124
,46.05905950136612
,46.246331501366114
,44.66492350136612
,41.231603501366116
,33.37658350136612
,25.41752350136612
,14.24362750136612
,4.952855501366116
,-8.270628498633883
,-8.020932498633883
,-5.170236498633869
,4.692755501366108
,27.373475501366123
,45.965423501366125
,48.28551550136612
,42.28240750136612
,33.43900750136613
,24.574799501366122
,11.060003501366126
,8.39657950136612
,4.8488155013661185
,2.0605435013661264
,6.492647501366122
,21.464003501366122
,55.245791501366114
,71.17431550136612
,73.10945950136612
,66.90867550136613
,64.32848350136612
,56.74396750136612
,52.176611501366125
,52.38469150136612
,51.72923950136612
,56.08851550136612
,63.15283150136612
,71.11189150136612
,65.78504350136613
,81.48467950136612
,81.94245550136611
,74.07703150136612
,72.59966350136612
,67.26241150136612
,72.02744350136612
,72.00663550136612
,71.89219150136611
,72.30835150136612
,72.26673550136611
,74.21228350136612
,89.16283150136613
,119.3968555013661
,118.53332350136611
,90.34888750136612
,77.14621150136611
,75.16945150136613
,74.17066750136611
,74.01460750136613
,74.34753550136611
,74.01460750136613
,74.99258350136613
,76.62601150136611
,96.18553150136613
,113.77869550136612
,104.13418750136613
,75.20066350136612
,74.05622350136612
,71.17431550136612
,68.61493150136613
,67.66816750136611
,67.92826750136612
,67.72018750136613
,67.46008750136613
,69.22876750136612
,69.94664350136613
,75.59601550136613
,75.97055950136613
,69.93623950136612
,66.85665550136612
,65.02555150136612
,57.73234750136612
,56.05730350136612
,56.81679550136612
,55.20417550136612
,56.73356350136612
,63.41293150136612
,71.79855550136611
,85.07405950136612
,79.63276750136612
,69.87381550136612
,68.79179950136611
,67.23119950136612
,55.81801150136612
,55.33942750136612
,55.30821550136612
,54.96488350136612
,55.48508350136612
,62.95515550136612
,76.06419550136613
,84.40820350136612
,80.18417950136612
,67.61614750136611
,56.80639150136612
,55.08973150136612
,50.75126350136612
,43.77017950136612
,34.09445950136612
,50.00217550136612
,52.728023501366124
,54.99609550136613
,66.31564750136612
,69.57209950136611
,67.70978350136612
,60.936779501366125
,58.991231501366116
,55.401851501366124
,50.58479950136612
,51.19863550136611
,50.93853550136612
,50.501567501366125
,50.48075950136612
,52.84246750136612
,55.06892350136612
,54.95447950136612
,52.73842750136612
,44.18633950136612
,5.015279501366123
,-9.883248498633876
,-22.055928498633875
,-58.60518049863387
,-55.067820498633864
,-24.57369649863388
,-6.543564498633884
,26.36428750136612
,57.86759950136612
,64.73423950136612
,58.93921150136612
,53.62276750136613
,53.14418350136612
,50.241467501366124
,49.06581550136612
,17.687351501366123
,9.967583501366121
,9.197687501366119
,8.71910350136612
,12.44373550136612
,28.070543501366117
,9.499403501366118
,-2.0282284986338794
,-4.754076498633879
,-8.291436498633871
,-18.63301249863389
,-38.06768449863388
,-67.97918449863386
,-61.09173649863388
,-28.953780498633876
,-6.283464498633876
,29.66235550136612
,72.29794750136612
,74.74288750136613
,77.84327950136611
,75.02379550136612
,72.45400750136612
,68.93745550136612
,66.03473950136612
,63.32969950136612
,62.00839150136612
,64.38050350136612
,67.32483550136612
,73.58804350136613
,86.19769150136612
,109.66911550136612
,107.43225550136611
,85.16769550136613
,72.36037150136612
,63.766667501366115
,51.93731950136612
,50.917727501366116
,51.63560350136612
,60.198095501366126
,70.77896350136612
,79.49751550136612
,89.95353550136612
,97.49643550136612
,91.49332750136612
,81.39104350136613
,75.06541150136611
,68.71897150136613
,69.93623950136612
,65.98271950136612
,62.799095501366125
,61.124051501366125
,60.47900350136612
,71.94421150136611
,78.06176350136613
,83.48224750136612
,78.46751950136613
,68.85422350136612
,69.13513150136613
,70.20674350136613
,66.15958750136613
,65.50413550136612
,65.09837950136611
,66.67978750136612
,66.11797150136613
,60.38536750136612
,67.34564350136613
,71.31997150136613
,69.92583550136612
,64.35969550136612
,63.610607501366125
,54.527915501366124
,57.00406750136612
,57.690731501366116
,58.35658750136612
,57.23295550136612
,57.253763501366116
,59.636279501366126
,74.61803950136613
,88.12243150136612
,85.31335150136613
,73.42157950136611
,64.56777550136613
,58.86638350136612
,59.16809950136612
,57.96123550136612
,56.63992750136612
,56.04689950136612
,57.76355950136612
,74.2538995013661
,100.57601950136612
,121.57129150136612
,123.01744750136612
,94.64573950136612
,85.36537150136613
,71.74653550136611
,64.97353150136612
,58.450223501366125
,58.81436350136612
,58.65830350136612
,57.940427501366116
,63.69383950136612
,75.48157150136612
,81.38063950136612
,79.21660750136613
,58.47103150136612
,56.33821150136612
,46.891379501366124
,8.687891501366124
,8.615063501366123
,7.429007501366129
,26.84287150136612
,54.62155150136613
,75.09662350136611
,90.16161550136611
,128.51075950136612
,130.05055150136613
,92.96029150136611
,80.93326750136612
,76.51156750136612
,71.60087950136612
,68.65654750136612
,66.99190750136613
,66.00352750136612
,65.83706350136612
,72.42279550136612
,86.19769150136612
,88.99636750136611
,81.28700350136612
,63.80828350136612
,37.558991501366116
,17.29199950136612
,1.07216350136612
,-7.438308498633887
,-6.137808498633888
,-4.566804498633871
,17.572907501366124
,53.69559550136613
,79.12297150136612
,90.66100750136613
,91.65979150136612
,87.58142350136612
,74.23309150136612
,65.02555150136612
,64.67181550136613
,54.84003550136612
,49.00339150136612
,40.32645550136612
,38.49535150136612
,41.79341950136612
,55.49548750136612
,54.215795501366124
,36.61222750136612
,6.388607501366124
,-5.097408498633882
,-12.515460498633871
,-29.432364498633888
,-56.90932849863387
,-57.096600498633876
,-37.38102049863387
,-16.99958449863388
,7.116887501366108
,62.497379501366126
,78.55075150136612
,80.57953150136612
,58.15891150136612
,57.274571501366125
,55.25619550136612
,22.63965550136612
,8.739911501366109
,8.739911501366109
,4.276595501366117
,0.7288315013661304
,4.495079501366121
,8.750315501366117
,2.5079155013661136
,-5.357508498633877
,-16.510596498633888
,-30.88892449863387
,-52.59166849863388
,-71.50614049863387
,-98.2548244986339
,-98.27563249863388
,-67.61504449863386
,-36.059712498633886
,-9.248604498633881
,44.19674350136612
,79.35185950136612
,84.08567950136612
,84.38739550136613
,85.38617950136612
,81.77599150136612
,77.02136350136612
,73.01582350136611
,67.55372350136612
,66.30524350136614
,66.84625150136613
,78.22822750136612
,92.74180750136613
,108.93043150136613
,104.16539950136611
,84.33537550136613
,77.99933950136612
,64.83827950136612
,37.60060750136613
,21.64087150136612
,16.532507501366126
,49.00339150136612
,61.550615501366124
,67.16877550136613
,66.46130350136612
,72.93259150136612
,71.05987150136612
,66.01393150136613
,66.64857550136612
,65.56655950136611
,14.077163501366122
,8.750315501366117
,8.781527501366128
,8.729507501366129
,23.98177150136612
,55.974071501366126
,70.75815550136612
,80.88124750136612
,78.19701550136612
,69.46805950136611
,68.01149950136612
,63.52737550136612
,49.02419950136612
,49.27389550136613
,56.67113950136613
,61.14485950136612
,64.69262350136611
,80.30902750136612
,104.31105550136611
,139.61182750136612
,143.1387835013661
,113.85152350136612
,99.86854750136612
,86.86354750136611
,83.71113550136612
,79.19579950136611
,78.23863150136613
,77.73923950136613
,78.25943950136612
,82.84760350136612
,90.56737150136613
,103.99893550136612
,102.12621550136612
,90.81706750136611
,92.46089950136611
,87.47738350136612
,78.19701550136612
,74.83652350136612
,73.75450750136612
,77.80166350136612
,83.13891550136611
,89.50616350136613
,94.20877150136612
,102.30308350136612
,102.19904350136613
,94.68735550136611
,94.55210350136612
,90.22403950136612
,91.55575150136612
,89.42293150136612
,88.51778350136613
,87.93515950136612
,88.38253150136613
,93.20998750136613
,100.1494555013661
,130.58115550136614
,117.98191150136611
,95.13472750136611
,87.04041550136611
,82.60831150136612
,75.68965150136613
,71.67370750136612
,71.69451550136613
,65.78504350136613
,69.82179550136613
,85.53183550136612
,95.48846350136613
,128.0425795013661
,130.67479150136614
,95.80058350136612
,85.77112750136612
,75.77288350136612
,79.83044350136613
,75.61682350136611
,74.93015950136612
,74.08743550136612
,73.92097150136613
,75.42955150136612
,81.29740750136612
,84.97001950136612
,82.69154350136613
,74.32672750136612
,69.81139150136612
,44.56088350136612
,36.61222750136612
,21.588851501366122
,21.588851501366122
,53.196203501366114
,68.75018350136612
,74.12905150136612
,75.02379550136612
,81.40144750136612
,81.96326350136613
,76.96934350136613
,74.96137150136612
,69.75937150136612
,68.81260750136613
,62.36212750136612
,55.245791501366114
,49.96055950136612
,51.250655501366126
,54.944075501366115
,60.302135501366116
,62.40374350136612
,64.50535150136612
,55.74518350136612
,48.992987501366116
,42.40725550136612
,28.84043950136612
,19.424819501366123
,16.438871501366123
,23.908943501366117
,40.66978750136612
,58.30456750136612
,81.25579150136612
,84.48103150136613
,88.11202750136613
,89.46454750136611
,86.14567150136612
,78.60277150136612
,78.47792350136612
,73.90016350136612
,70.42522750136612
,68.37563950136612
,67.43927950136612
,68.05311550136612
,67.16877550136613
,63.267275501366115
,61.75869550136612
,53.13377950136612
,32.95001950136612
,25.97933950136612
,8.198903501366118
,-2.069844498633884
,-4.5564004986338915
,-1.997016498633883
,11.69464750136612
,50.969747501366115
,71.96501950136613
,87.34213150136613
,90.60898750136613
,89.43333550136612
,86.36415550136611
,82.67073550136612
,74.79490750136613
,73.58804350136613
,73.27592350136612
,73.07824750136612
,75.39833950136612
,82.73315950136612
,98.97380350136612
,108.20215150136613
,105.48670750136613
,88.81949950136611
,82.55629150136612
,80.39225950136611
,75.64803550136612
,73.52561950136612
,72.65168350136612
,73.20309550136612
,77.55196750136612
,82.76437150136613
,104.22782350136612
,104.01974350136612
,105.64276750136611
,104.11337950136611
,96.23755150136613
,86.09365150136612
,88.27849150136612
,86.46819550136613
,85.67749150136612
,85.89597550136612
,85.96880350136612
,90.52575550136612
,110.07487150136612
,151.71167950136612
,134.4410395013661
,101.04419950136611
,83.75275150136612
,80.17377550136612
,80.13215950136612
,80.10094750136612
,78.85246750136612
,80.14256350136613
,83.79436750136611
,91.79504350136612
,105.97569550136612
,108.23336350136611
,108.25417150136613
,107.40104350136613
,93.69897550136612
,86.20809550136612
,78.84206350136613
,75.77288350136612
,75.78328750136613
,75.96015550136612
,75.94975150136612
,80.26741150136611
,96.53926750136611
,115.80747550136613
,104.57115550136612
,91.70140750136612
,80.29862350136611
,77.80166350136612
,72.12107950136611
,71.89219150136611
,70.19633950136613
,73.84814350136612
,77.04217150136613
,85.31335150136613
,94.90583950136612
,97.91259550136613
,99.10905550136611
,105.64276750136611
,94.79139550136613
,85.54223950136613
,84.82436350136612
,84.00244750136612
,80.63155150136612
,77.12540350136612
,76.99015150136613
,85.45900750136613
,93.39725950136612
,114.51737950136612
,113.60182750136613
,94.66654750136613
,86.45779150136612
,82.34821150136611
,77.39590750136612
,73.01582350136611
,71.74653550136611
,73.28632750136612
,78.84206350136613
,85.42779550136612
,88.70505550136612
,89.06919550136612
,88.91313550136611
,90.13040350136612
,91.85746750136612
,82.68113950136612
,76.33469950136612
,74.98217950136612
,74.22268750136612
,72.81814750136611
,75.05500750136612
,80.91245950136611
,93.93826750136611
,100.81531150136611
,95.85260350136612
,81.25579150136612
,72.56845150136613
,68.55250750136612
,65.83706350136612
,63.50656750136612
,63.70424350136613
,65.27524750136612
,69.83219950136612
,80.13215950136612
,90.78585550136611
,93.92786350136612
,94.90583950136612
,98.77612750136612
,89.26687150136613
,81.56791150136611
,85.86476350136613
,80.87084350136612
,80.50670350136612
,79.62236350136612
,79.66397950136611
,80.10094750136612
,78.87327550136612
,76.73005150136612
,66.45089950136611
,57.00406750136612
,33.01244350136612
,13.99393150136612
,0.9577195013661282
,-5.315892498633872
,-5.794476498633884
,-4.036200498633889
,14.607767501366112
,55.27700350136612
,77.05257550136612
,85.37577550136612
,88.23687550136613
,83.90881150136612
,75.66884350136613
,66.64857550136612
,53.65397950136612
,52.894487501366115
,51.593987501366115
,36.695459501366116
,30.307403501366117
,30.224171501366122
,21.21430750136612
,6.357395501366128
,-5.690436498633872
,-7.261440498633874
,-9.154968498633878
,-14.346564498633882
,-13.85757649863389
,-47.78502049863387
,-57.16942849863389
,-37.65152449863389
,-9.040524498633872
,-1.3415644986338862
,49.52359150136611
,72.63087550136612
,82.51467550136613
,79.65357550136612
,75.06541150136611
,71.85057550136612
,66.03473950136612
,63.49616350136612
,67.98028750136612
,67.99069150136611
,74.02501150136611
,82.37942350136612
,99.07784350136613
,118.16918350136612
,103.88449150136611
,82.19215150136613
,61.54021150136612
,53.65397950136612
,45.33077950136612
,42.67775950136612
,43.551695501366126
,55.23538750136612
,67.81382350136612
,80.17377550136612
,95.56129150136611
,133.3278115013661
,142.86827950136615
,103.74923950136612
,85.76072350136612
,78.10337950136612
,76.95893950136612
,71.92340350136612
,70.06108750136613
,71.22633550136612
,72.83895550136612
,77.99933950136612
,90.76504750136611
,98.89057150136613
,87.49819150136612
,73.18228750136613
,55.66195150136612
,45.778151501366125
,22.400363501366122
,11.559395501366126
,17.801795501366122
,27.695999501366124
,45.778151501366125
,72.93259150136612
,82.59790750136612
,105.34105150136612
,107.03690350136611
,89.32929550136612
,78.11378350136613
,70.87259950136611
,56.619119501366114
,52.11418750136612
,49.21147150136612
,45.902999501366125
,45.36199150136612
,45.00825550136612
,42.86503150136612
,35.11405150136613
,27.186203501366116
,18.436439501366124
,16.54291150136612
,2.6743795013661185
,5.348207501366119
,6.763151501366124
,1.7796355013661156
,2.1853915013661123
,0.4375195013661255
,-1.0502524986338813
,22.608443501366118
,49.03460350136612
,51.00095950136612
,51.52115950136612
,40.91948350136612
,28.122563501366123
,31.07729950136612
,13.910699501366125
,11.757071501366127
,10.64384350136612
,14.025143501366124
,33.24133150136612
,61.16566750136612
,72.40198750136612
,62.65343950136612
,53.45630350136612
,52.99852750136612
,56.41103950136612
,58.148507501366126
,53.79963550136612
,49.617227501366116
,58.575071501366125
,54.20539150136612
,57.919619501366114
,73.66087150136612
,85.47981550136612
,85.51102750136612
,75.06541150136611
,67.96988350136613
,60.36455950136612
,56.79598750136612
,54.23660350136612
,51.22984750136612
,51.14661550136612
,50.45995150136612
,58.90799950136612
,77.65600750136612
,84.92840350136612
,81.29740750136612
,75.00298750136612
,69.43684750136612
,59.750723501366124
,57.74275150136612
,55.578719501366116
,50.03338750136612
,54.642359501366116
,58.564667501366124
,71.70491950136612
,80.01771550136613
,91.57655950136612
,95.86300750136613
,86.16647950136611
,79.40387950136612
,76.10581150136612
,82.89962350136612
,80.00731150136612
,79.68478750136613
,79.55993950136612
,79.96569550136613
,80.06973550136611
,81.21417550136613
,81.46387150136611
,77.77045150136613
,61.72748350136612
,54.25741150136612
,34.718699501366125
,25.760855501366123
,15.877055501366122
,16.91745550136612
,34.666679501366126
,59.10567550136612
,77.02136350136612
,89.69343550136611
,107.01609550136612
,112.64465950136612
,93.60533950136612
,86.10405550136612
,79.20620350136612
,80.20498750136613
,72.41239150136612
,68.86462750136612
,62.83030750136612
,61.95637150136612
,61.124051501366125
,60.44779150136612
,51.52115950136612
,35.530211501366125
,25.42792750136612
,11.413739501366123
,2.1333715013661276
,-2.600448498633881
,-9.05092849863388
,-15.49100449863387
,-9.654360498633878
,-3.578424498633879
,23.960963501366123
,74.14985950136612
,91.99271950136612
,99.70208350136612
,98.26633150136612
,92.22160750136612
,87.06122350136611
,81.12053950136612
,79.67438350136612
,79.27903150136612
,78.80044750136612
,81.16215550136612
,87.29011150136611
,99.78531550136611
,117.86746750136612
,101.41874350136612
,93.73018750136613
,84.34577950136611
,84.34577950136611
,80.25700750136612
,81.21417550136613
,80.55872350136612
,84.69951550136612
,88.72586350136612
,93.18917950136611
,102.35510350136612
,127.16864350136612
,132.47468350136612
,104.98731550136611
,97.88138350136612
,86.22890350136612
,82.08811150136611
,78.58196350136612
,79.12297150136612
,80.51710750136613
,80.99569150136611
,85.75031950136612
,103.97812750136612
,128.4483355013661
,113.90354350136613
,91.93029550136612
,82.88921950136613
,80.17377550136612
,77.03176750136612
,79.25822350136612
,74.48278750136613
,77.53115950136612
,81.40144750136612
,88.67384350136612
,108.21255550136611
,135.65830750136612
,140.3297035013661
,108.58709950136611
,94.93705150136613
,85.70870350136612
,83.85679150136612
,81.22457950136612
,82.47305950136612
,83.58628750136613
,81.74477950136611
,85.81274350136613
,99.42117550136612
,112.48859950136611
,110.11648750136612
,90.42171550136612
,85.04284750136611
,81.31821550136613
,72.80774350136613
,68.00109550136612
,65.97231550136613
,68.96866750136611
,75.17985550136612
,86.37455950136612
,99.06743950136612
,101.00258350136612
,104.10297550136613
,99.83733550136611
,95.42603950136612
,85.76072350136612
,85.31335150136613
,82.94123950136613
,81.85922350136612
,82.14013150136613
,83.08689550136613
,84.13769950136611
,81.16215550136612
,78.00974350136613
,66.71099950136612
,35.55101950136612
,6.659111501366112
,-2.6836804986338763
,-4.889328498633873
,-6.449928498633881
,-6.231444498633891
,-4.004988498633878
,15.211199501366124
,59.365775501366116
,85.77112750136612
,88.48657150136611
,88.09121950136613
,88.14323950136612
,93.30362350136612
,86.97799150136612
,82.53548350136612
,82.46265550136611
,76.73005150136612
,76.88611150136612
,77.55196750136612
,85.32375550136611
,88.13283550136612
,88.63222750136612
,85.08446350136613
,67.90745950136612
,43.69735150136612
,19.747343501366117
,11.330507501366128
,7.231331501366128
,6.326183501366117
,26.447519501366124
,54.101351501366125
,75.96015550136612
,87.81031150136612
,86.88435550136612
,86.65546750136612
,88.20566350136613
,93.68857150136611
,85.77112750136612
,89.52697150136612
,86.87395150136612
,85.69829950136611
,83.70073150136612
,83.32618750136612
,85.15729150136612
,80.83963150136613
,77.98893550136611
,61.07203150136612
,29.77679950136612
,-2.1114604986338747
,-7.5215404986338825
,-12.56748049863387
,-16.011204498633873
,-15.678276498633878
,-8.894868498633869
,-0.5612644986338893
,45.65330350136612
,78.06176350136613
,86.17688350136612
,88.08081550136612
,91.07716750136612
,87.21728350136613
,75.99136750136611
,57.201743501366124
,50.54318350136612
,48.01501150136612
,46.16309950136612
,49.83571150136612
,49.58601550136612
,43.738967501366126
,21.900971501366122
,-5.440740498633886
,-17.561400498633887
,-39.950808498633876
,-73.54532449863387
,-109.56397249863389
,-154.0514764986339
,-145.90514449863386
,-79.61085649863386
,-45.84987649863389
,-17.093220498633883
,43.14593950136612
,73.14067150136611
,74.69086750136611
,62.15404750136612
,55.05851950136612
,51.01136350136612
,27.872867501366116
,22.722887501366117
,19.861787501366123
,23.12864350136612
,27.269435501366118
,46.79774350136612
,76.67803150136612
,81.56791150136611
,74.98217950136612
,44.768963501366116
,21.95299150136612
,16.47008350136612
,11.601011501366116
,8.417387501366107
,8.552639501366116
,11.590607501366122
,19.736939501366123
,46.922591501366114
,78.76923550136611
,108.06689950136612
,110.62628350136612
,94.62493150136612
,80.11135150136613
,59.06405950136612
,36.93475150136612
,33.37658350136612
,29.828819501366127
,27.90407950136612
,30.213767501366114
,40.92988750136612
,65.05676350136612
,73.79612350136611
,41.62695550136612
,11.673839501366118
,-2.9853964986338752
,-4.369128498633884
,-15.386964498633887
,-18.62260849863388
,-19.090788498633884
,-6.283464498633876
,-5.149428498633881
,0.4167115013661089
,47.40117550136612
,84.14810350136612
,84.75153550136612
,74.31632350136611
,57.33699550136612
,44.873003501366114
,26.23943950136612
,21.786527501366123
,18.738155501366123
,19.497647501366117
,20.34037150136612
,36.27929950136612
,59.60506750136612
,74.52440350136612
,57.36820750136613
,25.282271501366118
,21.411983501366123
,41.60614750136612
,-2.538024498633874
,1.613171501366125
,2.7576115013661138
,21.391175501366128
,8.615063501366123
,23.784095501366124
,60.75991150136612
,80.98528750136613
,78.32186350136612
,75.76247950136612
,54.44468350136612
,39.82706350136612
,46.922591501366114
,43.77017950136612
,42.61533550136612
,41.429279501366125
,44.48805550136612
,58.876787501366124
,74.00420350136612
,75.23187550136612
,73.94177950136611
,39.42130750136612
,17.16715150136612
,7.9283995013661155
,1.7900395013661239
,4.515887501366123
,7.865975501366123
,18.249167501366117
,16.511699501366124
,37.95434350136612
,75.29429950136611
,75.92894350136612
,74.23309150136612
,73.99379950136611
,77.58317950136612
,65.33767150136612
,63.64181950136613
,58.897595501366126
,56.04689950136612
,52.967315501366116
,55.027307501366124
,59.42819950136612
,68.35483150136612
,84.32497150136612
,85.40698750136613
,78.93569950136612
,56.62952350136612
,45.34118350136612
,28.871651501366124
,18.28037950136612
,20.40279550136612
,32.06567950136613
,43.57250350136612
,67.72018750136613
,72.38117950136612
,75.85611550136612
,75.70005550136611
,76.83409150136612
,75.24227950136611
,70.77896350136612
,71.39279950136611
,68.14675150136613
,65.96191150136612
,68.45887150136612
,68.92705150136612
,69.49927150136612
,68.08432750136612
,69.04149550136613
,56.79598750136612
,35.40536350136612
,2.820035501366121
,-0.3219724986338832
,-5.055792498633878
,-5.461548498633874
,-7.448712498633867
,-3.807312498633877
,-0.041064498633886615
,39.93110350136612
,68.79179950136611
,75.01339150136612
,76.69883950136612
,76.71964750136611
,82.27538350136612
,77.18782750136612
,75.45035950136612
,75.22147150136612
,73.55683150136613
,72.26673550136611
,72.19390750136613
,74.03541550136612
,66.23241550136612
,57.38901550136612
,33.24133150136612
,6.867191501366122
,-4.24428049863387
,-14.325756498633865
,-19.558968498633874
,-23.52289249863388
,-27.611664498633886
,-24.19915249863388
,-10.913244498633887
,17.70815950136612
,64.57817950136612
,74.86773550136611
,76.70924350136613
,75.45035950136612
,82.29619150136612
,79.17499150136612
,80.36104750136612
,80.04892750136612
,79.03973950136613
,77.96812750136613
,77.93691550136612
,79.16458750136613
,76.65722350136612
,75.34631950136612
,58.38779950136612
,25.10540350136612
,12.631007501366128
,5.181743501366128
,-0.8317684986338776
,-3.5472124986338684
,-0.22833649863387961
,14.909483501366125
,21.630467501366113
,53.07135550136612
,77.06297950136612
,80.45468350136612
,80.37145150136612
,80.37145150136612
,85.41739150136611
,79.52872750136612
,76.95893950136612
,73.95218350136612
,74.06662750136613
,73.13026750136612
,75.91853950136613
,79.61195950136612
,83.55507550136613
,85.57345150136612
,93.15796750136612
,89.85989950136612
,75.27349150136612
,69.83219950136612
,64.63019950136612
,64.48454350136613
,64.55737150136612
,65.15039950136611
,76.30348750136612
,85.43819950136611
,88.29929950136611
,87.06122350136611
,85.55264350136613
,85.39658350136612
,76.45954750136612
,69.75937150136612
,72.54764350136612
,68.93745550136612
,63.57939550136612
,62.02919950136612
,63.38171950136612
,70.97663950136612
,91.58696350136613
,89.56858750136612
,89.38131550136612
,85.38617950136612
,75.96015550136612
,67.56412750136612
,53.32105150136613
,46.91218750136612
,47.827739501366125
,57.74275150136612
,73.20309550136612
,85.46941150136611
,95.24917150136612
,91.78463950136612
,91.82625550136612
,93.29321950136612
,95.15553550136612
,91.79504350136612
,87.36293950136613
,85.70870350136612
,79.19579950136611
,77.99933950136612
,81.37023550136611
,87.47738350136612
,101.03379550136611
,89.92232350136612
,91.63898350136613
,82.28578750136613
,69.87381550136612
,70.30037950136611
,67.13756350136612
,67.13756350136612
,66.00352750136612
,69.92583550136612
,86.85314350136613
,89.92232350136612
,93.74059150136611
,89.94313150136612
,89.14202350136611
,89.05879150136612
,89.80787950136612
,88.98596350136613
,90.16161550136611
,87.96637150136613
,88.19525950136612
,87.95596750136612
,87.48778750136613
,89.07959950136612
,88.41374350136613
,89.81828350136612
,89.42293150136612
,87.83111950136612
,89.00677150136612
,87.51899950136611
,84.54345550136611
,82.33780750136613
,79.43509150136612
,84.22093150136612
,86.55142750136612
,87.88313950136612
,86.48900350136611
,86.49940750136612
,87.63344350136613
,91.45171150136612
,92.19039550136613
,88.47616750136612
,87.68546350136613
,87.15485950136612
,86.59304350136613
,86.85314350136613
,88.54899550136612
,88.33051150136612
,87.48778750136613
,88.68424750136612
,84.77234350136612
,69.82179550136613
,53.99731150136613
,29.77679950136612
,9.031223501366114
,5.160935501366112
,2.4454915013661207
,16.022711501366125
,49.81490350136612
,77.81206750136612
,86.61385150136613
,88.54899550136612
,86.53061950136612
,86.53061950136612
,86.20809550136612
,85.97920750136612
,83.92961950136612
,84.40820350136612
,84.91799950136611
,83.53426750136612
,83.51345950136611
,82.14013150136613
,74.70127150136612
,65.06716750136611
,24.824495501366123
,2.6743795013661185
,-4.067412498633871
,-5.139024498633873
,-8.478708498633878
,-14.61706849863387
,-17.19726049863388
,-9.883248498633876
,-3.0998404986338812
,50.64722350136613
,81.88003150136612
,84.40820350136612
,87.59182750136613
,86.05203550136612
,88.19525950136612
,86.53061950136612
,83.12851150136612
,82.78517950136612
,80.05933150136613
,80.08013950136612
,83.02447150136612
,86.63465950136612
,86.38496350136613
,83.87759950136612
,86.71789150136613
,85.63587550136613
,86.23930750136613
,84.38739550136613
,80.93326750136612
,81.79679950136611
,74.70127150136612
,80.75639950136612
,87.48778750136613
,87.45657550136613
,86.14567150136612
,83.49265150136613
,83.49265150136613
,83.37820750136612
,83.13891550136611
,82.57709950136612
,83.57588350136612
,83.57588350136612
,84.33537550136613
,84.26254750136611
,83.59669150136612
,83.55507550136613
,83.54467150136612
,83.56547950136611
,83.55507550136613
,84.38739550136613
,83.03487550136613
,81.04771150136611
,64.95272350136611
,63.475355501366124
,62.33091550136612
,65.57696350136612
,80.93326750136612
,83.53426750136612
,83.50305550136612
,82.27538350136612
,82.99325950136613
,83.50305550136612
,83.51345950136611
,83.52386350136612
,75.06541150136611
,65.99312350136611
,64.94231950136613
,63.56899150136611
,64.44292750136611
,68.68775950136612
,81.80720350136612
,83.76315550136611
,83.79436750136611
,74.98217950136612
,64.53656350136612
,64.55737150136612
,61.47778750136612
,62.58061150136612
,61.48819150136612
,64.64060350136612
,66.58615150136612
,83.76315550136611
,82.82679550136612
,82.73315950136612
,82.92043150136612
,82.40023150136612
,81.96326350136613
,80.16337150136611
,80.51710750136613
,80.34023950136613
,80.54831950136612
,80.09054350136613
,80.26741150136611
,79.69519150136611
,80.51710750136613
,80.55872350136612
,81.83841550136611
,80.48589550136612
,69.90502750136612
,64.64060350136612
,56.95204750136612
,52.644791501366115
,50.36631550136612
,61.13445550136612
,66.43009150136612
,82.41063550136612
,80.61074350136613
,80.97488350136612
,82.46265550136611
,82.56669550136613
,81.11013550136612
,80.19458350136613
,76.20985150136612
,78.99812350136611
,79.18539550136612
,79.18539550136612
,79.00852750136612
,76.85489950136612
,76.30348750136612
,79.27903150136612
,79.43509150136612
,81.88003150136612
,86.80112350136612
,87.49819150136612
,82.87881550136612
,79.37266750136611
,78.93569950136612
,79.39347550136613
,81.17255950136612
,79.22701150136612
,79.15418350136612
,77.09419150136611
,74.98217950136612
,71.69451550136613
,74.62844350136612
,77.76004750136612
,79.90327150136612
,76.70924350136613
,70.42522750136612
,68.16755950136611
,63.81868750136613
,57.576287501366124
,59.84435950136612
,60.666275501366115
,59.240927501366116
,55.693163501366115
,53.41468750136612
,28.70518750136612
,22.94137150136612
,4.942451501366122
,1.7484235013661191
,-0.020256498633870024
,8.18849950136611
,41.60614750136612
,52.07257150136612
,59.89637950136613
,61.20728350136612
,62.20606750136612
,62.58061150136612
,61.20728350136612
,53.79963550136612
,51.98933950136612
,45.850979501366126
,41.21079550136612
,39.40049950136612
,24.62681950136613
,20.101079501366115
,14.711807501366124
,15.221603501366118
,12.724643501366124
,10.57101550136612
,2.695187501366121
,5.441843501366122
,-8.322648498633882
,-19.486140498633887
,-23.82460849863388
,-9.685572498633874
,2.2998355013661183
,20.246735501366118
,57.264167501366124
,58.876787501366124
,65.95150750136612
,62.50778350136612
,58.88719150136612
,73.96258750136613
,70.42522750136612
,70.87259950136611
,71.15350750136612
,71.49683950136613
,58.46062750136612
,59.449007501366125
,78.17620750136612
,80.13215950136612
,76.76126350136613
,82.99325950136613
,78.50913550136612
,76.56358750136613
,73.99379950136611
,64.33888750136613
,68.44846750136611
,76.61560750136613
,80.49629950136611
,75.45035950136612
,73.88975950136611
,74.00420350136612
,74.01460750136613
,71.72572750136612
,59.35537150136612
,86.00001550136612
,87.13405150136612
,87.43576750136612
,87.5502115013661
,86.22890350136612
,81.99447550136613
,82.64992750136612
,75.83530750136612
,75.94975150136612
,80.08013950136612
,88.55939950136612
,84.01285150136613
,67.78261150136612
,65.11918750136613
,60.14607550136612
,64.38050350136612
,67.67857150136612
,84.76193950136613
,75.56480350136611
,77.72883550136612
,80.14256350136613
,73.99379950136611
,80.09054350136613
,75.07581550136612
,65.00474350136612
,59.917187501366115
,57.64911550136612
,59.35537150136612
,57.18093550136612
,64.55737150136612
,79.49751550136612
,78.02014750136613
,77.14621150136611
,79.48711150136612
,67.72018750136613
,61.11364750136612
,46.17350350136612
,44.35280350136612
,41.00271550136612
,59.449007501366125
,62.11243150136612
,80.09054350136613
,76.62601150136611
,76.03298350136612
,77.00055550136611
,83.33659150136612
,82.30659550136612
,81.28700350136612
,76.03298350136612
,65.64979150136611
,65.62898350136612
,71.03906350136613
,67.74099550136613
,57.076895501366124
,58.42941550136612
,73.37996350136612
,73.30713550136612
,60.73910350136612
,57.23295550136612
,44.66492350136612
,28.736399501366122
,26.509943501366124
,24.252275501366128
,36.903539501366126
,59.79233950136612
,80.66276350136613
,66.53413150136612
,78.51953950136613
,83.32618750136612
,83.32618750136612
,84.73072750136612
,82.50427150136612
,80.16337150136611
,78.04095550136611
,76.02257950136611
,76.02257950136611
,76.02257950136611
,64.58858350136612
,71.27835550136612
,78.79004350136613
,81.2765995013661
,76.38671950136613
,57.93002350136612
,44.66492350136612
,27.831251501366125
,21.068651501366126
,20.173907501366124
,12.787067501366124
,56.75437150136612
,70.86219550136612
,62.92394350136612
,72.71410750136613
,79.57034350136612
,80.76680350136611
,82.11932350136611
,80.17377550136612
,72.39158350136613
,69.80098750136612
,71.02865950136612
,73.01582350136611
,73.01582350136611
,56.34861550136612
,57.55547950136612
,55.73477950136612
,47.49481150136612
,12.121211501366119
,-6.990936498633872
,-13.212528498633873
,-21.348456498633865
,-31.409124498633872
,-47.76421249863388
,-35.20658449863387
,-17.561400498633887
,2.768015501366122
,52.12459150136612
,56.06770750136613
,55.88043550136612
,55.23538750136612
,54.38225950136612
,54.53831950136612
,53.50832350136612
,40.47211150136612
,22.275515501366122
,12.017171501366121
,5.514671501366124
,3.2257915013661176
,8.084459501366126
,5.6915395013661225
,-0.7589404986338764
,-11.131728498633876
,-24.802584498633877
,-30.816096498633883
,-39.01444849863388
,-48.54451249863389
,-49.40804449863387
,-34.08295249863389
,-15.771912498633881
,-3.8905444986338864
,36.445763501366116
,54.24700750136613
,53.02973950136612
,52.08297550136612
,53.39387950136613
,49.04500750136613
,66.11797150136613
,67.02311950136612
,63.25687150136612
,59.70910750136612
,57.30578350136612
,50.14783150136612
,68.30281150136611
,68.67735550136611
,68.97907150136612
,68.76058750136613
,68.56291150136612
,67.82422750136612
,52.98812350136612
,51.02176750136613
,52.98812350136612
,52.66559950136612
,52.65519550136612
,60.91597150136612
,65.16080350136612
,68.93745550136612
,68.36523550136612
,67.85543950136612
,67.70978350136612
,59.376179501366124
,59.39698750136612
,56.42144350136612
,56.452655501366124
,54.403067501366124
,55.318619501366115
,55.245791501366114
,59.376179501366124
,67.08554350136613
,66.53413150136612
,59.39698750136612
,53.300243501366126
,51.240251501366124
,45.87178750136612
,43.33321150136612
,42.552911501366125
,48.98258350136612
,52.13499550136612
,54.88165150136612
,61.68586750136612
,65.50413550136612
,59.43860350136612
,61.893947501366114
,69.58250350136612
,69.41603950136613
,69.37442350136611
,68.86462750136612
,68.77099150136611
,69.36401950136613
,68.76058750136613
,59.449007501366125
,68.75018350136612
,63.45454750136612
,62.13323950136612
,57.36820750136613
,58.46062750136612
,46.319159501366116
,35.47819150136612
,26.28105550136612
,24.24187150136612
,30.39063550136612
,55.30821550136612
,55.50589150136612
,55.55791150136612
,63.05919550136612
,71.89219150136611
,76.06419550136613
,74.24349550136613
,70.14431950136613
,62.549399501366125
,58.751939501366124
,63.02798350136612
,64.60939150136612
,64.66141150136612
,53.00893150136612
,57.35780350136612
,59.449007501366125
,60.47900350136612
,56.54629150136611
,66.64857550136612
,62.81990350136612
,53.019335501366115
,49.71086350136612
,48.72248350136612
,55.89083950136612
,60.18769150136612
,68.81260750136613
,57.316187501366116
,56.50467550136612
,61.11364750136612
,64.59898750136612
,65.58736750136612
,65.57696350136612
,61.52980750136612
,61.893947501366114
,61.63384750136612
,61.613039501366124
,61.592231501366115
,56.515079501366124
,59.60506750136612
,61.57142350136613
,61.57142350136613
,62.81990350136612
,70.30037950136611
,70.71653950136613
,65.97231550136613
,59.80274350136612
,54.96488350136612
,56.44225150136612
,61.63384750136612
,66.14918350136612
,59.13688750136612
,61.45697950136612
,59.40739150136612
,54.19498750136612
,60.82233550136612
,60.499811501366125
,51.500351501366126
,46.35037150136612
,39.56696350136612
,31.254167501366126
,26.884487501366117
,23.440763501366128
,32.367395501366126
,16.626143501366123
,12.121211501366119
,6.752747501366116
,-7.896084498633883
,-26.664900498633884
,-45.901896498633874
,-63.380616498633884
,-68.22888049863388
,-56.49316849863388
,-28.683276498633887
,-2.77731649863388
,10.529399501366115
,44.33199550136612
,43.832603501366115
,44.25916750136612
,43.780583501366124
,43.26038350136612
,35.967179501366125
,26.260247501366116
,15.991499501366121
,10.747883501366118
,12.599795501366124
,17.697755501366125
,17.052707501366122
,13.296863501366126
,5.556287501366114
,-2.2675204986338855
,-13.659900498633888
,-22.59693649863388
,-34.95688849863389
,-55.07822449863389
,-64.09849249863387
,-51.47844049863387
,-16.385748498633873
,5.129723501366115
,18.748559501366117
,38.016767501366125
,44.81057950136612
,44.768963501366116
,53.102567501366124
,45.68451550136612
,45.705323501366124
,46.64168350136612
,49.617227501366116
,49.01379550136612
,46.60006750136613
,44.33199550136612
,45.892595501366124
,50.418335501366116
,49.24268350136612
,44.477651501366125
,48.992987501366116
,45.21633550136612
,37.017983501366125
,26.041763501366127
,31.472651501366123
,45.403607501366125
,53.08175950136612
,45.830171501366124
,44.88340750136612
,51.177827501366124
,58.40860750136612
,59.501027501366124
,58.83517150136612
,57.49305550136612
,50.64722350136613
,45.944615501366115
,44.37361150136612
,42.77139550136612
,37.54858750136612
,22.86854350136612
,43.92623950136612
,53.62276750136613
,54.226199501366125
,49.30510750136612
,44.18633950136612
,41.97028750136612
,37.61101150136612
,43.40603950136612
,43.780583501366124
,39.993527501366124
,17.84341150136612
,43.364423501366126
,38.98433950136612
,55.20417550136612
,58.502243501366124
,58.60628350136612
,58.897595501366126
,57.37861150136612
,41.95988350136612
,40.47211150136612
,41.89745950136612
,40.88827150136612
,41.94947950136613
,42.667355501366124
,42.802607501366126
,46.81855150136612
,46.83935950136612
,42.93785950136612
,43.99906750136613
,43.281191501366116
,42.43846750136612
,41.366855501366125
,32.27375950136612
,35.883947501366116
,41.543723501366124
,42.84422350136612
,42.77139550136612
,44.74815550136612
,42.906647501366116
,45.10189150136612
,45.663707501366126
,44.768963501366116
,55.25619550136612
,45.63249550136612
,44.58169150136612
,43.40603950136612
,44.103107501366125
,44.873003501366114
,51.10499950136612
,63.13202350136612
,64.89029950136612
,64.96312750136612
,57.71153950136612
,51.95812750136612
,47.546831501366114
,44.63371150136612
,45.268355501366116
,49.39874350136612
,53.102567501366124
,50.06459950136612
,54.09094750136612
,67.08554350136613
,72.85976350136613
,68.98947550136613
,66.71099950136612
,62.871923501366126
,92.90827150136612
,84.13769950136611
,69.83219950136612
,62.174855501366125
,61.37374750136612
,68.80220350136612
,96.64330750136612
,118.77261550136612
,118.94948350136613
,96.82017550136612
,83.44063150136613
,70.08189550136612
,64.68221950136612
,60.14607550136612
,58.72072750136612
,60.03163150136612
,61.45697950136612
,56.75437150136612
,59.32415950136612
,77.38550350136612
,97.81895950136612
,92.90827150136612
,89.29808350136612
,75.10702750136612
,60.73910350136612
,49.117835501366116
,38.19363550136612
,33.41819950136612
,30.94204750136612
,35.32213150136612
,27.76882750136612
,35.509403501366116
,29.97447550136613
,17.77058350136612
,2.4871075013661255
,-4.785288498633889
,-6.085788498633889
,-9.227796498633879
,-10.195368498633869
,-10.97566849863388
,-13.451820498633879
,1.0305475013661152
,38.65141150136612
,53.643575501366115
,64.86949150136611
,66.09716350136613
,71.35118350136612
,67.01271550136612
,64.32848350136612
,58.23173950136612
,52.613579501366125
,49.89813550136611
,51.125807501366126
,47.84854750136611
,46.55845150136612
,38.09999950136612
,21.963395501366122
,2.3830675013661136
,3.912455501366111
,2.5703395013661208
,1.1553955013661295
,-2.059440498633876
,-3.807312498633877
,-0.5404564986338727
,3.2153875013661235
,24.585203501366117
,46.579259501366124
,58.28375950136612
,67.03352350136612
,68.32361950136612
,67.58493550136612
,67.07513950136612
,52.90489150136612
,50.28308350136612
,49.63803550136612
,47.85895150136612
,49.575611501366126
,50.054195501366124
,47.900567501366126
,52.41590350136612
,53.13377950136612
,51.95812750136612
,51.52115950136612
,49.575611501366126
,39.54615550136612
,32.81476750136612
,33.94880350136612
,44.56088350136612
,50.89691950136611
,45.33077950136612
,52.11418750136612
,63.714647501366116
,79.63276750136612
,78.26984350136613
,78.21782350136611
,67.23119950136612
,50.77207150136612
,47.49481150136612
,46.964207501366126
,35.519807501366124
,37.96474750136612
,45.19552750136612
,47.827739501366125
,56.30699950136612
,61.18647550136612
,49.54439950136612
,49.71086350136612
,36.47697550136612
,28.184987501366123
,27.04054750136612
,25.833683501366124
,35.19728350136612
,47.994203501366115
,46.03825150136612
,49.76288350136612
,61.15526350136612
,60.05243950136612
,66.04514350136613
,62.60141950136612
,62.59101550136612
,61.43617150136612
,58.04446750136612
,54.944075501366115
,46.98501550136612
,47.18269150136612
,55.82841550136612
,58.51264750136612
,61.43617150136612
,63.985151501366126
,73.17188350136612
,56.44225150136612
,43.853411501366125
,38.505755501366124
,29.64154750136612
,39.52534750136612
,44.321591501366115
,47.83814350136612
,47.30753950136612
,59.78193550136612
,59.78193550136612
,59.615471501366116
,59.77153150136612
,60.64546750136612
,59.51143150136612
,61.91475550136612
,61.98758350136612
,60.43738750136612
,59.292947501366115
,59.16809950136612
,61.21768750136612
,65.35847950136612
,66.44049550136612
,66.44049550136612
,66.03473950136612
,61.342535501366115
,54.04933150136612
,47.49481150136612
,43.843007501366124
,42.917051501366124
,48.84733150136612
,48.85773550136612
,52.478327501366124
,61.63384750136612
,66.44049550136612
,66.44049550136612
,65.20241950136612
,66.43009150136612
,63.57939550136612
,58.21093150136612
,46.47521950136612
,45.64289950136612
,43.80139150136612
,43.780583501366124
,44.155127501366124
,46.43360350136612
,63.21525550136612
,63.42333550136612
,59.563451501366124
,42.178367501366125
,12.391715501366122
,-0.9045964986338788
,-4.098624498633868
,-4.098624498633868
,-3.1206484986338694
,17.760179501366117
,27.16539550136612
,54.288623501366125
,62.48697550136612
,62.38293550136612
,61.425767501366124
,61.342535501366115
,59.573855501366126
,63.173639501366125
,58.065275501366116
,43.69735150136612
,38.59939150136612
,38.370503501366116
,38.505755501366124
,38.52656350136612
,38.859491501366115
,38.95312750136612
,38.09999950136612
,7.7411275013661225
,1.9669075013661228
,-5.680032498633878
,-7.25103649863388
,-5.815284498633886
,2.237411501366111
,22.140263501366128
,43.11472750136612
,41.876651501366126
,52.176611501366125
,59.95880350136612
,61.311323501366125
,60.60385150136612
,59.28254350136612
,49.09702750136612
,41.57493550136612
,38.53696750136612
,38.45373550136612
,37.53818350136612
,38.568179501366124
,24.959747501366117
,7.075271501366117
,6.575879501366117
,6.763151501366124
,-4.483572498633876
,-6.730836498633877
,-8.405880498633877
,-10.153752498633878
,-10.028904498633878
,-7.958508498633876
,-6.938916498633873
,10.716671501366122
,16.314023501366115
,42.31361950136612
,53.24822350136613
,59.04325150136613
,58.39820350136612
,57.16012750136612
,60.28132750136612
,54.55912750136612
,42.15755950136612
,40.232819501366116
,40.17039550136612
,47.59885150136613
,56.72315950136612
,56.21336350136612
,58.35658750136612
,56.015687501366116
,52.176611501366125
,38.19363550136612
,38.131211501366124
,38.06878750136612
,38.02717150136612
,29.495891501366117
,23.43035950136612
,27.976907501366128
,41.46049150136612
,48.992987501366116
,51.77085550136612
,53.77882750136612
,53.67478750136612
,50.72005150136613
,48.32713150136612
,47.34915550136612
,46.93299550136612
,35.19728350136612
,33.64708750136612
,36.24808750136612
,49.67965150136612
,49.67965150136612
,49.69005550136612
,48.43117150136612
,38.63060350136612
,35.57182750136612
,27.76882750136612
,24.137831501366122
,15.98109550136612
,7.824359501366118
,17.676947501366115
,28.746803501366117
,43.72856350136612
,50.054195501366124
,49.06581550136612
,49.67965150136612
,49.27389550136613
,46.922591501366114
,57.18093550136612
,53.945291501366114
,46.891379501366124
,44.81057950136612
,41.835035501366114
,45.67411150136613
,50.98015150136612
,50.418335501366116
,50.626415501366125
,51.552371501366125
,48.88894750136612
,47.255519501366116
,46.11107950136612
,46.83935950136612
,47.28673150136612
,51.44833150136612
,47.58844750136612
,46.83935950136612
,34.74991150136612
,50.418335501366116
,50.418335501366116
,49.04500750136613
,49.03460350136612
,47.08905550136612
,36.51859150136612
,38.70343150136612
,38.484947501366115
,33.37658350136612
,31.972043501366123
,26.499539501366122
,29.048519501366123
,36.528995501366126
,38.89070350136612
,31.368611501366125
,11.757071501366127
,2.0917555013661087
,-2.413176498633888
,-7.542348498633871
,-11.485464498633888
,-5.243064498633885
,-2.964588498633887
,2.0917555013661087
,33.35577550136612
,34.61465950136612
,38.03757550136612
,39.77504350136612
,40.70099950136612
,40.72180750136612
,38.370503501366116
,30.692351501366126
,26.67640750136612
,21.900971501366122
,24.325103501366122
,28.76761150136612
,37.59020350136612
,42.49048750136612
,39.941507501366125
,26.187419501366122
,3.1113475013661116
,-3.0998404986338812
,-5.170236498633869
,-7.854468498633878
,-6.970128498633883
,-2.0386324986338877
,2.164583501366124
,28.091351501366127
,32.23214350136612
,48.30632350136612
,46.67289550136613
,50.00217550136612
,49.99177150136612
,46.901783501366126
,40.71140350136612
,39.53575150136612
,38.45373550136612
,37.53818350136612
,35.48859550136612
,26.92610350136612
,4.495079501366121
,-1.4976244986338685
,-1.3415644986338862
,-2.9853964986338752
,-4.24428049863387
,-22.700976498633878
,-50.94783649863389
,-63.380616498633884
,-73.48290049863388
,-51.52005649863388
,-28.652064498633877
,-8.489112498633872
,-2.0386324986338877
,9.301727501366116
,17.739371501366122
,17.760179501366117
,23.180663501366126
,18.45724750136612
,-3.630444498633892
,-3.984180498633876
,-5.54478049863387
,-7.490328498633872
,-7.958508498633876
,-7.240632498633886
,-7.427904498633879
,-9.695976498633883
,-16.177668498633878
,-13.763940498633886
,-14.128080498633878
,-16.375344498633865
,-20.006340498633875
,-21.81663649863387
,-25.041876498633883
,-22.752996498633877
,-6.0753844986338805
,3.132155501366114
,18.186743501366124
,31.58709550136612
,47.60925550136612
,50.07500350136612
,50.23106350136612
,48.07743550136612
,58.53345550136612
,56.11972750136612
,51.13621150136612
,47.96299150136612
,47.59885150136613
,53.20660750136612
,54.37185550136612
,56.86881550136612
,56.37982750136612
,54.24700750136613
,42.77139550136612
,33.83435950136612
,19.747343501366117
,17.801795501366122
,17.79139150136612
,29.16296350136612
,37.54858750136612
,38.53696750136612
,59.22011950136611
,69.20795950136612
,54.43427950136612
,54.299027501366126
,53.21701150136612
,51.40671550136612
,46.54804750136611
,46.14229150136612
,44.78977150136612
,41.74139950136612
,41.47089550136612
,44.61290350136612
,52.81125550136612
,54.475895501366125
,53.75801950136612
,48.55601950136612
,47.151479501366126
,33.81355150136612
,19.45603150136612
,10.466975501366122
,4.515887501366123
,13.827467501366115
,41.02352350136612
,46.49602750136612
,56.75437150136612
,58.22133550136611
,58.69991950136612
,58.65830350136612
,57.59709550136613
,54.777611501366124
,53.63317150136612
,50.69924350136612
,43.98866350136612
,42.39685150136612
,39.34847950136612
,43.64533150136612
,47.74450750136613
,55.50589150136612
,55.49548750136612
,60.62465950136612
,51.042575501366116
,48.09824350136612
,40.83625150136612
,37.88151550136612
,36.31051150136612
,38.44333150136612
,39.34847950136612
,43.65573550136612
,53.63317150136612
,53.74761550136612
,49.55480350136612
,49.51318750136612
,49.46116750136612
,48.129455501366124
,59.46981550136612
,56.598311501366126
,58.12769950136612
,52.915295501366124
,52.13499550136612
,51.13621150136612
,57.32659150136612
,64.91110750136613
,59.45941150136612
,61.32172750136612
,63.943535501366114
,60.18769150136612
,46.87057150136612
,42.68816350136612
,40.09756750136612
,42.095135501366116
,50.82409150136612
,59.55304750136612
,60.69748750136612
,62.10202750136612
,60.853547501366116
,62.65343950136612
,62.13323950136612
,56.04689950136612
,60.14607550136612
,55.60993150136612
,48.84733150136612
,42.75058750136612
,39.60857950136612
,39.691811501366125
,46.97461150136613
,59.573855501366126
,73.92097150136613
,69.67613950136612
,59.49062350136612
,58.05487150136612
,52.37428750136612
,47.49481150136612
,40.82584750136612
,40.690595501366126
,39.972719501366115
,41.09635150136612
,53.16499150136612
,59.46981550136612
,57.58669150136612
,54.70478350136612
,59.51143150136612
,47.49481150136612
,51.56277550136612
,48.41036350136612
,47.19309550136612
,40.70099950136612
,36.62263150136612
,28.934075501366124
,37.54858750136612
,37.59020350136612
,28.757207501366125
,9.873947501366118
,-0.6965164986338834
,-5.565588498633886
,-7.1678044986338705
,-17.94634849863388
,-26.540052498633884
,-16.11524449863387
,-8.582748498633876
,2.528723501366116
,28.153775501366127
,49.88773150136612
,52.18701550136612
,53.93488750136612
,55.18336750136612
,53.279435501366116
,60.77031550136612
,53.76842350136612
,46.693703501366116
,42.46967950136612
,38.08959550136613
,30.46346350136612
,25.209443501366124
,11.840303501366122
,2.8720555013661198
,-9.394260498633884
,-35.31062449863387
,-52.53964849863388
,-447.8500324986339
,-88.97445649863388
,-73.75340449863387
,-52.28995249863388
,-11.194152498633883
,2.1853915013661123
,37.80868750136612
,54.16377550136612
,62.44535950136612
,62.58061150136612
,67.14796750136611
,63.29848750136612
,52.40549950136612
,51.65641150136612
,51.666815501366116
,50.03338750136612
,44.18633950136612
,48.96177550136612
,52.90489150136612
,52.38469150136612
,51.65641150136612
,44.16553150136612
,39.62938750136612
,21.900971501366122
,4.578311501366116
,0.3542875013661302
,1.07216350136612
,16.34523550136612
,31.295783501366124
,36.22727950136613
,51.666815501366116
,52.43671150136612
,52.67600350136612
,56.244575501366114
,48.951371501366125
,42.542507501366124
,48.32713150136612
,41.46049150136612
,32.45062750136612
,23.98177150136612
,21.620063501366126
,29.006903501366118
,31.31659150136612
,48.28551550136612
,49.27389550136613
,42.40725550136612
,22.816523501366113
,8.89597150136612
,-0.8109604986338752
,-5.804880498633878
,-3.568020498633885
,-4.181856498633877
,1.0617595013661258
,20.975015501366123
,48.76409950136612
,52.94650750136613
,52.67600350136612
,52.46792350136612
,51.78125950136612
,49.47157150136612
,57.16012750136612
,55.016903501366116
,53.95569550136612
,49.88773150136612
,49.88773150136612
,51.08419150136612
,52.40549950136612
,70.89340750136613
,81.75518350136612
,54.53831950136612
,43.12513150136612
,34.90597150136612
,20.434007501366125
,17.728967501366114
,15.315239501366122
,14.18120350136612
,32.68991950136612
,50.94893950136613
,55.48508350136612
,49.89813550136611
,51.36509950136612
,53.42509150136612
,67.46008750136613
,55.82841550136612
,80.10094750136612
,78.85246750136612
,58.31497150136612
,56.85841150136612
,57.47224750136612
,64.71343150136613
,78.86287150136612
,76.80287950136612
,64.74464350136613
,77.98893550136611
,63.246467501366126
,51.64600750136613
,47.97339550136613
,42.12634750136612
,42.25119550136613
,49.877327501366125
,64.75504750136612
,78.82125550136611
,91.98231550136612
,52.44711550136612
,53.11297150136612
,53.11297150136612
,52.270247501366114
,50.93853550136612
,52.45751950136612
,51.64600750136613
,51.271463501366114
,49.99177150136612
,49.939751501366125
,50.043791501366115
,52.478327501366124
,54.79841950136612
,54.319835501366114
,52.166207501366124
,49.99177150136612
,49.49237950136612
,37.39252750136612
,35.05162750136612
,36.04000750136613
,39.06757150136612
,48.10864750136612
,48.940967501366124
,54.25741150136612
,56.223767501366126
,56.35901950136612
,54.319835501366114
,54.226199501366125
,53.67478750136612
,47.921375501366114
,48.940967501366124
,49.15945150136612
,43.06270750136613
,37.65262750136612
,37.66303150136612
,41.356451501366124
,43.104323501366125
,43.06270750136613
,39.71261950136612
,26.645195501366125
,19.809767501366117
,7.085675501366126
,2.7992275013661185
,6.159719501366126
,13.265651501366122
,24.262679501366115
,40.95069550136612
,45.944615501366115
,51.552371501366125
,46.50643150136612
,48.11905150136612
,47.921375501366114
,47.91097150136612
,51.33388750136612
,50.418335501366116
,50.40793150136612
,43.65573550136612
,41.86624750136612
,40.29524350136612
,41.40847150136612
,40.33685950136612
,30.286595501366122
,11.091215501366122
,1.5923635013661226
,1.4779195013661308
,-2.007420498633877
,-3.027012498633866
,-3.932160498633877
,0.3438835013661219
,9.09364750136612
,36.47697550136612
,37.66303150136612
,42.86503150136612
,50.21025550136612
,51.43792750136612
,51.77085550136612
,51.44833150136612
,52.353479501366124
,43.33321150136612
,40.88827150136612
,38.34969550136612
,37.97515150136612
,42.79220350136612
,52.95691150136612
,51.44833150136612
,52.478327501366124
,53.32105150136613
,51.042575501366116
,49.00339150136612
,42.07432750136612
,30.879623501366126
,19.913807501366122
,16.459679501366118
,33.407795501366124
,37.933535501366116
,51.271463501366114
,51.593987501366115
,51.604391501366116
,51.45873550136612
,51.45873550136612
,50.18944750136612
,52.19741950136611
,51.44833150136612
,43.22917150136612
,41.09635150136612
,40.11837550136612
,41.855843501366124
,48.004607501366124
,52.103783501366124
,54.16377550136612
,52.51994350136612
,43.08351550136612
,41.647763501366114
,39.75423550136612
,37.96474750136612
,35.779907501366125
,38.43292750136612
,40.35766750136612
,39.63979150136612
,50.51197150136612
,53.38347550136612
,52.48873150136612
,51.44833150136612
,52.14539950136612
,51.58358350136612
,77.01095950136612
,69.43684750136612
,66.19079950136612
,61.88354350136612
,60.676679501366124
,64.91110750136613
,77.95772350136612
,92.98109950136612
,88.43455150136612
,66.91907950136611
,48.951371501366125
,32.54426350136612
,-3.1206484986338694
,-6.512352498633888
,-7.604772498633878
,-5.6592244986338756
,7.376987501366116
,43.90543150136612
,62.76788350136612
,54.527915501366124
,71.63209150136612
,74.76369550136613
,100.04541550136612
,85.31335150136613
,52.28065150136612
,53.12337550136612
,53.84125150136612
,51.45873550136612
,49.502783501366125
,54.153371501366124
,56.74396750136612
,52.28065150136612
,52.29105550136612
,46.97461150136613
,53.00893150136612
,34.41698350136612
,26.270651501366125
,22.01541550136612
,22.337939501366122
,35.65505950136612
,46.98501550136612
,53.43549550136612
,54.569531501366114
,52.45751950136612
,52.81125550136612
,53.12337550136612
,54.25741150136612
,52.70721550136612
,54.61114750136612
,48.84733150136612
,46.891379501366124
,48.47278750136612
,47.59885150136613
,46.95380350136612
,55.25619550136612
,56.66073550136612
,56.65033150136612
,56.66073550136612
,53.82044350136612
,50.179043501366124
,48.51440350136612
,34.344155501366124
,33.56385550136612
,34.35455950136612
,49.83571150136612
,54.65276350136612
,55.46427550136612
,53.102567501366124
,53.38347550136612
,54.153371501366124
,54.30943150136612
,52.97771950136612
,56.75437150136612
,55.91164750136612
,55.245791501366114
,49.02419950136612
,48.05662750136612
,48.004607501366124
,48.11905150136612
,48.08783950136612
,48.11905150136612
,47.39077150136612
,39.00514750136612
,35.072435501366115
,29.724779501366115
,19.622495501366124
,15.16958350136612
,35.54061550136612
,45.403607501366125
,45.93421150136612
,48.639251501366125
,55.96366750136612
,57.316187501366116
,56.80639150136612
,68.81260750136613
,57.13931950136612
,48.10864750136612
,44.477651501366125
,41.71018750136612
,44.68573150136612
,41.67897550136612
,36.77869150136612
,37.43414350136612
,24.085811501366123
,24.262679501366115
,13.140803501366122
,-10.684356498633875
,-21.868656498633868
,-45.777048498633874
,-89.16172849863389
,-110.71881649863388
,-98.22361249863386
,-40.48141249863389
,-13.545456498633868
,41.26281550136612
,48.41036350136612
,49.05541150136612
,48.753695501366124
,53.48751550136612
,51.65641150136612
,43.64533150136612
,41.63735950136612
,41.60614750136612
,39.993527501366124
,40.243223501366124
,37.527779501366126
,39.40049950136612
,45.30997150136612
,45.996635501366114
,41.242007501366125
,24.075407501366122
,4.588715501366124
,-1.0814644986338777
,-2.017824498633871
,2.039735501366124
,11.829899501366128
,27.36307150136612
,45.76774750136612
,53.945291501366114
,55.401851501366124
,58.09648750136612
,55.92205150136613
,57.264167501366124
,53.16499150136612
,49.99177150136612
,47.70289150136612
,46.35037150136612
,44.81057950136612
,44.25916750136612
,43.33321150136612
,43.74937150136612
,44.71694350136612
,43.738967501366126
,43.593311501366124
,42.49048750136612
,25.344695501366125
,11.632223501366127
,8.240519501366123
,10.924751501366117
,34.583447501366116
,43.74937150136612
,49.918943501366115
,51.26105950136612
,50.00217550136612
,49.99177150136612
,49.804499501366124
,49.918943501366115
,47.04743950136612
,41.40847150136612
,44.83138750136612
,41.231603501366116
,40.92988750136612
,38.54737150136612
,37.53818350136612
,39.26524750136612
,42.542507501366124
,42.35523550136612
,41.46049150136612
,37.41333550136612
,31.15012750136612
,24.93893950136612
,19.840979501366114
,28.320239501366125
,34.08405550136612
,40.00393150136612
,43.08351550136612
,41.231603501366116
,40.35766750136612
,41.907863501366116
,42.65695150136612
,45.09148750136612
,42.97947550136612
,42.59452750136612
,42.719375501366116
,40.38887950136613
,40.75301950136612
,39.78544750136612
,41.231603501366116
,40.88827150136612
,42.70897150136612
,42.70897150136612
,41.30443150136612
,41.57493550136612
,40.06635550136612
,39.63979150136612
,39.59817550136612
,38.557775501366116
,38.33929150136612
,39.806255501366124
,41.835035501366114
,40.76342350136613
,40.73221150136612
,41.08594750136612
,41.533319501366115
,41.31483550136612
,39.49413550136612
,37.28848750136612
,37.28848750136612
,37.29889150136612
,39.62938750136612
,36.77869150136612
,36.43535950136612
,37.29889150136612
,36.77869150136612
,36.78909550136612
,36.42495550136612
,40.39928350136612
,40.94029150136612
,37.68383950136612
,36.77869150136612
,36.76828750136612
,46.35037150136612
,43.89502750136612
,43.64533150136612
,38.99474350136612
,38.12080750136612
,38.02717150136612
,37.63181950136612
,38.52656350136612
,37.53818350136612
,42.28240750136612
,46.55845150136612
,42.292811501366124
,37.70464750136612
,33.35577550136612
,33.25173550136612
,34.42738750136612
,33.47021950136612
,33.52223950136612
,41.65816750136612
,30.224171501366122
,23.49278350136612
,21.235115501366117
,9.384959501366126
,6.815171501366123
,15.211199501366124
,27.48791950136613
,37.673435501366114
,35.519807501366124
,46.152695501366125
,45.71572750136612
,42.20957950136612
,43.80139150136612
,45.996635501366114
,47.19309550136612
,42.23038750136612
,40.30564750136612
,38.96353150136612
,37.65262750136612
,37.62141550136612
,38.02717150136612
,38.016767501366125
,38.016767501366125
,25.927319501366128
,8.864759501366123
,2.518319501366122
,-4.23387649863389
,-13.628688498633878
,-15.345348498633882
,-8.42668849863388
,2.1229675013661193
,35.57182750136612
,41.55412750136612
,50.501567501366125
,48.49359550136612
,47.255519501366116
,45.975827501366126
,45.55966750136612
,46.10067550136612
,47.35955950136612
,46.49602750136612
,42.18877150136612
,39.72302350136612
,38.755451501366124
,43.61411950136612
,53.269031501366115
,54.25741150136612
,48.43117150136612
,49.03460350136612
,42.178367501366125
,36.17525950136612
,30.81719950136612
,30.765179501366127
,38.02717150136612
,38.95312750136612
,46.78733950136612
,79.05014350136612
,48.43117150136612
,48.42076750136612
,47.078651501366124
,48.16066750136612
,46.901783501366126
,58.15891150136612
,50.39752750136612
,41.76220750136613
,40.06635550136612
,38.22484750136612
,40.83625150136612
,48.10864750136612
,53.84125150136612
,67.89705550136611
,58.918403501366114
,39.63979150136612
,29.298215501366123
,21.80733550136612
,14.961503501366117
,16.001903501366122
,33.584663501366116
,40.40968750136612
,44.68573150136612
,56.53588750136612
,48.22309150136611
,48.41036350136612
,49.31551150136612
,50.00217550136612
,48.21268750136612
,48.32713150136612
,42.40725550136612
,39.390095501366126
,42.178367501366125
,41.93907550136612
,42.38644750136612
,42.82341550136612
,48.743291501366116
,51.240251501366124
,50.39752750136612
,42.24079150136612
,41.76220750136613
,37.902323501366126
,35.072435501366115
,35.74869550136612
,36.56020750136612
,36.56020750136612
,35.94637150136612
,43.95745150136612
,51.15701950136612
,51.125807501366126
,54.05973550136612
,52.06216750136612
,48.524807501366126
,45.91340350136612
,44.72734750136612
,44.70653950136612
,43.74937150136612
,42.00149950136612
,43.43725150136613
,45.47643550136612
,45.37239550136613
,45.35158750136612
,44.05108750136612
,43.81179550136612
,43.832603501366115
,42.67775950136612
,38.693027501366124
,37.73585950136612
,39.02595550136612
,43.291595501366125
,43.58290750136612
,44.37361150136612
,49.03460350136612
,49.02419950136612
,49.13864350136612
,50.179043501366124
,49.64843950136613
,40.617767501366124
,46.828955501366124
,45.81976750136612
,40.91948350136612
,40.617767501366124
,41.25241150136612
,43.79098750136612
,43.38523150136612
,43.22917150136612
,37.66303150136612
,30.973259501366122
,28.21619950136612
,28.237007501366122
,22.95177550136613
,25.084595501366124
,29.277407501366127
,30.068111501366126
,29.41265950136612
,40.22241550136612
,43.22917150136612
,43.22917150136612
,42.67775950136612
,43.041899501366125
,44.571287501366115
,48.38955550136612
,42.292811501366124
,40.72180750136612
,41.89745950136612
,35.92556350136612
,37.61101150136612
,42.28240750136612
,37.66303150136612
,36.41455150136613
,15.04473550136612
,-0.550860498633881
,-5.555184498633878
,-25.81177249863387
,-34.56153649863387
,-27.257928498633873
,-5.815284498633886
,5.358611501366113
,21.95299150136612
,45.902999501366125
,53.175395501366125
,53.44589950136612
,55.07932750136612
,53.13377950136612
,54.03892750136612
,53.82044350136612
,46.75612750136612
,45.74693950136612
,45.41401150136612
,44.477651501366125
,44.80017550136612
,44.46724750136612
,48.01501150136612
,41.429279501366125
,12.56858350136612
,-4.2026644986338795
,-15.095652498633882
,-29.359536498633872
,-55.92094849863386
,-46.28684449863387
,-18.216852498633884
,7.824359501366118
,22.930967501366112
,49.08662350136612
,48.89935150136613
,54.70478350136612
,55.20417550136612
,54.70478350136612
,52.06216750136612
,46.48562350136612
,46.03825150136612
,46.03825150136612
,47.32834750136612
,47.70289150136612
,48.22309150136611
,51.10499950136612
,47.86935550136612
,47.91097150136612
,41.26281550136612
,43.021091501366115
,30.785987501366122
,12.776663501366123
,5.233763501366127
,11.247275501366119
,27.498323501366116
,44.477651501366125
,54.61114750136612
,62.29970350136612
,58.66870750136613
,58.19012350136612
,58.09648750136612
,57.48265150136612
,56.98325950136612
,57.10810750136612
,52.83206350136612
,41.05473550136612
,43.16674750136612
,51.02176750136613
,46.66249150136612
,53.20660750136612
,57.19133950136612
,63.25687150136612
,65.30645950136612
,55.641143501366116
,37.673435501366114
,34.61465950136612
,30.494675501366117
,36.68505550136612
,50.65762750136612
,68.86462750136612
,60.489407501366124
,64.07878750136612
,57.898811501366126
,57.898811501366126
,57.898811501366126
,57.888407501366125
,56.85841150136612
,75.99136750136611
,79.06054750136612
,68.46927550136613
,61.62344350136612
,59.35537150136612
,65.24403550136611
,68.54210350136611
,79.06054750136612
,69.56169550136612
,65.11918750136613
,76.99015150136613
,79.11256750136612
,72.74531950136613
,70.30037950136611
,70.08189550136612
,75.74167150136613
,70.71653950136613
,72.50602750136612
,101.62682350136612
,63.610607501366125
,60.70789150136612
,60.198095501366126
,62.497379501366126
,59.636279501366126
,68.47967950136612
,57.274571501366125
,53.12337550136612
,56.81679550136612
,56.21336350136612
,58.31497150136612
,60.114863501366116
,63.100811501366124
,63.52737550136612
,59.62587550136612
,56.62952350136612
,46.78733950136612
,17.96825950136612
,6.326183501366117
,5.941235501366123
,17.52088750136612
,40.71140350136612
,59.40739150136612
,64.45333150136612
,77.80166350136612
,69.92583550136612
,69.60331150136611
,67.48089550136612
,68.05311550136612
,61.51940350136612
,64.96312750136612
,65.50413550136612
,64.56777550136613
,64.46373550136612
,66.11797150136613
,57.264167501366124
,69.25997950136612
,74.74288750136613
,68.84381950136613
,55.14175150136612
,47.83814350136612
,39.25484350136612
,35.38455550136612
,36.30010750136613
,46.704107501366124
,54.19498750136612
,56.02609150136612
,64.75504750136612
,69.96745150136613
,69.25997950136612
,68.00109550136612
,70.47724750136612
,70.17553150136612
,81.2765995013661
,80.46508750136613
,77.20863550136612
,70.09229950136611
,62.32051150136612
,62.549399501366125
,75.38793550136612
,78.04095550136611
,80.38185550136612
,72.27713950136612
,63.288083501366124
,55.38104350136612
,45.12269950136612
,40.70099950136612
,37.00757950136612
,42.84422350136612
,56.37982750136612
,62.46616750136612
,72.26673550136611
,77.23984750136611
,73.55683150136613
,77.14621150136611
,70.78936750136612
,70.13391550136612
,76.10581150136612
,73.29673150136612
,66.52372750136612
,60.89516350136611
,60.47900350136612
,60.22930750136612
,60.14607550136612
,67.28321950136612
,67.72018750136613
,71.89219150136611
,65.01514750136612
,59.42819950136612
,53.570747501366114
,39.45251950136612
,34.64587150136612
,46.02784750136612
,55.06892350136612
,65.86827550136613
,74.2538995013661
,76.25146750136612
,85.65668350136612
,81.66154750136612
,74.28511150136612
,74.28511150136612
,89.53737550136613
,78.59236750136611
,74.28511150136612
,75.77288350136612
,75.78328750136613
,76.65722350136612
,94.23998350136613
,130.9869115013661
,133.6503355013661
,111.72910750136612
,83.66951950136612
,88.16404750136611
,75.68965150136613
,71.64249550136613
,72.67249150136612
,76.42833550136612
,87.10283950136612
,80.95407550136612
,126.39874750136612
,125.80571950136613
,132.87003550136612
,115.05838750136613
,106.59993550136612
,89.22525550136612
,72.42279550136612
,70.12351150136611
,68.40685150136612
,66.66938350136613
,68.39644750136611
,70.09229950136611
,77.14621150136611
,79.75761550136612
,80.29862350136611
,78.91489150136611
,75.85611550136612
,53.11297150136612
,30.744371501366118
,21.776123501366115
,27.519131501366118
,47.58844750136612
,70.69573150136613
,95.20755550136612
,104.17580350136612
,89.50616350136613
,112.50940750136613
,104.18620750136613
,101.00258350136612
,82.25457550136612
,90.00555550136612
,84.23133550136612
,74.61803950136613
,67.72018750136613
,63.12161950136612
,69.96745150136613
,87.75829150136612
,92.84584750136612
,86.00001550136612
,67.12715950136612
,61.09283950136612
,55.51629550136612
,48.264707501366125
,36.445763501366116
,20.225927501366122
,39.390095501366126
,51.125807501366126
,51.052979501366124
,72.20431150136612
,96.77855950136612
,97.95421150136612
,94.62493150136612
,93.29321950136612
,88.59061150136611
,77.73923950136613
,74.81571550136611
,72.39158350136613
,72.00663550136612
,71.24714350136612
,81.77599150136612
,97.92299950136612
,97.25714350136613
,98.05825150136613
,72.45400750136612
,53.45630350136612
,50.99055550136612
,-3.037416498633874
,-8.197800498633882
,-9.248604498633881
,13.536155501366125
,5.21295550136611
,59.15769550136612
,91.12918750136613
,108.34780750136613
,116.53575550136611
,90.17201950136612
,94.00069150136612
,82.22336350136612
,70.10270350136612
,60.89516350136611
,55.23538750136612
,55.50589150136612
,52.37428750136612
,57.33699550136612
,74.37874750136612
,77.87449150136612
,60.88475950136612
,60.83273950136612
,51.02176750136613
,17.749775501366123
,-2.371560498633883
,-3.1414564986338718
,-2.049036498633882
,33.397391501366116
,55.620335501366114
,55.63073950136612
,59.08486750136612
,91.53494350136613
,100.18066750136612
,96.61209550136613
,98.93218750136613
,96.22714750136612
,98.30794750136612
,96.64330750136612
,94.04230750136612
,92.72099950136611
,90.72343150136612
,90.64019950136611
,90.87949150136612
,81.20377150136612
,60.010823501366126
,14.025143501366124
,-3.0478204986338824
,-15.688680498633872
,-28.45438849863389
,-45.73543249863387
,-48.61734049863388
,-40.585452498633884
,-15.657468498633875
,-2.974992498633881
,57.48265150136612
,80.31943150136613
,77.22944350136613
,72.44360350136611
,68.01149950136612
,51.76045150136612
,15.096755501366118
,2.1957955013661206
,3.1737715013661187
,-2.069844498633884
,-2.2883284986338737
,3.433871501366127
,5.535479501366112
,4.952855501366116
,11.611415501366125
,-2.3403484986338725
,-4.067412498633871
,-13.847172498633881
,-20.54734849863388
,-28.12146049863388
,-33.86446849863387
,-22.232796498633874
,-14.315352498633885
,11.538587501366123
,78.48832750136611
,98.96339950136611
,100.02460750136612
,98.21431150136611
,96.68492350136611
,91.97191150136612
,77.97853150136612
,75.27349150136612
,76.62601150136611
,75.27349150136612
,76.80287950136612
,86.39536750136611
,106.36064350136613
,132.79720750136613
,121.76896750136612
,94.47927550136612
,82.83719950136611
,77.92651150136612
,75.10702750136612
,74.01460750136613
,73.96258750136613
,75.26308750136613
,81.40144750136612
,106.04852350136612
,129.55115950136613
,110.30375950136612
,137.28133150136614
,131.11175950136612
,127.37672350136611
,112.29092350136611
,103.26025150136613
,98.97380350136612
,99.21309550136613
,96.00866350136613
,96.1022995013661
,104.42549950136612
,139.28930350136613
,155.3322715013661
,123.77693950136612
,100.60723150136613
,72.07946350136612
,46.901783501366126
,18.29078350136612
,6.523859501366118
,10.706267501366128
,31.39982350136612
,67.38725950136612
,96.66411550136613
,111.3961795013661
,125.39996350136613
,128.39631550136613
,119.61533950136612
,110.90719150136611
,90.08878750136613
,89.46454750136611
,85.72951150136612
,84.37699150136612
,86.07284350136612
,86.75950750136613
,94.01109550136613
,111.38577550136613
,130.0921675013661
,108.13972750136611
,92.67938350136612
,80.43387550136613
,62.84071150136612
,31.066895501366126
,19.986635501366116
,18.925427501366123
,40.56574750136612
,72.23552350136612
,91.60777150136612
,110.27254750136612
,124.80693550136613
,128.70843550136613
,124.72370350136612
,114.51737950136612
,103.69721950136612
,96.01906750136612
,91.58696350136613
,89.38131550136612
,88.86111550136611
,90.80666350136613
,101.48116750136612
,119.58412750136611
,134.8780075013661
,127.41833950136612
,106.20458350136612
,94.81220350136611
,82.32740350136612
,57.37861150136612
,44.62330750136613
,45.41401150136612
,72.39158350136613
,84.01285150136613
,105.71559550136612
,124.98380350136611
,128.37550750136612
,149.3499715013661
,137.0316355013661
,124.45319950136611
,113.85152350136612
,106.38145150136612
,103.70762350136611
,100.46157550136613
,100.87773550136612
,101.31470350136613
,108.25417150136613
,114.34051150136611
,127.25187550136613
,127.48076350136613
,116.45252350136612
,103.02095950136612
,90.62979550136612
,84.39779950136611
,76.25146750136612
,76.68843550136611
,86.58263950136612
,94.65614350136613
,109.41941950136612
,117.27443950136612
,114.59020750136612
,115.30808350136613
,114.44455150136612
,106.7976115013661
,100.80490750136613
,101.09621950136612
,100.57601950136612
,99.68127550136613
,99.69167950136611
,98.54723950136612
,99.71248750136613
,98.40158350136612
,100.06622350136611
,94.26079150136611
,79.36226350136613
,54.579935501366116
,29.766395501366127
,10.529399501366115
,-1.8305524986338781
,-0.862980498633874
,10.39414750136612
,28.809227501366124
,75.36712750136613
,107.61952750136612
,117.42009550136612
,120.98866750136611
,108.88881550136611
,103.67641150136612
,89.89111150136611
,84.51224350136613
,81.99447550136613
,80.74599550136612
,80.14256350136613
,77.76004750136612
,79.87205950136612
,78.49873150136612
,71.38239550136612
,55.71397150136612
,49.03460350136612
,15.36725950136612
,-2.309136498633876
,-4.265088498633887
,-6.127404498633879
,-0.09308449863388546
,40.19120350136612
,49.669247501366115
,77.77045150136613
,105.56993950136612
,130.40428750136613
,132.89084350136613
,119.72978350136611
,112.29092350136611
,106.27741150136612
,90.40090750136612
,87.11324350136613
,81.92164750136612
,81.23498350136612
,83.22214750136612
,94.52089150136612
,119.61533950136612
,142.9515115013661
,127.57439950136612
,111.37537150136612
,93.03311950136613
,86.81152750136611
,79.62236350136612
,70.98704350136613
,73.76491150136611
,81.44306350136613
,94.52089150136612
,106.26700750136612
,138.9563755013661
,170.43887950136613
,175.3391635013661
,141.8486875013661
,116.6501995013661
,108.62871550136612
,111.88516750136611
,102.88570750136613
,100.73207950136612
,97.88138350136612
,100.75288750136613
,112.1452675013661
,132.3602395013661
,156.79923550136613
,148.4864395013661
,124.94218750136613
,115.21444750136612
,100.26389950136611
,93.41806750136611
,91.01474350136613
,92.19039550136613
,106.19417950136611
,107.53629550136613
,124.71329950136612
,170.30362750136612
,243.9743515013661
,238.6579075013661
,164.21728750136612
,132.23539150136614
,116.09878750136613
,112.49900350136612
,109.66911550136612
,106.46468350136612
,102.40712350136612
,107.80679950136611
,118.24201150136611
,147.6333115013661
,183.0173155013661
,160.69033150136613
,124.06825150136612
,115.38091150136611
,108.78477550136613
,104.21741950136612
,99.95177950136612
,100.46157550136613
,106.00690750136613
,111.46900750136612
,122.57007550136612
,169.21120750136612
,128.51075950136612
,121.44644350136613
,122.40361150136611
,118.82463550136612
,103.56196750136611
,96.1022995013661
,92.52332350136612
,90.55696750136612
,89.58939550136613
,89.72464750136612
,94.51048750136613
,110.53264750136611
,121.73775550136611
,114.33010750136611
,93.83422750136612
,86.20809550136612
,86.19769150136612
,87.12364750136612
,90.50494750136612
,89.72464750136612
,90.56737150136613
,93.48049150136612
,90.48413950136612
,101.31470350136613
,107.82760750136612
,104.57115550136612
,95.74856350136612
,95.47805950136612
,92.51291950136613
,84.52264750136612
,83.97123550136612
,84.54345550136611
,82.29619150136612
,82.10891950136613
,86.42657950136612
,88.90273150136613
,99.46279150136611
,103.24984750136612
,93.59493550136611
,86.52021550136612
,81.60952750136612
,80.44427950136611
,80.47549150136612
,80.45468350136612
,82.24417150136613
,86.50981150136612
,91.80544750136612
,100.79450350136612
,102.60479950136612
,106.31902750136612
,105.84044350136612
,102.26146750136611
,95.05149550136612
,93.91745950136612
,91.18120750136612
,92.04473950136612
,93.58453150136613
,94.52089150136612
,94.48967950136611
,105.37226350136612
,105.73640350136611
,95.84219950136611
,82.09851550136612
,51.604391501366116
,22.691675501366127
,1.4675155013661225
,-5.20144849863388
,-4.608420498633876
,24.762071501366123
,71.85057550136612
,94.53129550136612
,112.73829550136612
,110.99042350136611
,111.31294750136612
,107.30740750136613
,98.29754350136614
,92.63776750136611
,91.10837950136612
,86.34334750136611
,83.49265150136613
,82.10891950136613
,81.67195150136612
,83.50305550136612
,86.18728750136613
,85.53183550136612
,79.48711150136612
,57.36820750136613
,17.562503501366116
,5.8788115013661155
,0.21903550136612182
,0.1358035013661123
,-0.249144498633882
,15.773015501366118
,65.08797550136613
,97.83976750136611
,123.90178750136613
,132.1313515013661
,129.92570350136612
,117.83625550136611
,102.17823550136612
,92.65857550136613
,90.88989550136613
,89.37091150136611
,86.44738750136612
,86.81152750136611
,87.49819150136612
,95.30119150136612
,127.38712750136612
,153.0329875013661
,155.71721950136612
,126.99177550136613
,116.37969550136611
,111.33375550136611
,100.90894750136611
,95.95664350136613
,96.80977150136613
,99.79571950136612
,100.58642350136611
,101.80369150136612
,95.63411950136613
,127.08541150136611
,119.64655150136613
,98.26633150136612
,90.86908750136612
,81.68235550136612
,59.13688750136612
,48.11905150136612
,50.969747501366115
,50.127023501366125
,58.02365950136612
,73.87935550136612
,95.99825950136612
,120.89503150136613
,107.28659950136611
,89.93272750136612
,82.01528350136613
,79.82003950136613
,4.682351501366128
,-1.10227249863388
,-4.421148498633869
,76.77166750136611
,85.34456350136612
,84.66830350136613
,72.28754350136613
,86.48900350136611
,86.60344750136612
,77.68721950136613
,80.03852350136611
,72.62047150136613
,58.42941550136612
,46.86016750136612
,43.79098750136612
,42.67775950136612
,50.09581150136612
,83.27416750136612
,95.04109150136611
,107.20336750136612
,105.02893150136613
,98.48481550136611
,87.05081950136612
,85.26133150136613
,77.38550350136612
,77.45833150136613
,80.23619950136612
,84.75153550136612
,91.28524750136611
,101.50197550136613
,117.30565150136613
,128.51075950136612
,122.81977150136612
,112.25971150136611
,108.46225150136613
,98.07905950136612
,90.54656350136612
,85.60466350136612
,83.54467150136612
,81.29740750136612
,83.87759950136612
,89.06919550136612
,110.04365950136612
,138.2384995013661
,137.11486750136612
,106.86003550136611
,96.23755150136613
,86.31213550136611
,80.79801550136612
,78.75883150136613
,81.02690350136612
,85.84395550136611
,93.38685550136611
,116.19242350136611
,132.1001395013661
,138.44657950136613
,103.97812750136612
,103.71802750136612
,101.18985550136611
,93.33483550136611
,92.78342350136612
,89.61020350136612
,87.21728350136613
,86.86354750136611
,86.31213550136611
,89.55818350136612
,109.13851150136611
,128.4483355013661
,130.22741950136611
,106.03811950136613
,95.77977550136612
,83.08689550136613
,78.32186350136612
,70.82057950136611
,61.415363501366116
,66.55493950136612
,70.23795550136612
,74.85733150136613
,92.71059550136613
,100.21187950136611
,94.88503150136613
,82.27538350136612
,76.85489950136612
,71.00785150136612
,62.97596350136612
,54.14296750136612
,48.618443501366116
,42.833819501366115
,43.395635501366115
,51.56277550136612
,65.97231550136613
,80.78761150136611
,80.36104750136612
,72.37077550136613
,40.72180750136612
,23.54480350136612
,1.498727501366119
,-4.077816498633879
,-4.722864498633882
,6.87759550136613
,24.73085950136612
,74.06662750136613
,94.25038750136613
,96.38320750136612
,97.31956750136612
,92.86665550136611
,92.64817150136612
,84.01285150136613
,72.46441150136611
,70.07149150136611
,68.25079150136612
,68.40685150136612
,67.83463150136613
,65.15039950136611
,69.19755550136611
,69.93623950136612
,61.69627150136612
,40.55534350136612
,8.001227501366117
,-1.1230804986338683
,-5.315892498633872
,-6.699624498633867
,-9.456684498633877
,-5.804880498633878
,21.786527501366123
,70.23795550136612
,97.63168750136613
,101.17945150136612
,99.10905550136611
,99.18188350136612
,95.98785550136611
,90.44252350136611
,85.32375550136611
,85.26133150136613
,83.48224750136612
,84.98042350136612
,84.58507150136612
,87.43576750136612
,103.07297950136612
,129.70721950136613
,128.4483355013661
,114.59020750136612
,104.14459150136612
,98.64087550136612
,97.16350750136613
,88.96515550136611
,90.14080750136613
,89.65181950136612
,90.86908750136612
,93.75099550136612
,116.55656350136613
,118.72059550136612
,111.61466350136612
,92.03433550136612
,90.87949150136612
,83.60709550136612
,89.04838750136612
,89.27727550136612
,88.09121950136613
,83.98163950136612
,83.47184350136612
,90.50494750136612
,105.56993950136612
,125.20228750136613
,117.63857950136611
,112.51981150136612
,95.74856350136612
,90.64019950136611
,83.34699550136612
,75.47116750136611
,68.02190350136613
,81.33902350136611
,85.05325150136612
,90.45292750136612
,104.39428750136612
,121.77937150136611
,115.21444750136612
,92.54413150136612
,90.04717150136612
,84.28335550136612
,86.79071950136613
,83.79436750136611
,84.35618350136612
,84.36658750136613
,85.84395550136611
,92.55453550136612
,114.70465150136613
,138.3321355013661
,129.42631150136611
,96.95542750136612
,81.39104350136613
,72.84935950136612
,48.58723150136612
,35.43657550136612
,30.557099501366125
,64.70302750136612
,80.82922750136612
,89.62060750136612
,111.66668350136612
,119.30321950136613
,108.47265550136612
,92.39847550136612
,86.75950750136613
,81.33902350136611
,78.04095550136611
,78.19701550136612
,77.33348350136612
,76.18904350136613
,77.03176750136612
,85.78153150136613
,103.56196750136611
,130.46671150136612
,116.62939150136611
,93.23079550136612
,71.93380750136612
,49.03460350136612
,8.438195501366124
,3.0489235013661187
,5.993255501366136
,50.00217550136612
,78.28024750136612
,90.21363550136611
,116.55656350136613
,132.42266350136612
,115.01677150136612
,98.35996750136611
,94.33361950136613
,79.93448350136612
,75.39833950136612
,73.75450750136612
,72.50602750136612
,75.84571150136611
,76.15783150136613
,85.46941150136611
,101.17945150136612
,116.93110750136611
,110.02285150136612
,89.94313150136612
,69.13513150136613
,40.40968750136612
,6.7111315013661255
,-1.4456044986338696
,5.2025515013661305
,13.203227501366122
,69.19755550136611
,88.33051150136612
,101.25227950136612
,117.26403550136612
,115.53697150136611
,95.85260350136612
,91.04595550136611
,83.24295550136611
,78.98771950136613
,77.80166350136612
,77.04217150136613
,76.85489950136612
,76.32429550136612
,79.20620350136612
,87.73748350136611
,95.09311150136611
,88.66343950136613
,67.75139950136611
,36.31051150136612
,8.885567501366111
,-1.6328764986338768
,-7.677600498633879
,-4.036200498633889
,0.9473155013661199
,41.30443150136612
,90.23444350136613
,99.81652750136612
,109.82517550136612
,106.13175550136611
,94.21917550136612
,87.40455550136612
,81.19336750136611
,88.77788350136612
,85.64627950136611
,81.65114350136612
,83.59669150136612
,82.95164350136612
,85.57345150136612
,87.49819150136612
,90.65060350136612
,83.21174350136613
,65.77463950136612
,20.205119501366127
,1.9669075013661228
,-5.315892498633872
,-8.655576498633877
,-7.344672498633884
,2.903267501366116
,65.15039950136611
,100.54480750136612
,109.36739950136612
,109.34659150136612
,107.36983150136612
,106.12135150136612
,100.41995950136612
,93.39725950136612
,88.40333950136612
,85.57345150136612
,85.58385550136612
,85.37577550136612
,85.57345150136612
,94.71856750136611
,119.72978350136611
,115.94272750136612
,110.25173950136613
,106.82882350136612
,97.51724350136612
,90.00555550136612
,85.58385550136612
,83.69032750136613
,84.59547550136612
,88.32010750136612
,100.75288750136613
,115.77626350136612
,118.66857550136612
,116.49413950136612
,108.36861550136612
,110.90719150136611
,99.73329550136611
,89.16283150136613
,88.07041150136611
,85.36537150136613
,83.60709550136612
,85.09486750136611
,83.88800350136611
,88.08081550136612
,112.11405550136612
,121.80017950136612
,112.93597150136611
,110.62628350136612
,94.83301150136612
,86.64506350136612
,78.43630750136613
,77.06297950136612
,74.94056350136613
,78.30105550136611
,88.07041150136611
,100.58642350136611
,111.3961795013661
,109.30497550136613
,103.65560350136612
,89.62060750136612
,80.76680350136611
,70.82057950136611
,62.94475150136613
,63.51697150136612
,63.652223501366116
,65.03595550136612
,63.97474750136612
,70.37320750136612
,93.75099550136612
,108.56629150136612
,101.28349150136611
,88.00798750136613
,68.79179950136611
,68.82301150136611
,67.98028750136612
,66.00352750136612
,67.92826750136612
,74.14985950136612
,91.61817550136612
,109.51305550136611
,106.16296750136611
,105.16418350136613
,104.81044750136611
,103.26025150136613
,89.70383950136612
,82.86841150136611
,74.50359550136612
,66.31564750136612
,61.85233150136612
,58.918403501366114
,55.96366750136612
,62.611823501366125
,76.92772750136612
,85.36537150136613
,89.57899150136612
,82.74356350136613
,86.34334750136611
,89.51656750136611
,85.45900750136613
,85.57345150136612
,85.47981550136612
,85.44860350136612
,83.29497550136612
,84.88678750136613
,94.71856750136611
,99.80612350136612
,89.61020350136612
,76.12661950136612
,67.41847150136613
,45.892595501366124
,12.037979501366117
,11.278487501366115
,6.919211501366121
,5.629115501366115
,15.075947501366116
,31.659923501366123
,69.35361550136612
,69.74896750136611
,62.25808750136612
,51.83327950136612
,50.03338750136612
,40.90907950136612
,24.366719501366127
,22.962179501366116
,50.95934350136612
,64.39090750136613
,51.88529950136612
,71.34077950136611
,63.11121550136612
,74.59723150136612
,65.12959150136612
,59.199311501366125
,57.80517550136612
,44.768963501366116
,15.897863501366125
,9.749099501366118
,8.84395150136612
,9.676271501366116
,12.360503501366118
,15.48170350136612
,31.836791501366115
,56.85841150136612
,54.174179501366126
,40.617767501366124
,18.124319501366124
,49.02419950136612
,13.74423550136612
,-1.80974449863389
,-1.6536844986338792
,-0.7173244986338716
,12.94312750136612
,66.63817150136612
,93.88624750136611
,100.95056350136612
,102.65681950136613
,88.53859150136611
,85.90637950136612
,77.36469550136613
,72.31875550136611
,67.03352350136612
,61.58182750136612
,59.00163550136612
,63.22565950136612
,67.76180350136612
,73.16147950136612
,86.49940750136612
,72.74531950136613
,34.64587150136612
,3.9852835013661263
,-3.079032498633879
,-3.0686284986338848
,-5.263872498633873
,-2.9958004986338835
,-1.393584498633885
,54.579935501366116
,90.62979550136612
,105.34105150136612
,108.98245150136611
,106.71437950136612
,84.12729550136612
,73.78571950136613
,66.60695950136612
,40.73221150136612
,24.710051501366124
,20.163503501366122
,21.359963501366124
,27.47751550136612
,68.06351950136613
,85.13648350136611
,90.60898750136613
,86.78031550136612
,72.32915950136612
,68.70856750136612
,68.03230750136612
,59.79233950136612
,59.17850350136612
,59.26173550136612
,46.76653150136612
,70.61249950136612
,72.36037150136612
,95.81098750136613
,95.67573550136612
,91.83665950136611
,72.36037150136612
,72.80774350136613
,69.20795950136612
,61.40495950136612
,54.19498750136612
,54.04933150136612
,51.06338350136612
,49.00339150136612
,68.46927550136613
,91.52453950136612
,106.59993550136612
,107.04730750136612
,94.50008350136612
,90.59858350136612
,90.62979550136612
,93.70937950136612
,93.30362350136612
,91.59736750136611
,90.62979550136612
,94.73937550136613
,109.99163950136612
,136.2513355013661
,139.8303115013661
,112.55102350136612
,97.43401150136611
,93.06433150136613
,79.03973950136613
,79.84084750136611
,71.96501950136613
,71.99623150136613
,71.51764750136611
,71.51764750136611
,83.85679150136612
,102.95853550136611
,131.7359995013661
,139.49738350136613
,112.36375150136612
,98.57845150136612
,91.48292350136612
,83.76315550136611
,81.18296350136612
,80.89165150136613
,85.36537150136613
,94.86422350136611
,109.52345950136612
,133.77518350136612
,146.5616995013661
,121.40482750136613
,98.04784750136612
,95.02028350136612
,84.08567950136612
,79.06054750136612
,74.10824350136613
,71.98582750136612
,71.56966750136611
,71.46562750136611
,76.65722350136612
,92.75221150136612
,99.82693150136612
,102.02217550136612
,94.55210350136612
,76.39712350136611
,70.36280350136612
,67.08554350136613
,57.524267501366126
,58.450223501366125
,70.75815550136612
,81.16215550136612
,98.98420750136613
,114.08041150136611
,131.16377950136612
,113.32091950136612
,100.34713150136612
,94.89543550136611
,87.95596750136612
,79.40387950136612
,76.64681950136612
,73.70248750136612
,76.66762750136613
,77.88489550136612
,81.50548750136613
,97.64209150136611
,114.78788350136612
,132.2770075013661
,109.89800350136612
,96.73694350136613
,89.45414350136613
,85.26133150136613
,82.29619150136612
,79.85125150136612
,84.38739550136613
,93.87584350136612
,106.58953150136612
,132.04811950136613
,142.74343150136613
,127.72005550136612
,105.95488750136613
,101.20025950136612
,93.03311950136613
,99.33794350136613
,91.05635950136612
,87.66465550136611
,84.84517150136612
,84.56426350136613
,85.18850350136611
,93.07473550136612
,103.95731950136613
,105.69478750136612
,97.75653550136612
,76.95893950136612
,63.943535501366114
,50.58479950136612
,35.457383501366124
,38.72423950136612
,58.59587950136613
,78.94610350136612
,100.54480750136612
,113.13364750136611
,140.42333950136612
,113.15445550136612
,98.07905950136612
,93.60533950136612
,79.79923150136612
,71.78815150136613
,64.98393550136612
,62.424551501366125
,63.56899150136611
,59.948399501366126
,63.97474750136612
,69.44725150136613
,69.55129150136612
,65.87867950136612
,54.600743501366125
,21.162287501366123
,10.789499501366123
,0.15661150136611468
,-4.982964498633876
,-7.230228498633878
,-1.1855044986338754
,47.55723550136612
,77.64560350136612
,107.26579150136612
,103.45792750136613
,94.99947550136612
,78.83165950136612
,74.35793950136612
,67.43927950136612
,45.23714350136612
,39.29645950136612
,34.68748750136612
,36.372935501366115
,42.86503150136612
,55.83881950136612
,84.54345550136611
,106.14215950136612
,108.24376750136611
,92.73140350136612
,74.56601950136613
,68.35483150136612
,58.991231501366116
,49.77328750136612
,61.43617150136612
,70.94542750136613
,94.98907150136611
,118.16918350136612
,155.64439150136613
,174.77734750136614
,126.63803950136612
,99.04663150136612
,92.65857550136613
,77.91610750136613
,70.12351150136611
,65.29605550136611
,60.14607550136612
,56.244575501366114
,53.67478750136612
,64.59898750136612
,85.86476350136613
,106.74559150136612
,109.85638750136613
,91.58696350136613
,76.10581150136612
,72.64127950136611
,75.99136750136611
,78.98771950136613
,80.25700750136612
,86.95718350136612
,103.10419150136612
,113.23768750136612
,146.76977950136614
,159.5250835013661
,113.87233150136612
,92.72099950136611
,81.23498350136612
,68.99987950136611
,59.667491501366115
,55.266599501366116
,49.73167150136612
,49.65884350136612
,51.06338350136612
,60.25011550136612
,91.26443950136613
,110.24133550136611
,110.60547550136613
,89.01717550136613
,67.41847150136613
,62.69505550136612
,56.577503501366124
,56.525483501366125
,58.49183950136612
,69.60331150136611
,85.60466350136612
,105.74680750136612
,118.88705950136611
,120.97826350136611
,100.55521150136612
,87.16526350136613
,77.71843150136613
,63.86030350136612
,44.321591501366115
,37.51737550136612
,28.008119501366124
,22.899755501366123
,23.159855501366124
,38.693027501366124
,59.07446350136612
,76.19944750136612
,84.49143550136611
,64.56777550136613
,56.33821150136612
,56.962451501366125
,39.390095501366126
,22.86854350136612
,21.64087150136612
,30.858815501366124
,46.38158350136612
,67.48089550136612
,84.46022350136612
,106.64155150136612
,94.65614350136613
,84.49143550136611
,75.42955150136612
,67.73059150136612
,65.74342750136611
,59.376179501366124
,58.17971950136612
,59.45941150136612
,60.14607550136612
,66.74221150136611
,88.60101550136612
,115.66181950136612
,129.37429150136612
,99.94137550136612
,75.79369150136611
,64.29727150136613
,54.05973550136612
,48.670463501366115
,49.58601550136612
,54.66316750136612
,68.43806350136613
,93.71978350136612
,105.46589950136611
,150.39037150136613
,125.30632750136613
,102.77126350136612
,92.85625150136613
,85.78153150136613
,85.34456350136612
,72.76612750136613
,69.57209950136611
,65.47292350136611
,65.22322750136613
,65.29605550136611
,69.59290750136613
,73.14067150136611
,73.86895150136613
,59.365775501366116
,47.151479501366126
,33.16850350136612
,22.702079501366114
,19.40401150136612
,20.34037150136612
,39.70221550136612
,64.53656350136612
,85.82314750136612
,89.81828350136612
,92.90827150136612
,69.93623950136612
,55.765991501366116
,42.917051501366124
,30.869219501366118
,-2.65246849863388
,-3.027012498633866
,-3.037416498633874
,-3.0998404986338812
,-3.089436498633873
,-3.0478204986338824
,-3.037416498633874
,2.1853915013661123
,1.134587501366127
,-2.590044498633887
,-5.690436498633872
,-15.210096498633874
,-21.44209249863387
,-25.416420498633883
,-25.89500449863388
,-12.22414849863388
,-3.15186049863388
,21.141479501366113
,57.95083150136612
,70.18593550136612
,60.676679501366124
,53.11297150136612
,53.102567501366124
,45.25795150136612
,31.222955501366123
,27.259031501366117
,29.880839501366125
,31.19174350136612
,43.80139150136612
,57.19133950136612
,90.49454350136612
,115.21444750136612
,113.24809150136612
,107.47387150136612
,92.30483950136612
,87.44617150136612
,77.35429150136612
,73.50481150136612
,75.90813550136612
,88.04960350136612
,96.12310750136612
,96.13351150136612
,109.50265150136613
,114.31970350136612
,109.50265150136613
,102.59439550136612
,101.34591550136612
,91.69100350136611
,92.59615150136612
,84.27295150136612
,81.14134750136611
,84.41860750136613
,83.46143950136613
,91.82625550136612
,94.76018350136613
,160.5238675013661
,167.81707150136612
,119.24079550136612
,97.65249550136612
,86.73869950136611
,77.70802750136612
,75.91853950136613
,76.80287950136612
,83.82557950136612
,90.56737150136613
,99.20269150136612
,102.07419550136612
,102.61520350136612
,93.26200750136613
,79.43509150136612
,62.75747950136612
,54.98569150136612
,31.295783501366124
,22.86854350136612
,18.71734750136612
,14.306051501366127
,10.831115501366114
,22.421171501366118
,46.97461150136613
,67.16877550136613
,63.45454750136612
,47.64046750136612
,23.596823501366117
,14.701403501366116
,5.140127501366123
,0.28145950136611475
,1.9669075013661228
,15.73139950136612
,44.80017550136612
,68.57331550136612
,77.36469550136613
,85.58385550136612
,67.06473550136612
,51.052979501366124
,44.20714750136612
,31.31659150136612
,10.113239501366124
,1.9981195013661193
,2.882459501366114
,0.5415595013661232
,3.8916475013661227
,20.912591501366116
,60.58304350136612
,78.73802350136611
,80.19458350136613
,67.84503550136611
,59.26173550136612
,52.31186350136612
,47.04743950136612
,47.67167950136613
,58.35658750136612
,60.593447501366114
,82.51467550136613
,85.92718750136612
,90.77545150136612
,102.59439550136612
,88.75707550136613
,85.30294750136612
,83.19093550136611
,76.75085950136612
,78.69640750136612
,75.01339150136612
,77.03176750136612
,74.64925150136612
,74.90935150136612
,80.43387550136613
,90.48413950136612
,94.62493150136612
,100.39915150136612
,95.25957550136613
,88.43455150136612
,82.18174750136612
,76.66762750136613
,74.79490750136613
,74.75329150136612
,82.25457550136612
,88.61141950136613
,90.78585550136611
,97.37158750136612
,122.60128750136613
,103.14580750136612
,89.46454750136611
,83.28457150136612
,75.43995550136611
,79.34145550136611
,74.84692750136612
,73.25511550136612
,72.58925950136612
,72.03784750136612
,72.74531950136613
,76.86530350136611
,87.75829150136612
,89.51656750136611
,87.45657550136613
,79.22701150136612
,72.88057150136612
,64.35969550136612
,58.17971950136612
,64.47413950136612
,69.38482750136612
,86.40577150136612
,91.64938750136612
,92.70019150136612
,92.03433550136612
,90.75464350136613
,81.46387150136611
,75.58561150136612
,64.13080750136612
,59.80274350136612
,49.03460350136612
,41.00271550136612
,39.19241950136612
,39.19241950136612
,41.43968350136612
,49.37793550136612
,61.30091950136612
,62.549399501366125
,35.09324350136612
,15.523319501366124
,0.4167115013661089
,-2.4027724986338796
,-6.054576498633878
,-6.5643724986338725
,-3.1206484986338694
,11.881919501366113
,64.02676750136611
,74.43076750136612
,66.64857550136612
,56.10932350136612
,46.87057150136612
,14.295647501366119
,3.309023501366113
,-3.6096364986338756
,-2.5692364986338703
,-3.0686284986338848
,-3.1622644986338884
,-1.8513604986338805
,25.292675501366126
,72.51643150136613
,94.57291150136612
,103.12499950136612
,94.28159950136612
,86.35375150136612
,85.89597550136612
,77.08378750136613
,77.26065550136612
,78.92529550136612
,92.44009150136611
,105.70519150136612
,104.03014750136612
,109.13851150136611
,136.39699150136613
,111.45860350136613
,102.28227550136613
,96.42482350136612
,92.64817150136612
,87.42536350136612
,83.31578350136613
,81.12053950136612
,79.55993950136612
,79.47670750136612
,83.77355950136612
,107.42185150136612
,148.4448235013661
,146.6657395013661
,108.00447550136613
,93.70937950136612
,82.46265550136611
,74.98217950136612
,70.21714750136611
,69.74896750136611
,77.73923950136613
,93.22039150136612
,113.92435150136612
,138.5298115013661
,160.59669550136613
,122.29957150136612
,103.11459550136613
,94.16715550136611
,87.51899950136611
,86.27051950136612
,83.26376350136613
,81.73437550136613
,82.46265550136611
,84.17931550136612
,90.96272350136611
,110.11648750136612
,169.23201550136613
,174.91259950136612
,122.44522750136612
,103.89489550136612
,91.83665950136611
,83.06608750136613
,83.18053150136613
,82.15053550136612
,93.77180350136612
,110.13729550136613
,155.30105950136613
,188.0216395013661
,192.69303550136613
,132.43306750136614
,104.89367950136611
,100.34713150136612
,90.57777550136612
,92.37766750136612
,84.40820350136612
,82.52507950136612
,81.64073950136613
,80.89165150136613
,88.81949950136611
,106.48549150136611
,170.15797150136612
,172.7693755013661
,112.31173150136613
,98.91137950136611
,85.46941150136611
,80.83963150136613
,77.86408750136613
,78.70681150136612
,90.77545150136612
,103.78045150136612
,133.50467950136613
,156.85125550136613
,130.38347950136614
,104.76883150136612
,95.61331150136611
,90.65060350136612
,82.98285550136612
,84.84517150136612
,80.95407550136612
,79.07095150136612
,82.24417150136613
,84.30416350136612
,90.67141150136611
,108.7951795013661
,140.4753595013661
,152.88733150136613
,116.86868350136612
,101.05460350136612
,88.45535950136612
,82.77477550136612
,78.51953950136613
,81.52629550136612
,92.46089950136611
,114.16364350136612
,122.47643950136612
,122.99663950136612
,125.09824750136612
,121.04068750136614
,112.75910350136613
,110.41820350136612
,99.20269150136612
,105.65317150136612
,99.95177950136612
,97.86057550136613
,96.76815550136611
,98.48481550136611
,103.04176750136611
,111.30254350136613
,122.09149150136611
,126.51319150136612
,114.50697550136613
,95.69654350136612
,86.36415550136611
,79.06054750136612
,77.13580750136613
,79.03973950136613
,85.91678350136613
,101.51237950136611
,125.4935995013661
,142.0775755013661
,122.18512750136611
,105.76761550136612
,91.80544750136612
,88.88192350136612
,82.32740350136612
,87.47738350136612
,79.06054750136612
,70.43563150136613
2026-10-27 02:00:00+01:00,70.05068350136612
2026-10-27 03:00:00+01:00,68.66695150136613
2026-10-27 04:00:00+01:00,68.52129550136613
2026-10-27 05:00:00+01:00,79.02933550136612
2026-10-27 06:00:00+01:00,82.37942350136612
2026-10-27 07:00:00+01:00,89.25646750136612
2026-10-27 08:00:00+01:00,79.23741550136612
2026-10-27 09:00:00+01:00,70.96623550136611
2026-10-27 10:00:00+01:00,48.44157550136612
2026-10-27 11:00:00+01:00,29.22538750136612
2026-10-27 12:00:00+01:00,24.408335501366118
2026-10-27 13:00:00+01:00,24.210659501366116
2026-10-27 14:00:00+01:00,41.502107501366126
2026-10-27 15:00:00+01:00,91.58696350136613
2026-10-27 16:00:00+01:00,114.99596350136613
2026-10-27 17:00:00+01:00,130.49792350136613
2026-10-27 18:00:00+01:00,140.42333950136612
2026-10-27 19:00:00+01:00,132.6515515013661
2026-10-27 20:00:00+01:00,119.44887550136613
2026-10-27 21:00:00+01:00,113.46657550136612
2026-10-27 22:00:00+01:00,109.42982350136612
2026-10-27 23:00:00+01:00,99.51481150136611
2026-10-28 00:00:00+01:00,95.71735150136612
2026-10-28 01:00:00+01:00,91.83665950136611
2026-10-28 02:00:00+01:00,88.89232750136613
2026-10-28 03:00:00+01:00,85.43819950136611
2026-10-28 04:00:00+01:00,88.35131950136612
2026-10-28 05:00:00+01:00,98.98420750136613
2026-10-28 06:00:00+01:00,120.87422350136612
2026-10-28 07:00:00+01:00,139.02920350136614
2026-10-28 08:00:00+01:00,136.61547550136612
2026-10-28 09:00:00+01:00,117.32645950136612
2026-10-28 10:00:00+01:00,107.62993150136613
2026-10-28 11:00:00+01:00,100.82571550136612
2026-10-28 12:00:00+01:00,103.07297950136612
2026-10-28 13:00:00+01:00,104.21741950136612
2026-10-28 14:00:00+01:00,113.46657550136612
2026-10-28 15:00:00+01:00,121.74815950136612
2026-10-28 16:00:00+01:00,148.08068350136614
2026-10-28 17:00:00+01:00,180.74924350136612
2026-10-28 18:00:00+01:00,183.75599950136612
2026-10-28 19:00:00+01:00,160.2533635013661
2026-10-28 20:00:00+01:00,126.89813950136613
2026-10-28 21:00:00+01:00,118.18999150136611
2026-10-28 22:00:00+01:00,112.87354750136612
2026-10-28 23:00:00+01:00,102.80247550136613
2026-10-29 00:00:00+01:00,105.78842350136611
2026-10-29 01:00:00+01:00,103.07297950136612
2026-10-29 02:00:00+01:00,102.01177150136613
2026-10-29 03:00:00+01:00,101.33551150136611
2026-10-29 04:00:00+01:00,103.34348350136612
2026-10-29 05:00:00+01:00,113.74748350136612
2026-10-29 06:00:00+01:00,124.70289550136613
2026-10-29 07:00:00+01:00,155.4363115013661
2026-10-29 08:00:00+01:00,155.7276235013661
2026-10-29 09:00:00+01:00,134.27457550136612
2026-10-29 10:00:00+01:00,125.18147950136611
2026-10-29 11:00:00+01:00,119.19917950136612
2026-10-29 12:00:00+01:00,113.37293950136612
2026-10-29 13:00:00+01:00,114.72545950136612
2026-10-29 14:00:00+01:00,124.07865550136611
2026-10-29 15:00:00+01:00,142.63939150136613
2026-10-29 16:00:00+01:00,175.00623550136612
2026-10-29 17:00:00+01:00,205.05298750136612
2026-10-29 18:00:00+01:00,168.59737150136613
2026-10-29 19:00:00+01:00,159.31700350136612
2026-10-29 20:00:00+01:00,132.9324595013661
2026-10-29 21:00:00+01:00,119.86503550136612
2026-10-29 22:00:00+01:00,115.45373950136613
2026-10-29 23:00:00+01:00,104.27984350136613
2026-10-30 00:00:00+01:00,109.29457150136612
2026-10-30 01:00:00+01:00,104.14459150136612
2026-10-30 02:00:00+01:00,102.19904350136613
2026-10-30 03:00:00+01:00,101.99096350136612
2026-10-30 04:00:00+01:00,103.11459550136613
2026-10-30 05:00:00+01:00,113.80990750136613
2026-10-30 06:00:00+01:00,126.96056350136612
2026-10-30 07:00:00+01:00,160.50305950136612
2026-10-30 08:00:00+01:00,159.57710350136614
2026-10-30 09:00:00+01:00,134.06649550136612
2026-10-30 10:00:00+01:00,120.17715550136612
2026-10-30 11:00:00+01:00,115.00636750136611
2026-10-30 12:00:00+01:00,106.57912750136612
2026-10-30 13:00:00+01:00,110.29335550136611
2026-10-30 14:00:00+01:00,125.60804350136613
2026-10-30 15:00:00+01:00,147.58129150136614
2026-10-30 16:00:00+01:00,171.35443150136612
2026-10-30 17:00:00+01:00,168.6285835013661
2026-10-30 18:00:00+01:00,170.08514350136613
2026-10-30 19:00:00+01:00,166.0379875013661
2026-10-30 20:00:00+01:00,136.6466875013661
2026-10-30 21:00:00+01:00,125.30632750136613
2026-10-30 22:00:00+01:00,116.31727150136612
2026-10-30 23:00:00+01:00,107.57791150136612
2026-10-31 00:00:00+01:00,103.44752350136612
2026-10-31 01:00:00+01:00,100.57601950136612
2026-10-31 02:00:00+01:00,97.01785150136612
2026-10-31 03:00:00+01:00,95.06189950136611
2026-10-31 04:00:00+01:00,96.99704350136614
2026-10-31 05:00:00+01:00,101.07541150136612
2026-10-31 06:00:00+01:00,116.57737150136612
2026-10-31 07:00:00+01:00,127.55359150136611
2026-10-31 08:00:00+01:00,125.61844750136612
2026-10-31 09:00:00+01:00,114.1948555013661
2026-10-31 10:00:00+01:00,102.32389150136612
2026-10-31 11:00:00+01:00,98.64087550136612
2026-10-31 12:00:00+01:00,92.13837550136613
2026-10-31 13:00:00+01:00,92.75221150136612
2026-10-31 14:00:00+01:00,97.90219150136612
2026-10-31 15:00:00+01:00,106.49589550136612
2026-10-31 16:00:00+01:00,115.32889150136612
2026-10-31 17:00:00+01:00,128.10500350136613
2026-10-31 18:00:00+01:00,130.4354995013661
2026-10-31 19:00:00+01:00,117.17039950136612
2026-10-31 20:00:00+01:00,105.58034350136613
2026-10-31 21:00:00+01:00,98.95299550136612
2026-10-31 22:00:00+01:00,97.86057550136613
2026-10-31 23:00:00+01:00,87.36293950136613
2026-11-01 00:00:00+01:00,89.57899150136612
2026-11-01 01:00:00+01:00,80.75639950136612
2026-11-01 02:00:00+01:00,79.01893150136613
2026-11-01 03:00:00+01:00,75.77288350136612
2026-11-01 04:00:00+01:00,74.96137150136612
2026-11-01 05:00:00+01:00,80.77720750136612
2026-11-01 06:00:00+01:00,91.39969150136612
2026-11-01 07:00:00+01:00,92.11756750136611
2026-11-01 08:00:00+01:00,86.59304350136613
2026-11-01 09:00:00+01:00,69.81139150136612
2026-11-01 10:00:00+01:00,38.07919150136612
2026-11-01 11:00:00+01:00,33.220523501366124
2026-11-01 12:00:00+01:00,27.945695501366124
2026-11-01 13:00:00+01:00,27.27983950136612
2026-11-01 14:00:00+01:00,46.28794750136612
2026-11-01 15:00:00+01:00,79.12297150136612
2026-11-01 16:00:00+01:00,97.90219150136612
2026-11-01 17:00:00+01:00,111.74991550136612
2026-11-01 18:00:00+01:00,116.32767550136612
2026-11-01 19:00:00+01:00,112.70708350136613
2026-11-01 20:00:00+01:00,109.72113550136612
2026-11-01 21:00:00+01:00,99.61885150136612
2026-11-01 22:00:00+01:00,97.90219150136612
2026-11-01 23:00:00+01:00,92.60655550136612
2026-11-02 00:00:00+01:00,93.82382350136612
2026-11-02 01:00:00+01:00,89.56858750136612
2026-11-02 02:00:00+01:00,89.46454750136611
2026-11-02 03:00:00+01:00,87.49819150136612
2026-11-02 04:00:00+01:00,89.43333550136612
2026-11-02 05:00:00+01:00,89.50616350136613
2026-11-02 06:00:00+01:00,97.75653550136612
2026-11-02 07:00:00+01:00,100.76329150136613
2026-11-02 08:00:00+01:00,100.69046350136612
2026-11-02 09:00:00+01:00,96.46643950136612
2026-11-02 10:00:00+01:00,89.48535550136612
2026-11-02 11:00:00+01:00,88.60101550136612
2026-11-02 12:00:00+01:00,84.55385950136612
2026-11-02 13:00:00+01:00,87.49819150136612
2026-11-02 14:00:00+01:00,97.15310350136612
2026-11-02 15:00:00+01:00,113.80990750136613
2026-11-02 16:00:00+01:00,130.31065150136612
2026-11-02 17:00:00+01:00,145.71897550136612
2026-11-02 18:00:00+01:00,147.66452350136612
2026-11-02 19:00:00+01:00,135.67911550136614
2026-11-02 20:00:00+01:00,116.02595950136612
2026-11-02 21:00:00+01:00,110.13729550136613
2026-11-02 22:00:00+01:00,108.33740350136611
2026-11-02 23:00:00+01:00,101.66843950136612
2026-11-03 00:00:00+01:00,100.68005950136612
2026-11-03 01:00:00+01:00,99.86854750136612
2026-11-03 02:00:00+01:00,99.87895150136612
2026-11-03 03:00:00+01:00,97.89178750136612
2026-11-03 04:00:00+01:00,96.86179150136611
2026-11-03 05:00:00+01:00,97.85017150136612
2026-11-03 06:00:00+01:00,98.70329950136612
2026-11-03 07:00:00+01:00,99.61885150136612
2026-11-03 08:00:00+01:00,91.81585150136613
2026-11-03 09:00:00+01:00,79.53913150136613
2026-11-03 10:00:00+01:00,56.848007501366126
2026-11-03 11:00:00+01:00,44.62330750136613
2026-11-03 12:00:00+01:00,44.31118750136612
2026-11-03 13:00:00+01:00,43.74937150136612
2026-11-03 14:00:00+01:00,73.08865150136613
2026-11-03 15:00:00+01:00,99.84773950136612
2026-11-03 16:00:00+01:00,117.00393550136612
2026-11-03 17:00:00+01:00,132.51629950136612
2026-11-03 18:00:00+01:00,137.21890750136612
2026-11-03 19:00:00+01:00,127.02298750136612
2026-11-03 20:00:00+01:00,117.38888350136612
2026-11-03 21:00:00+01:00,112.41577150136612
2026-11-03 22:00:00+01:00,107.87962750136612
2026-11-03 23:00:00+01:00,102.08459950136611
2026-11-04 00:00:00+01:00,98.16229150136611
2026-11-04 01:00:00+01:00,97.41320350136613
2026-11-04 02:00:00+01:00,96.98663950136611
2026-11-04 03:00:00+01:00,97.53805150136613
2026-11-04 04:00:00+01:00,99.83733550136611
2026-11-04 05:00:00+01:00,103.39550350136612
2026-11-04 06:00:00+01:00,122.99663950136612
2026-11-04 07:00:00+01:00,143.15959150136615
2026-11-04 08:00:00+01:00,140.03839150136614
2026-11-04 09:00:00+01:00,120.97826350136611
2026-11-04 10:00:00+01:00,112.83193150136613
2026-11-04 11:00:00+01:00,105.16418350136613
2026-11-04 12:00:00+01:00,102.67762750136612
2026-11-04 13:00:00+01:00,106.27741150136612
2026-11-04 14:00:00+01:00,116.25484750136611
2026-11-04 15:00:00+01:00,141.16202350136612
2026-11-04 16:00:00+01:00,163.3225435013661
2026-11-04 17:00:00+01:00,163.70749150136612
2026-11-04 18:00:00+01:00,178.9389475013661
2026-11-04 19:00:00+01:00,172.9358395013661
2026-11-04 20:00:00+01:00,138.21769150136612
2026-11-04 21:00:00+01:00,117.38888350136612
2026-11-04 22:00:00+01:00,112.11405550136612
2026-11-04 23:00:00+01:00,104.95610350136612
2026-11-05 00:00:00+01:00,104.36307550136613
2026-11-05 01:00:00+01:00,103.39550350136612
2026-11-05 02:00:00+01:00,103.12499950136612
2026-11-05 03:00:00+01:00,102.10540750136613
2026-11-05 04:00:00+01:00,102.35510350136612
2026-11-05 05:00:00+01:00,105.18499150136611
2026-11-05 06:00:00+01:00,128.2402555013661
2026-11-05 07:00:00+01:00,155.10338350136612
2026-11-05 08:00:00+01:00,146.36402350136612
2026-11-05 09:00:00+01:00,122.83017550136613
2026-11-05 10:00:00+01:00,108.62871550136612
2026-11-05 11:00:00+01:00,103.37469550136612
2026-11-05 12:00:00+01:00,101.29389550136612
2026-11-05 13:00:00+01:00,102.49035550136611
2026-11-05 14:00:00+01:00,112.33253950136611
2026-11-05 15:00:00+01:00,147.71654350136612
2026-11-05 16:00:00+01:00,198.9770515013661
2026-11-05 17:00:00+01:00,193.39010350136613
2026-11-05 18:00:00+01:00,201.3179515013661
2026-11-05 19:00:00+01:00,197.2187755013661
2026-11-05 20:00:00+01:00,167.15121550136615
2026-11-05 21:00:00+01:00,134.3265955013661
2026-11-05 22:00:00+01:00,118.43968750136614
2026-11-05 23:00:00+01:00,112.32213550136612
2026-11-06 00:00:00+01:00,112.88395150136611
2026-11-06 01:00:00+01:00,109.33618750136613
2026-11-06 02:00:00+01:00,108.25417150136613
2026-11-06 03:00:00+01:00,108.31659550136612
2026-11-06 04:00:00+01:00,109.41941950136612
2026-11-06 05:00:00+01:00,120.70775950136613
2026-11-06 06:00:00+01:00,144.47049550136612
2026-11-06 07:00:00+01:00,157.51711150136612
2026-11-06 08:00:00+01:00,172.68614350136613
2026-11-06 09:00:00+01:00,155.0513635013661
2026-11-06 10:00:00+01:00,138.81071950136612
2026-11-06 11:00:00+01:00,132.24579550136613
2026-11-06 12:00:00+01:00,125.43117550136613
2026-11-06 13:00:00+01:00,131.12216350136612
2026-11-06 14:00:00+01:00,144.23120350136614
2026-11-06 15:00:00+01:00,148.9338115013661
2026-11-06 16:00:00+01:00,158.04771550136613
2026-11-06 17:00:00+01:00,169.7418115013661
2026-11-06 18:00:00+01:00,172.71735550136611
2026-11-06 19:00:00+01:00,170.68857550136613
2026-11-06 20:00:00+01:00,147.6333115013661
2026-11-06 21:00:00+01:00,140.55859150136615
2026-11-06 22:00:00+01:00,124.66127950136612
2026-11-06 23:00:00+01:00,115.51616350136612
2026-11-07 00:00:00+01:00,106.20458350136612
2026-11-07 01:00:00+01:00,103.10419150136612
2026-11-07 02:00:00+01:00,101.33551150136611
2026-11-07 03:00:00+01:00,101.85571150136612
2026-11-07 04:00:00+01:00,101.73086350136612
2026-11-07 05:00:00+01:00,108.87841150136612
2026-11-07 06:00:00+01:00,133.67114350136612
2026-11-07 07:00:00+01:00,147.4252315013661
2026-11-07 08:00:00+01:00,150.24471550136613
2026-11-07 09:00:00+01:00,140.50657150136612
2026-11-07 10:00:00+01:00,129.12459550136612
2026-11-07 11:00:00+01:00,122.04987550136613
2026-11-07 12:00:00+01:00,117.92989150136611
2026-11-07 13:00:00+01:00,121.22795950136612
2026-11-07 14:00:00+01:00,133.24457950136613
2026-11-07 15:00:00+01:00,141.5261635013661
2026-11-07 16:00:00+01:00,158.60953150136612
2026-11-07 17:00:00+01:00,163.4369875013661
2026-11-07 18:00:00+01:00,169.11757150136611
2026-11-07 19:00:00+01:00,161.57467150136614
2026-11-07 20:00:00+01:00,143.79423550136613
2026-11-07 21:00:00+01:00,119.41766350136612
2026-11-07 22:00:00+01:00,111.35456350136613
2026-11-07 23:00:00+01:00,105.4971115013661
2026-11-08 00:00:00+01:00,105.16418350136613
2026-11-08 01:00:00+01:00,103.45792750136613
2026-11-08 02:00:00+01:00,102.95853550136611
2026-11-08 03:00:00+01:00,102.34469950136611
2026-11-08 04:00:00+01:00,103.08338350136611
2026-11-08 05:00:00+01:00,106.25660350136611
2026-11-08 06:00:00+01:00,121.25917150136613
2026-11-08 07:00:00+01:00,148.40320750136613
2026-11-08 08:00:00+01:00,150.7232995013661
2026-11-08 09:00:00+01:00,129.4887355013661
2026-11-08 10:00:00+01:00,116.35888750136613
2026-11-08 11:00:00+01:00,109.92921550136612
2026-11-08 12:00:00+01:00,105.39307150136612
2026-11-08 13:00:00+01:00,105.22660750136612
2026-11-08 14:00:00+01:00,108.20215150136613
2026-11-08 15:00:00+01:00,118.0443355013661
2026-11-08 16:00:00+01:00,135.02366350136612
2026-11-08 17:00:00+01:00,147.98704750136613
2026-11-08 18:00:00+01:00,142.70181550136613
2026-11-08 19:00:00+01:00,127.4911675013661
2026-11-08 20:00:00+01:00,115.92191950136612
2026-11-08 21:00:00+01:00,107.71316350136613
2026-11-08 22:00:00+01:00,106.26700750136612
2026-11-08 23:00:00+01:00,102.06379150136613
2026-11-09 00:00:00+01:00,110.80315150136613
2026-11-09 01:00:00+01:00,108.65992750136613
2026-11-09 02:00:00+01:00,106.36064350136613
2026-11-09 03:00:00+01:00,104.14459150136612
2026-11-09 04:00:00+01:00,103.81166350136613
2026-11-09 05:00:00+01:00,104.15499550136613
2026-11-09 06:00:00+01:00,107.47387150136612
2026-11-09 07:00:00+01:00,109.82517550136612
2026-11-09 08:00:00+01:00,110.98001950136612
2026-11-09 09:00:00+01:00,110.61587950136612
2026-11-09 10:00:00+01:00,107.53629550136613
2026-11-09 11:00:00+01:00,105.37226350136612
2026-11-09 12:00:00+01:00,102.02217550136612
2026-11-09 13:00:00+01:00,101.86611550136612
2026-11-09 14:00:00+01:00,107.96285950136613
2026-11-09 15:00:00+01:00,121.68573550136611
2026-11-09 16:00:00+01:00,137.51021950136612
2026-11-09 17:00:00+01:00,158.0373115013661
2026-11-09 18:00:00+01:00,159.88922350136613
2026-11-09 19:00:00+01:00,145.9478635013661
2026-11-09 20:00:00+01:00,129.8424715013661
2026-11-09 21:00:00+01:00,119.66735950136612
2026-11-09 22:00:00+01:00,116.71262350136612
2026-11-09 23:00:00+01:00,110.44941550136612
2026-11-10 00:00:00+01:00,109.45063150136613
2026-11-10 01:00:00+01:00,107.33861950136613
2026-11-10 02:00:00+01:00,106.2461995013661
2026-11-10 03:00:00+01:00,106.48549150136611
2026-11-10 04:00:00+01:00,105.70519150136612
2026-11-10 05:00:00+01:00,106.28781550136611
2026-11-10 06:00:00+01:00,108.37901950136612
2026-11-10 07:00:00+01:00,110.30375950136612
2026-11-10 08:00:00+01:00,112.38455950136611
2026-11-10 09:00:00+01:00,111.90597550136613
2026-11-10 10:00:00+01:00,109.41941950136612
2026-11-10 11:00:00+01:00,109.40901550136613
2026-11-10 12:00:00+01:00,108.21255550136611
2026-11-10 13:00:00+01:00,107.52589150136612
2026-11-10 14:00:00+01:00,108.15013150136613
2026-11-10 15:00:00+01:00,119.70897550136613
2026-11-10 16:00:00+01:00,129.09338350136613
2026-11-10 17:00:00+01:00,149.7765355013661
2026-11-10 18:00:00+01:00,146.18715550136614
2026-11-10 19:00:00+01:00,135.12770350136614
2026-11-10 20:00:00+01:00,129.27025150136612
2026-11-10 21:00:00+01:00,119.63614750136611
2026-11-10 22:00:00+01:00,118.93907950136611
2026-11-10 23:00:00+01:00,111.46900750136612
2026-11-11 00:00:00+01:00,106.19417950136611
2026-11-11 01:00:00+01:00,104.13418750136613
2026-11-11 02:00:00+01:00,102.74005150136612
2026-11-11 03:00:00+01:00,101.05460350136612
2026-11-11 04:00:00+01:00,101.79328750136612
2026-11-11 05:00:00+01:00,106.42306750136612
2026-11-11 06:00:00+01:00,122.93421550136611
2026-11-11 07:00:00+01:00,140.86030750136612
2026-11-11 08:00:00+01:00,145.79180350136613
2026-11-11 09:00:00+01:00,136.69870750136613
2026-11-11 10:00:00+01:00,128.29227550136613
2026-11-11 11:00:00+01:00,125.46238750136612
2026-11-11 12:00:00+01:00,119.67776350136612
2026-11-11 13:00:00+01:00,120.63493150136613
2026-11-11 14:00:00+01:00,124.91097550136612
2026-11-11 15:00:00+01:00,135.32537950136611
2026-11-11 16:00:00+01:00,142.2752515013661
2026-11-11 17:00:00+01:00,154.2398515013661
2026-11-11 18:00:00+01:00,154.41671950136612
2026-11-11 19:00:00+01:00,140.20485550136613
2026-11-11 20:00:00+01:00,124.90057150136613
2026-11-11 21:00:00+01:00,119.26160350136612
2026-11-11 22:00:00+01:00,115.84909150136612
2026-11-11 23:00:00+01:00,109.35699550136613
2026-11-12 00:00:00+01:00,109.11770350136612
2026-11-12 01:00:00+01:00,106.39185550136611
2026-11-12 02:00:00+01:00,105.13297150136611
2026-11-12 03:00:00+01:00,104.67519550136612
2026-11-12 04:00:00+01:00,107.61952750136612
2026-11-12 05:00:00+01:00,112.05163150136613
2026-11-12 06:00:00+01:00,139.06041550136615
2026-11-12 07:00:00+01:00,169.37767150136614
2026-11-12 08:00:00+01:00,182.90287150136612
2026-11-12 09:00:00+01:00,161.3249755013661
2026-11-12 10:00:00+01:00,146.38483150136614
2026-11-12 11:00:00+01:00,143.74221550136613
2026-11-12 12:00:00+01:00,137.6558755013661
2026-11-12 13:00:00+01:00,141.51575950136612
2026-11-12 14:00:00+01:00,148.3303795013661
2026-11-12 15:00:00+01:00,162.50062750136613
2026-11-12 16:00:00+01:00,169.3464595013661
2026-11-12 17:00:00+01:00,164.36294350136615
2026-11-12 18:00:00+01:00,161.90759950136612
2026-11-12 19:00:00+01:00,163.38496750136613
2026-11-12 20:00:00+01:00,148.21593550136612
2026-11-12 21:00:00+01:00,131.85044350136613
2026-11-12 22:00:00+01:00,126.24268750136613
2026-11-12 23:00:00+01:00,118.94948350136613
2026-11-13 00:00:00+01:00,115.41212350136612
2026-11-13 01:00:00+01:00,112.53021550136611
2026-11-13 02:00:00+01:00,110.68870750136612
2026-11-13 03:00:00+01:00,110.40779950136611
2026-11-13 04:00:00+01:00,111.70829950136611
2026-11-13 05:00:00+01:00,121.63371550136611
2026-11-13 06:00:00+01:00,142.7330275013661
2026-11-13 07:00:00+01:00,177.1286515013661
2026-11-13 08:00:00+01:00,183.3294355013661
2026-11-13 09:00:00+01:00,169.61696350136611
2026-11-13 10:00:00+01:00,168.1499995013661
2026-11-13 11:00:00+01:00,168.36848350136611
2026-11-13 12:00:00+01:00,156.50792350136612
2026-11-13 13:00:00+01:00,155.3738875013661
2026-11-13 14:00:00+01:00,159.55629550136612
2026-11-13 15:00:00+01:00,167.48414350136613
2026-11-13 16:00:00+01:00,187.1268955013661
2026-11-13 17:00:00+01:00,194.68019950136613
2026-11-13 18:00:00+01:00,197.05231150136612
2026-11-13 19:00:00+01:00,165.75707950136615
2026-11-13 20:00:00+01:00,143.52373150136611
2026-11-13 21:00:00+01:00,125.62885150136611
2026-11-13 22:00:00+01:00,120.02109550136612
2026-11-13 23:00:00+01:00,111.81233950136613
2026-11-14 00:00:00+01:00,117.63857950136611
2026-11-14 01:00:00+01:00,114.29889550136613
2026-11-14 02:00:00+01:00,112.41577150136612
2026-11-14 03:00:00+01:00,111.66668350136612
2026-11-14 04:00:00+01:00,111.35456350136613
2026-11-14 05:00:00+01:00,121.85219950136612
2026-11-14 06:00:00+01:00,131.3302435013661
2026-11-14 07:00:00+01:00,140.5481875013661
2026-11-14 08:00:00+01:00,147.35240350136613
2026-11-14 09:00:00+01:00,144.3248395013661
2026-11-14 10:00:00+01:00,132.2874115013661
2026-11-14 11:00:00+01:00,130.0921675013661
2026-11-14 12:00:00+01:00,127.30389550136613
2026-11-14 13:00:00+01:00,127.98015550136611
2026-11-14 14:00:00+01:00,133.30700350136613
2026-11-14 15:00:00+01:00,143.90867950136612
2026-11-14 16:00:00+01:00,158.90084350136613
2026-11-14 17:00:00+01:00,167.21363950136612
2026-11-14 18:00:00+01:00,165.6322315013661
2026-11-14 19:00:00+01:00,157.1217595013661
2026-11-14 20:00:00+01:00,134.30578750136613
2026-11-14 21:00:00+01:00,126.86692750136612
2026-11-14 22:00:00+01:00,124.07865550136611
2026-11-14 23:00:00+01:00,116.32767550136612
2026-11-15 00:00:00+01:00,113.01920350136612
2026-11-15 01:00:00+01:00,111.65627950136611
2026-11-15 02:00:00+01:00,110.1476995013661
2026-11-15 03:00:00+01:00,108.45184750136612
2026-11-15 04:00:00+01:00,109.44022750136612
2026-11-15 05:00:00+01:00,115.26646750136612
2026-11-15 06:00:00+01:00,124.83814750136611
2026-11-15 07:00:00+01:00,144.13756750136614
2026-11-15 08:00:00+01:00,152.72086750136611
2026-11-15 09:00:00+01:00,140.6834395013661
2026-11-15 10:00:00+01:00,131.75680750136613
2026-11-15 11:00:00+01:00,127.29349150136612
2026-11-15 12:00:00+01:00,124.71329950136612
2026-11-15 13:00:00+01:00,124.78612750136611
2026-11-15 14:00:00+01:00,128.1362155013661
2026-11-15 15:00:00+01:00,138.1760755013661
2026-11-15 16:00:00+01:00,146.0310955013661
2026-11-15 17:00:00+01:00,150.10946350136612
2026-11-15 18:00:00+01:00,142.34807950136613
2026-11-15 19:00:00+01:00,139.48697950136614
2026-11-15 20:00:00+01:00,134.00407150136613
2026-11-15 21:00:00+01:00,128.05298350136613
2026-11-15 22:00:00+01:00,124.27633150136612
2026-11-15 23:00:00+01:00,117.46171150136612
2026-11-16 00:00:00+01:00,116.49413950136612
2026-11-16 01:00:00+01:00,111.90597550136613
2026-11-16 02:00:00+01:00,109.31537950136612
2026-11-16 03:00:00+01:00,108.21255550136611
2026-11-16 04:00:00+01:00,107.94205150136612
2026-11-16 05:00:00+01:00,109.02406750136612
2026-11-16 06:00:00+01:00,122.96542750136612
2026-11-16 07:00:00+01:00,122.95502350136611
2026-11-16 08:00:00+01:00,122.94461950136613
2026-11-16 09:00:00+01:00,124.23471550136611
2026-11-16 10:00:00+01:00,116.41090750136613
2026-11-16 11:00:00+01:00,108.42063550136612
2026-11-16 12:00:00+01:00,105.43468750136613
2026-11-16 13:00:00+01:00,107.21377150136612
2026-11-16 14:00:00+01:00,118.23160750136611
2026-11-16 15:00:00+01:00,126.87733150136613
2026-11-16 16:00:00+01:00,127.81369150136612
2026-11-16 17:00:00+01:00,132.5891275013661
2026-11-16 18:00:00+01:00,135.72073150136612
2026-11-16 19:00:00+01:00,132.81801550136612
2026-11-16 20:00:00+01:00,132.1313515013661
2026-11-16 21:00:00+01:00,126.10743550136613
2026-11-16 22:00:00+01:00,119.20958350136613
2026-11-16 23:00:00+01:00,114.54859150136612
2026-11-17 00:00:00+01:00,118.49170750136612
2026-11-17 01:00:00+01:00,117.15999550136613
2026-11-17 02:00:00+01:00,114.56939950136612
2026-11-17 03:00:00+01:00,112.28051950136611
2026-11-17 04:00:00+01:00,112.02041950136612
2026-11-17 05:00:00+01:00,113.35213150136613
2026-11-17 06:00:00+01:00,117.53453950136611
2026-11-17 07:00:00+01:00,118.26281950136612
2026-11-17 08:00:00+01:00,117.58655950136611
2026-11-17 09:00:00+01:00,118.28362750136611
2026-11-17 10:00:00+01:00,115.88030350136611
2026-11-17 11:00:00+01:00,114.57980350136611
2026-11-17 12:00:00+01:00,113.36253550136612
2026-11-17 13:00:00+01:00,112.22849950136612
2026-11-17 14:00:00+01:00,114.52778350136612
2026-11-17 15:00:00+01:00,125.13986350136612
2026-11-17 16:00:00+01:00,134.16013150136612
2026-11-17 17:00:00+01:00,136.33456750136614
2026-11-17 18:00:00+01:00,133.6503355013661
2026-11-17 19:00:00+01:00,133.76477950136612
2026-11-17 20:00:00+01:00,129.90489550136613
2026-11-17 21:00:00+01:00,125.97218350136612
2026-11-17 22:00:00+01:00,123.75613150136613
2026-11-17 23:00:00+01:00,120.05230750136613
2026-11-18 00:00:00+01:00,115.38091150136611
2026-11-18 01:00:00+01:00,114.09081550136612
2026-11-18 02:00:00+01:00,112.38455950136611
2026-11-18 03:00:00+01:00,113.33132350136611
2026-11-18 04:00:00+01:00,115.26646750136612
2026-11-18 05:00:00+01:00,121.88341150136611
2026-11-18 06:00:00+01:00,133.63993150136614
2026-11-18 07:00:00+01:00,153.01217950136612
2026-11-18 08:00:00+01:00,156.76802350136612
2026-11-18 09:00:00+01:00,142.67060350136614
2026-11-18 10:00:00+01:00,136.3553755013661
2026-11-18 11:00:00+01:00,132.51629950136612
2026-11-18 12:00:00+01:00,129.44711950136613
2026-11-18 13:00:00+01:00,133.63993150136614
2026-11-18 14:00:00+01:00,142.4729275013661
2026-11-18 15:00:00+01:00,156.13337950136614
2026-11-18 16:00:00+01:00,148.4448235013661
2026-11-18 17:00:00+01:00,169.42969150136614
2026-11-18 18:00:00+01:00,185.98245550136613
2026-11-18 19:00:00+01:00,176.22350350136614
2026-11-18 20:00:00+01:00,137.90557150136613
2026-11-18 21:00:00+01:00,137.26052350136612
2026-11-18 22:00:00+01:00,135.76234750136612
2026-11-18 23:00:00+01:00,129.89449150136613
2026-11-19 00:00:00+01:00,121.46725150136612
2026-11-19 01:00:00+01:00,118.06514350136612
2026-11-19 02:00:00+01:00,115.62020350136612
2026-11-19 03:00:00+01:00,113.75788750136613
2026-11-19 04:00:00+01:00,116.10919150136613
2026-11-19 05:00:00+01:00,121.91462350136612
2026-11-19 06:00:00+01:00,140.23606750136614
2026-11-19 07:00:00+01:00,154.60399150136612
2026-11-19 08:00:00+01:00,157.1217595013661
2026-11-19 09:00:00+01:00,153.15783550136612
2026-11-19 10:00:00+01:00,142.22323150136612
2026-11-19 11:00:00+01:00,139.55980750136612
2026-11-19 12:00:00+01:00,138.0408235013661
2026-11-19 13:00:00+01:00,142.06717150136612
2026-11-19 14:00:00+01:00,142.63939150136613
2026-11-19 15:00:00+01:00,158.12054350136611
2026-11-19 16:00:00+01:00,158.21417950136612
2026-11-19 17:00:00+01:00,160.1493235013661
2026-11-19 18:00:00+01:00,148.2263395013661
2026-11-19 19:00:00+01:00,140.7250555013661
2026-11-19 20:00:00+01:00,135.85598350136613
2026-11-19 21:00:00+01:00,123.01744750136612
2026-11-19 22:00:00+01:00,122.47643950136612
2026-11-19 23:00:00+01:00,119.01190750136612
2026-11-20 00:00:00+01:00,118.67897950136611
2026-11-20 01:00:00+01:00,115.44333550136611
2026-11-20 02:00:00+01:00,112.31173150136613
2026-11-20 03:00:00+01:00,111.43779550136612
2026-11-20 04:00:00+01:00,109.05527950136612
2026-11-20 05:00:00+01:00,114.52778350136612
2026-11-20 06:00:00+01:00,125.09824750136612
2026-11-20 07:00:00+01:00,139.5389995013661
2026-11-20 08:00:00+01:00,147.88300750136614
2026-11-20 09:00:00+01:00,139.50778750136612
2026-11-20 10:00:00+01:00,138.67546750136614
2026-11-20 11:00:00+01:00,136.9275955013661
2026-11-20 12:00:00+01:00,133.7439715013661
2026-11-20 13:00:00+01:00,134.26417150136612
2026-11-20 14:00:00+01:00,138.12405550136612
2026-11-20 15:00:00+01:00,145.89584350136613
2026-11-20 16:00:00+01:00,145.21958350136612
2026-11-20 17:00:00+01:00,150.19269550136613
2026-11-20 18:00:00+01:00,148.36159150136615
2026-11-20 19:00:00+01:00,139.77829150136614
2026-11-20 20:00:00+01:00,133.7543755013661
2026-11-20 21:00:00+01:00,124.29713950136613
2026-11-20 22:00:00+01:00,123.01744750136612
2026-11-20 23:00:00+01:00,119.80261150136612
2026-11-21 00:00:00+01:00,113.69546350136613
2026-11-21 01:00:00+01:00,112.38455950136611
2026-11-21 02:00:00+01:00,114.50697550136613
2026-11-21 03:00:00+01:00,113.72667550136612
2026-11-21 04:00:00+01:00,113.61223150136613
2026-11-21 05:00:00+01:00,120.00028750136613
2026-11-21 06:00:00+01:00,134.1809395013661
2026-11-21 07:00:00+01:00,140.80828750136612
2026-11-21 08:00:00+01:00,142.38969550136613
2026-11-21 09:00:00+01:00,136.3553755013661
2026-11-21 10:00:00+01:00,133.63993150136614
2026-11-21 11:00:00+01:00,136.2513355013661
2026-11-21 12:00:00+01:00,135.12770350136614
2026-11-21 13:00:00+01:00,139.77829150136614
2026-11-21 14:00:00+01:00,147.8621995013661
2026-11-21 15:00:00+01:00,152.9393515013661
2026-11-21 16:00:00+01:00,157.9228675013661
2026-11-21 17:00:00+01:00,176.76451150136612
2026-11-21 18:00:00+01:00,165.90273550136612
2026-11-21 19:00:00+01:00,152.5335955013661
2026-11-21 20:00:00+01:00,141.29727550136613
2026-11-21 21:00:00+01:00,130.62277150136612
2026-11-21 22:00:00+01:00,124.87976350136611
2026-11-21 23:00:00+01:00,116.48373550136611
2026-11-22 00:00:00+01:00,116.98312750136611
2026-11-22 01:00:00+01:00,115.53697150136611
2026-11-22 02:00:00+01:00,114.49657150136612
2026-11-22 03:00:00+01:00,114.50697550136613
2026-11-22 04:00:00+01:00,114.86071150136611
2026-11-22 05:00:00+01:00,119.72978350136611
2026-11-22 06:00:00+01:00,132.70357150136613
2026-11-22 07:00:00+01:00,143.48211550136614
2026-11-22 08:00:00+01:00,147.4356355013661
2026-11-22 09:00:00+01:00,145.5837235013661
2026-11-22 10:00:00+01:00,134.31619150136612
2026-11-22 11:00:00+01:00,132.5891275013661
2026-11-22 12:00:00+01:00,127.63682350136611
2026-11-22 13:00:00+01:00,130.12337950136612
2026-11-22 14:00:00+01:00,133.79599150136613
2026-11-22 15:00:00+01:00,138.32173150136612
2026-11-22 16:00:00+01:00,148.4240155013661
2026-11-22 17:00:00+01:00,144.3456475013661
2026-11-22 18:00:00+01:00,140.11121950136612
2026-11-22 19:00:00+01:00,139.55980750136612
2026-11-22 20:00:00+01:00,137.01082750136612
2026-11-22 21:00:00+01:00,136.5530515013661
2026-11-22 22:00:00+01:00,132.1937755013661
2026-11-22 23:00:00+01:00,124.83814750136611
2026-11-23 00:00:00+01:00,130.58115550136614
2026-11-23 01:00:00+01:00,126.15945550136611
2026-11-23 02:00:00+01:00,122.06027950136613
2026-11-23 03:00:00+01:00,121.46725150136612
2026-11-23 04:00:00+01:00,120.07311550136612
2026-11-23 05:00:00+01:00,124.30754350136613
2026-11-23 06:00:00+01:00,135.35659150136613
2026-11-23 07:00:00+01:00,136.7819395013661
2026-11-23 08:00:00+01:00,137.4894115013661
2026-11-23 09:00:00+01:00,136.5530515013661
2026-11-23 10:00:00+01:00,133.35902350136612
2026-11-23 11:00:00+01:00,125.30632750136613
2026-11-23 12:00:00+01:00,121.38401950136613
2026-11-23 13:00:00+01:00,121.78977550136612
2026-11-23 14:00:00+01:00,130.07135950136612
2026-11-23 15:00:00+01:00,141.9527275013661
2026-11-23 16:00:00+01:00,147.06109150136615
2026-11-23 17:00:00+01:00,147.0506875013661
2026-11-23 18:00:00+01:00,144.3560515013661
2026-11-23 19:00:00+01:00,141.8486875013661
2026-11-23 20:00:00+01:00,133.19255950136613
2026-11-23 21:00:00+01:00,130.06095550136612
2026-11-23 22:00:00+01:00,131.72559550136612
2026-11-23 23:00:00+01:00,121.78977550136612
2026-11-24 00:00:00+01:00,121.61290750136612
2026-11-24 01:00:00+01:00,122.86138750136612
2026-11-24 02:00:00+01:00,122.26835950136612
2026-11-24 03:00:00+01:00,120.74937550136613
2026-11-24 04:00:00+01:00,121.15513150136613
2026-11-24 05:00:00+01:00,122.71573150136612
2026-11-24 06:00:00+01:00,125.28551950136612
2026-11-24 07:00:00+01:00,127.07500750136612
2026-11-24 08:00:00+01:00,128.98934350136614
2026-11-24 09:00:00+01:00,126.61723150136612
2026-11-24 10:00:00+01:00,122.85098350136613
2026-11-24 11:00:00+01:00,122.41401550136612
2026-11-24 12:00:00+01:00,121.80017950136612
2026-11-24 13:00:00+01:00,120.73897150136612
2026-11-24 14:00:00+01:00,121.84179550136612
2026-11-24 15:00:00+01:00,123.32956750136611
2026-11-24 16:00:00+01:00,134.57629150136614
2026-11-24 17:00:00+01:00,135.3461875013661
2026-11-24 18:00:00+01:00,139.87192750136612
2026-11-24 19:00:00+01:00,139.45576750136613
2026-11-24 20:00:00+01:00,133.52548750136611
2026-11-24 21:00:00+01:00,128.06338750136612
2026-11-24 22:00:00+01:00,126.60682750136613
2026-11-24 23:00:00+01:00,122.90300350136611
2026-11-25 00:00:00+01:00,123.72491950136612
2026-11-25 01:00:00+01:00,118.35645550136611
2026-11-25 02:00:00+01:00,115.96353550136612
2026-11-25 03:00:00+01:00,120.72856750136611
2026-11-25 04:00:00+01:00,121.01987950136612
2026-11-25 05:00:00+01:00,127.02298750136612
2026-11-25 06:00:00+01:00,137.71829950136612
2026-11-25 07:00:00+01:00,141.5469715013661
2026-11-25 08:00:00+01:00,141.16202350136612
2026-11-25 09:00:00+01:00,138.9459715013661
2026-11-25 10:00:00+01:00,136.24093150136613
2026-11-25 11:00:00+01:00,135.61669150136612
2026-11-25 12:00:00+01:00,134.34740350136613
2026-11-25 13:00:00+01:00,134.9924515013661
2026-11-25 14:00:00+01:00,136.24093150136613
2026-11-25 15:00:00+01:00,138.9563755013661
2026-11-25 16:00:00+01:00,142.26484750136612
2026-11-25 17:00:00+01:00,143.00353150136613
2026-11-25 18:00:00+01:00,144.95948350136612
2026-11-25 19:00:00+01:00,140.8290955013661
2026-11-25 20:00:00+01:00,138.4361755013661
2026-11-25 21:00:00+01:00,135.00285550136613
2026-11-25 22:00:00+01:00,132.78680350136614
2026-11-25 23:00:00+01:00,125.98258750136613
2026-11-26 00:00:00+01:00,124.82774350136613
2026-11-26 01:00:00+01:00,122.57007550136612
2026-11-26 02:00:00+01:00,118.55413150136613
2026-11-26 03:00:00+01:00,116.32767550136612
2026-11-26 04:00:00+01:00,116.63979550136612
2026-11-26 05:00:00+01:00,123.72491950136612
2026-11-26 06:00:00+01:00,139.40374750136613
2026-11-26 07:00:00+01:00,146.41604350136612
2026-11-26 08:00:00+01:00,147.67492750136608
2026-11-26 09:00:00+01:00,139.26849550136612
2026-11-26 10:00:00+01:00,135.8351755013661
2026-11-26 11:00:00+01:00,134.57629150136614
2026-11-26 12:00:00+01:00,131.2470115013661
2026-11-26 13:00:00+01:00,135.8351755013661
2026-11-26 14:00:00+01:00,137.3333515013661
2026-11-26 15:00:00+01:00,142.2752515013661
2026-11-26 16:00:00+01:00,147.67492750136608
2026-11-26 17:00:00+01:00,159.2441755013661
2026-11-26 18:00:00+01:00,165.80909950136612
2026-11-26 19:00:00+01:00,161.37699550136614
2026-11-26 20:00:00+01:00,146.41604350136612
2026-11-26 21:00:00+01:00,136.13689150136614
2026-11-26 22:00:00+01:00,133.31740750136612
2026-11-26 23:00:00+01:00,125.11905550136612
2026-11-27 00:00:00+01:00,115.44333550136611
2026-11-27 01:00:00+01:00,111.3961795013661
2026-11-27 02:00:00+01:00,109.85638750136613
2026-11-27 03:00:00+01:00,106.2461995013661
2026-11-27 04:00:00+01:00,111.45860350136613
2026-11-27 05:00:00+01:00,129.92570350136612
2026-11-27 06:00:00+01:00,155.46752350136612
2026-11-27 07:00:00+01:00,192.60980350136612
2026-11-27 08:00:00+01:00,205.3130875013661
2026-11-27 09:00:00+01:00,173.27917150136614
2026-11-27 10:00:00+01:00,168.3788875013661
2026-11-27 11:00:00+01:00,160.21174750136612
2026-11-27 12:00:00+01:00,143.2428235013661
2026-11-27 13:00:00+01:00,140.84990350136613
2026-11-27 14:00:00+01:00,140.81869150136612
2026-11-27 15:00:00+01:00,139.49738350136613
2026-11-27 16:00:00+01:00,142.31686750136612
2026-11-27 17:00:00+01:00,141.63020350136614
2026-11-27 18:00:00+01:00,151.1498635013661
2026-11-27 19:00:00+01:00,143.21161150136612
2026-11-27 20:00:00+01:00,141.40131550136613
2026-11-27 21:00:00+01:00,133.2965995013661
2026-11-27 22:00:00+01:00,124.55723950136613
2026-11-27 23:00:00+01:00,117.78423550136611
2026-11-28 00:00:00+01:00,122.91340750136612
2026-11-28 01:00:00+01:00,122.46603550136612
2026-11-28 02:00:00+01:00,122.75734750136613
2026-11-28 03:00:00+01:00,122.88219550136611
2026-11-28 04:00:00+01:00,122.42441950136612
2026-11-28 05:00:00+01:00,122.8925995013661
2026-11-28 06:00:00+01:00,139.5389995013661
2026-11-28 07:00:00+01:00,140.61061150136612
2026-11-28 08:00:00+01:00,134.7843715013661
2026-11-28 09:00:00+01:00,133.63993150136614
2026-11-28 10:00:00+01:00,135.69992350136613
2026-11-28 11:00:00+01:00,140.5273795013661
2026-11-28 12:00:00+01:00,139.01879950136612
2026-11-28 13:00:00+01:00,140.27768350136614
2026-11-28 14:00:00+01:00,137.3645635013661
2026-11-28 15:00:00+01:00,136.91719150136612
2026-11-28 16:00:00+01:00,134.57629150136614
2026-11-28 17:00:00+01:00,141.6510115013661
2026-11-28 18:00:00+01:00,144.68897950136613
2026-11-28 19:00:00+01:00,143.71100350136612
2026-11-28 20:00:00+01:00,137.07325150136612
2026-11-28 21:00:00+01:00,134.1393235013661
2026-11-28 22:00:00+01:00,132.24579550136613
2026-11-28 23:00:00+01:00,123.30875950136613
2026-11-29 00:00:00+01:00,114.29889550136613
2026-11-29 01:00:00+01:00,112.02041950136612
2026-11-29 02:00:00+01:00,107.34902350136612
2026-11-29 03:00:00+01:00,106.53751150136611
2026-11-29 04:00:00+01:00,109.31537950136612
2026-11-29 05:00:00+01:00,117.68019550136611
2026-11-29 06:00:00+01:00,141.70303150136613
2026-11-29 07:00:00+01:00,175.4327995013661
2026-11-29 08:00:00+01:00,196.44887950136615
2026-11-29 09:00:00+01:00,169.71059950136612
2026-11-29 10:00:00+01:00,156.26863150136614
2026-11-29 11:00:00+01:00,149.27714350136614
2026-11-29 12:00:00+01:00,141.48454750136614
2026-11-29 13:00:00+01:00,140.3297035013661
2026-11-29 14:00:00+01:00,143.0867635013661
2026-11-29 15:00:00+01:00,159.1713475013661
2026-11-29 16:00:00+01:00,169.4192875013661
2026-11-29 17:00:00+01:00,168.03555550136613
2026-11-29 18:00:00+01:00,164.75829550136612
2026-11-29 19:00:00+01:00,149.51643550136612
2026-11-29 20:00:00+01:00,133.44225550136613
2026-11-29 21:00:00+01:00,125.81612350136612
2026-11-29 22:00:00+01:00,118.45009150136612
2026-11-29 23:00:00+01:00,114.68384350136613
2026-11-30 00:00:00+01:00,113.40415150136613
2026-11-30 01:00:00+01:00,111.20890750136613
2026-11-30 02:00:00+01:00,107.25538750136613
2026-11-30 03:00:00+01:00,106.48549150136611
2026-11-30 04:00:00+01:00,107.20336750136612
2026-11-30 05:00:00+01:00,110.36618350136612
2026-11-30 06:00:00+01:00,114.69424750136612
2026-11-30 07:00:00+01:00,118.39807150136612
2026-11-30 08:00:00+01:00,126.27389950136612
2026-11-30 09:00:00+01:00,116.83747150136611
2026-11-30 10:00:00+01:00,111.25052350136612
2026-11-30 11:00:00+01:00,107.49467950136611
2026-11-30 12:00:00+01:00,106.74559150136612
2026-11-30 13:00:00+01:00,106.98488350136611
2026-11-30 14:00:00+01:00,111.89557150136612
2026-11-30 15:00:00+01:00,127.59520750136613
2026-11-30 16:00:00+01:00,132.69316750136613
2026-11-30 17:00:00+01:00,140.51697550136612
2026-11-30 18:00:00+01:00,145.7293795013661
2026-11-30 19:00:00+01:00,136.01204350136612
2026-11-30 20:00:00+01:00,128.0425795013661
2026-11-30 21:00:00+01:00,120.39563950136612
2026-11-30 22:00:00+01:00,115.14161950136612
2026-11-30 23:00:00+01:00,111.80193550136612
2026-12-01 00:00:00+01:00,104.78963950136612
2026-12-01 01:00:00+01:00,101.42914750136612
2026-12-01 02:00:00+01:00,97.11148750136613
2026-12-01 03:00:00+01:00,95.84219950136611
2026-12-01 04:00:00+01:00,92.83544350136613
2026-12-01 05:00:00+01:00,94.07351950136612
2026-12-01 06:00:00+01:00,89.78707150136611
2026-12-01 07:00:00+01:00,93.89665150136612
2026-12-01 08:00:00+01:00,100.77369550136612
2026-12-01 09:00:00+01:00,95.99825950136612
2026-12-01 10:00:00+01:00,93.44927950136612
2026-12-01 11:00:00+01:00,91.32686350136612
2026-12-01 12:00:00+01:00,92.15918350136613
2026-12-01 13:00:00+01:00,92.10716350136613
2026-12-01 14:00:00+01:00,96.12310750136612
2026-12-01 15:00:00+01:00,111.15688750136613
2026-12-01 16:00:00+01:00,130.20661150136613
2026-12-01 17:00:00+01:00,132.90124750136613
2026-12-01 18:00:00+01:00,130.20661150136613
2026-12-01 19:00:00+01:00,126.18026350136613
2026-12-01 20:00:00+01:00,127.44955150136613
2026-12-01 21:00:00+01:00,125.95137550136613
2026-12-01 22:00:00+01:00,120.21877150136612
2026-12-01 23:00:00+01:00,116.73343150136613
2026-12-02 00:00:00+01:00,109.35699550136613
2026-12-02 01:00:00+01:00,101.50197550136613
2026-12-02 02:00:00+01:00,99.94137550136612
2026-12-02 03:00:00+01:00,101.91813550136612
2026-12-02 04:00:00+01:00,97.80855550136611
2026-12-02 05:00:00+01:00,108.39982750136612
2026-12-02 06:00:00+01:00,128.91651550136612
2026-12-02 07:00:00+01:00,145.3652395013661
2026-12-02 08:00:00+01:00,148.10149150136613
2026-12-02 09:00:00+01:00,141.1308115013661
2026-12-02 10:00:00+01:00,138.18647950136614
2026-12-02 11:00:00+01:00,136.0952755013661
2026-12-02 12:00:00+01:00,132.60993550136612
2026-12-02 13:00:00+01:00,134.45144350136613
2026-12-02 14:00:00+01:00,138.51940750136612
2026-12-02 15:00:00+01:00,147.7269475013661
2026-12-02 16:00:00+01:00,147.3419995013661
2026-12-02 17:00:00+01:00,151.89895150136613
2026-12-02 18:00:00+01:00,151.51400350136612
2026-12-02 19:00:00+01:00,148.10149150136613
2026-12-02 20:00:00+01:00,141.12040750136612
2026-12-02 21:00:00+01:00,130.2482275013661
2026-12-02 22:00:00+01:00,119.18877550136612
2026-12-02 23:00:00+01:00,101.25227950136612
2026-12-03 00:00:00+01:00,117.75302350136612
2026-12-03 01:00:00+01:00,118.24201150136611
2026-12-03 02:00:00+01:00,118.25241550136613
2026-12-03 03:00:00+01:00,115.54737550136613
2026-12-03 04:00:00+01:00,116.36929150136612
2026-12-03 05:00:00+01:00,120.54129550136612
2026-12-03 06:00:00+01:00,139.2476875013661
2026-12-03 07:00:00+01:00,149.43320350136614
2026-12-03 08:00:00+01:00,154.47914350136614
2026-12-03 09:00:00+01:00,150.41117950136612
2026-12-03 10:00:00+01:00,147.0506875013661
2026-12-03 11:00:00+01:00,142.2440395013661
2026-12-03 12:00:00+01:00,138.41536750136612
2026-12-03 13:00:00+01:00,141.51575950136612
2026-12-03 14:00:00+01:00,149.3499715013661
2026-12-03 15:00:00+01:00,158.12054350136611
2026-12-03 16:00:00+01:00,199.68452350136613
2026-12-03 17:00:00+01:00,221.7305995013661
2026-12-03 18:00:00+01:00,197.8222075013661
2026-12-03 19:00:00+01:00,170.25160750136612
2026-12-03 20:00:00+01:00,152.7416755013661
2026-12-03 21:00:00+01:00,144.50170750136613
2026-12-03 22:00:00+01:00,139.45576750136613
2026-12-03 23:00:00+01:00,132.1833715013661
2026-12-04 00:00:00+01:00,131.13256750136614
2026-12-04 01:00:00+01:00,128.91651550136612
2026-12-04 02:00:00+01:00,126.02420350136612
2026-12-04 03:00:00+01:00,122.50765150136613
2026-12-04 04:00:00+01:00,124.49481550136612
2026-12-04 05:00:00+01:00,132.22498750136612
2026-12-04 06:00:00+01:00,150.65047150136613
2026-12-04 07:00:00+01:00,201.98380750136613
2026-12-04 08:00:00+01:00,237.87760750136613
2026-12-04 09:00:00+01:00,240.59305150136612
2026-12-04 10:00:00+01:00,199.77815950136613
2026-12-04 11:00:00+01:00,190.43536750136613
2026-12-04 12:00:00+01:00,184.84841950136612
2026-12-04 13:00:00+01:00,191.36132350136612
2026-12-04 14:00:00+01:00,231.38551150136612
2026-12-04 15:00:00+01:00,258.5295475013661
2026-12-04 16:00:00+01:00,246.54413950136612
2026-12-04 17:00:00+01:00,266.6134555013661
2026-12-04 18:00:00+01:00,220.9815115013661
2026-12-04 19:00:00+01:00,204.85531150136612
2026-12-04 20:00:00+01:00,171.2711995013661
2026-12-04 21:00:00+01:00,146.52008350136612
2026-12-04 22:00:00+01:00,137.63506750136614
2026-12-04 23:00:00+01:00,129.01015150136612
2026-12-05 00:00:00+01:00,116.78545150136613
2026-12-05 01:00:00+01:00,112.30132750136612
2026-12-05 02:00:00+01:00,110.04365950136612
2026-12-05 03:00:00+01:00,108.89921950136613
2026-12-05 04:00:00+01:00,108.82639150136612
2026-12-05 05:00:00+01:00,116.46292750136612
2026-12-05 06:00:00+01:00,133.77518350136612
2026-12-05 07:00:00+01:00,144.80342350136613
2026-12-05 08:00:00+01:00,149.41239550136612
2026-12-05 09:00:00+01:00,152.13824350136613
2026-12-05 10:00:00+01:00,147.0818995013661
2026-12-05 11:00:00+01:00,142.8890875013661
2026-12-05 12:00:00+01:00,136.2617395013661
2026-12-05 13:00:00+01:00,137.69749150136613
2026-12-05 14:00:00+01:00,142.49373550136613
2026-12-05 15:00:00+01:00,139.01879950136612
2026-12-05 16:00:00+01:00,138.8523355013661
2026-12-05 17:00:00+01:00,138.4361755013661
2026-12-05 18:00:00+01:00,145.80220750136613
2026-12-05 19:00:00+01:00,141.04757950136613
2026-12-05 20:00:00+01:00,145.80220750136613
2026-12-05 21:00:00+01:00,137.6870875013661
2026-12-05 22:00:00+01:00,132.2561995013661
2026-12-05 23:00:00+01:00,123.61047550136612
2026-12-06 00:00:00+01:00,117.92989150136611
2026-12-06 01:00:00+01:00,113.40415150136613
2026-12-06 02:00:00+01:00,111.41698750136612
2026-12-06 03:00:00+01:00,110.88638350136611
2026-12-06 04:00:00+01:00,111.64587550136613
2026-12-06 05:00:00+01:00,117.94029550136612
2026-12-06 06:00:00+01:00,132.1937755013661
2026-12-06 07:00:00+01:00,140.92273150136612
2026-12-06 08:00:00+01:00,144.65776750136612
2026-12-06 09:00:00+01:00,139.4349595013661
2026-12-06 10:00:00+01:00,136.2929515013661
2026-12-06 11:00:00+01:00,133.24457950136613
2026-12-06 12:00:00+01:00,121.88341150136611
2026-12-06 13:00:00+01:00,133.24457950136613
2026-12-06 14:00:00+01:00,137.4894115013661
2026-12-06 15:00:00+01:00,138.7274875013661
2026-12-06 16:00:00+01:00,137.47900750136614
2026-12-06 17:00:00+01:00,142.00474750136613
2026-12-06 18:00:00+01:00,147.28997950136613
2026-12-06 19:00:00+01:00,142.38969550136613
2026-12-06 20:00:00+01:00,137.4894115013661
2026-12-06 21:00:00+01:00,129.9361075013661
2026-12-06 22:00:00+01:00,132.72437950136612
2026-12-06 23:00:00+01:00,121.81058350136612
2026-12-07 00:00:00+01:00,121.47765550136612
2026-12-07 01:00:00+01:00,118.37726350136612
2026-12-07 02:00:00+01:00,116.36929150136612
2026-12-07 03:00:00+01:00,115.65141550136612
2026-12-07 04:00:00+01:00,115.22485150136612
2026-12-07 05:00:00+01:00,115.3496995013661
2026-12-07 06:00:00+01:00,116.36929150136612
2026-12-07 07:00:00+01:00,119.76099550136612
2026-12-07 08:00:00+01:00,121.65452350136611
2026-12-07 09:00:00+01:00,124.24511950136613
2026-12-07 10:00:00+01:00,121.80017950136612
2026-12-07 11:00:00+01:00,121.60250350136612
2026-12-07 12:00:00+01:00,120.49967950136612
2026-12-07 13:00:00+01:00,121.55048350136613
2026-12-07 14:00:00+01:00,121.83139150136611
2026-12-07 15:00:00+01:00,126.97096750136612
2026-12-07 16:00:00+01:00,126.99177550136613
2026-12-07 17:00:00+01:00,128.12581150136612
2026-12-07 18:00:00+01:00,126.97096750136612
2026-12-07 19:00:00+01:00,125.70167950136612
2026-12-07 20:00:00+01:00,121.54007950136611
2026-12-07 21:00:00+01:00,119.05352350136612
2026-12-07 22:00:00+01:00,120.58291150136611
2026-12-07 23:00:00+01:00,114.91273150136612
2026-12-08 00:00:00+01:00,118.84544350136613
2026-12-08 01:00:00+01:00,116.57737150136612
2026-12-08 02:00:00+01:00,104.18620750136613
2026-12-08 03:00:00+01:00,93.76139950136611
2026-12-08 04:00:00+01:00,92.50251550136612
2026-12-08 05:00:00+01:00,104.51913550136612
2026-12-08 06:00:00+01:00,117.21201550136612
2026-12-08 07:00:00+01:00,117.68019550136611
2026-12-08 08:00:00+01:00,121.84179550136612
2026-12-08 09:00:00+01:00,122.09149150136611
2026-12-08 10:00:00+01:00,122.34118750136614
2026-12-08 11:00:00+01:00,120.96785950136612
2026-12-08 12:00:00+01:00,118.98069550136611
2026-12-08 13:00:00+01:00,119.78180350136611
2026-12-08 14:00:00+01:00,122.91340750136612
2026-12-08 15:00:00+01:00,126.65884750136613
2026-12-08 16:00:00+01:00,135.93921550136614
2026-12-08 17:00:00+01:00,139.5285955013661
2026-12-08 18:00:00+01:00,136.24093150136613
2026-12-08 19:00:00+01:00,135.29416750136613
2026-12-08 20:00:00+01:00,124.90057150136613
2026-12-08 21:00:00+01:00,122.25795550136611
2026-12-08 22:00:00+01:00,122.40361150136611
2026-12-08 23:00:00+01:00,118.86625150136612
2026-12-09 00:00:00+01:00,116.11959550136612
2026-12-09 01:00:00+01:00,108.07730350136612
2026-12-09 02:00:00+01:00,103.36429150136613
2026-12-09 03:00:00+01:00,103.19782750136612
2026-12-09 04:00:00+01:00,102.10540750136613
2026-12-09 05:00:00+01:00,120.77018350136612
2026-12-09 06:00:00+01:00,132.7451875013661
2026-12-09 07:00:00+01:00,141.6510115013661
2026-12-09 08:00:00+01:00,145.38604750136614
2026-12-09 09:00:00+01:00,142.6289875013661
2026-12-09 10:00:00+01:00,141.33889150136613
2026-12-09 11:00:00+01:00,141.34929550136613
2026-12-09 12:00:00+01:00,140.42333950136612
2026-12-09 13:00:00+01:00,140.4857635013661
2026-12-09 14:00:00+01:00,141.34929550136613
2026-12-09 15:00:00+01:00,154.26065950136612
2026-12-09 16:00:00+01:00,160.35740350136615
2026-12-09 17:00:00+01:00,158.20377550136612
2026-12-09 18:00:00+01:00,147.8309875013661
2026-12-09 19:00:00+01:00,148.89219550136613
2026-12-09 20:00:00+01:00,141.8486875013661
2026-12-09 21:00:00+01:00,136.87557550136611
2026-12-09 22:00:00+01:00,133.26538750136612
2026-12-09 23:00:00+01:00,130.30024750136613
2026-12-10 00:00:00+01:00,123.48562750136611
2026-12-10 01:00:00+01:00,116.80625950136613
2026-12-10 02:00:00+01:00,121.48805950136611
2026-12-10 03:00:00+01:00,121.54007950136611
2026-12-10 04:00:00+01:00,118.89746350136613
2026-12-10 05:00:00+01:00,128.96853550136612
2026-12-10 06:00:00+01:00,140.97475150136611
2026-12-10 07:00:00+01:00,171.7185715013661
2026-12-10 08:00:00+01:00,181.05095950136612
2026-12-10 09:00:00+01:00,165.46576750136614
2026-12-10 10:00:00+01:00,165.4449595013661
2026-12-10 11:00:00+01:00,160.69033150136613
2026-12-10 12:00:00+01:00,160.5342715013661
2026-12-10 13:00:00+01:00,165.55940350136615
2026-12-10 14:00:00+01:00,176.1402715013661
2026-12-10 15:00:00+01:00,184.03690750136613
2026-12-10 16:00:00+01:00,191.93354350136613
2026-12-10 17:00:00+01:00,203.6588515013661
2026-12-10 18:00:00+01:00,188.93719150136613
2026-12-10 19:00:00+01:00,180.78045550136613
2026-12-10 20:00:00+01:00,162.78153550136614
2026-12-10 21:00:00+01:00,147.82058350136612
2026-12-10 22:00:00+01:00,140.7770755013661
2026-12-10 23:00:00+01:00,133.3902355013661
2026-12-11 00:00:00+01:00,124.75491550136613
2026-12-11 01:00:00+01:00,121.03028350136611
2026-12-11 02:00:00+01:00,117.61777150136612
2026-12-11 03:00:00+01:00,115.53697150136611
2026-12-11 04:00:00+01:00,120.88462750136611
2026-12-11 05:00:00+01:00,129.02055550136612
2026-12-11 06:00:00+01:00,165.18485950136613
2026-12-11 07:00:00+01:00,236.1609475013661
2026-12-11 08:00:00+01:00,286.32903550136615
2026-12-11 09:00:00+01:00,242.92354750136613
2026-12-11 10:00:00+01:00,313.16095150136607
2026-12-11 11:00:00+01:00,249.1763515013661
2026-12-11 12:00:00+01:00,247.04353150136612
2026-12-11 13:00:00+01:00,264.1997275013661
2026-12-11 14:00:00+01:00,251.88139150136612
2026-12-11 15:00:00+01:00,231.8120755013661
2026-12-11 16:00:00+01:00,248.02150750136613
2026-12-11 17:00:00+01:00,266.06204350136613
2026-12-11 18:00:00+01:00,287.4942835013661
2026-12-11 19:00:00+01:00,253.23391150136612
2026-12-11 20:00:00+01:00,204.39753550136612
2026-12-11 21:00:00+01:00,177.9401635013661
2026-12-11 22:00:00+01:00,148.3823995013661
2026-12-11 23:00:00+01:00,135.12770350136614
2026-12-12 00:00:00+01:00,122.60128750136613
2026-12-12 01:00:00+01:00,116.50454350136613
2026-12-12 02:00:00+01:00,113.02960750136612
2026-12-12 03:00:00+01:00,111.93718750136613
2026-12-12 04:00:00+01:00,116.92070350136612
2026-12-12 05:00:00+01:00,127.62641950136612
2026-12-12 06:00:00+01:00,169.2216115013661
2026-12-12 07:00:00+01:00,195.71019550136612
2026-12-12 08:00:00+01:00,222.6773635013661
2026-12-12 09:00:00+01:00,211.33700350136613
2026-12-12 10:00:00+01:00,193.88949550136613
2026-12-12 11:00:00+01:00,187.90719550136612
2026-12-12 12:00:00+01:00,182.2266115013661
2026-12-12 13:00:00+01:00,180.4267195013661
2026-12-12 14:00:00+01:00,189.40537150136612
2026-12-12 15:00:00+01:00,199.1643235013661
2026-12-12 16:00:00+01:00,214.0212355013661
2026-12-12 17:00:00+01:00,271.5969715013661
2026-12-12 18:00:00+01:00,276.6325075013661
2026-12-12 19:00:00+01:00,243.92233150136613
2026-12-12 20:00:00+01:00,196.4696875013661
2026-12-12 21:00:00+01:00,167.70262750136612
2026-12-12 22:00:00+01:00,145.0739275013661
2026-12-12 23:00:00+01:00,136.2825475013661
2026-12-13 00:00:00+01:00,132.2874115013661
2026-12-13 01:00:00+01:00,126.85652350136611
2026-12-13 02:00:00+01:00,122.97583150136612
2026-12-13 03:00:00+01:00,122.18512750136611
2026-12-13 04:00:00+01:00,124.26592750136612
2026-12-13 05:00:00+01:00,128.70843550136613
2026-12-13 06:00:00+01:00,162.34456750136613
2026-12-13 07:00:00+01:00,242.6634475013661
2026-12-13 08:00:00+01:00,320.1212275013661
2026-12-13 09:00:00+01:00,260.7143875013661
2026-12-13 10:00:00+01:00,211.3265995013661
2026-12-13 11:00:00+01:00,191.4133435013661
2026-12-13 12:00:00+01:00,181.56075550136615
2026-12-13 13:00:00+01:00,183.09014350136613
2026-12-13 14:00:00+01:00,193.14040750136613
2026-12-13 15:00:00+01:00,214.34375950136612
2026-12-13 16:00:00+01:00,248.7081715013661
2026-12-13 17:00:00+01:00,298.4913115013661
2026-12-13 18:00:00+01:00,291.7079035013661
2026-12-13 19:00:00+01:00,245.70141550136614
2026-12-13 20:00:00+01:00,183.7247875013661
2026-12-13 21:00:00+01:00,158.61993550136611
2026-12-13 22:00:00+01:00,142.7954515013661
2026-12-13 23:00:00+01:00,131.75680750136613
2026-12-14 00:00:00+01:00,123.20471950136613
2026-12-14 01:00:00+01:00,118.50211150136612
2026-12-14 02:00:00+01:00,113.22728350136612
2026-12-14 03:00:00+01:00,116.54615950136612
2026-12-14 04:00:00+01:00,116.06757550136612
2026-12-14 05:00:00+01:00,119.26160350136612
2026-12-14 06:00:00+01:00,123.22552750136612
2026-12-14 07:00:00+01:00,119.28241150136611
2026-12-14 08:00:00+01:00,123.98501950136612
2026-12-14 09:00:00+01:00,124.07865550136611
2026-12-14 10:00:00+01:00,123.22552750136612
2026-12-14 11:00:00+01:00,123.30875950136613
2026-12-14 12:00:00+01:00,125.21269150136612
2026-12-14 13:00:00+01:00,122.37239950136612
2026-12-14 14:00:00+01:00,125.80571950136613
2026-12-14 15:00:00+01:00,129.07257550136612
2026-12-14 16:00:00+01:00,133.27579150136614
2026-12-14 17:00:00+01:00,134.35780750136612
2026-12-14 18:00:00+01:00,134.34740350136613
2026-12-14 19:00:00+01:00,128.02177150136612
2026-12-14 20:00:00+01:00,125.37915550136611
2026-12-14 21:00:00+01:00,122.50765150136613
2026-12-14 22:00:00+01:00,121.22795950136612
2026-12-14 23:00:00+01:00,115.93232350136611
2026-12-15 00:00:00+01:00,100.1494555013661
2026-12-15 01:00:00+01:00,100.1494555013661
2026-12-15 02:00:00+01:00,100.34713150136612
2026-12-15 03:00:00+01:00,104.50873150136613
2026-12-15 04:00:00+01:00,104.70640750136613
2026-12-15 05:00:00+01:00,104.38388350136611
2026-12-15 06:00:00+01:00,100.34713150136612
2026-12-15 07:00:00+01:00,97.13229550136612
2026-12-15 08:00:00+01:00,99.73329550136611
2026-12-15 09:00:00+01:00,106.20458350136612
2026-12-15 10:00:00+01:00,110.26214350136613
2026-12-15 11:00:00+01:00,104.75842750136613
2026-12-15 12:00:00+01:00,105.71559550136612
2026-12-15 13:00:00+01:00,100.98177550136613
2026-12-15 14:00:00+01:00,102.32389150136612
2026-12-15 15:00:00+01:00,104.80004350136613
2026-12-15 16:00:00+01:00,110.99042350136611
2026-12-15 17:00:00+01:00,112.17647950136612
2026-12-15 18:00:00+01:00,103.55156350136613
2026-12-15 19:00:00+01:00,104.76883150136612
2026-12-15 20:00:00+01:00,100.13905150136613
2026-12-15 21:00:00+01:00,115.32889150136612
2026-12-15 22:00:00+01:00,115.44333550136611
2026-12-15 23:00:00+01:00,105.89246350136612
2026-12-16 00:00:00+01:00,101.28349150136611
2026-12-16 01:00:00+01:00,98.38077550136613
2026-12-16 02:00:00+01:00,96.41441950136613
2026-12-16 03:00:00+01:00,96.18553150136613
2026-12-16 04:00:00+01:00,96.75775150136613
2026-12-16 05:00:00+01:00,100.65925150136613
2026-12-16 06:00:00+01:00,115.74505150136612
2026-12-16 07:00:00+01:00,125.46238750136612
2026-12-16 08:00:00+01:00,127.59520750136613
2026-12-16 09:00:00+01:00,124.17229150136612
2026-12-16 10:00:00+01:00,122.75734750136613
2026-12-16 11:00:00+01:00,121.15513150136613
2026-12-16 12:00:00+01:00,117.92989150136611
2026-12-16 13:00:00+01:00,119.02231150136612
2026-12-16 14:00:00+01:00,119.19917950136612
2026-12-16 15:00:00+01:00,124.97339950136612
2026-12-16 16:00:00+01:00,132.69316750136613
2026-12-16 17:00:00+01:00,133.2341755013661
2026-12-16 18:00:00+01:00,133.35902350136612
2026-12-16 19:00:00+01:00,129.02055550136612
2026-12-16 20:00:00+01:00,123.2983555013661
2026-12-16 21:00:00+01:00,117.91948750136612
2026-12-16 22:00:00+01:00,118.59574750136612
2026-12-16 23:00:00+01:00,113.37293950136612
2026-12-17 00:00:00+01:00,109.18012750136612
2026-12-17 01:00:00+01:00,108.24376750136611
2026-12-17 02:00:00+01:00,113.06081950136613
2026-12-17 03:00:00+01:00,112.46779150136612
2026-12-17 04:00:00+01:00,112.43657950136611
2026-12-17 05:00:00+01:00,110.30375950136612
2026-12-17 06:00:00+01:00,117.29524750136612
2026-12-17 07:00:00+01:00,127.02298750136612
2026-12-17 08:00:00+01:00,131.49670750136613
2026-12-17 09:00:00+01:00,124.56764350136612
2026-12-17 10:00:00+01:00,117.35767150136613
2026-12-17 11:00:00+01:00,114.80869150136613
2026-12-17 12:00:00+01:00,117.88827550136612
2026-12-17 13:00:00+01:00,121.08230350136611
2026-12-17 14:00:00+01:00,128.40671950136613
2026-12-17 15:00:00+01:00,128.46914350136612
2026-12-17 16:00:00+01:00,140.18404750136614
2026-12-17 17:00:00+01:00,140.69384350136613
2026-12-17 18:00:00+01:00,137.91597550136612
2026-12-17 19:00:00+01:00,131.79842350136613
2026-12-17 20:00:00+01:00,133.02609550136611
2026-12-17 21:00:00+01:00,124.03703950136612
2026-12-17 22:00:00+01:00,118.65817150136613
2026-12-17 23:00:00+01:00,106.27741150136612
2026-12-18 00:00:00+01:00,110.08527550136613
2026-12-18 01:00:00+01:00,107.38023550136612
2026-12-18 02:00:00+01:00,101.66843950136612
2026-12-18 03:00:00+01:00,101.46035950136613
2026-12-18 04:00:00+01:00,101.06500750136613
2026-12-18 05:00:00+01:00,113.72667550136612
2026-12-18 06:00:00+01:00,125.06703550136612
2026-12-18 07:00:00+01:00,124.41158350136612
2026-12-18 08:00:00+01:00,125.81612350136612
2026-12-18 09:00:00+01:00,123.74572750136612
2026-12-18 10:00:00+01:00,124.64047150136612
2026-12-18 11:00:00+01:00,122.19553150136613
2026-12-18 12:00:00+01:00,120.64533550136612
2026-12-18 13:00:00+01:00,122.73653950136612
2026-12-18 14:00:00+01:00,127.35591550136613
2026-12-18 15:00:00+01:00,132.14175550136613
2026-12-18 16:00:00+01:00,129.06217150136612
2026-12-18 17:00:00+01:00,139.3309195013661
2026-12-18 18:00:00+01:00,152.03420350136614
2026-12-18 19:00:00+01:00,141.1724275013661
2026-12-18 20:00:00+01:00,134.1289195013661
2026-12-18 21:00:00+01:00,123.80815150136613
2026-12-18 22:00:00+01:00,121.88341150136611
2026-12-18 23:00:00+01:00,112.58223550136611
2026-12-19 00:00:00+01:00,102.94813150136613
2026-12-19 01:00:00+01:00,98.57845150136612
2026-12-19 02:00:00+01:00,97.31956750136612
2026-12-19 03:00:00+01:00,97.02825550136612
2026-12-19 04:00:00+01:00,97.77734350136612
2026-12-19 05:00:00+01:00,105.62195950136612
2026-12-19 06:00:00+01:00,120.78058750136613
2026-12-19 07:00:00+01:00,134.37861550136614
2026-12-19 08:00:00+01:00,132.1001395013661
2026-12-19 09:00:00+01:00,126.00339550136613
2026-12-19 10:00:00+01:00,125.36875150136612
2026-12-19 11:00:00+01:00,120.82220350136612
2026-12-19 12:00:00+01:00,115.47454750136612
2026-12-19 13:00:00+01:00,115.30808350136613
2026-12-19 14:00:00+01:00,120.67654750136612
2026-12-19 15:00:00+01:00,128.65641550136613
2026-12-19 16:00:00+01:00,132.97407550136612
2026-12-19 17:00:00+01:00,126.97096750136612
2026-12-19 18:00:00+01:00,125.31673150136612
2026-12-19 19:00:00+01:00,123.4440115013661
2026-12-19 20:00:00+01:00,116.77504750136612
2026-12-19 21:00:00+01:00,113.56021150136611
2026-12-19 22:00:00+01:00,107.24498350136612
2026-12-19 23:00:00+01:00,99.62925550136612
2026-12-20 00:00:00+01:00,95.33240350136612
2026-12-20 01:00:00+01:00,87.19647550136612
2026-12-20 02:00:00+01:00,81.43265950136612
2026-12-20 03:00:00+01:00,70.75815550136612
2026-12-20 04:00:00+01:00,70.89340750136613
2026-12-20 05:00:00+01:00,89.61020350136612
2026-12-20 06:00:00+01:00,103.39550350136612
2026-12-20 07:00:00+01:00,121.97704750136612
2026-12-20 08:00:00+01:00,124.16188750136612
2026-12-20 09:00:00+01:00,119.68816750136611
2026-12-20 10:00:00+01:00,117.31605550136612
2026-12-20 11:00:00+01:00,116.39009950136611
2026-12-20 12:00:00+01:00,109.70032750136612
2026-12-20 13:00:00+01:00,105.14337550136612
2026-12-20 14:00:00+01:00,111.24011950136612
2026-12-20 15:00:00+01:00,116.0467675013661
2026-12-20 16:00:00+01:00,119.68816750136611
2026-12-20 17:00:00+01:00,120.59331550136612
2026-12-20 18:00:00+01:00,120.01069150136613
2026-12-20 19:00:00+01:00,119.74018750136614
2026-12-20 20:00:00+01:00,116.22363550136612
2026-12-20 21:00:00+01:00,114.10121950136613
2026-12-20 22:00:00+01:00,112.58223550136611
2026-12-20 23:00:00+01:00,101.82449950136612
2026-12-21 00:00:00+01:00,106.50629950136612
2026-12-21 01:00:00+01:00,95.12432350136612
2026-12-21 02:00:00+01:00,83.04527950136611
2026-12-21 03:00:00+01:00,75.00298750136612
2026-12-21 04:00:00+01:00,74.46197950136612
2026-12-21 05:00:00+01:00,85.91678350136613
2026-12-21 06:00:00+01:00,104.83125550136612
2026-12-21 07:00:00+01:00,114.27808750136613
2026-12-21 08:00:00+01:00,117.35767150136613
2026-12-21 09:00:00+01:00,118.73099950136611
2026-12-21 10:00:00+01:00,108.67033150136612
2026-12-21 11:00:00+01:00,94.84341550136612
2026-12-21 12:00:00+01:00,88.65303550136612
2026-12-21 13:00:00+01:00,89.56858750136612
2026-12-21 14:00:00+01:00,103.40590750136613
2026-12-21 15:00:00+01:00,116.92070350136612
2026-12-21 16:00:00+01:00,119.27200750136612
2026-12-21 17:00:00+01:00,119.29281550136612
2026-12-21 18:00:00+01:00,120.55169950136612
2026-12-21 19:00:00+01:00,119.29281550136612
2026-12-21 20:00:00+01:00,119.29281550136612
2026-12-21 21:00:00+01:00,116.97272350136612
2026-12-21 22:00:00+01:00,110.6991115013661
2026-12-21 23:00:00+01:00,101.48116750136612
2026-12-22 00:00:00+01:00,110.61587950136612
2026-12-22 01:00:00+01:00,93.24119950136611
2026-12-22 02:00:00+01:00,86.02082350136611
2026-12-22 03:00:00+01:00,81.29740750136612
2026-12-22 04:00:00+01:00,82.28578750136613
2026-12-22 05:00:00+01:00,83.74234750136611
2026-12-22 06:00:00+01:00,92.37766750136612
2026-12-22 07:00:00+01:00,104.09257150136612
2026-12-22 08:00:00+01:00,110.12689150136612
2026-12-22 09:00:00+01:00,102.90651550136612
2026-12-22 10:00:00+01:00,93.99028750136613
2026-12-22 11:00:00+01:00,81.76558750136613
2026-12-22 12:00:00+01:00,89.54777950136612
2026-12-22 13:00:00+01:00,79.74721150136611
2026-12-22 14:00:00+01:00,90.77545150136612
2026-12-22 15:00:00+01:00,110.04365950136612
2026-12-22 16:00:00+01:00,117.98191150136611
2026-12-22 17:00:00+01:00,121.54007950136611
2026-12-22 18:00:00+01:00,120.8430115013661
2026-12-22 19:00:00+01:00,119.91705550136612
2026-12-22 20:00:00+01:00,120.55169950136612
2026-12-22 21:00:00+01:00,114.02839150136612
2026-12-22 22:00:00+01:00,104.10297550136613
2026-12-22 23:00:00+01:00,87.12364750136612
2026-12-23 00:00:00+01:00,69.46805950136611
2026-12-23 01:00:00+01:00,59.83395550136612
2026-12-23 02:00:00+01:00,47.05784350136612
2026-12-23 03:00:00+01:00,43.19795950136612
2026-12-23 04:00:00+01:00,39.44211550136612
2026-12-23 05:00:00+01:00,71.33037550136612
2026-12-23 06:00:00+01:00,101.46035950136613
2026-12-23 07:00:00+01:00,123.58966750136611
2026-12-23 08:00:00+01:00,124.55723950136613
2026-12-23 09:00:00+01:00,127.08541150136611
2026-12-23 10:00:00+01:00,113.4457675013661
2026-12-23 11:00:00+01:00,102.69843550136612
2026-12-23 12:00:00+01:00,101.97015550136612
2026-12-23 13:00:00+01:00,101.35631950136613
2026-12-23 14:00:00+01:00,108.25417150136613
2026-12-23 15:00:00+01:00,123.10067950136612
2026-12-23 16:00:00+01:00,127.08541150136611
2026-12-23 17:00:00+01:00,126.52359550136612
2026-12-23 18:00:00+01:00,126.41955550136612
2026-12-23 19:00:00+01:00,125.78491150136611
2026-12-23 20:00:00+01:00,124.68208750136613
2026-12-23 21:00:00+01:00,117.60736750136611
2026-12-23 22:00:00+01:00,111.79153150136612
2026-12-23 23:00:00+01:00,103.48913950136613
2026-12-24 00:00:00+01:00,89.56858750136612
2026-12-24 01:00:00+01:00,82.23376750136612
2026-12-24 02:00:00+01:00,79.03973950136613
2026-12-24 03:00:00+01:00,73.43198350136612
2026-12-24 04:00:00+01:00,71.72572750136612
2026-12-24 05:00:00+01:00,79.91367550136613
2026-12-24 06:00:00+01:00,89.39171950136613
2026-12-24 07:00:00+01:00,108.78477550136613
2026-12-24 08:00:00+01:00,118.75180750136613
2026-12-24 09:00:00+01:00,118.71019150136613
2026-12-24 10:00:00+01:00,112.55102350136612
2026-12-24 11:00:00+01:00,109.24255150136612
2026-12-24 12:00:00+01:00,105.00812350136611
2026-12-24 13:00:00+01:00,103.31227150136613
2026-12-24 14:00:00+01:00,104.69600350136612
2026-12-24 15:00:00+01:00,112.04122750136612
2026-12-24 16:00:00+01:00,122.40361150136611
2026-12-24 17:00:00+01:00,125.77450750136612
2026-12-24 18:00:00+01:00,124.36996750136612
2026-12-24 19:00:00+01:00,121.9978555013661
2026-12-24 20:00:00+01:00,108.78477550136613
2026-12-24 21:00:00+01:00,103.98853150136613
2026-12-24 22:00:00+01:00,100.99217950136611
2026-12-24 23:00:00+01:00,89.57899150136612
2026-12-25 00:00:00+01:00,96.78896350136613
2026-12-25 01:00:00+01:00,88.54899550136612
2026-12-25 02:00:00+01:00,83.98163950136612
2026-12-25 03:00:00+01:00,77.61439150136611
2026-12-25 04:00:00+01:00,71.25754750136612
2026-12-25 05:00:00+01:00,71.56966750136611
2026-12-25 06:00:00+01:00,72.14188750136613
2026-12-25 07:00:00+01:00,85.50062350136612
2026-12-25 08:00:00+01:00,94.53129550136612
2026-12-25 09:00:00+01:00,93.78220750136612
2026-12-25 10:00:00+01:00,95.56129150136611
2026-12-25 11:00:00+01:00,93.91745950136612
2026-12-25 12:00:00+01:00,93.28281550136612
2026-12-25 13:00:00+01:00,90.52575550136612
2026-12-25 14:00:00+01:00,93.83422750136612
2026-12-25 15:00:00+01:00,104.25903550136611
2026-12-25 16:00:00+01:00,114.08041150136611
2026-12-25 17:00:00+01:00,122.39320750136612
2026-12-25 18:00:00+01:00,122.88219550136611
2026-12-25 19:00:00+01:00,120.15634750136613
2026-12-25 20:00:00+01:00,116.08838350136612
2026-12-25 21:00:00+01:00,111.9996115013661
2026-12-25 22:00:00+01:00,111.48981550136611
2026-12-25 23:00:00+01:00,103.19782750136612
2026-12-26 00:00:00+01:00,105.48670750136613
2026-12-26 01:00:00+01:00,102.50075950136612
2026-12-26 02:00:00+01:00,99.87895150136612
2026-12-26 03:00:00+01:00,97.65249550136612
2026-12-26 04:00:00+01:00,96.02947150136612
2026-12-26 05:00:00+01:00,99.77491150136612
2026-12-26 06:00:00+01:00,107.02649950136612
2026-12-26 07:00:00+01:00,111.87476350136612
2026-12-26 08:00:00+01:00,121.86260350136612
2026-12-26 09:00:00+01:00,122.88219550136611
2026-12-26 10:00:00+01:00,115.44333550136611
2026-12-26 11:00:00+01:00,111.73951150136611
2026-12-26 12:00:00+01:00,110.83436350136613
2026-12-26 13:00:00+01:00,108.50386750136612
2026-12-26 14:00:00+01:00,110.70951550136613
2026-12-26 15:00:00+01:00,125.79531550136612
2026-12-26 16:00:00+01:00,131.17418350136612
2026-12-26 17:00:00+01:00,135.81436750136612
2026-12-26 18:00:00+01:00,134.3265955013661
2026-12-26 19:00:00+01:00,134.5346755013661
2026-12-26 20:00:00+01:00,131.21579950136612
2026-12-26 21:00:00+01:00,127.09581550136612
2026-12-26 22:00:00+01:00,126.70046350136613
2026-12-26 23:00:00+01:00,120.21877150136612
2026-12-27 00:00:00+01:00,114.82949950136612
2026-12-27 01:00:00+01:00,112.16607550136612
2026-12-27 02:00:00+01:00,108.50386750136612
2026-12-27 03:00:00+01:00,106.03811950136613
2026-12-27 04:00:00+01:00,105.98609950136611
2026-12-27 05:00:00+01:00,111.82274350136612
2026-12-27 06:00:00+01:00,116.56696750136612
2026-12-27 07:00:00+01:00,130.87246750136615
2026-12-27 08:00:00+01:00,139.62223150136612
2026-12-27 09:00:00+01:00,135.60628750136613
2026-12-27 10:00:00+01:00,126.36753550136612
2026-12-27 11:00:00+01:00,121.09270750136612
2026-12-27 12:00:00+01:00,119.67776350136612
2026-12-27 13:00:00+01:00,116.57737150136612
2026-12-27 14:00:00+01:00,124.33875550136611
2026-12-27 15:00:00+01:00,132.4850875013661
2026-12-27 16:00:00+01:00,155.06176750136615
2026-12-27 17:00:00+01:00,164.3733475013661
2026-12-27 18:00:00+01:00,166.51657150136612
2026-12-27 19:00:00+01:00,153.7508635013661
2026-12-27 20:00:00+01:00,136.99001950136613
2026-12-27 21:00:00+01:00,128.85409150136613
2026-12-27 22:00:00+01:00,128.84368750136613
2026-12-27 23:00:00+01:00,121.48805950136611
2026-12-28 00:00:00+01:00,122.90300350136611
2026-12-28 01:00:00+01:00,116.68141150136611
2026-12-28 02:00:00+01:00,111.3961795013661
2026-12-28 03:00:00+01:00,108.65992750136613
2026-12-28 04:00:00+01:00,107.23457950136611
2026-12-28 05:00:00+01:00,108.95123950136613
2026-12-28 06:00:00+01:00,114.24687550136613
2026-12-28 07:00:00+01:00,120.62452750136612
2026-12-28 08:00:00+01:00,127.29349150136612
2026-12-28 09:00:00+01:00,128.1362155013661
2026-12-28 10:00:00+01:00,119.98988350136612
2026-12-28 11:00:00+01:00,111.62506750136612
2026-12-28 12:00:00+01:00,109.28416750136611
2026-12-28 13:00:00+01:00,107.69235550136611
2026-12-28 14:00:00+01:00,114.23647150136611
2026-12-28 15:00:00+01:00,127.28308750136613
2026-12-28 16:00:00+01:00,137.46860350136615
2026-12-28 17:00:00+01:00,142.97231950136614
2026-12-28 18:00:00+01:00,143.78383150136614
2026-12-28 19:00:00+01:00,138.96677950136615
2026-12-28 20:00:00+01:00,131.00771950136613
2026-12-28 21:00:00+01:00,123.62087950136612
2026-12-28 22:00:00+01:00,122.01866350136612
2026-12-28 23:00:00+01:00,115.50575950136613
2026-12-29 00:00:00+01:00,117.45130750136613
2026-12-29 01:00:00+01:00,110.43901150136611
2026-12-29 02:00:00+01:00,104.99771950136612
2026-12-29 03:00:00+01:00,96.08149150136612
2026-12-29 04:00:00+01:00,91.63898350136613
2026-12-29 05:00:00+01:00,91.73261950136613
2026-12-29 06:00:00+01:00,94.03190350136612
2026-12-29 07:00:00+01:00,103.64519950136611
2026-12-29 08:00:00+01:00,108.69113950136612
2026-12-29 09:00:00+01:00,108.70154350136613
2026-12-29 10:00:00+01:00,107.12013550136612
2026-12-29 11:00:00+01:00,104.49832750136612
2026-12-29 12:00:00+01:00,102.87530350136612
2026-12-29 13:00:00+01:00,102.90651550136612
2026-12-29 14:00:00+01:00,106.27741150136612
2026-12-29 15:00:00+01:00,117.52413550136612
2026-12-29 16:00:00+01:00,131.67357550136612
2026-12-29 17:00:00+01:00,135.36699550136612
2026-12-29 18:00:00+01:00,136.61547550136612
2026-12-29 19:00:00+01:00,134.19134350136613
2026-12-29 20:00:00+01:00,128.9789395013661
2026-12-29 21:00:00+01:00,119.06392750136612
2026-12-29 22:00:00+01:00,112.36375150136612
2026-12-29 23:00:00+01:00,105.58034350136613
2026-12-30 00:00:00+01:00,107.52589150136612
2026-12-30 01:00:00+01:00,106.61033950136613
2026-12-30 02:00:00+01:00,105.51791950136612
2026-12-30 03:00:00+01:00,104.50873150136613
2026-12-30 04:00:00+01:00,104.75842750136613
2026-12-30 05:00:00+01:00,113.18566750136611
2026-12-30 06:00:00+01:00,125.95137550136613
2026-12-30 07:00:00+01:00,134.7947755013661
2026-12-30 08:00:00+01:00,136.7507275013661
2026-12-30 09:00:00+01:00,134.7011395013661
2026-12-30 10:00:00+01:00,131.67357550136612
2026-12-30 11:00:00+01:00,126.01379950136612
2026-12-30 12:00:00+01:00,122.71573150136612
2026-12-30 13:00:00+01:00,121.84179550136612
2026-12-30 14:00:00+01:00,131.22620350136614
2026-12-30 15:00:00+01:00,135.01325950136612
2026-12-30 16:00:00+01:00,135.64790350136613
2026-12-30 17:00:00+01:00,140.40253150136613
2026-12-30 18:00:00+01:00,147.74775550136613
2026-12-30 19:00:00+01:00,142.86827950136615
2026-12-30 20:00:00+01:00,136.76113150136612
2026-12-30 21:00:00+01:00,135.09649150136613
2026-12-30 22:00:00+01:00,131.67357550136612
2026-12-30 23:00:00+01:00,126.03460750136612
2026-12-31 00:00:00+01:00,106.57912750136612
2026-12-31 01:00:00+01:00,102.82328350136612
2026-12-31 02:00:00+01:00,102.36550750136612
2026-12-31 03:00:00+01:00,103.39550350136612
2026-12-31 04:00:00+01:00,102.1470235013661
2026-12-31 05:00:00+01:00,103.94691550136612
2026-12-31 06:00:00+01:00,109.03447150136611
2026-12-31 07:00:00+01:00,123.2983555013661
2026-12-31 08:00:00+01:00,123.65209150136612
2026-12-31 09:00:00+01:00,121.26957550136612
2026-12-31 10:00:00+01:00,117.55534750136611
2026-12-31 11:00:00+01:00,113.49778750136613
2026-12-31 12:00:00+01:00,115.13121550136611
2026-12-31 13:00:00+01:00,108.68073550136612
2026-12-31 14:00:00+01:00,115.13121550136611
2026-12-31 15:00:00+01:00,121.67533150136612
2026-12-31 16:00:00+01:00,132.3914515013661
2026-12-31 17:00:00+01:00,133.11973150136612
2026-12-31 18:00:00+01:00,131.45509150136613
2026-12-31 19:00:00+01:00,127.00217950136611
2026-12-31 20:00:00+01:00,116.32767550136612
2026-12-31 21:00:00+01:00,111.46900750136612
2026-12-31 22:00:00+01:00,115.12081150136612
2026-12-31 23:00:00+01:00,107.21377150136612
