Date (GMT+1),Price (EUR/MWh)
2038-01-01 00:00:00+01:00,18.49835941303239
2038-01-01 01:00:00+01:00,13.923452044346647
2038-01-01 02:00:00+01:00,5.106984828814092
2038-01-01 03:00:00+01:00,1.7160358997631135
2038-01-01 04:00:00+01:00,1.693046415498344
2038-01-01 05:00:00+01:00,1.7390253840278547
2038-01-01 06:00:00+01:00,1.6815516733659734
2038-01-01 07:00:00+01:00,-1.8013551927440261
2038-01-01 08:00:00+01:00,-1.571460350096487
2038-01-01 09:00:00+01:00,0.8654249819672515
2038-01-01 10:00:00+01:00,-0.14611232568184107
2038-01-01 11:00:00+01:00,-1.8818183876706627
2038-01-01 12:00:00+01:00,0.957382919026287
2038-01-01 13:00:00+01:00,-0.6518809795064016
2038-01-01 14:00:00+01:00,1.8769622896163725
2038-01-01 15:00:00+01:00,12.10728278743121
2038-01-01 16:00:00+01:00,22.08471895833378
2038-01-01 17:00:00+01:00,37.03937847255525
2038-01-01 18:00:00+01:00,44.77533992764444
2038-01-01 19:00:00+01:00,38.43024227057277
2038-01-01 20:00:00+01:00,37.602620837041684
2038-01-01 21:00:00+01:00,28.878111558568122
2038-01-01 22:00:00+01:00,27.740132087462875
2038-01-01 23:00:00+01:00,18.613306834356152
2038-01-02 00:00:00+01:00,14.210820597656053
2038-01-02 01:00:00+01:00,4.739153080578049
2038-01-02 02:00:00+01:00,1.658562189101218
2038-01-02 03:00:00+01:00,-0.24956500487323297
2038-01-02 04:00:00+01:00,0.15275096975993563
2038-01-02 05:00:00+01:00,1.7045411576307288
2038-01-02 06:00:00+01:00,11.50955619654765
2038-01-02 07:00:00+01:00,35.26918818416931
2038-01-02 08:00:00+01:00,44.235087047422766
2038-01-02 09:00:00+01:00,48.200773083092564
2038-01-02 10:00:00+01:00,48.29273102015157
2038-01-02 11:00:00+01:00,52.86763838883731
2038-01-02 12:00:00+01:00,55.87926082751988
2038-01-02 13:00:00+01:00,58.95985171899671
2038-01-02 14:00:00+01:00,63.339348471432054
2038-01-02 15:00:00+01:00,66.1670550359966
2038-01-02 16:00:00+01:00,71.99488929711136
2038-01-02 17:00:00+01:00,75.77665945866312
2038-01-02 18:00:00+01:00,66.62684472129165
2038-01-02 19:00:00+01:00,57.64945111590582
2038-01-02 20:00:00+01:00,44.120139626099
2038-01-02 21:00:00+01:00,26.71710003768139
2038-01-02 22:00:00+01:00,21.751371436494864
2038-01-02 23:00:00+01:00,9.348544675660918
2038-01-03 00:00:00+01:00,11.003787542723103
2038-01-03 01:00:00+01:00,6.049553683668947
2038-01-03 02:00:00+01:00,1.693046415498344
2038-01-03 03:00:00+01:00,1.658562189101218
2038-01-03 04:00:00+01:00,1.6355727048364628
2038-01-03 05:00:00+01:00,15.785600269791601
2038-01-03 06:00:00+01:00,48.31572050441632
2038-01-03 07:00:00+01:00,57.63795637377345
2038-01-03 08:00:00+01:00,59.994378510910565
2038-01-03 09:00:00+01:00,60.92545262363304
2038-01-03 10:00:00+01:00,56.00570299097602
2038-01-03 11:00:00+01:00,53.269954363470475
2038-01-03 12:00:00+01:00,57.64945111590582
2038-01-03 13:00:00+01:00,63.31635898716729
2038-01-03 14:00:00+01:00,71.05232044225649
2038-01-03 15:00:00+01:00,78.52390282830103
2038-01-03 16:00:00+01:00,75.70769100586887
2038-01-03 17:00:00+01:00,82.43211515330896
2038-01-03 18:00:00+01:00,87.45531746515736
2038-01-03 19:00:00+01:00,82.9493785492659
2038-01-03 20:00:00+01:00,83.71952627213508
2038-01-03 21:00:00+01:00,65.64979164003967
2038-01-03 22:00:00+01:00,64.21294887349264
2038-01-03 23:00:00+01:00,49.993952855743245
2038-01-04 00:00:00+01:00,44.315550242349396
2038-01-04 01:00:00+01:00,35.763462095861485
2038-01-04 02:00:00+01:00,30.096554224600006
2038-01-04 03:00:00+01:00,23.26867739796853
2038-01-04 04:00:00+01:00,26.234320868121593
2038-01-04 05:00:00+01:00,51.71816417559968
2038-01-04 06:00:00+01:00,69.94882519754839
2038-01-04 07:00:00+01:00,85.42074810772678
2038-01-04 08:00:00+01:00,92.9038252359037
2038-01-04 09:00:00+01:00,96.63961642892598
2038-01-04 10:00:00+01:00,93.93835202781756
2038-01-04 11:00:00+01:00,90.23704506119242
2038-01-04 12:00:00+01:00,88.11051776670281
2038-01-04 13:00:00+01:00,88.99561291089579
2038-01-04 14:00:00+01:00,93.89237305928806
2038-01-04 15:00:00+01:00,96.45570055480796
2038-01-04 16:00:00+01:00,109.26084329027508
2038-01-04 17:00:00+01:00,112.85869757770882
2038-01-04 18:00:00+01:00,114.04265601734357
2038-01-04 19:00:00+01:00,112.89318180410596
2038-01-04 20:00:00+01:00,102.54791388496736
2038-01-04 21:00:00+01:00,98.36382774878241
2038-01-04 22:00:00+01:00,95.08782624105518
2038-01-04 23:00:00+01:00,89.75426589163261
2038-01-05 00:00:00+01:00,88.42087580427697
2038-01-05 01:00:00+01:00,82.48958886397084
2038-01-05 02:00:00+01:00,78.63885024962481
2038-01-05 03:00:00+01:00,77.39741809932816
2038-01-05 04:00:00+01:00,76.85716521910648
2038-01-05 05:00:00+01:00,83.93792637265025
2038-01-05 06:00:00+01:00,90.42096093531045
2038-01-05 07:00:00+01:00,103.61692490327835
2038-01-05 08:00:00+01:00,108.27229546689071
2038-01-05 09:00:00+01:00,104.47903056320655
2038-01-05 10:00:00+01:00,101.5133870930535
2038-01-05 11:00:00+01:00,101.30648173467073
2038-01-05 12:00:00+01:00,94.99586830399616
2038-01-05 13:00:00+01:00,96.45570055480796
2038-01-05 14:00:00+01:00,97.93852228988449
2038-01-05 15:00:00+01:00,102.92724037533577
2038-01-05 16:00:00+01:00,104.65145169519221
2038-01-05 17:00:00+01:00,113.99667704881406
2038-01-05 18:00:00+01:00,115.49099352602298
2038-01-05 19:00:00+01:00,110.28387534005654
2038-01-05 20:00:00+01:00,101.58235554584775
2038-01-05 21:00:00+01:00,95.5131316999531
2038-01-05 22:00:00+01:00,90.4324556774428
2038-01-05 23:00:00+01:00,87.35186478596599
2038-01-06 00:00:00+01:00,81.34011465073321
2038-01-06 01:00:00+01:00,76.0295437855754
2038-01-06 02:00:00+01:00,75.58124884241272
2038-01-06 03:00:00+01:00,73.14436351034898
2038-01-06 04:00:00+01:00,73.37425835299649
2038-01-06 05:00:00+01:00,74.89156431447016
2038-01-06 06:00:00+01:00,75.2019223520443
2038-01-06 07:00:00+01:00,80.66192486492302
2038-01-06 08:00:00+01:00,85.1678637808145
2038-01-06 09:00:00+01:00,90.1450871241334
2038-01-06 10:00:00+01:00,92.3750670978144
2038-01-06 11:00:00+01:00,94.73148923495152
2038-01-06 12:00:00+01:00,93.2946464684045
2038-01-06 13:00:00+01:00,91.7428562805337
2038-01-06 14:00:00+01:00,92.35207761354964
2038-01-06 15:00:00+01:00,93.60500450597866
2038-01-06 16:00:00+01:00,97.91553280561973
2038-01-06 17:00:00+01:00,101.11107111842033
2038-01-06 18:00:00+01:00,99.39835454069626
2038-01-06 19:00:00+01:00,94.73148923495152
2038-01-06 20:00:00+01:00,92.3290881292849
2038-01-06 21:00:00+01:00,88.53582322560074
2038-01-06 22:00:00+01:00,88.04154931390856
2038-01-06 23:00:00+01:00,83.44365246095806
2038-01-07 00:00:00+01:00,86.35182222044925
2038-01-07 01:00:00+01:00,81.43207258779222
2038-01-07 02:00:00+01:00,77.7652498475642
2038-01-07 03:00:00+01:00,73.8110585540268
2038-01-07 04:00:00+01:00,71.68453125953718
2038-01-07 05:00:00+01:00,73.76507958549728
2038-01-07 06:00:00+01:00,76.09851223836965
2038-01-07 07:00:00+01:00,79.97224033698045
2038-01-07 08:00:00+01:00,83.51262091375233
2038-01-07 09:00:00+01:00,91.22559288457677
2038-01-07 10:00:00+01:00,96.27178468068993
2038-01-07 11:00:00+01:00,98.30635403812053
2038-01-07 12:00:00+01:00,97.86955383709022
2038-01-07 13:00:00+01:00,94.31767851818599
2038-01-07 14:00:00+01:00,94.24871006539172
2038-01-07 15:00:00+01:00,94.76597346134864
2038-01-07 16:00:00+01:00,99.8696389681237
2038-01-07 17:00:00+01:00,109.07692741615705
2038-01-07 18:00:00+01:00,112.97364499903259
2038-01-07 19:00:00+01:00,109.0539379318923
2038-01-07 20:00:00+01:00,105.60551529217943
2038-01-07 21:00:00+01:00,101.76627141996576
2038-01-07 22:00:00+01:00,99.07650176098973
2038-01-07 23:00:00+01:00,94.71999449281915
2038-01-08 00:00:00+01:00,91.38651927443003
2038-01-08 01:00:00+01:00,90.31750825611905
2038-01-08 02:00:00+01:00,88.13350725096757
2038-01-08 03:00:00+01:00,86.44378015750826
2038-01-08 04:00:00+01:00,86.42079067324352
2038-01-08 05:00:00+01:00,90.45544516170756
2038-01-08 06:00:00+01:00,104.13418829923528
2038-01-08 07:00:00+01:00,113.20353984168011
2038-01-08 08:00:00+01:00,124.08906064104039
2038-01-08 09:00:00+01:00,123.84767105626051
2038-01-08 10:00:00+01:00,118.0083420530134
2038-01-08 11:00:00+01:00,116.95082577683476
2038-01-08 12:00:00+01:00,109.43326442226072
2038-01-08 13:00:00+01:00,109.29532751667219
2038-01-08 14:00:00+01:00,112.60581325079656
2038-01-08 15:00:00+01:00,116.3071202174217
2038-01-08 16:00:00+01:00,125.69832453957308
2038-01-08 17:00:00+01:00,145.81412327123144
2038-01-08 18:00:00+01:00,146.21643924586465
2038-01-08 19:00:00+01:00,136.43441369121246
2038-01-08 20:00:00+01:00,122.61773364809625
2038-01-08 21:00:00+01:00,108.29528495115548
2038-01-08 22:00:00+01:00,107.03086331659408
2038-01-08 23:00:00+01:00,104.66294643732459
2038-01-09 00:00:00+01:00,97.03043766142677
2038-01-09 01:00:00+01:00,96.63961642892598
2038-01-09 02:00:00+01:00,95.62807912127685
2038-01-09 03:00:00+01:00,94.34066800245074
2038-01-09 04:00:00+01:00,94.2142258389946
2038-01-09 05:00:00+01:00,98.73165949701844
2038-01-09 06:00:00+01:00,112.28396047109001
2038-01-09 07:00:00+01:00,134.61824443429703
2038-01-09 08:00:00+01:00,144.69913328439097
2038-01-09 09:00:00+01:00,136.25049781709444
2038-01-09 10:00:00+01:00,118.07731050580763
2038-01-09 11:00:00+01:00,111.53680223248556
2038-01-09 12:00:00+01:00,105.84690487695933
2038-01-09 13:00:00+01:00,106.78947373181418
2038-01-09 14:00:00+01:00,115.92779372705328
2038-01-09 15:00:00+01:00,124.67529248979159
2038-01-09 16:00:00+01:00,136.96317182930176
2038-01-09 17:00:00+01:00,152.69947380852483
2038-01-09 18:00:00+01:00,153.07880029889327
2038-01-09 19:00:00+01:00,141.46911074519323
2038-01-09 20:00:00+01:00,121.85908066735942
2038-01-09 21:00:00+01:00,113.88172962749032
2038-01-09 22:00:00+01:00,107.38720032269774
2038-01-09 23:00:00+01:00,102.12260842606943
2038-01-10 00:00:00+01:00,96.26028993855756
2038-01-10 01:00:00+01:00,93.54753079531677
2038-01-10 02:00:00+01:00,92.77738307244756
2038-01-10 03:00:00+01:00,91.23708762670915
2038-01-10 04:00:00+01:00,91.20260340031201
2038-01-10 05:00:00+01:00,94.39814171311261
2038-01-10 06:00:00+01:00,108.93899051056854
2038-01-10 07:00:00+01:00,130.35369510318543
2038-01-10 08:00:00+01:00,146.83715532101297
2038-01-10 09:00:00+01:00,133.54923341598604
2038-01-10 10:00:00+01:00,120.66362748559229
2038-01-10 11:00:00+01:00,113.49090839498952
2038-01-10 12:00:00+01:00,108.27229546689071
2038-01-10 13:00:00+01:00,108.00791639784606
2038-01-10 14:00:00+01:00,113.44492942646
2038-01-10 15:00:00+01:00,123.98560796184901
2038-01-10 16:00:00+01:00,132.3997592027484
2038-01-10 17:00:00+01:00,146.4233446042474
2038-01-10 18:00:00+01:00,147.388902943367
2038-01-10 19:00:00+01:00,136.3194662698887
2038-01-10 20:00:00+01:00,122.2958808683897
2038-01-10 21:00:00+01:00,110.16892791873279
2038-01-10 22:00:00+01:00,106.38715775718103
2038-01-10 23:00:00+01:00,100.75473411231667
2038-01-11 00:00:00+01:00,94.75447871921628
2038-01-11 01:00:00+01:00,91.53595092215093
2038-01-11 02:00:00+01:00,88.85767600530728
2038-01-11 03:00:00+01:00,87.78866498699628
2038-01-11 04:00:00+01:00,88.29443364082083
2038-01-11 05:00:00+01:00,92.47851977700577
2038-01-11 06:00:00+01:00,109.1458958689513
2038-01-11 07:00:00+01:00,128.25015729296058
2038-01-11 08:00:00+01:00,152.3546315445535
2038-01-11 09:00:00+01:00,138.20460397959843
2038-01-11 10:00:00+01:00,121.35331201353486
2038-01-11 11:00:00+01:00,110.22640162939467
2038-01-11 12:00:00+01:00,104.37557788401519
2038-01-11 13:00:00+01:00,104.35258839975042
2038-01-11 14:00:00+01:00,109.5826960699816
2038-01-11 15:00:00+01:00,122.70969158515524
2038-01-11 16:00:00+01:00,133.04346476216148
2038-01-11 17:00:00+01:00,148.72229303072265
2038-01-11 18:00:00+01:00,149.83728301756315
2038-01-11 19:00:00+01:00,141.5495739401199
2038-01-11 20:00:00+01:00,122.72118632728763
2038-01-11 21:00:00+01:00,109.89305410755577
2038-01-11 22:00:00+01:00,105.77793642416508
2038-01-11 23:00:00+01:00,97.51321683098656
2038-01-12 00:00:00+01:00,89.68529743883836
2038-01-12 01:00:00+01:00,86.96104355346519
2038-01-12 02:00:00+01:00,86.73114871081766
2038-01-12 03:00:00+01:00,85.11039007015262
2038-01-12 04:00:00+01:00,85.74260088743331
2038-01-12 05:00:00+01:00,88.13350725096757
2038-01-12 06:00:00+01:00,101.11107111842033
2038-01-12 07:00:00+01:00,120.75558542265131
2038-01-12 08:00:00+01:00,141.98637414115018
2038-01-12 09:00:00+01:00,130.54910571943583
2038-01-12 10:00:00+01:00,118.0083420530134
2038-01-12 11:00:00+01:00,110.0654752395414
2038-01-12 12:00:00+01:00,104.73191489011883
2038-01-12 13:00:00+01:00,101.74328193570102
2038-01-12 14:00:00+01:00,104.6974306637217
2038-01-12 15:00:00+01:00,110.60572811976309
2038-01-12 16:00:00+01:00,117.08876268242327
2038-01-12 17:00:00+01:00,128.9168523366384
2038-01-12 18:00:00+01:00,132.38826446061603
2038-01-12 19:00:00+01:00,125.28451382280753
2038-01-12 20:00:00+01:00,112.55983428226705
2038-01-12 21:00:00+01:00,100.95014472856707
2038-01-12 22:00:00+01:00,97.21435353554479
2038-01-12 23:00:00+01:00,91.63940360134231
2038-01-13 00:00:00+01:00,95.43266850502647
2038-01-13 01:00:00+01:00,89.30597094846993
2038-01-13 02:00:00+01:00,88.57030745199788
2038-01-13 03:00:00+01:00,88.2139704458942
2038-01-13 04:00:00+01:00,87.80015972912867
2038-01-13 05:00:00+01:00,88.57030745199788
2038-01-13 06:00:00+01:00,89.83472908655925
2038-01-13 07:00:00+01:00,90.31750825611905
2038-01-13 08:00:00+01:00,92.34058287141725
2038-01-13 09:00:00+01:00,95.53612118421785
2038-01-13 10:00:00+01:00,95.63957386340924
2038-01-13 11:00:00+01:00,94.31767851818599
2038-01-13 12:00:00+01:00,89.36344465913183
2038-01-13 13:00:00+01:00,88.05304405604093
2038-01-13 14:00:00+01:00,88.53582322560074
2038-01-13 15:00:00+01:00,92.1336775130345
2038-01-13 16:00:00+01:00,92.9038252359037
2038-01-13 17:00:00+01:00,101.26050276614122
2038-01-13 18:00:00+01:00,104.70892540585407
2038-01-13 19:00:00+01:00,102.7663139854825
2038-01-13 20:00:00+01:00,98.68568052848894
2038-01-13 21:00:00+01:00,94.38664697098022
2038-01-13 22:00:00+01:00,95.31772108370271
2038-01-13 23:00:00+01:00,94.00732048061181
2038-01-14 00:00:00+01:00,88.8921602317044
2038-01-14 01:00:00+01:00,88.09902302457043
2038-01-14 02:00:00+01:00,88.07603354030569
2038-01-14 03:00:00+01:00,87.57026488648114
2038-01-14 04:00:00+01:00,87.47830694942212
2038-01-14 05:00:00+01:00,87.5817596286135
2038-01-14 06:00:00+01:00,87.52428591795163
2038-01-14 07:00:00+01:00,87.89211766618767
2038-01-14 08:00:00+01:00,87.535780660084
2038-01-14 09:00:00+01:00,88.58180219413023
2038-01-14 10:00:00+01:00,87.61624385501062
2038-01-14 11:00:00+01:00,87.51279117581926
2038-01-14 12:00:00+01:00,86.20239057272836
2038-01-14 13:00:00+01:00,87.52428591795163
2038-01-14 14:00:00+01:00,87.8231492133934
2038-01-14 15:00:00+01:00,90.66235052009034
2038-01-14 16:00:00+01:00,94.88092088267241
2038-01-14 17:00:00+01:00,99.06500701885736
2038-01-14 18:00:00+01:00,100.92715524430231
2038-01-14 19:00:00+01:00,99.45582825135816
2038-01-14 20:00:00+01:00,96.04188983804242
2038-01-14 21:00:00+01:00,93.19119378921312
2038-01-14 22:00:00+01:00,92.21414070796112
2038-01-14 23:00:00+01:00,88.57030745199788
2038-01-15 00:00:00+01:00,90.39797145104568
2038-01-15 01:00:00+01:00,88.54731796773311
2038-01-15 02:00:00+01:00,88.75422332611589
2038-01-15 03:00:00+01:00,88.88066548957202
2038-01-15 04:00:00+01:00,88.6507706469245
2038-01-15 05:00:00+01:00,91.018687526194
2038-01-15 06:00:00+01:00,97.19136405128003
2038-01-15 07:00:00+01:00,103.90429345658774
2038-01-15 08:00:00+01:00,111.46783377969129
2038-01-15 09:00:00+01:00,108.05389536637557
2038-01-15 10:00:00+01:00,108.07688485064033
2038-01-15 11:00:00+01:00,103.973261909382
2038-01-15 12:00:00+01:00,101.3639554453326
2038-01-15 13:00:00+01:00,101.84673461489241
2038-01-15 14:00:00+01:00,103.26058789717467
2038-01-15 15:00:00+01:00,103.57094593474883
2038-01-15 16:00:00+01:00,106.49061043637239
2038-01-15 17:00:00+01:00,117.46808917279168
2038-01-15 18:00:00+01:00,125.03162949589526
2038-01-15 19:00:00+01:00,118.3876685433818
2038-01-15 20:00:00+01:00,108.13435856130221
2038-01-15 21:00:00+01:00,101.29498699253834
2038-01-15 22:00:00+01:00,98.59372259142994
2038-01-15 23:00:00+01:00,94.6395312978925
2038-01-16 00:00:00+01:00,90.78879268354648
2038-01-16 01:00:00+01:00,91.42100350082717
2038-01-16 02:00:00+01:00,89.84622382869163
2038-01-16 03:00:00+01:00,90.27152928758954
2038-01-16 04:00:00+01:00,90.3404977403838
2038-01-16 05:00:00+01:00,91.4095087586948
2038-01-16 06:00:00+01:00,99.37536505643152
2038-01-16 07:00:00+01:00,116.34160444381882
2038-01-16 08:00:00+01:00,143.0553851594612
2038-01-16 09:00:00+01:00,134.68721288709128
2038-01-16 10:00:00+01:00,122.81314426434665
2038-01-16 11:00:00+01:00,112.60581325079656
2038-01-16 12:00:00+01:00,102.58239811136448
2038-01-16 13:00:00+01:00,101.97317677834855
2038-01-16 14:00:00+01:00,104.45604107894181
2038-01-16 15:00:00+01:00,117.19221536161467
2038-01-16 16:00:00+01:00,123.39937611309783
2038-01-16 17:00:00+01:00,143.0783746437259
2038-01-16 18:00:00+01:00,140.33113127408802
2038-01-16 19:00:00+01:00,128.9283470787708
2038-01-16 20:00:00+01:00,111.12299151572002
2038-01-16 21:00:00+01:00,99.39835454069626
2038-01-16 22:00:00+01:00,99.43283876709339
2038-01-16 23:00:00+01:00,94.47860490803924
2038-01-17 00:00:00+01:00,89.63931847030885
2038-01-17 01:00:00+01:00,87.38634901236313
2038-01-17 02:00:00+01:00,84.11034750463588
2038-01-17 03:00:00+01:00,83.960915856915
2038-01-17 04:00:00+01:00,83.99540008331213
2038-01-17 05:00:00+01:00,89.5243710489851
2038-01-17 06:00:00+01:00,95.46715273142361
2038-01-17 07:00:00+01:00,112.81271860917931
2038-01-17 08:00:00+01:00,119.93945873125259
2038-01-17 09:00:00+01:00,118.13478421646951
2038-01-17 10:00:00+01:00,116.72093093418724
2038-01-17 11:00:00+01:00,115.27259342550784
2038-01-17 12:00:00+01:00,111.91612872285397
2038-01-17 13:00:00+01:00,110.90459141520486
2038-01-17 14:00:00+01:00,112.44488686094329
2038-01-17 15:00:00+01:00,118.05432102154288
2038-01-17 16:00:00+01:00,121.97402808868317
2038-01-17 17:00:00+01:00,135.91715029525554
2038-01-17 18:00:00+01:00,129.8364317072285
2038-01-17 19:00:00+01:00,117.3186575250708
2038-01-17 20:00:00+01:00,107.58261093894814
2038-01-17 21:00:00+01:00,96.0993635487043
2038-01-17 22:00:00+01:00,94.34066800245074
2038-01-17 23:00:00+01:00,90.0071502185449
2038-01-18 00:00:00+01:00,81.98382021014629
2038-01-18 01:00:00+01:00,77.69628139476995
2038-01-18 02:00:00+01:00,76.27093337035531
2038-01-18 03:00:00+01:00,75.91459636425164
2038-01-18 04:00:00+01:00,76.2249544018258
2038-01-18 05:00:00+01:00,81.40908310352748
2038-01-18 06:00:00+01:00,92.66243565112379
2038-01-18 07:00:00+01:00,109.75511720196724
2038-01-18 08:00:00+01:00,120.75558542265131
2038-01-18 09:00:00+01:00,119.1118372977215
2038-01-18 10:00:00+01:00,108.78955886284764
2038-01-18 11:00:00+01:00,104.54799901600082
2038-01-18 12:00:00+01:00,97.22584827767716
2038-01-18 13:00:00+01:00,96.08786880657192
2038-01-18 14:00:00+01:00,96.07637406443953
2038-01-18 15:00:00+01:00,97.23734301980954
2038-01-18 16:00:00+01:00,100.57081823819865
2038-01-18 17:00:00+01:00,110.70918079895446
2038-01-18 18:00:00+01:00,110.22640162939467
2038-01-18 19:00:00+01:00,102.7663139854825
2038-01-18 20:00:00+01:00,94.13376264406796
2038-01-18 21:00:00+01:00,92.27161441862302
2038-01-18 22:00:00+01:00,89.99565547641252
2038-01-18 23:00:00+01:00,85.13337955441737
2038-01-19 00:00:00+01:00,82.09876763147004
2038-01-19 01:00:00+01:00,80.60445115426114
2038-01-19 02:00:00+01:00,79.84579817352432
2038-01-19 03:00:00+01:00,79.56992436234728
2038-01-19 04:00:00+01:00,79.1791031298465
2038-01-19 05:00:00+01:00,81.85737804669016
2038-01-19 06:00:00+01:00,87.50129643368687
2038-01-19 07:00:00+01:00,99.15696495591637
2038-01-19 08:00:00+01:00,109.51372761718736
2038-01-19 09:00:00+01:00,110.49078069843932
2038-01-19 10:00:00+01:00,96.82353230304399
2038-01-19 11:00:00+01:00,91.24858236884153
2038-01-19 12:00:00+01:00,86.14491686206647
2038-01-19 13:00:00+01:00,86.62769603162627
2038-01-19 14:00:00+01:00,89.29447620633756
2038-01-19 15:00:00+01:00,89.6623079545736
2038-01-19 16:00:00+01:00,94.29468903392122
2038-01-19 17:00:00+01:00,96.65111117105835
2038-01-19 18:00:00+01:00,101.3179764768031
2038-01-19 19:00:00+01:00,96.0993635487043
2038-01-19 20:00:00+01:00,91.75435102266609
2038-01-19 21:00:00+01:00,87.47830694942212
2038-01-19 22:00:00+01:00,90.24853980332479
2038-01-19 23:00:00+01:00,85.51270604478579
2038-01-20 00:00:00+01:00,79.42049271462639
2038-01-20 01:00:00+01:00,79.42049271462639
2038-01-20 02:00:00+01:00,79.54693487808252
2038-01-20 03:00:00+01:00,78.37447118058016
2038-01-20 04:00:00+01:00,78.36297643844777
2038-01-20 05:00:00+01:00,79.52394539381778
2038-01-20 06:00:00+01:00,79.39750323036164
2038-01-20 07:00:00+01:00,79.50095590955303
2038-01-20 08:00:00+01:00,84.54714770566619
2038-01-20 09:00:00+01:00,88.15649673523231
2038-01-20 10:00:00+01:00,85.70811666103619
2038-01-20 11:00:00+01:00,79.408997972494
2038-01-20 12:00:00+01:00,74.90305905660254
2038-01-20 13:00:00+01:00,72.08684723417036
2038-01-20 14:00:00+01:00,74.10992184946856
2038-01-20 15:00:00+01:00,79.48946116742064
2038-01-20 16:00:00+01:00,85.30580068640302
2038-01-20 17:00:00+01:00,91.19110865817963
2038-01-20 18:00:00+01:00,94.73148923495152
2038-01-20 19:00:00+01:00,91.018687526194
2038-01-20 20:00:00+01:00,87.2484121067746
2038-01-20 21:00:00+01:00,81.57000949338075
2038-01-20 22:00:00+01:00,82.05278866294054
2038-01-20 23:00:00+01:00,78.25952375925638
2038-01-21 00:00:00+01:00,74.84558534594065
2038-01-21 01:00:00+01:00,74.78811163527877
2038-01-21 02:00:00+01:00,73.07539505755472
2038-01-21 03:00:00+01:00,73.328279384467
2038-01-21 04:00:00+01:00,74.12141659160095
2038-01-21 05:00:00+01:00,74.15590081799807
2038-01-21 06:00:00+01:00,75.97207007491352
2038-01-21 07:00:00+01:00,74.55821679263124
2038-01-21 08:00:00+01:00,74.17889030226283
2038-01-21 09:00:00+01:00,74.15590081799807
2038-01-21 10:00:00+01:00,74.12141659160095
2038-01-21 11:00:00+01:00,72.62710011439204
2038-01-21 12:00:00+01:00,68.28208758835383
2038-01-21 13:00:00+01:00,68.21311913555957
2038-01-21 14:00:00+01:00,72.68457382505392
2038-01-21 15:00:00+01:00,74.08693236520382
2038-01-21 16:00:00+01:00,75.77665945866312
2038-01-21 17:00:00+01:00,79.01817673999322
2038-01-21 18:00:00+01:00,79.06415570852272
2038-01-21 19:00:00+01:00,78.91472406080183
2038-01-21 20:00:00+01:00,78.53539757043342
2038-01-21 21:00:00+01:00,76.62727037645897
2038-01-21 22:00:00+01:00,77.61581819984333
2038-01-21 23:00:00+01:00,76.4203650180762
2038-01-22 00:00:00+01:00,72.75354227784818
2038-01-22 01:00:00+01:00,74.06394288093907
2038-01-22 02:00:00+01:00,74.10992184946856
2038-01-22 03:00:00+01:00,73.77657432762966
2038-01-22 04:00:00+01:00,71.45463641688967
2038-01-22 05:00:00+01:00,73.79956381189442
2038-01-22 06:00:00+01:00,77.90318675315274
2038-01-22 07:00:00+01:00,81.75392536749877
2038-01-22 08:00:00+01:00,82.61603102742698
2038-01-22 09:00:00+01:00,80.478008990805
2038-01-22 10:00:00+01:00,81.2021777451447
2038-01-22 11:00:00+01:00,83.91493688838548
2038-01-22 12:00:00+01:00,83.99540008331213
2038-01-22 13:00:00+01:00,83.960915856915
2038-01-22 14:00:00+01:00,83.24824184470766
2038-01-22 15:00:00+01:00,83.32870503963431
2038-01-22 16:00:00+01:00,83.20226287617817
2038-01-22 17:00:00+01:00,85.81156934022758
2038-01-22 18:00:00+01:00,85.62765346610955
2038-01-22 19:00:00+01:00,83.61607359294372
2038-01-22 20:00:00+01:00,79.2710610669055
2038-01-22 21:00:00+01:00,77.78823933182896
2038-01-22 22:00:00+01:00,78.14457633793262
2038-01-22 23:00:00+01:00,74.14440607586569
2038-01-23 00:00:00+01:00,70.3281516879168
2038-01-23 01:00:00+01:00,72.22478413975887
2038-01-23 02:00:00+01:00,72.2132893976265
2038-01-23 03:00:00+01:00,70.98335198946224
2038-01-23 04:00:00+01:00,70.99484673159462
2038-01-23 05:00:00+01:00,70.94886776306511
2038-01-23 06:00:00+01:00,75.93758584851639
2038-01-23 07:00:00+01:00,80.45501950654025
2038-01-23 08:00:00+01:00,84.01838956757688
2038-01-23 09:00:00+01:00,83.48963142948757
2038-01-23 10:00:00+01:00,79.48946116742064
2038-01-23 11:00:00+01:00,76.96061789829787
2038-01-23 12:00:00+01:00,76.29392285462005
2038-01-23 13:00:00+01:00,76.96061789829787
2038-01-23 14:00:00+01:00,75.91459636425164
2038-01-23 15:00:00+01:00,77.2364917094749
2038-01-23 16:00:00+01:00,78.29400798565351
2038-01-23 17:00:00+01:00,81.32861990860084
2038-01-23 18:00:00+01:00,80.85733548117341
2038-01-23 19:00:00+01:00,77.75375510543184
2038-01-23 20:00:00+01:00,77.17901799881302
2038-01-23 21:00:00+01:00,75.1099644149853
2038-01-23 22:00:00+01:00,75.12145915711768
2038-01-23 23:00:00+01:00,69.1212037640173
2038-01-24 00:00:00+01:00,75.56975410028036
2038-01-24 01:00:00+01:00,71.47762590115443
2038-01-24 02:00:00+01:00,68.40852975180997
2038-01-24 03:00:00+01:00,69.20166695894392
2038-01-24 04:00:00+01:00,67.94874006651492
2038-01-24 05:00:00+01:00,71.46613115902204
2038-01-24 06:00:00+01:00,78.37447118058016
2038-01-24 07:00:00+01:00,83.7655052406646
2038-01-24 08:00:00+01:00,82.78845215941263
2038-01-24 09:00:00+01:00,82.30567298985282
2038-01-24 10:00:00+01:00,78.45493437550678
2038-01-24 11:00:00+01:00,77.12154428815114
2038-01-24 12:00:00+01:00,80.1906404374956
2038-01-24 13:00:00+01:00,80.48950373293738
2038-01-24 14:00:00+01:00,79.71935601006817
2038-01-24 15:00:00+01:00,79.88028239992144
2038-01-24 16:00:00+01:00,81.76542010963115
2038-01-24 17:00:00+01:00,83.97241059904738
2038-01-24 18:00:00+01:00,88.05304405604093
2038-01-24 19:00:00+01:00,86.24836954125786
2038-01-24 20:00:00+01:00,78.23653427499164
2038-01-24 21:00:00+01:00,76.01804904344303
2038-01-24 22:00:00+01:00,76.01804904344303
2038-01-24 23:00:00+01:00,75.5467646160156
2038-01-25 00:00:00+01:00,71.48912064328678
2038-01-25 01:00:00+01:00,71.60406806461056
2038-01-25 02:00:00+01:00,67.97172955077967
2038-01-25 03:00:00+01:00,67.523434607617
2038-01-25 04:00:00+01:00,68.83383521070789
2038-01-25 05:00:00+01:00,76.05253326984015
2038-01-25 06:00:00+01:00,77.75375510543184
2038-01-25 07:00:00+01:00,86.93805406920045
2038-01-25 08:00:00+01:00,89.74277114950024
2038-01-25 09:00:00+01:00,89.65081321244124
2038-01-25 10:00:00+01:00,85.7540956295657
2038-01-25 11:00:00+01:00,83.55859988228183
2038-01-25 12:00:00+01:00,81.40908310352748
2038-01-25 13:00:00+01:00,82.91489432286876
2038-01-25 14:00:00+01:00,85.00693739096123
2038-01-25 15:00:00+01:00,89.96117125001538
2038-01-25 16:00:00+01:00,97.84656435282548
2038-01-25 17:00:00+01:00,107.46766351762439
2038-01-25 18:00:00+01:00,107.49065300188913
2038-01-25 19:00:00+01:00,99.97309164731507
2038-01-25 20:00:00+01:00,88.91514971596915
2038-01-25 21:00:00+01:00,81.12171455021807
2038-01-25 22:00:00+01:00,79.0296714821256
2038-01-25 23:00:00+01:00,76.07552275410491
2038-01-26 00:00:00+01:00,69.23615118534106
2038-01-26 01:00:00+01:00,66.77627636901254
2038-01-26 02:00:00+01:00,68.60394036806036
2038-01-26 03:00:00+01:00,68.99476160056116
2038-01-26 04:00:00+01:00,68.22461387769195
2038-01-26 05:00:00+01:00,69.16718273254679
2038-01-26 06:00:00+01:00,79.67337704153866
2038-01-26 07:00:00+01:00,83.0873154548544
2038-01-26 08:00:00+01:00,86.01847469861033
2038-01-26 09:00:00+01:00,83.51262091375233
2038-01-26 10:00:00+01:00,81.21367248727708
2038-01-26 11:00:00+01:00,78.32849221205065
2038-01-26 12:00:00+01:00,81.0067671288943
2038-01-26 13:00:00+01:00,80.6734196070554
2038-01-26 14:00:00+01:00,79.50095590955303
2038-01-26 15:00:00+01:00,79.54693487808252
2038-01-26 16:00:00+01:00,79.39750323036164
2038-01-26 17:00:00+01:00,81.9723254680139
2038-01-26 18:00:00+01:00,89.0875708479548
2038-01-26 19:00:00+01:00,90.63936103582559
2038-01-26 20:00:00+01:00,85.62765346610955
2038-01-26 21:00:00+01:00,81.83438856242539
2038-01-26 22:00:00+01:00,78.70781870241906
2038-01-26 23:00:00+01:00,71.56958383821343
2038-01-27 00:00:00+01:00,63.684190735403334
2038-01-27 01:00:00+01:00,63.39682218209393
2038-01-27 02:00:00+01:00,63.24739053437305
2038-01-27 03:00:00+01:00,64.01753825724224
2038-01-27 04:00:00+01:00,64.12099093643363
2038-01-27 05:00:00+01:00,61.70709508863463
2038-01-27 06:00:00+01:00,58.77593584487869
2038-01-27 07:00:00+01:00,63.7531591881976
2038-01-27 08:00:00+01:00,71.84545764939045
2038-01-27 09:00:00+01:00,69.39707757519432
2038-01-27 10:00:00+01:00,64.87964391717045
2038-01-27 11:00:00+01:00,60.5116419068675
2038-01-27 12:00:00+01:00,61.10936849775106
2038-01-27 13:00:00+01:00,51.154921811113255
2038-01-27 14:00:00+01:00,55.74132392193136
2038-01-27 15:00:00+01:00,67.24756079643996
2038-01-27 16:00:00+01:00,77.8687025267556
2038-01-27 17:00:00+01:00,84.22529492595966
2038-01-27 18:00:00+01:00,92.50150926127053
2038-01-27 19:00:00+01:00,89.01860239516053
2038-01-27 20:00:00+01:00,83.90344214625313
2038-01-27 21:00:00+01:00,78.8342608658752
2038-01-27 22:00:00+01:00,77.19051274094541
2038-01-27 23:00:00+01:00,73.83404803829154
2038-01-28 00:00:00+01:00,72.91446866770144
2038-01-28 01:00:00+01:00,68.00621377717681
2038-01-28 02:00:00+01:00,64.86814917503808
2038-01-28 03:00:00+01:00,61.247305403339574
2038-01-28 04:00:00+01:00,59.82195737892492
2038-01-28 05:00:00+01:00,58.798925329143444
2038-01-28 06:00:00+01:00,62.879558786137
2038-01-28 07:00:00+01:00,67.7648241923969
2038-01-28 08:00:00+01:00,64.98309659636185
2038-01-28 09:00:00+01:00,62.603684974959975
2038-01-28 10:00:00+01:00,57.626461631641064
2038-01-28 11:00:00+01:00,50.76410057861246
2038-01-28 12:00:00+01:00,45.94780362514682
2038-01-28 13:00:00+01:00,31.004638853057727
2038-01-28 14:00:00+01:00,37.84401042182158
2038-01-28 15:00:00+01:00,49.338752554197804
2038-01-28 16:00:00+01:00,65.04057030702373
2038-01-28 17:00:00+01:00,77.51236552065194
2038-01-28 18:00:00+01:00,80.69640909132015
2038-01-28 19:00:00+01:00,79.0296714821256
2038-01-28 20:00:00+01:00,76.62727037645897
2038-01-28 21:00:00+01:00,73.75358484336492
2038-01-28 22:00:00+01:00,71.78798393872857
2038-01-28 23:00:00+01:00,69.37408809092958
2038-01-29 00:00:00+01:00,64.29341206841927
2038-01-29 01:00:00+01:00,58.22418822252463
2038-01-29 02:00:00+01:00,47.71799391353276
2038-01-29 03:00:00+01:00,51.833111596923445
2038-01-29 04:00:00+01:00,51.810122112658696
2038-01-29 05:00:00+01:00,66.29349719945273
2038-01-29 06:00:00+01:00,79.52394539381778
2038-01-29 07:00:00+01:00,87.2484121067746
2038-01-29 08:00:00+01:00,97.16837456701528
2038-01-29 09:00:00+01:00,87.32887530170123
2038-01-29 10:00:00+01:00,79.61590333087679
2038-01-29 11:00:00+01:00,78.27101850138877
2038-01-29 12:00:00+01:00,77.30546016226916
2038-01-29 13:00:00+01:00,77.04108109322452
2038-01-29 14:00:00+01:00,81.84588330455777
2038-01-29 15:00:00+01:00,86.97253829559757
2038-01-29 16:00:00+01:00,104.67444117945695
2038-01-29 17:00:00+01:00,116.31861495955405
2038-01-29 18:00:00+01:00,118.50261596470556
2038-01-29 19:00:00+01:00,111.55979171675033
2038-01-29 20:00:00+01:00,93.76593089583193
2038-01-29 21:00:00+01:00,83.88045266198836
2038-01-29 22:00:00+01:00,80.38605105374599
2038-01-29 23:00:00+01:00,76.39737553381144
2038-01-30 00:00:00+01:00,69.52351973865046
2038-01-30 01:00:00+01:00,67.523434607617
2038-01-30 02:00:00+01:00,67.55791883401413
2038-01-30 03:00:00+01:00,67.0406554380572
2038-01-30 04:00:00+01:00,67.01766595379245
2038-01-30 05:00:00+01:00,69.16718273254679
2038-01-30 06:00:00+01:00,79.48946116742064
2038-01-30 07:00:00+01:00,90.71982423075221
2038-01-30 08:00:00+01:00,99.23742815084299
2038-01-30 09:00:00+01:00,89.857718570824
2038-01-30 10:00:00+01:00,80.70790383345253
2038-01-30 11:00:00+01:00,79.32853477756738
2038-01-30 12:00:00+01:00,76.44335450234094
2038-01-30 13:00:00+01:00,76.44335450234094
2038-01-30 14:00:00+01:00,78.4894186019039
2038-01-30 15:00:00+01:00,82.21371505279382
2038-01-30 16:00:00+01:00,85.07590584375549
2038-01-30 17:00:00+01:00,89.78875011802974
2038-01-30 18:00:00+01:00,99.00753330819549
2038-01-30 19:00:00+01:00,94.40963645524499
2038-01-30 20:00:00+01:00,87.0530014905242
2038-01-30 21:00:00+01:00,80.07569301617184
2038-01-30 22:00:00+01:00,78.5928712810953
2038-01-30 23:00:00+01:00,76.11000698050204
2038-01-31 00:00:00+01:00,73.74209010123253
2038-01-31 01:00:00+01:00,70.33964643004916
2038-01-31 02:00:00+01:00,68.55796139953085
2038-01-31 03:00:00+01:00,68.91429840563451
2038-01-31 04:00:00+01:00,67.50044512335224
2038-01-31 05:00:00+01:00,74.68465895608738
2038-01-31 06:00:00+01:00,83.25973658684005
2038-01-31 07:00:00+01:00,102.63987182202636
2038-01-31 08:00:00+01:00,114.53692992903575
2038-01-31 09:00:00+01:00,94.39814171311261
2038-01-31 10:00:00+01:00,84.8345162589756
2038-01-31 11:00:00+01:00,79.89177714205381
2038-01-31 12:00:00+01:00,76.68474408712085
2038-01-31 13:00:00+01:00,77.12154428815114
2038-01-31 14:00:00+01:00,78.44343963337441
2038-01-31 15:00:00+01:00,80.54697744359926
2038-01-31 16:00:00+01:00,81.61598846191025
2038-01-31 17:00:00+01:00,85.1678637808145
2038-01-31 18:00:00+01:00,90.12209763986866
2038-01-31 19:00:00+01:00,87.25990684890698
2038-01-31 20:00:00+01:00,81.78840959389589
2038-01-31 21:00:00+01:00,76.54680718153233
2038-01-31 22:00:00+01:00,75.43181719469183
2038-01-31 23:00:00+01:00,68.97177211629639
2038-02-01 00:00:00+01:00,70.07526736100452
2038-02-01 01:00:00+01:00,70.05227787673975
2038-02-01 02:00:00+01:00,70.02928839247501
2038-02-01 03:00:00+01:00,73.53518474284975
2038-02-01 04:00:00+01:00,73.77657432762966
2038-02-01 05:00:00+01:00,73.8110585540268
2038-02-01 06:00:00+01:00,87.50129643368687
2038-02-01 07:00:00+01:00,93.32913069480162
2038-02-01 08:00:00+01:00,93.68546770090528
2038-02-01 09:00:00+01:00,92.88083575163895
2038-02-01 10:00:00+01:00,87.48980169155449
2038-02-01 11:00:00+01:00,86.374811704714
2038-02-01 12:00:00+01:00,84.8345162589756
2038-02-01 13:00:00+01:00,85.37476913919728
2038-02-01 14:00:00+01:00,84.80003203257847
2038-02-01 15:00:00+01:00,88.54731796773311
2038-02-01 16:00:00+01:00,90.78879268354648
2038-02-01 17:00:00+01:00,94.27169954965647
2038-02-01 18:00:00+01:00,103.06517728092429
2038-02-01 19:00:00+01:00,97.31780621473618
2038-02-01 20:00:00+01:00,95.05334201465804
2038-02-01 21:00:00+01:00,86.36331696258164
2038-02-01 22:00:00+01:00,81.14470403448283
2038-02-01 23:00:00+01:00,72.86848969917193
2038-02-02 00:00:00+01:00,72.46617372453878
2038-02-02 01:00:00+01:00,72.43168949814164
2038-02-02 02:00:00+01:00,77.37442861506342
2038-02-02 03:00:00+01:00,79.48946116742064
2038-02-02 04:00:00+01:00,79.58141910447965
2038-02-02 05:00:00+01:00,78.40895540697728
2038-02-02 06:00:00+01:00,85.19085326507926
2038-02-02 07:00:00+01:00,90.68534000435508
2038-02-02 08:00:00+01:00,93.24866749987498
2038-02-02 09:00:00+01:00,89.77725537589737
2038-02-02 10:00:00+01:00,88.07603354030569
2038-02-02 11:00:00+01:00,84.07586327823876
2038-02-02 12:00:00+01:00,83.63906307720846
2038-02-02 13:00:00+01:00,83.60457885081134
2038-02-02 14:00:00+01:00,83.63906307720846
2038-02-02 15:00:00+01:00,83.67354730360559
2038-02-02 16:00:00+01:00,88.77721281038063
2038-02-02 17:00:00+01:00,87.51279117581926
2038-02-02 18:00:00+01:00,90.01864496067726
2038-02-02 19:00:00+01:00,85.43224284985916
2038-02-02 20:00:00+01:00,79.43198745675878
2038-02-02 21:00:00+01:00,76.56979666579709
2038-02-02 22:00:00+01:00,78.40895540697728
2038-02-02 23:00:00+01:00,72.70756330931867
2038-02-03 00:00:00+01:00,68.81084572644312
2038-02-03 01:00:00+01:00,77.16752325668065
2038-02-03 02:00:00+01:00,69.38558283306193
2038-02-03 03:00:00+01:00,69.23615118534106
2038-02-03 04:00:00+01:00,68.776361500046
2038-02-03 05:00:00+01:00,67.19008708577809
2038-02-03 06:00:00+01:00,68.81084572644312
2038-02-03 07:00:00+01:00,68.81084572644312
2038-02-03 08:00:00+01:00,68.37404552541284
2038-02-03 09:00:00+01:00,65.08654927555324
2038-02-03 10:00:00+01:00,65.58082318724541
2038-02-03 11:00:00+01:00,59.76448366826304
2038-02-03 12:00:00+01:00,40.07399039550257
2038-02-03 13:00:00+01:00,26.06189973613595
2038-02-03 14:00:00+01:00,39.93605348991405
2038-02-03 15:00:00+01:00,61.13235798201582
2038-02-03 16:00:00+01:00,79.58141910447965
2038-02-03 17:00:00+01:00,80.1906404374956
2038-02-03 18:00:00+01:00,80.58146166999639
2038-02-03 19:00:00+01:00,80.24811414815747
2038-02-03 20:00:00+01:00,80.05270353190707
2038-02-03 21:00:00+01:00,79.54693487808252
2038-02-03 22:00:00+01:00,79.65038755727392
2038-02-03 23:00:00+01:00,68.85682469497264
2038-02-04 00:00:00+01:00,77.21350222521015
2038-02-04 01:00:00+01:00,69.27063541173818
2038-02-04 02:00:00+01:00,65.50035999231878
2038-02-04 03:00:00+01:00,59.89092583171917
2038-02-04 04:00:00+01:00,54.189533734060575
2038-02-04 05:00:00+01:00,59.925410058116306
2038-02-04 06:00:00+01:00,61.120863239883434
2038-02-04 07:00:00+01:00,66.87972904820393
2038-02-04 08:00:00+01:00,59.95989428451344
2038-02-04 09:00:00+01:00,54.201028476192946
2038-02-04 10:00:00+01:00,11.739451039195174
2038-02-04 11:00:00+01:00,14.47519966670071
2038-02-04 12:00:00+01:00,3.2678260876338925
2038-02-04 13:00:00+01:00,-2.3301133308333277
2038-02-04 14:00:00+01:00,1.693046415498344
2038-02-04 15:00:00+01:00,17.76269591656031
2038-02-04 16:00:00+01:00,51.94805901824721
2038-02-04 17:00:00+01:00,78.58137653896291
2038-02-04 18:00:00+01:00,78.08710262727075
2038-02-04 19:00:00+01:00,77.9146814952851
2038-02-04 20:00:00+01:00,77.61581819984333
2038-02-04 21:00:00+01:00,79.7078612679358
2038-02-04 22:00:00+01:00,79.63889281514153
2038-02-04 23:00:00+01:00,78.55838705469817
2038-02-05 00:00:00+01:00,68.76486675791364
2038-02-05 01:00:00+01:00,65.71876009283392
2038-02-05 02:00:00+01:00,63.43130640849106
2038-02-05 03:00:00+01:00,64.27042258415453
2038-02-05 04:00:00+01:00,64.38537000547828
2038-02-05 05:00:00+01:00,78.07560788513837
2038-02-05 06:00:00+01:00,79.36301900396451
2038-02-05 07:00:00+01:00,81.92634649948441
2038-02-05 08:00:00+01:00,84.8804952275051
2038-02-05 09:00:00+01:00,82.82293638580975
2038-02-05 10:00:00+01:00,71.69602600166957
2038-02-05 11:00:00+01:00,74.81110111954351
2038-02-05 12:00:00+01:00,53.55732291677988
2038-02-05 13:00:00+01:00,49.89050017655187
2038-02-05 14:00:00+01:00,58.867893781937696
2038-02-05 15:00:00+01:00,69.28213015387057
2038-02-05 16:00:00+01:00,78.82276612374282
2038-02-05 17:00:00+01:00,82.78845215941263
2038-02-05 18:00:00+01:00,87.74268601846677
2038-02-05 19:00:00+01:00,85.13337955441737
2038-02-05 20:00:00+01:00,80.60445115426114
2038-02-05 21:00:00+01:00,69.30511963813531
2038-02-05 22:00:00+01:00,69.27063541173818
2038-02-05 23:00:00+01:00,63.39682218209393
2038-02-06 00:00:00+01:00,60.454168196205615
2038-02-06 01:00:00+01:00,60.247262837822845
2038-02-06 02:00:00+01:00,60.14381015863146
2038-02-06 03:00:00+01:00,60.0748417058372
2038-02-06 04:00:00+01:00,59.925410058116306
2038-02-06 05:00:00+01:00,62.62667445922472
2038-02-06 06:00:00+01:00,76.39737553381144
2038-02-06 07:00:00+01:00,81.96083072588154
2038-02-06 08:00:00+01:00,84.34024234728341
2038-02-06 09:00:00+01:00,81.53552526698361
2038-02-06 10:00:00+01:00,71.9144261021847
2038-02-06 11:00:00+01:00,68.19012965129482
2038-02-06 12:00:00+01:00,67.1785923436457
2038-02-06 13:00:00+01:00,65.70726535070156
2038-02-06 14:00:00+01:00,61.10936849775106
2038-02-06 15:00:00+01:00,63.23589579224066
2038-02-06 16:00:00+01:00,78.14457633793262
2038-02-06 17:00:00+01:00,81.6849569147045
2038-02-06 18:00:00+01:00,82.1677360842643
2038-02-06 19:00:00+01:00,80.70790383345253
2038-02-06 20:00:00+01:00,77.2364917094749
2038-02-06 21:00:00+01:00,69.73042509703323
2038-02-06 22:00:00+01:00,70.08676210313689
2038-02-06 23:00:00+01:00,63.7531591881976
2038-02-07 00:00:00+01:00,70.54655178843194
2038-02-07 01:00:00+01:00,70.1327410716664
2038-02-07 02:00:00+01:00,70.02928839247501
2038-02-07 03:00:00+01:00,70.08676210313689
2038-02-07 04:00:00+01:00,69.33960386453244
2038-02-07 05:00:00+01:00,70.99484673159462
2038-02-07 06:00:00+01:00,71.52360486968391
2038-02-07 07:00:00+01:00,82.91489432286876
2038-02-07 08:00:00+01:00,86.90356984280332
2038-02-07 09:00:00+01:00,84.36323183154816
2038-02-07 10:00:00+01:00,80.89181970757055
2038-02-07 11:00:00+01:00,80.40904053801074
2038-02-07 12:00:00+01:00,80.88032496543816
2038-02-07 13:00:00+01:00,82.22520979492619
2038-02-07 14:00:00+01:00,88.0645387981733
2038-02-07 15:00:00+01:00,92.4670250348734
2038-02-07 16:00:00+01:00,95.98441612738053
2038-02-07 17:00:00+01:00,117.38762597786507
2038-02-07 18:00:00+01:00,122.07748076787456
2038-02-07 19:00:00+01:00,105.82391539269457
2038-02-07 20:00:00+01:00,95.24875263090844
2038-02-07 21:00:00+01:00,87.20243313824508
2038-02-07 22:00:00+01:00,85.22533749147638
2038-02-07 23:00:00+01:00,80.93779867610006
2038-02-08 00:00:00+01:00,79.7998192049948
2038-02-08 01:00:00+01:00,75.7881542007955
2038-02-08 02:00:00+01:00,74.50074308196936
2038-02-08 03:00:00+01:00,73.1788477367461
2038-02-08 04:00:00+01:00,73.1788477367461
2038-02-08 05:00:00+01:00,79.38600848822925
2038-02-08 06:00:00+01:00,91.61641411707757
2038-02-08 07:00:00+01:00,111.83566552792735
2038-02-08 08:00:00+01:00,127.6754201863418
2038-02-08 09:00:00+01:00,112.27246572895763
2038-02-08 10:00:00+01:00,97.91553280561973
2038-02-08 11:00:00+01:00,95.61658437914448
2038-02-08 12:00:00+01:00,91.98424586531361
2038-02-08 13:00:00+01:00,90.40946619317806
2038-02-08 14:00:00+01:00,92.01873009171074
2038-02-08 15:00:00+01:00,95.04184727252569
2038-02-08 16:00:00+01:00,98.98454382393072
2038-02-08 17:00:00+01:00,102.29502955805508
2038-02-08 18:00:00+01:00,98.61671207569469
2038-02-08 19:00:00+01:00,89.20251826927856
2038-02-08 20:00:00+01:00,83.0873154548544
2038-02-08 21:00:00+01:00,81.08723032382095
2038-02-08 22:00:00+01:00,80.98377764462955
2038-02-08 23:00:00+01:00,72.45467898240639
2038-02-09 00:00:00+01:00,71.66154177527244
2038-02-09 01:00:00+01:00,71.55808909608105
2038-02-09 02:00:00+01:00,69.22465644320867
2038-02-09 03:00:00+01:00,69.09821427975253
2038-02-09 04:00:00+01:00,71.09829941078601
2038-02-09 05:00:00+01:00,71.97189981284659
2038-02-09 06:00:00+01:00,77.17901799881302
2038-02-09 07:00:00+01:00,84.09885276250353
2038-02-09 08:00:00+01:00,84.08735802037114
2038-02-09 09:00:00+01:00,78.97219777146371
2038-02-09 10:00:00+01:00,78.97219777146371
2038-02-09 11:00:00+01:00,81.78840959389589
2038-02-09 12:00:00+01:00,80.93779867610006
2038-02-09 13:00:00+01:00,81.16769351874757
2038-02-09 14:00:00+01:00,81.0067671288943
2038-02-09 15:00:00+01:00,81.55851475124837
2038-02-09 16:00:00+01:00,85.42074810772678
2038-02-09 17:00:00+01:00,91.12214020538539
2038-02-09 18:00:00+01:00,91.3060560795034
2038-02-09 19:00:00+01:00,87.5817596286135
2038-02-09 20:00:00+01:00,81.76542010963115
2038-02-09 21:00:00+01:00,78.28251324352115
2038-02-09 22:00:00+01:00,77.17901799881302
2038-02-09 23:00:00+01:00,71.40865744836016
2038-02-10 00:00:00+01:00,66.69581317408591
2038-02-10 01:00:00+01:00,64.48882268466967
2038-02-10 02:00:00+01:00,62.89105352826938
2038-02-10 03:00:00+01:00,62.822085075475115
2038-02-10 04:00:00+01:00,60.94844210789779
2038-02-10 05:00:00+01:00,62.8335798176075
2038-02-10 06:00:00+01:00,63.15543259731402
2038-02-10 07:00:00+01:00,69.87985674475412
2038-02-10 08:00:00+01:00,74.31682720785135
2038-02-10 09:00:00+01:00,74.3857956606456
2038-02-10 10:00:00+01:00,70.06377261887214
2038-02-10 11:00:00+01:00,68.0521927457063
2038-02-10 12:00:00+01:00,67.00617121166006
2038-02-10 13:00:00+01:00,66.66132894768879
2038-02-10 14:00:00+01:00,67.523434607617
2038-02-10 15:00:00+01:00,72.79952124637768
2038-02-10 16:00:00+01:00,81.04125135529144
2038-02-10 17:00:00+01:00,85.54719027118291
2038-02-10 18:00:00+01:00,87.12196994331846
2038-02-10 19:00:00+01:00,80.56996692786402
2038-02-10 20:00:00+01:00,74.47775359770462
2038-02-10 21:00:00+01:00,68.84532995284026
2038-02-10 22:00:00+01:00,69.6039829335771
2038-02-10 23:00:00+01:00,65.37391782886264
2038-02-11 00:00:00+01:00,57.741409052964826
2038-02-11 01:00:00+01:00,58.01728286414186
2038-02-11 02:00:00+01:00,55.0976183625183
2038-02-11 03:00:00+01:00,54.68380764575275
2038-02-11 04:00:00+01:00,49.37323678059494
2038-02-11 05:00:00+01:00,47.338667423164345
2038-02-11 06:00:00+01:00,55.99420824884365
2038-02-11 07:00:00+01:00,56.77585071384523
2038-02-11 08:00:00+01:00,60.71854726525027
2038-02-11 09:00:00+01:00,61.017410560692056
2038-02-11 10:00:00+01:00,62.17837951606205
2038-02-11 11:00:00+01:00,63.24739053437305
2038-02-11 12:00:00+01:00,62.22435848459156
2038-02-11 13:00:00+01:00,60.2702523220876
2038-02-11 14:00:00+01:00,59.798967894660166
2038-02-11 15:00:00+01:00,63.37383269782919
2038-02-11 16:00:00+01:00,68.15564542489768
2038-02-11 17:00:00+01:00,78.61586076536005
2038-02-11 18:00:00+01:00,81.83438856242539
2038-02-11 19:00:00+01:00,80.04120878977471
2038-02-11 20:00:00+01:00,77.21350222521015
2038-02-11 21:00:00+01:00,70.10975158740165
2038-02-11 22:00:00+01:00,67.78781367666164
2038-02-11 23:00:00+01:00,61.79905302569364
2038-02-12 00:00:00+01:00,63.84511712525661
2038-02-12 01:00:00+01:00,62.12090580540017
2038-02-12 02:00:00+01:00,60.53463139113225
2038-02-12 03:00:00+01:00,58.867893781937696
2038-02-12 04:00:00+01:00,61.08637901348631
2038-02-12 05:00:00+01:00,64.33939103694877
2038-02-12 06:00:00+01:00,78.3974606648449
2038-02-12 07:00:00+01:00,90.45544516170756
2038-02-12 08:00:00+01:00,96.94997446650012
2038-02-12 09:00:00+01:00,90.96121381553212
2038-02-12 10:00:00+01:00,83.98390534117975
2038-02-12 11:00:00+01:00,79.65038755727392
2038-02-12 12:00:00+01:00,74.06394288093907
2038-02-12 13:00:00+01:00,73.29379515806986
2038-02-12 14:00:00+01:00,73.45472154792313
2038-02-12 15:00:00+01:00,78.75379767094857
2038-02-12 16:00:00+01:00,80.77687228624679
2038-02-12 17:00:00+01:00,88.48984425707123
2038-02-12 18:00:00+01:00,101.57086080371536
2038-02-12 19:00:00+01:00,95.86946870605676
2038-02-12 20:00:00+01:00,85.70811666103619
2038-02-12 21:00:00+01:00,79.28255580903787
2038-02-12 22:00:00+01:00,76.67324934498846
2038-02-12 23:00:00+01:00,66.52339204210026
2038-02-13 00:00:00+01:00,67.38549770202849
2038-02-13 01:00:00+01:00,65.7302548349663
2038-02-13 02:00:00+01:00,66.0636023568052
2038-02-13 03:00:00+01:00,67.47745563908748
2038-02-13 04:00:00+01:00,67.51193986548462
2038-02-13 05:00:00+01:00,67.54642409188175
2038-02-13 06:00:00+01:00,78.3974606648449
2038-02-13 07:00:00+01:00,87.51279117581926
2038-02-13 08:00:00+01:00,91.36352979016529
2038-02-13 09:00:00+01:00,85.68512717677143
2038-02-13 10:00:00+01:00,78.21354479072689
2038-02-13 11:00:00+01:00,75.97207007491352
2038-02-13 12:00:00+01:00,73.06390031542233
2038-02-13 13:00:00+01:00,71.81097342299331
2038-02-13 14:00:00+01:00,70.3741306564463
2038-02-13 15:00:00+01:00,76.01804904344303
2038-02-13 16:00:00+01:00,84.04137905184163
2038-02-13 17:00:00+01:00,93.97283625421468
2038-02-13 18:00:00+01:00,99.05351227672497
2038-02-13 19:00:00+01:00,95.38668953649696
2038-02-13 20:00:00+01:00,82.39763092691183
2038-02-13 21:00:00+01:00,78.45493437550678
2038-02-13 22:00:00+01:00,75.63872255307462
2038-02-13 23:00:00+01:00,68.30507707261857
2038-02-14 00:00:00+01:00,61.07488427135393
2038-02-14 01:00:00+01:00,59.844946863189676
2038-02-14 02:00:00+01:00,59.925410058116306
2038-02-14 03:00:00+01:00,58.25867244892176
2038-02-14 04:00:00+01:00,59.798967894660166
2038-02-14 05:00:00+01:00,62.109411063267785
2038-02-14 06:00:00+01:00,73.06390031542233
2038-02-14 07:00:00+01:00,78.52390282830103
2038-02-14 08:00:00+01:00,83.42066297669332
2038-02-14 09:00:00+01:00,76.19047017542866
2038-02-14 10:00:00+01:00,72.55813166159778
2038-02-14 11:00:00+01:00,66.8912237903363
2038-02-14 12:00:00+01:00,61.304779114001455
2038-02-14 13:00:00+01:00,61.14385272414819
2038-02-14 14:00:00+01:00,66.24751823092323
2038-02-14 15:00:00+01:00,70.42010962497581
2038-02-14 16:00:00+01:00,75.07548018858817
2038-02-14 17:00:00+01:00,80.77687228624679
2038-02-14 18:00:00+01:00,85.21384274934401
2038-02-14 19:00:00+01:00,83.83447369345886
2038-02-14 20:00:00+01:00,76.46634398660571
2038-02-14 21:00:00+01:00,72.70756330931867
2038-02-14 22:00:00+01:00,68.83383521070789
2038-02-14 23:00:00+01:00,60.867978912971154
2038-02-15 00:00:00+01:00,62.097916321135415
2038-02-15 01:00:00+01:00,63.38532743996155
2038-02-15 02:00:00+01:00,62.64966394348947
2038-02-15 03:00:00+01:00,62.603684974959975
2038-02-15 04:00:00+01:00,62.27033745312106
2038-02-15 05:00:00+01:00,62.8335798176075
2038-02-15 06:00:00+01:00,73.25931093167273
2038-02-15 07:00:00+01:00,83.48963142948757
2038-02-15 08:00:00+01:00,83.66205256147322
2038-02-15 09:00:00+01:00,75.94908059064878
2038-02-15 10:00:00+01:00,70.43160436710819
2038-02-15 11:00:00+01:00,68.0521927457063
2038-02-15 12:00:00+01:00,65.22448618114176
2038-02-15 13:00:00+01:00,64.0865067100365
2038-02-15 14:00:00+01:00,66.44292884717363
2038-02-15 15:00:00+01:00,70.33964643004916
2038-02-15 16:00:00+01:00,79.9492508527157
2038-02-15 17:00:00+01:00,85.53569552905054
2038-02-15 18:00:00+01:00,88.7427285839835
2038-02-15 19:00:00+01:00,82.28268350558807
2038-02-15 20:00:00+01:00,72.02937352350848
2038-02-15 21:00:00+01:00,69.16718273254679
2038-02-15 22:00:00+01:00,65.04057030702373
2038-02-15 23:00:00+01:00,62.477242811503835
2038-02-16 00:00:00+01:00,58.270167191054135
2038-02-16 01:00:00+01:00,58.72995687634918
2038-02-16 02:00:00+01:00,58.51155677583404
2038-02-16 03:00:00+01:00,59.00583068752621
2038-02-16 04:00:00+01:00,59.41964140429175
2038-02-16 05:00:00+01:00,59.04031491392334
2038-02-16 06:00:00+01:00,66.82225533754205
2038-02-16 07:00:00+01:00,70.47758333563769
2038-02-16 08:00:00+01:00,72.27076310828838
2038-02-16 09:00:00+01:00,67.59240306041126
2038-02-16 10:00:00+01:00,60.994421076427294
2038-02-16 11:00:00+01:00,61.235810661207196
2038-02-16 12:00:00+01:00,60.7990104601769
2038-02-16 13:00:00+01:00,60.74153674951502
2038-02-16 14:00:00+01:00,60.41968396980849
2038-02-16 15:00:00+01:00,61.82204250995838
2038-02-16 16:00:00+01:00,67.71884522386739
2038-02-16 17:00:00+01:00,71.35118373769828
2038-02-16 18:00:00+01:00,73.420237321526
2038-02-16 19:00:00+01:00,72.02937352350848
2038-02-16 20:00:00+01:00,68.8223404685755
2038-02-16 21:00:00+01:00,63.028990433857885
2038-02-16 22:00:00+01:00,62.31631642165057
2038-02-16 23:00:00+01:00,58.02877760627423
2038-02-17 00:00:00+01:00,60.53463139113225
2038-02-17 01:00:00+01:00,59.75298892613067
2038-02-17 02:00:00+01:00,57.626461631641064
2038-02-17 03:00:00+01:00,57.64945111590582
2038-02-17 04:00:00+01:00,57.097703493551755
2038-02-17 05:00:00+01:00,56.14363989656453
2038-02-17 06:00:00+01:00,59.8334521210573
2038-02-17 07:00:00+01:00,66.81076059540968
2038-02-17 08:00:00+01:00,68.98326685842878
2038-02-17 09:00:00+01:00,67.59240306041126
2038-02-17 10:00:00+01:00,62.45425332723907
2038-02-17 11:00:00+01:00,60.01736799517532
2038-02-17 12:00:00+01:00,60.00587325304294
2038-02-17 13:00:00+01:00,56.281576802153054
2038-02-17 14:00:00+01:00,58.132230285465624
2038-02-17 15:00:00+01:00,66.38545513651174
2038-02-17 16:00:00+01:00,73.9489954596153
2038-02-17 17:00:00+01:00,80.51249321720213
2038-02-17 18:00:00+01:00,84.01838956757688
2038-02-17 19:00:00+01:00,87.70820179206966
2038-02-17 20:00:00+01:00,77.93767097954986
2038-02-17 21:00:00+01:00,73.00642660476045
2038-02-17 22:00:00+01:00,71.22474157424215
2038-02-17 23:00:00+01:00,67.51193986548462
2038-02-18 00:00:00+01:00,58.83340955554057
2038-02-18 01:00:00+01:00,57.178166688478385
2038-02-18 02:00:00+01:00,55.534418563548584
2038-02-18 03:00:00+01:00,49.60313162324246
2038-02-18 04:00:00+01:00,49.580142138977706
2038-02-18 05:00:00+01:00,51.1319323268485
2038-02-18 06:00:00+01:00,49.2467946171388
2038-02-18 07:00:00+01:00,49.91348966081661
2038-02-18 08:00:00+01:00,49.649110591771965
2038-02-18 09:00:00+01:00,49.4881842019187
2038-02-18 10:00:00+01:00,45.21214012867475
2038-02-18 11:00:00+01:00,41.18898038234306
2038-02-18 12:00:00+01:00,38.57967391829366
2038-02-18 13:00:00+01:00,34.16569293946119
2038-02-18 14:00:00+01:00,43.844265814921975
2038-02-18 15:00:00+01:00,53.09753323148483
2038-02-18 16:00:00+01:00,56.84481916663948
2038-02-18 17:00:00+01:00,69.19017221681153
2038-02-18 18:00:00+01:00,70.59253075696145
2038-02-18 19:00:00+01:00,69.19017221681153
2038-02-18 20:00:00+01:00,63.799138156727096
2038-02-18 21:00:00+01:00,57.32759833619929
2038-02-18 22:00:00+01:00,57.00574555649275
2038-02-18 23:00:00+01:00,54.660818161487995
2038-02-19 00:00:00+01:00,52.338880250748
2038-02-19 01:00:00+01:00,51.47677459081978
2038-02-19 02:00:00+01:00,51.47677459081978
2038-02-19 03:00:00+01:00,52.028522213173844
2038-02-19 04:00:00+01:00,52.56877509339552
2038-02-19 05:00:00+01:00,53.32742807413236
2038-02-19 06:00:00+01:00,64.4773279425373
2038-02-19 07:00:00+01:00,70.75345714681472
2038-02-19 08:00:00+01:00,73.09838454181946
2038-02-19 09:00:00+01:00,69.78789880769511
2038-02-19 10:00:00+01:00,66.61534997915928
2038-02-19 11:00:00+01:00,65.17850721261225
2038-02-19 12:00:00+01:00,62.78760084907799
2038-02-19 13:00:00+01:00,61.959979415546904
2038-02-19 14:00:00+01:00,62.22435848459156
2038-02-19 15:00:00+01:00,64.62675959025817
2038-02-19 16:00:00+01:00,68.23610861982432
2038-02-19 17:00:00+01:00,72.259268366156
2038-02-19 18:00:00+01:00,82.78845215941263
2038-02-19 19:00:00+01:00,76.56979666579709
2038-02-19 20:00:00+01:00,69.13269850614967
2038-02-19 21:00:00+01:00,66.92570801673342
2038-02-19 22:00:00+01:00,66.0636023568052
2038-02-19 23:00:00+01:00,62.4427585851067
2038-02-20 00:00:00+01:00,54.95968145692978
2038-02-20 01:00:00+01:00,53.810207243692155
2038-02-20 02:00:00+01:00,53.7412387908979
2038-02-20 03:00:00+01:00,52.9136173573668
2038-02-20 04:00:00+01:00,52.72970148324879
2038-02-20 05:00:00+01:00,59.04031491392334
2038-02-20 06:00:00+01:00,70.60402549909382
2038-02-20 07:00:00+01:00,83.84596843559123
2038-02-20 08:00:00+01:00,86.07594840927223
2038-02-20 09:00:00+01:00,73.53518474284975
2038-02-20 10:00:00+01:00,69.55800396504759
2038-02-20 11:00:00+01:00,66.00612864614332
2038-02-20 12:00:00+01:00,61.14385272414819
2038-02-20 13:00:00+01:00,56.67239803465384
2038-02-20 14:00:00+01:00,56.44250319200631
2038-02-20 15:00:00+01:00,65.50035999231878
2038-02-20 16:00:00+01:00,67.3740029598961
2038-02-20 17:00:00+01:00,70.38562539857867
2038-02-20 18:00:00+01:00,78.71931344455143
2038-02-20 19:00:00+01:00,76.11000698050204
2038-02-20 20:00:00+01:00,71.47762590115443
2038-02-20 21:00:00+01:00,65.7762338034958
2038-02-20 22:00:00+01:00,63.40831692422631
2038-02-20 23:00:00+01:00,56.3965242234768
2038-02-21 00:00:00+01:00,51.71816417559968
2038-02-21 01:00:00+01:00,51.92506953398245
2038-02-21 02:00:00+01:00,51.93656427611484
2038-02-21 03:00:00+01:00,52.07450118170335
2038-02-21 04:00:00+01:00,51.8561010811882
2038-02-21 05:00:00+01:00,51.93656427611484
2038-02-21 06:00:00+01:00,64.39686474761066
2038-02-21 07:00:00+01:00,70.14423581379879
2038-02-21 08:00:00+01:00,74.581206276896
2038-02-21 09:00:00+01:00,67.431476670558
2038-02-21 10:00:00+01:00,64.44284371614016
2038-02-21 11:00:00+01:00,62.109411063267785
2038-02-21 12:00:00+01:00,58.29315667531889
2038-02-21 13:00:00+01:00,58.54604100223116
2038-02-21 14:00:00+01:00,61.017410560692056
2038-02-21 15:00:00+01:00,63.99454877297749
2038-02-21 16:00:00+01:00,65.46587576592165
2038-02-21 17:00:00+01:00,66.02911813040808
2038-02-21 18:00:00+01:00,66.2590129730556
2038-02-21 19:00:00+01:00,65.43139153952453
2038-02-21 20:00:00+01:00,64.59227536386105
2038-02-21 21:00:00+01:00,56.81033494024235
2038-02-21 22:00:00+01:00,54.72978661428226
2038-02-21 23:00:00+01:00,51.499764075084535
2038-02-22 00:00:00+01:00,54.005617859942554
2038-02-22 01:00:00+01:00,53.40789126905899
2038-02-22 02:00:00+01:00,53.545828174647504
2038-02-22 03:00:00+01:00,53.32742807413236
2038-02-22 04:00:00+01:00,53.32742807413236
2038-02-22 05:00:00+01:00,53.12052271574959
2038-02-22 06:00:00+01:00,62.753116622680864
2038-02-22 07:00:00+01:00,70.97185724732987
2038-02-22 08:00:00+01:00,72.85699495703957
2038-02-22 09:00:00+01:00,67.63838202894075
2038-02-22 10:00:00+01:00,65.10953875981798
2038-02-22 11:00:00+01:00,61.9140004470174
2038-02-22 12:00:00+01:00,57.7069248265677
2038-02-22 13:00:00+01:00,62.13240054753254
2038-02-22 14:00:00+01:00,60.649578812456014
2038-02-22 15:00:00+01:00,60.41968396980849
2038-02-22 16:00:00+01:00,62.84507455973987
2038-02-22 17:00:00+01:00,62.91404301253413
2038-02-22 18:00:00+01:00,65.28195989180364
2038-02-22 19:00:00+01:00,62.78760084907799
2038-02-22 20:00:00+01:00,60.01736799517532
2038-02-22 21:00:00+01:00,54.925197230532646
2038-02-22 22:00:00+01:00,54.9022077462679
2038-02-22 23:00:00+01:00,51.90208004971771
2038-02-23 00:00:00+01:00,53.62629136957414
2038-02-23 01:00:00+01:00,53.787217759427406
2038-02-23 02:00:00+01:00,54.49989177163473
2038-02-23 03:00:00+01:00,52.66073303045454
2038-02-23 04:00:00+01:00,52.56877509339552
2038-02-23 05:00:00+01:00,54.660818161487995
2038-02-23 06:00:00+01:00,55.28153423663632
2038-02-23 07:00:00+01:00,64.62675959025817
2038-02-23 08:00:00+01:00,66.22452874665848
2038-02-23 09:00:00+01:00,57.063219267154636
2038-02-23 10:00:00+01:00,53.85618621222166
2038-02-23 11:00:00+01:00,54.25850218685483
2038-02-23 12:00:00+01:00,52.83315416244018
2038-02-23 13:00:00+01:00,52.74119622538117
2038-02-23 14:00:00+01:00,52.78717519391067
2038-02-23 15:00:00+01:00,53.85618621222166
2038-02-23 16:00:00+01:00,56.511471644800565
2038-02-23 17:00:00+01:00,70.21320426659302
2038-02-23 18:00:00+01:00,77.65030242624046
2038-02-23 19:00:00+01:00,77.29396542013679
2038-02-23 20:00:00+01:00,70.06377261887214
2038-02-23 21:00:00+01:00,67.40848718629323
2038-02-23 22:00:00+01:00,64.48882268466967
2038-02-23 23:00:00+01:00,61.59214766731086
2038-02-24 00:00:00+01:00,62.29332693738581
2038-02-24 01:00:00+01:00,57.59197740524393
2038-02-24 02:00:00+01:00,54.54587074016423
2038-02-24 03:00:00+01:00,53.71824930663315
2038-02-24 04:00:00+01:00,54.005617859942554
2038-02-24 05:00:00+01:00,55.47694485288671
2038-02-24 06:00:00+01:00,62.21286374245918
2038-02-24 07:00:00+01:00,68.17863490916244
2038-02-24 08:00:00+01:00,67.69585573960264
2038-02-24 09:00:00+01:00,56.79884019810997
2038-02-24 10:00:00+01:00,51.89058530758533
2038-02-24 11:00:00+01:00,48.45365741000484
2038-02-24 12:00:00+01:00,42.878707475802365
2038-02-24 13:00:00+01:00,32.42998687747238
2038-02-24 14:00:00+01:00,48.901952353167516
2038-02-24 15:00:00+01:00,50.90203748420097
2038-02-24 16:00:00+01:00,57.53450369458206
2038-02-24 17:00:00+01:00,71.98339455497897
2038-02-24 18:00:00+01:00,81.78840959389589
2038-02-24 19:00:00+01:00,78.42045014910966
2038-02-24 20:00:00+01:00,70.94886776306511
2038-02-24 21:00:00+01:00,62.12090580540017
2038-02-24 22:00:00+01:00,62.109411063267785
2038-02-24 23:00:00+01:00,56.5919348397272
2038-02-25 00:00:00+01:00,57.66094585803819
2038-02-25 01:00:00+01:00,56.20111360722642
2038-02-25 02:00:00+01:00,53.55732291677988
2038-02-25 03:00:00+01:00,52.94810158376394
2038-02-25 04:00:00+01:00,52.52279612486602
2038-02-25 05:00:00+01:00,53.143512200014335
2038-02-25 06:00:00+01:00,53.94814414928068
2038-02-25 07:00:00+01:00,55.13210258891543
2038-02-25 08:00:00+01:00,55.71833443766661
2038-02-25 09:00:00+01:00,53.1090279736172
2038-02-25 10:00:00+01:00,51.75264840199681
2038-02-25 11:00:00+01:00,43.648855198671576
2038-02-25 12:00:00+01:00,38.200347427925244
2038-02-25 13:00:00+01:00,32.98173449982644
2038-02-25 14:00:00+01:00,38.073905264469104
2038-02-25 15:00:00+01:00,49.66060533390434
2038-02-25 16:00:00+01:00,63.43130640849106
2038-02-25 17:00:00+01:00,71.53509961181629
2038-02-25 18:00:00+01:00,73.46621629005551
2038-02-25 19:00:00+01:00,75.5007856474861
2038-02-25 20:00:00+01:00,69.73042509703323
2038-02-25 21:00:00+01:00,64.78768598011145
2038-02-25 22:00:00+01:00,63.37383269782919
2038-02-25 23:00:00+01:00,59.62654676267453
2038-02-26 00:00:00+01:00,57.10919823568413
2038-02-26 01:00:00+01:00,55.47694485288671
2038-02-26 02:00:00+01:00,54.189533734060575
2038-02-26 03:00:00+01:00,53.40789126905899
2038-02-26 04:00:00+01:00,54.350460123913834
2038-02-26 05:00:00+01:00,57.30460885193453
2038-02-26 06:00:00+01:00,70.29366746151966
2038-02-26 07:00:00+01:00,80.85733548117341
2038-02-26 08:00:00+01:00,83.63906307720846
2038-02-26 09:00:00+01:00,75.15594338351481
2038-02-26 10:00:00+01:00,68.93728788989927
2038-02-26 11:00:00+01:00,64.60377010599343
2038-02-26 12:00:00+01:00,64.24743309988976
2038-02-26 13:00:00+01:00,63.77614867246234
2038-02-26 14:00:00+01:00,63.810632898859474
2038-02-26 15:00:00+01:00,64.97160185422948
2038-02-26 16:00:00+01:00,68.71888778938411
2038-02-26 17:00:00+01:00,78.23653427499164
2038-02-26 18:00:00+01:00,85.50121130265342
2038-02-26 19:00:00+01:00,80.05270353190707
2038-02-26 20:00:00+01:00,72.259268366156
2038-02-26 21:00:00+01:00,67.15560285938095
2038-02-26 22:00:00+01:00,66.08659184106997
2038-02-26 23:00:00+01:00,63.074969402387396
2038-02-27 00:00:00+01:00,61.08637901348631
2038-02-27 01:00:00+01:00,56.33905051281493
2038-02-27 02:00:00+01:00,55.890755569652256
2038-02-27 03:00:00+01:00,54.87921826200314
2038-02-27 04:00:00+01:00,56.45399793413869
2038-02-27 05:00:00+01:00,63.62671702474146
2038-02-27 06:00:00+01:00,73.04091083115759
2038-02-27 07:00:00+01:00,88.08752828243807
2038-02-27 08:00:00+01:00,94.34066800245074
2038-02-27 09:00:00+01:00,78.56988179683056
2038-02-27 10:00:00+01:00,73.20183722101085
2038-02-27 11:00:00+01:00,70.83392034174135
2038-02-27 12:00:00+01:00,67.21307657004283
2038-02-27 13:00:00+01:00,66.76478162688015
2038-02-27 14:00:00+01:00,67.523434607617
2038-02-27 15:00:00+01:00,70.3281516879168
2038-02-27 16:00:00+01:00,82.65051525382411
2038-02-27 17:00:00+01:00,100.70875514378716
2038-02-27 18:00:00+01:00,117.34164700933555
2038-02-27 19:00:00+01:00,110.847117704543
2038-02-27 20:00:00+01:00,88.99561291089579
2038-02-27 21:00:00+01:00,75.71918574800124
2038-02-27 22:00:00+01:00,72.55813166159778
2038-02-27 23:00:00+01:00,67.54642409188175
2038-02-28 00:00:00+01:00,67.10962389085145
2038-02-28 01:00:00+01:00,65.32793886033313
2038-02-28 02:00:00+01:00,63.99454877297749
2038-02-28 03:00:00+01:00,62.21286374245918
2038-02-28 04:00:00+01:00,62.14389528966492
2038-02-28 05:00:00+01:00,66.23602348879086
2038-02-28 06:00:00+01:00,74.40878514491035
2038-02-28 07:00:00+01:00,101.61683977224487
2038-02-28 08:00:00+01:00,105.49056787085567
2038-02-28 09:00:00+01:00,84.51266347926907
2038-02-28 10:00:00+01:00,74.31682720785135
2038-02-28 11:00:00+01:00,68.93728788989927
2038-02-28 12:00:00+01:00,66.41993936290888
2038-02-28 13:00:00+01:00,66.90271853246868
2038-02-28 14:00:00+01:00,67.5694135761465
2038-02-28 15:00:00+01:00,69.73042509703323
2038-02-28 16:00:00+01:00,73.55817422711452
2038-02-28 17:00:00+01:00,83.21375761831054
2038-02-28 18:00:00+01:00,94.8924156248048
2038-02-28 19:00:00+01:00,83.0873154548544
2038-02-28 20:00:00+01:00,73.16735299461372
2038-02-28 21:00:00+01:00,66.33947616798224
2038-02-28 22:00:00+01:00,65.02907556489136
2038-02-28 23:00:00+01:00,62.12090580540017
2038-03-01 00:00:00+01:00,62.61517971709234
2038-03-01 01:00:00+01:00,62.12090580540017
2038-03-01 02:00:00+01:00,62.097916321135415
2038-03-01 03:00:00+01:00,62.33930590591532
2038-03-01 04:00:00+01:00,62.20136900032681
2038-03-01 05:00:00+01:00,62.20136900032681
2038-03-01 06:00:00+01:00,73.59265845351165
2038-03-01 07:00:00+01:00,81.67346217257213
2038-03-01 08:00:00+01:00,81.85737804669016
2038-03-01 09:00:00+01:00,77.32844964653393
2038-03-01 10:00:00+01:00,71.31669951130115
2038-03-01 11:00:00+01:00,70.17872004019591
2038-03-01 12:00:00+01:00,69.04074056909066
2038-03-01 13:00:00+01:00,68.97177211629639
2038-03-01 14:00:00+01:00,68.9257931477669
2038-03-01 15:00:00+01:00,70.3281516879168
2038-03-01 16:00:00+01:00,78.3514816963154
2038-03-01 17:00:00+01:00,90.21405557692766
2038-03-01 18:00:00+01:00,97.38677466753042
2038-03-01 19:00:00+01:00,87.35186478596599
2038-03-01 20:00:00+01:00,76.55830192366471
2038-03-01 21:00:00+01:00,69.09821427975253
2038-03-01 22:00:00+01:00,68.75337201578125
2038-03-01 23:00:00+01:00,63.08646414451978
2038-03-02 00:00:00+01:00,64.30490681055164
2038-03-02 01:00:00+01:00,62.89105352826938
2038-03-02 02:00:00+01:00,62.362295390180066
2038-03-02 03:00:00+01:00,60.890968397235916
2038-03-02 04:00:00+01:00,60.98292633429492
2038-03-02 05:00:00+01:00,60.94844210789779
2038-03-02 06:00:00+01:00,61.64962137797274
2038-03-02 07:00:00+01:00,62.24734796885631
2038-03-02 08:00:00+01:00,63.63821176687382
2038-03-02 09:00:00+01:00,61.17833695054532
2038-03-02 10:00:00+01:00,60.71854726525027
2038-03-02 11:00:00+01:00,57.87934595855334
2038-03-02 12:00:00+01:00,51.695174691334934
2038-03-02 13:00:00+01:00,49.43071049125682
2038-03-02 14:00:00+01:00,55.316018463033444
2038-03-02 15:00:00+01:00,63.017495691725514
2038-03-02 16:00:00+01:00,70.91438353666797
2038-03-02 17:00:00+01:00,80.29409311668698
2038-03-02 18:00:00+01:00,83.36318926603144
2038-03-02 19:00:00+01:00,81.62748320404262
2038-03-02 20:00:00+01:00,73.6616269063059
2038-03-02 21:00:00+01:00,70.21320426659302
2038-03-02 22:00:00+01:00,67.74183470813215
2038-03-02 23:00:00+01:00,62.8335798176075
2038-03-03 00:00:00+01:00,65.02907556489136
2038-03-03 01:00:00+01:00,63.97155928871274
2038-03-03 02:00:00+01:00,57.626461631641064
2038-03-03 03:00:00+01:00,57.097703493551755
2038-03-03 04:00:00+01:00,55.0976183625183
2038-03-03 05:00:00+01:00,56.431008449873936
2038-03-03 06:00:00+01:00,57.936819669215225
2038-03-03 07:00:00+01:00,58.4310935809074
2038-03-03 08:00:00+01:00,58.948356976864325
2038-03-03 09:00:00+01:00,60.971431592162546
2038-03-03 10:00:00+01:00,56.15513463869691
2038-03-03 11:00:00+01:00,53.52283869038275
2038-03-03 12:00:00+01:00,49.522668428315825
2038-03-03 13:00:00+01:00,45.0397189966891
2038-03-03 14:00:00+01:00,48.92494183743226
2038-03-03 15:00:00+01:00,54.396439092443345
2038-03-03 16:00:00+01:00,65.08654927555324
2038-03-03 17:00:00+01:00,76.85716521910648
2038-03-03 18:00:00+01:00,88.6507706469245
2038-03-03 19:00:00+01:00,89.38643414339657
2038-03-03 20:00:00+01:00,83.34019978176667
2038-03-03 21:00:00+01:00,78.38596592271251
2038-03-03 22:00:00+01:00,78.0066394323441
2038-03-03 23:00:00+01:00,74.88006957233777
2038-03-04 00:00:00+01:00,65.61530741364254
2038-03-04 01:00:00+01:00,63.87960135165373
2038-03-04 02:00:00+01:00,63.465790634888194
2038-03-04 03:00:00+01:00,63.77614867246234
2038-03-04 04:00:00+01:00,64.83366494864096
2038-03-04 05:00:00+01:00,68.68440356298699
2038-03-04 06:00:00+01:00,81.93784124161678
2038-03-04 07:00:00+01:00,100.44437607474251
2038-03-04 08:00:00+01:00,109.44475916439309
2038-03-04 09:00:00+01:00,91.83481421759271
2038-03-04 10:00:00+01:00,79.24807158264073
2038-03-04 11:00:00+01:00,77.68478665263757
2038-03-04 12:00:00+01:00,73.44322680579074
2038-03-04 13:00:00+01:00,73.38575309512886
2038-03-04 14:00:00+01:00,73.65013216417353
2038-03-04 15:00:00+01:00,74.24785875505708
2038-03-04 16:00:00+01:00,84.12184224676827
2038-03-04 17:00:00+01:00,98.62820681782708
2038-03-04 18:00:00+01:00,107.74353732880141
2038-03-04 19:00:00+01:00,104.5594937581332
2038-03-04 20:00:00+01:00,84.81152677471084
2038-03-04 21:00:00+01:00,79.36301900396451
2038-03-04 22:00:00+01:00,78.14457633793262
2038-03-04 23:00:00+01:00,72.5006579509359
2038-03-05 00:00:00+01:00,64.79918072224383
2038-03-05 01:00:00+01:00,68.8223404685755
2038-03-05 02:00:00+01:00,68.87981417923739
2038-03-05 03:00:00+01:00,68.86831943710501
2038-03-05 04:00:00+01:00,69.1212037640173
2038-03-05 05:00:00+01:00,69.16718273254679
2038-03-05 06:00:00+01:00,75.79964894292787
2038-03-05 07:00:00+01:00,86.01847469861033
2038-03-05 08:00:00+01:00,91.0646664947235
2038-03-05 09:00:00+01:00,83.88045266198836
2038-03-05 10:00:00+01:00,79.38600848822925
2038-03-05 11:00:00+01:00,77.90318675315274
2038-03-05 12:00:00+01:00,76.16748069116392
2038-03-05 13:00:00+01:00,76.05253326984015
2038-03-05 14:00:00+01:00,76.59278615006184
2038-03-05 15:00:00+01:00,74.88006957233777
2038-03-05 16:00:00+01:00,78.71931344455143
2038-03-05 17:00:00+01:00,87.0989804590537
2038-03-05 18:00:00+01:00,107.88147423438993
2038-03-05 19:00:00+01:00,109.91604359182051
2038-03-05 20:00:00+01:00,90.44395041957519
2038-03-05 21:00:00+01:00,78.16756582219737
2038-03-05 22:00:00+01:00,75.33985925763282
2038-03-05 23:00:00+01:00,72.77653176211292
2038-03-06 00:00:00+01:00,74.3857956606456
2038-03-06 01:00:00+01:00,73.82255329615916
2038-03-06 02:00:00+01:00,73.05240557328997
2038-03-06 03:00:00+01:00,74.22486927079234
2038-03-06 04:00:00+01:00,72.5006579509359
2038-03-06 05:00:00+01:00,74.27084823932184
2038-03-06 06:00:00+01:00,86.8575908742738
2038-03-06 07:00:00+01:00,105.99633652468023
2038-03-06 08:00:00+01:00,118.0083420530134
2038-03-06 09:00:00+01:00,94.37515222884787
2038-03-06 10:00:00+01:00,83.24824184470766
2038-03-06 11:00:00+01:00,80.42053528014313
2038-03-06 12:00:00+01:00,79.08714519278749
2038-03-06 13:00:00+01:00,79.0296714821256
2038-03-06 14:00:00+01:00,78.29400798565351
2038-03-06 15:00:00+01:00,81.09872506595332
2038-03-06 16:00:00+01:00,84.76554780618133
2038-03-06 17:00:00+01:00,101.49039760878874
2038-03-06 18:00:00+01:00,128.1581993559016
2038-03-06 19:00:00+01:00,125.6408508289112
2038-03-06 20:00:00+01:00,101.559366061583
2038-03-06 21:00:00+01:00,86.01847469861033
2038-03-06 22:00:00+01:00,80.79986177051154
2038-03-06 23:00:00+01:00,78.24802901712401
2038-03-07 00:00:00+01:00,77.16752325668065
2038-03-07 01:00:00+01:00,76.1215017226344
2038-03-07 02:00:00+01:00,76.24794388609054
2038-03-07 03:00:00+01:00,76.13299646476679
2038-03-07 04:00:00+01:00,76.25943862822292
2038-03-07 05:00:00+01:00,78.29400798565351
2038-03-07 06:00:00+01:00,84.70807409551945
2038-03-07 07:00:00+01:00,100.0995338107712
2038-03-07 08:00:00+01:00,98.00749074267874
2038-03-07 09:00:00+01:00,84.47817925287194
2038-03-07 10:00:00+01:00,77.25948119373966
2038-03-07 11:00:00+01:00,76.29392285462005
2038-03-07 12:00:00+01:00,74.90305905660254
2038-03-07 13:00:00+01:00,74.5237325662341
2038-03-07 14:00:00+01:00,70.59253075696145
2038-03-07 15:00:00+01:00,76.01804904344303
2038-03-07 16:00:00+01:00,77.22499696734253
2038-03-07 17:00:00+01:00,84.25977915235678
2038-03-07 18:00:00+01:00,92.19115122369638
2038-03-07 19:00:00+01:00,92.28310916075537
2038-03-07 20:00:00+01:00,83.36318926603144
2038-03-07 21:00:00+01:00,78.96070302933133
2038-03-07 22:00:00+01:00,78.37447118058016
2038-03-07 23:00:00+01:00,77.35143913079867
2038-03-08 00:00:00+01:00,76.08701749623728
2038-03-08 01:00:00+01:00,76.97211264043025
2038-03-08 02:00:00+01:00,77.06407057748926
2038-03-08 03:00:00+01:00,75.29388028910331
2038-03-08 04:00:00+01:00,75.24790132057382
2038-03-08 05:00:00+01:00,74.96053276726441
2038-03-08 06:00:00+01:00,79.88028239992144
2038-03-08 07:00:00+01:00,89.3289604327347
2038-03-08 08:00:00+01:00,84.09885276250353
2038-03-08 09:00:00+01:00,76.28242811248768
2038-03-08 10:00:00+01:00,76.23644914395818
2038-03-08 11:00:00+01:00,75.44331193682422
2038-03-08 12:00:00+01:00,73.23632144740799
2038-03-08 13:00:00+01:00,73.2248267052756
2038-03-08 14:00:00+01:00,73.19034247887848
2038-03-08 15:00:00+01:00,73.2248267052756
2038-03-08 16:00:00+01:00,75.29388028910331
2038-03-08 17:00:00+01:00,81.45506207205698
2038-03-08 18:00:00+01:00,81.9723254680139
2038-03-08 19:00:00+01:00,81.40908310352748
2038-03-08 20:00:00+01:00,78.064113143006
2038-03-08 21:00:00+01:00,73.12137402608421
2038-03-08 22:00:00+01:00,73.23632144740799
2038-03-08 23:00:00+01:00,69.17867747467918
2038-03-09 00:00:00+01:00,74.47775359770462
2038-03-09 01:00:00+01:00,75.84562791145738
2038-03-09 02:00:00+01:00,74.99501699366155
2038-03-09 03:00:00+01:00,74.50074308196936
2038-03-09 04:00:00+01:00,73.24781618954034
2038-03-09 05:00:00+01:00,73.5236900007174
2038-03-09 06:00:00+01:00,74.42027988704274
2038-03-09 07:00:00+01:00,74.42027988704274
2038-03-09 08:00:00+01:00,70.28217271938729
2038-03-09 09:00:00+01:00,70.86840456813847
2038-03-09 10:00:00+01:00,70.84541508387373
2038-03-09 11:00:00+01:00,69.53501448078283
2038-03-09 12:00:00+01:00,64.85665443290571
2038-03-09 13:00:00+01:00,61.971474157679275
2038-03-09 14:00:00+01:00,70.30516220365205
2038-03-09 15:00:00+01:00,70.35114117218154
2038-03-09 16:00:00+01:00,71.69602600166957
2038-03-09 17:00:00+01:00,72.05236300777322
2038-03-09 18:00:00+01:00,78.19055530646214
2038-03-09 19:00:00+01:00,76.2249544018258
2038-03-09 20:00:00+01:00,75.96057533278113
2038-03-09 21:00:00+01:00,75.16743812564718
2038-03-09 22:00:00+01:00,75.40882771042709
2038-03-09 23:00:00+01:00,72.08684723417036
2038-03-10 00:00:00+01:00,72.39720527174451
2038-03-10 01:00:00+01:00,64.79918072224383
2038-03-10 02:00:00+01:00,63.99454877297749
2038-03-10 03:00:00+01:00,60.0288627373077
2038-03-10 04:00:00+01:00,62.235853226723926
2038-03-10 05:00:00+01:00,59.017325429658584
2038-03-10 06:00:00+01:00,58.3851146123779
2038-03-10 07:00:00+01:00,61.14385272414819
2038-03-10 08:00:00+01:00,70.76495188894708
2038-03-10 09:00:00+01:00,72.65008959865679
2038-03-10 10:00:00+01:00,73.96049020174767
2038-03-10 11:00:00+01:00,72.6041106301273
2038-03-10 12:00:00+01:00,72.4087000138769
2038-03-10 13:00:00+01:00,70.73046766254996
2038-03-10 14:00:00+01:00,69.36259334879719
2038-03-10 15:00:00+01:00,66.91421327460105
2038-03-10 16:00:00+01:00,72.33973156108263
2038-03-10 17:00:00+01:00,72.62710011439204
2038-03-10 18:00:00+01:00,76.05253326984015
2038-03-10 19:00:00+01:00,76.86865996123886
2038-03-10 20:00:00+01:00,76.39737553381144
2038-03-10 21:00:00+01:00,75.15594338351481
2038-03-10 22:00:00+01:00,75.28238554697096
2038-03-10 23:00:00+01:00,72.62710011439204
2038-03-11 00:00:00+01:00,70.94886776306511
2038-03-11 01:00:00+01:00,66.83375007967442
2038-03-11 02:00:00+01:00,66.87972904820393
2038-03-11 03:00:00+01:00,67.97172955077967
2038-03-11 04:00:00+01:00,70.8569098260061
2038-03-11 05:00:00+01:00,73.51219525858501
2038-03-11 06:00:00+01:00,75.5927435845451
2038-03-11 07:00:00+01:00,88.88066548957202
2038-03-11 08:00:00+01:00,94.29468903392122
2038-03-11 09:00:00+01:00,88.57030745199788
2038-03-11 10:00:00+01:00,86.46676964177301
2038-03-11 11:00:00+01:00,84.93796893816697
2038-03-11 12:00:00+01:00,76.86865996123886
2038-03-11 13:00:00+01:00,76.85716521910648
2038-03-11 14:00:00+01:00,76.96061789829787
2038-03-11 15:00:00+01:00,81.90335701521965
2038-03-11 16:00:00+01:00,81.65047268830737
2038-03-11 17:00:00+01:00,95.662563347674
2038-03-11 18:00:00+01:00,132.80207517738157
2038-03-11 19:00:00+01:00,143.7795539138009
2038-03-11 20:00:00+01:00,113.13457138888586
2038-03-11 21:00:00+01:00,84.66209512698995
2038-03-11 22:00:00+01:00,77.06407057748926
2038-03-11 23:00:00+01:00,75.70769100586887
2038-03-12 00:00:00+01:00,71.76499445446382
2038-03-12 01:00:00+01:00,70.74196240468234
2038-03-12 02:00:00+01:00,70.05227787673975
2038-03-12 03:00:00+01:00,69.87985674475412
2038-03-12 04:00:00+01:00,70.33964643004916
2038-03-12 05:00:00+01:00,72.6041106301273
2038-03-12 06:00:00+01:00,81.75392536749877
2038-03-12 07:00:00+01:00,102.36399801084934
2038-03-12 08:00:00+01:00,103.85831448805826
2038-03-12 09:00:00+01:00,88.55881270986549
2038-03-12 10:00:00+01:00,80.9607881603648
2038-03-12 11:00:00+01:00,76.62727037645897
2038-03-12 12:00:00+01:00,74.89156431447016
2038-03-12 13:00:00+01:00,75.70769100586887
2038-03-12 14:00:00+01:00,74.83409060380828
2038-03-12 15:00:00+01:00,77.20200748307778
2038-03-12 16:00:00+01:00,85.91502201941896
2038-03-12 17:00:00+01:00,109.1458958689513
2038-03-12 18:00:00+01:00,132.7905804352492
2038-03-12 19:00:00+01:00,121.24985933434347
2038-03-12 20:00:00+01:00,91.83481421759271
2038-03-12 21:00:00+01:00,80.38605105374599
2038-03-12 22:00:00+01:00,77.28247067800442
2038-03-12 23:00:00+01:00,71.44314167475729
2038-03-13 00:00:00+01:00,64.36238052121354
2038-03-13 01:00:00+01:00,67.0866344065867
2038-03-13 02:00:00+01:00,66.90271853246868
2038-03-13 03:00:00+01:00,65.7302548349663
2038-03-13 04:00:00+01:00,66.29349719945273
2038-03-13 05:00:00+01:00,67.75332945026452
2038-03-13 06:00:00+01:00,72.67307908292153
2038-03-13 07:00:00+01:00,85.42074810772678
2038-03-13 08:00:00+01:00,86.46676964177301
2038-03-13 09:00:00+01:00,77.99514469021175
2038-03-13 10:00:00+01:00,72.07535249203798
2038-03-13 11:00:00+01:00,71.27072054277164
2038-03-13 12:00:00+01:00,69.17867747467918
2038-03-13 13:00:00+01:00,69.55800396504759
2038-03-13 14:00:00+01:00,69.8913514868865
2038-03-13 15:00:00+01:00,70.89139405240323
2038-03-13 16:00:00+01:00,72.09834197630272
2038-03-13 17:00:00+01:00,86.73114871081766
2038-03-13 18:00:00+01:00,96.88100601370587
2038-03-13 19:00:00+01:00,92.47851977700577
2038-03-13 20:00:00+01:00,80.37455631161362
2038-03-13 21:00:00+01:00,71.70752074380195
2038-03-13 22:00:00+01:00,70.35114117218154
2038-03-13 23:00:00+01:00,68.78785624217838
2038-03-14 00:00:00+01:00,69.13269850614967
2038-03-14 01:00:00+01:00,68.5349719152661
2038-03-14 02:00:00+01:00,68.04069800357392
2038-03-14 03:00:00+01:00,67.41998192842561
2038-03-14 04:00:00+01:00,67.431476670558
2038-03-14 05:00:00+01:00,69.14419324828205
2038-03-14 06:00:00+01:00,78.2020500485945
2038-03-14 07:00:00+01:00,92.12218277090211
2038-03-14 08:00:00+01:00,88.57030745199788
2038-03-14 09:00:00+01:00,70.5695412726967
2038-03-14 10:00:00+01:00,69.94882519754839
2038-03-14 11:00:00+01:00,69.91434097115125
2038-03-14 12:00:00+01:00,66.08659184106997
2038-03-14 13:00:00+01:00,64.82217020650857
2038-03-14 14:00:00+01:00,67.2820450228371
2038-03-14 15:00:00+01:00,70.06377261887214
2038-03-14 16:00:00+01:00,72.62710011439204
2038-03-14 17:00:00+01:00,88.97262342663103
2038-03-14 18:00:00+01:00,103.12265099158617
2038-03-14 19:00:00+01:00,96.17982674363093
2038-03-14 20:00:00+01:00,78.53539757043342
2038-03-14 21:00:00+01:00,72.05236300777322
2038-03-14 22:00:00+01:00,72.02937352350848
2038-03-14 23:00:00+01:00,70.06377261887214
2038-03-15 00:00:00+01:00,68.19012965129482
2038-03-15 01:00:00+01:00,68.16714016703007
2038-03-15 02:00:00+01:00,68.13265594063294
2038-03-15 03:00:00+01:00,68.06368748783868
2038-03-15 04:00:00+01:00,68.0521927457063
2038-03-15 05:00:00+01:00,68.87981417923739
2038-03-15 06:00:00+01:00,71.37417322196303
2038-03-15 07:00:00+01:00,72.6385948565244
2038-03-15 08:00:00+01:00,72.44318424027402
2038-03-15 09:00:00+01:00,71.47762590115443
2038-03-15 10:00:00+01:00,71.50061538541917
2038-03-15 11:00:00+01:00,71.78798393872857
2038-03-15 12:00:00+01:00,71.76499445446382
2038-03-15 13:00:00+01:00,71.50061538541917
2038-03-15 14:00:00+01:00,71.45463641688967
2038-03-15 15:00:00+01:00,71.45463641688967
2038-03-15 16:00:00+01:00,71.13278363718314
2038-03-15 17:00:00+01:00,76.37438604954669
2038-03-15 18:00:00+01:00,83.22525236044292
2038-03-15 19:00:00+01:00,78.71931344455143
2038-03-15 20:00:00+01:00,73.15585825248134
2038-03-15 21:00:00+01:00,69.15568799041442
2038-03-15 22:00:00+01:00,68.10966645636817
2038-03-15 23:00:00+01:00,67.66137151320551
2038-03-16 00:00:00+01:00,71.35118373769828
2038-03-16 01:00:00+01:00,70.6614992097557
2038-03-16 02:00:00+01:00,70.25918323512253
2038-03-16 03:00:00+01:00,68.8223404685755
2038-03-16 04:00:00+01:00,67.7648241923969
2038-03-16 05:00:00+01:00,67.77631893452927
2038-03-16 06:00:00+01:00,67.99471903504443
2038-03-16 07:00:00+01:00,67.68436099747026
2038-03-16 08:00:00+01:00,67.5694135761465
2038-03-16 09:00:00+01:00,67.66137151320551
2038-03-16 10:00:00+01:00,67.33951873349896
2038-03-16 11:00:00+01:00,65.12103350195036
2038-03-16 12:00:00+01:00,53.017070036558195
2038-03-16 13:00:00+01:00,42.70628634381673
2038-03-16 14:00:00+01:00,57.15517720421364
2038-03-16 15:00:00+01:00,65.7762338034958
2038-03-16 16:00:00+01:00,69.04074056909066
2038-03-16 17:00:00+01:00,72.51215269306827
2038-03-16 18:00:00+01:00,78.93771354506659
2038-03-16 19:00:00+01:00,82.30567298985282
2038-03-16 20:00:00+01:00,74.89156431447016
2038-03-16 21:00:00+01:00,72.12133146056749
2038-03-16 22:00:00+01:00,71.39716270622777
2038-03-16 23:00:00+01:00,67.89126635585303
2038-03-17 00:00:00+01:00,66.30499194158512
2038-03-17 01:00:00+01:00,63.47728537702056
2038-03-17 02:00:00+01:00,59.17825181951186
2038-03-17 03:00:00+01:00,55.580397532078095
2038-03-17 04:00:00+01:00,52.476817156336516
2038-03-17 05:00:00+01:00,52.040016955306214
2038-03-17 06:00:00+01:00,58.84490429767294
2038-03-17 07:00:00+01:00,56.2585873178883
2038-03-17 08:00:00+01:00,48.53412060493147
2038-03-17 09:00:00+01:00,39.579716483810394
2038-03-17 10:00:00+01:00,34.039250776005055
2038-03-17 11:00:00+01:00,33.912808612548915
2038-03-17 12:00:00+01:00,34.00476654960792
2038-03-17 13:00:00+01:00,29.54480660224594
2038-03-17 14:00:00+01:00,35.00480911512465
2038-03-17 15:00:00+01:00,49.36174203846256
2038-03-17 16:00:00+01:00,67.19008708577809
2038-03-17 17:00:00+01:00,81.8803675309549
2038-03-17 18:00:00+01:00,88.82319177891014
2038-03-17 19:00:00+01:00,90.23704506119242
2038-03-17 20:00:00+01:00,82.45510463757371
2038-03-17 21:00:00+01:00,74.21337452865995
2038-03-17 22:00:00+01:00,71.89143661791996
2038-03-17 23:00:00+01:00,67.24756079643996
2038-03-18 00:00:00+01:00,66.8912237903363
2038-03-18 01:00:00+01:00,64.69572804305244
2038-03-18 02:00:00+01:00,61.15534746628056
2038-03-18 03:00:00+01:00,57.683935342302945
2038-03-18 04:00:00+01:00,64.69572804305244
2038-03-18 05:00:00+01:00,68.66141407872225
2038-03-18 06:00:00+01:00,79.71935601006817
2038-03-18 07:00:00+01:00,92.75439358818281
2038-03-18 08:00:00+01:00,91.68538256987182
2038-03-18 09:00:00+01:00,82.68499948022124
2038-03-18 10:00:00+01:00,77.11004954601876
2038-03-18 11:00:00+01:00,76.52381769726759
2038-03-18 12:00:00+01:00,73.99497442814481
2038-03-18 13:00:00+01:00,73.16735299461372
2038-03-18 14:00:00+01:00,72.65008959865679
2038-03-18 15:00:00+01:00,74.79960637741115
2038-03-18 16:00:00+01:00,86.24836954125786
2038-03-18 17:00:00+01:00,106.98488434806458
2038-03-18 18:00:00+01:00,141.4346265187961
2038-03-18 19:00:00+01:00,132.85954888804346
2038-03-18 20:00:00+01:00,99.1914491823135
2038-03-18 21:00:00+01:00,83.11030493911916
2038-03-18 22:00:00+01:00,79.38600848822925
2038-03-18 23:00:00+01:00,74.40878514491035
2038-03-19 00:00:00+01:00,76.05253326984015
2038-03-19 01:00:00+01:00,74.01796391240956
2038-03-19 02:00:00+01:00,73.31678464233461
2038-03-19 03:00:00+01:00,72.0638577499056
2038-03-19 04:00:00+01:00,73.27080567380511
2038-03-19 05:00:00+01:00,77.13303903028353
2038-03-19 06:00:00+01:00,92.35207761354964
2038-03-19 07:00:00+01:00,105.84690487695933
2038-03-19 08:00:00+01:00,96.65111117105835
2038-03-19 09:00:00+01:00,80.79986177051154
2038-03-19 10:00:00+01:00,72.99493186262808
2038-03-19 11:00:00+01:00,71.63855229100768
2038-03-19 12:00:00+01:00,55.373492173695325
2038-03-19 13:00:00+01:00,58.557535744363534
2038-03-19 14:00:00+01:00,62.799095591210374
2038-03-19 15:00:00+01:00,72.6041106301273
2038-03-19 16:00:00+01:00,82.9493785492659
2038-03-19 17:00:00+01:00,113.95069808028458
2038-03-19 18:00:00+01:00,145.73366007630483
2038-03-19 19:00:00+01:00,135.73323442113752
2038-03-19 20:00:00+01:00,111.7092233644712
2038-03-19 21:00:00+01:00,86.68516974228817
2038-03-19 22:00:00+01:00,83.93792637265025
2038-03-19 23:00:00+01:00,80.23661940602511
2038-03-20 00:00:00+01:00,78.3974606648449
2038-03-20 01:00:00+01:00,77.47788129425481
2038-03-20 02:00:00+01:00,77.21350222521015
2038-03-20 03:00:00+01:00,77.16752325668065
2038-03-20 04:00:00+01:00,77.2364917094749
2038-03-20 05:00:00+01:00,81.12171455021807
2038-03-20 06:00:00+01:00,105.80092590842983
2038-03-20 07:00:00+01:00,126.54893545736891
2038-03-20 08:00:00+01:00,110.97355986799913
2038-03-20 09:00:00+01:00,77.3859233571958
2038-03-20 10:00:00+01:00,73.89152174895342
2038-03-20 11:00:00+01:00,70.47758333563769
2038-03-20 12:00:00+01:00,59.43113614642413
2038-03-20 13:00:00+01:00,62.4887375536362
2038-03-20 14:00:00+01:00,69.98330942394551
2038-03-20 15:00:00+01:00,77.21350222521015
2038-03-20 16:00:00+01:00,90.67384526222271
2038-03-20 17:00:00+01:00,118.04282627941049
2038-03-20 18:00:00+01:00,159.34343476103828
2038-03-20 19:00:00+01:00,157.6077286990495
2038-03-20 20:00:00+01:00,131.52615880068782
2038-03-20 21:00:00+01:00,99.92711267878558
2038-03-20 22:00:00+01:00,86.60470654736153
2038-03-20 23:00:00+01:00,79.76533497859766
2038-03-21 00:00:00+01:00,78.3974606648449
2038-03-21 01:00:00+01:00,76.74221779778273
2038-03-21 02:00:00+01:00,76.16748069116392
2038-03-21 03:00:00+01:00,72.27076310828838
2038-03-21 04:00:00+01:00,72.66158434078918
2038-03-21 05:00:00+01:00,76.73072305565034
2038-03-21 06:00:00+01:00,86.63919077375866
2038-03-21 07:00:00+01:00,102.46745069004072
2038-03-21 08:00:00+01:00,94.23721532325933
2038-03-21 09:00:00+01:00,78.60436602322768
2038-03-21 10:00:00+01:00,76.69623882925322
2038-03-21 11:00:00+01:00,75.38583822616232
2038-03-21 12:00:00+01:00,69.94882519754839
2038-03-21 13:00:00+01:00,68.98326685842878
2038-03-21 14:00:00+01:00,69.00625634269352
2038-03-21 15:00:00+01:00,74.98352225152917
2038-03-21 16:00:00+01:00,78.21354479072689
2038-03-21 17:00:00+01:00,99.57077567268192
2038-03-21 18:00:00+01:00,134.62973917642938
2038-03-21 19:00:00+01:00,134.79066556628266
2038-03-21 20:00:00+01:00,100.43288133261012
2038-03-21 21:00:00+01:00,80.65043012279065
2038-03-21 22:00:00+01:00,78.55838705469817
2038-03-21 23:00:00+01:00,76.85716521910648
2038-03-22 00:00:00+01:00,69.76490932343035
2038-03-22 01:00:00+01:00,69.96031993968074
2038-03-22 02:00:00+01:00,70.15573055593114
2038-03-22 03:00:00+01:00,69.6039829335771
2038-03-22 04:00:00+01:00,70.05227787673975
2038-03-22 05:00:00+01:00,72.29375259255312
2038-03-22 06:00:00+01:00,74.70764844035214
2038-03-22 07:00:00+01:00,75.3973329682947
2038-03-22 08:00:00+01:00,75.25939606270619
2038-03-22 09:00:00+01:00,74.98352225152917
2038-03-22 10:00:00+01:00,72.259268366156
2038-03-22 11:00:00+01:00,66.93720275886581
2038-03-22 12:00:00+01:00,64.20145413136026
2038-03-22 13:00:00+01:00,63.76465393032996
2038-03-22 14:00:00+01:00,61.017410560692056
2038-03-22 15:00:00+01:00,66.4084446207765
2038-03-22 16:00:00+01:00,70.48907807777006
2038-03-22 17:00:00+01:00,87.20243313824508
2038-03-22 18:00:00+01:00,120.9854802652988
2038-03-22 19:00:00+01:00,118.66354235455881
2038-03-22 20:00:00+01:00,84.75405306404896
2038-03-22 21:00:00+01:00,76.97211264043025
2038-03-22 22:00:00+01:00,75.12145915711768
2038-03-22 23:00:00+01:00,73.1328687682166
2038-03-23 00:00:00+01:00,72.22478413975887
2038-03-23 01:00:00+01:00,71.98339455497897
2038-03-23 02:00:00+01:00,71.93741558644946
2038-03-23 03:00:00+01:00,68.75337201578125
2038-03-23 04:00:00+01:00,68.68440356298699
2038-03-23 05:00:00+01:00,70.20170952446065
2038-03-23 06:00:00+01:00,70.2361937508578
2038-03-23 07:00:00+01:00,71.94891032858185
2038-03-23 08:00:00+01:00,72.23627888189125
2038-03-23 09:00:00+01:00,69.3510986066648
2038-03-23 10:00:00+01:00,52.87913313096969
2038-03-23 11:00:00+01:00,32.23457626122198
2038-03-23 12:00:00+01:00,-18.192857473512518
2038-03-23 13:00:00+01:00,-24.756355231099334
2038-03-23 14:00:00+01:00,-22.078080314255686
2038-03-23 15:00:00+01:00,47.05129886985494
2038-03-23 16:00:00+01:00,64.13248567856601
2038-03-23 17:00:00+01:00,72.24777362402362
2038-03-23 18:00:00+01:00,73.88002700682105
2038-03-23 19:00:00+01:00,72.29375259255312
2038-03-23 20:00:00+01:00,72.04086826564085
2038-03-23 21:00:00+01:00,73.43173206365839
2038-03-23 22:00:00+01:00,71.96040507071422
2038-03-23 23:00:00+01:00,64.040527741507
2038-03-24 00:00:00+01:00,12.544082988461504
2038-03-24 01:00:00+01:00,-1.2381128282575844
2038-03-24 02:00:00+01:00,4.0839527790326
2038-03-24 03:00:00+01:00,2.049383421602016
2038-03-24 04:00:00+01:00,1.7045411576307288
2038-03-24 05:00:00+01:00,2.210309811455275
2038-03-24 06:00:00+01:00,1.72753064189547
2038-03-24 07:00:00+01:00,0.1297614854951803
2038-03-24 08:00:00+01:00,-11.445443841807673
2038-03-24 09:00:00+01:00,-14.008771337327573
2038-03-24 10:00:00+01:00,-13.58346587842965
2038-03-24 11:00:00+01:00,-12.353528470265402
2038-03-24 12:00:00+01:00,-14.905361223652918
2038-03-24 13:00:00+01:00,-19.112436844102618
2038-03-24 14:00:00+01:00,-18.50321551108668
2038-03-24 15:00:00+01:00,-12.65239176570718
2038-03-24 16:00:00+01:00,1.6815516733659734
2038-03-24 17:00:00+01:00,49.649110591771965
2038-03-24 18:00:00+01:00,72.08684723417036
2038-03-24 19:00:00+01:00,75.74217523226599
2038-03-24 20:00:00+01:00,74.81110111954351
2038-03-24 21:00:00+01:00,73.16735299461372
2038-03-24 22:00:00+01:00,73.70760587483541
2038-03-24 23:00:00+01:00,72.23627888189125
2038-03-25 00:00:00+01:00,59.67252573120403
2038-03-25 01:00:00+01:00,58.913872750467206
2038-03-25 02:00:00+01:00,58.97134646112909
2038-03-25 03:00:00+01:00,59.66103098907166
2038-03-25 04:00:00+01:00,65.7762338034958
2038-03-25 05:00:00+01:00,73.73059535910015
2038-03-25 06:00:00+01:00,82.39763092691183
2038-03-25 07:00:00+01:00,96.50167952333746
2038-03-25 08:00:00+01:00,91.39801401656241
2038-03-25 09:00:00+01:00,77.20200748307778
2038-03-25 10:00:00+01:00,65.3394336024655
2038-03-25 11:00:00+01:00,59.93690480024869
2038-03-25 12:00:00+01:00,57.488524726052546
2038-03-25 13:00:00+01:00,58.086251316936114
2038-03-25 14:00:00+01:00,58.97134646112909
2038-03-25 15:00:00+01:00,68.40852975180997
2038-03-25 16:00:00+01:00,77.09855480388639
2038-03-25 17:00:00+01:00,106.98488434806458
2038-03-25 18:00:00+01:00,151.40056794756632
2038-03-25 19:00:00+01:00,152.23968412322978
2038-03-25 20:00:00+01:00,108.73208515218576
2038-03-25 21:00:00+01:00,83.13329442338392
2038-03-25 22:00:00+01:00,80.12167198470134
2038-03-25 23:00:00+01:00,75.75366997439838
2038-03-26 00:00:00+01:00,80.56996692786402
2038-03-26 01:00:00+01:00,77.7192708790347
2038-03-26 02:00:00+01:00,75.77665945866312
2038-03-26 03:00:00+01:00,73.65013216417353
2038-03-26 04:00:00+01:00,73.6616269063059
2038-03-26 05:00:00+01:00,75.75366997439838
2038-03-26 06:00:00+01:00,81.5929989776455
2038-03-26 07:00:00+01:00,82.92638906500113
2038-03-26 08:00:00+01:00,78.84575560800758
2038-03-26 09:00:00+01:00,74.69615369821976
2038-03-26 10:00:00+01:00,71.4316469326249
2038-03-26 11:00:00+01:00,66.87972904820393
2038-03-26 12:00:00+01:00,59.61505202054215
2038-03-26 13:00:00+01:00,60.01736799517532
2038-03-26 14:00:00+01:00,60.20128386929334
2038-03-26 15:00:00+01:00,73.68461639057065
2038-03-26 16:00:00+01:00,75.47779616322136
2038-03-26 17:00:00+01:00,82.20222031066143
2038-03-26 18:00:00+01:00,100.80071308084615
2038-03-26 19:00:00+01:00,101.39843967172973
2038-03-26 20:00:00+01:00,82.11026237360242
2038-03-26 21:00:00+01:00,76.63876511859134
2038-03-26 22:00:00+01:00,76.92613367190074
2038-03-26 23:00:00+01:00,75.76516471653076
2038-03-27 00:00:00+01:00,81.67346217257213
2038-03-27 01:00:00+01:00,80.45501950654025
2038-03-27 02:00:00+01:00,80.54697744359926
2038-03-27 03:00:00+01:00,77.24798645160728
2038-03-27 04:00:00+01:00,77.09855480388639
2038-03-27 05:00:00+01:00,81.89186227308728
2038-03-27 06:00:00+01:00,86.69666448442054
2038-03-27 07:00:00+01:00,93.61649924811101
2038-03-27 08:00:00+01:00,85.90352727728657
2038-03-27 09:00:00+01:00,82.0757781472053
2038-03-27 10:00:00+01:00,82.06428340507291
2038-03-27 11:00:00+01:00,82.01830443654342
2038-03-27 12:00:00+01:00,81.67346217257213
2038-03-27 13:00:00+01:00,81.65047268830737
2038-03-27 14:00:00+01:00,81.31712516646847
2038-03-27 15:00:00+01:00,81.93784124161678
2038-03-27 16:00:00+01:00,87.65072808140776
2038-03-27 17:00:00+01:00,103.5824406768812
2038-03-27 18:00:00+01:00,130.92843220980427
2038-03-27 19:00:00+01:00,126.6523881365603
2038-03-27 20:00:00+01:00,95.63957386340924
2038-03-27 21:00:00+01:00,84.08735802037114
2038-03-27 22:00:00+01:00,82.05278866294054
2038-03-27 23:00:00+01:00,77.17901799881302
2038-03-28 00:00:00+01:00,73.97198494388006
2038-03-28 01:00:00+01:00,73.71910061696778
2038-03-28 02:00:00+01:00,70.40861488284342
2038-03-28 03:00:00+01:00,63.86810660952135
2038-03-28 04:00:00+01:00,69.24764592747343
2038-03-28 05:00:00+01:00,76.28242811248768
2038-03-28 06:00:00+01:00,85.51270604478579
2038-03-28 07:00:00+01:00,85.17935852294688
2038-03-28 08:00:00+01:00,81.85737804669016
2038-03-28 09:00:00+01:00,80.75388280198203
2038-03-28 10:00:00+01:00,79.44348219889113
2038-03-28 11:00:00+01:00,80.53548270146688
2038-03-28 12:00:00+01:00,73.91451123321818
2038-03-28 13:00:00+01:00,72.28225785042076
2038-03-28 14:00:00+01:00,72.23627888189125
2038-03-28 15:00:00+01:00,73.6616269063059
2038-03-28 16:00:00+01:00,74.99501699366155
2038-03-28 17:00:00+01:00,74.35131143424847
2038-03-28 18:00:00+01:00,81.30563042433609
2038-03-28 19:00:00+01:00,80.21362992176034
2038-03-28 20:00:00+01:00,76.27093337035531
2038-03-28 21:00:00+01:00,77.17901799881302
2038-03-28 22:00:00+01:00,76.96061789829787
2038-03-28 23:00:00+01:00,72.3052473346855
2038-03-29 00:00:00+01:00,71.45463641688967
2038-03-29 01:00:00+01:00,65.71876009283392
2038-03-29 02:00:00+01:00,61.31627385613383
2038-03-29 03:00:00+01:00,61.45421076172235
2038-03-29 04:00:00+01:00,60.867978912971154
2038-03-29 05:00:00+01:00,68.71888778938411
2038-03-29 06:00:00+01:00,59.41964140429175
2038-03-29 07:00:00+01:00,60.14381015863146
2038-03-29 08:00:00+01:00,59.70700995760116
2038-03-29 09:00:00+01:00,59.54608356774789
2038-03-29 10:00:00+01:00,59.22423078804135
2038-03-29 11:00:00+01:00,57.90233544281809
2038-03-29 12:00:00+01:00,58.22418822252463
2038-03-29 13:00:00+01:00,51.03997438978949
2038-03-29 14:00:00+01:00,52.48831189846889
2038-03-29 15:00:00+01:00,59.1552623352471
2038-03-29 16:00:00+01:00,59.86793634745443
2038-03-29 17:00:00+01:00,71.19025734784502
2038-03-29 18:00:00+01:00,85.23683223360877
2038-03-29 19:00:00+01:00,94.52458387656876
2038-03-29 20:00:00+01:00,84.7310635797842
2038-03-29 21:00:00+01:00,74.99501699366155
2038-03-29 22:00:00+01:00,72.04086826564085
2038-03-29 23:00:00+01:00,65.17850721261225
2038-03-30 00:00:00+01:00,59.649536246939284
2038-03-30 01:00:00+01:00,54.60334445082612
2038-03-30 02:00:00+01:00,50.89054274206859
2038-03-30 03:00:00+01:00,50.00544759787563
2038-03-30 04:00:00+01:00,51.77563788626156
2038-03-30 05:00:00+01:00,52.64923828832216
2038-03-30 06:00:00+01:00,48.878962868902754
2038-03-30 07:00:00+01:00,35.832430548655736
2038-03-30 08:00:00+01:00,31.292007406367134
2038-03-30 09:00:00+01:00,22.705435033482082
2038-03-30 10:00:00+01:00,11.130229706179236
2038-03-30 11:00:00+01:00,5.578269256241526
2038-03-30 12:00:00+01:00,-1.4220287023755986
2038-03-30 13:00:00+01:00,-9.353400773715208
2038-03-30 14:00:00+01:00,1.6125832205717217
2038-03-30 15:00:00+01:00,17.68223272163369
2038-03-30 16:00:00+01:00,36.487630850201185
2038-03-30 17:00:00+01:00,70.19021478232827
2038-03-30 18:00:00+01:00,82.43211515330896
2038-03-30 19:00:00+01:00,84.21380018382727
2038-03-30 20:00:00+01:00,71.83396290725808
2038-03-30 21:00:00+01:00,64.17846464709551
2038-03-30 22:00:00+01:00,60.21277861142571
2038-03-30 23:00:00+01:00,55.15509207318017
2038-03-31 00:00:00+01:00,65.60381267151017
2038-03-31 01:00:00+01:00,58.0402723484066
,53.60330188530938
,53.936649407148295
,53.82170198582453
,55.15509207318017
,55.07462887825354
,54.982670941194534
,49.993952855743245
,33.579461090710005
,11.348629806694376
,-8.479800371654605
,-11.502917552469555
,-13.548981652032523
,-4.180766814145912
,35.21171447350742
,55.25854475237156
,72.56962640373017
,72.23627888189125
,74.44326937130748
,74.30533246571896
,66.01762338827571
,60.90246313936829
,39.48775854675138
,34.63697736688861
,34.659966851153364
,34.23466139225544
,35.16573550497792
,38.280810622851874
,42.92468644433187
,43.131591802714645
,41.38439099859346
,37.5911260949093
,28.912595784965255
,20.119118053697434
,7.773765003525369
,-2.491039720686601
,-17.100856970936775
,-16.824983159759753
,-13.675423815488656
,-2.778408273996007
,22.28012957458418
,42.82123376514049
,45.384561260660384
,38.75209505027931
,28.981564237759514
,19.188043940974964
,4.256373911018244
,1.3137199251299307
,-2.6059871420103633
,-5.68657803348718
,-0.7898178850949193
,15.751116043394475
,53.074543747220076
,70.67299395188807
,72.81101598851006
,65.96014967761383
,63.10945362878452
,54.72978661428226
,49.6835948181691
,49.91348966081661
,49.189320906476915
,54.005617859942554
,61.81054776782601
,70.60402549909382
,64.71871752731721
,82.06428340507291
,82.57005205889746
,73.88002700682105
,72.24777362402362
,66.35097091011461
,71.61556280674294
,71.59257332247817
,71.46613115902204
,71.92592084431709
,71.87994187578758
,74.02945865454194
,90.54740309876658
,123.95112373545189
,122.99706013846466
,91.85780370185748
,77.27097593587203
,75.08697493072056
,73.98347968601243
,73.8110585540268
,74.17889030226283
,73.8110585540268
,74.89156431447016
,76.69623882925322
,98.30635403812053
,117.74396298396873
,107.08833702725597
,75.12145915711768
,73.85703752255628
,70.67299395188807
,67.84528738732354
,66.79926585327729
,67.0866344065867
,66.85673956393919
,66.56937101062978
,68.52347717313373
,69.3166143802677
,75.55825935814798
,75.97207007491352
,69.30511963813531
,65.90267596695193
,63.87960135165373
,55.82178711685799
,53.97113363354542
,54.81024980920889
,53.02856477869057
,54.71829187214988
,62.097916321135415
,71.36267847983065
,86.02996944074272
,80.01821930550994
,69.23615118534106
,68.04069800357392
,66.31648668371749
,53.70675456450077
,53.17799642641147
,53.143512200014335
,52.76418570964592
,53.338922816264734
,61.59214766731086
,76.07552275410491
,85.29430594427063
,80.62744063852588
,66.74179214261541
,54.79875506707651
,52.90212261523443
,48.10881514603355
,40.39584317520911
,29.705732992099215
,47.28119371250246
,50.292816151185036
,52.798669936043055
,65.30494937606838
,68.90280366350214
,66.8452448218068
,59.36216769362988
,57.21265091487552
,53.24696487920573
,47.924899271915535
,48.603089057725725
,48.31572050441632
,47.83294133485652
,47.809951850591766
,50.41925831464117
,52.87913313096969
,52.752690967513544
,50.30431089331741
,40.85563286050415
,-2.422071267892349
,-18.882542001455093
,-32.33139029633527
,-72.71241940737295
,-68.80420708236502
,-35.113117892370326
,-15.192729776962324
,21.165139587743674
,55.97121876457889
,63.5577485719472
,57.15517720421364
,51.28136397456939
,50.752605836480086
,47.54557278154712
,46.2466669205886
,11.578524649341915
,3.0494259871187523
,2.1988150693228903
,1.6700569312336029
,5.785174614624282
,23.050277297453377
,2.532162591161807
,-10.204011691511042
,-13.21563413019362
,-17.12384645520153
,-28.54962013478351
,-50.02179843806229
,-83.06918206864393
,-75.45966277701089
,-39.952404330100705
,-14.905361223652918
,24.80897284370694
,71.9144261021847
,74.61569050329314
,78.04112365874124
,74.92604854086728
,72.08684723417036
,68.20162439342718
,64.99459133849423
,62.00595838407641
,60.54612613326462
,63.1669273394464
,66.41993936290888
,73.33977412659937
,87.27140159103935
,113.20353984168011
,110.73217028321922
,86.13342211993411
,71.98339455497897
,62.4887375536362
,49.41921574912443
,48.29273102015157
,49.08586822728553
,58.54604100223116
,70.2361937508578
,79.86878765778906
,91.42100350082717
,99.75469154679993
,93.12222533641885
,81.96083072588154
,74.97202750939678
,67.96023480864729
,69.30511963813531
,64.93711762783235
,61.419726535325225
,59.569073052012655
,58.85639903980532
,71.52360486968391
,78.28251324352115
,84.27127389448916
,78.73080818668382
,68.10966645636817
,68.42002449394235
,69.6039829335771
,65.13252824408275
,64.40835948974303
,63.96006454658036
,65.70726535070156
,65.08654927555324
,58.75294636061393
,66.44292884717363
,70.83392034174135
,69.29362489600292
,63.143937855181655
,62.31631642165057
,52.281406540086124
,55.01715516759167
,55.775808148328494
,56.511471644800565
,55.27003949450394
,55.29302897876869
,57.925324927082855
,74.47775359770462
,89.39792888552896
,86.29434850978737
,73.15585825248134
,63.37383269782919
,57.07471400928701
,57.40806153112592
,56.07467144377027
,54.6148391929585
,53.95963889141305
,55.85627134325512
,74.07543762307144
,103.1571352179833
,126.35352484111851
,127.9512939975188
,96.60513220252885
,86.35182222044925
,71.30520476916877
,63.82212764099186
,56.61492432399196
,57.017240298625126
,56.84481916663948
,56.05168195950552
,62.408274358709576
,75.43181719469183
,81.94933598374917
,79.55842962021491
,56.63791380825671
,54.28149167111958
,43.844265814921975
,1.6355727048364628
,1.5551095099098404
,0.24470890681895696
,21.693897725832983
,52.38485921927751
,75.00651173579391
,91.6508983434747
,134.02051784341347
,135.72173967900514
,94.7429839770839
,81.45506207205698
,76.56979666579709
,71.1442783793155
,67.89126635585303
,66.05210761467285
,64.96010711209709
,64.77619123797908
,72.05236300777322
,87.27140159103935
,90.36348722464855
,81.84588330455777
,62.534716522165716
,33.533482122180494
,11.141724448311606
,-6.778578536062923
,-16.18127760034669
,-14.744434833799659
,-13.008728771810837
,11.452082485885768
,51.361827169496024
,79.45497694102352
,92.20264596582875
,93.30614121053686
,88.80020229464539
,74.05244813880668
,63.87960135165373
,63.488780119152935
,52.626248804057404
,46.17769846779434
,36.59108352939257
,34.56800891409436
,38.211842170057615
,53.35041755839711
,51.93656427611484
,32.48746058813426
,-0.9047653064186676
,-13.594960620562034
,-21.79071176094628
,-40.48116246819002
,-70.83877643979562
,-71.0456817981784
,-49.26314545732545
,-26.744945620000436
,-0.10013335715234462
,61.08637901348631
,78.82276612374282
,81.06424083955619
,56.293071544285425
,55.316018463033444
,53.08603848935246
,17.050021904352988
,1.693046415498344
,1.693046415498344
,-3.2381979592910426
,-7.157905026431337
,-2.996808374511147
,1.7045411576307288
,-5.192304121795004
,-13.88232917387144
,-26.20469273977875
,-42.09042636672268
,-66.0684584548595
,-86.96589965151946
,-116.51888167385877
,-116.54187115812348
,-82.66686609401077
,-47.80331320651369
,-18.181362731380133
,40.86712760263653
,79.7078612679358
,84.93796893816697
,85.27131646000589
,86.374811704714
,82.38613618477945
,77.13303903028353
,72.70756330931867
,66.67282368982114
,65.29345463393602
,65.89118122481958
,78.46642911763917
,94.501594392304
,112.38741315028142
,107.12282125365309
,85.21384274934401
,78.21354479072689
,63.672695993270956
,33.579461090710005
,15.946526659644867
,10.302608272648143
,46.17769846779434
,60.040357479440075
,66.24751823092323
,65.46587576592165
,72.61560537225967
,70.54655178843194
,64.97160185422948
,65.67278112430444
,64.4773279425373
,7.589849129407355
,1.7045411576307288
,1.7390253840278547
,1.6815516733659734
,18.532843639429522
,53.87917569648641
,70.21320426659302
,81.3975883613951
,78.43194489124203
,68.78785624217838
,67.1785923436457
,62.22435848459156
,46.2006879520591
,46.47656176323613
,54.649323419355625
,59.592062536277396
,63.51176960341769
,80.7653775441144
,107.28374764350636
,146.28540769865887
,150.18212528153444
,117.82442617889535
,102.3754927529817
,88.00706508751142
,84.52415822140142
,79.53544013595014
,78.47792385977155
,77.92617623741748
,78.50091334403629
,83.57009462441421
,92.09919328663736
,106.93890537953507
,104.86985179570735
,92.3750670978144
,94.19123635472982
,88.68525487332163
,78.43194489124203
,74.7191431824845
,73.5236900007174
,77.99514469021175
,83.89194740412074
,90.926729589135
,96.12235303296904
,105.06526241195775
,104.95031499063398
,96.65111117105835
,96.50167952333746
,91.71986679626895
,93.19119378921312
,90.83477165207599
,89.83472908655925
,89.19102352714617
,89.68529743883836
,95.01885778826093
,102.68585079055586
,136.30797152775634
,122.38783880544872
,97.14538508275052
,88.20247570376182
,83.30571555536955
,75.66171203733937
,71.22474157424215
,71.24773105850689
,64.71871752731721
,69.17867747467918
,86.53573809456726
,97.53620631525132
,133.50325444745653
,136.41142420694774
,97.88104857922261
,86.80011716361193
,75.75366997439838
,80.23661940602511
,75.58124884241272
,74.8225958616759
,73.89152174895342
,73.70760587483541
,75.37434348402996
,81.85737804669016
,85.91502201941896
,83.39767349242857
,74.15590081799807
,69.16718273254679
,41.2694435772697
,32.48746058813426
,15.889052948982993
,15.889052948982993
,50.81007954714196
,67.99471903504443
,73.93750071748293
,74.92604854086728
,81.9723254680139
,82.59304154316223
,77.07556531962165
,74.85708008807303
,69.10970902188491
,68.06368748783868
,60.93694736576542
,53.074543747220076
,47.23521474397295
,48.66056276838761
,52.74119622538117
,58.660988423554926
,60.98292633429492
,63.30486424503492
,53.62629136957414
,46.166203725661966
,38.89003195586782
,23.900888215249218
,13.498146585448737
,10.199155593456751
,18.452380444502886
,36.97041001976098
,56.45399793413869
,81.81139907816063
,85.37476913919728
,89.38643414339657
,90.88075062060548
,87.21392788037747
,78.8802398344047
,78.74230292881619
,73.68461639057065
,69.845372518357
,67.58090831827887
,66.54638152636501
,67.22457131217521
,66.24751823092323
,61.93698993128215
,60.2702523220876
,50.74111109434771
,28.441311357537828
,20.739834128845757
,1.0953198246147906
,-10.249990660040552
,-12.997234029678467
,-10.169527465113916
,4.957553181093203
,48.350204730813445
,71.54659435394868
,88.53582322560074
,92.14517225516687
,90.84626639420836
,87.45531746515736
,83.37468400816381
,74.673164213955
,73.33977412659937
,72.99493186262808
,72.77653176211292
,75.33985925763282
,83.44365246095806
,101.38694492959735
,111.58278120101508
,108.58265350446487
,90.16807660839815
,83.24824184470766
,80.85733548117341
,75.61573306880986
,73.27080567380511
,72.3052473346855
,72.91446866770144
,77.7192708790347
,83.4781366873552
,107.19178970644734
,106.96189486379983
,108.7550746364505
,107.0653475429912
,98.36382774878241
,87.15645416971559
,89.57035001751458
,87.57026488648114
,86.69666448442054
,86.93805406920045
,87.01851726412707
,92.05321431810785
,113.65183478484279
,159.65379279861247
,140.5725208588679
,103.67439861394021
,84.57013718993095
,80.61594589639353
,80.56996692786402
,80.53548270146688
,79.15611364558173
,80.58146166999639
,84.61611615846044
,93.45557285825777
,109.12290638468656
,111.6172654274122
,111.64025491167695
,110.6976860568221
,95.55911066848262
,87.28289633317173
,79.14461890344937
,75.75366997439838
,75.76516471653076
,75.96057533278113
,75.94908059064878
,80.71939857558489
,98.69717527062132
,119.9854376997821
,107.57111619681575
,93.35212017906638
,80.75388280198203
,77.99514469021175
,71.7190154859343
,71.46613115902204
,69.59248819144472
,73.62714267990877
,77.15602851454827
,86.29434850978737
,96.89250075583826
,100.21448123209498
,101.53637657731824
,108.7550746364505
,96.76605859238211
,86.54723283669965
,85.7540956295657
,84.84601100110797
,81.12171455021807
,77.24798645160728
,77.09855480388639
,86.45527489964064
,95.2257631466437
,118.56008967536744
,117.54855236771833
,96.62812168679359
,87.55877014434876
,83.01834700206014
,77.54684974704907
,72.70756330931867
,71.30520476916877
,73.00642660476045
,79.14461890344937
,86.42079067324352
,90.04163444494202
,90.44395041957519
,90.27152928758954
,91.61641411707757
,93.52454131105202
,83.38617875029618
,76.37438604954669
,74.88006957233777
,74.04095339667433
,72.48916320880352
,74.96053276726441
,81.43207258779222
,95.82348973752725
,103.42151428702795
,97.93852228988449
,81.81139907816063
,72.2132893976265
,67.77631893452927
,64.77619123797908
,62.20136900032681
,62.41976910084196
,64.15547516283075
,69.19017221681153
,80.56996692786402
,92.34058287141725
,95.81199499539488
,96.89250075583826
,101.16854482908221
,90.66235052009034
,82.15624134213192
,86.90356984280332
,81.38609361926274
,80.98377764462955
,80.00672456337757
,80.05270353190707
,80.53548270146688
,79.1791031298465
,76.811186250577
,65.45438102378927
,55.01715516759167
,28.510279810332086
,7.497891192348348
,-6.905020699519056
,-13.83635020534193
,-14.365108343431245
,-12.422496923059668
,8.176080978158538
,53.1090279736172
,77.16752325668065
,86.36331696258164
,89.5243710489851
,84.74255832191658
,75.63872255307462
,65.67278112430444
,51.31584820096652
,50.47673202530305
,49.03988925875602
,32.57941852519327
,25.521646855914263
,25.429688918855256
,15.475242232217447
,-0.9392495328158077
,-14.250160922107469
,-15.98586698409629
,-18.077910052188756
,-23.813786376244494
,-23.27353349602282
,-60.75788758970168
,-71.12614499310504
,-49.562008752767255
,-17.95146788873261
,-9.445358710774215
,46.752435574413155
,72.28225785042076
,83.20226287617817
,80.04120878977471
,74.97202750939678
,71.42015219049254
,64.99459133849423
,62.18987425819442
,67.14410811724859
,67.15560285938095
,73.82255329615916
,83.05283122845726
,101.50189235092112
,122.59474416383149
,106.81246321607892
,82.84592587007451
,60.0288627373077
,51.31584820096652
,42.12005449506554
,39.188895251309596
,40.154453590429206
,53.063049005087706
,66.96019224313055
,80.61594589639353
,97.61666951017796
,139.34258345070364
,149.88326198609266
,106.66303156835804
,86.78862242147954
,78.32849221205065
,77.06407057748926
,71.50061538541917
,69.44305654372383
,70.73046766254996
,72.51215269306827
,78.21354479072689
,92.31759338715251
,101.29498699253834
,88.70824435758638
,72.8914791834367
,53.534333432515126
,42.614328406757714
,16.785642835308337
,4.808121533372315
,11.704966812798048
,22.63646658068783
,42.614328406757714
,72.61560537225967
,83.29422081323717
,108.4217271146116
,110.29537008218892
,90.7313189728846
,78.33998695418302
,70.33964643004916
,54.591849708693736
,49.61462636537483
,46.40759331044187
,42.75226531234623
,42.154538721462664
,41.76371748896187
,39.39580060969237
,30.832217721072084
,22.073224216201396
,12.406146082872993
,10.314103014780528
,-5.00838824767699
,-2.054239519656292
,-0.49095458965312844
,-5.9969360710613415
,-5.5486411278986765
,-7.479757806137869
,-9.123505931067683
,17.015537677955862
,46.21218269419147
,48.38468895721058
,48.95942606382939
,37.24628383093802
,23.107751008115265
,26.37225777371011
,7.405933255289341
,5.026521633887455
,3.796584225723194
,7.532375418745474
,28.76316413724436
,59.61505202054215
,72.02937352350848
,61.25880014547195
,51.097448100451366
,50.59167944662681
,54.36195486604622
,56.281576802153054
,51.47677459081978
,46.85588825360454
,56.752861229580475
,51.92506953398245
,56.02869247524077
,73.420237321526
,86.47826438390538
,86.51274861030252
,74.97202750939678
,67.13261337511621
,58.72995687634918
,54.787260324944135
,51.959553760379585
,48.63757328412285
,48.545615347063844
,47.78696236632702
,57.12069297781651
,77.83421830035847
,85.86904305088945
,81.85737804669016
,74.90305905660254
,68.75337201578125
,58.05176709053899
,55.833281858990375
,53.44237549545612
,47.31567793889959
,52.40784870354226
,56.7413664874481
,71.25922580063927
,80.44352476440787
,93.21418327347786
,97.95001703201686
,87.23691736464221
,79.76533497859766
,76.1215017226344
,83.62756833507608
,80.43203002227548
,80.07569301617184
,79.93775611058332
,80.38605105374599
,80.50099847506975
,81.76542010963115
,82.04129392080817
,77.9606604638146
,60.23576809569047
,51.98254324464434
,30.39541752004179
,20.498444544065855
,9.578439518308443
,10.727913731546067
,30.337943809379908
,57.33909307833166
,77.13303903028353
,91.13363494751776
,110.27238059792418
,116.49103609153971
,95.45565798929123
,87.16794891184796
,79.54693487808252
,80.65043012279065
,72.04086826564085
,68.12116119850056
,61.45421076172235
,60.48865242260274
,59.569073052012655
,58.821914813408185
,48.95942606382939
,31.292007406367134
,20.13061279582982
,4.647195143519042
,-5.606114838560558
,-10.836222508791735
,-17.962962630864993
,-25.07820801080588
,-18.629657674542813
,-11.916728269235094
,18.509854155164774
,73.96049020174767
,93.67397295877291
,102.19157687886369
,100.60530246459578
,93.92685728568519
,88.22546518802658
,81.66196743043976
,80.06419827403946
,79.62739807300916
,79.09863993491985
,81.70794639896926
,88.47834951493884
,102.2835348159227
,122.26139664199258
,104.08820933070578
,95.59359489487974
,85.22533749147638
,85.22533749147638
,80.70790383345253
,81.76542010963115
,81.04125135529144
,85.61615872397718
,90.06462392920677
,94.99586830399616
,105.12273612261963
,132.53769610833695
,138.4000145958488
,108.03090588211082
,100.17999700569786
,87.30588581743648
,82.73097844875073
,78.85725035013996
,79.45497694102352
,80.99527238676194
,81.52403052485124
,86.77712767934717
,106.91591589527032
,133.9515493906192
,117.88189988955725
,93.60500450597866
,83.61607359294372
,80.61594589639353
,77.14453377241588
,79.6044085887444
,74.32832194998373
,77.69628139476995
,81.9723254680139
,90.0071502185449
,111.59427594314744
,141.91740568835593
,147.07854490579285
,112.00808665991298
,96.92698498223538
,86.73114871081766
,84.6850846112547
,81.77691485176351
,83.15628390764866
,84.38622131581292
,82.35165195838232
,86.84609613214144
,101.88121884128954
,116.31861495955405
,113.6978137533723
,91.9382668967841
,85.99548521434559
,81.8803675309549
,72.47766846667116
,67.16709760151333
,64.92562288569997
,68.23610861982432
,75.09846967285291
,87.46681220728975
,101.49039760878874
,103.62841964541072
,107.05385280085883
,102.34100852658457
,97.46723786245707
,86.78862242147954
,86.29434850978737
,83.67354730360559
,82.47809412183845
,82.78845215941263
,83.83447369345886
,84.99544264882886
,81.70794639896926
,78.22503953285927
,65.74174957709867
,31.314996890631882
,-0.6059020109769051
,-10.928180445850742
,-13.36506577791451
,-15.089277097770932
,-14.84788751299105
,-12.388012696662528
,8.842776021836357
,57.626461631641064
,86.80011716361193
,89.80024486016212
,89.36344465913183
,89.42091836979371
,95.12231046745231
,88.13350725096757
,83.22525236044292
,83.14478916551627
,76.811186250577
,76.98360738256262
,77.7192708790347
,86.30584325191974
,89.40942362766133
,89.96117125001538
,86.0414641828751
,67.06364492232194
,40.31537998028247
,13.854483591552395
,4.555237206460035
,0.026308806303802612
,-0.9737337592129336
,21.257097524802695
,51.810122112658696
,75.96057533278113
,89.05308662155765
,88.03005457177618
,87.7771702448639
,89.48988682258796
,95.54761592635023
,86.80011716361193
,90.94971907339975
,88.0185598296438
,86.71965396868528
,84.51266347926907
,84.09885276250353
,86.12192737780173
,81.3516093928656
,78.2020500485945
,59.51159934135076
,24.93541500716308
,-10.295969628570049
,-16.273235537405697
,-21.848185471608147
,-25.652945117424693
,-25.28511336918865
,-17.79054149887935
,-8.583253050845997
,42.476391501169196
,78.28251324352115
,87.2484121067746
,89.35194991699944
,92.66243565112379
,88.39788632001222
,75.99505955917827
,55.23555526810681
,47.878920303386025
,45.0856979652186
,43.03963386565564
,47.09727783838444
,46.82140402720741
,40.361358948811976
,16.233895212954273
,-13.974287110930447
,-27.36566169514876
,-52.1023467640224
,-89.21886910946523
,-129.01366637175173
,-178.16518372979246
,-169.16480064014186
,-95.92030377264055
,-58.619865553079705
,-26.848398299191828
,39.706158647266534
,72.84550021490719
,74.55821679263124
,60.70705252311789
,52.86763838883731
,48.396183699342956
,22.831877196938223
,17.141979841411995
,13.980925755008535
,17.590274784574667
,22.165182153260403
,43.74081313573058
,76.75371253991511
,82.15624134213192
,74.88006957233777
,41.499338419917216
,16.291368923616155
,10.233639819853892
,4.8541005019018115
,1.3367094093946719
,1.4861410571155744
,4.842605759769441
,13.842988849420024
,43.878750041319094
,79.06415570852272
,111.43334955329416
,114.26105611785873
,96.5821427182641
,80.54697744359926
,57.293114109802154
,32.84379759423793
,28.912595784965255
,24.992888717824968
,22.866361423335356
,25.418194176722878
,37.25777857307039
,63.914085578050866
,73.56966896924689
,38.0279262959396
,4.934563696828448
,-11.26152796768966
,-12.790328671295697
,-24.96326058948212
,-28.538125392651125
,-29.055388788608056
,-14.905361223652918
,-13.652434331223915
,-7.502747290402638
,44.4075081794084
,85.00693739096123
,85.67363243463905
,74.14440607586569
,55.3849869158277
,41.61428584124098
,21.027202682155163
,16.10745304949814
,12.739493604711903
,13.578609780375366
,14.509683893097844
,32.11962883989822
,57.890840700685715
,74.37430091851323
,55.419471142224836
,19.969686405976553
,15.693642332732594
,38.004936811674845
,-10.76725405599747
,-6.18085194517937
,-4.916430310617983
,15.670652848467846
,1.5551095099098404
,18.314443538914375
,59.16675707737948
,81.51253578271887
,78.56988179683056
,75.74217523226599
,52.18944860302711
,36.039335907038506
,43.878750041319094
,40.39584317520911
,39.11992679851534
,37.80952619542445
,41.18898038234306
,57.08620875141938
,73.79956381189442
,75.15594338351481
,73.73059535910015
,35.59104096387584
,11.003787542723103
,0.7964565291729997
,-5.985441328928971
,-2.973818890246392
,0.7274880763787479
,12.199240724490217
,10.279618788383388
,33.97028232321079
,75.22491183630906
,75.92609110638402
,74.05244813880668
,73.78806906976203
,77.75375510543184
,64.22444361562502
,62.350800648047695
,57.10919823568413
,53.95963889141305
,50.55719522022969
,52.83315416244018
,57.69543008443532
,67.55791883401413
,85.20234800721163
,86.39780118897876
,79.24807158264073
,54.60334445082612
,42.131549237197916
,23.93537244164635
,12.233724950887343
,14.578652345892102
,27.464258276285854
,40.177443074693954
,66.85673956393919
,72.00638403924371
,75.84562791145738
,75.67320677947173
,76.92613367190074
,75.16743812564718
,70.2361937508578
,70.91438353666797
,67.3280239913666
,64.91412814356758
,67.67286625533788
,68.19012965129482
,68.8223404685755
,67.25905553857234
,68.31657181475096
,54.787260324944135
,31.154070500778616
,-4.847461857823731
,-8.318873981801346
,-13.548981652032523
,-13.997276595195189
,-16.192772342479046
,-12.169612596147374
,-8.008515944227184
,36.154283328362276
,68.04069800357392
,74.9145537987349
,76.77670202417985
,76.79969150844461
,82.93788380713352
,77.31695490440154
,75.3973329682947
,75.14444864138244
,73.30528990020224
,71.87994187578758
,71.79947868086096
,73.83404803829154
,65.21299143900937
,55.44246062648958
,28.76316413724436
,-0.376007168329366
,-12.65239176570718
,-23.79079689197974
,-29.572652184564973
,-33.95214893700032
,-38.46958259502418
,-34.69930717560479
,-20.020521472560347
,11.601514133606656
,63.38532743996155
,74.75362740888164
,76.78819676631224
,75.3973329682947
,82.96087329139826
,79.5124506516854
,80.82285125477628
,80.478008990805
,79.36301900396451
,78.17906056432976
,78.14457633793262
,79.50095590955303
,76.73072305565034
,75.28238554697096
,56.5459558711977
,19.774275789726154
,5.9920799730070655
,-2.2381553937743064
,-8.882116346287773
,-11.882244042837968
,-8.215421302609954
,8.509428499997455
,15.93503191751249
,50.67214264155345
,77.17901799881302
,80.92630393396767
,80.83434599690867
,80.83434599690867
,86.40929593111113
,79.9032718841862
,77.06407057748926
,73.74209010123253
,73.86853226468867
,72.8340054727748
,75.91459636425164
,79.9952298212452
,84.35173708941579
,86.58171706309678
,94.96138407759904
,91.31755082163578
,75.2019223520443
,69.19017221681153
,63.442801150623424
,63.28187476077018
,63.3623379556968
,64.01753825724224
,76.33990182314956
,86.43228541537587
,89.59333950177934
,88.22546518802658
,86.55872757883203
,86.38630644684638
,76.5123229551352
,69.10970902188491
,72.19029991336176
,68.20162439342718
,62.281832195253436
,60.56911561752938
,62.06343209473829
,70.45459385137293
,93.22567801561024
,90.99569804192926
,90.78879268354648
,86.374811704714
,75.96057533278113
,66.68431843195353
,50.948016452730485
,43.86725529918672
,44.87879260683583
,55.833281858990375
,72.91446866770144
,86.46676964177301
,97.27182724620667
,93.44407811612538
,93.49005708465488
,95.11081572531994
,97.16837456701528
,93.45557285825777
,88.55881270986549
,86.73114871081766
,79.53544013595014
,78.21354479072689
,81.93784124161678
,88.68525487332163
,103.66290387180786
,91.38651927443003
,93.28315172627211
,82.9493785492659
,69.23615118534106
,69.70743561276848
,66.21303400452611
,66.21303400452611
,64.96010711209709
,69.29362489600292
,87.99557034537906
,91.38651927443003
,95.60508963701211
,91.4095087586948
,90.52441361450181
,90.4324556774428
,91.2600771109739
,90.35199248251618
,91.6508983434747
,89.22550775354331
,89.47839208045559
,89.21401301141093
,88.69674961545401
,90.45544516170756
,89.7197816652355
,91.27157185310628
,90.83477165207599
,89.07607610582242
,90.37498196678094
,88.73123384185112
,85.44373759199152
,83.00685225992777
,79.7998192049948
,85.08740058588788
,87.66222282354015
,89.1335498164843
,87.59325437074588
,87.60474911287827
,88.85767600530728
,93.07624636788934
,93.89237305928806
,89.78875011802974
,88.91514971596915
,88.32891786721797
,87.70820179206966
,87.99557034537906
,89.86921331295638
,89.62782372817647
,88.69674961545401
,90.01864496067726
,85.69662191890382
,69.17867747467918
,51.695174691334934
,24.93541500716308
,2.014899195204876
,-2.261144878039076
,-5.26127257458927
,9.739365908161716
,47.07428835411969
,78.0066394323441
,87.7311912763344
,89.86921331295638
,87.63923333927539
,87.63923333927539
,87.28289633317173
,87.03001200625945
,84.76554780618133
,85.29430594427063
,85.85754830875706
,84.32874760515104
,84.30575812088628
,82.78845215941263
,74.56971153476363
,63.92558032018323
,19.463917752152
,-5.00838824767699
,-12.45698114945678
,-13.64093958909153
,-17.3307518135843
,-24.11264967168627
,-26.963345720515576
,-18.882542001455093
,-11.387970131145792
,47.99386772470979
,82.50108360610322
,85.29430594427063
,88.81169703677776
,87.11047520118608
,89.47839208045559
,87.63923333927539
,83.88045266198836
,83.50112617161994
,80.48950373293738
,80.51249321720213
,83.7655052406646
,87.75418076059916
,87.47830694942212
,84.70807409551945
,87.84613869765816
,86.65068551589104
,87.31738055956886
,85.27131646000589
,81.45506207205698
,82.4091256690442
,74.56971153476363
,81.25965145580658
,88.69674961545401
,88.66226538905688
,87.21392788037747
,84.28276863662154
,84.28276863662154
,84.1563264731654
,83.89194740412074
,83.27123132897242
,84.37472657368055
,84.37472657368055
,85.21384274934401
,85.13337955441737
,84.39771605794529
,84.35173708941579
,84.34024234728341
,84.36323183154816
,84.35173708941579
,85.27131646000589
,83.77699998279698
,81.58150423551311
,63.799138156727096
,62.166884773929674
,60.90246313936829
,64.48882268466967
,81.45506207205698
,84.32874760515104
,84.2942633787539
,82.93788380713352
,83.73102101426747
,84.2942633787539
,84.30575812088628
,84.31725286301867
,74.97202750939678
,64.94861236996472
,63.787643414594726
,62.27033745312106
,63.23589579224066
,67.92575058225016
,82.42062041117659
,84.5816319320633
,84.61611615846044
,74.88006957233777
,63.339348471432054
,63.3623379556968
,59.95989428451344
,61.17833695054532
,59.97138902664581
,63.45429589275581
,65.60381267151017
,84.5816319320633
,83.54710514014945
,83.44365246095806
,83.65055781934085
,83.07582071272203
,82.59304154316223
,80.60445115426114
,80.99527238676194
,80.79986177051154
,81.02975661315907
,80.52398795933452
,80.71939857558489
,80.08718775830421
,80.99527238676194
,81.04125135529144
,82.45510463757371
,80.9607881603648
,69.27063541173818
,63.45429589275581
,54.95968145692978
,50.200858214126015
,47.683509687135626
,59.580567794145026
,65.43139153952453
,83.0873154548544
,81.09872506595332
,81.50104104058649
,83.14478916551627
,83.25973658684005
,81.65047268830737
,80.63893538065827
,76.23644914395818
,79.317040035435
,79.52394539381778
,79.52394539381778
,79.32853477756738
,76.9491231561655
,76.33990182314956
,79.62739807300916
,79.7998192049948
,82.50108360610322
,87.93809663471717
,88.70824435758638
,83.60457885081134
,79.73085075220054
,79.24807158264073
,79.75384023646531
,81.71944114110163
,79.56992436234728
,79.48946116742064
,77.21350222521015
,74.88006957233777
,71.24773105850689
,74.48924833983699
,77.94916572168223
,80.31708260095174
,76.78819676631224
,69.845372518357
,67.35101347563135
,62.546211264298094
,55.649365984872354
,58.155219769730365
,59.063304398188095
,57.488524726052546
,53.56881765891225
,51.05146913192186
,23.75145656752833
,17.383369426191898
,-2.5025344628189714
,-6.031420297458482
,-7.985526459962429
,1.0838250824824058
,38.004936811674845
,49.568647396845336
,58.212693480392254
,59.66103098907166
,60.764526233779776
,61.17833695054532
,59.66103098907166
,51.47677459081978
,49.47668945978632
,42.69479160168435
,37.56813661064455
,35.568051479611086
,19.245517651636852
,14.245304824053186
,8.291028399482315
,8.854270763968742
,6.095532652198443
,3.7161210307965717
,-4.985398763412235
,-1.9507868404649003
,-17.158330681598656
,-29.49218898963835
,-34.28549645883923
,-18.66414190093994
,-5.4221989644425435
,14.406231213906452
,55.304523720901074
,57.08620875141938
,64.90263340143522
,61.097873755618686
,57.097703493551755
,73.75358484336492
,69.845372518357
,70.33964643004916
,70.65000446762333
,71.02933095799175
,56.626419066124335
,57.71841956870008
,78.40895540697728
,80.56996692786402
,76.84567047697412
,83.73102101426747
,78.77678715521331
,76.62727037645897
,73.78806906976203
,63.120948370916906
,67.66137151320551
,76.68474408712085
,80.97228290249717
,75.3973329682947
,73.67312164843827
,73.79956381189442
,73.8110585540268
,71.28221528490403
,57.61496688950869
,87.0530014905242
,88.30592838295321
,88.63927590479211
,88.76571806824825
,87.30588581743648
,82.62752576955936
,83.35169452389906
,75.82263842719263
,75.94908059064878
,80.51249321720213
,89.88070805508875
,84.85750574324035
,66.92570801673342
,63.983054030845125
,58.48856729156928
,63.1669273394464
,66.81076059540968
,85.68512717677143
,75.52377513175085
,77.9146814952851
,80.58146166999639
,73.78806906976203
,80.52398795933452
,74.98352225152917
,63.856611867388985
,58.235682964657
,55.72982917979898
,57.61496688950869
,55.21256578384205
,63.3623379556968
,79.86878765778906
,78.23653427499164
,77.27097593587203
,79.85729291565667
,66.85673956393919
,59.55757830988027
,43.05112860778801
,41.039548734622166
,37.338241767997026
,57.71841956870008
,60.661073554588384
,80.52398795933452
,76.69623882925322
,76.04103852770778
,77.11004954601876
,84.11034750463588
,82.97236803353064
,81.84588330455777
,76.04103852770778
,64.56928587959631
,64.54629639533155
,70.5235623041672
,66.87972904820393
,55.0976183625183
,56.5919348397272
,73.10987928395184
,73.0294160890252
,59.143767593114724
,55.27003949450394
,41.38439099859346
,23.785940793925455
,21.326065977596947
,18.831706934871306
,32.809313367840794
,58.09774605906849
,81.1561987766152
,65.54633896084829
,78.7882818973457
,84.09885276250353
,84.09885276250353
,85.6506429503743
,83.19076813404578
,80.60445115426114
,78.25952375925638
,76.0295437855754
,76.0295437855754
,76.0295437855754
,63.39682218209393
,70.78794137321184
,79.08714519278749
,81.83438856242539
,76.43185976020858
,56.040187217373145
,41.38439099859346
,22.785898228408726
,15.31431584236418
,14.32576801897983
,6.164501104992709
,54.74128135641463
,70.3281516879168
,61.557663440913736
,72.37421578747977
,79.9492508527157
,81.27114619793896
,82.76546267514786
,80.61594589639353
,72.0178787813761
,69.15568799041442
,70.51206756203482
,72.70756330931867
,72.70756330931867
,54.29298641325196
,55.626376500607606
,53.61479662744176
,44.51096085859979
,5.428837608520624
,-15.6870036886545
,-22.56085948381549
,-31.54974783133369
,-42.665163473341494
,-60.73489810543694
,-46.86074435165882
,-27.36566169514876
,-4.904935568485598
,49.62612110750721
,53.982628375677805
,53.77572301729502
,53.063049005087706
,52.12048015023285
,52.292901282218494
,51.154921811113255
,36.75200991924584
,16.64770592971982
,5.313890187196861
,-1.870323645538278
,-4.399166914661052
,0.9688776611586434
,-1.6749130292878789
,-8.801653151361151
,-20.261911057340242
,-35.366002219282606
,-42.00996317179606
,-51.06781997210852
,-61.597003765365145
,-62.55106736235237
,-45.61931220136219
,-25.388566048380042
,-12.261570533206395
,32.30354471401623
,51.97104850251196
,50.626163673023946
,49.580142138977706
,51.028479647657115
,46.223677436323854
,65.08654927555324
,66.08659184106997
,61.92549518914977
,58.005788122009484
,55.35050268943057
,47.44212010235573
,67.50044512335224
,67.91425584011778
,68.24760336195669
,68.00621377717681
,67.78781367666164
,66.97168698526293
,50.58018470449444
,48.40767844147533
,50.58018470449444
,50.22384769839077
,50.2123529562584
,59.33917820936512
,64.02903299937462
,68.20162439342718
,67.5694135761465
,67.00617121166006
,66.8452448218068
,57.63795637377345
,57.66094585803819
,54.37344960817859
,54.40793383457572
,52.143469634497606
,53.15500694214671
,53.074543747220076
,57.63795637377345
,66.15556029386423
,65.54633896084829
,57.66094585803819
,50.92502696846573
,48.649068026255236
,42.7177810859491
,39.913064005649304
,39.050958345721085
,46.15470898352959
,49.63761584963959
,52.672227772586915
,60.189789127160964
,64.40835948974303
,57.7069248265677
,60.41968396980849
,68.91429840563451
,68.7303825315165
,68.68440356298699
,68.12116119850056
,68.01770851930917
,68.67290882085462
,68.00621377717681
,57.71841956870008
,67.99471903504443
,62.14389528966492
,60.68406303885314
,55.419471142224836
,56.626419066124335
,43.212054997641275
,31.234533695705245
,21.073181650684667
,18.82021219273893
,25.61360479297327
,53.143512200014335
,53.36191230052948
,53.419386011191364
,61.70709508863463
,71.46613115902204
,76.07552275410491
,74.06394288093907
,69.53501448078283
,61.14385272414819
,56.948271845830874
,61.6726108622375
,63.41981166635868
,63.47728537702056
,50.60317418875919
,55.40797640009245
,57.71841956870008
,58.85639903980532
,54.51138651376711
,65.67278112430444
,61.442716019589966
,50.61466893089157
,46.959340932795925
,45.86734043022018
,53.787217759427406
,58.53454626009878
,68.06368748783868
,55.36199743156295
,54.465407545237596
,59.55757830988027
,63.40831692422631
,64.50031742680204
,64.48882268466967
,60.01736799517532
,60.41968396980849
,60.13231541649908
,60.10932593223433
,60.08633644796957
,54.47690228736998
,57.890840700685715
,60.06334696370483
,60.06334696370483
,61.442716019589966
,69.70743561276848
,70.16722529806353
,64.92562288569997
,58.10924080120087
,52.76418570964592
,54.396439092443345
,60.13231541649908
,65.12103350195036
,57.373577304728784
,59.93690480024869
,57.67244060017057
,51.91357479185008
,59.23572553017373
,58.87938852407007
,48.93643657956464
,43.24653922403841
,35.75196735372911
,26.567668389960502
,21.739876694362486
,17.935117048545962
,27.797605798124764
,10.406060951839535
,5.428837608520624
,-0.5024493317855132
,-16.687046254171236
,-37.423561060977946
,-58.6773392637416
,-77.98850604613364
,-83.34505587982096
,-70.37898675450057
,-39.65354103465894
,-11.031633125042134
,3.670142062267061
,41.016559250357425
,40.46481162800336
,40.93609605543079
,40.40733791734148
,39.83260081072267
,31.77478657592694
,21.05019216641991
,9.704881681764576
,3.9115316470469708
,5.95759574660994
,11.590019391474286
,10.877345379266956
,6.727743469479137
,-1.8243446770087814
,-10.468390760555707
,-23.055133395507667
,-32.92911688721884
,-46.5848705404818
,-68.81570182449744
,-78.78164325326759
,-64.83852104669523
,-26.066755834190232
,-2.295629104436202
,12.75098834684428
,34.039250776005055
,41.545317388446726
,41.499338419917216
,50.706626867950575
,42.51087572756633
,42.533865211831085
,43.56839200374494
,46.85588825360454
,46.18919320992673
,43.522413035215436
,41.016559250357425
,42.740770570213854
,47.74098339779751
,46.442077536838994
,41.17748564021069
,46.166203725661966
,41.99361233160939
,32.935755531296934
,20.808802581640016
,26.809057974740405
,42.200517689992175
,50.68363738368582
,42.671802117419595
,41.62578058337336
,48.58009957346098
,56.56894535546246
,57.77589327936195
,57.04022978288988
,55.55740804781334
,47.99386772470979
,42.798244280875736
,41.06253821888693
,39.29234793050099
,33.52198738004812
,17.30290623126527
,40.568264307194745
,51.28136397456939
,51.94805901824721
,46.51104598963326
,40.85563286050415
,38.407252786308014
,33.590955832842376
,39.99352720057593
,40.40733791734148
,36.223251781156534
,11.750945781327545
,39.94754823204643
,35.10826179431604
,53.02856477869057
,56.67239803465384
,56.7873454559776
,57.10919823568413
,55.43096588435721
,38.39575804417564
,36.75200991924584
,38.32678959138138
,37.211799604540886
,38.384263302043266
,39.177400509177225
,39.32683215689812
,43.76380261999534
,43.78679210426009
,39.476263804619
,40.64872750212138
,39.855590294987415
,38.924516182264945
,37.740557742630195
,27.69415311893337
,31.682828638867917
,37.935968358880594
,39.372811125427624
,39.29234793050099
,41.47634893565247
,39.441779578221876
,41.86717016815326
,42.48788624330158
,41.499338419917216
,53.08603848935246
,42.45340201690445
,41.292433061534446
,39.99352720057593
,40.763674923445144
,41.61428584124098
,48.49963637853434
,61.78755828356126
,63.73016970393283
,63.810632898859474
,55.79879763259325
,49.44220523338919
,44.56843456926167
,41.34990677219633
,42.05108604227128
,46.61449866882464
,50.706626867950575
,47.35016216529672
,51.79862737052632
,66.15556029386423
,72.53514217733303
,68.25909810408908
,65.74174957709867
,61.500189730251854
,94.68551026642201
,84.99544264882886
,69.19017221681153
,60.73004200738265
,59.844946863189676
,68.0521927457063
,98.81212269194509
,123.26143920750931
,123.45684982375971
,99.00753330819549
,84.22529492595966
,69.46604602798858
,63.50027486128532
,58.48856729156928
,56.91378761943374
,58.36212512811314
,59.93690480024869
,54.74128135641463
,57.58048266311155
,77.53535500491668
,100.11102855290359
,94.68551026642201
,90.69683474648747
,75.01800647792629
,59.143767593114724
,46.304140631250476
,34.23466139225544
,28.95857475349476
,26.222826125989215
,31.06211256371961
,22.716929775614467
,31.26901792210238
,25.153815107678234
,11.670482586400922
,-5.21529360605976
,-13.250118356590747
,-14.686961123137777
,-18.158373247115392
,-19.227384265426366
,-20.089489925354584
,-22.825238552860142
,-6.824557504592434
,34.74043004608
,51.30435345883414
,63.70718021966808
,65.06355979128848
,70.86840456813847
,66.07509709893759
,63.10945362878452
,56.37353473921206
,50.166373987728896
,47.166246291178695
,48.5226258627991
,44.90178209110058
,43.47643406668593
,34.13120871306406
,16.30286366574854
,-5.330241027383522
,-3.6405139339242254
,-5.1233356690007525
,-6.686620599003916
,-10.238495917908168
,-12.169612596147374
,-8.560263566581241
,-4.4106616567934225
,19.199538683107342
,43.49942355095068
,56.431008449873936
,66.09808658320233
,67.523434607617
,66.70730791621828
,66.14406555173184
,50.48822676743542
,47.59155175007662
,46.87887773786929
,44.91327683323296
,46.80990928507504
,47.338667423164345
,44.95925580176247
,49.94797388721375
,50.74111109434771
,49.44220523338919
,48.95942606382939
,46.80990928507504
,35.72897786946436
,28.29187970981694
,29.54480660224594
,41.2694435772697
,48.269741535886816
,42.12005449506554
,49.61462636537483
,62.431263842974325
,80.01821930550994
,78.51240808616868
,78.45493437550678
,66.31648668371749
,48.131804630298305
,44.51096085859979
,43.924729009848605
,31.280512664234756
,33.98177706534317
,41.97062284734464
,44.87879260683583
,54.247007444722456
,59.63804150480691
,46.77542505867791
,46.959340932795925
,32.338028940413366
,23.176719460909517
,21.91229782634813
,20.57890773899249
,30.92417565813109
,45.062708480953845
,42.90169696006712
,47.016814643457806
,59.60355727840977
,58.3851146123779
,65.0060860806266
,61.20132643481007
,61.18983169267769
,59.91391531598393
,56.166629380829285
,52.74119622538117
,43.94771849411335
,44.1661185946285
,53.71824930663315
,56.68389277678621
,59.91391531598393
,62.73012713841611
,72.87998444130432
,54.396439092443345
,40.487801112268116
,34.579503656226734
,24.785983359442184
,35.705988385199596
,41.00506450822504
,44.89028734896821
,44.30405550021702
,58.086251316936114
,58.086251316936114
,57.90233544281809
,58.074756574803736
,59.04031491392334
,57.78738802149433
,60.442673454073244
,60.52313664899987
,58.810420071275814
,57.54599843671443
,57.40806153112592
,59.67252573120403
,64.24743309988976
,65.4428862816569
,65.4428862816569
,64.99459133849423
,59.81046263679254
,51.75264840199681
,44.51096085859979
,40.47630637013574
,39.453274320354254
,46.0052773358087
,46.01677207794107
,50.016942340008
,60.13231541649908
,65.4428862816569
,65.4428862816569
,64.07501196790413
,65.43139153952453
,62.281832195253436
,56.350545254947306
,43.38447612962692
,42.464896759036826
,40.43032740160623
,40.40733791734148
,40.821148634107026
,43.338497161097415
,61.87951622062027
,62.109411063267785
,57.84486173215622
,38.63714762895554
,5.7277009039624005
,-8.96257954121441
,-12.491465375853906
,-12.491465375853906
,-11.410959615410547
,11.658987844268538
,22.050234731936648
,52.01702747104147
,61.07488427135393
,60.95993685003017
,59.90242057385156
,59.81046263679254
,57.85635647428859
,61.833537252090764
,56.18961886509403
,40.31537998028247
,34.68295633541811
,34.43007200850584
,34.579503656226734
,34.60249314049148
,34.97032488872752
,35.07377756791891
,34.13120871306406
,0.5895511707902301
,-5.790030712678572
,-14.238666179975098
,-15.974372241963906
,-14.388097827695987
,-5.491167417236795
,16.49827428199893
,39.6716744208694
,38.30380010711663
,49.6835948181691
,58.28166193318651
,59.775978410395425
,58.99433594539384
,57.53450369458206
,46.281151146985735
,37.97045258527771
,34.61398788262386
,34.522029945564846
,33.510492637915746
,34.64847210902099
,19.61334939987288
,-0.14611232568184107
,-0.6978599480359122
,-0.49095458965312844
,-12.91677083475183
,-15.399635135345093
,-17.250288618657663
,-19.181405296896884
,-19.043468391308352
,-16.756014706965487
,-15.629529977992618
,3.8770474206498307
,10.061218687868234
,38.78657927667643
,50.86755325780385
,57.270124625537406
,56.557450613330076
,55.189576299577304
,58.63799893929017
,52.31589076648325
,38.614158144690784
,36.487630850201185
,36.41866239740693
,44.62590827992356
,54.706797130017506
,54.143554765531064
,56.511471644800565
,53.925154665015924
,49.6835948181691
,34.23466139225544
,34.16569293946119
,34.09672448666693
,34.050745518137425
,24.62505696958892
,17.923622306413577
,22.946824618262
,37.84401042182158
,46.166203725661966
,49.23529987500642
,51.45378510655503
,51.33883768523127
,48.074330919636424
,45.43054022918989
,44.35003446874653
,43.89024478345148
,30.92417565813109
,29.21145908040703
,32.08514461350109
,46.9248567063988
,46.9248567063988
,46.93635144853118
,45.54548765051365
,34.717440561815245
,31.337986374896637
,22.716929775614467
,18.705264771415166
,9.693386939632205
,0.6815091078492372
,11.56702990720953
,23.797435536057833
,40.34986420667959
,47.338667423164345
,46.2466669205886
,46.9248567063988
,46.47656176323613
,43.878750041319094
,55.21256578384205
,51.637700980673046
,43.844265814921975
,41.545317388446726
,38.25782113858712
,42.49938098543395
,48.36169947294583
,47.74098339779751
,47.97087824044503
,48.99391029022652
,46.0512563043382
,44.24658178955514
,42.98216015499376
,43.78679210426009
,44.28106601595226
,48.878962868902754
,44.61441353779118
,43.78679210426009
,30.429901746438915
,47.74098339779751
,47.74098339779751
,46.223677436323854
,46.21218269419147
,44.06266591543712
,32.38400790894287
,34.79790375674188
,34.55651417196198
,28.912595784965255
,27.360805597094462
,21.31457123546457
,24.13078305789675
,32.395502651075255
,35.00480911512465
,26.694110553416643
,5.026521633887455
,-5.652093807090068
,-10.629317150408966
,-16.296225021670438
,-20.65273228984104
,-13.755887010415293
,-11.238538483424904
,-5.652093807090068
,28.8896063007005
,30.28047009871802
,34.0622402602698
,35.98186219637663
,37.004894246158116
,37.02788373042287
,34.43007200850584
,25.946952314812187
,21.50998185171497
,16.233895212954273
,18.912170129797936
,23.82042502032259
,33.56796634857762
,38.981989892926826
,36.16577807049465
,20.96972897149329
,-4.525609078117185
,-11.387970131145792
,-13.675423815488656
,-16.641067285641725
,-15.664014204389744
,-10.215506433643426
,-5.571630612163418
,23.073266781718132
,27.648174150403868
,45.40755074492514
,43.60287623014207
,47.28119371250246
,47.26969897037009
,43.855760557054346
,37.01638898829049
,35.71748312733198
,34.522029945564846
,33.510492637915746
,31.24602843783763
,21.78585566289199
,-2.996808374511147
,-9.617779842759845
,-9.445358710774215
,-11.26152796768966
,-12.65239176570718
,-33.0440643085426
,-64.25228919794407
,-77.98850604613364
,-89.14990065667098
,-64.88450001522475
,-39.6190568082618
,-17.34224655571667
,-10.215506433643426
,2.313762490646667
,11.635998360003782
,11.658987844268538
,17.647748495236556
,12.429135567137742
,-11.97420197989699
,-12.365023212397773
,-14.089234532254196
,-16.238751311008556
,-16.756014706965487
,-15.962877499831535
,-16.169782858214305
,-18.675636643072323
,-25.836860991542707
,-23.17008081683143
,-23.572396791464584
,-26.055261092057847
,-30.066926096257163
,-32.06701122729062
,-35.63038128832726
,-33.10153801920448
,-14.675466381005393
,-4.502619593852444
,12.130272271695965
,26.935500138196545
,44.637403022055935
,47.361656907429094
,47.53407803941474
,45.15466641801285
,56.706882261050964
,54.04010208633969
,48.53412060493147
,45.02822425455672
,44.62590827992356
,50.82157428927434
,52.10898540810048
,54.867723519870765
,54.32747063964909
,51.97104850251196
,39.29234793050099
,29.41836443878981
,13.854483591552395
,11.704966812798048
,11.693472070665663
,24.257225221352883
,33.52198738004812
,34.61398788262386
,57.46553524178779
,68.50048768886897
,52.17795386089473
,52.028522213173844
,50.833069031406716
,48.83298390037325
,43.464939324553555
,43.016644381390876
,41.52232790418197
,38.15436845939574
,37.85550516395396
,41.32691728793157
,50.38477408824404
,52.22393282942424
,51.430795622290276
,45.68342455610217
,44.131634368231374
,29.39537495452506
,13.532630811845863
,3.601173609472795
,-2.973818890246392
,7.3139753182303195
,37.36123125226178
,43.407465613891674
,54.74128135641463
,56.36203999707968
,56.89079813516898
,56.84481916663948
,55.67235546913711
,52.55728035126315
,51.292858716701765
,48.05134143537167
,40.637232759989
,38.87853721373544
,35.51057776894921
,40.257906269620584
,44.78683466977682
,53.36191230052948
,53.35041755839711
,59.017325429658584
,48.43066792574008
,45.17765590227761
,37.15432589387901
,33.88981912828416
,32.15411306629535
,34.510535203432475
,35.51057776894921
,40.26940101175296
,51.292858716701765
,51.419300880157905
,46.78691980081028
,46.74094083228078
,46.683467121618904
,45.21214012867475
,57.741409052964826
,54.56886022442899
,56.2585873178883
,50.499721509567806
,49.63761584963959
,48.53412060493147
,55.373492173695325
,63.7531591881976
,57.729914310832456
,59.787473152527795
,62.6841481698866
,58.53454626009878
,43.82127633065722
,39.20038999344197
,36.3381992024803
,38.545189691896525
,48.18927834096018
,57.83336699002383
,59.09778862458522
,60.649578812456014
,59.270209756570864
,61.25880014547195
,60.68406303885314
,53.95963889141305
,58.48856729156928
,53.476859721853245
,46.0052773358087
,39.26935844623623
,35.79794632225862
,35.889904259317625
,43.93622375198098
,57.85635647428859
,73.70760587483541
,69.0177510848259
,57.76439853722958
,56.17812412296166
,49.90199491868424
,44.51096085859979
,37.14283115174663
,36.993399504025746
,36.20026229689178
,37.44169444718842
,50.77559532074483
,57.741409052964826
,55.66086072700473
,52.476817156336516
,57.78738802149433
,44.51096085859979
,49.005405032358894
,45.522498166248894
,44.177613336760885
,37.004894246158116
,32.49895533026663
,24.00434089444061
,33.52198738004812
,33.56796634857762
,23.80893027819021
,2.9459733079273605
,-8.732684698566885
,-14.112224016518965
,-15.882414304904898
,-27.79096715404667
,-37.28562415538943
,-25.76789253874844
,-17.445699234908062
,-5.169314637530263
,23.14223523451239
,47.154751549046324
,49.69508956030147
,51.626206238540675
,53.005575294425824
,50.90203748420097
,59.17825181951186
,51.44229036442266
,43.62586571440682
,38.95900040866208
,34.119713970931684
,25.694067987899906
,19.889223211049917
,5.118479570946462
,-4.78998814716185
,-18.342289121233406
,-46.975691772982586
,-66.01098474419763
,-502.7652068059646
,-106.26557169177914
,-89.44876395211273
,-65.7351109330206
,-20.330879510134494
,-5.5486411278986765
,33.80935593335752
,51.87909056545295
,61.02890530282443
,61.17833695054532
,66.22452874665848
,61.971474157679275
,49.93647914508137
,49.108857711550286
,49.120352453682656
,47.31567793889959
,40.85563286050415
,46.13171949926483
,50.48822676743542
,49.91348966081661
,49.108857711550286
,40.832643376239396
,35.820935806523366
,16.233895212954273
,-2.90485043745214
,-7.571715743196876
,-6.778578536062923
,10.095702914265374
,26.613647358490006
,32.062155129236345
,49.120352453682656
,49.970963371478504
,50.23534244052315
,54.17803899192819
,46.12022475713246
,39.039463603588715
,45.43054022918989
,37.84401042182158
,27.88956373518377
,18.532843639429522
,15.923537175380126
,24.08480408936724
,26.636636842754754
,45.384561260660384
,46.47656176323613
,38.89003195586782
,17.24543252060338
,1.8654675474839877
,-8.859126862023018
,-14.376603085563602
,-11.905233527102723
,-12.583423312912913
,-6.790073278195308
,15.210863163172789
,45.91331939874969
,50.53420573596494
,50.23534244052315
,50.00544759787563
,49.2467946171388
,46.694961863751274
,55.189576299577304
,52.821659420307796
,51.64919572280543
,47.154751549046324
,47.154751549046324
,48.476646894269585
,49.93647914508137
,70.36263591431393
,82.3631467005147
,52.292901282218494
,39.68316916300177
,30.60232287842456
,14.613136572289235
,11.624503617871397
,8.957723443160134
,7.704796550731118
,28.15394280422842
,48.327215246548704
,53.338922816264734
,47.166246291178695
,48.78700493184375
,51.06296387405423
,66.56937101062978
,53.71824930663315
,80.53548270146688
,79.15611364558173
,56.46549267627107
,54.856228777738394
,55.534418563548584
,63.53475908768245
,79.16760838771411
,76.89164944550362
,63.56924331407958
,78.2020500485945
,61.9140004470174
,49.09736296941791
,45.0397189966891
,38.57967391829366
,38.717610823882175
,47.143256806913946
,63.58073805621195
,79.1216294191846
,93.66247821664052
,49.982458113610875
,50.71812161008295
,50.71812161008295
,49.787047497360476
,48.31572050441632
,49.993952855743245
,49.09736296941791
,48.68355225265236
,47.26969897037009
,47.212225259708205
,47.32717268103197
,50.016942340008
,52.5802698355279
,52.05151169743859
,49.67210007603672
,47.26969897037009
,46.71795134801603
,33.34956624806248
,30.763249268277825
,31.85524977085357
,35.20021973137505
,45.189150644409985
,46.10873001500009
,51.98254324464434
,54.15504950766345
,54.30448115538434
,52.05151169743859
,51.94805901824721
,51.33883768523127
,44.982245286027215
,46.10873001500009
,46.35011959977999
,39.61420071020752
,33.63693480137188
,33.64842954350426
,37.729063000497824
,39.66017967873702
,39.61420071020752
,35.91289374358237
,21.475497625317836
,13.923452044346647
,-0.1346175835494563
,-4.870451342088472
,-1.1576496333309478
,6.693259243082011
,18.843201677003677
,37.280768057335145
,42.798244280875736
,48.99391029022652
,43.41896035602405
,45.20064538654237
,44.982245286027215
,44.97075054389484
,48.752520705446614
,47.74098339779751
,47.729488655665136
,40.26940101175296
,38.29230536498425
,36.556599302995444
,37.7865367111597
,36.60257827152495
,25.498657371649514
,4.290858137415384
,-6.203841429444111
,-6.330283592900244
,-10.1810222072463
,-11.307506936219156
,-12.307549501735892
,-7.583210485329261
,2.083867647999142
,32.338028940413366
,33.64842954350426
,39.39580060969237
,47.51108855514998
,48.867468126770376
,49.23529987500642
,48.878962868902754
,49.8790054344195
,39.913064005649304
,37.211799604540886
,34.40708252424109
,33.99327180747555
,39.315337414765736
,50.54570047809731
,48.878962868902754
,50.016942340008
,50.948016452730485
,48.43066792574008
,46.17769846779434
,38.522200207631776
,26.153857673194963
,14.038399465670423
,10.222145077721507
,28.94708001136238
,33.947292838946034
,48.68355225265236
,49.03988925875602
,49.0513840008884
,48.89045761103513
,48.89045761103513
,47.48809907088523
,49.70658430243384
,48.878962868902754
,39.79811658432554
,37.44169444718842
,36.361188686745045
,38.280810622851874
,45.07420322308623
,49.60313162324246
,51.87909056545295
,50.06292130853751
,39.63719019447227
,38.05091578020435
,35.95887271211188
,33.98177706534317
,31.567881217544162
,34.4990404613001
,36.6255677557897
,35.832430548655736
,47.8444360769889
,51.01698490552474
,50.02843708214038
,48.878962868902754
,49.649110591771965
,49.02839451662365
,77.12154428815114
,68.75337201578125
,65.16701247047986
,60.40818922767611
,59.07479914032047
,63.7531591881976
,78.16756582219737
,94.76597346134864
,89.74277114950024
,65.9716444197462
,46.12022475713246
,27.99301641437515
,-11.410959615410547
,-15.158245550565198
,-16.365193474464704
,-14.215676695710343
,0.18723519615706152
,40.54527482292999
,61.38524230892809
,52.281406540086124
,71.17876260571263
,74.63867998755788
,102.5709033692321
,86.29434850978737
,49.79854223949286
,50.72961635221533
,51.52275355934929
,48.89045761103513
,46.7294460901484
,51.86759582332057
,54.72978661428226
,49.79854223949286
,49.81003698162523
,43.93622375198098
,50.60317418875919
,30.06206999820288
,21.061686908552296
,16.360337376410413
,16.71667438251408
,31.429944311955644
,43.94771849411335
,51.07445861618662
,52.32738550861562
,49.993952855743245
,50.38477408824404
,50.72961635221533
,51.98254324464434
,50.26982666692028
,52.37336447714513
,46.0052773358087
,43.844265814921975
,45.59146661904316
,44.62590827992356
,43.91323426771623
,53.08603848935246
,54.63782867722324
,54.62633393509087
,54.63782867722324
,51.499764075084535
,47.476604328752856
,45.63744558757266
,29.981606803276243
,29.119501143348025
,29.993101545408614
,47.09727783838444
,52.41934344567463
,53.31593333199998
,50.706626867950575
,51.01698490552474
,51.86759582332057
,52.040016955306214
,50.56868996236206
,54.74128135641463
,53.810207243692155
,53.074543747220076
,46.2006879520591
,45.13167693374811
,45.07420322308623
,45.20064538654237
,45.166161160145236
,45.20064538654237
,44.396013437276025
,35.13125127858079
,30.786238752542573
,24.87794129650119
,13.716546685963884
,8.796797053306861
,31.303502148499504
,42.200517689992175
,42.78674953874336
,45.775382493161175
,53.86768095435404
,55.36199743156295
,54.79875506707651
,68.06368748783868
,55.16658681531255
,45.189150644409985
,41.17748564021069
,38.11988423299861
,41.40738048285821
,38.08540000660148
,32.671376462252276
,33.395545216591984
,18.647791060753285
,18.843201677003677
,6.555322337493493
,-19.767637145648052
,-32.1244849379525
,-58.53940235815307
,-106.47247705016193
,-130.28958274844547
,-116.48439744746159
,-52.68857861277357
,-22.92869123205152
,37.62561032130643
,45.522498166248894
,46.235172178456224
,45.90182465661732
,51.1319323268485
,49.108857711550286
,40.257906269620584
,38.03942103807197
,38.004936811674845
,36.223251781156534
,36.49912559233356
,33.49899789578337
,35.568051479611086
,42.09706501080078
,42.85571799153761
,37.602620837041684
,18.636296318620914
,-2.8933556953197694
,-9.157990157464809
,-10.192516949378657
,-5.709567517751935
,5.106984828814092
,22.268634832451795
,42.60283366462534
,51.637700980673046
,53.24696487920573
,56.22410309149116
,53.82170198582453
,55.304523720901074
,50.77559532074483
,47.26969897037009
,44.74085570124731
,43.24653922403841
,41.545317388446726
,40.93609605543079
,39.913064005649304
,40.37285369094435
,41.44186470925534
,40.361358948811976
,40.20043255895871
,38.981989892926826
,20.038654858770812
,4.888584728298952
,1.1412987931443013
,4.106942263297356
,30.245985872320894
,40.37285369094435
,47.18923577544345
,48.672057510519984
,47.28119371250246
,47.26969897037009
,47.06279361198732
,47.18923577544345
,44.01668694690761
,37.7865367111597
,41.568306872711474
,37.5911260949093
,37.25777857307039
,34.62548262475624
,33.510492637915746
,35.4186198318902
,39.039463603588715
,38.83255824520593
,37.84401042182158
,33.37255573232722
,26.45272096863674
,19.590359915608133
,13.95793627074378
,23.326151108630413
,29.694238249966837
,36.234746523288905
,39.63719019447227
,37.5911260949093
,36.6255677557897
,38.338284333513755
,39.16590576704485
,41.85567542602088
,39.522242773148506
,39.09693731425059
,39.2348742198391
,36.660051982186836
,37.06236795682
,35.993356938509
,37.5911260949093
,37.211799604540886
,39.22337947770673
,39.22337947770673
,37.671589289835936
,37.97045258527771
,36.303714976083164
,35.832430548655736
,35.78645158012623
,34.63697736688861
,34.39558778210871
,36.016346422773765
,38.25782113858712
,37.073862698952375
,37.03937847255525
,37.43019970505603
,37.92447361674821
,37.683084031968306
,35.67150415880247
,33.23461882673871
,33.23461882673871
,33.24611356887109
,35.820935806523366
,32.671376462252276
,32.29204997188386
,33.24611356887109
,32.671376462252276
,32.68287120438466
,32.280555229751485
,36.67154672431921
,37.26927331520277
,33.67141902776901
,32.671376462252276
,32.6598817201199
,43.24653922403841
,40.53378008079762
,40.257906269620584
,35.11975653644841
,34.15419819732882
,34.050745518137425
,33.613945317107124
,34.60249314049148
,33.510492637915746
,38.75209505027931
,43.47643406668593
,38.76358979241168
,33.69440851203376
,28.8896063007005
,28.774658879376737
,30.07356474033525
,29.016048464156633
,29.07352217481852
,38.062410522336734
,25.429688918855256
,17.992590759207843
,15.498231716482195
,2.405720427705674
,-0.4334808789912472
,8.842776021836357
,22.406571738040313
,33.65992428563663
,31.280512664234756
,43.02813912352326
,42.545359953963455
,38.67163185535267
,40.43032740160623
,42.85571799153761
,44.177613336760885
,38.69462133961742
,36.568094045127815
,35.08527231005129
,33.63693480137188
,33.60245057497475
,34.050745518137425
,34.039250776005055
,34.039250776005055
,20.682360418183883
,1.8309833210868618
,-5.180809379662634
,-12.640897023574809
,-23.02064916911054
,-24.917281620952608
,-17.273278102922433
,-5.617609580692928
,31.337986374896637
,37.947463101012964
,47.83294133485652
,45.614456103307916
,44.24658178955514
,42.83272850727286
,42.37293882197782
,42.97066541286137
,44.3615292108789
,43.407465613891674
,38.64864237108792
,35.92438848571475
,34.85537746740376
,40.22342204322346
,50.89054274206859
,51.98254324464434
,45.54548765051365
,46.21218269419147
,38.63714762895554
,32.00468141857446
,26.084889220400704
,26.027415509738823
,34.050745518137425
,35.07377756791891
,43.72931839359821
,79.3745137460969
,45.54548765051365
,45.53399290838128
,44.051171173304745
,45.24662435507187
,43.855760557054346
,56.293071544285425
,47.71799391353276
,38.177357943660496
,36.303714976083164
,34.26914561865257
,37.15432589387901
,45.189150644409985
,51.52275355934929
,67.05215018018956
,57.13218771994889
,35.832430548655736
,24.40665686907377
,16.13044253376289
,8.566902210659336
,9.71637642389696
,29.142490627612773
,36.68304146645158
,41.40738048285821
,54.49989177163473
,45.315592807866125
,45.522498166248894
,46.52254073176563
,47.28119371250246
,45.304098065733754
,45.43054022918989
,38.89003195586782
,35.556556737478715
,38.63714762895554
,38.37276855991088
,38.867042471603064
,39.34982164116286
,45.89032991448494
,48.649068026255236
,47.71799391353276
,38.70611608174979
,38.177357943660496
,33.912808612548915
,30.786238752542573
,31.533396991147036
,32.42998687747238
,32.42998687747238
,31.751797091662183
,40.60274853359188
,48.557110089196215
,48.5226258627991
,51.764143144129186
,49.55715265471296
,45.64894032970504
,42.7637600544786
,41.45335945138771
,41.430369967122964
,40.37285369094435
,38.44173701270515
,40.028011426973066
,42.2809808849188
,42.16603346359504
,42.14304397933029
,40.706201212783256
,40.44182214373861
,40.46481162800336
,39.188895251309596
,34.786409014609504
,33.72889273843089
,35.154240762845546
,39.8670850371198
,40.18893781682633
,41.06253821888693
,46.21218269419147
,46.2006879520591
,46.32713011551523
,47.476604328752856
,46.89037248000167
,36.91293630909911
,43.775297362127716
,42.66030737528722
,37.24628383093802
,36.91293630909911
,37.614115579174054
,40.41883265947386
,39.97053771631118
,39.79811658432554
,33.64842954350426
,26.25731035238634
,23.211203687306643
,23.2341931715714
,17.394864168324283
,19.751286305461406
,24.383667384809023
,25.257267786869612
,24.53309903252991
,36.47613610806881
,39.79811658432554
,39.79811658432554
,39.188895251309596
,39.591211225942764
,41.28093831940207
,45.499508681984146
,38.76358979241168
,37.02788373042287
,38.32678959138138
,31.728807607397428
,33.590955832842376
,38.75209505027931
,33.64842954350426
,32.269060487619114
,8.658860147718343
,-8.571758308713612
,-14.10072927438658
,-36.48099220612309
,-46.14807033945149
,-38.078761362523394
,-14.388097827695987
,-2.042744777523936
,16.291368923616155
,42.75226531234623
,50.78709006287721
,51.08595335831899
,52.89062787310206
,50.74111109434771
,51.74115365986444
,51.499764075084535
,43.69483416720108
,42.57984418036059
,42.212012432124546
,41.17748564021069
,41.53382264631435
,41.165990898078306
,45.0856979652186
,37.80952619542445
,5.9231115202127995
,-12.606412797177683
,-24.641407809775586
,-40.400699273263385
,-69.7467759372199
,-59.102644722639496
,-28.089830449488446
,0.6815091078492372
,17.37187468405952
,46.26965640485336
,46.06275104647058
,52.476817156336516
,53.02856477869057
,52.476817156336516
,49.55715265471296
,43.3959708717593
,42.90169696006712
,42.90169696006712
,44.32704498448177
,44.74085570124731
,45.315592807866125
,48.49963637853434
,44.92477157536534
,44.97075054389484
,37.62561032130643
,39.56822174167801
,26.05040499400357
,6.153006362860324
,-2.1806816831124394
,4.4632792694010135
,22.418066480172683
,41.17748564021069
,52.37336447714513
,60.867978912971154
,56.85631390877186
,56.32755577068255
,56.22410309149116
,55.54591330568097
,54.99416568332691
,55.13210258891543
,50.40776357250879
,37.3957154786589
,39.729148131531275
,48.40767844147533
,43.59138148800969
,50.82157428927434
,55.22406052597444
,61.92549518914977
,64.18995938922788
,53.51134394825037
,33.65992428563663
,30.28047009871802
,25.72855221429704
,32.56792378306089
,48.005362466842165
,68.12116119850056
,58.867893781937696
,62.8335798176075
,56.00570299097602
,56.00570299097602
,56.00570299097602
,55.99420824884365
,54.856228777738394
,75.99505955917827
,79.38600848822925
,67.68436099747026
,60.120820674366705
,57.61496688950869
,64.12099093643363
,67.7648241923969
,79.38600848822925
,68.89130892136977
,63.983054030845125
,77.09855480388639
,79.44348219889113
,72.4087000138769
,69.70743561276848
,69.46604602798858
,75.71918574800124
,70.16722529806353
,72.14432094483223
,104.31810417335329
,62.31631642165057
,59.10928336671759
,58.54604100223116
,61.08637901348631
,57.925324927082855
,67.69585573960264
,55.316018463033444
,50.72961635221533
,54.81024980920889
,54.143554765531064
,56.46549267627107
,58.45408306517215
,61.75307405716413
,62.22435848459156
,57.91383018495047
,54.60334445082612
,43.72931839359821
,11.888882686916062
,-0.9737337592129336
,-1.3990392181108575
,11.394608775223887
,37.01638898829049
,57.67244060017057
,63.24739053437305
,77.99514469021175
,69.29362489600292
,68.93728788989927
,66.59236049489452
,67.22457131217521
,60.00587325304294
,63.810632898859474
,64.40835948974303
,63.37383269782919
,63.25888527650541
,65.08654927555324
,55.304523720901074
,68.55796139953085
,74.61569050329314
,68.0981717142358
,52.95959632589632
,44.89028734896821
,35.40712508975782
,31.131081016513868
,32.142618324162974
,43.6373604565392
,51.91357479185008
,53.936649407148295
,63.58073805621195
,69.33960386453244
,68.55796139953085
,67.16709760151333
,69.90284622901888
,69.56949870717997
,81.83438856242539
,80.93779867610006
,77.33994438866628
,69.47754077012094
,60.890968397235916
,61.14385272414819
,75.32836451550045
,78.25952375925638
,80.84584073904104
,71.89143661791996
,61.959979415546904
,53.223975394940965
,41.89015965241801
,37.004894246158116
,32.924260789164556
,39.372811125427624
,54.32747063964909
,61.05189478708918
,71.87994187578758
,77.37442861506342
,73.30528990020224
,77.27097593587203
,70.24768849299015
,69.52351973865046
,76.1215017226344
,73.01792134689283
,65.5348442187159
,59.31618872510037
,58.85639903980532
,58.5805252286283
,58.48856729156928
,66.37396039437938
,66.85673956393919
,71.46613115902204
,63.86810660952135
,57.69543008443532
,51.223890263907506
,35.62552519027297
,30.314954325115153
,42.89020221793474
,52.87913313096969
,64.81067546437622
,74.07543762307144
,76.28242811248768
,86.67367500015578
,82.25969402132331
,74.10992184946856
,74.10992184946856
,90.96121381553212
,78.86874509227232
,74.10992184946856
,75.75366997439838
,75.76516471653076
,76.73072305565034
,96.15683725936617
,136.756266470919
,139.69892045680731
,115.47949878389062
,84.47817925287194
,89.44390785405845
,75.66171203733937
,71.19025734784502
,72.32823681895026
,76.47783872873806
,88.27144415655609
,81.47805155632174
,131.6870851905411
,131.03188488899565
,138.83681479687908
,119.157816266251
,109.81259091262913
,90.61637155156083
,72.05236300777322
,69.51202499651808
,67.61539254467601
,65.69577060856918
,67.60389780254363
,69.47754077012094
,77.27097593587203
,80.15615621109846
,80.75388280198203
,79.22508209837599
,75.84562791145738
,50.71812161008295
,26.004426025474068
,16.095958307365756
,22.44105596443744
,44.61441353779118
,70.14423581379879
,97.22584827767716
,107.13431599578547
,90.926729589135
,116.34160444381882
,107.14581073791786
,103.62841964541072
,82.91489432286876
,91.47847721148904
,85.09889532802023
,74.47775359770462
,66.85673956393919
,61.77606354142888
,69.33960386453244
,88.99561291089579
,94.61654181362775
,87.0530014905242
,66.20153926239372
,59.534588825615515
,53.37340704266187
,45.361571776395635
,32.30354471401623
,14.383241729641703
,35.556556737478715
,48.5226258627991
,48.442162667872466
,71.81097342299331
,98.96155433966597
,100.26046020062448
,96.5821427182641
,95.11081572531994
,89.91519228148587
,77.92617623741748
,74.69615369821976
,72.0178787813761
,71.59257332247817
,70.75345714681472
,82.38613618477945
,100.22597597422735
,99.49031247775528
,100.37540762194826
,72.08684723417036
,51.097448100451366
,48.3731942150782
,-11.31900167835154
,-17.020393776010152
,-18.181362731380133
,6.9921225385237875
,-2.2036711673771947
,57.39656678899354
,92.71990936178568
,111.74370759086834
,120.79006964904842
,91.66239308560708
,95.89245819032152
,82.88041009647164
,69.48903551225332
,59.31618872510037
,53.063049005087706
,53.36191230052948
,49.90199491868424
,55.3849869158277
,74.21337452865995
,78.07560788513837
,59.30469398296799
,59.247220272306116
,48.40767844147533
,11.647493102136167
,-10.583338181879455
,-11.433949099675289
,-10.227001175775797
,28.935585269230003
,53.488354463985615
,53.499849206118
,57.31610359406691
,93.16820430494836
,102.72033501695299
,98.77763846554795
,101.34096596106787
,98.35233300665003
,100.65128143312528
,98.81212269194509
,95.93843715885103
,94.47860490803924
,92.27161441862302
,92.179656481564
,92.44403555060865
,81.75392536749877
,58.339135643848394
,7.532375418745474
,-11.330496420483911
,-25.29660811132102
,-39.40065670774666
,-58.49342338962356
,-61.67746696029178
,-52.80352603409733
,-25.262123884923895
,-11.250033225557274
,55.54591330568097
,80.77687228624679
,77.36293387293105
,72.07535249203798
,67.1785923436457
,49.22380513287405
,8.716333858380224
,-5.537146385766292
,-4.456640625322933
,-10.249990660040552
,-10.491380244820448
,-4.169272072013527
,-1.8473341612735368
,-2.491039720686601
,4.865595244034182
,-10.548853955482329
,-12.45698114945678
,-23.262038753890437
,-30.664652687140716
,-39.03282495951062
,-45.37792261658228
,-32.52680091258567
,-23.779302149847368
,4.78513204910756
,78.75379767094857
,101.37545018746496
,102.54791388496736
,100.54782875393389
,98.85810166047457
,93.65098347450815
,78.19055530646214
,75.2019223520443
,76.69623882925322
,75.2019223520443
,76.89164944550362
,87.48980169155449
,109.54821184358448
,138.75635160195247
,126.57192494163365
,96.42121632841084
,83.55859988228183
,78.13308159580025
,75.01800647792629
,73.8110585540268
,73.75358484336492
,75.19042760991195
,81.9723254680139
,109.20336957961318
,135.1699920566511
,113.90471911175507
,143.71058546100664
,136.8942033765075
,132.76759095098444
,116.10021485903891
,106.12277868813636
,101.38694492959735
,101.65132399864201
,98.11094342187013
,98.21439610106151
,107.41018980696249
,145.92907069255523
,163.65396306067936
,128.7904101731823
,103.19161944438042
,71.67303651740481
,43.855760557054346
,12.245219693019727
,-0.7553336586977935
,3.86555267851746
,26.728594779813776
,66.48890781570313
,98.83511217620983
,115.11166703565456
,130.58358994583295
,133.89407567995733
,124.1925133202318
,114.57141415543288
,91.57043514854807
,90.88075062060548
,86.75413819508242
,85.2598217178735
,87.13346468545085
,87.89211766618767
,95.9039529324539
,115.1001722935222
,135.76771864753465
,111.5138127482208
,94.43262593950973
,80.90331444970293
,61.46570550385472
,26.360763031577733
,14.118862660597046
,12.94639896309468
,36.85546259843722
,71.84545764939045
,93.24866749987498
,113.87023488535793
,129.9283896442875
,134.2389179439286
,129.8364317072285
,118.56008967536744
,106.60555785769617
,98.1224381640025
,93.22567801561024
,90.78879268354648
,90.21405557692766
,92.36357235568202
,104.15717778350002
,124.15802909383466
,141.05530002842772
,132.81356991951395
,109.37579071159882
,96.78904807664686
,82.9953575177954
,55.43096588435721
,41.33841203006396
,42.212012432124546
,72.0178787813761
,84.85750574324035
,108.83553783137715
,130.1238002605379
,133.87108619569256
,157.04448633456303
,143.43471164982958
,129.5375684117867
,117.82442617889535
,109.57120132784922
,106.61705259982853
,103.03069305452716
,103.4904827398222
,103.973261909382
,111.64025491167695
,118.36467905911704
,132.62965404539594
,132.8825383723082
,120.69811171198941
,105.8583996190917
,92.16816173943162
,85.28281120213825
,76.28242811248768
,76.76520728204747
,87.69670704993727
,96.61662694466123
,112.92766603050309
,121.60619634044714
,118.64055287029407
,119.43369007742803
,118.4796264804408
,110.03099101314427
,103.41001954489558
,103.73187232460211
,103.1571352179833
,102.16858739459894
,102.18008213673131
,100.91566050216993
,102.20307162099607
,100.75473411231667
,102.59389285349685
,96.17982674363093
,79.71935601006817
,52.338880250748
,24.923920265030702
,3.670142062267061
,-9.985611590995902
,-8.9166005726849
,3.5207104145461727
,23.866403988852092
,75.3053750312357
,110.939075641602
,121.7671227303004
,125.70981928170545
,112.34143418175191
,106.5825683734314
,91.3520350480329
,85.40925336559441
,82.62752576955936
,81.2481567136742
,80.58146166999639
,77.94916572168223
,80.28259837455461
,78.76529241308096
,70.90288879453561
,53.59180714317701
,46.21218269419147
,9.015197153822001
,-10.514369729085189
,-12.675381249971934
,-14.732940091667274
,-8.065989654889066
,36.44165188167168
,46.913361964266414
,77.9606604638146
,108.6746114415239
,136.1125609115059
,138.85980428114385
,124.31895548368793
,116.10021485903891
,109.45625390652546
,91.91527741251934
,88.28293889868847
,82.54706257463272
,81.78840959389589
,83.98390534117975
,96.46719529694033
,124.1925133202318
,149.97521992315166
,132.98599105149958
,115.08867755138982
,94.82344717201053
,87.94959137684955
,80.00672456337757
,70.46608859350532
,73.53518474284975
,82.01830443654342
,96.46719529694033
,109.44475916439309
,145.5612389443192
,180.34432863688966
,185.75835218123882
,148.75677725711978
,120.91651181250455
,112.05406562844249
,115.65191991587625
,105.70896797137083
,103.32955634996893
,100.17999700569786
,103.3525458342337
,115.93928846918564
,138.27357243239265
,165.27472170134442
,156.0904227375758
,130.07782129200842
,119.33023739823665
,102.812292954012
,95.24875263090844
,92.59346719832955
,93.89237305928806
,109.36429596946645
,110.847117704543
,129.82493696509613
,180.19489698916874
,261.5891660285248
,255.71535279888056
,173.47047284172865
,138.13563552680415
,120.30729047948863
,116.33010970168644
,113.20353984168011
,109.66315926490824
,105.18020983328151
,111.14598099998477
,122.67520735875812
,155.14785388272094
,194.24147187493253
,169.5737552588531
,129.1122629528888
,119.51415327235466
,112.22648676042814
,107.18029496431498
,102.46745069004072
,103.03069305452716
,109.15739061108368
,115.1921302305812
,127.45702008582664
,178.98794906526928
,134.02051784341347
,126.21558793553001
,127.27310421170861
,123.31891291817118
,106.45612620997527
,98.21439610106151
,94.26020480752409
,92.08769854450497
,91.018687526194
,91.16811917391489
,96.45570055480796
,114.15760343866734
,126.53744071523653
,118.35318431698467
,95.7085423162035
,87.28289633317173
,87.27140159103935
,88.29443364082083
,92.0302248338431
,91.16811917391489
,92.09919328663736
,95.31772108370271
,92.00723534957837
,103.973261909382
,111.16897048424953
,107.57111619681575
,97.82357486856073
,97.52471157311894
,94.24871006539172
,85.42074810772678
,84.81152677471084
,85.44373759199152
,82.96087329139826
,82.7539679330155
,87.52428591795163
,90.26003454545717
,101.92719780981903
,106.11128394600398
,95.44416324715884
,87.62773859714301
,82.20222031066143
,80.91480919183529
,80.94929341823243
,80.92630393396767
,82.90339958073639
,87.61624385501062
,93.46706760039014
,103.39852480276319
,105.39860993379665
,109.50223287505497
,108.97347473696567
,105.01928344342824
,97.05342714569153
,95.80050025326251
,92.77738307244756
,93.73144666943479
,95.43266850502647
,96.46719529694033
,96.43271107054319
,108.45621134100874
,108.85852731564191
,97.9270275477521
,82.74247319088312
,49.0513840008884
,17.107495615014876
,-6.341778335032629
,-13.709908041885782
,-13.054707740340348
,19.39494929935774
,71.42015219049254
,96.47869003907272
,116.5944887707311
,114.6633720924919
,115.01970909859556
,110.59423337763072
,100.6397866909929
,94.38664697098022
,92.69691987752093
,87.43232798089261
,84.28276863662154
,82.7539679330155
,82.2711887634557
,84.2942633787539
,87.25990684890698
,86.53573809456726
,79.85729291565667
,55.419471142224836
,11.440587743753383
,-1.4680076709051235
,-7.721147390917778
,-7.8131053279767855
,-8.23841078687471
,9.46349209698468
,63.94856980444799
,100.13401803716835
,128.9283470787708
,138.02068810548036
,135.5838027734166
,122.22691241559545
,104.92732550636923
,94.40963645524499
,92.45553029274103
,90.77729794141409
,87.54727540221639
,87.94959137684955
,88.70824435758638
,97.32930095686854
,132.77908569311683
,161.11362504942423
,164.07926851957728
,132.34228549208655
,120.61764851706278
,115.04269858286031
,103.52496696621932
,98.05346971120827
,98.9960385660631
,102.29502955805508
,103.16862996011567
,104.51351478960369
,97.6971327051046
,132.44573817127792
,124.22699754662892
,100.60530246459578
,92.43254080847629
,82.28268350558807
,57.373577304728784
,45.20064538654237
,48.350204730813445
,47.419130618090975
,56.14363989656453
,73.6616269063059
,98.09944867973775
,125.60636660251407
,110.57124389336596
,91.39801401656241
,82.65051525382411
,80.22512466389273
,-2.7899030161283775
,-9.180979641729564
,-12.847802381957578
,76.85716521910648
,86.32883273618451
,85.58167449758004
,71.90293136005235
,87.59325437074588
,87.71969653420201
,77.8687025267556
,80.46651424867262
,72.27076310828838
,56.5919348397272
,43.80978158852484
,40.41883265947386
,39.188895251309596
,47.38464639169385
,84.04137905184163
,97.04193240355914
,110.47928595630694
,108.07688485064033
,100.84669204937568
,88.2139704458942
,86.2368747991255
,77.53535500491668
,77.61581819984333
,80.68491434918776
,85.67363243463905
,92.89233049377133
,104.18016726776479
,121.64068056684427
,134.02051784341347
,127.73289389700366
,116.06573063264179
,111.87014975432447
,100.398397106213
,92.07620380237262
,86.61620128949392
,84.34024234728341
,81.85737804669016
,84.70807409551945
,90.44395041957519
,113.61735055844565
,144.76810173718522
,143.5266695868886
,110.09995946593853
,98.36382774878241
,87.39784375449548
,81.30563042433609
,79.05266096639035
,81.55851475124837
,86.88058035853855
,95.21426840451132
,120.41074315868
,137.98620387908323
,144.99799657983277
,106.91591589527032
,106.62854734196091
,103.83532500379349
,95.15679469384943
,94.5475733608335
,91.04167701045876
,88.39788632001222
,88.00706508751142
,87.39784375449548
,90.98420329979687
,112.61730799292891
,133.9515493906192
,135.91715029525554
,109.19187483748081
,97.85805909495787
,83.83447369345886
,78.56988179683056
,70.28217271938729
,59.89092583171917
,65.56932844511304
,69.63846715997421
,74.74213266674927
,94.46711016590687
,102.75481924335011
,96.8695112715735
,82.93788380713352
,76.9491231561655
,70.48907807777006
,61.61513715157561
,51.8561010811882
,45.75239300889642
,39.36131638329524
,39.982032458443555
,49.005405032358894
,64.92562288569997
,81.2941356822037
,80.82285125477628
,71.99488929711136
,37.02788373042287
,18.050064469869717
,-6.307294108635503
,-12.46847589158915
,-13.181149903796495
,-0.3645124261969954
,19.360465072960608
,73.86853226468867
,96.16833200149856
,98.52475413863567
,99.55928093054953
,94.6395312978925
,94.39814171311261
,84.85750574324035
,72.09834197630272
,69.4545512858562
,67.44297141269035
,67.61539254467601
,66.98318172739532
,64.01753825724224
,68.48899294673659
,69.30511963813531
,60.20128386929334
,36.84396785630485
,0.8769197240996363
,-9.203969125994306
,-13.83635020534193
,-15.365150908947967
,-18.411257574027672
,-14.376603085563602
,16.10745304949814
,69.63846715997421
,99.90412319452082
,103.82383026166112
,101.53637657731824
,101.61683977224487
,98.08795393760536
,91.96125638104884
,86.30584325191974
,86.2368747991255
,84.27127389448916
,85.92651676155133
,85.48971656052103
,88.63927590479211
,105.91587332975358
,135.34241318863673
,133.9515493906192
,118.64055287029407
,107.09983176938833
,101.01911318136132
,99.3868597985639
,90.32900299825141
,91.62790885920994
,91.08765597898827
,92.43254080847629
,95.61658437914448
,120.81305913331317
,123.20396549684743
,115.35305662043447
,93.7199519273024
,92.44403555060865
,84.40921080007767
,90.42096093531045
,90.67384526222271
,89.36344465913183
,84.82302151684321
,84.25977915235678
,92.0302248338431
,108.6746114415239
,130.36518984531784
,122.0085123150803
,116.3530991859512
,97.82357486856073
,92.179656481564
,84.12184224676827
,75.42032245255946
,67.19008708577809
,81.90335701521965
,86.00697995647796
,91.97275112318123
,107.37570558056538
,126.58341968376604
,119.33023739823665
,94.28319429178885
,91.52445618001855
,85.15636903868212
,87.9266018925848
,84.61611615846044
,85.23683223360877
,85.24832697574114
,86.88058035853855
,94.29468903392122
,118.76699503375022
,144.87155441637663
,135.03205515106256
,99.15696495591637
,81.96083072588154
,72.52364743520066
,45.71790878249929
,31.18855472717574
,25.797520667091298
,63.52326434555007
,81.34011465073321
,91.05317175259113
,115.41053033109635
,123.84767105626051
,111.88164449645684
,94.12226790193559
,87.89211766618767
,81.90335701521965
,78.25952375925638
,78.43194489124203
,77.47788129425481
,76.21345965969343
,77.14453377241588
,86.81161190574431
,106.45612620997527
,136.1815293643002
,120.89352232823981
,95.04184727252569
,71.51211012755155
,46.21218269419147
,1.3596988936594414
,-4.594577530911451
,-1.341565507448962
,47.28119371250246
,78.52390282830103
,91.70837205413658
,120.81305913331317
,138.3425408851869
,119.1118372977215
,100.70875514378716
,96.26028993855756
,80.35156682734886
,75.33985925763282
,73.5236900007174
,72.14432094483223
,75.834133169325
,76.1789754332963
,86.46676964177301
,103.82383026166112
,121.22686985007871
,113.59436107418091
,91.4095087586948
,68.42002449394235
,36.68304146645158
,-0.5484283003150097
,-9.560306132097978
,-2.2151659095095653
,6.624290790287759
,68.48899294673659
,89.62782372817647
,103.90429345658774
,121.59470159831476
,119.6865744043403
,97.93852228988449
,92.62795142472666
,84.00689482544449
,79.30554529330263
,77.99514469021175
,77.15602851454827
,76.9491231561655
,76.36289130741432
,79.54693487808252
,88.97262342663103
,97.09940611422101
,89.99565547641252
,66.8912237903363
,32.15411306629535
,1.8539728053516171
,-9.767211490480747
,-16.44565666939134
,-12.422496923059668
,-6.916515441651441
,37.671589289835936
,91.73136153840133
,102.31801904231983
,113.37596097366577
,109.29532751667219
,96.13384777510143
,88.60479167839499
,81.74243062536638
,90.12209763986866
,86.66218025802341
,82.24819927919094
,84.39771605794529
,83.68504204573797
,86.58171706309678
,88.70824435758638
,92.19115122369638
,83.97241059904738
,64.70722278518483
,14.360252245376955
,-5.790030712678572
,-13.83635020534193
,-17.5261624298347
,-16.077824921155297
,-4.755503920764724
,64.01753825724224
,103.12265099158617
,112.8701923198412
,112.84720283557644
,110.66320183042498
,109.28383277453983
,102.98471408599765
,95.2257631466437
,89.70828692310312
,86.58171706309678
,86.59321180522915
,86.36331696258164
,86.58171706309678
,96.68559539745547
,124.31895548368793
,120.13486934750298
,113.84724540109318
,110.0654752395414
,99.77768103106469
,91.47847721148904
,86.59321180522915
,84.50116873713668
,85.50121130265342
,89.61632898604411
,103.3525458342337
,119.95095347338497
,123.14649178618555
,120.74409068051892
,111.7666970751331
,114.57141415543288
,102.22606110526083
,90.54740309876658
,89.34045517486706
,86.35182222044925
,84.40921080007767
,86.05295892500746
,84.71956883765182
,89.35194991699944
,115.90480424278852
,126.60640916803078
,116.81288887124626
,114.26105611785873
,96.81203756091162
,87.76567550273154
,78.69632396028669
,77.17901799881302
,74.83409060380828
,78.54689231256579
,89.34045517486706
,103.16862996011567
,115.11166703565456
,112.80122386704696
,106.55957888916666
,91.05317175259113
,81.27114619793896
,70.28217271938729
,61.58065292517849
,62.21286374245918
,62.362295390180066
,63.8910960937861
,62.71863239628373
,69.78789880769511
,95.61658437914448
,111.98509717564824
,103.93877768298488
,89.27148672207282
,68.04069800357392
,68.07518222997105
,67.14410811724859
,64.96010711209709
,67.0866344065867
,73.96049020174767
,93.26016224200737
,113.03111870969447
,109.32981174306931
,108.2263164983612
,107.83549526586042
,106.12277868813636
,91.14512968965013
,83.59308410867895
,74.35131143424847
,65.30494937606838
,60.37370500127898
,57.13218771994889
,53.86768095435404
,61.21282117694245
,77.02958635109214
,86.35182222044925
,91.00719278406162
,83.45514720309045
,87.43232798089261
,90.93822433126736
,86.45527489964064
,86.58171706309678
,86.47826438390538
,86.44378015750826
,84.06436853610639
,85.82306408235995
,96.68559539745547
,102.30652430018745
,91.04167701045876
,76.14449120689918
,66.52339204210026
,42.740770570213854
,5.336879671461617
,4.497763495798154
,-0.31853345766749896
,-1.7438814820821449
,8.693344374115469
,27.01596333312318
,68.66141407872225
,69.09821427975253
,60.82199994444166
,49.304268327800685
,47.31567793889959
,37.23478908880564
,18.958149098327446
,17.406358910456646
,48.338709988681074
,63.17842208157879
,49.36174203846256
,70.8569098260061
,61.764568799296505
,74.45476411343986
,63.99454877297749
,57.44254575752305
,55.90225031178463
,41.499338419917216
,9.601429002573198
,2.8080364023388427
,1.8079938368221207
,2.727573207412206
,5.693216677565275
,9.141639317278148
,27.211373949373566
,54.856228777738394
,51.89058530758533
,36.91293630909911
,12.061303818901713
,46.2006879520591
,7.222017381171312
,-9.962622106731146
,-9.790200974745503
,-8.755674182831626
,6.336922236978353
,65.66128638217205
,95.76601602686537
,103.57094593474883
,105.45608364445854
,89.857718570824
,86.94954881133282
,77.51236552065194
,71.93741558644946
,66.09808658320233
,60.0748417058372
,57.224145657007895
,61.891010962752645
,66.90271853246868
,72.86848969917193
,87.60474911287827
,72.4087000138769
,30.314954325115153
,-3.560050738997589
,-11.364980646881051
,-11.353485904748666
,-13.778876494680048
,-11.273022709822044
,-9.502832421436096
,52.338880250748
,92.16816173943162
,108.4217271146116
,112.44488686094329
,109.93903307608525
,84.98394790669649
,73.55817422711452
,65.62680215577491
,37.03937847255525
,19.33747558869586
,14.314273276847445
,15.63616862207072
,22.395076995907935
,67.2360660543076
,86.09893789353697
,92.14517225516687
,87.91510715045241
,71.94891032858185
,67.94874006651492
,67.20158182791046
,58.09774605906849
,57.419556273258294
,57.5115142103173
,43.70632890933345
,70.05227787673975
,71.98339455497897
,97.89254332135499
,97.74311167363409
,93.50155182678726
,71.98339455497897
,72.47766846667116
,68.50048768886897
,59.8794310895868
,51.91357479185008
,51.75264840199681
,48.45365741000484
,46.17769846779434
,67.68436099747026
,93.15670956281598
,109.81259091262913
,110.30686482432131
,96.44420581267558
,92.1336775130345
,92.16816173943162
,95.57060541061497
,95.12231046745231
,93.2371727577426
,92.16816173943162
,96.70858488172024
,113.55987684778378
,142.57260598990138
,146.52679728343878
,116.38758341234833
,99.68572309400567
,94.85793139840766
,79.36301900396451
,80.24811414815747
,71.54659435394868
,71.5810785803458
,71.05232044225649
,71.05232044225649
,84.6850846112547
,105.78943116629745
,137.58388790445008
,146.15896553520275
,116.18067805396555
,100.95014472856707
,93.11073059428647
,84.5816319320633
,81.73093588323401
,81.40908310352748
,86.35182222044925
,96.84652178730875
,113.04261345182684
,139.83685736239585
,153.9638954430862
,126.1696089670005
,100.36391287981587
,97.01894291929439
,84.93796893816697
,79.38600848822925
,73.91451123321818
,71.56958383821343
,71.10979415291837
,70.99484673159462
,76.73072305565034
,94.51308913443637
,102.32951378445222
,104.7549043743836
,96.50167952333746
,76.44335450234094
,69.77640406556273
,66.15556029386423
,55.59189227421048
,56.61492432399196
,70.21320426659302
,81.70794639896926
,101.39843967172973
,118.07731050580763
,136.9516770871694
,117.23819433014418
,102.90425089107103
,96.88100601370587
,89.21401301141093
,79.76533497859766
,76.71922831351797
,73.46621629005551
,76.74221779778273
,78.08710262727075
,82.08727288933768
,99.91561793665319
,118.85895297080921
,138.18161449533366
,113.45642416859239
,98.91557537113647
,90.86925587847311
,86.2368747991255
,82.96087329139826
,80.25960889028985
,85.27131646000589
,95.75452128473302
,109.80109617049675
,137.9287301684214
,149.74532508050413
,133.14691744135285
,109.09991690042182
,103.84681974592587
,94.82344717201053
,101.78926090423053
,92.63944616685905
,88.8921602317044
,85.77708511383044
,85.46672707625629
,86.15641160419885
,94.86942614054003
,106.89292641100558
,108.8125483471124
,100.04206010010932
,77.06407057748926
,62.6841481698866
,47.924899271915535
,31.211544211440497
,34.82089324100664
,56.77585071384523
,79.25956632477312
,103.12265099158617
,117.0312889717614
,147.18199758498423
,117.05427845602614
,100.398397106213
,95.45565798929123
,80.20213517962797
,71.35118373769828
,63.83362238312422
,61.00591581855968
,62.27033745312106
,58.270167191054135
,62.71863239628373
,68.76486675791364
,68.87981417923739
,64.82217020650857
,52.36186973501275
,15.417768521555566
,3.957510615576467
,-7.790115843712044
,-13.468518457105901
,-15.95138275769915
,-9.272937578788571
,44.57992931139404
,77.82272355822609
,110.5482544091012
,106.3411787886515
,96.99595343502965
,79.13312416131699
,74.19038504439521
,66.54638152636501
,42.01660181587415
,35.45310405828732
,30.360933293644656
,32.223081519089604
,39.39580060969237
,53.729744048765525
,85.44373759199152
,109.30682225880457
,111.62876016954456
,94.49009965017162
,74.42027988704274
,67.55791883401413
,57.21265091487552
,47.028309385590184
,59.91391531598393
,70.42010962497581
,96.98445869289726
,122.59474416383149
,163.99880532465068
,185.13763610609053
,131.95146425958575
,101.467408124524
,94.40963645524499
,78.12158685366788
,69.51202499651808
,64.17846464709551
,58.48856729156928
,54.17803899192819
,51.33883768523127
,63.40831692422631
,86.90356984280332
,109.97351730248239
,113.4104452000629
,93.22567801561024
,76.1215017226344
,72.29375259255312
,75.99505955917827
,79.30554529330263
,80.70790383345253
,88.11051776670281
,105.95035755615072
,117.14623639308516
,154.19379028573374
,168.28634414002698
,117.84741566316012
,94.47860490803924
,81.78840959389589
,68.27059284622145
,57.959809153479966
,53.09753323148483
,46.98233041706068
,46.901867222134044
,48.45365741000484
,58.603514712893045
,92.86934100950657
,113.8357506589608
,114.23806663359397
,90.3864767089133
,66.52339204210026
,61.304779114001455
,54.54587074016423
,54.48839702950235
,56.66090329252147
,68.93728788989927
,86.61620128949392
,108.87002205777429
,123.38788137096546
,125.69832453957308
,103.13414573371853
,88.34041260935034
,77.90318675315274
,62.59219023282759
,41.00506450822504
,33.48750315365099
,22.981308844659125
,17.337390457662394
,17.6247590109718
,34.786409014609504
,57.30460885193453
,76.2249544018258
,85.38626388132964
,63.37383269782919
,54.28149167111958
,54.97117619906216
,35.556556737478715
,17.30290623126527
,15.946526659644867
,26.130868188930208
,43.281023450435534
,66.59236049489452
,85.35177965493251
,109.85856988115864
,96.61662694466123
,85.38626388132964
,75.37434348402996
,66.86823430607154
,64.67273855878769
,57.63795637377345
,56.31606102855017
,57.729914310832456
,58.48856729156928
,65.7762338034958
,89.92668702361826
,119.82451130992882
,134.9745814404007
,102.45595594790835
,75.77665945866312
,63.074969402387396
,51.764143144129186
,45.8098667195583
,46.82140402720741
,52.43083818780701
,67.64987677107314
,95.58210015274736
,108.5596640202001
,158.19396054780066
,130.48013726664158
,105.58252580791468
,94.62803655576013
,86.81161190574431
,86.32883273618451
,72.43168949814164
,68.90280366350214
,64.37387526334591
,64.09800145216889
,64.17846464709551
,68.9257931477669
,72.84550021490719
,73.65013216417353
,57.626461631641064
,44.131634368231374
,28.682700942317723
,17.11899035714724
,13.475157101183981
,14.509683893097844
,35.901399001449995
,63.339348471432054
,86.8575908742738
,91.27157185310628
,94.68551026642201
,69.30511963813531
,53.64928085383889
,39.453274320354254
,26.14236293106258
,-10.893696219453616
,-11.307506936219156
,-11.31900167835154
,-11.387970131145792
,-11.376475389013407
,-11.330496420483911
,-11.31900167835154
,-5.5486411278986765
,-6.709610083268657
,-10.824727766659365
,-14.250160922107469
,-24.76784997323172
,-31.65320051052508
,-36.044192005092796
,-36.5729501431821
,-21.468858981239734
,-11.445443841807673
,15.39477903729081
,56.0631767016379
,69.58099344931233
,59.07479914032047
,50.71812161008295
,50.706626867950575
,42.03959130013891
,26.533184163563377
,22.153687411128033
,25.050362428486842
,26.498699937166244
,40.43032740160623
,55.22406052597444
,92.01873009171074
,119.33023739823665
,117.15773113521753
,110.77814925174873
,94.0188152227442
,88.6507706469245
,77.50087077851956
,73.24781618954034
,75.90310162211927
,89.31746569060232
,98.23738558532628
,98.24888032745864
,113.0196239675621
,118.3416895748523
,113.0196239675621
,105.3871151916643
,104.00774613577913
,93.34062543693399
,94.34066800245074
,85.14487429654974
,81.6849569147045
,85.30580068640302
,84.2482844102244
,93.49005708465488
,96.73157436598498
,169.38983938473513
,177.44765361953085
,123.77870260346624
,99.92711267878558
,87.8691281819229
,77.89169201102035
,75.91459636425164
,76.89164944550362
,84.65060038485757
,92.09919328663736
,101.63982925650963
,104.81237808504548
,105.41010467592903
,95.07633149892281
,79.7998192049948
,61.373747566795714
,52.78717519391067
,26.613647358490006
,17.30290623126527
,12.716504120447148
,7.842733456319635
,4.003489584105978
,16.808632319573086
,43.93622375198098
,66.24751823092323
,62.14389528966492
,44.67188724845306
,18.1075381805316
,8.27953365734993
,-2.284134362303817
,-7.652178938123527
,-5.790030712678572
,9.41751312845517
,41.53382264631435
,67.79930841879403
,77.51236552065194
,86.59321180522915
,66.13257080959947
,48.442162667872466
,40.8786223447689
,26.636636842754754
,3.2103523769720113
,-5.755546486281432
,-4.778493405029465
,-7.36481038481412
,-3.6635034181889665
,15.14189471037853
,58.97134646112909
,79.0296714821256
,80.63893538065827
,66.99467646952769
,57.5115142103173
,49.83302646588998
,44.01668694690761
,44.70637147485019
,56.511471644800565
,58.98284120326146
,83.20226287617817
,86.97253829559757
,92.3290881292849
,105.3871151916643
,90.09910815560391
,86.28285376765498
,83.94942111478262
,76.83417573484174
,78.9836925135961
,74.9145537987349
,77.14453377241588
,74.51223782410175
,74.79960637741115
,80.90331444970293
,92.00723534957837
,96.5821427182641
,102.9617246017329
,97.28332198833905
,89.74277114950024
,82.83443112794212
,76.74221779778273
,74.673164213955
,74.6271852454255
,82.91489432286876
,89.93818176575064
,92.34058287141725
,99.61675464121143
,127.49150431222377
,105.99633652468023
,90.88075062060548
,84.052873793974
,75.38583822616232
,79.69636652580341
,74.73063792461689
,72.97194237836332
,72.23627888189125
,71.6270575488753
,72.4087000138769
,76.96061789829787
,88.99561291089579
,90.93822433126736
,88.66226538905688
,79.56992436234728
,72.55813166159778
,63.143937855181655
,56.31606102855017
,63.270380018637795
,68.69589830511937
,87.50129643368687
,93.2946464684045
,94.45561542377449
,93.7199519273024
,92.30609864502014
,82.04129392080817
,75.5467646160156
,62.89105352826938
,58.10924080120087
,46.21218269419147
,37.338241767997026
,35.33815663696356
,35.33815663696356
,37.82102093755683
,46.59150918455988
,59.76448366826304
,61.14385272414819
,30.80922823680733
,9.187618285807659
,-7.502747290402638
,-10.61782240827658
,-14.652476896740652
,-15.215719261227079
,-11.410959615410547
,5.164458539475973
,62.776106106945605
,74.27084823932184
,65.67278112430444
,54.02860734420731
,43.82127633065722
,7.831238714187251
,-4.307208977602045
,-11.95121249563222
,-10.801738282394595
,-11.353485904748666
,-11.456938583940058
,-10.008601075260643
,19.98118114810893
,72.15581568696462
,96.5246690076022
,105.97334704041546
,96.20281622789567
,87.443822723025
,86.93805406920045
,77.20200748307778
,77.39741809932816
,79.23657684050838
,94.16824687046508
,108.82404308924477
,106.9733896059322
,112.61730799292891
,142.73353237975465
,115.18063548844881
,105.042272927693
,98.57073310716518
,94.39814171311261
,88.62778116265974
,84.08735802037114
,81.66196743043976
,79.93775611058332
,79.84579817352432
,84.59312667419569
,110.72067554108685
,156.0444437690463
,154.07884286440998
,111.36438110049993
,95.57060541061497
,83.14478916551627
,74.88006957233777
,69.61547767570947
,69.09821427975253
,77.92617623741748
,95.0303525303933
,117.90488937382199
,145.08995451689174
,169.47030257966173
,127.15815679038485
,105.96185229828309
,96.07637406443953
,88.73123384185112
,87.35186478596599
,84.02988430970926
,82.34015721624995
,83.14478916551627
,85.04142161735837
,92.53599348766765
,113.6978137533723
,179.01093854953402
,185.2870677538114
,127.31908318023812
,106.82395795821131
,93.50155182678726
,83.81148420919412
,83.93792637265025
,82.799946901545
,95.63957386340924
,113.72080323763706
,163.61947883428223
,199.77044284060545
,204.93158205804238
,138.35403562731932
,107.92745320291942
,102.90425089107103
,92.11068802876974
,94.09927841767082
,85.29430594427063
,83.21375761831054
,82.23670453705857
,81.40908310352748
,90.16807660839815
,109.68614874917299
,180.0339705993155
,182.9191508745419
,116.12320434330368
,101.3179764768031
,86.46676964177301
,81.3516093928656
,78.064113143006
,78.99518725572847
,92.3290881292849
,106.69751579475518
,139.53799406695407
,165.3321954120063
,136.0895714272412
,107.78951629733092
,97.67414322083982
,92.19115122369638
,83.71952627213508
,85.77708511383044
,81.47805155632174
,79.39750323036164
,82.90339958073639
,85.17935852294688
,92.21414070796112
,112.2379815025605
,147.23947129564613
,160.95269865957096
,121.15790139728446
,103.6858933560726
,89.76576063376498
,83.48963142948757
,78.7882818973457
,82.11026237360242
,94.19123635472982
,118.16926844286665
,127.35356740663525
,127.92830451325406
,130.25024242399405
,125.76729299236735
,116.61747825499586
,114.0311612752112
,101.63982925650963
,108.76656937858289
,102.46745069004072
,100.1570075214331
,98.9500595975336
,100.84669204937568
,105.88138910335645
,115.00821435646318
,126.92826194773733
,131.81352735399722
,118.54859493323507
,97.76610115789885
,87.45531746515736
,79.38600848822925
,77.25948119373966
,79.36301900396451
,86.96104355346519
,104.19166200989716
,130.68704262502433
,149.00966158403205
,127.03171462692872
,108.89301154203903
,93.46706760039014
,90.23704506119242
,82.9953575177954
,88.68525487332163
,79.38600848822925
,69.85686726048938
2038-10-27 02:00:00+01:00,69.43156180159144
2038-10-27 03:00:00+01:00,67.90276109798542
2038-10-27 04:00:00+01:00,67.74183470813215
2038-10-27 05:00:00+01:00,79.35152426183213
2038-10-27 06:00:00+01:00,83.05283122845726
2038-10-27 07:00:00+01:00,90.65085577795796
2038-10-27 08:00:00+01:00,79.58141910447965
2038-10-27 09:00:00+01:00,70.44309910924055
2038-10-27 10:00:00+01:00,45.55698239264602
2038-10-27 11:00:00+01:00,24.326193674147135
2038-10-27 12:00:00+01:00,19.004128066856943
2038-10-27 13:00:00+01:00,18.785727966341796
2038-10-27 14:00:00+01:00,37.88998939035109
2038-10-27 15:00:00+01:00,93.22567801561024
2038-10-27 16:00:00+01:00,119.08884781345674
2038-10-27 17:00:00+01:00,136.21601359069732
2038-10-27 18:00:00+01:00,147.18199758498423
2038-10-27 19:00:00+01:00,138.5954252120992
2038-10-27 20:00:00+01:00,124.00859744611378
2038-10-27 21:00:00+01:00,117.39912071999744
2038-10-27 22:00:00+01:00,112.93916077263546
2038-10-27 23:00:00+01:00,101.98467152048092
2038-10-28 00:00:00+01:00,97.7890906421636
2038-10-28 01:00:00+01:00,93.50155182678726
2038-10-28 02:00:00+01:00,90.24853980332479
2038-10-28 03:00:00+01:00,86.43228541537587
2038-10-28 04:00:00+01:00,89.65081321244124
2038-10-28 05:00:00+01:00,101.39843967172973
2038-10-28 06:00:00+01:00,125.5833771182493
2038-10-28 07:00:00+01:00,145.64170213924584
2038-10-28 08:00:00+01:00,142.97492196453453
2038-10-28 09:00:00+01:00,121.66367005110902
2038-10-28 10:00:00+01:00,110.95057038373437
2038-10-28 11:00:00+01:00,103.43300902916033
2038-10-28 12:00:00+01:00,105.91587332975358
2038-10-28 13:00:00+01:00,107.18029496431498
2038-10-28 14:00:00+01:00,117.39912071999744
2038-10-28 15:00:00+01:00,126.54893545736891
2038-10-28 16:00:00+01:00,155.64212779441314
2038-10-28 17:00:00+01:00,191.7356180900745
2038-10-28 18:00:00+01:00,195.0575985663312
2038-10-28 19:00:00+01:00,169.0909760892933
2038-10-28 20:00:00+01:00,132.23883281289514
2038-10-28 21:00:00+01:00,122.61773364809625
2038-10-28 22:00:00+01:00,116.74392041845199
2038-10-28 23:00:00+01:00,105.61701003431182
2038-10-29 00:00:00+01:00,108.91600102630377
2038-10-29 01:00:00+01:00,105.91587332975358
2038-10-29 02:00:00+01:00,104.74340963225121
2038-10-29 03:00:00+01:00,103.99625139364676
2038-10-29 04:00:00+01:00,106.21473662519537
2038-10-29 05:00:00+01:00,117.70947875757159
2038-10-29 06:00:00+01:00,129.81344222296377
2038-10-29 07:00:00+01:00,163.76891048200312
2038-10-29 08:00:00+01:00,164.09076326170964
2038-10-29 09:00:00+01:00,140.38860498474986
2038-10-29 10:00:00+01:00,130.34220036105307
2038-10-29 11:00:00+01:00,123.73272363493673
2038-10-29 12:00:00+01:00,117.29566804080605
2038-10-29 13:00:00+01:00,118.78998451801496
2038-10-29 14:00:00+01:00,129.1237576950212
2038-10-29 15:00:00+01:00,149.6303776591804
2038-10-29 16:00:00+01:00,185.3905204330028
2038-10-29 17:00:00+01:00,218.58733571130534
2038-10-29 18:00:00+01:00,178.30975927945906
2038-10-29 19:00:00+01:00,168.05644929737946
2038-10-29 20:00:00+01:00,138.90578324967336
2038-10-29 21:00:00+01:00,124.4683871314088
2038-10-29 22:00:00+01:00,119.5946164672813
2038-10-29 23:00:00+01:00,107.24926341710923
2038-10-30 00:00:00+01:00,112.78972912491457
2038-10-30 01:00:00+01:00,107.09983176938833
2038-10-30 02:00:00+01:00,104.95031499063398
2038-10-30 03:00:00+01:00,104.72042014798646
2038-10-30 04:00:00+01:00,105.96185229828309
2038-10-30 05:00:00+01:00,117.77844721036585
2038-10-30 06:00:00+01:00,132.30780126568942
2038-10-30 07:00:00+01:00,169.36684990047036
2038-10-30 08:00:00+01:00,168.34381785068888
2038-10-30 09:00:00+01:00,140.15871014210236
2038-10-30 10:00:00+01:00,124.81322939538009
2038-10-30 11:00:00+01:00,119.10034255558912
2038-10-30 12:00:00+01:00,109.78960142836438
2038-10-30 13:00:00+01:00,113.89322436962269
2038-10-30 14:00:00+01:00,130.8134847884805
2038-10-30 15:00:00+01:00,155.0903801720591
2038-10-30 16:00:00+01:00,181.35586594453878
2038-10-30 17:00:00+01:00,178.34424350585618
2038-10-30 18:00:00+01:00,179.95350740438886
2038-10-30 19:00:00+01:00,175.4820527148945
2038-10-30 20:00:00+01:00,143.00940619093166
2038-10-30 21:00:00+01:00,130.48013726664158
2038-10-30 22:00:00+01:00,120.54868006426852
2038-10-30 23:00:00+01:00,110.89309667307248
2038-10-31 00:00:00+01:00,106.32968404651913
2038-10-31 01:00:00+01:00,103.1571352179833
2038-10-31 02:00:00+01:00,99.22593340871063
2038-10-31 03:00:00+01:00,97.06492188782389
2038-10-31 04:00:00+01:00,99.20294392444588
2038-10-31 05:00:00+01:00,103.70888284033734
2038-10-31 06:00:00+01:00,120.83604861757793
2038-10-31 07:00:00+01:00,132.96300156723484
2038-10-31 08:00:00+01:00,130.82497953061286
2038-10-31 09:00:00+01:00,118.20375266926376
2038-10-31 10:00:00+01:00,105.08825189622249
2038-10-31 11:00:00+01:00,101.01911318136132
2038-10-31 12:00:00+01:00,93.83489934862618
2038-10-31 13:00:00+01:00,94.51308913443637
2038-10-31 14:00:00+01:00,100.2029864899626
2038-10-31 15:00:00+01:00,109.69764349130537
2038-10-31 16:00:00+01:00,119.45667956169278
2038-10-31 17:00:00+01:00,133.57222290025078
2038-10-31 18:00:00+01:00,136.14704513790306
2038-10-31 19:00:00+01:00,121.49124891912336
2038-10-31 20:00:00+01:00,108.68610618365626
2038-10-31 21:00:00+01:00,101.3639554453326
2038-10-31 22:00:00+01:00,100.1570075214331
2038-10-31 23:00:00+01:00,88.55881270986549
2038-11-01 00:00:00+01:00,91.00719278406162
2038-11-01 01:00:00+01:00,81.25965145580658
2038-11-01 02:00:00+01:00,79.34002951969975
2038-11-01 03:00:00+01:00,75.75366997439838
2038-11-01 04:00:00+01:00,74.85708008807303
2038-11-01 05:00:00+01:00,81.28264094007135
2038-11-01 06:00:00+01:00,93.01877265722746
2038-11-01 07:00:00+01:00,93.81190986436141
2038-11-01 08:00:00+01:00,87.70820179206966
2038-11-01 09:00:00+01:00,69.16718273254679
2038-11-01 10:00:00+01:00,34.10821922879931
2038-11-01 11:00:00+01:00,28.74017465297961
2038-11-01 12:00:00+01:00,22.912340391864866
2038-11-01 13:00:00+01:00,22.176676895392788
2038-11-01 14:00:00+01:00,43.17757077124415
2038-11-01 15:00:00+01:00,79.45497694102352
2038-11-01 16:00:00+01:00,100.2029864899626
2038-11-01 17:00:00+01:00,115.50248826815536
2038-11-01 18:00:00+01:00,120.56017480640091
2038-11-01 19:00:00+01:00,116.56000454433396
2038-11-01 20:00:00+01:00,113.26101355234199
2038-11-01 21:00:00+01:00,102.09961894180469
2038-11-01 22:00:00+01:00,100.2029864899626
2038-11-01 23:00:00+01:00,94.3521627445831
2038-11-02 00:00:00+01:00,95.69704757407112
2038-11-02 01:00:00+01:00,90.99569804192926
2038-11-02 02:00:00+01:00,90.88075062060548
2038-11-02 03:00:00+01:00,88.70824435758638
2038-11-02 04:00:00+01:00,90.84626639420836
2038-11-02 05:00:00+01:00,90.926729589135
2038-11-02 06:00:00+01:00,100.04206010010932
2038-11-02 07:00:00+01:00,103.36404057636607
2038-11-02 08:00:00+01:00,103.28357738143944
2038-11-02 09:00:00+01:00,98.61671207569469
2038-11-02 10:00:00+01:00,90.90374010487022
2038-11-02 11:00:00+01:00,89.92668702361826
2038-11-02 12:00:00+01:00,85.4552323341239
2038-11-02 13:00:00+01:00,88.70824435758638
2038-11-02 14:00:00+01:00,99.37536505643152
2038-11-02 15:00:00+01:00,117.77844721036585
2038-11-02 16:00:00+01:00,136.00910823231453
2038-11-02 17:00:00+01:00,153.03282133036373
2038-11-02 18:00:00+01:00,155.1823381091181
2038-11-02 19:00:00+01:00,141.9403951726207
2038-11-02 20:00:00+01:00,120.22682728456198
2038-11-02 21:00:00+01:00,113.72080323763706
2038-11-02 22:00:00+01:00,111.73221284873595
2038-11-02 23:00:00+01:00,104.3640831418828
2038-11-03 00:00:00+01:00,103.27208263930706
2038-11-03 01:00:00+01:00,102.3754927529817
2038-11-03 02:00:00+01:00,102.38698749511408
2038-11-03 03:00:00+01:00,100.19149174783024
2038-11-03 04:00:00+01:00,99.05351227672497
2038-11-03 05:00:00+01:00,100.14551277930073
2038-11-03 06:00:00+01:00,101.08808163415557
2038-11-03 07:00:00+01:00,102.09961894180469
2038-11-03 08:00:00+01:00,93.47856234252251
2038-11-03 09:00:00+01:00,79.91476662631857
2038-11-03 10:00:00+01:00,54.844734035606024
2038-11-03 11:00:00+01:00,41.33841203006396
2038-11-03 12:00:00+01:00,40.99356976609266
2038-11-03 13:00:00+01:00,40.37285369094435
2038-11-03 14:00:00+01:00,72.78802650424531
2038-11-03 15:00:00+01:00,102.35250326871696
2038-11-03 16:00:00+01:00,121.30733304500535
2038-11-03 17:00:00+01:00,138.44599356437828
2038-11-03 18:00:00+01:00,143.64161700821236
2038-11-03 19:00:00+01:00,132.37676971848367
2038-11-03 20:00:00+01:00,121.73263850390327
2038-11-03 21:00:00+01:00,116.23815176462745
2038-11-03 22:00:00+01:00,111.22644419491141
2038-11-03 23:00:00+01:00,104.82387282717784
2038-11-04 00:00:00+01:00,100.490355043272
2038-11-04 01:00:00+01:00,99.66273360974091
2038-11-04 02:00:00+01:00,99.1914491823135
2038-11-04 03:00:00+01:00,99.80067051532944
2038-11-04 04:00:00+01:00,102.34100852658457
2038-11-04 05:00:00+01:00,106.27221033585725
2038-11-04 06:00:00+01:00,127.92830451325406
2038-11-04 07:00:00+01:00,150.20511476579918
2038-11-04 08:00:00+01:00,146.75669212608634
2038-11-04 09:00:00+01:00,125.69832453957308
2038-11-04 10:00:00+01:00,116.6979414499225
2038-11-04 11:00:00+01:00,108.2263164983612
2038-11-04 12:00:00+01:00,105.47907312872329
2038-11-04 13:00:00+01:00,109.45625390652546
2038-11-04 14:00:00+01:00,120.47971161147427
2038-11-04 15:00:00+01:00,147.99812427638295
2038-11-04 16:00:00+01:00,172.48192501834433
2038-11-04 17:00:00+01:00,172.90723047724225
2038-11-04 18:00:00+01:00,189.73553295904102
2038-11-04 19:00:00+01:00,183.10306674865993
2038-11-04 20:00:00+01:00,144.74511225292048
2038-11-04 21:00:00+01:00,121.73263850390327
2038-11-04 22:00:00+01:00,115.90480424278852
2038-11-04 23:00:00+01:00,107.99642165571368
2038-11-05 00:00:00+01:00,107.34122135416825
2038-11-05 01:00:00+01:00,106.27221033585725
2038-11-05 02:00:00+01:00,105.97334704041546
2038-11-05 03:00:00+01:00,104.8468623114426
2038-11-05 04:00:00+01:00,105.12273612261963
2038-11-05 05:00:00+01:00,108.24930598262596
2038-11-05 06:00:00+01:00,133.72165454797167
2038-11-05 07:00:00+01:00,163.4010787337671
2038-11-05 08:00:00+01:00,153.74549534257108
2038-11-05 09:00:00+01:00,127.74438863913605
2038-11-05 10:00:00+01:00,112.05406562844249
2038-11-05 11:00:00+01:00,106.2492208515925
2038-11-05 12:00:00+01:00,103.95027242511725
2038-11-05 13:00:00+01:00,105.27216777034052
2038-11-05 14:00:00+01:00,116.14619382756842
2038-11-05 15:00:00+01:00,155.23981181977996
2038-11-05 16:00:00+01:00,211.8744063059976
2038-11-05 17:00:00+01:00,205.70172978091162
2038-11-05 18:00:00+01:00,214.46072328578228
2038-11-05 19:00:00+01:00,209.93179488562603
2038-11-05 20:00:00+01:00,176.7119901230588
2038-11-05 21:00:00+01:00,140.44607869541176
2038-11-05 22:00:00+01:00,122.89360745927328
2038-11-05 23:00:00+01:00,116.13469908543604
2038-11-06 00:00:00+01:00,116.75541516058436
2038-11-06 01:00:00+01:00,112.83570809344408
2038-11-06 02:00:00+01:00,111.64025491167695
2038-11-06 03:00:00+01:00,111.7092233644712
2038-11-06 04:00:00+01:00,112.92766603050309
2038-11-06 05:00:00+01:00,125.39946124413129
2038-11-06 06:00:00+01:00,151.65345227447858
2038-11-06 07:00:00+01:00,166.06785890847837
2038-11-06 08:00:00+01:00,182.82719293748292
2038-11-06 09:00:00+01:00,163.3436050231052
2038-11-06 10:00:00+01:00,145.40031255446593
2038-11-06 11:00:00+01:00,138.14713026893654
2038-11-06 12:00:00+01:00,130.6180741722301
2038-11-06 13:00:00+01:00,136.9056981186399
2038-11-06 14:00:00+01:00,151.38907320543393
2038-11-06 15:00:00+01:00,156.58469664926798
2038-11-06 16:00:00+01:00,166.6540907572296
2038-11-06 17:00:00+01:00,179.57418091402042
2038-11-06 18:00:00+01:00,182.86167716388005
2038-11-06 19:00:00+01:00,180.62020244806666
2038-11-06 20:00:00+01:00,155.14785388272094
2038-11-06 21:00:00+01:00,147.33142923270515
2038-11-06 22:00:00+01:00,129.76746325443426
2038-11-06 23:00:00+01:00,119.66358492007555
2038-11-07 00:00:00+01:00,109.37579071159882
2038-11-07 01:00:00+01:00,105.95035755615072
2038-11-07 02:00:00+01:00,103.99625139364676
2038-11-07 03:00:00+01:00,104.57098850026557
2038-11-07 04:00:00+01:00,104.43305159467707
2038-11-07 05:00:00+01:00,112.32993943961952
2038-11-07 06:00:00+01:00,139.72190994107208
2038-11-07 07:00:00+01:00,154.91795904007344
2038-11-07 08:00:00+01:00,158.0330341579474
2038-11-07 09:00:00+01:00,147.27395552204325
2038-11-07 10:00:00+01:00,134.69870762922366
2038-11-07 11:00:00+01:00,126.88228297920783
2038-11-07 12:00:00+01:00,122.33036509478683
2038-11-07 13:00:00+01:00,125.9741983507501
2038-11-07 14:00:00+01:00,139.25062551364465
2038-11-07 15:00:00+01:00,148.4004402510161
2038-11-07 16:00:00+01:00,167.2748068323779
2038-11-07 17:00:00+01:00,172.60836718180045
2038-11-07 18:00:00+01:00,178.88449638607787
2038-11-07 19:00:00+01:00,170.5508083401051
2038-11-07 20:00:00+01:00,150.9062940358741
2038-11-07 21:00:00+01:00,123.97411321971664
2038-11-07 22:00:00+01:00,115.06568806712507
2038-11-07 23:00:00+01:00,108.59414824659724
2038-11-08 00:00:00+01:00,108.2263164983612
2038-11-08 01:00:00+01:00,106.3411787886515
2038-11-08 02:00:00+01:00,105.78943116629745
2038-11-08 03:00:00+01:00,105.11124138048724
2038-11-08 04:00:00+01:00,105.92736807188597
2038-11-08 05:00:00+01:00,109.43326442226072
2038-11-08 06:00:00+01:00,126.00868257714723
2038-11-08 07:00:00+01:00,155.99846480051679
2038-11-08 08:00:00+01:00,158.56179229603669
2038-11-08 09:00:00+01:00,135.10102360385682
2038-11-08 10:00:00+01:00,120.59465903279803
2038-11-08 11:00:00+01:00,113.49090839498952
2038-11-08 12:00:00+01:00,108.4792008252735
2038-11-08 13:00:00+01:00,108.29528495115548
2038-11-08 14:00:00+01:00,111.58278120101508
2038-11-08 15:00:00+01:00,122.45680725824297
2038-11-08 16:00:00+01:00,141.21622641828097
2038-11-08 17:00:00+01:00,155.53867511522174
2038-11-08 18:00:00+01:00,149.69934611197465
2038-11-08 19:00:00+01:00,132.8940331144406
2038-11-08 20:00:00+01:00,120.11187986323823
2038-11-08 21:00:00+01:00,111.0425283207934
2038-11-08 22:00:00+01:00,109.44475916439309
2038-11-08 23:00:00+01:00,104.8008833429131
2038-11-09 00:00:00+01:00,114.45646673410913
2038-11-09 01:00:00+01:00,112.08854985483961
2038-11-09 02:00:00+01:00,109.54821184358448
2038-11-09 03:00:00+01:00,107.09983176938833
2038-11-09 04:00:00+01:00,106.7320000211523
2038-11-09 05:00:00+01:00,107.11132651152072
2038-11-09 06:00:00+01:00,110.77814925174873
2038-11-09 07:00:00+01:00,113.37596097366577
2038-11-09 08:00:00+01:00,114.65187735035953
2038-11-09 09:00:00+01:00,114.24956137572634
2038-11-09 10:00:00+01:00,110.847117704543
2038-11-09 11:00:00+01:00,108.45621134100874
2038-11-09 12:00:00+01:00,104.7549043743836
2038-11-09 13:00:00+01:00,104.58248324239794
2038-11-09 14:00:00+01:00,111.31840213197042
2038-11-09 15:00:00+01:00,126.47996700457466
2038-11-09 16:00:00+01:00,143.96346978791888
2038-11-09 17:00:00+01:00,166.64259601509718
2038-11-09 18:00:00+01:00,168.68866011466014
2038-11-09 19:00:00+01:00,153.285705657276
2038-11-09 20:00:00+01:00,135.49184483635761
2038-11-09 21:00:00+01:00,124.24998703089366
2038-11-09 22:00:00+01:00,120.9854802652988
2038-11-09 23:00:00+01:00,114.06564550160833
2038-11-10 00:00:00+01:00,112.96215025690023
2038-11-10 01:00:00+01:00,110.62871760402786
2038-11-10 02:00:00+01:00,109.42176968012834
2038-11-10 03:00:00+01:00,109.68614874917299
2038-11-10 04:00:00+01:00,108.82404308924477
2038-11-10 05:00:00+01:00,109.46774864865785
2038-11-10 06:00:00+01:00,111.77819181726547
2038-11-10 07:00:00+01:00,113.90471911175507
2038-11-10 08:00:00+01:00,116.2036675382303
2038-11-10 09:00:00+01:00,115.67490940014102
2038-11-10 10:00:00+01:00,112.92766603050309
2038-11-10 11:00:00+01:00,112.9161712883707
2038-11-10 12:00:00+01:00,111.59427594314744
2038-11-10 13:00:00+01:00,110.83562296241061
2038-11-10 14:00:00+01:00,111.52530749035319
2038-11-10 15:00:00+01:00,124.29596599942317
2038-11-10 16:00:00+01:00,134.66422340282654
2038-11-10 17:00:00+01:00,157.51577076199047
2038-11-10 18:00:00+01:00,153.55008472632068
2038-11-10 19:00:00+01:00,141.33117383960476
2038-11-10 20:00:00+01:00,134.85963401907694
2038-11-10 21:00:00+01:00,124.21550280449654
2038-11-10 22:00:00+01:00,123.44535508162733
2038-11-10 23:00:00+01:00,115.1921302305812
2038-11-11 00:00:00+01:00,109.36429596946645
2038-11-11 01:00:00+01:00,107.08833702725597
2038-11-11 02:00:00+01:00,105.54804158151755
2038-11-11 03:00:00+01:00,103.6858933560726
2038-11-11 04:00:00+01:00,104.50202004747132
2038-11-11 05:00:00+01:00,109.61718029637873
2038-11-11 06:00:00+01:00,127.85933606045981
2038-11-11 07:00:00+01:00,147.66477675454405
2038-11-11 08:00:00+01:00,153.1132845252904
2038-11-11 09:00:00+01:00,143.06687990159355
2038-11-11 10:00:00+01:00,133.77912825863356
2038-11-11 11:00:00+01:00,130.65255839862724
2038-11-11 12:00:00+01:00,124.26148177302605
2038-11-11 13:00:00+01:00,125.31899804920467
2038-11-11 14:00:00+01:00,130.0433370656113
2038-11-11 15:00:00+01:00,141.5495739401199
2038-11-11 16:00:00+01:00,149.22806168454719
2038-11-11 17:00:00+01:00,162.44701513677984
2038-11-11 18:00:00+01:00,162.64242575303027
2038-11-11 19:00:00+01:00,146.94060800020435
2038-11-11 20:00:00+01:00,130.0318423234789
2038-11-11 21:00:00+01:00,123.801692087731
2038-11-11 22:00:00+01:00,120.03141666831159
2038-11-11 23:00:00+01:00,112.85869757770882
2038-11-12 00:00:00+01:00,112.59431850866417
2038-11-12 01:00:00+01:00,109.5826960699816
2038-11-12 02:00:00+01:00,108.19183227196407
2038-11-12 03:00:00+01:00,107.68606361813953
2038-11-12 04:00:00+01:00,110.939075641602
2038-11-12 05:00:00+01:00,115.83583578999428
2038-11-12 06:00:00+01:00,145.67618636564296
2038-11-12 07:00:00+01:00,179.17186493938726
2038-11-12 08:00:00+01:00,194.11502971147638
2038-11-12 09:00:00+01:00,170.27493452892807
2038-11-12 10:00:00+01:00,153.76848482683582
2038-11-12 11:00:00+01:00,150.84882032521227
2038-11-12 12:00:00+01:00,144.12439617777216
2038-11-12 13:00:00+01:00,148.38894550888375
2038-11-12 14:00:00+01:00,155.91800160559018
2038-11-12 15:00:00+01:00,171.57384038988658
2038-11-12 16:00:00+01:00,179.13738071299014
2038-11-12 17:00:00+01:00,173.63139923158195
2038-11-12 18:00:00+01:00,170.91864008834114
2038-11-12 19:00:00+01:00,172.55089347113858
2038-11-12 20:00:00+01:00,155.79155944213403
2038-11-12 21:00:00+01:00,137.71033006790623
2038-11-12 22:00:00+01:00,131.51466405855544
2038-11-12 23:00:00+01:00,123.45684982375971
2038-11-13 00:00:00+01:00,119.54863749875179
2038-11-13 01:00:00+01:00,116.36459392808358
2038-11-13 02:00:00+01:00,114.330024570653
2038-11-13 03:00:00+01:00,114.01966653307882
2038-11-13 04:00:00+01:00,115.45650929962585
2038-11-13 05:00:00+01:00,126.42249329391277
2038-11-13 06:00:00+01:00,149.73383033837175
2038-11-13 07:00:00+01:00,187.73544782800755
2038-11-13 08:00:00+01:00,194.5863141389038
2038-11-13 09:00:00+01:00,179.4362440084319
2038-11-13 10:00:00+01:00,177.81548536776688
2038-11-13 11:00:00+01:00,178.05687495254676
2038-11-13 12:00:00+01:00,164.95286892163787
2038-11-13 13:00:00+01:00,163.69994202920887
2038-11-13 14:00:00+01:00,168.3208283664241
2038-11-13 15:00:00+01:00,177.07982187129483
2038-11-13 16:00:00+01:00,198.78189501722113
2038-11-13 17:00:00+01:00,207.12707780532625
2038-11-13 18:00:00+01:00,209.74787901150802
2038-11-13 19:00:00+01:00,175.17169467732037
2038-11-13 20:00:00+01:00,150.60743074043236
2038-11-13 21:00:00+01:00,130.83647427274525
2038-11-13 22:00:00+01:00,124.64080826339446
2038-11-13 23:00:00+01:00,115.57145672094961
2038-11-14 00:00:00+01:00,122.0085123150803
2038-11-14 01:00:00+01:00,118.31870009058754
2038-11-14 02:00:00+01:00,116.23815176462745
2038-11-14 03:00:00+01:00,115.41053033109635
2038-11-14 04:00:00+01:00,115.06568806712507
2038-11-14 05:00:00+01:00,126.66388287869268
2038-11-14 06:00:00+01:00,137.13559296128741
2038-11-14 07:00:00+01:00,147.31993449057273
2038-11-14 08:00:00+01:00,154.8374958451468
2038-11-14 09:00:00+01:00,151.4925258846253
2038-11-14 10:00:00+01:00,138.19310923746602
2038-11-14 11:00:00+01:00,135.76771864753465
2038-11-14 12:00:00+01:00,132.6871277560578
2038-11-14 13:00:00+01:00,133.43428599466228
2038-11-14 14:00:00+01:00,139.3195939664389
2038-11-14 15:00:00+01:00,151.0327361993303
2038-11-14 16:00:00+01:00,167.5966596120844
2038-11-14 17:00:00+01:00,176.780958575853
2038-11-14 18:00:00+01:00,175.03375777173184
2038-11-14 19:00:00+01:00,165.63105870744806
2038-11-14 20:00:00+01:00,140.423089211147
2038-11-14 21:00:00+01:00,132.204348586498
2038-11-14 22:00:00+01:00,129.1237576950212
2038-11-14 23:00:00+01:00,120.56017480640091
2038-11-15 00:00:00+01:00,116.90484680830525
2038-11-15 01:00:00+01:00,115.39903558896397
2038-11-15 02:00:00+01:00,113.73229797976941
2038-11-15 03:00:00+01:00,111.85865501219209
2038-11-15 04:00:00+01:00,112.95065551476785
2038-11-15 05:00:00+01:00,119.38771110889851
2038-11-15 06:00:00+01:00,129.96287387068463
2038-11-15 07:00:00+01:00,151.28562052624255
2038-11-15 08:00:00+01:00,160.76878278545294
2038-11-15 09:00:00+01:00,147.46936613829362
2038-11-15 10:00:00+01:00,137.60687738871485
2038-11-15 11:00:00+01:00,132.67563301392545
2038-11-15 12:00:00+01:00,129.82493696509613
2038-11-15 13:00:00+01:00,129.90540016002277
2038-11-15 14:00:00+01:00,133.6067071266479
2038-11-15 15:00:00+01:00,144.69913328439097
2038-11-15 16:00:00+01:00,153.37766359433505
2038-11-15 17:00:00+01:00,157.8836025102265
2038-11-15 18:00:00+01:00,149.30852487947385
2038-11-15 19:00:00+01:00,146.1474707930704
2038-11-15 20:00:00+01:00,140.0897416893081
2038-11-15 21:00:00+01:00,133.5147491895889
2038-11-15 22:00:00+01:00,129.34215779553634
2038-11-15 23:00:00+01:00,121.81310169882991
2038-11-16 00:00:00+01:00,120.74409068051892
2038-11-16 01:00:00+01:00,115.67490940014102
2038-11-16 02:00:00+01:00,112.81271860917931
2038-11-16 03:00:00+01:00,111.59427594314744
2038-11-16 04:00:00+01:00,111.29541264770566
2038-11-16 05:00:00+01:00,112.49086582947278
2038-11-16 06:00:00+01:00,127.89382028685694
2038-11-16 07:00:00+01:00,127.88232554472455
2038-11-16 08:00:00+01:00,127.87083080259218
2038-11-16 09:00:00+01:00,129.29617882700683
2038-11-16 10:00:00+01:00,120.65213274345992
2038-11-16 11:00:00+01:00,111.82417078579496
2038-11-16 12:00:00+01:00,108.525179793803
2038-11-16 13:00:00+01:00,110.49078069843932
2038-11-16 14:00:00+01:00,122.66371261662576
2038-11-16 15:00:00+01:00,132.2158433286304
2038-11-16 16:00:00+01:00,133.25037012054423
2038-11-16 17:00:00+01:00,138.52645675930492
2038-11-16 18:00:00+01:00,141.98637414115018
2038-11-16 19:00:00+01:00,138.77934108621724
2038-11-16 20:00:00+01:00,138.02068810548036
2038-11-16 21:00:00+01:00,131.36523241083455
2038-11-16 22:00:00+01:00,123.74421837706912
2038-11-16 23:00:00+01:00,118.59457390176456
2038-11-17 00:00:00+01:00,122.95108116993515
2038-11-17 01:00:00+01:00,121.47975417699101
2038-11-17 02:00:00+01:00,118.6175633860293
2038-11-17 03:00:00+01:00,116.08872011690656
2038-11-17 04:00:00+01:00,115.80135156359714
2038-11-17 05:00:00+01:00,117.27267855654131
2038-11-17 06:00:00+01:00,121.89356489375655
2038-11-17 07:00:00+01:00,122.69819684302288
2038-11-17 08:00:00+01:00,121.95103860441841
2038-11-17 09:00:00+01:00,122.72118632728763
2038-11-17 10:00:00+01:00,120.06590089470872
2038-11-17 11:00:00+01:00,118.62905812816169
2038-11-17 12:00:00+01:00,117.28417329867366
2038-11-17 13:00:00+01:00,116.03124640624466
2038-11-17 14:00:00+01:00,118.57158441749982
2038-11-17 15:00:00+01:00,130.29622139252356
2038-11-17 16:00:00+01:00,140.26216282129377
2038-11-17 17:00:00+01:00,142.6645639269604
2038-11-17 18:00:00+01:00,139.69892045680731
2038-11-17 19:00:00+01:00,139.82536262026346
2038-11-17 20:00:00+01:00,135.56081328915187
2038-11-17 21:00:00+01:00,131.21580076311366
2038-11-17 22:00:00+01:00,128.76742068891753
2038-11-17 23:00:00+01:00,124.67529248979159
2038-11-18 00:00:00+01:00,119.51415327235466
2038-11-18 01:00:00+01:00,118.08880524794
2038-11-18 02:00:00+01:00,116.2036675382303
2038-11-18 03:00:00+01:00,117.24968907227654
2038-11-18 04:00:00+01:00,119.38771110889851
2038-11-18 05:00:00+01:00,126.6983671050898
2038-11-18 06:00:00+01:00,139.68742571467493
2038-11-18 07:00:00+01:00,161.0906355651595
2038-11-18 08:00:00+01:00,165.24023747494726
2038-11-18 09:00:00+01:00,149.66486188557752
2038-11-18 10:00:00+01:00,142.6875534112251
2038-11-18 11:00:00+01:00,138.44599356437828
2038-11-18 12:00:00+01:00,135.05504463532733
2038-11-18 13:00:00+01:00,139.68742571467493
2038-11-18 14:00:00+01:00,149.44646178506235
2038-11-18 15:00:00+01:00,164.53905820487233
2038-11-18 16:00:00+01:00,156.0444437690463
2038-11-18 17:00:00+01:00,179.22933865004916
2038-11-18 18:00:00+01:00,197.51747338265974
2038-11-18 19:00:00+01:00,186.73540526249084
2038-11-18 20:00:00+01:00,144.4002699889492
2038-11-18 21:00:00+01:00,143.68759597674187
2038-11-18 22:00:00+01:00,142.0323531096797
2038-11-18 23:00:00+01:00,135.54931854701948
2038-11-19 00:00:00+01:00,126.23857741979475
2038-11-19 01:00:00+01:00,122.47979674250774
2038-11-19 02:00:00+01:00,119.77853234139931
2038-11-19 03:00:00+01:00,117.72097349970397
2038-11-19 04:00:00+01:00,120.318785221621
2038-11-19 05:00:00+01:00,126.73285133148693
2038-11-19 06:00:00+01:00,146.97509222660148
2038-11-19 07:00:00+01:00,162.84933111141305
2038-11-19 08:00:00+01:00,165.63105870744806
2038-11-19 09:00:00+01:00,161.25156195501273
2038-11-19 10:00:00+01:00,149.17058797388535
2038-11-19 11:00:00+01:00,146.227933987997
2038-11-19 12:00:00+01:00,144.54970163667008
2038-11-19 13:00:00+01:00,148.99816684189966
2038-11-19 14:00:00+01:00,149.6303776591804
2038-11-19 15:00:00+01:00,166.7345539521562
2038-11-19 16:00:00+01:00,166.83800663134758
2038-11-19 17:00:00+01:00,168.97602866796956
2038-11-19 18:00:00+01:00,155.8030541842664
2038-11-19 19:00:00+01:00,147.51534510682316
2038-11-19 20:00:00+01:00,142.1358057888711
2038-11-19 21:00:00+01:00,127.9512939975188
2038-11-19 22:00:00+01:00,127.35356740663525
2038-11-19 23:00:00+01:00,123.52581827655396
2038-11-20 00:00:00+01:00,123.15798652831792
2038-11-20 01:00:00+01:00,119.58312172514891
2038-11-20 02:00:00+01:00,116.12320434330368
2038-11-20 03:00:00+01:00,115.15764600418407
2038-11-20 04:00:00+01:00,112.52535005586992
2038-11-20 05:00:00+01:00,118.57158441749982
2038-11-20 06:00:00+01:00,130.25024242399405
2038-11-20 07:00:00+01:00,146.20494450373224
2038-11-20 08:00:00+01:00,155.423727693898
2038-11-20 09:00:00+01:00,146.1704602773351
2038-11-20 10:00:00+01:00,145.25088090674504
2038-11-20 11:00:00+01:00,143.31976422850585
2038-11-20 12:00:00+01:00,139.8023731359987
2038-11-20 13:00:00+01:00,140.3771102426175
2038-11-20 14:00:00+01:00,144.6416595737291
2038-11-20 15:00:00+01:00,153.22823194661413
2038-11-20 16:00:00+01:00,152.48107370800966
2038-11-20 17:00:00+01:00,157.97556044728552
2038-11-20 18:00:00+01:00,155.9524858319873
2038-11-20 19:00:00+01:00,146.46932357277694
2038-11-20 20:00:00+01:00,139.81386787813108
2038-11-20 21:00:00+01:00,129.36514727980108
2038-11-20 22:00:00+01:00,127.9512939975188
2038-11-20 23:00:00+01:00,124.39941867861455
2038-11-21 00:00:00+01:00,117.65200504690972
2038-11-21 01:00:00+01:00,116.2036675382303
2038-11-21 02:00:00+01:00,118.54859493323507
2038-11-21 03:00:00+01:00,117.68648927330685
2038-11-21 04:00:00+01:00,117.56004710985071
2038-11-21 05:00:00+01:00,124.61781877912972
2038-11-21 06:00:00+01:00,140.28515230555848
2038-11-21 07:00:00+01:00,147.60730304388215
2038-11-21 08:00:00+01:00,149.35450384800333
2038-11-21 09:00:00+01:00,142.6875534112251
2038-11-21 10:00:00+01:00,139.68742571467493
2038-11-21 11:00:00+01:00,142.57260598990138
2038-11-21 12:00:00+01:00,141.33117383960476
2038-11-21 13:00:00+01:00,146.46932357277694
2038-11-21 14:00:00+01:00,155.40073820963323
2038-11-21 15:00:00+01:00,161.01017237023282
2038-11-21 16:00:00+01:00,166.51615385164106
2038-11-21 17:00:00+01:00,187.33313185337437
2038-11-21 18:00:00+01:00,175.3326210671736
2038-11-21 19:00:00+01:00,160.56187742707016
2038-11-21 20:00:00+01:00,148.1475559241038
2038-11-21 21:00:00+01:00,136.35395049628585
2038-11-21 22:00:00+01:00,130.00885283921417
2038-11-21 23:00:00+01:00,120.73259593838654
2038-11-22 00:00:00+01:00,121.28434356074061
2038-11-22 01:00:00+01:00,119.6865744043403
2038-11-22 02:00:00+01:00,118.53710019110268
2038-11-22 03:00:00+01:00,118.54859493323507
2038-11-22 04:00:00+01:00,118.93941616573585
2038-11-22 05:00:00+01:00,124.31895548368793
2038-11-22 06:00:00+01:00,138.65289892276107
2038-11-22 07:00:00+01:00,150.56145177190285
2038-11-22 08:00:00+01:00,154.92945378220583
2038-11-22 09:00:00+01:00,152.88338968264284
2038-11-22 10:00:00+01:00,140.4345839532794
2038-11-22 11:00:00+01:00,138.52645675930492
2038-11-22 12:00:00+01:00,133.05495950429383
2038-11-22 13:00:00+01:00,135.80220287393178
2038-11-22 14:00:00+01:00,139.8598468466606
2038-11-22 15:00:00+01:00,144.86005967424424
2038-11-22 16:00:00+01:00,156.02145428478156
2038-11-22 17:00:00+01:00,151.51551536889008
2038-11-22 18:00:00+01:00,146.83715532101297
2038-11-22 19:00:00+01:00,146.227933987997
2038-11-22 20:00:00+01:00,143.4117221655648
2038-11-22 21:00:00+01:00,142.90595351174028
2038-11-22 22:00:00+01:00,138.08965655827464
2038-11-22 23:00:00+01:00,129.96287387068463
2038-11-23 00:00:00+01:00,136.30797152775634
2038-11-23 01:00:00+01:00,131.42270612149642
2038-11-23 02:00:00+01:00,126.8937777213402
2038-11-23 03:00:00+01:00,126.23857741979475
2038-11-23 04:00:00+01:00,124.69828197405634
2038-11-23 05:00:00+01:00,129.37664202193346
2038-11-23 06:00:00+01:00,141.58405816651702
2038-11-23 07:00:00+01:00,143.15883783865254
2038-11-23 08:00:00+01:00,143.94048030365414
2038-11-23 09:00:00+01:00,142.90595351174028
2038-11-23 10:00:00+01:00,139.37706767710077
2038-11-23 11:00:00+01:00,130.48013726664158
2038-11-23 12:00:00+01:00,126.14661948273576
2038-11-23 13:00:00+01:00,126.59491442589842
2038-11-23 14:00:00+01:00,135.74472916326988
2038-11-23 15:00:00+01:00,148.8717246784435
2038-11-23 16:00:00+01:00,154.5156430654403
2038-11-23 17:00:00+01:00,154.5041483233079
2038-11-23 18:00:00+01:00,151.52701011102243
2038-11-23 19:00:00+01:00,148.75677725711978
2038-11-23 20:00:00+01:00,139.19315180298275
2038-11-23 21:00:00+01:00,135.73323442113752
2038-11-23 22:00:00+01:00,137.57239316231772
2038-11-23 23:00:00+01:00,126.59491442589842
2038-11-24 00:00:00+01:00,126.39950380964802
2038-11-24 01:00:00+01:00,127.77887286553317
2038-11-24 02:00:00+01:00,127.12367256398772
2038-11-24 03:00:00+01:00,125.4454402126608
2038-11-24 04:00:00+01:00,125.89373515582348
2038-11-24 05:00:00+01:00,127.6179464756799
2038-11-24 06:00:00+01:00,130.45714778237684
2038-11-24 07:00:00+01:00,132.43424342914554
2038-11-24 08:00:00+01:00,134.54927598150277
2038-11-24 09:00:00+01:00,131.92847477532098
2038-11-24 10:00:00+01:00,127.76737812340079
2038-11-24 11:00:00+01:00,127.284598953841
2038-11-24 12:00:00+01:00,126.60640916803078
2038-11-24 13:00:00+01:00,125.43394547052841
2038-11-24 14:00:00+01:00,126.6523881365603
2038-11-24 15:00:00+01:00,128.2961362614901
2038-11-24 16:00:00+01:00,140.72195250658882
2038-11-24 17:00:00+01:00,141.5725634243846
2038-11-24 18:00:00+01:00,146.57277625196826
2038-11-24 19:00:00+01:00,146.11298656667327
2038-11-24 20:00:00+01:00,139.56098355121878
2038-11-24 21:00:00+01:00,133.5262439317213
2038-11-24 22:00:00+01:00,131.91698003318862
2038-11-24 23:00:00+01:00,127.82485183406267
2038-11-25 00:00:00+01:00,128.7329364625204
2038-11-25 01:00:00+01:00,122.80164952221426
2038-11-25 02:00:00+01:00,120.15785883176773
2038-11-25 03:00:00+01:00,125.42245072839603
2038-11-25 04:00:00+01:00,125.74430350810258
2038-11-25 05:00:00+01:00,132.37676971848367
2038-11-25 06:00:00+01:00,144.1933646305664
2038-11-25 07:00:00+01:00,148.42342973528088
2038-11-25 08:00:00+01:00,147.99812427638295
2038-11-25 09:00:00+01:00,145.54974420218682
2038-11-25 10:00:00+01:00,142.56111124776902
2038-11-25 11:00:00+01:00,141.87142671982645
2038-11-25 12:00:00+01:00,140.46906817967653
2038-11-25 13:00:00+01:00,141.18174219188384
2038-11-25 14:00:00+01:00,142.56111124776902
2038-11-25 15:00:00+01:00,145.5612389443192
2038-11-25 16:00:00+01:00,149.21656694241483
2038-11-25 17:00:00+01:00,150.03269363381355
2038-11-25 18:00:00+01:00,152.19370515470027
2038-11-25 19:00:00+01:00,147.63029252814692
2038-11-25 20:00:00+01:00,144.98650183770036
2038-11-25 21:00:00+01:00,141.19323693401623
2038-11-25 22:00:00+01:00,138.74485685982012
2038-11-25 23:00:00+01:00,131.22729550524605
2038-11-26 00:00:00+01:00,129.95137912855228
2038-11-26 01:00:00+01:00,127.45702008582664
2038-11-26 02:00:00+01:00,123.02004962272942
2038-11-26 03:00:00+01:00,120.56017480640091
2038-11-26 04:00:00+01:00,120.9050170703722
2038-11-26 05:00:00+01:00,128.7329364625204
2038-11-26 06:00:00+01:00,146.05551285601138
2038-11-26 07:00:00+01:00,153.80296905323297
2038-11-26 08:00:00+01:00,155.19383285125045
2038-11-26 09:00:00+01:00,145.90608120829046
2038-11-26 10:00:00+01:00,142.11281630460633
2038-11-26 11:00:00+01:00,140.72195250658882
2038-11-26 12:00:00+01:00,137.0436350242284
2038-11-26 13:00:00+01:00,142.11281630460633
2038-11-26 14:00:00+01:00,143.76805917166848
2038-11-26 15:00:00+01:00,149.22806168454719
2038-11-26 16:00:00+01:00,155.19383285125045
2038-11-26 17:00:00+01:00,167.97598610245282
2038-11-26 18:00:00+01:00,175.2291683879822
2038-11-26 19:00:00+01:00,170.33240823958994
2038-11-26 20:00:00+01:00,153.80296905323297
2038-11-26 21:00:00+01:00,142.44616382644523
2038-11-26 22:00:00+01:00,139.3310887085713
2038-11-26 23:00:00+01:00,130.2732319082588
2038-11-27 00:00:00+01:00,119.58312172514891
2038-11-27 01:00:00+01:00,115.11166703565456
2038-11-27 02:00:00+01:00,113.4104452000629
2038-11-27 03:00:00+01:00,109.42176968012834
2038-11-27 04:00:00+01:00,115.18063548844881
2038-11-27 05:00:00+01:00,135.5838027734166
2038-11-27 06:00:00+01:00,163.80339470840025
2038-11-27 07:00:00+01:00,204.8396241209834
2038-11-27 08:00:00+01:00,218.87470426461473
2038-11-27 09:00:00+01:00,183.48239323902834
2038-11-27 10:00:00+01:00,178.06836969467915
2038-11-27 11:00:00+01:00,169.0449971207638
2038-11-27 12:00:00+01:00,150.2970727028582
2038-11-27 13:00:00+01:00,147.6532820124117
2038-11-27 14:00:00+01:00,147.61879778601457
2038-11-27 15:00:00+01:00,146.15896553520275
2038-11-27 16:00:00+01:00,149.27404065307672
2038-11-27 17:00:00+01:00,148.5153876723399
2038-11-27 18:00:00+01:00,159.03307672346412
2038-11-27 19:00:00+01:00,150.26258847646108
2038-11-27 20:00:00+01:00,148.2625033454276
2038-11-27 21:00:00+01:00,139.30809922430652
2038-11-27 22:00:00+01:00,129.6525158331105
2038-11-27 23:00:00+01:00,122.16943870493357
2038-11-28 00:00:00+01:00,127.83634657619506
2038-11-28 01:00:00+01:00,127.34207266450287
2038-11-28 02:00:00+01:00,127.66392544420941
2038-11-28 03:00:00+01:00,127.80186234979791
2038-11-28 04:00:00+01:00,127.29609369597338
2038-11-28 05:00:00+01:00,127.8133570919303
2038-11-28 06:00:00+01:00,146.20494450373224
2038-11-28 07:00:00+01:00,147.388902943367
2038-11-28 08:00:00+01:00,140.95184734923632
2038-11-28 09:00:00+01:00,139.68742571467493
2038-11-28 10:00:00+01:00,141.9633846568854
2038-11-28 11:00:00+01:00,147.29694500630802
2038-11-28 12:00:00+01:00,145.63020739711345
2038-11-28 13:00:00+01:00,147.02107119513096
2038-11-28 14:00:00+01:00,143.8025433980656
2038-11-28 15:00:00+01:00,143.30826948637346
2038-11-28 16:00:00+01:00,140.72195250658882
2038-11-28 17:00:00+01:00,148.5383771566046
2038-11-28 18:00:00+01:00,151.89484185925852
2038-11-28 19:00:00+01:00,150.81433609881515
2038-11-28 20:00:00+01:00,143.48069061835906
2038-11-28 21:00:00+01:00,140.239173337029
2038-11-28 22:00:00+01:00,138.14713026893654
2038-11-28 23:00:00+01:00,128.27314677722535
2038-11-29 00:00:00+01:00,118.31870009058754
2038-11-29 01:00:00+01:00,115.80135156359714
2038-11-29 02:00:00+01:00,110.64021234616021
2038-11-29 03:00:00+01:00,109.74362245983487
2038-11-29 04:00:00+01:00,112.81271860917931
2038-11-29 05:00:00+01:00,122.05449128360982
2038-11-29 06:00:00+01:00,148.5958508672665
2038-11-29 07:00:00+01:00,185.86180486043023
2038-11-29 08:00:00+01:00,209.0811839678302
2038-11-29 09:00:00+01:00,179.5396966876233
2038-11-29 10:00:00+01:00,164.68848985259325
2038-11-29 11:00:00+01:00,156.96402313963642
2038-11-29 12:00:00+01:00,148.35446128248662
2038-11-29 13:00:00+01:00,147.07854490579285
2038-11-29 14:00:00+01:00,150.12465157087254
2038-11-29 15:00:00+01:00,167.89552290752619
2038-11-29 16:00:00+01:00,179.21784390791677
2038-11-29 17:00:00+01:00,177.68904320431074
2038-11-29 18:00:00+01:00,174.06819943261223
2038-11-29 19:00:00+01:00,157.22840220868108
2038-11-29 20:00:00+01:00,139.4690256141598
2038-11-29 21:00:00+01:00,131.043379631128
2038-11-29 22:00:00+01:00,122.90510220140564
2038-11-29 23:00:00+01:00,118.74400554948546
2038-11-30 00:00:00+01:00,117.33015226720318
2038-11-30 01:00:00+01:00,114.90476167727181
2038-11-30 02:00:00+01:00,110.53675966696883
2038-11-30 03:00:00+01:00,109.68614874917299
2038-11-30 04:00:00+01:00,110.47928595630694
2038-11-30 05:00:00+01:00,113.97368756454932
2038-11-30 06:00:00+01:00,118.75550029161784
2038-11-30 07:00:00+01:00,122.84762849074377
2038-11-30 08:00:00+01:00,131.54914828495257
2038-11-30 09:00:00+01:00,121.12341717088734
2038-11-30 10:00:00+01:00,114.95074064580129
2038-11-30 11:00:00+01:00,110.80113873601348
2038-11-30 12:00:00+01:00,109.97351730248239
2038-11-30 13:00:00+01:00,110.23789637152706
2038-11-30 14:00:00+01:00,115.66341465800863
2038-11-30 15:00:00+01:00,133.00898053576435
2038-11-30 16:00:00+01:00,138.6414041806287
2038-11-30 17:00:00+01:00,147.2854502641756
2038-11-30 18:00:00+01:00,153.04431607249614
2038-11-30 19:00:00+01:00,142.30822692085673
2038-11-30 20:00:00+01:00,133.50325444745653
2038-11-30 21:00:00+01:00,125.05461898016
2038-11-30 22:00:00+01:00,119.24977420331001
2038-11-30 23:00:00+01:00,115.55996197881723
2038-12-01 00:00:00+01:00,107.81250578159566
2038-12-01 01:00:00+01:00,104.09970407283814
2038-12-01 02:00:00+01:00,99.32938608790202
2038-12-01 03:00:00+01:00,97.9270275477521
2038-12-01 04:00:00+01:00,94.60504707149539
2038-12-01 05:00:00+01:00,95.97292138524816
2038-12-01 06:00:00+01:00,91.23708762670915
2038-12-01 07:00:00+01:00,95.77751076899776
2038-12-01 08:00:00+01:00,103.37553531849845
2038-12-01 09:00:00+01:00,98.09944867973775
2038-12-01 10:00:00+01:00,95.28323685730558
2038-12-01 11:00:00+01:00,92.93830946230084
2038-12-01 12:00:00+01:00,93.85788883289092
2038-12-01 13:00:00+01:00,93.80041512222905
2038-12-01 14:00:00+01:00,98.23738558532628
2038-12-01 15:00:00+01:00,114.84728796660991
2038-12-01 16:00:00+01:00,135.89416081099077
2038-12-01 17:00:00+01:00,138.8712990232762
2038-12-01 18:00:00+01:00,135.89416081099077
2038-12-01 19:00:00+01:00,131.4456956057612
2038-12-01 20:00:00+01:00,132.84805414591108
2038-12-01 21:00:00+01:00,131.19281127884892
2038-12-01 22:00:00+01:00,124.8592083639096
2038-12-01 23:00:00+01:00,121.00846974956357
2038-12-02 00:00:00+01:00,112.85869757770882
2038-12-02 01:00:00+01:00,104.18016726776479
2038-12-02 02:00:00+01:00,102.45595594790835
2038-12-02 03:00:00+01:00,104.63995695305982
2038-12-02 04:00:00+01:00,100.0995338107712
2038-12-02 05:00:00+01:00,111.80118130153022
2038-12-02 06:00:00+01:00,134.46881278657614
2038-12-02 07:00:00+01:00,152.64200009786293
2038-12-02 08:00:00+01:00,155.6651172786779
2038-12-02 09:00:00+01:00,147.96364004998583
2038-12-02 10:00:00+01:00,144.71062802652335
2038-12-02 11:00:00+01:00,142.40018485791572
2038-12-02 12:00:00+01:00,138.5494462435697
2038-12-02 13:00:00+01:00,140.5840156010003
2038-12-02 14:00:00+01:00,145.07845977475938
2038-12-02 15:00:00+01:00,155.25130656191234
2038-12-02 16:00:00+01:00,154.82600110301442
2038-12-02 17:00:00+01:00,159.8606981569952
2038-12-02 18:00:00+01:00,159.4353926980973
2038-12-02 19:00:00+01:00,155.6651172786779
2038-12-02 20:00:00+01:00,147.95214530785344
2038-12-02 21:00:00+01:00,135.94013977952028
2038-12-02 22:00:00+01:00,123.72122889280436
2038-12-02 23:00:00+01:00,103.90429345658774
2038-12-03 00:00:00+01:00,122.13495447853643
2038-12-03 01:00:00+01:00,122.67520735875812
2038-12-03 02:00:00+01:00,122.6867021008905
2038-12-03 03:00:00+01:00,119.69806914647269
2038-12-03 04:00:00+01:00,120.60615377493039
2038-12-03 05:00:00+01:00,125.21554537001327
2038-12-03 06:00:00+01:00,145.88309172402572
2038-12-03 07:00:00+01:00,157.13644427162205
2038-12-03 08:00:00+01:00,162.71139420582455
2038-12-03 09:00:00+01:00,158.21695003206543
2038-12-03 10:00:00+01:00,154.5041483233079
2038-12-03 11:00:00+01:00,149.19357745815006
2038-12-03 12:00:00+01:00,144.96351235343565
2038-12-03 13:00:00+01:00,148.38894550888375
2038-12-03 14:00:00+01:00,157.04448633456303
2038-12-03 15:00:00+01:00,166.7345539521562
2038-12-03 16:00:00+01:00,212.6560487709992
2038-12-03 17:00:00+01:00,237.01340734950443
2038-12-03 18:00:00+01:00,210.59848992930387
2038-12-03 19:00:00+01:00,180.1374232785069
2038-12-03 20:00:00+01:00,160.79177226971768
2038-12-03 21:00:00+01:00,151.6879365008757
2038-12-03 22:00:00+01:00,146.11298656667327
2038-12-03 23:00:00+01:00,138.07816181614226
2038-12-04 00:00:00+01:00,136.91719286077227
2038-12-04 01:00:00+01:00,134.46881278657614
2038-12-04 02:00:00+01:00,131.27327447377553
2038-12-04 03:00:00+01:00,127.38805163303238
2038-12-04 04:00:00+01:00,129.58354738031625
2038-12-04 05:00:00+01:00,138.12414078467177
2038-12-04 06:00:00+01:00,158.48132910111008
2038-12-04 07:00:00+01:00,215.19638678225436
2038-12-04 08:00:00+01:00,254.85324713895236
2038-12-04 09:00:00+01:00,257.85337483550256
2038-12-04 10:00:00+01:00,212.7595014501906
2038-12-04 11:00:00+01:00,202.43722301531676
2038-12-04 12:00:00+01:00,196.2645464902307
2038-12-04 13:00:00+01:00,203.46025506509824
2038-12-04 14:00:00+01:00,247.68052804834957
2038-12-04 15:00:00+01:00,277.67031027171913
2038-12-04 16:00:00+01:00,264.42836733522176
2038-12-04 17:00:00+01:00,286.6017249085754
2038-12-04 18:00:00+01:00,236.18578591597336
2038-12-04 19:00:00+01:00,218.3689356107902
2038-12-04 20:00:00+01:00,181.26390800747976
2038-12-04 21:00:00+01:00,153.9179164745567
2038-12-04 22:00:00+01:00,144.1014066935074
2038-12-04 23:00:00+01:00,134.57226546576752
2038-12-05 00:00:00+01:00,121.06594346022545
2038-12-05 01:00:00+01:00,116.1117096011713
2038-12-05 02:00:00+01:00,113.61735055844565
2038-12-05 03:00:00+01:00,112.35292892388428
2038-12-05 04:00:00+01:00,112.27246572895763
2038-12-05 05:00:00+01:00,120.7096064541218
2038-12-05 06:00:00+01:00,139.83685736239585
2038-12-05 07:00:00+01:00,152.0212840227146
2038-12-05 08:00:00+01:00,157.11345478735728
2038-12-05 09:00:00+01:00,160.12507722603988
2038-12-05 10:00:00+01:00,154.53863254970503
2038-12-05 11:00:00+01:00,149.9062514703574
2038-12-05 12:00:00+01:00,142.58410073203373
2038-12-05 13:00:00+01:00,144.1703751463017
2038-12-05 14:00:00+01:00,149.46945126932712
2038-12-05 15:00:00+01:00,145.63020739711345
2038-12-05 16:00:00+01:00,145.4462915229954
2038-12-05 17:00:00+01:00,144.98650183770036
2038-12-05 18:00:00+01:00,153.12477926742275
2038-12-05 19:00:00+01:00,147.8716821129268
2038-12-05 20:00:00+01:00,153.12477926742275
2038-12-05 21:00:00+01:00,144.15888040416928
2038-12-05 22:00:00+01:00,138.1586250110689
2038-12-05 23:00:00+01:00,128.60649429906425
2038-12-06 00:00:00+01:00,122.33036509478683
2038-12-06 01:00:00+01:00,117.33015226720318
2038-12-06 02:00:00+01:00,115.13465651991933
2038-12-06 03:00:00+01:00,114.54842467116814
2038-12-06 04:00:00+01:00,115.3875408468316
2038-12-06 05:00:00+01:00,122.34185983691921
2038-12-06 06:00:00+01:00,138.08965655827464
2038-12-06 07:00:00+01:00,147.7337452073383
2038-12-06 08:00:00+01:00,151.86035763286137
2038-12-06 09:00:00+01:00,146.0899970824085
2038-12-06 10:00:00+01:00,142.61858495843086
2038-12-06 11:00:00+01:00,139.25062551364465
2038-12-06 12:00:00+01:00,126.6983671050898
2038-12-06 13:00:00+01:00,139.25062551364465
2038-12-06 14:00:00+01:00,143.94048030365414
2038-12-06 15:00:00+01:00,145.3083546174069
2038-12-06 16:00:00+01:00,143.92898556152176
2038-12-06 17:00:00+01:00,148.9291983891054
2038-12-06 18:00:00+01:00,154.76852739235255
2038-12-06 19:00:00+01:00,149.35450384800333
2038-12-06 20:00:00+01:00,143.94048030365414
2038-12-06 21:00:00+01:00,135.59529751554902
2038-12-06 22:00:00+01:00,138.67588840702584
2038-12-06 23:00:00+01:00,126.61790391016316
2038-12-07 00:00:00+01:00,126.25007216192712
2038-12-07 01:00:00+01:00,122.82463900647902
2038-12-07 02:00:00+01:00,120.60615377493039
2038-12-07 03:00:00+01:00,119.81301656779644
2038-12-07 04:00:00+01:00,119.34173214036903
2038-12-07 05:00:00+01:00,119.47966904595754
2038-12-07 06:00:00+01:00,120.60615377493039
2038-12-07 07:00:00+01:00,124.35343971008506
2038-12-07 08:00:00+01:00,126.44548277817752
2038-12-07 09:00:00+01:00,129.3076735691392
2038-12-07 10:00:00+01:00,126.60640916803078
2038-12-07 11:00:00+01:00,126.38800906751564
2038-12-07 12:00:00+01:00,125.16956640148376
2038-12-07 13:00:00+01:00,126.33053535685377
2038-12-07 14:00:00+01:00,126.64089339442792
2038-12-07 15:00:00+01:00,132.31929600782178
2038-12-07 16:00:00+01:00,132.34228549208655
2038-12-07 17:00:00+01:00,133.59521238451555
2038-12-07 18:00:00+01:00,132.31929600782178
2038-12-07 19:00:00+01:00,130.91693746767186
2038-12-07 20:00:00+01:00,126.31904061472139
2038-12-07 21:00:00+01:00,123.57179724508347
2038-12-07 22:00:00+01:00,125.26152433854277
2038-12-07 23:00:00+01:00,118.99688987639774
2038-12-08 00:00:00+01:00,123.34190240243595
2038-12-08 01:00:00+01:00,120.83604861757793
2038-12-08 02:00:00+01:00,107.14581073791786
2038-12-08 03:00:00+01:00,95.62807912127685
2038-12-08 04:00:00+01:00,94.23721532325933
2038-12-08 05:00:00+01:00,107.51364248615388
2038-12-08 06:00:00+01:00,121.53722788765288
2038-12-08 07:00:00+01:00,122.05449128360982
2038-12-08 08:00:00+01:00,126.6523881365603
2038-12-08 09:00:00+01:00,126.92826194773733
2038-12-08 10:00:00+01:00,127.20413575891436
2038-12-08 11:00:00+01:00,125.6868297974407
2038-12-08 12:00:00+01:00,123.49133405015684
2038-12-08 13:00:00+01:00,124.37642919434981
2038-12-08 14:00:00+01:00,127.83634657619506
2038-12-08 15:00:00+01:00,131.9744537438505
2038-12-08 16:00:00+01:00,142.22776372593012
2038-12-08 17:00:00+01:00,146.19344976159988
2038-12-08 18:00:00+01:00,142.56111124776902
2038-12-08 19:00:00+01:00,141.51508971372277
2038-12-08 20:00:00+01:00,130.0318423234789
2038-12-08 21:00:00+01:00,127.11217782185534
2038-12-08 22:00:00+01:00,127.27310421170861
2038-12-08 23:00:00+01:00,123.3648918867007
2038-12-09 00:00:00+01:00,120.33027996375338
2038-12-09 01:00:00+01:00,111.44484429542655
2038-12-09 02:00:00+01:00,106.23772610946011
2038-12-09 03:00:00+01:00,106.0538102353421
2038-12-09 04:00:00+01:00,104.8468623114426
2038-12-09 05:00:00+01:00,125.46842969692554
2038-12-09 06:00:00+01:00,138.69887789129058
2038-12-09 07:00:00+01:00,148.5383771566046
2038-12-09 08:00:00+01:00,152.6649895821277
2038-12-09 09:00:00+01:00,149.61888291704798
2038-12-09 10:00:00+01:00,148.19353489263335
2038-12-09 11:00:00+01:00,148.2050296347657
2038-12-09 12:00:00+01:00,147.18199758498423
2038-12-09 13:00:00+01:00,147.25096603777848
2038-12-09 14:00:00+01:00,148.2050296347657
2038-12-09 15:00:00+01:00,162.4700046210446
2038-12-09 16:00:00+01:00,169.20592351061708
2038-12-09 17:00:00+01:00,166.8265118892152
2038-12-09 18:00:00+01:00,155.3662539832361
2038-12-09 19:00:00+01:00,156.5387176807385
2038-12-09 20:00:00+01:00,148.75677725711978
2038-12-09 21:00:00+01:00,143.26229051784395
2038-12-09 22:00:00+01:00,139.2736149979094
2038-12-09 23:00:00+01:00,135.99761349018218
2038-12-10 00:00:00+01:00,128.46855739347575
2038-12-10 01:00:00+01:00,121.08893294449021
2038-12-10 02:00:00+01:00,126.2615669040595
2038-12-10 03:00:00+01:00,126.31904061472139
2038-12-10 04:00:00+01:00,123.39937611309783
2038-12-10 05:00:00+01:00,134.526286497238
2038-12-10 06:00:00+01:00,147.79121891800017
2038-12-10 07:00:00+01:00,181.75818191917193
2038-12-10 08:00:00+01:00,192.0689656119134
2038-12-10 09:00:00+01:00,174.84984189761383
2038-12-10 10:00:00+01:00,174.82685241334906
2038-12-10 11:00:00+01:00,169.5737552588531
2038-12-10 12:00:00+01:00,169.40133412686748
2038-12-10 13:00:00+01:00,174.9532945768052
2038-12-10 14:00:00+01:00,186.64344732543182
2038-12-10 15:00:00+01:00,195.36795660390538
2038-12-10 16:00:00+01:00,204.09246588237895
2038-12-10 17:00:00+01:00,217.04704026556692
2038-12-10 18:00:00+01:00,200.7819801482546
2038-12-10 19:00:00+01:00,191.77010231647162
2038-12-10 20:00:00+01:00,171.88419842746075
2038-12-10 21:00:00+01:00,155.35475924110375
2038-12-10 22:00:00+01:00,147.57281881748503
2038-12-10 23:00:00+01:00,139.41155190349792
2038-12-11 00:00:00+01:00,129.87091593362564
2038-12-11 01:00:00+01:00,125.75579825023496
2038-12-11 02:00:00+01:00,121.98552283081555
2038-12-11 03:00:00+01:00,119.6865744043403
2038-12-11 04:00:00+01:00,125.59487186038169
2038-12-11 05:00:00+01:00,134.5837602078999
2038-12-11 06:00:00+01:00,174.53948386003964
2038-12-11 07:00:00+01:00,252.95661468711026
2038-12-11 08:00:00+01:00,308.38426124942845
2038-12-11 09:00:00+01:00,260.4281970731548
2038-12-11 10:00:00+01:00,338.0292012088267
2038-12-11 11:00:00+01:00,267.3365370947129
2038-12-11 12:00:00+01:00,264.9801149575758
2038-12-11 13:00:00+01:00,283.9349447338642
2038-12-11 14:00:00+01:00,270.32517004913075
2038-12-11 15:00:00+01:00,248.15181247577698
2038-12-11 16:00:00+01:00,266.0606207180192
2038-12-11 17:00:00+01:00,285.99250357555957
2038-12-11 18:00:00+01:00,309.6716723682545
2038-12-11 19:00:00+01:00,271.81948652633963
2038-12-11 20:00:00+01:00,217.86316695696564
2038-12-11 21:00:00+01:00,188.6320377143329
2038-12-11 22:00:00+01:00,155.97547531625204
2038-12-11 23:00:00+01:00,141.33117383960476
2038-12-12 00:00:00+01:00,127.49150431222377
2038-12-12 01:00:00+01:00,120.75558542265131
2038-12-12 02:00:00+01:00,116.91634155043764
2038-12-12 03:00:00+01:00,115.70939362653814
2038-12-12 04:00:00+01:00,121.21537510794634
2038-12-12 05:00:00+01:00,133.04346476216148
2038-12-12 06:00:00+01:00,178.99944380740163
2038-12-12 07:00:00+01:00,208.2650572764315
2038-12-12 08:00:00+01:00,238.05942888355065
2038-12-12 09:00:00+01:00,225.5301599592606
2038-12-12 10:00:00+01:00,206.25347740326566
2038-12-12 11:00:00+01:00,199.64400067714934
2038-12-12 12:00:00+01:00,193.3678714728719
2038-12-12 13:00:00+01:00,191.37928108397082
2038-12-12 14:00:00+01:00,201.2992435442115
2038-12-12 15:00:00+01:00,212.0813116643804
2038-12-12 16:00:00+01:00,228.49580342941366
2038-12-12 17:00:00+01:00,292.1077063899837
2038-12-12 18:00:00+01:00,297.67116158205374
2038-12-12 19:00:00+01:00,261.53169231786296
2038-12-12 20:00:00+01:00,209.10417345209495
2038-12-12 21:00:00+01:00,177.32121145607468
2038-12-12 22:00:00+01:00,152.3201473181564
2038-12-12 23:00:00+01:00,142.6070902162985
2038-12-13 00:00:00+01:00,138.19310923746602
2038-12-13 01:00:00+01:00,132.19285384436563
2038-12-13 02:00:00+01:00,127.90531502898932
2038-12-13 03:00:00+01:00,127.03171462692872
2038-12-13 04:00:00+01:00,129.33066305340395
2038-12-13 05:00:00+01:00,134.2389179439286
2038-12-13 06:00:00+01:00,171.40141925790095
2038-12-13 07:00:00+01:00,260.1408285198454
2038-12-13 08:00:00+01:00,345.7191836953864
2038-12-13 09:00:00+01:00,280.08420611951817
2038-12-13 10:00:00+01:00,225.51866521712822
2038-12-13 11:00:00+01:00,203.51772877576013
2038-12-13 12:00:00+01:00,192.63220797639985
2038-12-13 13:00:00+01:00,194.32193506985914
2038-12-13 14:00:00+01:00,205.42585596973458
2038-12-13 15:00:00+01:00,228.85214043551733
2038-12-13 16:00:00+01:00,266.819273698756
2038-12-13 17:00:00+01:00,321.82161480217627
2038-12-13 18:00:00+01:00,314.3270429318669
2038-12-13 19:00:00+01:00,263.49729322249925
2038-12-13 20:00:00+01:00,195.02311433993407
2038-12-13 21:00:00+01:00,167.28630157451025
2038-12-13 22:00:00+01:00,149.802798791166
2038-12-13 23:00:00+01:00,137.60687738871485
2038-12-14 00:00:00+01:00,128.1581993559016
2038-12-14 01:00:00+01:00,122.96257591206752
2038-12-14 02:00:00+01:00,117.13474165095278
2038-12-14 03:00:00+01:00,120.80156439118079
2038-12-14 04:00:00+01:00,120.2728062530915
2038-12-14 05:00:00+01:00,123.801692087731
2038-12-14 06:00:00+01:00,128.18118884016633
2038-12-14 07:00:00+01:00,123.82468157199574
2038-12-14 08:00:00+01:00,129.02030501582982
2038-12-14 09:00:00+01:00,129.1237576950212
2038-12-14 10:00:00+01:00,128.18118884016633
2038-12-14 11:00:00+01:00,128.27314677722535
2038-12-14 12:00:00+01:00,130.3766845874502
2038-12-14 13:00:00+01:00,127.23861998531149
2038-12-14 14:00:00+01:00,131.03188488899565
2038-12-14 15:00:00+01:00,134.6412339185618
2038-12-14 16:00:00+01:00,139.28510974004178
2038-12-14 17:00:00+01:00,140.48056292180888
2038-12-14 18:00:00+01:00,140.46906817967653
2038-12-14 19:00:00+01:00,133.4802649631918
2038-12-14 20:00:00+01:00,130.5606004615682
2038-12-14 21:00:00+01:00,127.38805163303238
2038-12-14 22:00:00+01:00,125.9741983507501
2038-12-14 23:00:00+01:00,120.1233746053706
2038-12-15 00:00:00+01:00,102.68585079055586
2038-12-15 01:00:00+01:00,102.68585079055586
2038-12-15 02:00:00+01:00,102.90425089107103
2038-12-15 03:00:00+01:00,107.50214774402151
2038-12-15 04:00:00+01:00,107.72054784453667
2038-12-15 05:00:00+01:00,107.364210838433
2038-12-15 06:00:00+01:00,102.90425089107103
2038-12-15 07:00:00+01:00,99.35237557216676
2038-12-15 08:00:00+01:00,102.22606110526083
2038-12-15 09:00:00+01:00,109.37579071159882
2038-12-15 10:00:00+01:00,113.85874014322556
2038-12-15 11:00:00+01:00,107.77802155519853
2038-12-15 12:00:00+01:00,108.83553783137715
2038-12-15 13:00:00+01:00,103.60543016114597
2038-12-15 14:00:00+01:00,105.08825189622249
2038-12-15 15:00:00+01:00,107.82400052372805
2038-12-15 16:00:00+01:00,114.6633720924919
2038-12-15 17:00:00+01:00,115.97377269558278
2038-12-15 18:00:00+01:00,106.4446314678429
2038-12-15 19:00:00+01:00,107.78951629733092
2038-12-15 20:00:00+01:00,102.67435604842349
2038-12-15 21:00:00+01:00,119.45667956169278
2038-12-15 22:00:00+01:00,119.58312172514891
2038-12-15 23:00:00+01:00,109.03094844762755
2038-12-16 00:00:00+01:00,103.93877768298488
2038-12-16 01:00:00+01:00,100.73174462805191
2038-12-16 02:00:00+01:00,98.55923836503281
2038-12-16 03:00:00+01:00,98.30635403812053
2038-12-16 04:00:00+01:00,98.93856485540122
2038-12-16 05:00:00+01:00,103.2490931550423
2038-12-16 06:00:00+01:00,119.91646924698784
2038-12-16 07:00:00+01:00,130.65255839862724
2038-12-16 08:00:00+01:00,133.00898053576435
2038-12-16 09:00:00+01:00,129.22721037421258
2038-12-16 10:00:00+01:00,127.66392544420941
2038-12-16 11:00:00+01:00,125.89373515582348
2038-12-16 12:00:00+01:00,122.33036509478683
2038-12-16 13:00:00+01:00,123.53731301868633
2038-12-16 14:00:00+01:00,123.73272363493673
2038-12-16 15:00:00+01:00,130.11230551840555
2038-12-16 16:00:00+01:00,138.6414041806287
2038-12-16 17:00:00+01:00,139.23913077151227
2038-12-16 18:00:00+01:00,139.37706767710077
2038-12-16 19:00:00+01:00,134.5837602078999
2038-12-16 20:00:00+01:00,128.26165203509296
2038-12-16 21:00:00+01:00,122.31887035265447
2038-12-16 22:00:00+01:00,123.06602859125891
2038-12-16 23:00:00+01:00,117.29566804080605
2038-12-17 00:00:00+01:00,112.66328696145843
2038-12-17 01:00:00+01:00,111.62876016954456
2038-12-17 02:00:00+01:00,116.95082577683476
2038-12-17 03:00:00+01:00,116.29562547528931
2038-12-17 04:00:00+01:00,116.26114124889219
2038-12-17 05:00:00+01:00,113.90471911175507
2038-12-17 06:00:00+01:00,121.62918582471188
2038-12-17 07:00:00+01:00,132.37676971848367
2038-12-17 08:00:00+01:00,137.31950883540543
2038-12-17 09:00:00+01:00,129.66401057524288
2038-12-17 10:00:00+01:00,121.69815427750615
2038-12-17 11:00:00+01:00,118.88194245507397
2038-12-17 12:00:00+01:00,122.28438612625735
2038-12-17 13:00:00+01:00,125.81327196089683
2038-12-17 14:00:00+01:00,133.9055704220897
2038-12-17 15:00:00+01:00,133.97453887488396
2038-12-17 16:00:00+01:00,146.91761851593958
2038-12-17 17:00:00+01:00,147.480860880426
2038-12-17 18:00:00+01:00,144.41176473108158
2038-12-17 19:00:00+01:00,137.65285635724433
2038-12-17 20:00:00+01:00,139.00923592886474
2038-12-17 21:00:00+01:00,129.0777787264917
2038-12-17 22:00:00+01:00,123.13499704405316
2038-12-17 23:00:00+01:00,109.45625390652546
2038-12-18 00:00:00+01:00,113.66332952697516
2038-12-18 01:00:00+01:00,110.67469657255734
2038-12-18 02:00:00+01:00,104.3640831418828
2038-12-18 03:00:00+01:00,104.13418829923528
2038-12-18 04:00:00+01:00,103.69738809820498
2038-12-18 05:00:00+01:00,117.68648927330685
2038-12-18 06:00:00+01:00,130.21575819759693
2038-12-18 07:00:00+01:00,129.49158944325723
2038-12-18 08:00:00+01:00,131.043379631128
2038-12-18 09:00:00+01:00,128.75592594678514
2038-12-18 10:00:00+01:00,129.74447377016952
2038-12-18 11:00:00+01:00,127.04320936906109
2038-12-18 12:00:00+01:00,125.33049279133704
2038-12-18 13:00:00+01:00,127.64093595994466
2038-12-18 14:00:00+01:00,132.7446014667197
2038-12-18 15:00:00+01:00,138.03218284761277
2038-12-18 16:00:00+01:00,134.62973917642938
2038-12-18 17:00:00+01:00,145.97504966108474
2038-12-18 18:00:00+01:00,160.01012980471612
2038-12-18 19:00:00+01:00,148.0096190185153
2038-12-18 20:00:00+01:00,140.22767859489664
2038-12-18 21:00:00+01:00,128.82489439957942
2038-12-18 22:00:00+01:00,126.6983671050898
2038-12-18 23:00:00+01:00,116.42206763874546
2038-12-19 00:00:00+01:00,105.77793642416508
2038-12-19 01:00:00+01:00,100.95014472856707
2038-12-19 02:00:00+01:00,99.55928093054953
2038-12-19 03:00:00+01:00,99.23742815084299
2038-12-19 04:00:00+01:00,100.0650495843741
2038-12-19 05:00:00+01:00,108.73208515218576
2038-12-19 06:00:00+01:00,125.47992443905792
2038-12-19 07:00:00+01:00,140.50355240607365
2038-12-19 08:00:00+01:00,137.98620387908323
2038-12-19 09:00:00+01:00,131.2502849895108
2038-12-19 10:00:00+01:00,130.54910571943583
2038-12-19 11:00:00+01:00,125.52590340758744
2038-12-19 12:00:00+01:00,119.61760595154604
2038-12-19 13:00:00+01:00,119.43369007742803
2038-12-19 14:00:00+01:00,125.36497701773416
2038-12-19 15:00:00+01:00,134.18144423326672
2038-12-19 16:00:00+01:00,138.95176221820284
2038-12-19 17:00:00+01:00,132.31929600782178
2038-12-19 18:00:00+01:00,130.49163200877396
2038-12-19 19:00:00+01:00,128.42257842494624
2038-12-19 20:00:00+01:00,121.05444871809308
2038-12-19 21:00:00+01:00,117.50257339918882
2038-12-19 22:00:00+01:00,110.52526492483645
2038-12-19 23:00:00+01:00,102.11111368393705
2038-12-20 00:00:00+01:00,97.36378518326568
2038-12-20 01:00:00+01:00,88.37489683574748
2038-12-20 02:00:00+01:00,82.00680969441103
2038-12-20 03:00:00+01:00,70.21320426659302
2038-12-20 04:00:00+01:00,70.36263591431393
2038-12-20 05:00:00+01:00,91.04167701045876
2038-12-20 06:00:00+01:00,106.27221033585725
2038-12-20 07:00:00+01:00,126.80181978428118
2038-12-20 08:00:00+01:00,129.21571563208022
2038-12-20 09:00:00+01:00,124.2729765151584
2038-12-20 10:00:00+01:00,121.65217530897664
2038-12-20 11:00:00+01:00,120.62914325919515
2038-12-20 12:00:00+01:00,113.23802406807724
2038-12-20 13:00:00+01:00,108.20332701409646
2038-12-20 14:00:00+01:00,114.93924590366893
2038-12-20 15:00:00+01:00,120.24981676882673
2038-12-20 16:00:00+01:00,124.2729765151584
2038-12-20 17:00:00+01:00,125.27301908067514
2038-12-20 18:00:00+01:00,124.62931352126208
2038-12-20 19:00:00+01:00,124.3304502258203
2038-12-20 20:00:00+01:00,120.44522738507713
2038-12-20 21:00:00+01:00,118.10029999007239
2038-12-20 22:00:00+01:00,116.42206763874546
2038-12-20 23:00:00+01:00,104.53650427386843
2038-12-21 00:00:00+01:00,109.70913823343773
2038-12-21 01:00:00+01:00,97.13389034061815
2038-12-21 02:00:00+01:00,83.78849472492935
2038-12-21 03:00:00+01:00,74.90305905660254
2038-12-21 04:00:00+01:00,74.30533246571896
2038-12-21 05:00:00+01:00,86.96104355346519
2038-12-21 06:00:00+01:00,107.85848475012517
2038-12-21 07:00:00+01:00,118.29571060632279
2038-12-21 08:00:00+01:00,121.69815427750615
2038-12-21 09:00:00+01:00,123.2154602389798
2038-12-21 10:00:00+01:00,112.100044596972
2038-12-21 11:00:00+01:00,96.82353230304399
2038-12-21 12:00:00+01:00,89.98416073428014
2038-12-21 13:00:00+01:00,90.99569804192926
2038-12-21 14:00:00+01:00,106.28370507798962
2038-12-21 15:00:00+01:00,121.21537510794634
2038-12-21 16:00:00+01:00,123.81318682986338
2038-12-21 17:00:00+01:00,123.83617631412812
2038-12-21 18:00:00+01:00,125.22704011214563
2038-12-21 19:00:00+01:00,123.83617631412812
2038-12-21 20:00:00+01:00,123.83617631412812
2038-12-21 21:00:00+01:00,121.27284881860822
2038-12-21 22:00:00+01:00,114.34151931278535
2038-12-21 23:00:00+01:00,104.15717778350002
2038-12-22 00:00:00+01:00,114.24956137572634
2038-12-22 01:00:00+01:00,95.05334201465804
2038-12-22 02:00:00+01:00,87.07599097478895
2038-12-22 03:00:00+01:00,81.85737804669016
2038-12-22 04:00:00+01:00,82.9493785492659
2038-12-22 05:00:00+01:00,84.55864244779856
2038-12-22 06:00:00+01:00,94.09927841767082
2038-12-22 07:00:00+01:00,107.04235805872645
2038-12-22 08:00:00+01:00,113.70930849550467
2038-12-22 09:00:00+01:00,105.73195745563557
2038-12-22 10:00:00+01:00,95.88096344818915
2038-12-22 11:00:00+01:00,82.37464144264709
2038-12-22 12:00:00+01:00,90.97270855766449
2038-12-22 13:00:00+01:00,80.14466146896608
2038-12-22 14:00:00+01:00,92.3290881292849
2038-12-22 15:00:00+01:00,113.61735055844565
2038-12-22 16:00:00+01:00,122.38783880544872
2038-12-22 17:00:00+01:00,126.31904061472139
2038-12-22 18:00:00+01:00,125.54889289185218
2038-12-22 19:00:00+01:00,124.5258608420707
2038-12-22 20:00:00+01:00,125.22704011214563
2038-12-22 21:00:00+01:00,118.01983679514575
2038-12-22 22:00:00+01:00,107.05385280085883
2038-12-22 23:00:00+01:00,88.29443364082083
2038-12-23 00:00:00+01:00,68.78785624217838
2038-12-23 01:00:00+01:00,58.143725027597995
2038-12-23 02:00:00+01:00,44.02818168903999
2038-12-23 03:00:00+01:00,39.76363235792841
2038-12-23 04:00:00+01:00,35.61403044814059
2038-12-23 05:00:00+01:00,70.84541508387373
2038-12-23 06:00:00+01:00,104.13418829923528
2038-12-23 07:00:00+01:00,128.58350481479948
2038-12-23 08:00:00+01:00,129.6525158331105
2038-12-23 09:00:00+01:00,132.44573817127792
2038-12-23 10:00:00+01:00,117.37613123573269
2038-12-23 11:00:00+01:00,105.50206261298804
2038-12-23 12:00:00+01:00,104.6974306637217
2038-12-23 13:00:00+01:00,104.01924087791151
2038-12-23 14:00:00+01:00,111.64025491167695
2038-12-23 15:00:00+01:00,128.04325193457782
2038-12-23 16:00:00+01:00,132.44573817127792
2038-12-23 17:00:00+01:00,131.8250220961296
2038-12-23 18:00:00+01:00,131.71007467480584
2038-12-23 19:00:00+01:00,131.00889540473088
2038-12-23 20:00:00+01:00,129.790452738699
2038-12-23 21:00:00+01:00,121.97402808868317
2038-12-23 22:00:00+01:00,115.54846723668487
2038-12-23 23:00:00+01:00,106.37566301504864
2038-12-24 00:00:00+01:00,90.99569804192926
2038-12-24 01:00:00+01:00,82.891904838604
2038-12-24 02:00:00+01:00,79.36301900396451
2038-12-24 03:00:00+01:00,73.16735299461372
2038-12-24 04:00:00+01:00,71.28221528490403
2038-12-24 05:00:00+01:00,80.32857734308412
2038-12-24 06:00:00+01:00,90.80028742567886
2038-12-24 07:00:00+01:00,112.22648676042814
2038-12-24 08:00:00+01:00,123.23844972324457
2038-12-24 09:00:00+01:00,123.19247075471506
2038-12-24 10:00:00+01:00,116.38758341234833
2038-12-24 11:00:00+01:00,112.73225541425269
2038-12-24 12:00:00+01:00,108.05389536637557
2038-12-24 13:00:00+01:00,106.18025239879825
2038-12-24 14:00:00+01:00,107.70905310240428
2038-12-24 15:00:00+01:00,115.82434104786189
2038-12-24 16:00:00+01:00,127.27310421170861
2038-12-24 17:00:00+01:00,130.99740066259852
2038-12-24 18:00:00+01:00,129.44561047472772
2038-12-24 19:00:00+01:00,126.82480926854593
2038-12-24 20:00:00+01:00,112.22648676042814
2038-12-24 21:00:00+01:00,106.9274106374027
2038-12-24 22:00:00+01:00,103.61692490327835
2038-12-24 23:00:00+01:00,91.00719278406162
2038-12-25 00:00:00+01:00,98.97304908179835
2038-12-25 01:00:00+01:00,89.86921331295638
2038-12-25 02:00:00+01:00,84.82302151684321
2038-12-25 03:00:00+01:00,77.78823933182896
2038-12-25 04:00:00+01:00,70.76495188894708
2038-12-25 05:00:00+01:00,71.10979415291837
2038-12-25 06:00:00+01:00,71.74200497019908
2038-12-25 07:00:00+01:00,86.50125386817014
2038-12-25 08:00:00+01:00,96.47869003907272
2038-12-25 09:00:00+01:00,95.65106860554162
2038-12-25 10:00:00+01:00,97.61666951017796
2038-12-25 11:00:00+01:00,95.80050025326251
2038-12-25 12:00:00+01:00,95.09932098318757
2038-12-25 13:00:00+01:00,92.05321431810785
2038-12-25 14:00:00+01:00,95.7085423162035
2038-12-25 15:00:00+01:00,107.22627393284448
2038-12-25 16:00:00+01:00,118.07731050580763
2038-12-25 17:00:00+01:00,127.26160946957624
2038-12-25 18:00:00+01:00,127.80186234979791
2038-12-25 19:00:00+01:00,124.79023991111535
2038-12-25 20:00:00+01:00,120.29579573735626
2038-12-25 21:00:00+01:00,115.77836207933238
2038-12-25 22:00:00+01:00,115.21511971484595
2038-12-25 23:00:00+01:00,106.0538102353421
2038-12-26 00:00:00+01:00,108.58265350446487
2038-12-26 01:00:00+01:00,105.28366251247289
2038-12-26 02:00:00+01:00,102.38698749511408
2038-12-26 03:00:00+01:00,99.92711267878558
2038-12-26 04:00:00+01:00,98.13393290613489
2038-12-26 05:00:00+01:00,102.27204007379032
2038-12-26 06:00:00+01:00,110.28387534005654
2038-12-26 07:00:00+01:00,115.64042517374388
2038-12-26 08:00:00+01:00,126.67537762082506
2038-12-26 09:00:00+01:00,127.80186234979791
2038-12-26 10:00:00+01:00,119.58312172514891
2038-12-26 11:00:00+01:00,115.49099352602298
2038-12-26 12:00:00+01:00,114.49095096050625
2038-12-26 13:00:00+01:00,111.91612872285397
2038-12-26 14:00:00+01:00,114.35301405491774
2038-12-26 15:00:00+01:00,131.02039014686326
2038-12-26 16:00:00+01:00,136.96317182930176
2038-12-26 17:00:00+01:00,142.08982682034159
2038-12-26 18:00:00+01:00,140.44607869541176
2038-12-26 19:00:00+01:00,140.67597353805928
2038-12-26 20:00:00+01:00,137.00915079783127
2038-12-26 21:00:00+01:00,132.45723291341028
2038-12-26 22:00:00+01:00,132.02043271238
2038-12-26 23:00:00+01:00,124.8592083639096
2038-12-27 00:00:00+01:00,118.90493193933872
2038-12-27 01:00:00+01:00,115.96227795345041
2038-12-27 02:00:00+01:00,111.91612872285397
2038-12-27 03:00:00+01:00,109.19187483748081
2038-12-27 04:00:00+01:00,109.13440112681891
2038-12-27 05:00:00+01:00,115.582951463082
2038-12-27 06:00:00+01:00,120.82455387544555
2038-12-27 07:00:00+01:00,136.62982430746288
2038-12-27 08:00:00+01:00,146.29690244079126
2038-12-27 09:00:00+01:00,141.85993197769403
2038-12-27 10:00:00+01:00,131.65260096414394
2038-12-27 11:00:00+01:00,125.82476670302921
2038-12-27 12:00:00+01:00,124.26148177302605
2038-12-27 13:00:00+01:00,120.83604861757793
2038-12-27 14:00:00+01:00,129.4111262483306
2038-12-27 15:00:00+01:00,138.41150933798116
2038-12-27 16:00:00+01:00,163.35509976523758
2038-12-27 17:00:00+01:00,173.6428939737143
2038-12-27 18:00:00+01:00,176.0108108529838
2038-12-27 19:00:00+01:00,161.90676225655818
2038-12-27 20:00:00+01:00,143.3887326813001
2038-12-27 21:00:00+01:00,134.39984433378186
2038-12-27 22:00:00+01:00,134.3883495916495
2038-12-27 23:00:00+01:00,126.2615669040595
2038-12-28 00:00:00+01:00,127.82485183406267
2038-12-28 01:00:00+01:00,120.95099603890168
2038-12-28 02:00:00+01:00,115.11166703565456
2038-12-28 03:00:00+01:00,112.08854985483961
2038-12-28 04:00:00+01:00,110.51377018270406
2038-12-28 05:00:00+01:00,112.41040263454616
2038-12-28 06:00:00+01:00,118.26122637992566
2038-12-28 07:00:00+01:00,125.30750330707228
2038-12-28 08:00:00+01:00,132.67563301392545
2038-12-28 09:00:00+01:00,133.6067071266479
2038-12-28 10:00:00+01:00,124.60632403699734
2038-12-28 11:00:00+01:00,115.36455136256684
2038-12-28 12:00:00+01:00,112.77823438278219
2038-12-28 13:00:00+01:00,111.01953883652862
2038-12-28 14:00:00+01:00,118.24973163779327
2038-12-28 15:00:00+01:00,132.66413827179306
2038-12-28 16:00:00+01:00,143.9174908193894
2038-12-28 17:00:00+01:00,149.99820940741643
2038-12-28 18:00:00+01:00,150.89479929374176
2038-12-28 19:00:00+01:00,145.57273368645158
2038-12-28 20:00:00+01:00,136.77925595518377
2038-12-28 21:00:00+01:00,128.61798904119664
2038-12-28 22:00:00+01:00,126.84779875281069
2038-12-28 23:00:00+01:00,119.65209017794318
2038-12-29 00:00:00+01:00,121.80160695669753
2038-12-29 01:00:00+01:00,114.05415075947596
2038-12-29 02:00:00+01:00,108.04240062424319
2038-12-29 03:00:00+01:00,98.19140661679677
2038-12-29 04:00:00+01:00,93.28315172627211
2038-12-29 05:00:00+01:00,93.38660440546352
2038-12-29 06:00:00+01:00,95.92694241671865
2038-12-29 07:00:00+01:00,106.54808414703427
2038-12-29 08:00:00+01:00,112.12303408123675
2038-12-29 09:00:00+01:00,112.13452882336912
2038-12-29 10:00:00+01:00,110.38732801924795
2038-12-29 11:00:00+01:00,107.49065300188913
2038-12-29 12:00:00+01:00,105.69747322923844
2038-12-29 13:00:00+01:00,105.73195745563557
2038-12-29 14:00:00+01:00,109.45625390652546
2038-12-29 15:00:00+01:00,121.88207015162416
2038-12-29 16:00:00+01:00,137.51491945165583
2038-12-29 17:00:00+01:00,141.59555290864938
2038-12-29 18:00:00+01:00,142.97492196453453
2038-12-29 19:00:00+01:00,140.2966470476909
2038-12-29 20:00:00+01:00,134.5377812393704
2038-12-29 21:00:00+01:00,123.58329198721584
2038-12-29 22:00:00+01:00,116.18067805396555
2038-12-29 23:00:00+01:00,108.68610618365626
2038-12-30 00:00:00+01:00,110.83562296241061
2038-12-30 01:00:00+01:00,109.8240856547615
2038-12-30 02:00:00+01:00,108.617137730862
2038-12-30 03:00:00+01:00,107.50214774402151
2038-12-30 04:00:00+01:00,107.77802155519853
2038-12-30 05:00:00+01:00,117.08876268242327
2038-12-30 06:00:00+01:00,131.19281127884892
2038-12-30 07:00:00+01:00,140.9633420913687
2038-12-30 08:00:00+01:00,143.12435361225542
2038-12-30 09:00:00+01:00,140.8598894121773
2038-12-30 10:00:00+01:00,137.51491945165583
2038-12-30 11:00:00+01:00,131.26177973164317
2038-12-30 12:00:00+01:00,127.6179464756799
2038-12-30 13:00:00+01:00,126.6523881365603
2038-12-30 14:00:00+01:00,137.02064553996365
2038-12-30 15:00:00+01:00,141.20473167614858
2038-12-30 16:00:00+01:00,141.90591094622357
2038-12-30 17:00:00+01:00,147.1590081007195
2038-12-30 18:00:00+01:00,155.2742960461771
2038-12-30 19:00:00+01:00,149.88326198609266
2038-12-30 20:00:00+01:00,143.1358483543878
2038-12-30 21:00:00+01:00,141.2966896132076
2038-12-30 22:00:00+01:00,137.51491945165583
2038-12-30 23:00:00+01:00,131.28476921590791
2038-12-31 00:00:00+01:00,109.78960142836438
2038-12-31 01:00:00+01:00,105.63999951857656
2038-12-31 02:00:00+01:00,105.13423086475201
2038-12-31 03:00:00+01:00,106.27221033585725
2038-12-31 04:00:00+01:00,104.8928412799721
2038-12-31 05:00:00+01:00,106.88143166887319
2038-12-31 06:00:00+01:00,112.50236057160517
2038-12-31 07:00:00+01:00,128.26165203509296
2038-12-31 08:00:00+01:00,128.65247326759376
2038-12-31 09:00:00+01:00,126.02017731927961
2038-12-31 10:00:00+01:00,121.91655437802129
2038-12-31 11:00:00+01:00,117.43360494639458
2038-12-31 12:00:00+01:00,119.23827946117763
2038-12-31 13:00:00+01:00,112.11153933910437
2038-12-31 14:00:00+01:00,119.23827946117763
2038-12-31 15:00:00+01:00,126.46847226244228
2038-12-31 16:00:00+01:00,138.30805665878978
2038-12-31 17:00:00+01:00,139.11268860805615
2038-12-31 18:00:00+01:00,137.27352986687595
2038-12-31 19:00:00+01:00,132.3537802342189
2038-12-31 20:00:00+01:00,120.56017480640091
2038-12-31 21:00:00+01:00,115.1921302305812
2038-12-31 22:00:00+01:00,119.22678471904524
2038-12-31 23:00:00+01:00,110.49078069843932
