Date (GMT+1),Price (EUR/MWh)
2045-01-01 00:00:00+01:00,35.480971501866165
2045-01-01 01:00:00+01:00,32.25825458634555
2045-01-01 02:00:00+01:00,26.047641837088506
2045-01-01 03:00:00+01:00,23.6589446258358
2045-01-01 04:00:00+01:00,23.642750068471365
2045-01-01 05:00:00+01:00,23.675139183200223
2045-01-01 06:00:00+01:00,23.634652789789158
2045-01-01 07:00:00+01:00,21.181177349078744
2045-01-01 08:00:00+01:00,21.343122922722998
2045-01-01 09:00:00+01:00,23.05974600335206
2045-01-01 10:00:00+01:00,22.347185479317353
2045-01-01 11:00:00+01:00,21.12449639830325
2045-01-01 12:00:00+01:00,23.12452423280977
2045-01-01 13:00:00+01:00,21.990905217300003
2045-01-01 14:00:00+01:00,23.772306527386775
2045-01-01 15:00:00+01:00,30.978884554555968
2045-01-01 16:00:00+01:00,38.007322450716494
2045-01-01 17:00:00+01:00,48.54188201627507
2045-01-01 18:00:00+01:00,53.99135056940413
2045-01-01 19:00:00+01:00,49.52165273682279
2045-01-01 20:00:00+01:00,48.93864867170349
2045-01-01 21:00:00+01:00,42.79281415190413
2045-01-01 22:00:00+01:00,41.99118356236508
2045-01-01 23:00:00+01:00,35.561944288688295
2045-01-02 00:00:00+01:00,32.46068655340087
2045-01-02 01:00:00+01:00,25.7885289192577
2045-01-02 02:00:00+01:00,23.61845823242473
2045-01-02 03:00:00+01:00,22.274309971177438
2045-01-02 04:00:00+01:00,22.557714725054886
2045-01-02 05:00:00+01:00,23.65084734715358
2045-01-02 06:00:00+01:00,30.557826063080917
2045-01-02 07:00:00+01:00,47.29490109921433
2045-01-02 08:00:00+01:00,53.61077847134014
2045-01-02 09:00:00+01:00,56.40433961670348
2045-01-02 10:00:00+01:00,56.46911784616118
2045-01-02 11:00:00+01:00,59.69183476168179
2045-01-02 12:00:00+01:00,61.81332177642149
2045-01-02 13:00:00+01:00,63.98339246325446
2045-01-02 14:00:00+01:00,67.06845564117747
2045-01-02 15:00:00+01:00,69.06038619700175
2045-01-02 16:00:00+01:00,73.16570648888354
2045-01-02 17:00:00+01:00,75.82971117533147
2045-01-02 18:00:00+01:00,69.38427734429025
2045-01-02 19:00:00+01:00,63.06030269348223
2045-01-02 20:00:00+01:00,53.52980568451802
2045-01-02 21:00:00+01:00,41.270525759648166
2045-01-02 22:00:00+01:00,37.772501368932325
2045-01-02 23:00:00+01:00,29.03553767082495
2045-01-03 00:00:00+01:00,30.201545801063567
2045-01-03 01:00:00+01:00,26.71161868902994
2045-01-03 02:00:00+01:00,23.642750068471365
2045-01-03 03:00:00+01:00,23.61845823242473
2045-01-03 04:00:00+01:00,23.602263675060307
2045-01-03 05:00:00+01:00,33.570013732864
2045-01-03 06:00:00+01:00,56.48531240352561
2045-01-03 07:00:00+01:00,63.05220541480002
2045-01-03 08:00:00+01:00,64.71214754465359
2045-01-03 09:00:00+01:00,65.36802711791282
2045-01-03 10:00:00+01:00,61.902391841925834
2045-01-03 11:00:00+01:00,59.97523951555923
2045-01-03 12:00:00+01:00,63.06030269348223
2045-01-03 13:00:00+01:00,67.05226108381302
2045-01-03 14:00:00+01:00,72.5017296369421
2045-01-03 15:00:00+01:00,77.76496078038028
2045-01-03 16:00:00+01:00,75.7811275032382
2045-01-03 17:00:00+01:00,80.51803553233256
2045-01-03 18:00:00+01:00,84.05654631645946
2045-01-03 19:00:00+01:00,80.88241307303213
2045-01-03 20:00:00+01:00,81.42493074474037
2045-01-03 21:00:00+01:00,68.69600865630218
2045-01-03 22:00:00+01:00,67.6838488210256
2045-01-03 23:00:00+01:00,57.66751509112865
2045-01-04 00:00:00+01:00,53.66745942211563
2045-01-04 01:00:00+01:00,47.64308408254947
2045-01-04 02:00:00+01:00,43.65112569221866
2045-01-04 03:00:00+01:00,38.841342154984396
2045-01-04 04:00:00+01:00,40.93044005499524
2045-01-04 05:00:00+01:00,58.88210689346053
2045-01-04 06:00:00+01:00,71.7243908834497
2045-01-04 07:00:00+01:00,82.62332798970783
2045-01-04 08:00:00+01:00,87.89465641182822
2045-01-04 09:00:00+01:00,90.52627198354732
2045-01-04 10:00:00+01:00,88.62341149322735
2045-01-04 11:00:00+01:00,86.0160877575549
2045-01-04 12:00:00+01:00,84.51809120134558
2045-01-04 13:00:00+01:00,85.14158165987594
2045-01-04 14:00:00+01:00,88.59102237849851
2045-01-04 15:00:00+01:00,90.39671552463192
2045-01-04 16:00:00+01:00,99.41708397661674
2045-01-04 17:00:00+01:00,101.95153220414927
2045-01-04 18:00:00+01:00,102.78555190841718
2045-01-04 19:00:00+01:00,101.9758240401959
2045-01-04 20:00:00+01:00,94.68827322620459
2045-01-04 21:00:00+01:00,91.7408637858792
2045-01-04 22:00:00+01:00,89.43313936144861
2045-01-04 23:00:00+01:00,85.67600205290196
2045-01-05 00:00:00+01:00,84.73671772576532
2045-01-05 01:00:00+01:00,80.55852192574362
2045-01-05 02:00:00+01:00,77.84593356720241
2045-01-05 03:00:00+01:00,76.97142746952345
2045-01-05 04:00:00+01:00,76.59085537145945
2045-01-05 05:00:00+01:00,81.57877903970241
2045-01-05 06:00:00+01:00,86.14564421647032
2045-01-05 07:00:00+01:00,95.44132014365036
2045-01-05 08:00:00+01:00,98.72071800994644
2045-01-05 09:00:00+01:00,96.0486160448163
2045-01-05 10:00:00+01:00,93.95951814480544
2045-01-05 11:00:00+01:00,93.81376712852563
2045-01-05 12:00:00+01:00,89.36836113199091
2045-01-05 13:00:00+01:00,90.39671552463192
2045-01-05 14:00:00+01:00,91.44126447463734
2045-01-05 15:00:00+01:00,94.9554834227176
2045-01-05 16:00:00+01:00,96.17007522504949
2045-01-05 17:00:00+01:00,102.75316279368832
2045-01-05 18:00:00+01:00,103.80580902237594
2045-01-05 19:00:00+01:00,100.13774177933365
2045-01-05 20:00:00+01:00,94.00810181689873
2045-01-05 21:00:00+01:00,89.73273867269049
2045-01-05 22:00:00+01:00,86.15374149515252
2045-01-05 23:00:00+01:00,83.98367080831954
2045-01-06 00:00:00+01:00,79.74879405752236
2045-01-06 01:00:00+01:00,76.00785130634014
2045-01-06 02:00:00+01:00,75.69205743773385
2045-01-06 03:00:00+01:00,73.9754343571048
2045-01-06 04:00:00+01:00,74.13737993074903
2045-01-06 05:00:00+01:00,75.20622071680111
2045-01-06 06:00:00+01:00,75.42484724122085
2045-01-06 07:00:00+01:00,79.27105461527182
2045-01-06 08:00:00+01:00,82.44518785869916
2045-01-06 09:00:00+01:00,85.9513095280972
2045-01-06 10:00:00+01:00,87.52218159244644
2045-01-06 11:00:00+01:00,89.18212372230003
2045-01-06 12:00:00+01:00,88.16996388702346
2045-01-06 13:00:00+01:00,87.07683126492475
2045-01-06 14:00:00+01:00,87.50598703508201
2045-01-06 15:00:00+01:00,88.38859041144319
2045-01-06 16:00:00+01:00,91.4250699172729
2045-01-06 17:00:00+01:00,93.67611339092801
2045-01-06 18:00:00+01:00,92.46961886727833
2045-01-06 19:00:00+01:00,89.18212372230003
2045-01-06 20:00:00+01:00,87.4897924777176
2045-01-06 21:00:00+01:00,84.81769051258745
2045-01-06 22:00:00+01:00,84.4695075292523
2045-01-06 23:00:00+01:00,81.23059605636726
2045-01-07 00:00:00+01:00,83.27920756296704
2045-01-07 01:00:00+01:00,79.81357228698006
2045-01-07 02:00:00+01:00,77.23054038735425
2045-01-07 03:00:00+01:00,74.44507652067313
2045-01-07 04:00:00+01:00,72.9470799644638
2045-01-07 05:00:00+01:00,74.41268740594427
2045-01-07 06:00:00+01:00,76.05643497843343
2045-01-07 07:00:00+01:00,78.78521789433907
2045-01-07 08:00:00+01:00,81.27917972846055
2045-01-07 09:00:00+01:00,86.71245372422518
2045-01-07 10:00:00+01:00,90.26715906571651
2045-01-07 11:00:00+01:00,91.70037739246814
2045-01-07 12:00:00+01:00,91.39268080254406
2045-01-07 13:00:00+01:00,88.89062168974039
2045-01-07 14:00:00+01:00,88.8420380176471
2045-01-07 15:00:00+01:00,89.20641555834666
2045-01-07 16:00:00+01:00,92.80160729324905
2045-01-07 17:00:00+01:00,99.28752751770134
2045-01-07 18:00:00+01:00,102.03250499097139
2045-01-07 19:00:00+01:00,99.2713329603369
2045-01-07 20:00:00+01:00,96.84214935567313
2045-01-07 21:00:00+01:00,94.13765827581412
2045-01-07 22:00:00+01:00,92.24289506417638
2045-01-07 23:00:00+01:00,89.17402644361782
2045-01-08 00:00:00+01:00,86.82581562577616
2045-01-08 01:00:00+01:00,86.0727687083304
2045-01-08 02:00:00+01:00,84.53428575871
2045-01-08 03:00:00+01:00,83.34398579242475
2045-01-08 04:00:00+01:00,83.32779123506033
2045-01-08 05:00:00+01:00,86.16993605251693
2045-01-08 06:00:00+01:00,95.80569768434992
2045-01-08 07:00:00+01:00,102.19445056461565
2045-01-08 08:00:00+01:00,109.86257347667097
2045-01-08 09:00:00+01:00,109.6925306243445
2045-01-08 10:00:00+01:00,105.57911305378052
2045-01-08 11:00:00+01:00,104.83416341501695
2045-01-08 12:00:00+01:00,99.53854315684993
2045-01-08 13:00:00+01:00,99.44137581266337
2045-01-08 14:00:00+01:00,101.7733920731406
2045-01-08 15:00:00+01:00,104.38071580881305
2045-01-08 16:00:00+01:00,110.99619249218074
2045-01-08 17:00:00+01:00,125.16643018605274
2045-01-08 18:00:00+01:00,125.4498349399302
2045-01-08 19:00:00+01:00,118.55905078136728
2045-01-08 20:00:00+01:00,108.82612180534775
2045-01-08 21:00:00+01:00,98.73691256731088
2045-01-08 22:00:00+01:00,97.84621191226748
2045-01-08 23:00:00+01:00,96.1781725037317
2045-01-09 00:00:00+01:00,90.80157945874255
2045-01-09 01:00:00+01:00,90.52627198354732
2045-01-09 02:00:00+01:00,89.8137114595126
2045-01-09 03:00:00+01:00,88.9068162471048
2045-01-09 04:00:00+01:00,88.81774618160046
2045-01-09 05:00:00+01:00,91.99997670371
2045-01-09 06:00:00+01:00,101.54666827003865
2045-01-09 07:00:00+01:00,117.2796807495777
2045-01-09 08:00:00+01:00,124.38099415387812
2045-01-09 09:00:00+01:00,118.42949432245187
2045-01-09 10:00:00+01:00,105.62769672587378
2045-01-09 11:00:00+01:00,101.02034515569483
2045-01-09 12:00:00+01:00,97.01219220799959
2045-01-09 13:00:00+01:00,97.67616905994103
2045-01-09 14:00:00+01:00,104.11350561230003
2045-01-09 15:00:00+01:00,110.27553468946381
2045-01-09 16:00:00+01:00,118.93152560074907
2045-01-09 17:00:00+01:00,130.01670011669808
2045-01-09 18:00:00+01:00,130.2839103132111
2045-01-09 19:00:00+01:00,122.10565884417639
2045-01-09 20:00:00+01:00,108.29170141232171
2045-01-09 21:00:00+01:00,102.67219000686619
2045-01-09 22:00:00+01:00,98.09722755141608
2045-01-09 23:00:00+01:00,94.38867391496271
2045-01-10 00:00:00+01:00,90.2590617870343
2045-01-10 01:00:00+01:00,88.34810401803213
2045-01-10 02:00:00+01:00,87.80558634632389
2045-01-10 03:00:00+01:00,86.7205510029074
2045-01-10 04:00:00+01:00,86.69625916686076
2045-01-10 05:00:00+01:00,88.94730264051586
2045-01-10 06:00:00+01:00,99.19036017351479
2045-01-10 07:00:00+01:00,114.27559035847682
2045-01-10 08:00:00+01:00,125.88708798876968
2045-01-10 09:00:00+01:00,116.52663383213192
2045-01-10 10:00:00+01:00,107.44958442937161
2045-01-10 11:00:00+01:00,102.39688253167097
2045-01-10 12:00:00+01:00,98.72071800994644
2045-01-10 13:00:00+01:00,98.53448060025556
2045-01-10 14:00:00+01:00,102.36449341694211
2045-01-10 15:00:00+01:00,109.78969796853104
2045-01-10 16:00:00+01:00,115.71690596391066
2045-01-10 17:00:00+01:00,125.59558595621002
2045-01-10 18:00:00+01:00,126.27575736551587
2045-01-10 19:00:00+01:00,118.47807799454515
2045-01-10 20:00:00+01:00,108.5993980022458
2045-01-10 21:00:00+01:00,100.05676899251152
2045-01-10 22:00:00+01:00,97.39276430606358
2045-01-10 23:00:00+01:00,93.42509775177942
2045-01-11 00:00:00+01:00,89.19831827966445
2045-01-11 01:00:00+01:00,86.93108024864493
2045-01-11 02:00:00+01:00,85.0444143156894
2045-01-11 03:00:00+01:00,84.29136739824362
2045-01-11 04:00:00+01:00,84.64764766026097
2045-01-11 05:00:00+01:00,87.59505710058636
2045-01-11 06:00:00+01:00,99.33611118979461
2045-01-11 07:00:00+01:00,112.79378835963192
2045-01-11 08:00:00+01:00,129.7737817562317
2045-01-11 09:00:00+01:00,119.80603169842803
2045-01-11 10:00:00+01:00,107.93542115030436
2045-01-11 11:00:00+01:00,100.09725538592258
2045-01-11 12:00:00+01:00,95.9757405366764
2045-01-11 13:00:00+01:00,95.95954597931195
2045-01-11 14:00:00+01:00,99.64380777971868
2045-01-11 15:00:00+01:00,108.89090003480545
2045-01-11 16:00:00+01:00,116.17035357011457
2045-01-11 17:00:00+01:00,127.21504169265253
2045-01-11 18:00:00+01:00,128.00047772482714
2045-01-11 19:00:00+01:00,122.16233979495189
2045-01-11 20:00:00+01:00,108.89899731348767
2045-01-11 21:00:00+01:00,99.86243430413843
2045-01-11 22:00:00+01:00,96.96360853590633
2045-01-11 23:00:00+01:00,91.14166516339546
2045-01-12 00:00:00+01:00,85.6274183808087
2045-01-12 01:00:00+01:00,83.70836333312432
2045-01-12 02:00:00+01:00,83.54641775948006
2045-01-12 03:00:00+01:00,82.4047014652881
2045-01-12 04:00:00+01:00,82.85005179280978
2045-01-12 05:00:00+01:00,84.53428575871
2045-01-12 06:00:00+01:00,93.67611339092801
2045-01-12 07:00:00+01:00,107.51436265882933
2045-01-12 08:00:00+01:00,122.47003638487595
2045-01-12 09:00:00+01:00,114.41324409607444
2045-01-12 10:00:00+01:00,105.57911305378052
2045-01-12 11:00:00+01:00,99.9838934843716
2045-01-12 12:00:00+01:00,96.22675617582497
2045-01-12 13:00:00+01:00,94.1214637184497
2045-01-12 14:00:00+01:00,96.20246433977833
2045-01-12 15:00:00+01:00,100.3644655824356
2045-01-12 16:00:00+01:00,104.93133075920349
2045-01-12 17:00:00+01:00,113.26343052320024
2045-01-12 18:00:00+01:00,115.70880868522845
2045-01-12 19:00:00+01:00,110.70469045962108
2045-01-12 20:00:00+01:00,101.74100295841174
2045-01-12 21:00:00+01:00,93.56275148937704
2045-01-12 22:00:00+01:00,90.93113591765794
2045-01-12 23:00:00+01:00,87.00395575678483
2045-01-13 00:00:00+01:00,89.676057721915
2045-01-13 01:00:00+01:00,85.36020818429569
2045-01-13 02:00:00+01:00,84.84198234863409
2045-01-13 03:00:00+01:00,84.5909667094855
2045-01-13 04:00:00+01:00,84.29946467692584
2045-01-13 05:00:00+01:00,84.84198234863409
2045-01-13 06:00:00+01:00,85.73268300367747
2045-01-13 07:00:00+01:00,86.0727687083304
2045-01-13 08:00:00+01:00,87.4978897563998
2045-01-13 09:00:00+01:00,89.7489332300549
2045-01-13 10:00:00+01:00,89.82180873819482
2045-01-13 11:00:00+01:00,88.89062168974039
2045-01-13 12:00:00+01:00,85.40069457770676
2045-01-13 13:00:00+01:00,84.47760480793451
2045-01-13 14:00:00+01:00,84.81769051258745
2045-01-13 15:00:00+01:00,87.35213874011998
2045-01-13 16:00:00+01:00,87.89465641182822
2045-01-13 17:00:00+01:00,93.78137801379677
2045-01-13 18:00:00+01:00,96.21056161846055
2045-01-13 19:00:00+01:00,94.84212152116662
2045-01-13 20:00:00+01:00,91.96758758898116
2045-01-13 21:00:00+01:00,88.93920536183364
2045-01-13 22:00:00+01:00,89.59508493509287
2045-01-13 23:00:00+01:00,88.67199516532062
2045-01-14 00:00:00+01:00,85.06870615173602
2045-01-14 01:00:00+01:00,84.50999392266336
2045-01-14 02:00:00+01:00,84.49379936529894
2045-01-14 03:00:00+01:00,84.13751910328159
2045-01-14 04:00:00+01:00,84.07274087382389
2045-01-14 05:00:00+01:00,84.14561638196379
2045-01-14 06:00:00+01:00,84.10512998855273
2045-01-14 07:00:00+01:00,84.36424290638354
2045-01-14 08:00:00+01:00,84.11322726723495
2045-01-14 09:00:00+01:00,84.85007962731629
2045-01-14 10:00:00+01:00,84.16990821801043
2045-01-14 11:00:00+01:00,84.09703270987053
2045-01-14 12:00:00+01:00,83.17394294009829
2045-01-14 13:00:00+01:00,84.10512998855273
2045-01-14 14:00:00+01:00,84.31565923429027
2045-01-14 15:00:00+01:00,86.31568706879676
2045-01-14 16:00:00+01:00,89.2873883451688
2045-01-14 17:00:00+01:00,92.23479778549417
2045-01-14 18:00:00+01:00,93.5465569320126
2045-01-14 19:00:00+01:00,92.5101052606894
2045-01-14 20:00:00+01:00,90.10521349207227
2045-01-14 21:00:00+01:00,88.09708837888354
2045-01-14 22:00:00+01:00,87.40881969089547
2045-01-14 23:00:00+01:00,84.84198234863409
2045-01-15 00:00:00+01:00,86.12944965910587
2045-01-15 01:00:00+01:00,84.82578779126965
2045-01-15 02:00:00+01:00,84.97153880754948
2045-01-15 03:00:00+01:00,85.06060887305382
2045-01-15 04:00:00+01:00,84.89866329940956
2045-01-15 05:00:00+01:00,86.56670270794537
2045-01-15 06:00:00+01:00,90.91494136029353
2045-01-15 07:00:00+01:00,95.64375211070566
2045-01-15 08:00:00+01:00,100.97176148360154
2045-01-15 09:00:00+01:00,98.5668697149844
2045-01-15 10:00:00+01:00,98.58306427234884
2045-01-15 11:00:00+01:00,95.69233578279895
2045-01-15 12:00:00+01:00,93.85425352193668
2045-01-15 13:00:00+01:00,94.19433922658962
2045-01-15 14:00:00+01:00,95.19030450450175
2045-01-15 15:00:00+01:00,95.4089310289215
2045-01-15 16:00:00+01:00,97.4656398142035
2045-01-15 17:00:00+01:00,105.19854095571651
2045-01-15 18:00:00+01:00,110.5265503286124
2045-01-15 19:00:00+01:00,105.84632325029352
2045-01-15 20:00:00+01:00,98.6235506657599
2045-01-15 21:00:00+01:00,93.80566984984341
2045-01-15 22:00:00+01:00,91.90280935952346
2045-01-15 23:00:00+01:00,89.11734549284232
2045-01-16 00:00:00+01:00,86.40475713430111
2045-01-16 01:00:00+01:00,86.8501074618228
2045-01-16 02:00:00+01:00,85.74078028235968
2045-01-16 03:00:00+01:00,86.04037959360154
2045-01-16 04:00:00+01:00,86.08896326569482
2045-01-16 05:00:00+01:00,86.84201018314059
2045-01-16 06:00:00+01:00,92.45342430991391
2045-01-16 07:00:00+01:00,104.4050076448597
2045-01-16 08:00:00+01:00,123.22308330232174
2045-01-16 09:00:00+01:00,117.32826442167097
2045-01-16 10:00:00+01:00,108.96377554294537
2045-01-16 11:00:00+01:00,101.7733920731406
2045-01-16 12:00:00+01:00,94.71256506225123
2045-01-16 13:00:00+01:00,94.28340929209395
2045-01-16 14:00:00+01:00,96.03242148745187
2045-01-16 15:00:00+01:00,105.00420626734342
2045-01-16 16:00:00+01:00,109.37673675573822
2045-01-16 17:00:00+01:00,123.23927785968615
2045-01-16 18:00:00+01:00,121.30402825463736
2045-01-16 19:00:00+01:00,113.27152780188247
2045-01-16 20:00:00+01:00,100.72884312313516
2045-01-16 21:00:00+01:00,92.46961886727833
2045-01-16 22:00:00+01:00,92.49391070332497
2045-01-16 23:00:00+01:00,89.00398359129134
2045-01-17 00:00:00+01:00,85.59502926607985
2045-01-17 01:00:00+01:00,84.00796264436619
2045-01-17 02:00:00+01:00,81.7002382199356
2045-01-17 03:00:00+01:00,81.59497359706684
2045-01-17 04:00:00+01:00,81.61926543311347
2045-01-17 05:00:00+01:00,85.51405647925773
2045-01-17 06:00:00+01:00,89.70034955796163
2045-01-17 07:00:00+01:00,101.91914308942042
2045-01-17 08:00:00+01:00,106.93945587239222
2045-01-17 09:00:00+01:00,105.66818311928485
2045-01-17 10:00:00+01:00,104.6722178413727
2045-01-17 11:00:00+01:00,103.65196072741391
2045-01-17 12:00:00+01:00,101.28755535220783
2045-01-17 13:00:00+01:00,100.57499482817313
2045-01-17 14:00:00+01:00,101.66003017158963
2045-01-17 15:00:00+01:00,105.61150216850936
2045-01-17 16:00:00+01:00,108.37267419914384
2045-01-17 17:00:00+01:00,118.19467324066773
2045-01-17 18:00:00+01:00,113.91121281777725
2045-01-17 19:00:00+01:00,105.09327633284775
2045-01-17 20:00:00+01:00,98.23488128901369
2045-01-17 21:00:00+01:00,90.14569988548332
2045-01-17 22:00:00+01:00,88.9068162471048
2045-01-17 23:00:00+01:00,85.85414218391065
2045-01-18 00:00:00+01:00,80.20224166372627
2045-01-18 01:00:00+01:00,77.18195671526098
2045-01-18 02:00:00+01:00,76.17789415866662
2045-01-18 03:00:00+01:00,75.92687851951803
2045-01-18 04:00:00+01:00,76.14550504393776
2045-01-18 05:00:00+01:00,79.79737772961565
2045-01-18 06:00:00+01:00,87.72461355950176
2045-01-18 07:00:00+01:00,99.76526695995187
2045-01-18 08:00:00+01:00,107.51436265882933
2045-01-18 09:00:00+01:00,106.35645180727292
2045-01-18 10:00:00+01:00,99.08509555064602
2045-01-18 11:00:00+01:00,96.09719971690957
2045-01-18 12:00:00+01:00,90.93923319634015
2045-01-18 13:00:00+01:00,90.13760260680111
2045-01-18 14:00:00+01:00,90.1295053281189
2045-01-18 15:00:00+01:00,90.94733047502237
2045-01-18 16:00:00+01:00,93.29554129286402
2045-01-18 17:00:00+01:00,100.43734109057552
2045-01-18 18:00:00+01:00,100.09725538592258
2045-01-18 19:00:00+01:00,94.84212152116662
2045-01-18 20:00:00+01:00,88.76106523082497
2045-01-18 21:00:00+01:00,87.44930608430654
2045-01-18 22:00:00+01:00,85.84604490522844
2045-01-18 23:00:00+01:00,82.42089602265251
2045-01-19 00:00:00+01:00,80.2832144505484
2045-01-19 01:00:00+01:00,79.23056822186076
2045-01-19 02:00:00+01:00,78.69614782883473
2045-01-19 03:00:00+01:00,78.50181314046162
2045-01-19 04:00:00+01:00,78.2265056652664
2045-01-19 05:00:00+01:00,80.11317159822194
2045-01-19 06:00:00+01:00,84.0889354311883
2045-01-19 07:00:00+01:00,92.29957601495187
2045-01-19 08:00:00+01:00,99.59522410762541
2045-01-19 09:00:00+01:00,100.28349279561348
2045-01-19 10:00:00+01:00,90.65582844246272
2045-01-19 11:00:00+01:00,86.72864828158961
2045-01-19 12:00:00+01:00,83.13345654668721
2045-01-19 13:00:00+01:00,83.47354225134015
2045-01-19 14:00:00+01:00,85.35211090561347
2045-01-19 15:00:00+01:00,85.61122382344428
2045-01-19 16:00:00+01:00,88.87442713237594
2045-01-19 17:00:00+01:00,90.53436926222952
2045-01-19 18:00:00+01:00,93.82186440720784
2045-01-19 19:00:00+01:00,90.14569988548332
2045-01-19 20:00:00+01:00,87.08492854360696
2045-01-19 21:00:00+01:00,84.07274087382389
2045-01-19 22:00:00+01:00,86.02418503623711
2045-01-19 23:00:00+01:00,82.68810621916553
2045-01-20 00:00:00+01:00,78.39654851759286
2045-01-20 01:00:00+01:00,78.39654851759286
2045-01-20 02:00:00+01:00,78.4856185830972
2045-01-20 03:00:00+01:00,77.65969615751152
2045-01-20 04:00:00+01:00,77.6515988788293
2045-01-20 05:00:00+01:00,78.46942402573278
2045-01-20 06:00:00+01:00,78.38035396022843
2045-01-20 07:00:00+01:00,78.45322946836836
2045-01-20 08:00:00+01:00,82.00793480985968
2045-01-20 09:00:00+01:00,84.55048031607443
2045-01-20 10:00:00+01:00,82.82575995676315
2045-01-20 11:00:00+01:00,78.38845123891065
2045-01-20 12:00:00+01:00,75.21431799548333
2045-01-20 13:00:00+01:00,73.23048471834123
2045-01-20 14:00:00+01:00,74.65560576641064
2045-01-20 15:00:00+01:00,78.44513218968613
2045-01-20 16:00:00+01:00,82.54235520288572
2045-01-20 17:00:00+01:00,86.68816188817854
2045-01-20 18:00:00+01:00,89.18212372230003
2045-01-20 19:00:00+01:00,86.56670270794537
2045-01-20 20:00:00+01:00,83.91079530017963
2045-01-20 21:00:00+01:00,79.91073963116662
2045-01-20 22:00:00+01:00,80.25082533581954
2045-01-20 23:00:00+01:00,77.57872337068939
2045-01-21 00:00:00+01:00,75.17383160207226
2045-01-21 01:00:00+01:00,75.13334520866118
2045-01-21 02:00:00+01:00,73.92685068501152
2045-01-21 03:00:00+01:00,74.10499081602019
2045-01-21 04:00:00+01:00,74.66370304509286
2045-01-21 05:00:00+01:00,74.6879948811395
2045-01-21 06:00:00+01:00,75.96736491292909
2045-01-21 07:00:00+01:00,74.97139963501694
2045-01-21 08:00:00+01:00,74.70418943850392
2045-01-21 09:00:00+01:00,74.6879948811395
2045-01-21 10:00:00+01:00,74.66370304509286
2045-01-21 11:00:00+01:00,73.61105681640522
2045-01-21 12:00:00+01:00,70.55028547452886
2045-01-21 13:00:00+01:00,70.50170180243559
2045-01-21 14:00:00+01:00,73.65154320981628
2045-01-21 15:00:00+01:00,74.63941120904622
2045-01-21 16:00:00+01:00,75.82971117533147
2045-01-21 17:00:00+01:00,78.11314376371543
2045-01-21 18:00:00+01:00,78.14553287844427
2045-01-21 19:00:00+01:00,78.04026825557551
2045-01-21 20:00:00+01:00,77.77305805906249
2045-01-21 21:00:00+01:00,76.42890979781521
2045-01-21 22:00:00+01:00,77.1252757644855
2045-01-21 23:00:00+01:00,76.28315878153538
2045-01-22 00:00:00+01:00,73.70012688190957
2045-01-22 01:00:00+01:00,74.6232166516818
2045-01-22 02:00:00+01:00,74.65560576641064
2045-01-22 03:00:00+01:00,74.42078468462648
2045-01-22 04:00:00+01:00,72.78513439081955
2045-01-22 05:00:00+01:00,74.43697924199091
2045-01-22 06:00:00+01:00,77.32770773154081
2045-01-22 07:00:00+01:00,80.04029609008202
2045-01-22 08:00:00+01:00,80.64759199124796
2045-01-22 09:00:00+01:00,79.14149815635642
2045-01-22 10:00:00+01:00,79.65162671333582
2045-01-22 11:00:00+01:00,81.56258448233798
2045-01-22 12:00:00+01:00,81.61926543311347
2045-01-22 13:00:00+01:00,81.59497359706684
2045-01-22 14:00:00+01:00,81.09294231876964
2045-01-22 15:00:00+01:00,81.14962326954515
2045-01-22 16:00:00+01:00,81.0605532040408
2045-01-22 17:00:00+01:00,82.89863546490307
2045-01-22 18:00:00+01:00,82.76907900598766
2045-01-22 19:00:00+01:00,81.35205523660046
2045-01-22 20:00:00+01:00,78.2912838947241
2045-01-22 21:00:00+01:00,77.24673494471867
2045-01-22 22:00:00+01:00,77.49775058386727
2045-01-22 23:00:00+01:00,74.67989760245729
2045-01-23 00:00:00+01:00,71.9916010799627
2045-01-23 01:00:00+01:00,73.32765206252778
2045-01-23 02:00:00+01:00,73.31955478384558
2045-01-23 03:00:00+01:00,72.45314596484883
2045-01-23 04:00:00+01:00,72.46124324353104
2045-01-23 05:00:00+01:00,72.42885412880219
2045-01-23 06:00:00+01:00,75.94307307688244
2045-01-23 07:00:00+01:00,79.125303598992
2045-01-23 08:00:00+01:00,81.6354599904779
2045-01-23 09:00:00+01:00,81.26298517109612
2045-01-23 10:00:00+01:00,78.44513218968613
2045-01-23 11:00:00+01:00,76.66373087959937
2045-01-23 12:00:00+01:00,76.19408871603105
2045-01-23 13:00:00+01:00,76.66373087959937
2045-01-23 14:00:00+01:00,75.92687851951803
2045-01-23 15:00:00+01:00,76.85806556797246
2045-01-23 16:00:00+01:00,77.60301520673603
2045-01-23 17:00:00+01:00,79.74069677884015
2045-01-23 18:00:00+01:00,79.40870835286944
2045-01-23 19:00:00+01:00,77.22244310867204
2045-01-23 20:00:00+01:00,76.8175791745614
2045-01-23 21:00:00+01:00,75.36006901176314
2045-01-23 22:00:00+01:00,75.36816629044536
2045-01-23 23:00:00+01:00,71.14138681833039
2045-01-24 00:00:00+01:00,75.68396015905165
2045-01-24 01:00:00+01:00,72.80132894818396
2045-01-24 02:00:00+01:00,70.63935554003321
2045-01-24 03:00:00+01:00,71.19806776910588
2045-01-24 04:00:00+01:00,70.3154643927447
2045-01-24 05:00:00+01:00,72.79323166950175
2045-01-24 06:00:00+01:00,77.65969615751152
2045-01-24 07:00:00+01:00,81.45731985946922
2045-01-24 08:00:00+01:00,80.76905117148115
2045-01-24 09:00:00+01:00,80.42896546682823
2045-01-24 10:00:00+01:00,77.716377108287
2045-01-24 11:00:00+01:00,76.77709278115034
2045-01-24 12:00:00+01:00,78.9390661893011
2045-01-24 13:00:00+01:00,79.14959543503863
2045-01-24 14:00:00+01:00,78.6070777633304
2045-01-24 15:00:00+01:00,78.72043966488137
2045-01-24 16:00:00+01:00,80.04839336876424
2045-01-24 17:00:00+01:00,81.60307087574905
2045-01-24 18:00:00+01:00,84.47760480793451
2045-01-24 19:00:00+01:00,83.20633205482713
2045-01-24 20:00:00+01:00,77.56252881332496
2045-01-24 21:00:00+01:00,75.99975402765794
2045-01-24 22:00:00+01:00,75.99975402765794
2045-01-24 23:00:00+01:00,75.66776560168722
2045-01-25 00:00:00+01:00,72.80942622686618
2045-01-25 01:00:00+01:00,72.89039901368831
2045-01-25 02:00:00+01:00,70.33165895010913
2045-01-25 03:00:00+01:00,70.01586508150284
2045-01-25 04:00:00+01:00,70.93895485127507
2045-01-25 05:00:00+01:00,76.02404586370459
2045-01-25 06:00:00+01:00,77.22244310867204
2045-01-25 07:00:00+01:00,83.6921687757599
2045-01-25 08:00:00+01:00,85.66790477421976
2045-01-25 09:00:00+01:00,85.60312654476206
2045-01-25 10:00:00+01:00,82.858149071492
2045-01-25 11:00:00+01:00,81.31156884318939
2045-01-25 12:00:00+01:00,79.79737772961565
2045-01-25 13:00:00+01:00,80.8581212369855
2045-01-25 14:00:00+01:00,82.33182595714818
2045-01-25 15:00:00+01:00,85.8217530691818
2045-01-25 16:00:00+01:00,91.37648624517963
2045-01-25 17:00:00+01:00,98.15390850219157
2045-01-25 18:00:00+01:00,98.170103059556
2045-01-25 19:00:00+01:00,92.87448280138895
2045-01-25 20:00:00+01:00,85.08490070910047
2045-01-25 21:00:00+01:00,79.59494576256033
2045-01-25 22:00:00+01:00,78.12124104239763
2045-01-25 23:00:00+01:00,76.040240421069
2045-01-26 00:00:00+01:00,71.22235960515252
2045-01-26 01:00:00+01:00,69.48954196715901
2045-01-26 02:00:00+01:00,70.77700927763082
2045-01-26 03:00:00+01:00,71.05231675282606
2045-01-26 04:00:00+01:00,70.5097990811178
2045-01-26 05:00:00+01:00,71.17377593305923
2045-01-26 06:00:00+01:00,78.57468864860154
2045-01-26 07:00:00+01:00,80.97958041721867
2045-01-26 08:00:00+01:00,83.04438648118288
2045-01-26 09:00:00+01:00,81.27917972846055
2045-01-26 10:00:00+01:00,79.65972399201803
2045-01-26 11:00:00+01:00,77.62730704278266
2045-01-26 12:00:00+01:00,79.5139729757382
2045-01-26 13:00:00+01:00,79.27915189395404
2045-01-26 14:00:00+01:00,78.45322946836836
2045-01-26 15:00:00+01:00,78.4856185830972
2045-01-26 16:00:00+01:00,78.38035396022843
2045-01-26 17:00:00+01:00,80.19414438504405
2045-01-26 18:00:00+01:00,85.20635988933364
2045-01-26 19:00:00+01:00,86.29949251143235
2045-01-26 20:00:00+01:00,82.76907900598766
2045-01-26 21:00:00+01:00,80.0969770408575
2045-01-26 22:00:00+01:00,77.89451723929568
2045-01-26 23:00:00+01:00,72.86610717764167
2045-01-27 00:00:00+01:00,67.31137400164384
2045-01-27 01:00:00+01:00,67.10894203458852
2045-01-27 02:00:00+01:00,67.00367741171976
2045-01-27 03:00:00+01:00,67.54619508342799
2045-01-27 04:00:00+01:00,67.6190705915679
2045-01-27 05:00:00+01:00,65.91864206830327
2045-01-27 06:00:00+01:00,63.85383600433906
2045-01-27 07:00:00+01:00,67.35995767373711
2045-01-27 08:00:00+01:00,73.06044186601477
2045-01-27 09:00:00+01:00,71.33572150670349
2045-01-27 10:00:00+01:00,68.15349098459394
2045-01-27 11:00:00+01:00,65.07652508535317
2045-01-27 12:00:00+01:00,65.49758357682822
2045-01-27 13:00:00+01:00,58.48534023803212
2045-01-27 14:00:00+01:00,61.71615443223494
2045-01-27 15:00:00+01:00,69.82153039312973
2045-01-27 16:00:00+01:00,77.30341589549417
2045-01-27 17:00:00+01:00,81.78121100675773
2045-01-27 18:00:00+01:00,87.61125165795077
2045-01-27 19:00:00+01:00,85.15777621724037
2045-01-27 20:00:00+01:00,81.55448720365578
2045-01-27 21:00:00+01:00,77.98358730480001
2045-01-27 22:00:00+01:00,76.82567645324362
2045-01-27 23:00:00+01:00,74.46127107803754
2045-01-28 00:00:00+01:00,73.81348878346054
2045-01-28 01:00:00+01:00,70.35595078615577
2045-01-28 02:00:00+01:00,68.14539370591173
2045-01-28 03:00:00+01:00,65.59475092101476
2045-01-28 04:00:00+01:00,64.5906883644204
2045-01-28 05:00:00+01:00,63.87003056170349
2045-01-28 06:00:00+01:00,66.74456449388896
2045-01-28 07:00:00+01:00,70.1859079338293
2045-01-28 08:00:00+01:00,68.22636649273386
2045-01-28 09:00:00+01:00,66.55022980551585
2045-01-28 10:00:00+01:00,63.0441081361178
2045-01-28 11:00:00+01:00,58.21003276283689
2045-01-28 12:00:00+01:00,54.81727299498982
2045-01-28 13:00:00+01:00,44.290810708113455
2045-01-28 14:00:00+01:00,49.10869152402994
2045-01-28 15:00:00+01:00,57.205970206242526
2045-01-28 16:00:00+01:00,68.26685288614492
2045-01-28 17:00:00+01:00,77.05240025634558
2045-01-28 18:00:00+01:00,79.29534645131847
2045-01-28 19:00:00+01:00,78.12124104239763
2045-01-28 20:00:00+01:00,76.42890979781521
2045-01-28 21:00:00+01:00,74.40459012726207
2045-01-28 22:00:00+01:00,73.01995547260371
2045-01-28 23:00:00+01:00,71.31952694933906
2045-01-29 00:00:00+01:00,67.7405297718011
2045-01-29 01:00:00+01:00,63.46516662759286
2045-01-29 02:00:00+01:00,56.06425391205056
2045-01-29 03:00:00+01:00,58.96307968028266
2045-01-29 04:00:00+01:00,58.94688512291824
2045-01-29 05:00:00+01:00,69.14945626250609
2045-01-29 06:00:00+01:00,78.46942402573278
2045-01-29 07:00:00+01:00,83.91079530017963
2045-01-29 08:00:00+01:00,90.89874680292908
2045-01-29 09:00:00+01:00,83.96747625095512
2045-01-29 10:00:00+01:00,78.53420225519048
2045-01-29 11:00:00+01:00,77.5868206493716
2045-01-29 12:00:00+01:00,76.90664924006575
2045-01-29 13:00:00+01:00,76.72041183037486
2045-01-29 14:00:00+01:00,80.10507431953971
2045-01-29 15:00:00+01:00,83.71646061180654
2045-01-29 16:00:00+01:00,96.18626978241392
2045-01-29 17:00:00+01:00,104.38881308749525
2045-01-29 18:00:00+01:00,105.92729603711565
2045-01-29 19:00:00+01:00,101.03653971305926
2045-01-29 20:00:00+01:00,88.50195231299418
2045-01-29 21:00:00+01:00,81.53829264629134
2045-01-29 22:00:00+01:00,79.07671992689872
2045-01-29 23:00:00+01:00,76.26696422417096
2045-01-30 00:00:00+01:00,71.42479157220782
2045-01-30 01:00:00+01:00,70.01586508150284
2045-01-30 02:00:00+01:00,70.04015691754948
2045-01-30 03:00:00+01:00,69.67577937684992
2045-01-30 04:00:00+01:00,69.65958481948549
2045-01-30 05:00:00+01:00,71.17377593305923
2045-01-30 06:00:00+01:00,78.44513218968613
2045-01-30 07:00:00+01:00,86.35617346220783
2045-01-30 08:00:00+01:00,92.35625696572735
2045-01-30 09:00:00+01:00,85.7488775610419
2045-01-30 10:00:00+01:00,79.30344373000068
2045-01-30 11:00:00+01:00,78.33177028813516
2045-01-30 12:00:00+01:00,76.2993533388998
2045-01-30 13:00:00+01:00,76.2993533388998
2045-01-30 14:00:00+01:00,77.74066894433363
2045-01-30 15:00:00+01:00,80.36418723737053
2045-01-30 16:00:00+01:00,82.38040962924146
2045-01-30 17:00:00+01:00,85.70029388894861
2045-01-30 18:00:00+01:00,92.19431139208311
2045-01-30 19:00:00+01:00,88.95539991919807
2045-01-30 20:00:00+01:00,83.77314156258201
2045-01-30 21:00:00+01:00,78.85809340247899
2045-01-30 22:00:00+01:00,77.81354445247355
2045-01-30 23:00:00+01:00,76.06453225711564
2045-01-31 00:00:00+01:00,74.39649284857985
2045-01-31 01:00:00+01:00,71.99969835864492
2045-01-31 02:00:00+01:00,70.74462016290197
2045-01-31 03:00:00+01:00,70.99563580205056
2045-01-31 04:00:00+01:00,69.99967052413841
2045-01-31 05:00:00+01:00,75.06046970052127
2045-01-31 06:00:00+01:00,81.10103959745187
2045-01-31 07:00:00+01:00,94.75305145566229
2045-01-31 08:00:00+01:00,103.13373489175231
2045-01-31 09:00:00+01:00,88.94730264051586
2045-01-31 10:00:00+01:00,82.210366776915
2045-01-31 11:00:00+01:00,78.72853694356357
2045-01-31 12:00:00+01:00,76.46939619122627
2045-01-31 13:00:00+01:00,76.77709278115034
2045-01-31 14:00:00+01:00,77.70827982960479
2045-01-31 15:00:00+01:00,79.19008182844969
2045-01-31 16:00:00+01:00,79.94312874589546
2045-01-31 17:00:00+01:00,82.44518785869916
2045-01-31 18:00:00+01:00,85.93511497073278
2045-01-31 19:00:00+01:00,83.91889257886186
2045-01-31 20:00:00+01:00,80.06458792612865
2045-01-31 21:00:00+01:00,76.37222884703972
2045-01-31 22:00:00+01:00,75.58679281486509
2045-01-31 23:00:00+01:00,71.03612219546162
2045-02-01 00:00:00+01:00,71.81346094895403
2045-02-01 01:00:00+01:00,71.7972663915896
2045-02-01 02:00:00+01:00,71.78107183422517
2045-02-01 03:00:00+01:00,74.25074183230002
2045-02-01 04:00:00+01:00,74.42078468462648
2045-02-01 05:00:00+01:00,74.44507652067313
2045-02-01 06:00:00+01:00,84.0889354311883
2045-02-01 07:00:00+01:00,88.19425572307009
2045-02-01 08:00:00+01:00,88.44527136221868
2045-02-01 09:00:00+01:00,87.87846185446381
2045-02-01 10:00:00+01:00,84.08083815250609
2045-02-01 11:00:00+01:00,83.29540212033147
2045-02-01 12:00:00+01:00,82.210366776915
2045-02-01 13:00:00+01:00,82.59093887497899
2045-02-01 14:00:00+01:00,82.18607494086835
2045-02-01 15:00:00+01:00,84.82578779126965
2045-02-01 16:00:00+01:00,86.40475713430111
2045-02-01 17:00:00+01:00,88.85823257501153
2045-02-01 18:00:00+01:00,95.05265076690415
2045-02-01 19:00:00+01:00,91.00401142579786
2045-02-01 20:00:00+01:00,89.40884752540197
2045-02-01 21:00:00+01:00,83.28730484164927
2045-02-01 22:00:00+01:00,79.61114031992474
2045-02-01 23:00:00+01:00,73.78109966873168
2045-02-02 00:00:00+01:00,73.49769491485425
2045-02-02 01:00:00+01:00,73.4734030788076
2045-02-02 02:00:00+01:00,76.95523291215902
2045-02-02 03:00:00+01:00,78.44513218968613
2045-02-02 04:00:00+01:00,78.50991041914384
2045-02-02 05:00:00+01:00,77.68398799355816
2045-02-02 06:00:00+01:00,82.46138241606357
2045-02-02 07:00:00+01:00,86.33188162616119
2045-02-02 08:00:00+01:00,88.1375747722946
2045-02-02 09:00:00+01:00,85.69219661026641
2045-02-02 10:00:00+01:00,84.49379936529894
2045-02-02 11:00:00+01:00,81.67594638388896
2045-02-02 12:00:00+01:00,81.36824979396488
2045-02-02 13:00:00+01:00,81.34395795791825
2045-02-02 14:00:00+01:00,81.36824979396488
2045-02-02 15:00:00+01:00,81.39254163001152
2045-02-02 16:00:00+01:00,84.98773336491391
2045-02-02 17:00:00+01:00,84.09703270987053
2045-02-02 18:00:00+01:00,85.86223946259287
2045-02-02 19:00:00+01:00,82.63142526839005
2045-02-02 20:00:00+01:00,78.40464579627508
2045-02-02 21:00:00+01:00,76.38842340440414
2045-02-02 22:00:00+01:00,77.68398799355816
2045-02-02 23:00:00+01:00,73.66773776718071
2045-02-03 00:00:00+01:00,70.92276029391064
2045-02-03 01:00:00+01:00,76.8094818958792
2045-02-03 02:00:00+01:00,71.32762422802128
2045-02-03 03:00:00+01:00,71.22235960515252
2045-02-03 04:00:00+01:00,70.898468457864
2045-02-03 05:00:00+01:00,69.78104399971868
2045-02-03 06:00:00+01:00,70.92276029391064
2045-02-03 07:00:00+01:00,70.92276029391064
2045-02-03 08:00:00+01:00,70.61506370398656
2045-02-03 09:00:00+01:00,68.29924200087378
2045-02-03 10:00:00+01:00,68.64742498420891
2045-02-03 11:00:00+01:00,64.55020197100934
2045-02-03 12:00:00+01:00,50.67956358837919
2045-02-03 13:00:00+01:00,40.80898087476204
2045-02-03 14:00:00+01:00,50.58239624419264
2045-02-03 15:00:00+01:00,65.51377813419265
2045-02-03 16:00:00+01:00,78.50991041914384
2045-02-03 17:00:00+01:00,78.9390661893011
2045-02-03 18:00:00+01:00,79.21437366449634
2045-02-03 19:00:00+01:00,78.97955258271217
2045-02-03 20:00:00+01:00,78.84189884511456
2045-02-03 21:00:00+01:00,78.4856185830972
2045-02-03 22:00:00+01:00,78.55849409123712
2045-02-03 23:00:00+01:00,70.9551494086395
2045-02-04 00:00:00+01:00,76.84187101060805
2045-02-04 01:00:00+01:00,71.24665144119915
2045-02-04 02:00:00+01:00,68.59074403343342
2045-02-04 03:00:00+01:00,64.63927203651367
2045-02-04 04:00:00+01:00,60.623021810136244
2045-02-04 05:00:00+01:00,64.66356387256032
2045-02-04 06:00:00+01:00,65.50568085551043
2045-02-04 07:00:00+01:00,69.56241747529893
2045-02-04 08:00:00+01:00,64.68785570860696
2045-02-04 09:00:00+01:00,60.63111908881845
2045-02-04 10:00:00+01:00,30.71977163672517
2045-02-04 11:00:00+01:00,32.64692396309176
2045-02-04 12:00:00+01:00,24.752077247934494
2045-02-04 13:00:00+01:00,20.80870252969696
2045-02-04 14:00:00+01:00,23.642750068471365
2045-02-04 15:00:00+01:00,34.96274566620456
2045-02-04 16:00:00+01:00,59.04405246710479
2045-02-04 17:00:00+01:00,77.80544717379134
2045-02-04 18:00:00+01:00,77.4572641904562
2045-02-04 19:00:00+01:00,77.33580501022301
2045-02-04 20:00:00+01:00,77.1252757644855
2045-02-04 21:00:00+01:00,78.59898048464818
2045-02-04 22:00:00+01:00,78.5503968125549
2045-02-04 23:00:00+01:00,77.78925261642692
2045-02-05 00:00:00+01:00,70.8903711791818
2045-02-05 01:00:00+01:00,68.74459232839546
2045-02-05 02:00:00+01:00,67.13323387063517
2045-02-05 03:00:00+01:00,67.72433521443668
2045-02-05 04:00:00+01:00,67.80530800125881
2045-02-05 05:00:00+01:00,77.44916691177399
2045-02-05 06:00:00+01:00,78.3560621241818
2045-02-05 07:00:00+01:00,80.16175527031521
2045-02-05 08:00:00+01:00,82.24275589164384
2045-02-05 09:00:00+01:00,80.7933430075278
2045-02-05 10:00:00+01:00,72.95517724314601
2045-02-05 11:00:00+01:00,75.14953976602561
2045-02-05 12:00:00+01:00,60.17767148261455
2045-02-05 13:00:00+01:00,57.594639582988734
2045-02-05 14:00:00+01:00,63.91861423379677
2045-02-05 15:00:00+01:00,71.25474871988136
2045-02-05 16:00:00+01:00,77.97549002611781
2045-02-05 17:00:00+01:00,80.76905117148115
2045-02-05 18:00:00+01:00,84.25897828351476
2045-02-05 19:00:00+01:00,82.42089602265251
2045-02-05 20:00:00+01:00,79.23056822186076
2045-02-05 21:00:00+01:00,71.27094327724579
2045-02-05 22:00:00+01:00,71.24665144119915
2045-02-05 23:00:00+01:00,67.10894203458852
2045-02-06 00:00:00+01:00,65.0360386919421
2045-02-06 01:00:00+01:00,64.89028767566228
2045-02-06 02:00:00+01:00,64.81741216752236
2045-02-06 03:00:00+01:00,64.76882849542909
2045-02-06 04:00:00+01:00,64.66356387256032
2045-02-06 05:00:00+01:00,66.56642436288027
2045-02-06 06:00:00+01:00,76.26696422417096
2045-02-06 07:00:00+01:00,80.18604710636185
2045-02-06 08:00:00+01:00,81.86218379357985
2045-02-06 09:00:00+01:00,79.88644779511998
2045-02-06 10:00:00+01:00,73.10902553810804
2045-02-06 11:00:00+01:00,70.48550724507118
2045-02-06 12:00:00+01:00,69.77294672103646
2045-02-06 13:00:00+01:00,68.73649504971326
2045-02-06 14:00:00+01:00,65.49758357682822
2045-02-06 15:00:00+01:00,66.99558013303755
2045-02-06 16:00:00+01:00,77.49775058386727
2045-02-06 17:00:00+01:00,79.99171241798874
2045-02-06 18:00:00+01:00,80.33179812264167
2045-02-06 19:00:00+01:00,79.30344373000068
2045-02-06 20:00:00+01:00,76.85806556797246
2045-02-06 21:00:00+01:00,71.57054258848765
2045-02-06 22:00:00+01:00,71.82155822763625
2045-02-06 23:00:00+01:00,67.35995767373711
2045-02-07 00:00:00+01:00,72.14544937492475
2045-02-07 01:00:00+01:00,71.85394734236509
2045-02-07 02:00:00+01:00,71.78107183422517
2045-02-07 03:00:00+01:00,71.82155822763625
2045-02-07 04:00:00+01:00,71.29523511329243
2045-02-07 05:00:00+01:00,72.46124324353104
2045-02-07 06:00:00+01:00,72.83371806291281
2045-02-07 07:00:00+01:00,80.8581212369855
2045-02-07 08:00:00+01:00,83.66787693971325
2045-02-07 09:00:00+01:00,81.87837835094427
2045-02-07 10:00:00+01:00,79.43300018891607
2045-02-07 11:00:00+01:00,79.09291448426315
2045-02-07 12:00:00+01:00,79.42490291023385
2045-02-07 13:00:00+01:00,80.37228451605273
2045-02-07 14:00:00+01:00,84.48570208661673
2045-02-07 15:00:00+01:00,87.58695982190414
2045-02-07 16:00:00+01:00,90.0647270986612
2045-02-07 17:00:00+01:00,105.14186000494104
2045-02-07 18:00:00+01:00,108.44554970728376
2045-02-07 19:00:00+01:00,96.99599765063516
2045-02-07 20:00:00+01:00,89.54650126299958
2045-02-07 21:00:00+01:00,83.87840618545079
2045-02-07 22:00:00+01:00,82.48567425211021
2045-02-07 23:00:00+01:00,79.46538930364493
2045-02-08 00:00:00+01:00,78.66375871410588
2045-02-08 01:00:00+01:00,75.83780845401368
2045-02-08 02:00:00+01:00,74.93091324160588
2045-02-08 03:00:00+01:00,73.99972619315143
2045-02-08 04:00:00+01:00,73.99972619315143
2045-02-08 05:00:00+01:00,78.37225668154622
2045-02-08 06:00:00+01:00,86.98776119942042
2045-02-08 07:00:00+01:00,101.23087440143235
2045-02-08 08:00:00+01:00,112.3889244255213
2045-02-08 09:00:00+01:00,101.53857099135642
2045-02-08 10:00:00+01:00,91.4250699172729
2045-02-08 11:00:00+01:00,89.80561418083039
2045-02-08 12:00:00+01:00,87.24687411725122
2045-02-08 13:00:00+01:00,86.1375469377881
2045-02-08 14:00:00+01:00,87.27116595329787
2045-02-08 15:00:00+01:00,89.40075024671977
2045-02-08 16:00:00+01:00,92.17811683471868
2045-02-08 17:00:00+01:00,94.51013309519591
2045-02-08 18:00:00+01:00,91.91900391688787
2045-02-08 19:00:00+01:00,85.28733267615577
2045-02-08 20:00:00+01:00,80.97958041721867
2045-02-08 21:00:00+01:00,79.57065392651369
2045-02-08 22:00:00+01:00,79.49777841837377
2045-02-08 23:00:00+01:00,73.48959763617204
2045-02-09 00:00:00+01:00,72.93088540709937
2045-02-09 01:00:00+01:00,72.85800989895945
2045-02-09 02:00:00+01:00,71.21426232647029
2045-02-09 03:00:00+01:00,71.12519226096596
2045-02-09 04:00:00+01:00,72.53411875167096
2045-02-09 05:00:00+01:00,73.1495119315191
2045-02-09 06:00:00+01:00,76.8175791745614
2045-02-09 07:00:00+01:00,81.69214094125338
2045-02-09 08:00:00+01:00,81.68404366257117
2045-02-09 09:00:00+01:00,78.08075464898657
2045-02-09 10:00:00+01:00,78.08075464898657
2045-02-09 11:00:00+01:00,80.06458792612865
2045-02-09 12:00:00+01:00,79.46538930364493
2045-02-09 13:00:00+01:00,79.62733487728917
2045-02-09 14:00:00+01:00,79.5139729757382
2045-02-09 15:00:00+01:00,79.9026423524844
2045-02-09 16:00:00+01:00,82.62332798970783
2045-02-09 17:00:00+01:00,86.63957821608528
2045-02-09 18:00:00+01:00,86.76913467500067
2045-02-09 19:00:00+01:00,84.14561638196379
2045-02-09 20:00:00+01:00,80.04839336876424
2045-02-09 21:00:00+01:00,77.59491792805382
2045-02-09 22:00:00+01:00,76.8175791745614
2045-02-09 23:00:00+01:00,72.75274527609069
2045-02-10 00:00:00+01:00,69.43286101638354
2045-02-10 01:00:00+01:00,67.87818350939872
2045-02-10 02:00:00+01:00,66.75266177257117
2045-02-10 03:00:00+01:00,66.70407810047789
2045-02-10 04:00:00+01:00,65.38422167527725
2045-02-10 05:00:00+01:00,66.71217537916012
2045-02-10 06:00:00+01:00,66.93889918226205
2045-02-10 07:00:00+01:00,71.67580721135641
2045-02-10 08:00:00+01:00,74.80135678269048
2045-02-10 09:00:00+01:00,74.84994045478375
2045-02-10 10:00:00+01:00,71.80536367027182
2045-02-10 11:00:00+01:00,70.38833990088462
2045-02-10 12:00:00+01:00,69.65148754080327
2045-02-10 13:00:00+01:00,69.4085691803369
2045-02-10 14:00:00+01:00,70.01586508150284
2045-02-10 15:00:00+01:00,73.73251599663841
2045-02-10 16:00:00+01:00,79.53826481178483
2045-02-10 17:00:00+01:00,82.71239805521216
2045-02-10 18:00:00+01:00,83.8217252346753
2045-02-10 19:00:00+01:00,79.20627638581412
2045-02-10 20:00:00+01:00,74.91471868424145
2045-02-10 21:00:00+01:00,70.94705212995729
2045-02-10 22:00:00+01:00,71.48147252298332
2045-02-10 23:00:00+01:00,68.50167396792908
2045-02-11 00:00:00+01:00,63.12508092293993
2045-02-11 01:00:00+01:00,63.31941561131303
2045-02-11 02:00:00+01:00,61.262706826031035
2045-02-11 03:00:00+01:00,60.97120479347139
2045-02-11 04:00:00+01:00,57.23026204228917
2045-02-11 05:00:00+01:00,55.79704371553754
2045-02-11 06:00:00+01:00,61.89429456324362
2045-02-11 07:00:00+01:00,62.44490951363407
2045-02-11 08:00:00+01:00,65.22227610163299
2045-02-11 09:00:00+01:00,65.43280534737052
2045-02-11 10:00:00+01:00,66.25063049427399
2045-02-11 11:00:00+01:00,67.00367741171976
2045-02-11 12:00:00+01:00,66.28301960900284
2045-02-11 13:00:00+01:00,64.9064822330267
2045-02-11 14:00:00+01:00,64.57449380705599
2045-02-11 15:00:00+01:00,67.0927474772241
2045-02-11 16:00:00+01:00,70.46121540902453
2045-02-11 17:00:00+01:00,77.82973900983798
2045-02-11 18:00:00+01:00,80.0969770408575
2045-02-11 19:00:00+01:00,78.83380156643234
2045-02-11 20:00:00+01:00,76.84187101060805
2045-02-11 21:00:00+01:00,71.83775278500067
2045-02-11 22:00:00+01:00,70.20210249119373
2045-02-11 23:00:00+01:00,65.98342029776097
2045-02-12 00:00:00+01:00,67.42473590319482
2045-02-12 01:00:00+01:00,66.21014410086292
2045-02-12 02:00:00+01:00,65.09271964271758
2045-02-12 03:00:00+01:00,63.91861423379677
2045-02-12 04:00:00+01:00,65.48138901946379
2045-02-12 05:00:00+01:00,67.77291888652995
2045-02-12 06:00:00+01:00,77.67589071487595
2045-02-12 07:00:00+01:00,86.16993605251693
2045-02-12 08:00:00+01:00,90.74489850796705
2045-02-12 09:00:00+01:00,86.52621631453431
2045-02-12 10:00:00+01:00,81.61116815443125
2045-02-12 11:00:00+01:00,78.55849409123712
2045-02-12 12:00:00+01:00,74.6232166516818
2045-02-12 13:00:00+01:00,74.08069897997356
2045-02-12 14:00:00+01:00,74.19406088152454
2045-02-12 15:00:00+01:00,77.92690635402454
2045-02-12 16:00:00+01:00,79.35202740209395
2045-02-12 17:00:00+01:00,84.78530139785859
2045-02-12 18:00:00+01:00,94.0000045382165
2045-02-12 19:00:00+01:00,89.98375431183908
2045-02-12 20:00:00+01:00,82.82575995676315
2045-02-12 21:00:00+01:00,78.2993811734063
2045-02-12 22:00:00+01:00,76.46129891254405
2045-02-12 23:00:00+01:00,69.31140183615034
2045-02-13 00:00:00+01:00,69.9186977373163
2045-02-13 01:00:00+01:00,68.75268960707768
2045-02-13 02:00:00+01:00,68.98751068886183
2045-02-13 03:00:00+01:00,69.98347596677398
2045-02-13 04:00:00+01:00,70.00776780282062
2045-02-13 05:00:00+01:00,70.03205963886727
2045-02-13 06:00:00+01:00,77.67589071487595
2045-02-13 07:00:00+01:00,84.09703270987053
2045-02-13 08:00:00+01:00,86.80962106841174
2045-02-13 09:00:00+01:00,82.80956539939872
2045-02-13 10:00:00+01:00,77.54633425596055
2045-02-13 11:00:00+01:00,75.96736491292909
2045-02-13 12:00:00+01:00,73.9187534063293
2045-02-13 13:00:00+01:00,73.03615002996813
2045-02-13 14:00:00+01:00,72.02399019469155
2045-02-13 15:00:00+01:00,75.99975402765794
2045-02-13 16:00:00+01:00,81.65165454784231
2045-02-13 17:00:00+01:00,88.647703329274
2045-02-13 18:00:00+01:00,92.22670050681195
2045-02-13 19:00:00+01:00,89.64366860718614
2045-02-13 20:00:00+01:00,80.49374369628592
2045-02-13 21:00:00+01:00,77.716377108287
2045-02-13 22:00:00+01:00,75.73254383114492
2045-02-13 23:00:00+01:00,70.56648003189329
2045-02-14 00:00:00+01:00,65.47329174078158
2045-02-14 01:00:00+01:00,64.60688292178483
2045-02-14 02:00:00+01:00,64.66356387256032
2045-02-14 03:00:00+01:00,63.489458463639494
2045-02-14 04:00:00+01:00,64.57449380705599
2045-02-14 05:00:00+01:00,66.2020468221807
2045-02-14 06:00:00+01:00,73.9187534063293
2045-02-14 07:00:00+01:00,77.76496078038028
2045-02-14 08:00:00+01:00,81.21440149900285
2045-02-14 09:00:00+01:00,76.12121320789113
2045-02-14 10:00:00+01:00,73.56247314431195
2045-02-14 11:00:00+01:00,69.57051475398114
2045-02-14 12:00:00+01:00,65.63523731442584
2045-02-14 13:00:00+01:00,65.52187541287485
2045-02-14 14:00:00+01:00,69.11706714777725
2045-02-14 15:00:00+01:00,72.05637930942041
2045-02-14 16:00:00+01:00,75.3357771757165
2045-02-14 17:00:00+01:00,79.35202740209395
2045-02-14 18:00:00+01:00,82.47757697342801
2045-02-14 19:00:00+01:00,81.5059035315625
2045-02-14 20:00:00+01:00,76.31554789626423
2045-02-14 21:00:00+01:00,73.66773776718071
2045-02-14 22:00:00+01:00,70.93895485127507
2045-02-14 23:00:00+01:00,65.32754072450174
2045-02-15 00:00:00+01:00,66.19394954349849
2045-02-15 01:00:00+01:00,67.10084475590631
2045-02-15 02:00:00+01:00,66.5826189202447
2045-02-15 03:00:00+01:00,66.55022980551585
2045-02-15 04:00:00+01:00,66.31540872373168
2045-02-15 05:00:00+01:00,66.71217537916012
2045-02-15 06:00:00+01:00,74.05640714392692
2045-02-15 07:00:00+01:00,81.26298517109612
2045-02-15 08:00:00+01:00,81.38444435132931
2045-02-15 09:00:00+01:00,75.95117035556467
2045-02-15 10:00:00+01:00,72.06447658810262
2045-02-15 11:00:00+01:00,70.38833990088462
2045-02-15 12:00:00+01:00,68.39640934506032
2045-02-15 13:00:00+01:00,67.59477875552128
2045-02-15 14:00:00+01:00,69.25472088537487
2045-02-15 15:00:00+01:00,71.99969835864492
2045-02-15 16:00:00+01:00,78.76902333697464
2045-02-15 17:00:00+01:00,82.70430077652996
2045-02-15 18:00:00+01:00,84.96344152886726
2045-02-15 19:00:00+01:00,80.41277090946379
2045-02-15 20:00:00+01:00,73.18999832493017
2045-02-15 21:00:00+01:00,71.17377593305923
2045-02-15 22:00:00+01:00,68.26685288614492
2045-02-15 23:00:00+01:00,66.46115974001151
2045-02-16 00:00:00+01:00,63.49755574232171
2045-02-16 01:00:00+01:00,63.821446889610215
2045-02-16 02:00:00+01:00,63.667598594648176
2045-02-16 03:00:00+01:00,64.01578157798332
2045-02-16 04:00:00+01:00,64.30728361054297
2045-02-16 05:00:00+01:00,64.04007341402995
2045-02-16 06:00:00+01:00,69.52193108188787
2045-02-16 07:00:00+01:00,72.09686570283147
2045-02-16 08:00:00+01:00,73.36004117725663
2045-02-16 09:00:00+01:00,70.06444875359612
2045-02-16 10:00:00+01:00,65.41661079000609
2045-02-16 11:00:00+01:00,65.58665364233255
2045-02-16 12:00:00+01:00,65.27895705240849
2045-02-16 13:00:00+01:00,65.23847065899741
2045-02-16 14:00:00+01:00,65.01174685589547
2045-02-16 15:00:00+01:00,65.9996148551254
2045-02-16 16:00:00+01:00,70.15351881910046
2045-02-16 17:00:00+01:00,72.71225888267963
2045-02-16 18:00:00+01:00,74.16976904547789
2045-02-16 19:00:00+01:00,73.18999832493017
2045-02-16 20:00:00+01:00,70.93085757259286
2045-02-16 21:00:00+01:00,66.84982911675772
2045-02-16 22:00:00+01:00,66.34779783846054
2045-02-16 23:00:00+01:00,63.32751288999525
2045-02-17 00:00:00+01:00,65.09271964271758
2045-02-17 01:00:00+01:00,64.54210469232713
2045-02-17 02:00:00+01:00,63.0441081361178
2045-02-17 03:00:00+01:00,63.06030269348223
2045-02-17 04:00:00+01:00,62.67163331673602
2045-02-17 05:00:00+01:00,61.99955918611238
2045-02-17 06:00:00+01:00,64.59878564310262
2045-02-17 07:00:00+01:00,69.51383380320566
2045-02-17 08:00:00+01:00,71.04421947414383
2045-02-17 09:00:00+01:00,70.06444875359612
2045-02-17 10:00:00+01:00,66.44496518264708
2045-02-17 11:00:00+01:00,64.72834210201802
2045-02-17 12:00:00+01:00,64.7202448233358
2045-02-17 13:00:00+01:00,62.09672653029894
2045-02-17 14:00:00+01:00,63.40038839813516
2045-02-17 15:00:00+01:00,69.2142344919638
2045-02-17 16:00:00+01:00,74.54224386485967
2045-02-17 17:00:00+01:00,79.16578999240306
2045-02-17 18:00:00+01:00,81.6354599904779
2045-02-17 19:00:00+01:00,84.23468644746814
2045-02-17 20:00:00+01:00,77.35199956758744
2045-02-17 21:00:00+01:00,73.87826701291824
2045-02-17 22:00:00+01:00,72.62318881717529
2045-02-17 23:00:00+01:00,70.00776780282062
2045-02-18 00:00:00+01:00,63.89432239775013
2045-02-18 01:00:00+01:00,62.72831426751151
2045-02-18 02:00:00+01:00,61.57040341595511
2045-02-18 03:00:00+01:00,57.392207615933415
2045-02-18 04:00:00+01:00,57.376013058568994
2045-02-18 05:00:00+01:00,58.469145680667694
2045-02-18 06:00:00+01:00,57.141191976784825
2045-02-18 07:00:00+01:00,57.61083414035316
2045-02-18 08:00:00+01:00,57.42459673066227
2045-02-18 09:00:00+01:00,57.31123482911129
2045-02-18 10:00:00+01:00,54.29904715932821
2045-02-18 11:00:00+01:00,51.46499962055381
2045-02-18 12:00:00+01:00,49.62691735969155
2045-02-18 13:00:00+01:00,46.51756234572192
2045-02-18 14:00:00+01:00,53.33547099614492
2045-02-18 15:00:00+01:00,59.85378033532605
2045-02-18 16:00:00+01:00,62.493493185727345
2045-02-18 17:00:00+01:00,71.18997049042366
2045-02-18 18:00:00+01:00,72.17783848965361
2045-02-18 19:00:00+01:00,71.18997049042366
2045-02-18 20:00:00+01:00,67.39234678846596
2045-02-18 21:00:00+01:00,62.833578890380274
2045-02-18 22:00:00+01:00,62.60685508727832
2045-02-18 23:00:00+01:00,60.95501023610696
2045-02-19 00:00:00+01:00,59.31935994230001
2045-02-19 01:00:00+01:00,58.71206404113407
2045-02-19 02:00:00+01:00,58.71206404113407
2045-02-19 03:00:00+01:00,59.10073341788028
2045-02-19 04:00:00+01:00,59.48130551594427
2045-02-19 05:00:00+01:00,60.015725908970296
2045-02-19 06:00:00+01:00,67.87008623071651
2045-02-19 07:00:00+01:00,72.29120039120458
2045-02-19 08:00:00+01:00,73.94304524237594
2045-02-19 09:00:00+01:00,71.61102898189873
2045-02-19 10:00:00+01:00,69.37618006560804
2045-02-19 11:00:00+01:00,68.36402023033148
2045-02-19 12:00:00+01:00,66.67978626443126
2045-02-19 13:00:00+01:00,66.09678219931195
2045-02-19 14:00:00+01:00,66.28301960900284
2045-02-19 15:00:00+01:00,67.97535085358527
2045-02-19 16:00:00+01:00,70.51789635980002
2045-02-19 17:00:00+01:00,73.35194389857442
2045-02-19 18:00:00+01:00,80.76905117148115
2045-02-19 19:00:00+01:00,76.38842340440414
2045-02-19 20:00:00+01:00,71.1494840970126
2045-02-19 21:00:00+01:00,69.59480659002779
2045-02-19 22:00:00+01:00,68.98751068886183
2045-02-19 23:00:00+01:00,66.43686790396488
2045-02-20 00:00:00+01:00,61.16553948184448
2045-02-20 01:00:00+01:00,60.355811613623224
2045-02-20 02:00:00+01:00,60.30722794152995
2045-02-20 03:00:00+01:00,59.72422387641064
2045-02-20 04:00:00+01:00,59.594667417495245
2045-02-20 05:00:00+01:00,64.04007341402995
2045-02-20 06:00:00+01:00,72.18593576833581
2045-02-20 07:00:00+01:00,81.51400081024471
2045-02-20 08:00:00+01:00,83.08487287459396
2045-02-20 09:00:00+01:00,74.25074183230002
2045-02-20 10:00:00+01:00,71.44908340825447
2045-02-20 11:00:00+01:00,68.94702429545077
2045-02-20 12:00:00+01:00,65.52187541287485
2045-02-20 13:00:00+01:00,62.37203400549416
2045-02-20 14:00:00+01:00,62.210088431849904
2045-02-20 15:00:00+01:00,68.59074403343342
2045-02-20 16:00:00+01:00,69.91060045863406
2045-02-20 17:00:00+01:00,72.03208747337378
2045-02-20 18:00:00+01:00,77.9026145179779
2045-02-20 19:00:00+01:00,76.06453225711564
2045-02-20 20:00:00+01:00,72.80132894818396
2045-02-20 21:00:00+01:00,68.78507872180651
2045-02-20 22:00:00+01:00,67.11703931327074
2045-02-20 23:00:00+01:00,62.17769931712105
2045-02-21 00:00:00+01:00,58.88210689346053
2045-02-21 01:00:00+01:00,59.02785790974036
2045-02-21 02:00:00+01:00,59.03595518842258
2045-02-21 03:00:00+01:00,59.13312253260912
2045-02-21 04:00:00+01:00,58.97927423764709
2045-02-21 05:00:00+01:00,59.03595518842258
2045-02-21 06:00:00+01:00,67.81340527994102
2045-02-21 07:00:00+01:00,71.86204462104732
2045-02-21 08:00:00+01:00,74.98759419238137
2045-02-21 09:00:00+01:00,69.95108685204514
2045-02-21 10:00:00+01:00,67.84579439466987
2045-02-21 11:00:00+01:00,66.2020468221807
2045-02-21 12:00:00+01:00,63.51375029968614
2045-02-21 13:00:00+01:00,63.69189043069481
2045-02-21 14:00:00+01:00,65.43280534737052
2045-02-21 15:00:00+01:00,67.53000052606357
2045-02-21 16:00:00+01:00,68.56645219738678
2045-02-21 17:00:00+01:00,68.9632188528152
2045-02-21 18:00:00+01:00,69.12516442645945
2045-02-21 19:00:00+01:00,68.54216036134015
2045-02-21 20:00:00+01:00,67.95105901753863
2045-02-21 21:00:00+01:00,62.46920134968071
2045-02-21 22:00:00+01:00,61.00359390820023
2045-02-21 23:00:00+01:00,58.7282585984985
2045-02-22 00:00:00+01:00,60.49346535122084
2045-02-22 01:00:00+01:00,60.07240685974579
2045-02-22 02:00:00+01:00,60.169574203932335
2045-02-22 03:00:00+01:00,60.015725908970296
2045-02-22 04:00:00+01:00,60.015725908970296
2045-02-22 05:00:00+01:00,59.86997489269047
2045-02-22 06:00:00+01:00,66.65549442838461
2045-02-22 07:00:00+01:00,72.44504868616661
2045-02-22 08:00:00+01:00,73.77300239004948
2045-02-22 09:00:00+01:00,70.09683786832497
2045-02-22 10:00:00+01:00,68.31543655823819
2045-02-22 11:00:00+01:00,66.0643930845831
2045-02-22 12:00:00+01:00,63.100789086893286
2045-02-22 13:00:00+01:00,66.21824137954513
2045-02-22 14:00:00+01:00,65.17369242953971
2045-02-22 15:00:00+01:00,65.01174685589547
2045-02-22 16:00:00+01:00,66.72027265784232
2045-02-22 17:00:00+01:00,66.76885632993559
2045-02-22 18:00:00+01:00,68.43689573847139
2045-02-22 19:00:00+01:00,66.67978626443126
2045-02-22 20:00:00+01:00,64.72834210201802
2045-02-22 21:00:00+01:00,61.14124764579785
2045-02-22 22:00:00+01:00,61.12505308843342
2045-02-22 23:00:00+01:00,59.01166335237593
2045-02-23 00:00:00+01:00,60.22625515470783
2045-02-23 01:00:00+01:00,60.3396170562588
2045-02-23 02:00:00+01:00,60.841648334555984
2045-02-23 03:00:00+01:00,59.546083745401965
2045-02-23 04:00:00+01:00,59.48130551594427
2045-02-23 05:00:00+01:00,60.95501023610696
2045-02-23 06:00:00+01:00,61.39226328494644
2045-02-23 07:00:00+01:00,67.97535085358527
2045-02-23 08:00:00+01:00,69.10087259041282
2045-02-23 09:00:00+01:00,62.64734148068939
2045-02-23 10:00:00+01:00,60.388200728352075
2045-02-23 11:00:00+01:00,60.671605482229516
2045-02-23 12:00:00+01:00,59.66754292563516
2045-02-23 13:00:00+01:00,59.60276469617745
2045-02-23 14:00:00+01:00,59.6351538109063
2045-02-23 15:00:00+01:00,60.388200728352075
2045-02-23 16:00:00+01:00,62.258672103943184
2045-02-23 17:00:00+01:00,71.91062829314058
2045-02-23 18:00:00+01:00,77.14956760053214
2045-02-23 19:00:00+01:00,76.89855196138353
2045-02-23 20:00:00+01:00,71.80536367027182
2045-02-23 21:00:00+01:00,69.93489229468071
2045-02-23 22:00:00+01:00,67.87818350939872
2045-02-23 23:00:00+01:00,65.83766928148114
2045-02-24 00:00:00+01:00,66.33160328109611
2045-02-24 01:00:00+01:00,63.01981630007116
2045-02-24 02:00:00+01:00,60.87403744928483
2045-02-24 03:00:00+01:00,60.29103338416552
2045-02-24 04:00:00+01:00,60.49346535122084
2045-02-24 05:00:00+01:00,61.529917022544055
2045-02-24 06:00:00+01:00,66.27492233032062
2045-02-24 07:00:00+01:00,70.47740996638895
2045-02-24 08:00:00+01:00,70.13732426173603
2045-02-24 09:00:00+01:00,62.461104070998495
2045-02-24 10:00:00+01:00,59.003566073693726
2045-02-24 11:00:00+01:00,56.58247974771216
2045-02-24 12:00:00+01:00,52.65529958683906
2045-02-24 13:00:00+01:00,45.29487326470782
2045-02-24 14:00:00+01:00,56.89827361631845
2045-02-24 15:00:00+01:00,58.30720010702344
2045-02-24 16:00:00+01:00,62.979329906660105
2045-02-24 17:00:00+01:00,73.15760921020131
2045-02-24 18:00:00+01:00,80.06458792612865
2045-02-24 19:00:00+01:00,77.69208527224036
2045-02-24 20:00:00+01:00,72.42885412880219
2045-02-24 21:00:00+01:00,66.21014410086292
2045-02-24 22:00:00+01:00,66.2020468221807
2045-02-24 23:00:00+01:00,62.31535305471867
2045-02-25 00:00:00+01:00,63.06839997216444
2045-02-25 01:00:00+01:00,62.040045579523444
2045-02-25 02:00:00+01:00,60.17767148261455
2045-02-25 03:00:00+01:00,59.74851571245728
2045-02-25 04:00:00+01:00,59.44891640121541
2045-02-25 05:00:00+01:00,59.886169450054894
2045-02-25 06:00:00+01:00,60.452978957809776
2045-02-25 07:00:00+01:00,61.28699866207768
2045-02-25 08:00:00+01:00,61.699959874870515
2045-02-25 09:00:00+01:00,59.86187761400826
2045-02-25 10:00:00+01:00,58.906398729507174
2045-02-25 11:00:00+01:00,53.1978172585473
2045-02-25 12:00:00+01:00,49.359707163178534
2045-02-25 13:00:00+01:00,45.683542641454025
2045-02-25 14:00:00+01:00,49.2706370976742
2045-02-25 15:00:00+01:00,57.43269400934448
2045-02-25 16:00:00+01:00,67.13323387063517
2045-02-25 17:00:00+01:00,72.84181534159504
2045-02-25 18:00:00+01:00,74.20215816020675
2045-02-25 19:00:00+01:00,75.63537648695838
2045-02-25 20:00:00+01:00,71.57054258848765
2045-02-25 21:00:00+01:00,68.08871275513624
2045-02-25 22:00:00+01:00,67.0927474772241
2045-02-25 23:00:00+01:00,64.4530346268228
2045-02-26 00:00:00+01:00,62.679730595418235
2045-02-26 01:00:00+01:00,61.529917022544055
2045-02-26 02:00:00+01:00,60.623021810136244
2045-02-26 03:00:00+01:00,60.07240685974579
2045-02-26 04:00:00+01:00,60.73638371168721
2045-02-26 05:00:00+01:00,62.81738433301585
2045-02-26 06:00:00+01:00,71.96730924391608
2045-02-26 07:00:00+01:00,79.40870835286944
2045-02-26 08:00:00+01:00,81.36824979396488
2045-02-26 09:00:00+01:00,75.392458126492
2045-02-26 10:00:00+01:00,71.01183035941499
2045-02-26 11:00:00+01:00,67.95915629622084
2045-02-26 12:00:00+01:00,67.70814065707225
2045-02-26 13:00:00+01:00,67.37615223110154
2045-02-26 14:00:00+01:00,67.40044406714817
2045-02-26 15:00:00+01:00,68.21826921405165
2045-02-26 16:00:00+01:00,70.85798206445294
2045-02-26 17:00:00+01:00,77.56252881332496
2045-02-26 18:00:00+01:00,82.68000894048332
2045-02-26 19:00:00+01:00,78.84189884511456
2045-02-26 20:00:00+01:00,73.35194389857442
2045-02-26 21:00:00+01:00,69.75675216367203
2045-02-26 22:00:00+01:00,69.00370524622627
2045-02-26 23:00:00+01:00,66.88221823148658
2045-02-27 00:00:00+01:00,65.48138901946379
2045-02-27 01:00:00+01:00,62.137212923709995
2045-02-27 02:00:00+01:00,61.8214190551037
2045-02-27 03:00:00+01:00,61.108858531069
2045-02-27 04:00:00+01:00,62.218185710532126
2045-02-27 05:00:00+01:00,67.27088760823278
2045-02-27 06:00:00+01:00,73.90255884896489
2045-02-27 07:00:00+01:00,84.50189664398115
2045-02-27 08:00:00+01:00,88.9068162471048
2045-02-27 09:00:00+01:00,77.79734989510914
2045-02-27 10:00:00+01:00,74.01592075051586
2045-02-27 11:00:00+01:00,72.34788134198006
2045-02-27 12:00:00+01:00,69.79723855708309
2045-02-27 13:00:00+01:00,69.4814446884768
2045-02-27 14:00:00+01:00,70.01586508150284
2045-02-27 15:00:00+01:00,71.9916010799627
2045-02-27 16:00:00+01:00,80.67188382729461
2045-02-27 17:00:00+01:00,93.39270863705056
2045-02-27 18:00:00+01:00,105.10947089021218
2045-02-27 19:00:00+01:00,100.53450843476207
2045-02-27 20:00:00+01:00,85.14158165987594
2045-02-27 21:00:00+01:00,75.78922478192041
2045-02-27 22:00:00+01:00,73.56247314431195
2045-02-27 23:00:00+01:00,70.03205963886727
2045-02-28 00:00:00+01:00,69.72436304894319
2045-02-28 01:00:00+01:00,68.46928485320024
2045-02-28 02:00:00+01:00,67.53000052606357
2045-02-28 03:00:00+01:00,66.27492233032062
2045-02-28 04:00:00+01:00,66.22633865822735
2045-02-28 05:00:00+01:00,69.10896986909503
2045-02-28 06:00:00+01:00,74.86613501214818
2045-02-28 07:00:00+01:00,94.03239365294536
2045-02-28 08:00:00+01:00,96.76117656885101
2045-02-28 09:00:00+01:00,81.98364297381305
2045-02-28 10:00:00+01:00,74.80135678269048
2045-02-28 11:00:00+01:00,71.01183035941499
2045-02-28 12:00:00+01:00,69.23852632801042
2045-02-28 13:00:00+01:00,69.57861203266336
2045-02-28 14:00:00+01:00,70.04825419623168
2045-02-28 15:00:00+01:00,71.57054258848765
2045-02-28 16:00:00+01:00,74.26693638966445
2045-02-28 17:00:00+01:00,81.06865048272302
2045-02-28 18:00:00+01:00,89.29548562385101
2045-02-28 19:00:00+01:00,80.97958041721867
2045-02-28 20:00:00+01:00,73.99162891446922
2045-02-28 21:00:00+01:00,69.18184537723495
2045-02-28 22:00:00+01:00,68.25875560746272
2045-02-28 23:00:00+01:00,66.21014410086292
2045-03-01 00:00:00+01:00,66.55832708419805
2045-03-01 01:00:00+01:00,66.21014410086292
2045-03-01 02:00:00+01:00,66.19394954349849
2045-03-01 03:00:00+01:00,66.36399239582497
2045-03-01 04:00:00+01:00,66.26682505163842
2045-03-01 05:00:00+01:00,66.26682505163842
2045-03-01 06:00:00+01:00,74.29122822571108
2045-03-01 07:00:00+01:00,79.98361513930654
2045-03-01 08:00:00+01:00,80.11317159822194
2045-03-01 09:00:00+01:00,76.92284379743018
2045-03-01 10:00:00+01:00,72.68796704663299
2045-03-01 11:00:00+01:00,71.88633645709395
2045-03-01 12:00:00+01:00,71.0847058675549
2045-03-01 13:00:00+01:00,71.03612219546162
2045-03-01 14:00:00+01:00,71.00373308073277
2045-03-01 15:00:00+01:00,71.9916010799627
2045-03-01 16:00:00+01:00,77.6435016001471
2045-03-01 17:00:00+01:00,85.99989320019048
2045-03-01 18:00:00+01:00,91.05259509789113
2045-03-01 19:00:00+01:00,83.98367080831954
2045-03-01 20:00:00+01:00,76.38032612572194
2045-03-01 21:00:00+01:00,71.12519226096596
2045-03-01 22:00:00+01:00,70.88227390049958
2045-03-01 23:00:00+01:00,66.89031551016879
2045-03-02 00:00:00+01:00,67.74862705048331
2045-03-02 01:00:00+01:00,66.75266177257117
2045-03-02 02:00:00+01:00,66.38018695318938
2045-03-02 03:00:00+01:00,65.34373528186617
2045-03-02 04:00:00+01:00,65.40851351132387
2045-03-02 05:00:00+01:00,65.38422167527725
2045-03-02 06:00:00+01:00,65.87815567489221
2045-03-02 07:00:00+01:00,66.29921416636726
2045-03-02 08:00:00+01:00,67.27898488691498
2045-03-02 09:00:00+01:00,65.54616724892149
2045-03-02 10:00:00+01:00,65.22227610163299
2045-03-02 11:00:00+01:00,63.222248267126474
2045-03-02 12:00:00+01:00,58.865912336096116
2045-03-02 13:00:00+01:00,57.270748435700234
2045-03-02 14:00:00+01:00,61.416555120993074
2045-03-02 15:00:00+01:00,66.8417318380755
2045-03-02 16:00:00+01:00,72.40456229275554
2045-03-02 17:00:00+01:00,79.01194169744102
2045-03-02 18:00:00+01:00,81.17391510559179
2045-03-02 19:00:00+01:00,79.95122602457768
2045-03-02 20:00:00+01:00,74.33981189780435
2045-03-02 21:00:00+01:00,71.91062829314058
2045-03-02 22:00:00+01:00,70.16971337646488
2045-03-02 23:00:00+01:00,66.71217537916012
2045-03-03 00:00:00+01:00,68.25875560746272
2045-03-03 01:00:00+01:00,67.51380596869915
2045-03-03 02:00:00+01:00,63.0441081361178
2045-03-03 03:00:00+01:00,62.67163331673602
2045-03-03 04:00:00+01:00,61.262706826031035
2045-03-03 05:00:00+01:00,62.2019911531677
2045-03-03 06:00:00+01:00,63.26273466053755
2045-03-03 07:00:00+01:00,63.61091764387268
2045-03-03 08:00:00+01:00,63.975295184572246
2045-03-03 09:00:00+01:00,65.40041623264167
2045-03-03 10:00:00+01:00,62.00765646479459
2045-03-03 11:00:00+01:00,60.15337964656791
2045-03-03 12:00:00+01:00,57.33552666515793
2045-03-03 13:00:00+01:00,54.17758797909502
2045-03-03 14:00:00+01:00,56.91446817368288
2045-03-03 15:00:00+01:00,60.76877282641607
2045-03-03 16:00:00+01:00,68.29924200087378
2045-03-03 17:00:00+01:00,76.59085537145945
2045-03-03 18:00:00+01:00,84.89866329940956
2045-03-03 19:00:00+01:00,85.41688913507117
2045-03-03 20:00:00+01:00,81.15772054822735
2045-03-03 21:00:00+01:00,77.66779343619372
2045-03-03 22:00:00+01:00,77.40058323968071
2045-03-03 23:00:00+01:00,75.19812343811888
2045-03-04 00:00:00+01:00,68.67171682025554
2045-03-04 01:00:00+01:00,67.44902773924144
2045-03-04 02:00:00+01:00,67.1575257066818
2045-03-04 03:00:00+01:00,67.37615223110154
2045-03-04 04:00:00+01:00,68.1211018698651
2045-03-04 05:00:00+01:00,70.83369022840631
2045-03-04 06:00:00+01:00,80.16985254899741
2045-03-04 07:00:00+01:00,93.20647122735969
2045-03-04 08:00:00+01:00,99.54664043553214
2045-03-04 09:00:00+01:00,87.14160949438245
2045-03-04 10:00:00+01:00,78.27508933735967
2045-03-04 11:00:00+01:00,77.17385943657875
2045-03-04 12:00:00+01:00,74.18596360284232
2045-03-04 13:00:00+01:00,74.14547720943125
2045-03-04 14:00:00+01:00,74.33171461912215
2045-03-04 15:00:00+01:00,74.7527731105972
2045-03-04 16:00:00+01:00,81.70833549861781
2045-03-04 17:00:00+01:00,91.9271011955701
2045-03-04 18:00:00+01:00,98.34824319056467
2045-03-04 19:00:00+01:00,96.10529699559179
2045-03-04 20:00:00+01:00,82.19417221955057
2045-03-04 21:00:00+01:00,78.3560621241818
2045-03-04 22:00:00+01:00,77.49775058386727
2045-03-04 23:00:00+01:00,73.5219867509009
2045-03-05 00:00:00+01:00,68.09681003381846
2045-03-05 01:00:00+01:00,70.93085757259286
2045-03-05 02:00:00+01:00,70.97134396600393
2045-03-05 03:00:00+01:00,70.96324668732171
2045-03-05 04:00:00+01:00,71.14138681833039
2045-03-05 05:00:00+01:00,71.17377593305923
2045-03-05 06:00:00+01:00,75.8459057326959
2045-03-05 07:00:00+01:00,83.04438648118288
2045-03-05 08:00:00+01:00,86.59909182267421
2045-03-05 09:00:00+01:00,81.53829264629134
2045-03-05 10:00:00+01:00,78.37225668154622
2045-03-05 11:00:00+01:00,77.32770773154081
2045-03-05 12:00:00+01:00,76.1050186505267
2045-03-05 13:00:00+01:00,76.02404586370459
2045-03-05 14:00:00+01:00,76.40461796176857
2045-03-05 15:00:00+01:00,75.19812343811888
2045-03-05 16:00:00+01:00,77.9026145179779
2045-03-05 17:00:00+01:00,83.80553067731087
2045-03-05 18:00:00+01:00,98.44541053475123
2045-03-05 19:00:00+01:00,99.87862886150285
2045-03-05 20:00:00+01:00,86.16183877383473
2045-03-05 21:00:00+01:00,77.51394514123169
2045-03-05 22:00:00+01:00,75.52201458540739
2045-03-05 23:00:00+01:00,73.71632143927398
2045-03-06 00:00:00+01:00,74.84994045478375
2045-03-06 01:00:00+01:00,74.45317379935533
2045-03-06 02:00:00+01:00,73.9106561276471
2045-03-06 03:00:00+01:00,74.73657855323277
2045-03-06 04:00:00+01:00,73.5219867509009
2045-03-06 05:00:00+01:00,74.76896766796162
2045-03-06 06:00:00+01:00,83.63548782498441
2045-03-06 07:00:00+01:00,97.11745683086836
2045-03-06 08:00:00+01:00,105.57911305378052
2045-03-06 09:00:00+01:00,88.93110808315144
2045-03-06 10:00:00+01:00,81.09294231876964
2045-03-06 11:00:00+01:00,79.10101176294536
2045-03-06 12:00:00+01:00,78.1617274358087
2045-03-06 13:00:00+01:00,78.12124104239763
2045-03-06 14:00:00+01:00,77.60301520673603
2045-03-06 15:00:00+01:00,79.5787512051959
2045-03-06 16:00:00+01:00,82.16178310482172
2045-03-06 17:00:00+01:00,93.94332358744103
2045-03-06 18:00:00+01:00,112.72901013017423
2045-03-06 19:00:00+01:00,110.95570609876967
2045-03-06 20:00:00+01:00,93.9919072595343
2045-03-06 21:00:00+01:00,83.04438648118288
2045-03-06 22:00:00+01:00,79.36822195945838
2045-03-06 23:00:00+01:00,77.57062609200719
2045-03-07 00:00:00+01:00,76.8094818958792
2045-03-07 01:00:00+01:00,76.07262953579784
2045-03-07 02:00:00+01:00,76.16169960130219
2045-03-07 03:00:00+01:00,76.08072681448006
2045-03-07 04:00:00+01:00,76.1697968799844
2045-03-07 05:00:00+01:00,77.60301520673603
2045-03-07 06:00:00+01:00,82.12129671141065
2045-03-07 07:00:00+01:00,92.9635528668933
2045-03-07 08:00:00+01:00,91.48984814673061
2045-03-07 09:00:00+01:00,81.9593511377664
2045-03-07 10:00:00+01:00,76.8742601253369
2045-03-07 11:00:00+01:00,76.19408871603105
2045-03-07 12:00:00+01:00,75.21431799548333
2045-03-07 13:00:00+01:00,74.9471077989703
2045-03-07 14:00:00+01:00,72.17783848965361
2045-03-07 15:00:00+01:00,75.99975402765794
2045-03-07 16:00:00+01:00,76.84996828929026
2045-03-07 17:00:00+01:00,81.80550284280437
2045-03-07 18:00:00+01:00,87.39262513353104
2045-03-07 19:00:00+01:00,87.45740336298874
2045-03-07 20:00:00+01:00,81.17391510559179
2045-03-07 21:00:00+01:00,78.07265737030436
2045-03-07 22:00:00+01:00,77.65969615751152
2045-03-07 23:00:00+01:00,76.9390383547946
2045-03-08 00:00:00+01:00,76.04833769975122
2045-03-08 01:00:00+01:00,76.67182815828158
2045-03-08 02:00:00+01:00,76.73660638773929
2045-03-08 03:00:00+01:00,75.48962547067855
2045-03-08 04:00:00+01:00,75.4572363559497
2045-03-08 05:00:00+01:00,75.25480438889439
2045-03-08 06:00:00+01:00,78.72043966488137
2045-03-08 07:00:00+01:00,85.37640274166012
2045-03-08 08:00:00+01:00,81.69214094125338
2045-03-08 09:00:00+01:00,76.18599143734882
2045-03-08 10:00:00+01:00,76.15360232261997
2045-03-08 11:00:00+01:00,75.5948900935473
2045-03-08 12:00:00+01:00,74.04021258656249
2045-03-08 13:00:00+01:00,74.03211530788028
2045-03-08 14:00:00+01:00,74.00782347183365
2045-03-08 15:00:00+01:00,74.03211530788028
2045-03-08 16:00:00+01:00,75.48962547067855
2045-03-08 17:00:00+01:00,79.82976684434449
2045-03-08 18:00:00+01:00,80.19414438504405
2045-03-08 19:00:00+01:00,79.79737772961565
2045-03-08 20:00:00+01:00,77.44106963309179
2045-03-08 21:00:00+01:00,73.95923979974036
2045-03-08 22:00:00+01:00,74.04021258656249
2045-03-08 23:00:00+01:00,71.18187321174145
2045-03-09 00:00:00+01:00,74.91471868424145
2045-03-09 01:00:00+01:00,75.87829484742475
2045-03-09 02:00:00+01:00,75.27909622494103
2045-03-09 03:00:00+01:00,74.93091324160588
2045-03-09 04:00:00+01:00,74.0483098652447
2045-03-09 05:00:00+01:00,74.24264455361781
2045-03-09 06:00:00+01:00,74.87423229083039
2045-03-09 07:00:00+01:00,74.87423229083039
2045-03-09 08:00:00+01:00,71.95921196523386
2045-03-09 09:00:00+01:00,72.3721731780267
2045-03-09 10:00:00+01:00,72.35597862066228
2045-03-09 11:00:00+01:00,71.43288885089004
2045-03-09 12:00:00+01:00,68.13729642722951
2045-03-09 13:00:00+01:00,66.10487947799416
2045-03-09 14:00:00+01:00,71.97540652259829
2045-03-09 15:00:00+01:00,72.00779563732713
2045-03-09 16:00:00+01:00,72.95517724314601
2045-03-09 17:00:00+01:00,73.2061928822946
2045-03-09 18:00:00+01:00,77.53013969859612
2045-03-09 19:00:00+01:00,76.14550504393776
2045-03-09 20:00:00+01:00,75.95926763424687
2045-03-09 21:00:00+01:00,75.4005554051742
2045-03-09 22:00:00+01:00,75.57059825750068
2045-03-09 23:00:00+01:00,73.23048471834123
2045-03-10 00:00:00+01:00,73.44911124276098
2045-03-10 01:00:00+01:00,68.09681003381846
2045-03-10 02:00:00+01:00,67.53000052606357
2045-03-10 03:00:00+01:00,64.73643938070023
2045-03-10 04:00:00+01:00,66.29111688768505
2045-03-10 05:00:00+01:00,64.02387885666553
2045-03-10 06:00:00+01:00,63.57852852914384
2045-03-10 07:00:00+01:00,65.52187541287485
2045-03-10 08:00:00+01:00,72.29929766988678
2045-03-10 09:00:00+01:00,73.62725137376965
2045-03-10 10:00:00+01:00,74.55034114354189
2045-03-10 11:00:00+01:00,73.59486225904081
2045-03-10 12:00:00+01:00,73.45720852144319
2045-03-10 13:00:00+01:00,72.27500583384014
2045-03-10 14:00:00+01:00,71.31142967065685
2045-03-10 15:00:00+01:00,69.58670931134557
2045-03-10 16:00:00+01:00,73.40862484934992
2045-03-10 17:00:00+01:00,73.61105681640522
2045-03-10 18:00:00+01:00,76.02404586370459
2045-03-10 19:00:00+01:00,76.59895265014167
2045-03-10 20:00:00+01:00,76.26696422417096
2045-03-10 21:00:00+01:00,75.392458126492
2045-03-10 22:00:00+01:00,75.48152819199633
2045-03-10 23:00:00+01:00,73.61105681640522
2045-03-11 00:00:00+01:00,72.42885412880219
2045-03-11 01:00:00+01:00,69.53002836057009
2045-03-11 02:00:00+01:00,69.56241747529893
2045-03-11 03:00:00+01:00,70.33165895010913
2045-03-11 04:00:00+01:00,72.36407589934448
2045-03-11 05:00:00+01:00,74.2345472749356
2045-03-11 06:00:00+01:00,75.70015471641608
2045-03-11 07:00:00+01:00,85.06060887305382
2045-03-11 08:00:00+01:00,88.87442713237594
2045-03-11 09:00:00+01:00,84.84198234863409
2045-03-11 10:00:00+01:00,83.36018034978918
2045-03-11 11:00:00+01:00,82.2832422850549
2045-03-11 12:00:00+01:00,76.59895265014167
2045-03-11 13:00:00+01:00,76.59085537145945
2045-03-11 14:00:00+01:00,76.66373087959937
2045-03-11 15:00:00+01:00,80.14556071295078
2045-03-11 16:00:00+01:00,79.96742058194211
2045-03-11 17:00:00+01:00,89.83800329555925
2045-03-11 18:00:00+01:00,116.0003107177881
2045-03-11 19:00:00+01:00,123.73321185930112
2045-03-11 20:00:00+01:00,102.14586689252238
2045-03-11 21:00:00+01:00,82.0889075966818
2045-03-11 22:00:00+01:00,76.73660638773929
2045-03-11 23:00:00+01:00,75.7811275032382
2045-03-12 00:00:00+01:00,73.00376091523928
2045-03-12 01:00:00+01:00,72.28310311252237
2045-03-12 02:00:00+01:00,71.7972663915896
2045-03-12 03:00:00+01:00,71.67580721135641
2045-03-12 04:00:00+01:00,71.99969835864492
2045-03-12 05:00:00+01:00,73.59486225904081
2045-03-12 06:00:00+01:00,80.04029609008202
2045-03-12 07:00:00+01:00,94.55871676728918
2045-03-12 08:00:00+01:00,95.61136299597682
2045-03-12 09:00:00+01:00,84.83388506995186
2045-03-12 10:00:00+01:00,79.48158386100936
2045-03-12 11:00:00+01:00,76.42890979781521
2045-03-12 12:00:00+01:00,75.20622071680111
2045-03-12 13:00:00+01:00,75.7811275032382
2045-03-12 14:00:00+01:00,75.16573432339004
2045-03-12 15:00:00+01:00,76.83377373192585
2045-03-12 16:00:00+01:00,82.97151097304298
2045-03-12 17:00:00+01:00,99.33611118979461
2045-03-12 18:00:00+01:00,115.9922134391059
2045-03-12 19:00:00+01:00,107.86254564216446
2045-03-12 20:00:00+01:00,87.14160949438245
2045-03-12 21:00:00+01:00,79.07671992689872
2045-03-12 22:00:00+01:00,76.89045468270132
2045-03-12 23:00:00+01:00,72.77703711213734
2045-03-13 00:00:00+01:00,67.78911344389438
2045-03-13 01:00:00+01:00,69.70816849157876
2045-03-13 02:00:00+01:00,69.57861203266336
2045-03-13 03:00:00+01:00,68.75268960707768
2045-03-13 04:00:00+01:00,69.14945626250609
2045-03-13 05:00:00+01:00,70.17781065514708
2045-03-13 06:00:00+01:00,73.64344593113407
2045-03-13 07:00:00+01:00,82.62332798970783
2045-03-13 08:00:00+01:00,83.36018034978918
2045-03-13 09:00:00+01:00,77.3924859609985
2045-03-13 10:00:00+01:00,73.22238743965902
2045-03-13 11:00:00+01:00,72.65557793190413
2045-03-13 12:00:00+01:00,71.18187321174145
2045-03-13 13:00:00+01:00,71.44908340825447
2045-03-13 14:00:00+01:00,71.68390449003864
2045-03-13 15:00:00+01:00,72.38836773539113
2045-03-13 16:00:00+01:00,73.23858199702345
2045-03-13 17:00:00+01:00,83.54641775948006
2045-03-13 18:00:00+01:00,90.69631483587378
2045-03-13 19:00:00+01:00,87.59505710058636
2045-03-13 20:00:00+01:00,79.0686226482165
2045-03-13 21:00:00+01:00,72.96327452182823
2045-03-13 22:00:00+01:00,72.00779563732713
2045-03-13 23:00:00+01:00,70.90656573654623
2045-03-14 00:00:00+01:00,71.1494840970126
2045-03-14 01:00:00+01:00,70.72842560553755
2045-03-14 02:00:00+01:00,70.3802426222024
2045-03-14 03:00:00+01:00,69.94298957336292
2045-03-14 04:00:00+01:00,69.95108685204514
2045-03-14 05:00:00+01:00,71.15758137569482
2045-03-14 06:00:00+01:00,77.53823697727833
2045-03-14 07:00:00+01:00,87.34404146143777
2045-03-14 08:00:00+01:00,84.84198234863409
2045-03-14 09:00:00+01:00,72.16164393228917
2045-03-14 10:00:00+01:00,71.7243908834497
2045-03-14 11:00:00+01:00,71.70009904740306
2045-03-14 12:00:00+01:00,69.00370524622627
2045-03-14 13:00:00+01:00,68.11300459118287
2045-03-14 14:00:00+01:00,69.84582222917638
2045-03-14 15:00:00+01:00,71.80536367027182
2045-03-14 16:00:00+01:00,73.61105681640522
2045-03-14 17:00:00+01:00,85.12538710251152
2045-03-14 18:00:00+01:00,95.09313716031522
2045-03-14 19:00:00+01:00,90.20238083625881
2045-03-14 20:00:00+01:00,77.77305805906249
2045-03-14 21:00:00+01:00,73.2061928822946
2045-03-14 22:00:00+01:00,73.18999832493017
2045-03-14 23:00:00+01:00,71.80536367027182
2045-03-15 00:00:00+01:00,70.48550724507118
2045-03-15 01:00:00+01:00,70.46931268770675
2045-03-15 02:00:00+01:00,70.4450208516601
2045-03-15 03:00:00+01:00,70.39643717956683
2045-03-15 04:00:00+01:00,70.38833990088462
2045-03-15 05:00:00+01:00,70.97134396600393
2045-03-15 06:00:00+01:00,72.72845344004405
2045-03-15 07:00:00+01:00,73.61915409508744
2045-03-15 08:00:00+01:00,73.48150035748984
2045-03-15 09:00:00+01:00,72.80132894818396
2045-03-15 10:00:00+01:00,72.8175235055484
2045-03-15 11:00:00+01:00,73.01995547260371
2045-03-15 12:00:00+01:00,73.00376091523928
2045-03-15 13:00:00+01:00,72.8175235055484
2045-03-15 14:00:00+01:00,72.78513439081955
2045-03-15 15:00:00+01:00,72.78513439081955
2045-03-15 16:00:00+01:00,72.55841058771759
2045-03-15 17:00:00+01:00,76.25076966680652
2045-03-15 18:00:00+01:00,81.07674776140523
2045-03-15 19:00:00+01:00,77.9026145179779
2045-03-15 20:00:00+01:00,73.983531635787
2045-03-15 21:00:00+01:00,71.16567865437703
2045-03-15 22:00:00+01:00,70.42882629429567
2045-03-15 23:00:00+01:00,70.11303242568938
2045-03-16 00:00:00+01:00,72.71225888267963
2045-03-16 01:00:00+01:00,72.22642216174687
2045-03-16 02:00:00+01:00,71.94301740786943
2045-03-16 03:00:00+01:00,70.93085757259286
2045-03-16 04:00:00+01:00,70.1859079338293
2045-03-16 05:00:00+01:00,70.19400521251151
2045-03-16 06:00:00+01:00,70.34785350747356
2045-03-16 07:00:00+01:00,70.12922698305383
2045-03-16 08:00:00+01:00,70.04825419623168
2045-03-16 09:00:00+01:00,70.11303242568938
2045-03-16 10:00:00+01:00,69.88630862258744
2045-03-16 11:00:00+01:00,68.3235338369204
2045-03-16 12:00:00+01:00,59.797099384550556
2045-03-16 13:00:00+01:00,52.53384040660587
2045-03-16 14:00:00+01:00,62.71211971014709
2045-03-16 15:00:00+01:00,68.78507872180651
2045-03-16 16:00:00+01:00,71.0847058675549
2045-03-16 17:00:00+01:00,73.5300840295831
2045-03-16 18:00:00+01:00,78.05646281293993
2045-03-16 19:00:00+01:00,80.42896546682823
2045-03-16 20:00:00+01:00,75.20622071680111
2045-03-16 21:00:00+01:00,73.25477655438787
2045-03-16 22:00:00+01:00,72.74464799740848
2045-03-16 23:00:00+01:00,70.27497799933364
2045-03-17 00:00:00+01:00,69.1575535411883
2045-03-17 01:00:00+01:00,67.16562298536401
2045-03-17 02:00:00+01:00,64.1372407582165
2045-03-17 03:00:00+01:00,61.60279253068396
2045-03-17 04:00:00+01:00,59.41652728648657
2045-03-17 05:00:00+01:00,59.108830696562485
2045-03-17 06:00:00+01:00,63.90241967643234
2045-03-17 07:00:00+01:00,62.08053197293451
2045-03-17 08:00:00+01:00,56.63916069848765
2045-03-17 09:00:00+01:00,50.331380605044046
2045-03-17 10:00:00+01:00,46.42849228021758
2045-03-17 11:00:00+01:00,46.339422214713245
2045-03-17 12:00:00+01:00,46.40420044417094
2045-03-17 13:00:00+01:00,43.262456315472456
2045-03-17 14:00:00+01:00,47.10866368952344
2045-03-17 15:00:00+01:00,57.222164763606955
2045-03-17 16:00:00+01:00,69.78104399971868
2045-03-17 17:00:00+01:00,80.12936615558635
2045-03-17 18:00:00+01:00,85.02012247964277
2045-03-17 19:00:00+01:00,86.0160877575549
2045-03-17 20:00:00+01:00,80.53423008969699
2045-03-17 21:00:00+01:00,74.72848127455056
2045-03-17 22:00:00+01:00,73.09283098074363
2045-03-17 23:00:00+01:00,69.82153039312973
2045-03-18 00:00:00+01:00,69.57051475398114
2045-03-18 01:00:00+01:00,68.02393452567854
2045-03-18 02:00:00+01:00,65.52997269155706
2045-03-18 03:00:00+01:00,63.08459452952887
2045-03-18 04:00:00+01:00,68.02393452567854
2045-03-18 05:00:00+01:00,70.81749567104188
2045-03-18 06:00:00+01:00,78.6070777633304
2045-03-18 07:00:00+01:00,87.78939178895945
2045-03-18 08:00:00+01:00,87.03634487151369
2045-03-18 09:00:00+01:00,80.69617566334124
2045-03-18 10:00:00+01:00,76.76899550246813
2045-03-18 11:00:00+01:00,76.35603428967529
2045-03-18 12:00:00+01:00,74.57463297958853
2045-03-18 13:00:00+01:00,73.99162891446922
2045-03-18 14:00:00+01:00,73.62725137376965
2045-03-18 15:00:00+01:00,75.14144248734341
2045-03-18 16:00:00+01:00,83.20633205482713
2045-03-18 17:00:00+01:00,97.81382279753865
2045-03-18 18:00:00+01:00,122.08136700812975
2045-03-18 19:00:00+01:00,116.04079711119917
2045-03-18 20:00:00+01:00,92.32386785099851
2045-03-18 21:00:00+01:00,80.99577497458311
2045-03-18 22:00:00+01:00,78.37225668154622
2045-03-18 23:00:00+01:00,74.86613501214818
2045-03-19 00:00:00+01:00,76.02404586370459
2045-03-19 01:00:00+01:00,74.59082753695294
2045-03-19 02:00:00+01:00,74.09689353733798
2045-03-19 03:00:00+01:00,73.2142901609768
2045-03-19 04:00:00+01:00,74.06450442260913
2045-03-19 05:00:00+01:00,76.78519005983256
2045-03-19 06:00:00+01:00,87.50598703508201
2045-03-19 07:00:00+01:00,97.01219220799959
2045-03-19 08:00:00+01:00,90.53436926222952
2045-03-19 09:00:00+01:00,79.36822195945838
2045-03-19 10:00:00+01:00,73.87016973423603
2045-03-19 11:00:00+01:00,72.91469084973494
2045-03-19 12:00:00+01:00,61.45704151440414
2045-03-19 13:00:00+01:00,63.69998770937703
2045-03-19 14:00:00+01:00,66.68788354311347
2045-03-19 15:00:00+01:00,73.59486225904081
2045-03-19 16:00:00+01:00,80.88241307303213
2045-03-19 17:00:00+01:00,102.72077367895947
2045-03-19 18:00:00+01:00,125.10974923527726
2045-03-19 19:00:00+01:00,118.06511678175231
2045-03-19 20:00:00+01:00,101.14180433592801
2045-03-19 21:00:00+01:00,83.51402864475122
2045-03-19 22:00:00+01:00,81.57877903970241
2045-03-19 23:00:00+01:00,78.97145530402996
2045-03-20 00:00:00+01:00,77.67589071487595
2045-03-20 01:00:00+01:00,77.02810842029893
2045-03-20 02:00:00+01:00,76.84187101060805
2045-03-20 03:00:00+01:00,76.8094818958792
2045-03-20 04:00:00+01:00,76.85806556797246
2045-03-20 05:00:00+01:00,79.59494576256033
2045-03-20 06:00:00+01:00,96.97980309327075
2045-03-20 07:00:00+01:00,111.59539111466447
2045-03-20 08:00:00+01:00,100.6235785002664
2045-03-20 09:00:00+01:00,76.96333019084123
2045-03-20 10:00:00+01:00,74.50175747144861
2045-03-20 11:00:00+01:00,72.09686570283147
2045-03-20 12:00:00+01:00,64.31538088922518
2045-03-20 13:00:00+01:00,66.46925701869372
2045-03-20 14:00:00+01:00,71.74868271949633
2045-03-20 15:00:00+01:00,76.84187101060805
2045-03-20 16:00:00+01:00,86.32378434747899
2045-03-20 17:00:00+01:00,105.60340488982715
2045-03-20 18:00:00+01:00,134.69692719501697
2045-03-20 19:00:00+01:00,133.47423811400287
2045-03-20 20:00:00+01:00,115.1015127840625
2045-03-20 21:00:00+01:00,92.84209368666012
2045-03-20 22:00:00+01:00,83.45734769397572
2045-03-20 23:00:00+01:00,78.63946687805924
2045-03-21 00:00:00+01:00,77.67589071487595
2045-03-21 01:00:00+01:00,76.50988258463732
2045-03-21 02:00:00+01:00,76.1050186505267
2045-03-21 03:00:00+01:00,73.36004117725663
2045-03-21 04:00:00+01:00,73.63534865245187
2045-03-21 05:00:00+01:00,76.50178530595511
2045-03-21 06:00:00+01:00,83.48163953002236
2045-03-21 07:00:00+01:00,94.63159227542909
2045-03-21 08:00:00+01:00,88.83394073896488
2045-03-21 09:00:00+01:00,77.82164173115578
2045-03-21 10:00:00+01:00,76.47749346990848
2045-03-21 11:00:00+01:00,75.55440370013623
2045-03-21 12:00:00+01:00,71.7243908834497
2045-03-21 13:00:00+01:00,71.04421947414383
2045-03-21 14:00:00+01:00,71.06041403150826
2045-03-21 15:00:00+01:00,75.2709989462588
2045-03-21 16:00:00+01:00,77.54633425596055
2045-03-21 17:00:00+01:00,92.59107804751153
2045-03-21 18:00:00+01:00,117.28777802825991
2045-03-21 19:00:00+01:00,117.40113992981088
2045-03-21 20:00:00+01:00,93.19837394867747
2045-03-21 21:00:00+01:00,79.26295733658961
2045-03-21 22:00:00+01:00,77.78925261642692
2045-03-21 23:00:00+01:00,76.59085537145945
2045-03-22 00:00:00+01:00,71.59483442453428
2045-03-22 01:00:00+01:00,71.7324881621319
2045-03-22 02:00:00+01:00,71.87014189972952
2045-03-22 03:00:00+01:00,71.48147252298332
2045-03-22 04:00:00+01:00,71.7972663915896
2045-03-22 05:00:00+01:00,73.37623573462106
2045-03-22 06:00:00+01:00,75.07666425788571
2045-03-22 07:00:00+01:00,75.56250097881846
2045-03-22 08:00:00+01:00,75.4653336346319
2045-03-22 09:00:00+01:00,75.2709989462588
2045-03-22 10:00:00+01:00,73.35194389857442
2045-03-22 11:00:00+01:00,69.60290386871
2045-03-22 12:00:00+01:00,67.6757515423434
2045-03-22 13:00:00+01:00,67.36805495241931
2045-03-22 14:00:00+01:00,65.43280534737052
2045-03-22 15:00:00+01:00,69.23042904932822
2045-03-22 16:00:00+01:00,72.1049629815137
2045-03-22 17:00:00+01:00,83.87840618545079
2045-03-22 18:00:00+01:00,107.67630823247356
2045-03-22 19:00:00+01:00,106.04065793866663
2045-03-22 20:00:00+01:00,82.15368582613951
2045-03-22 21:00:00+01:00,76.67182815828158
2045-03-22 22:00:00+01:00,75.36816629044536
2045-03-22 23:00:00+01:00,73.96733707842257
2045-03-23 00:00:00+01:00,73.32765206252778
2045-03-23 01:00:00+01:00,73.15760921020131
2045-03-23 02:00:00+01:00,73.12522009547247
2045-03-23 03:00:00+01:00,70.88227390049958
2045-03-23 04:00:00+01:00,70.83369022840631
2045-03-23 05:00:00+01:00,71.90253101445838
2045-03-23 06:00:00+01:00,71.926822850505
2045-03-23 07:00:00+01:00,73.13331737415469
2045-03-23 08:00:00+01:00,73.33574934121
2045-03-23 09:00:00+01:00,71.30333239197464
2045-03-23 10:00:00+01:00,59.699932040364004
2045-03-23 11:00:00+01:00,45.15721952711021
2045-03-23 12:00:00+01:00,9.634457948243593
2045-03-23 13:00:00+01:00,5.0109118207002155
2045-03-23 14:00:00+01:00,6.897577753655753
2045-03-23 15:00:00+01:00,55.59461174848223
2045-03-23 16:00:00+01:00,67.62716787025013
2045-03-23 17:00:00+01:00,73.34384661989222
2045-03-23 18:00:00+01:00,74.4936601927664
2045-03-23 19:00:00+01:00,73.37623573462106
2045-03-23 20:00:00+01:00,73.19809560361239
2045-03-23 21:00:00+01:00,74.1778663241601
2045-03-23 22:00:00+01:00,73.1414146528369
2045-03-23 23:00:00+01:00,67.56238964079243
2045-03-24 00:00:00+01:00,31.286581144480046
2045-03-24 01:00:00+01:00,21.57794400450716
2045-03-24 02:00:00+01:00,25.326984034371584
2045-03-24 03:00:00+01:00,23.893765707619956
2045-03-24 04:00:00+01:00,23.65084734715358
2045-03-24 05:00:00+01:00,24.00712760917093
2045-03-24 06:00:00+01:00,23.667041904518
2045-03-24 07:00:00+01:00,22.54152016769045
2045-03-24 08:00:00+01:00,14.387560534702388
2045-03-24 09:00:00+01:00,12.58186738856898
2045-03-24 10:00:00+01:00,12.881466699810844
2045-03-24 11:00:00+01:00,13.74787551880759
2045-03-24 12:00:00+01:00,11.950279651356396
2045-03-24 13:00:00+01:00,8.986675653666595
2045-03-24 14:00:00+01:00,9.41583142382386
2045-03-24 15:00:00+01:00,13.53734627307007
2045-03-24 16:00:00+01:00,23.634652789789158
2045-03-24 17:00:00+01:00,57.42459673066227
2045-03-24 18:00:00+01:00,73.23048471834123
2045-03-24 19:00:00+01:00,75.80541933928484
2045-03-24 20:00:00+01:00,75.14953976602561
2045-03-24 21:00:00+01:00,73.99162891446922
2045-03-24 22:00:00+01:00,74.37220101253321
2045-03-24 23:00:00+01:00,73.33574934121
2045-03-25 00:00:00+01:00,64.48542374155164
2045-03-25 01:00:00+01:00,63.95100334852562
2045-03-25 02:00:00+01:00,63.991489741936675
2045-03-25 03:00:00+01:00,64.47732646286943
2045-03-25 04:00:00+01:00,68.78507872180651
2045-03-25 05:00:00+01:00,74.38839556989763
2045-03-25 06:00:00+01:00,80.49374369628592
2045-03-25 07:00:00+01:00,90.42910463936076
2045-03-25 08:00:00+01:00,86.83391290445837
2045-03-25 09:00:00+01:00,76.83377373192585
2045-03-25 10:00:00+01:00,68.47738213188245
2045-03-25 11:00:00+01:00,64.67166115124253
2045-03-25 12:00:00+01:00,62.946940791931254
2045-03-25 13:00:00+01:00,63.367999283406306
2045-03-25 14:00:00+01:00,63.991489741936675
2045-03-25 15:00:00+01:00,70.63935554003321
2045-03-25 16:00:00+01:00,76.76089822378593
2045-03-25 17:00:00+01:00,97.81382279753865
2045-03-25 18:00:00+01:00,129.10170762560807
2045-03-25 19:00:00+01:00,129.69280896940958
2045-03-25 20:00:00+01:00,99.04460915723496
2045-03-25 21:00:00+01:00,81.01196953194753
2045-03-25 22:00:00+01:00,78.89048251720783
2045-03-25 23:00:00+01:00,75.81351661796705
2045-03-26 00:00:00+01:00,79.20627638581412
2045-03-26 01:00:00+01:00,77.1981512726254
2045-03-26 02:00:00+01:00,75.82971117533147
2045-03-26 03:00:00+01:00,74.33171461912215
2045-03-26 04:00:00+01:00,74.33981189780435
2045-03-26 05:00:00+01:00,75.81351661796705
2045-03-26 06:00:00+01:00,79.92693418853104
2045-03-26 07:00:00+01:00,80.8662185156677
2045-03-26 08:00:00+01:00,77.99168458348224
2045-03-26 09:00:00+01:00,75.0685669792035
2045-03-26 10:00:00+01:00,72.76893983345511
2045-03-26 11:00:00+01:00,69.56241747529893
2045-03-26 12:00:00+01:00,64.44493734814058
2045-03-26 13:00:00+01:00,64.72834210201802
2045-03-26 14:00:00+01:00,64.85789856093342
2045-03-26 15:00:00+01:00,74.35600645516878
2045-03-26 16:00:00+01:00,75.61918192959395
2045-03-26 17:00:00+01:00,80.35608995868832
2045-03-26 18:00:00+01:00,93.45748686650826
2045-03-26 19:00:00+01:00,93.87854535798333
2045-03-26 20:00:00+01:00,80.29131172923061
2045-03-26 21:00:00+01:00,76.43700707649741
2045-03-26 22:00:00+01:00,76.63943904355273
2045-03-26 23:00:00+01:00,75.82161389664927
2045-03-27 00:00:00+01:00,79.98361513930654
2045-03-27 01:00:00+01:00,79.125303598992
2045-03-27 02:00:00+01:00,79.19008182844969
2045-03-27 03:00:00+01:00,76.86616284665469
2045-03-27 04:00:00+01:00,76.76089822378593
2045-03-27 05:00:00+01:00,80.13746343426857
2045-03-27 06:00:00+01:00,83.52212592343342
2045-03-27 07:00:00+01:00,88.3966876901254
2045-03-27 08:00:00+01:00,82.96341369436075
2045-03-27 09:00:00+01:00,80.26701989318397
2045-03-27 10:00:00+01:00,80.25892261450176
2045-03-27 11:00:00+01:00,80.22653349977291
2045-03-27 12:00:00+01:00,79.98361513930654
2045-03-27 13:00:00+01:00,79.96742058194211
2045-03-27 14:00:00+01:00,79.73259950015795
2045-03-27 15:00:00+01:00,80.16985254899741
2045-03-27 16:00:00+01:00,84.19420005405706
2045-03-27 17:00:00+01:00,95.41702830760372
2045-03-27 18:00:00+01:00,114.68045429258746
2045-03-27 19:00:00+01:00,111.66826662280437
2045-03-27 20:00:00+01:00,89.82180873819482
2045-03-27 21:00:00+01:00,81.68404366257117
2045-03-27 22:00:00+01:00,80.25082533581954
2045-03-27 23:00:00+01:00,76.8175791745614
2045-03-28 00:00:00+01:00,74.5584384222241
2045-03-28 01:00:00+01:00,74.38029829121542
2045-03-28 02:00:00+01:00,72.04828203073819
2045-03-28 03:00:00+01:00,67.44093046055923
2045-03-28 04:00:00+01:00,71.23045688383473
2045-03-28 05:00:00+01:00,76.18599143734882
2045-03-28 06:00:00+01:00,82.68810621916553
2045-03-28 07:00:00+01:00,82.45328513738137
2045-03-28 08:00:00+01:00,80.11317159822194
2045-03-28 09:00:00+01:00,79.33583284472952
2045-03-28 10:00:00+01:00,78.41274307495729
2045-03-28 11:00:00+01:00,79.18198454976748
2045-03-28 12:00:00+01:00,74.51795202881304
2045-03-28 13:00:00+01:00,73.36813845593885
2045-03-28 14:00:00+01:00,73.33574934121
2045-03-28 15:00:00+01:00,74.33981189780435
2045-03-28 16:00:00+01:00,75.27909622494103
2045-03-28 17:00:00+01:00,74.82564861873712
2045-03-28 18:00:00+01:00,79.72450222147573
2045-03-28 19:00:00+01:00,78.95526074666553
2045-03-28 20:00:00+01:00,76.17789415866662
2045-03-28 21:00:00+01:00,76.8175791745614
2045-03-28 22:00:00+01:00,76.66373087959937
2045-03-28 23:00:00+01:00,73.38433301330328
2045-03-29 00:00:00+01:00,72.78513439081955
2045-03-29 01:00:00+01:00,68.74459232839546
2045-03-29 02:00:00+01:00,65.64333459310804
2045-03-29 03:00:00+01:00,65.7405019372946
2045-03-29 04:00:00+01:00,65.32754072450174
2045-03-29 05:00:00+01:00,70.85798206445294
2045-03-29 06:00:00+01:00,64.30728361054297
2045-03-29 07:00:00+01:00,64.81741216752236
2045-03-29 08:00:00+01:00,64.50971557759829
2045-03-29 09:00:00+01:00,64.39635367604731
2045-03-29 10:00:00+01:00,64.16962987294535
2045-03-29 11:00:00+01:00,63.2384428244909
2045-03-29 12:00:00+01:00,63.46516662759286
2045-03-29 13:00:00+01:00,58.40436745120999
2045-03-29 14:00:00+01:00,59.42462456516878
2045-03-29 15:00:00+01:00,64.12104620085208
2045-03-29 16:00:00+01:00,64.62307747914926
2045-03-29 17:00:00+01:00,72.59889698112866
2045-03-29 18:00:00+01:00,82.49377153079243
2045-03-29 19:00:00+01:00,89.0363727060202
2045-03-29 20:00:00+01:00,82.13749126877508
2045-03-29 21:00:00+01:00,75.27909622494103
2045-03-29 22:00:00+01:00,73.19809560361239
2045-03-29 23:00:00+01:00,68.36402023033148
2045-03-30 00:00:00+01:00,64.46922918418721
2045-03-30 01:00:00+01:00,60.9145238426959
2045-03-30 02:00:00+01:00,58.299102828341226
2045-03-30 03:00:00+01:00,57.675612369810864
2045-03-30 04:00:00+01:00,58.9225932868716
2045-03-30 05:00:00+01:00,59.53798646671976
2045-03-30 06:00:00+01:00,56.88207905895403
2045-03-30 07:00:00+01:00,47.69166775464274
2045-03-30 08:00:00+01:00,44.49324267516877
2045-03-30 09:00:00+01:00,38.44457549955597
2045-03-30 10:00:00+01:00,30.290615866567904
2045-03-30 11:00:00+01:00,26.379630263059227
2045-03-30 12:00:00+01:00,21.448387545591757
2045-03-30 13:00:00+01:00,15.861265254865074
2045-03-30 14:00:00+01:00,23.586069117695885
2045-03-30 15:00:00+01:00,34.906064715429075
2045-03-30 16:00:00+01:00,48.15321263952886
2045-03-30 17:00:00+01:00,71.89443373577616
2045-03-30 18:00:00+01:00,80.51803553233256
2045-03-30 19:00:00+01:00,81.77311372807551
2045-03-30 20:00:00+01:00,73.05234458733256
2045-03-30 21:00:00+01:00,67.65955698497898
2045-03-30 22:00:00+01:00,64.86599583961564
2045-03-30 23:00:00+01:00,61.30319321944209
2045-03-31 00:00:00+01:00,68.66361954157334
2045-03-31 01:00:00+01:00,63.335610168677455
,60.2100605973434
,60.44488167912756
,60.36390889230544
,61.30319321944209
,61.246512268666606
,61.18173403920891
,57.66751509112865
,46.104601132929076
,30.444464161529936
,16.47665843471323
,14.347074141291323
,12.905758535857487
,19.505040661860733
,47.25441470580326
,61.376068727582016
,73.57057042299417
,73.33574934121
,74.89042684819482
,74.79325950400826
,68.95512157413299
,65.35183256054839
,50.266602375586345
,46.849550771692634
,46.86574532905706
,46.56614601781519
,47.22202559107441
,49.41638811395403
,52.68768870156791
,52.83343971784774
,51.60265335815143
,48.93055139302127
,42.81710598795077
,36.62268779605814
,27.92621049136183
,20.695340628145985
,10.403699423053794
,10.598034111426898
,12.81668847035315
,20.492908661090667
,38.14497618831411
,52.614813193428
,54.4205063395614
,49.74837653992474
,42.86568966004405
,35.966808222798925
,25.448443214604772
,23.375539871958352
,20.614367841323862
,18.444297154490897
,21.89373787311345
,33.545721896817355
,59.83758577796162
,72.23451944042908
,73.74061327532063
,68.91463518072193
,66.9065100675332
,61.00359390820023
,57.44888856670891
,57.61083414035316
,57.10070558337377
,60.49346535122084
,65.99151757644319
,72.18593576833581
,68.04012908304297
,80.25892261450176
,80.6152028765191
,74.4936601927664
,73.34384661989222
,69.18994265591715
,72.89849629237052
,72.8823017350061
,72.79323166950175
,73.11712281679026
,73.0847337020614
,74.59892481563516
,86.23471428197465
,109.7654061324844
,109.09333200186077
,87.15780405174688
,76.8823574040191
,75.34387445439872
,74.5665357009063
,74.44507652067313
,74.70418943850392
,74.44507652067313
,75.20622071680111
,76.47749346990848
,91.70037739246814
,105.39287564408963
,97.88669830567855
,75.36816629044536
,74.47746563540197
,72.23451944042908
,70.2425888846048
,69.50573652452344
,69.70816849157876
,69.54622291793451
,69.3437909508792
,70.72032832685532
,71.279040555928
,75.67586288036944
,75.96736491292909
,71.27094327724579
,68.87414878731086
,67.44902773924144
,61.772835383010424
,60.4691735151742
,61.060274858975724
,59.80519666323276
,60.995496629518016
,66.19394954349849
,72.72035616136183
,83.0524837598651
,78.81760700906791
,71.22235960515252
,70.3802426222024
,69.1656508198705
,60.282936105483316
,59.91046128610154
,59.886169450054894
,59.61895925354188
,60.02382318765251
,65.83766928148114
,76.040240421069
,82.53425792420349
,79.24676277922518
,69.46525013111238
,61.0521775802935
,59.71612659772843
,56.33956138724578
,50.90628739148114
,43.375818217023436
,55.756557322126476
,57.87804433686618
,59.64325108958852
,68.4530902958358
,70.98753852336834
,69.5381256392523
,64.26679721713191
,62.75260610355815
,59.95904495819481
,56.21000492833038
,56.68774437058092
,56.48531240352561
,56.14522669887268
,56.129032141508254
,57.96711440237051
,59.699932040364004
,59.610861974859674
,57.88614161554839
,51.23017853876965
,20.743924300239257
,9.14862122731084
,-0.3251948308778765
,-28.770934841490686
,-26.017860089538402
,-2.2847362719733297
,11.747847684301078
,37.35954015613949
,61.87810000587919
,67.2223039361395
,62.71211971014709
,58.57441030353646
,58.201935484154674
,55.94279473181737
,55.02780224072734
,30.606409735174196
,24.598228952972455
,23.999030330488715
,23.626555511106943
,26.525381279339044
,38.68749386002235
,24.233851412272884
,15.262066632381341
,13.140579617641642
,10.387504865689365
,2.338809855570048
,-12.786906722803053
,-36.06658293416422
,-30.70618444653951
,-5.693690597184826
,11.950279651356396
,39.926377498400875
,73.10902553810804
,75.01188602842801
,77.42487507572736
,75.23051255284774
,73.23048471834123
,70.49360452375338
,68.23446377141607
,66.1291713140408
,65.1008169213998
,66.94699646094426
,69.23852632801042
,74.1130880947024
,83.92698985754406
,102.19445056461565
,100.45353564793993
,83.12535926800501
,73.15760921020131
,66.46925701869372
,57.26265115701801
,56.46911784616118
,57.02783007523385
,63.69189043069481
,71.926822850505
,78.71234238619915
,86.8501074618228
,92.72063450642692
,88.04850470679027
,80.18604710636185
,75.26290166757659
,70.32356167142692
,71.27094327724579
,68.19397737800502
,65.71621010124795
,64.41254823341173
,63.910516955114545
,72.83371806291281
,77.59491792805382
,81.81360012148657
,77.91071179666011
,70.42882629429567
,70.64745281871542
,71.48147252298332
,68.33163111560262
,67.82150255862322
,67.50570869001693
,68.73649504971326
,68.29924200087378
,63.83764144697464
,69.25472088537487
,72.34788134198006
,71.26284599856358
,66.93080190357985
,66.34779783846054
,59.27887354888895
,61.20602587525555
,61.74044626828157
,62.258672103943184
,61.38416600626422
,61.400360563628645
,63.25463738185533
,74.91471868424145
,85.42498641375339
,83.23872116955599
,73.983531635787
,67.0927474772241
,62.6554387593716
,62.89025984115577
,61.950975514019106
,60.92262112137811
,60.46107623649199
,61.79712721905706
,74.631313930364
,95.11742899636185
,111.45773737706685
,112.5832591138944
,90.50198014750067
,83.27920756296704
,72.67986976795078
,67.40854134583039
,62.3315476120831
,62.614952365960534
,62.493493185727345
,61.93478095665468
,66.41257606791824
,75.58679281486509
,80.17794982767964
,78.49371586177942
,62.34774216944752
,60.687800039593945
,53.33547099614492
,23.602263675060307
,23.54558272428482
,22.622492954512587
,37.73201497552127
,59.35174905702887
,75.28719350362323
,87.01205303546705
,116.85862225810263
,118.05701950307011
,89.19022100098223
,79.82976684434449
,76.38842340440414
,72.5665078663998
,70.27497799933364
,68.97941341017963
,68.21017193536943
,68.08061547645403
,73.2061928822946
,83.92698985754406
,86.10515782305924
,80.10507431953971
,66.50164613342258
,46.072212018200226
,30.29871314525011
,17.675055679680696
,11.051481717630793
,12.06364155290737
,13.286330633921473
,30.51733966966986
,58.63109125431195
,78.4208403536395
,87.40072241221326
,88.17806116570566
,85.00392792227832
,74.61511937299959
,67.44902773924144
,67.17372026404622
,59.52179190935533
,54.97921856863407
,48.226088147668776
,46.80096709959936
,49.36780444186075
,60.031920466334725
,59.03595518842258
,45.33535965811888
,21.81276508629133
,12.87336942112863
,7.100009720711057
,-6.066165416566605
,-27.45107841629003
,-27.596829432569876
,-12.252486329777014
,3.6100826086774305
,22.379574594046197
,65.48138901946379
,77.97549002611781
,79.55445936914927
,62.104823808981145
,61.416555120993074
,59.845683056643836
,34.46071438790738
,23.642750068471365
,23.642750068471365
,20.169017513802174
,17.407845483167684
,20.339060366128628
,23.65084734715358
,18.792480137826033
,12.670937454073318
,3.9906547067414238
,-7.199784432076356
,-24.090707763171807
,-38.8115604074343
,-59.62966389940286
,-59.64585845676726
,-35.78317818028678
,-11.224131937136022
,9.642555226925808
,51.23827581745186
,78.59898048464818
,82.2832422850549
,82.51806336683907
,83.29540212033147
,80.4856464176037
,76.78519005983256
,73.66773776718071
,69.4166664590191
,68.4449930171536
,68.86605150862866
,77.72447438696922
,89.02017814865577
,101.61954377817855
,97.9109901417252
,82.47757697342801
,77.54633425596055
,67.30327672296161
,46.104601132929076
,33.68337563441497
,29.7076118014486
,54.97921856863407
,64.74453665938245
,69.11706714777725
,68.56645219738678
,73.60295953772301
,72.14544937492475
,68.21826921405165
,68.71220321366661
,67.87008623071651
,27.796654032446426
,23.65084734715358
,23.675139183200223
,23.634652789789158
,35.50526333791281
,60.404395285716504
,71.91062829314058
,79.78928045093343
,77.70018255092258
,70.90656573654623
,69.77294672103646
,66.28301960900284
,54.995413125998496
,55.1897478143716
,60.94691295742474
,64.42874279077616
,67.18991482141064
,79.34393012341174
,98.02435204327617
,125.49841861202346
,128.24339608529354
,105.4495565948651
,94.5668140459714
,84.44521569320565
,81.99174025249525
,78.47752130441498
,77.73257166565143
,77.34390228890523
,77.74876622301586
,81.3196661218716
,87.32784690407334
,97.78143368280979
,96.32392352001152
,87.52218159244644
,88.80155162423603
,84.9229551354562
,77.70018255092258
,75.08476153656791
,74.24264455361781
,77.3924859609985
,81.54638992497355
,86.50192447848767
,90.16189444284775
,96.46157725760914
,96.38060447078702
,90.53436926222952
,90.42910463936076
,87.06063670756033
,88.09708837888354
,86.43714624902996
,85.73268300367747
,85.27923539747356
,85.6274183808087
,89.38455568935535
,94.78544057039113
,118.46998071586295
,108.6641762317035
,90.88255224556467
,84.58286943080327
,81.13342871218072
,75.74873838850935
,72.62318881717529
,72.63938337453972
,68.04012908304297
,71.18187321174145
,83.40876402188245
,91.1578597207599
,116.49424471740306
,118.54285622400286
,91.40077808122628
,83.59500143157334
,75.81351661796705
,78.97145530402996
,75.69205743773385
,75.15763704470783
,74.50175747144861
,74.37220101253321
,75.54630642145403
,80.11317159822194
,82.97151097304298
,81.19820694163842
,74.6879948811395
,71.17377593305923
,51.5216805713293
,45.33535965811888
,33.642889241003914
,33.642889241003914
,58.24242187756574
,70.34785350747356
,74.53414658617746
,75.23051255284774
,80.19414438504405
,80.63139743388354
,76.7447036664215
,75.18192888075447
,71.13328953964817
,70.39643717956683
,65.37612439659503
,59.83758577796162
,55.724168207397625
,56.72823076399199
,59.60276469617745
,63.772863217516935
,65.40851351132387
,67.04416380513082
,60.22625515470783
,54.97112128995185
,49.845543884111294
,39.28669248250608
,31.958655275103695
,29.634736293308684
,35.448582387137314
,48.49329834418179
,62.218185710532126
,80.08078248349308
,82.59093887497899
,85.41688913507117
,86.46953536375881
,83.886503464133
,78.01597641952887
,77.91880907534232
,74.35600645516878
,71.65151537530978
,70.0563514749139
,69.32759639351477
,69.8053358357653
,69.11706714777725
,66.08058764194752
,64.9064822330267
,58.19383820547247
,42.48511756198005
,37.059940844897625
,23.221691576996314
,15.22967751765249
,13.29442791260368
,15.286358468427984
,25.94237721421974
,56.50960423957225
,72.84991262027725
,84.81769051258745
,87.3602360188022
,86.44524352771217
,84.05654631645946
,81.18201238427399
,75.05237242183907
,74.1130880947024
,73.87016973423603
,73.71632143927398
,75.52201458540739
,81.23059605636726
,93.87044807930111
,101.05273427042368
,98.9393445343662
,85.96750408546163
,81.09294231876964
,79.40870835286944
,75.7163492737805
,74.06450442260913
,73.38433301330328
,73.81348878346054
,77.1981512726254
,81.2548878924139
,97.95957381381847
,97.79762824017422
,99.06080371459937
,97.87050374831412
,91.7408637858792
,83.84601707072193
,85.54644559398658
,84.13751910328159
,83.52212592343342
,83.6921687757599
,83.74884972653538
,87.29545778934448
,102.51024443322194
,134.9155537194367
,121.4740711069638
,95.4818065370614
,82.0241293672241
,79.23866550054298
,79.20627638581412
,79.18198454976748
,78.21031110790197
,79.21437366449634
,82.05651848195295
,88.28332578857443
,99.31991663243018
,101.07702610647031
,101.09322066383473
,100.42924381189331
,89.76512778741933
,83.93508713622627
,78.20221382921976
,75.81351661796705
,75.82161389664927
,75.95926763424687
,75.95117035556467
,79.31154100868288
,91.97568486766336
,106.97184498712107
,98.22678401033147
,88.21045028043451
,79.33583284472952
,77.3924859609985
,72.97137180051043
,72.79323166950175
,71.47337524430111
,74.31552006175772
,76.80138461719699
,83.23872116955599
,90.70441211455599
,93.04452565371543
,93.97571270216987
,99.06080371459937
,90.61534204905166
,83.41686130056466
,82.858149071492
,82.2184640555972
,79.59494576256033
,76.86616284665469
,76.76089822378593
,83.35208307110696
,89.53030670563517
,105.96778243052671
,105.25522190649201
,90.5181747048651
,84.12942182459938
,80.9309967451254
,77.07669209239222
,73.66773776718071
,72.67986976795078
,73.87826701291824
,78.20221382921976
,83.32779123506033
,85.87843401995728
,86.16183877383473
,86.04037959360154
,86.98776119942042
,88.3319094606677
,81.1901096629562
,76.25076966680652
,75.19812343811888
,74.60702209431737
,73.51388947221868
,75.25480438889439
,79.81357228698006
,89.95136519711022
,95.30366640605274
,91.44126447463734
,80.08078248349308
,73.31955478384558
,70.19400521251151
,68.08061547645403
,66.26682505163842
,66.42067334660045
,67.64336242761455
,71.18997049042366
,79.20627638581412
,87.4978897563998
,89.943267918428
,90.70441211455599
,93.71659978433908
,86.31568706879676
,80.32370084395946
,83.66787693971325
,79.78118317225122
,79.49777841837377
,78.80950973038571
,78.84189884511456
,79.18198454976748
,78.2265056652664
,76.55846625673061
,68.55835491870457
,61.20602587525555
,42.53370123407333
,27.731875802988725
,17.58598561417636
,12.703326568802169
,12.330851749420383
,13.69929184671431
,28.209615245239263
,59.86187761400826
,76.8094818958792
,83.28730484164927
,85.51405647925773
,82.14558854745728
,75.73254383114492
,68.71220321366661
,58.5987021395831
,58.00760079578157
,56.99544096050501
,45.40013788757658
,40.428408776698056
,40.363630547240355
,33.35138720844426
,21.788473250244692
,12.41182453624252
,11.18913545522841
,9.715430735065723
,5.674888672641643
,6.055460770705636
,-20.34976501198959
,-27.65351038334535
,-12.463015575514547
,9.804500800570068
,15.796487025407373
,55.3840825027447
,73.36813845593885
,81.0605532040408
,78.83380156643234
,75.26290166757659
,72.7608425547729
,68.23446377141607
,66.25872777295619
,69.74865488498983
,69.75675216367203
,74.45317379935533
,80.95528858117204
,93.95142086612324
,108.80992724798332
,97.69236361730545
,80.80953756489221
,64.73643938070023
,58.5987021395831
,52.120879193813025
,50.05607312984882
,50.736244539154676
,59.82948849927941
,69.61909842607442
,79.23866550054298
,91.21454067153539
,120.60766228796706
,128.03286683955602
,97.58709899443669
,83.58690415289112
,77.62730704278266
,76.73660638773929
,72.8175235055484
,71.36811062143235
,72.27500583384014
,73.5300840295831
,77.54633425596055
,87.48169519903539
,93.80566984984341
,84.93914969282062
,73.79729422609611
,60.16147692525013
,52.469062177148174
,34.2744769782165
,25.83711259135098
,30.695479800678534
,38.395991827462694
,52.469062177148174
,73.60295953772301
,81.1253314334985
,98.82598263281521
,100.14583905801587
,86.36427074089005
,77.63540432146488
,71.99969835864492
,60.90642656401368
,57.40030489461563
,55.14116414227832
,52.56622952133472
,52.14517102985967
,51.869863554664434
,50.201824146128644
,44.16935152788027
,37.99922517203428
,31.1894138002935
,29.715709080130807
,18.922036596741428
,21.00303721807007
,22.104267118850977
,18.22567063007115
,18.541464498677442
,17.18112168006573
,16.023210828509328
,34.436422551860744
,55.00351040468071
,56.533896075618884
,56.93876000972951
,48.68763303255489
,38.727980253433415
,41.02760739918179
,27.667097573531024
,25.99096088631302
,25.124552067316273
,27.75616763903536
,42.711841365082
,64.44493734814058
,73.18999832493017
,65.60284819969698
,58.44485384462105
,58.0885735826037
,60.74448099036943
,62.09672653029894
,58.71206404113407
,55.45695801088461
,62.428714956269644
,59.02785790974036
,61.91858639929025
,74.16976904547789
,83.36827762847139
,83.39256946451803
,75.26290166757659
,69.74055760630762
,63.821446889610215
,61.044080301611295
,59.052149745787
,56.71203620662756
,56.64725797716986
,56.11283758414383
,62.68782787410045
,77.27912405944753
,82.93912185831412
,80.11317159822194
,75.21431799548333
,70.88227390049958
,63.34370744735967
,61.780932661692646
,60.09669869579242
,55.78084915817311
,59.36794361439329
,62.42061767758744
,72.64748065322193
,79.11720632030978
,88.11328293624797
,91.44936175331955
,83.90269802149741
,78.63946687805924
,76.07262953579784
,81.36015251528266
,79.10910904162756
,78.85809340247899
,78.76092605829243
,79.07671992689872
,79.15769271372085
,80.04839336876424
,80.24272805713733
,77.36819412495187
,64.88219039698006
,59.06834430315143
,43.86165493795619
,36.88989799257116
,29.197483244469204
,30.007211112690463
,43.82116854454513
,62.84167616906249
,76.78519005983256
,86.64767549476748
,100.12964450065144
,104.51027226772845
,89.69225227927942
,83.85411434940414
,78.4856185830972
,79.26295733658961
,73.19809560361239
,70.43692357297789
,65.7405019372946
,65.06033052798874
,64.41254823341173
,63.88622511906791
,56.93876000972951
,44.49324267516877
,36.63078507474035
,25.723750689800006
,18.500978105266377
,14.816716304859654
,9.796403521887854
,4.784188017598268
,9.326761358319516
,14.055572108731674
,35.48906878054838
,74.55034114354189
,88.43717408353648
,94.437257587056
,93.31983312891066
,88.61531421454515
,84.5990639881677
,79.97551786062432
,78.84999612379677
,78.5422995338727
,78.16982471449091
,80.00790697535317
,84.77720411917637
,94.5020358165137
,108.57510616619916
,95.77330856962108
,89.78941962346597
,82.48567425211021
,82.48567425211021
,79.30344373000068
,80.04839336876424
,79.53826481178483
,82.76098172730545
,85.89462857732173
,89.36836113199091
,96.5020636510202
,115.81407330809722
,119.94368543602563
,98.55067515761999
,93.0202338176688
,83.95128169359069
,80.72856477807008
,77.99978186216445
,78.4208403536395
,79.50587569705598
,79.87835051643776
,83.57880687420892
,97.76523912544536
,116.81003858600937
,105.49004298827617
,88.38859041144319
,81.35205523660046
,79.23866550054298
,76.79328733851477
,78.52610497650826
,74.80945406137269
,77.18195671526098
,80.19414438504405
,85.85414218391065
,101.06083154910588
,122.4214527127827
,126.05713084109615
,101.35233358166553
,90.72870395060264
,83.54641775948006
,82.10510215404622
,80.05649064744644
,81.02816408931196
,81.8945729083087
,80.46135458155707
,83.6273905463022
,94.21863106263626
,104.38881308749525
,102.5426335479508
,87.21448500252237
,83.02819192381845
,80.12936615558635
,73.50579219353646
,69.76484944235425
,68.18588009932279
,70.51789635980002
,75.35197173308093
,84.06464359514167
,93.94332358744103
,95.44941742233257
,97.86240646963192
,94.54252220992475
,91.10927604866663
,83.58690415289112
,83.23872116955599
,81.39254163001152
,80.5504246470614
,80.76905117148115
,81.5059035315625
,82.32372867846595
,80.00790697535317
,77.55443153464276
,68.76078688575988
,44.509437232533195
,22.023294332028847
,14.751938075401952
,13.035314994772882
,11.820723192440994
,11.990766044767454
,13.723583682760946
,28.679257408807594
,63.0441081361178
,83.59500143157334
,85.70839116763082
,85.40069457770676
,85.44118097111782
,89.45743119749525
,84.53428575871
,81.07674776140523
,81.02006681062974
,76.55846625673061
,76.67992543696379
,77.1981512726254
,83.2468184482382
,85.4330836924356
,85.8217530691818
,83.06058103854731
,69.69197393421433
,50.84960644070566
,32.209670914252285
,25.658972460342305
,22.46864465955055
,21.76418141419805
,37.42431838559719
,58.94688512291824
,75.95926763424687
,85.182068053287
,84.46141025057008
,84.28327011956141
,85.48976464321109
,89.75703050873712
,83.59500143157334
,86.51811903585208
,84.45331297188788
,83.53832048079785
,81.98364297381305
,81.69214094125338
,83.1172619893228
,79.75689133620457
,77.53823697727833
,64.37206184000067
,40.01544756390521
,15.197288402923647
,10.986703488173106
,7.059523327299999
,4.3793240834876315
,4.638437001318437
,9.917862702121042
,16.403782926573314
,52.371894832961615
,77.59491792805382
,83.91079530017963
,85.39259729902453
,87.72461355950176
,84.72052316840089
,75.98355947029351
,61.35987417021759
,56.177615813601534
,54.20997709382388
,52.76866148839004
,55.62700086321108
,55.432666174837976
,50.8819955554345
,33.88580760147029
,12.606159224615617
,3.1728295598379503
,-14.252514164283525
,-40.39862702914796
,-68.43140582696793
,-103.05536947210894
,-96.71520026393648
,-45.1193405008779
,-18.84367117709806
,3.5372071005375147
,50.42045067054839
,73.76490511136727
,74.97139963501694
,65.21417882295077
,59.69183476168179
,56.5419933543011
,38.533645565060304
,34.52549261736508
,32.29874097975662
,34.841286485971374
,38.06400340149198
,53.262595488005005
,76.51797986331955
,80.32370084395946
,75.19812343811888
,51.683626144973545
,33.92629399488135
,29.65902812935532
,25.86950170607983
,23.391734429322774
,23.49699905219154
,25.861404427397616
,32.20157363557007
,53.35976283219155
,78.14553287844427
,100.9474696475549
,102.93940020337921
,90.48578559013626
,79.19008182844969
,62.80928705433364
,45.58637529726747
,42.81710598795077
,40.05593395731628
,38.55793740110695
,40.35553326855814
,48.6957303112371
,67.47331957528809
,74.27503366834665
,49.23824798294535
,25.926182656855318
,14.517116993617783
,13.440178928883512
,4.865160804420384
,2.3469071342522767
,1.982529593552698
,11.950279651356396
,12.832883027717571
,17.1649271227013
,53.73223765157333
,82.33182595714818
,82.8014681207165
,74.67989760245729
,61.46513879308635
,51.764598931795675
,37.262372811952936
,33.79673753596595
,31.424234882077663
,32.01533622587918
,32.6712157991384
,45.076246740288084
,63.230345545808696
,74.84184317610153
,61.48943062913299
,36.51742317318938
,33.5052355034063
,49.222053425580924
,14.865299976952933
,18.096114171155747
,18.98681482619913
,33.489040946041875
,23.54558272428482
,35.35141504295077
,64.12914347953429
,79.87025323775556
,77.79734989510914
,75.80541933928484
,59.21409531943125
,47.83741877092257
,53.35976283219155
,50.90628739148114
,50.00748945775554
,49.08439968798331
,51.46499962055381
,62.66353603805381
,74.43697924199091
,75.392458126492
,74.38839556989763
,47.52162490231628
,30.201545801063567
,23.01116233125878
,18.233767908753364
,20.355254923493064
,22.962578659165516
,31.04366278401367
,29.69141724408417
,46.3799086081243
,75.44104179858526
,75.93497579820024
,74.61511937299959
,74.4288819633087
,77.22244310867204
,67.69194609970782
,66.37208967450718
,62.679730595418235
,60.46107623649199
,58.064281746557064
,59.66754292563516
,63.09269180821108
,70.04015691754948
,82.46947969474579
,83.3115966776959
,78.27508933735967
,60.9145238426959
,52.12897647249524
,39.31098431855272
,31.067954620060306
,32.719799471231674
,41.79684887399198
,50.7524390965191
,69.54622291793451
,73.17380376756574
,75.87829484742475
,75.75683566719155
,76.63943904355273
,75.4005554051742
,71.926822850505
,72.40456229275554
,69.87821134390522
,68.17778282064057
,70.1211297043716
,70.48550724507118
,70.93085757259286
,69.82962767181195
,70.5745773105755
,61.044080301611295
,44.39607533098222
,19.03539849829241
,16.59002033626421
,12.905758535857487
,12.589964667251195
,11.043384438948593
,13.877431977722999
,16.808646860683943
,47.9183915577447
,70.3802426222024
,75.22241527416553
,76.53417442068397
,76.5503689780484
,80.87431579434991
,76.91474651874796
,75.56250097881846
,75.38436084780979
,74.08879625865578
,73.0847337020614
,73.02805275128593
,74.46127107803754
,68.3883120663781
,61.50562518649741
,42.711841365082
,22.1852399056731
,13.53734627307007
,5.691083230006072
,1.618152052853148
,-1.4669111250698563
,-4.649141647179405
,-1.993234239413681
,8.346990637771796
,30.622604292538618
,67.10084475590631
,75.10905337261455
,76.54227169936618
,75.56250097881846
,80.89051035171434
,78.46132674705056
,79.3844165168228
,79.14149815635642
,78.3560621241818
,77.5220424199139
,77.49775058386727
,78.45322946836836
,76.50178530595511
,75.48152819199633
,62.28296393998982
,36.37976943559176
,26.671132295618875
,20.873480759154674
,16.193253680835795
,14.07986394477831
,16.662895844404126
,28.444436327023432
,33.67527835573276
,58.14525453337919
,76.8175791745614
,79.45729202496271
,79.39251379550501
,79.39251379550501
,83.31969395637812
,78.7366342222458
,76.73660638773929
,74.39649284857985
,74.48556291408418
,73.75680783268504
,75.92687851951803
,78.8014124517035
,81.87028107226206
,83.4411531366113
,89.34406929594428
,86.77723195368289
,75.42484724122085
,71.18997049042366
,67.14133114931737
,67.0279692477664
,67.08465019854188
,67.54619508342799
,76.22647783075989
,83.33588851374253
,85.56264015135099
,84.5990639881677
,83.42495857924689
,83.30349939901369
,76.34793701099308
,71.13328953964817
,73.30336022648115
,70.49360452375338
,66.32350600241391
,65.11701147876423
,66.16965770745186
,72.08067114546705
,88.12138021493018
,86.55050815058094
,86.40475713430111
,83.29540212033147
,75.95926763424687
,69.42476373770133
,58.33958922175229
,53.351665553509335
,54.06422607754405
,61.780932661692646
,73.81348878346054
,83.36018034978918
,90.97162231106901
,88.27522850989222
,88.30761762462106
,89.44933391881304
,90.89874680292908
,88.28332578857443
,84.83388506995186
,83.54641775948006
,78.47752130441498
,77.54633425596055
,80.16985254899741
,84.9229551354562
,95.4737092583792
,86.82581562577616
,88.16186660834124
,80.88241307303213
,71.22235960515252
,71.55434803112323
,69.0927753117306
,69.0927753117306
,68.21017193536943
,71.26284599856358
,84.43711841452345
,86.82581562577616
,89.79751690214817
,86.84201018314059
,86.21851972461022
,86.15374149515252
,86.73674556027183
,86.09706054437703
,87.01205303546705
,85.3035272335202
,85.48166736452887
,85.29542995483799
,84.93105241413842
,86.16993605251693
,85.65171021685535
,86.74484283895404
,86.43714624902996
,85.19826261065144
,86.11325510174146
,84.95534425018505
,82.63952254707225
,80.9228994664432
,78.66375871410588
,82.38850690792367
,84.20229733273929
,85.2387490040625
,84.153713660646
,84.16181093932822
,85.0444143156894
,88.01611559206141
,88.59102237849851
,85.70029388894861
,85.08490070910047
,84.67193949630762
,84.23468644746814
,84.43711841452345
,85.75697483972411
,85.58693198739763
,84.93105241413842
,85.86223946259287
,82.81766267808094
,71.18187321174145
,58.865912336096116
,40.01544756390521
,23.86947387157332
,20.857286201790238
,18.743896465732753
,29.310845146020178
,55.61080630584665
,77.40058323968071
,84.25088100483256
,85.75697483972411
,84.18610277537486
,84.18610277537486
,83.93508713622627
,83.7569470052176
,82.16178310482172
,82.53425792420349
,82.93102457963191
,81.85408651489763
,81.83789195753322
,80.76905117148115
,74.97949691369915
,67.4814168539703
,36.16114291117203
,18.922036596741428
,13.67500001066768
,12.840980306399786
,10.241753849409534
,5.4643594269041245
,3.456234313715399
,9.14862122731084
,14.428046928113446
,56.258588600423664
,80.56661920442583
,82.53425792420349
,85.01202520096055
,83.81362795599308
,85.48166736452887
,84.18610277537486
,81.53829264629134
,81.27108244977833
,79.14959543503863
,79.16578999240306
,81.45731985946922
,84.267075562197
,84.07274087382389
,82.12129671141065
,84.33185379165468
,83.48973680870458
,83.95937897227292
,82.51806336683907
,79.82976684434449
,80.50184097496813
,74.97949691369915
,79.69211310674687
,84.93105241413842
,84.90676057809179
,83.886503464133
,81.82169740016879
,81.82169740016879
,81.73262733466446
,81.54638992497355
,81.10913687613407
,81.88647562962649
,81.88647562962649
,82.47757697342801
,82.42089602265251
,81.9026701869909
,81.87028107226206
,81.86218379357985
,81.87837835094427
,81.87028107226206
,82.51806336683907
,81.46541713815144
,79.91883690984882
,67.39234678846596
,66.24253321559178
,65.35183256054839
,67.87818350939872
,79.82976684434449
,81.85408651489763
,81.82979467885099
,80.87431579434991
,81.43302802342258
,81.82979467885099
,81.83789195753322
,81.84598923621543
,75.26290166757659
,68.20207465668722
,67.38424950978376
,66.31540872373168
,66.99558013303755
,70.29926983538027
,80.50993825365035
,82.0322266459063
,82.05651848195295
,75.19812343811888
,67.06845564117747
,67.08465019854188
,64.68785570860696
,65.54616724892149
,64.69595298728916
,67.14942842799958
,68.66361954157334
,82.0322266459063
,81.30347156450718
,81.23059605636726
,81.37634707264709
,80.97148313853647
,80.63139743388354
,79.23056822186076
,79.50587569705598
,79.36822195945838
,79.53016753310263
,79.17388727108528
,79.31154100868288
,78.86619068116119
,79.50587569705598
,79.53826481178483
,80.53423008969699
,79.48158386100936
,71.24665144119915
,67.14942842799958
,61.16553948184448
,57.81326610740847
,56.03996207600392
,64.42064551209394
,68.54216036134015
,80.97958041721867
,79.5787512051959
,79.86215595907335
,81.02006681062974
,81.10103959745187
,79.96742058194211
,79.2548600579074
,76.15360232261997
,78.32367300945295
,78.46942402573278
,78.46942402573278
,78.33177028813516
,76.65563360091716
,76.22647783075989
,78.5422995338727
,78.66375871410588
,80.56661920442583
,84.39663202111238
,84.93914969282062
,81.34395795791825
,78.6151750420126
,78.27508933735967
,78.63136959937704
,80.01600425403538
,78.50181314046162
,78.44513218968613
,76.84187101060805
,75.19812343811888
,72.63938337453972
,74.92281596292366
,77.36009684626966
,79.02813625480545
,76.54227169936618
,71.65151537530978
,69.89440590126965
,66.5097434121048
,61.651376202777236
,63.41658295549958
,64.05626797139438
,62.946940791931254
,60.18576876129676
,58.41246472989221
,39.18142785963732
,34.69553546969155
,20.687243349463778
,18.201378794024507
,16.82484141804838
,23.2135942983141
,49.222053425580924
,57.367915779886786
,63.45706934891065
,64.47732646286943
,65.25466521636184
,65.54616724892149
,64.47732646286943
,58.71206404113407
,57.303137550429085
,52.52574312792366
,48.91435683565685
,47.505430344951854
,36.00729461620999
,32.484978389447505
,28.290588032061393
,28.687354687489808
,26.74400780375879
,25.067871116540786
,18.938231154105864
,21.075912726209985
,10.363213029642736
,1.6748330036286205
,-1.7017322068540182
,9.302469522272887
,18.63053456418178
,32.598340290998486
,61.40845784231087
,62.66353603805381
,68.16968554195837
,65.489486298146
,62.67163331673602
,74.40459012726207
,71.65151537530978
,71.99969835864492
,72.21832488306467
,72.48553507957767
,62.33964489076531
,63.10888636557551
,77.68398799355816
,79.20627638581412
,76.58275809277725
,81.43302802342258
,77.94310091138895
,76.42890979781521
,74.4288819633087
,66.91460734621542
,70.11303242568938
,76.46939619122627
,79.48968113969156
,75.56250097881846
,74.34790917648657
,74.43697924199091
,74.44507652067313
,72.66367521058635
,63.03601085743559
,83.77314156258201
,84.6557449389432
,84.89056602072735
,84.9796360862317
,83.95128169359069
,80.65568926993018
,81.16581782690957
,75.86210029006033
,75.95117035556467
,79.16578999240306
,85.76507211840631
,82.22656133427942
,69.59480659002779
,67.52190324738137
,63.65140403728375
,66.94699646094426
,69.51383380320566
,82.80956539939872
,75.6515710443228
,77.33580501022301
,79.21437366449634
,74.4288819633087
,79.17388727108528
,75.2709989462588
,67.43283318187703
,63.47326390627507
,61.70805715355273
,63.03601085743559
,61.34367961285316
,67.08465019854188
,78.71234238619915
,77.56252881332496
,76.8823574040191
,78.70424510751694
,69.54622291793451
,64.40445095472951
,52.776758767072245
,51.35973499768504
,48.75241126201259
,63.10888636557551
,65.18178970822193
,79.17388727108528
,76.47749346990848
,76.01594858502236
,76.76899550246813
,81.7002382199356
,80.89860763039655
,80.10507431953971
,76.01594858502236
,67.9348644601742
,67.91866990280978
,72.12925481756032
,69.56241747529893
,61.262706826031035
,62.31535305471867
,73.95114252105816
,73.89446157028266
,64.11294892216986
,61.38416600626422
,51.60265335815143
,39.20571969568395
,37.47290205769046
,35.715792583650334
,45.56208346122084
,63.37609656208852
,79.61923759860697
,68.62313314816228
,77.95119819007117
,81.69214094125338
,81.69214094125338
,82.78527356335208
,81.05245592535859
,79.23056822186076
,77.57872337068939
,76.00785130634014
,76.00785130634014
,76.00785130634014
,67.10894203458852
,72.31549222725121
,78.1617274358087
,80.0969770408575
,76.29125606021759
,61.92668367797247
,51.60265335815143
,38.50125645033146
,33.238025306893284
,32.541659340223
,26.792591475852063
,61.011691186882445
,71.9916010799627
,65.81337744543451
,73.43291668539655
,78.76902333697464
,79.70021038542909
,80.75285661411672
,79.23866550054298
,73.18190104624796
,71.16567865437703
,72.12115753887811
,73.66773776718071
,73.66773776718071
,60.69589731827615
,61.635181645412814
,60.218157876025614
,53.805113159713244
,26.27436564019046
,11.399664700965943
,6.557492049002818
,0.22542011951257734
,-7.604648366186993
,-20.33357045462519
,-10.56015508519458
,3.1728295598379503
,18.994912104881344
,57.408402173297844
,60.47727079385642
,60.33151977757659
,59.82948849927941
,59.16551164733798
,59.28697082757117
,58.48534023803212
,48.33945004921975
,34.17730963402994
,26.19339285336833
,21.132593676985465
,19.351192366898694
,23.132621511491976
,21.270247414583082
,16.249934631611282
,8.176947785445336
,-2.4628764029820047
,-7.143103481300884
,-13.523759082884396
,-20.94086635579113
,-21.612940486414757
,-9.685648987515634
,4.565561493178521
,13.812653748265284
,45.20580319920347
,59.06024702446922
,58.112865418650344
,57.376013058568994
,58.39627017252778
,55.011607683362925
,68.29924200087378
,69.00370524622627
,66.0724903632653
,63.31131833263082
,61.44084695703971
,55.869919223677456
,69.99967052413841
,70.29117255669806
,70.52599363848223
,70.35595078615577
,70.20210249119373
,69.62719570475663
,58.080476303921486
,56.55009063298331
,58.080476303921486
,57.829460664772895
,57.82136338609069
,64.25060265976748
,67.55429236211022
,70.49360452375338
,70.04825419623168
,69.65148754080327
,69.5381256392523
,63.05220541480002
,63.06839997216444
,60.75257826905164
,60.77687010509828
,59.1817062047024
,59.89426672873711
,59.83758577796162
,63.05220541480002
,69.05228891831955
,68.62313314816228
,63.06839997216444
,58.32339466438786
,56.72013348530977
,52.541937685288076
,50.56620168682821
,49.95890578566227
,54.963024011269646
,57.41649945198006
,59.55418102408419
,64.8498012822512
,67.82150255862322
,63.100789086893286
,65.01174685589547
,70.99563580205056
,70.86607934313515
,70.83369022840631
,70.43692357297789
,70.36404806483797
,70.8255929497241
,70.35595078615577
,63.10888636557551
,70.34785350747356
,66.22633865822735
,65.19798426558636
,61.48943062913299
,62.33964489076531
,52.890120668623226
,44.45275628175771
,37.29476192668179
,35.70769530496812
,40.49318700615575
,59.886169450054894
,60.04001774501693
,60.080504138428
,65.91864206830327
,72.79323166950175
,76.040240421069
,74.6232166516818
,71.43288885089004
,65.52187541287485
,62.56636869386726
,65.89435023225664
,67.12513659195294
,67.16562298536401
,58.096670861285915
,61.481333350450775
,63.10888636557551
,63.910516955114545
,60.84974561323819
,68.71220321366661
,65.73240465861238
,58.10476813996813
,55.52983351902452
,54.760592044214334
,60.3396170562588
,63.6837931520126
,70.39643717956683
,61.448944235721925
,60.81735649850934
,64.40445095472951
,67.11703931327074
,67.88628078808092
,67.87818350939872
,64.72834210201802
,65.01174685589547
,64.80931488884015
,64.79312033147572
,64.77692577411129
,60.825453777191555
,63.230345545808696
,64.76073121674688
,64.76073121674688
,65.73240465861238
,71.55434803112323
,71.87823917841173
,68.18588009932279
,63.384193840770735
,59.61895925354188
,60.76877282641607
,64.80931488884015
,68.3235338369204
,62.865968005109124
,64.67166115124253
,63.07649725084665
,59.01976063105815
,64.17772715162756
,63.926711512478974
,56.92256545236509
,52.91441250466986
,47.63498680386725
,41.1652611367794
,37.76440409025012
,35.08420484643776
,42.03166995577615
,29.78048730958851
,26.27436564019046
,22.096169840168763
,10.695201455613443
,-3.912289287098062
,-18.88415757050913
,-32.48758575662626
,-36.26091762253732
,-27.127187269001524
,-5.483161351447293
,14.679062567262037
,25.035482001811936
,51.34354044032062
,50.954871063574416
,51.28685948954514
,50.91438467016336
,50.50952073605272
,44.83332837982171
,37.27856736931736
,29.28655330997354
,25.205524854138396
,26.64684045957224
,30.614507013856404
,30.11247573555923
,27.189358131280486
,21.16498279171431
,15.075829222690452
,6.209309065667668
,-0.7462533223529277
,-10.36582039682149
,-26.02595736822063
,-33.04629798569893
,-23.224298944175075
,4.087822050927983
,20.832994365743602
,31.432332160759877
,46.42849228021758
,51.7160152597024
,51.683626144973545
,58.16954636942583
,52.39618666900826
,52.41238122637269
,53.141136307771816
,55.45695801088461
,54.98731584731628
,53.108747193042966
,51.34354044032062
,52.558132242652505
,56.080448469414975
,55.16545597832496
,51.4569023418716
,54.97112128995185
,52.03180912830869
,45.651153526725174
,37.1085245169909
,41.33530398910587
,52.17756014458852
,58.1533518120614
,52.50954857055923
,51.77269621047789
,56.6715498132165
,62.29915849735425
,63.149372758986566
,62.63114692332496
,61.58659797331954
,56.258588600423664
,52.59861863606357
,51.37592955504947
,50.128948637988735
,46.06411473951802
,34.638854518916055
,51.02774657171433
,58.57441030353646
,59.04405246710479
,55.214039650418236
,51.23017853876965
,49.50545817945836
,46.11269841161129
,50.6228826376037
,50.91438467016336
,47.96697522983797
,30.727868915407385
,50.59049352287485
,47.181539197663355
,59.80519666323276
,62.37203400549416
,62.45300679231629
,62.679730595418235
,61.4975279078152
,49.49736090077615
,48.33945004921975
,49.44877722868287
,48.663341196508256
,49.489263622093944
,50.047975851166605
,50.15324047403537
,53.27879004536943
,53.29498460273385
,50.25850509690413
,51.08442752248982
,50.52571529341715
,49.86983572015793
,49.035816015890035
,41.95879444763624
,44.768550150364
,49.17346975348765
,50.18562958876422
,50.128948637988735
,51.66743158760912
,50.234213260857494
,51.94273906280435
,52.37999211164383
,51.683626144973545
,59.845683056643836
,52.355700275597194
,51.53787512869372
,50.6228826376037
,51.16540030931195
,51.764598931795675
,56.614868862441014
,65.97532301907876
,67.34376311637268
,67.40044406714817
,61.756640825646
,57.27884571438244
,53.8455995531243
,51.578361522104785
,52.07229552171975
,55.286915158558145
,58.16954636942583
,55.805140994219755
,58.93878784423602
,69.05228891831955
,73.54627858694752
,70.53409091716445
,68.76078688575988
,65.77289105202345
,89.14973460757118
,82.32372867846595
,71.18997049042366
,65.2303733803152
,64.60688292178483
,70.38833990088462
,92.05665765448549
,109.27956941155165
,109.41722314914927
,92.19431139208311
,81.78121100675773
,71.38430517879677
,67.18181754272844
,63.65140403728375
,62.542076857820625
,63.56233397177941
,64.67166115124253
,61.011691186882445
,63.011719021388956
,77.06859481370999
,92.97165014557551
,89.14973460757118
,86.3399789048434
,75.29529078230544
,64.11294892216986
,55.068288634138405
,46.56614601781519
,42.84949510267962
,40.92234277631302
,44.33129710152452
,38.45267277823819
,44.477048117804344
,40.16929585886726
,30.67118796463189
,18.77628558046161
,13.116287781595005
,12.104127946318435
,9.658749784290237
,8.905702866844464
,8.298406965678524
,6.371254639311928
,17.642666564951845
,46.92242627983255
,58.59060486090088
,67.32756855900826
,68.28304744350935
,72.3721731780267
,68.99560796754405
,66.9065100675332
,62.16150475975663
,57.78897427136184
,55.67558453530435
,56.63106341980544
,54.08042063490847
,53.076358078314115
,46.493270509675284
,33.93439127356356
,18.695312793639474
,19.885612759924726
,18.841063809919305
,17.739833909138397
,15.237774796334705
,13.877431977722999
,16.41997748393775
,19.343095088216494
,35.97490550148113
,53.09255263567854
,62.2019911531677
,69.01180252490848
,70.01586508150284
,69.44095829506574
,69.04419163963733
,58.015698074463785
,55.975183846546216
,55.473152568249034
,54.08851791359069
,55.42456889615576
,55.79704371553754
,54.120907028319536
,57.63512597639979
,58.19383820547247
,57.27884571438244
,56.93876000972951
,55.42456889615576
,47.618792246502835
,42.37985293911129
,43.262456315472456
,51.5216805713293
,56.452923288796754
,52.120879193813025
,57.40030489461563
,66.42877062528267
,78.81760700906791
,77.75686350169808
,77.716377108287
,69.1656508198705
,56.35575594461021
,53.805113159713244
,53.39215194692041
,44.48514539648656
,46.38800588680652
,52.015614570944265
,54.06422607754405
,60.6635082035473
,64.461131905505
,55.400277060109126
,55.52983351902452
,45.230095035250116
,38.77656392552669
,37.885863270483306
,36.946578943346644
,44.23412975733797
,54.19378253645945
,52.671494144203486
,55.57031991243559
,64.43684006945837
,63.57852852914384
,68.24256105009829
,65.56236180628592
,65.5542645276037
,64.6554665938781
,62.01575374347681
,59.60276469617745
,53.40834650428483
,53.56219479924687
,60.29103338416552
,62.38013128417637
,64.6554665938781
,66.6392998710202
,73.7891969474139
,60.76877282641607
,50.971065620938845
,46.809064378281576
,39.910182941036446
,47.602597689138406
,51.33544316163841
,54.07232335622626
,53.65936214343342
,63.367999283406306
,63.367999283406306
,63.2384428244909
,63.35990200472409
,64.04007341402995
,63.15747003766878
,65.02794141325988
,65.08462236403537
,63.8781278403857
,62.98742718534231
,62.89025984115577
,64.48542374155164
,67.70814065707225
,68.55025764002237
,68.55025764002237
,68.23446377141607
,64.58259108573819
,58.906398729507174
,53.805113159713244
,50.96296834225663
,50.24231053953971
,54.85775938840088
,54.865856667083094
,57.68370964849308
,64.80931488884015
,68.55025764002237
,68.55025764002237
,67.58668147683906
,68.54216036134015
,66.32350600241391
,62.14531020239221
,53.011579848856414
,52.3637975542794
,50.93057922752777
,50.91438467016336
,51.20588670272301
,52.979190734127556
,66.04010124853646
,66.2020468221807
,63.197956431079845
,49.66740375310262
,26.484894885927986
,16.1365727300603
,13.650708174621045
,13.650708174621045
,14.411852370749024
,30.663090685949676
,37.98303061466986
,59.09263613919806
,65.47329174078158
,65.39231895395945
,64.6473693151959
,64.58259108573819
,63.20605370976206
,66.00771213380762
,62.03194830084123
,50.84960644070566
,46.881939886421485
,46.7037997554128
,46.809064378281576
,46.82525893564599
,47.084371853476796
,47.15724736161671
,46.493270509675284
,22.865411314978964
,18.37142164635098
,12.41992181492472
,11.197232733910624
,12.31465719205596
,18.5819508920885
,34.07204501116118
,50.39615883450175
,49.43258267131846
,57.44888856670891
,63.50565302100392
,64.55829924969156
,64.0076842993011
,62.979329906660105
,55.05209407677398
,49.19776158953428
,46.83335621432821
,46.768577984870504
,46.056017460835804
,46.85764805037485
,36.26640753404079
,22.347185479317353
,21.958516102571146
,22.104267118850977
,13.351108863379174
,11.602096668021261
,10.298434800185035
,8.938091981573308
,9.035259325759867
,10.64661778352017
,11.440151094377
,25.18123301809176
,29.537568949122125
,49.77266837597138
,58.282908270976804
,62.793092496969216
,62.291061218672034
,61.32748505548874
,63.75666866015251
,59.30316538493559
,49.65120919573819
,48.15321263952886
,48.10462896743559
,53.886085946535374
,60.98739935083581
,60.590632695407386
,62.258672103943184
,60.43678440044535
,57.44888856670891
,46.56614601781519
,46.51756234572192
,46.46897867362864
,46.4365895588998
,39.79682103948547
,35.076107567755535
,38.61461835188244
,49.10869152402994
,54.97112128995185
,57.13309469810262
,58.69586948376964
,58.61489669694752
,56.31526955119915
,54.45289545429025
,53.69175125816227
,53.367860110873764
,44.23412975733797
,43.027635233688294
,45.05195490424144
,55.50554168297789
,55.50554168297789
,55.5136389616601
,54.53386824111237
,46.90623172246812
,44.52563178989762
,38.45267277823819
,35.62672251814599
,29.278456031291327
,22.930189544436658
,30.598312456491975
,39.21381697436617
,50.873898276752286
,55.79704371553754
,55.02780224072734
,55.50554168297789
,55.1897478143716
,53.35976283219155
,61.34367961285316
,58.825425942685044
,53.33547099614492
,51.7160152597024
,49.4001935565896
,52.388089390326044
,56.51770151825446
,56.080448469414975
,56.242394043059235
,56.96305184577615
,54.89014850312973
,53.618875750022355
,52.72817509497897
,53.29498460273385
,53.64316758606899
,56.88207905895403
,53.87798866785316
,53.29498460273385
,43.88594677400283
,56.080448469414975
,56.080448469414975
,55.011607683362925
,55.00351040468071
,53.48931929110695
,45.26248414997897
,46.96291267324361
,46.79286982091715
,42.81710598795077
,41.72397336585207
,37.464804779008254
,39.44863805615034
,45.27058142866119
,47.10866368952344
,41.254331202283744
,25.99096088631302
,18.46858899053752
,14.962467321139478
,10.970508930808677
,7.901640310250102
,12.760007519577655
,14.533311550982205
,18.46858899053752
,42.80091143058634
,43.780682151134066
,46.444686837582005
,47.79693237751151
,48.517590180228424
,48.53378473759285
,46.7037997554128
,40.728008087939926
,37.602458516605864
,33.88580760147029
,35.77247353442582
,39.2300115317306
,46.09650385424686
,49.910322113568995
,47.92648883642691
,37.22188641854188
,19.262122301394356
,14.428046928113446
,12.81668847035315
,10.7275905703423
,11.415859258330372
,15.253969353699127
,18.525269941313013
,38.70368841738678
,41.926405332907386
,54.43670089692583
,53.16542814381845
,55.756557322126476
,55.74846004344427
,53.34356827482713
,48.52568745891064
,47.61069496782062
,46.768577984870504
,46.056017460835804
,44.46085356043993
,37.79679320497897
,20.339060366128628
,15.675027845174192
,15.796487025407373
,14.517116993617783
,13.53734627307007
,-0.8272261091750579
,-22.81133773138224
,-32.48758575662626
,-40.35004335705469
,-23.25668805890392
,-5.458869515400664
,10.233656570727334
,15.253969353699127
,24.080003117310852
,30.646896128585254
,30.663090685949676
,34.88177287938244
,31.205608357657923
,14.015085715320602
,13.739778240125382
,12.525186437793494
,11.010995324219735
,10.64661778352017
,11.205330012592839
,11.059578996313022
,9.294372243590672
,4.249767624572229
,6.128336278845552
,5.844931524968118
,4.095919329610197
,1.2699690695179982
,-0.13895742118698706
,-2.649113812672894
,-0.8677125025861301
,12.11222522500065
,19.278316858758778
,30.995079111920397
,41.424374054610205
,53.89418322521759
,55.81323827290197
,55.93469745313515
,54.258560765917146
,62.3963258415408
,60.51775718726748
,56.63916069848765
,54.16949070041281
,53.886085946535374
,58.25051915624796
,59.157414368655765
,61.10076125238678
,60.720189154322796
,59.06024702446922
,50.128948637988735
,43.17338624996812
,32.209670914252285
,30.695479800678534
,30.687382521996312
,39.537708121654674
,46.06411473951802
,46.83335621432821
,62.930746234566826
,70.70413376949091
,59.20599804074904
,59.10073341788028
,58.25861643493017
,56.849689944225176
,53.0682607996319
,52.75246693102561
,51.69982070233797
,49.32731804844968
,49.116788802712165
,51.562166964740356
,57.942822566323876
,59.238387155477895
,58.67967492640522
,54.63103558529893
,53.53790296320023
,43.157191692603696
,31.98294711115033
,24.986898329718656
,20.355254923493064
,27.602319344073315
,48.768605819377015
,53.027774406220836
,61.011691186882445
,62.15340748107442
,62.525882300456196
,62.493493185727345
,61.667570760141665
,59.47320823726206
,58.58250758221867
,56.29907499383472
,51.076330243807604
,49.83744660542908
,47.46494395154079
,50.809120047294584
,53.99944784808635
,60.04001774501693
,60.031920466334725
,64.02387885666553
,56.566285190347735
,54.274755323281575
,48.6228548030972
,46.323227657348816
,45.10053857633471
,46.7604807061883
,47.46494395154079
,50.8172173259768
,58.58250758221867
,58.67157764772301
,55.40837433879133
,55.37598522406249
,55.335498830651424
,54.29904715932821
,63.12508092293993
,60.890232006649256
,62.08053197293451
,58.023795353146
,57.41649945198006
,56.63916069848765
,61.45704151440414
,67.35995767373711
,63.116983644257715
,64.56639652837377
,66.60691075629134
,63.6837931520126
,53.31927643878049
,50.06417040853103
,48.0479480166601
,49.60262552364491
,56.39624233802127
,63.18985915239763
,64.080559807441
,65.17369242953971
,64.2020189876742
,65.60284819969698
,65.19798426558636
,60.46107623649199
,63.65140403728375
,60.120990531839055
,54.85775938840088
,50.112754080624306
,47.66737591859611
,47.73215414805381
,53.40024922560262
,63.20605370976206
,74.37220101253321
,71.06851131019047
,63.14127548030436
,62.02385102215902
,57.60273686167095
,53.805113159713244
,48.614757524414976
,48.50949290154622
,47.95078067247354
,48.82528677015251
,58.2181300415191
,63.12508092293993
,61.65947348145945
,59.41652728648657
,63.15747003766878
,53.805113159713244
,56.971149124458364
,54.51767368374795
,53.57029207792908
,48.517590180228424
,45.34345693680109
,39.359567990646
,46.06411473951802
,46.09650385424686
,39.22191425304838
,24.52535344483254
,16.298518303704554
,12.508991880429058
,11.262010963368326
,2.873230248596087
,-3.815121942911503
,4.2983512966655155
,10.160781062587418
,18.808674695190454
,38.75227208948006
,55.66748725662214
,57.45698584539112
,58.81732866400283
,59.78900210586835
,58.30720010702344
,64.1372407582165
,58.687772205087434
,53.181622701182874
,49.894127556204566
,46.48517323099307
,40.549867956931244
,36.46074222241389
,26.05573911577072
,19.075884891703467
,9.529193325374834
,-10.64112787201671
,-24.05022136976075
,-331.7144221791101
,-52.40689131486923
,-40.560572602792206
,-23.855886681387645
,8.128364113352049
,18.541464498677442
,46.26654670657333
,58.99546879501151
,65.44090262605273
,65.54616724892149
,69.10087259041282
,66.10487947799416
,57.627028697717584
,57.04402463259828
,57.052121911280494
,55.78084915817311
,51.23017853876965
,54.94682945390522
,58.015698074463785
,57.61083414035316
,57.04402463259828
,51.21398398140522
,47.68357047596053
,33.88580760147029
,20.40383859558633
,17.116343450608028
,17.675055679680696
,29.56186078516877
,41.19765025150825
,45.03576034687702
,57.052121911280494
,57.65132053376422
,57.83755794345511
,60.61492453145402
,54.93873217522301
,49.95080850698005
,54.45289545429025
,49.10869152402994
,42.09644818523385
,35.50526333791281
,33.66718107705055
,39.41624894142148
,41.21384480887267
,54.4205063395614
,55.1897478143716
,49.845543884111294
,34.59836812550499
,23.76420924870456
,16.209448238200217
,12.322754470738182
,14.063669387413881
,13.585929945163343
,17.66695840099848
,33.16514979875337
,54.79298115894318
,58.04808718919264
,57.83755794345511
,57.675612369810864
,57.141191976784825
,55.34359610933363
,61.32748505548874
,59.659445646952946
,58.83352322136726
,55.66748725662214
,55.66748725662214
,56.598674305076585
,57.627028697717584
,72.01589291600935
,80.46945186023929
,59.28697082757117
,50.40425611318396
,44.00740595423602
,32.74409130727832
,30.63879884990304
,28.760230195629724
,27.87762681926855
,42.282685594924736
,56.493409682207826
,60.02382318765251
,55.67558453530435
,56.817300829496325
,58.420562008574414
,69.3437909508792
,60.29103338416552
,79.18198454976748
,78.21031110790197
,62.22628298921433
,61.092663973704575
,61.57040341595511
,67.20610937877508
,78.21840838658419
,76.6151472075061
,67.23040121482171
,77.53823697727833
,66.0643930845831
,57.035927353916065
,54.17758797909502
,49.62691735969155
,49.724084703878106
,55.659389977939924
,67.23849849350393
,78.18601927185533
,88.42907680485425
,57.659417812446435
,58.177643648108045
,58.177643648108045
,57.52176407484882
,56.48531240352561
,57.66751509112865
,57.035927353916065
,56.74442532135641
,55.74846004344427
,55.7079736500332
,55.788946436855326
,57.68370964849308
,59.48940279462648
,59.11692797524469
,57.4407912880267
,55.74846004344427
,55.35979066669806
,45.94265555928483
,44.120767855786994
,44.890009330597195
,47.246317427121056
,54.28285260196378
,54.930634896540795
,59.06834430315143
,60.59872997408961
,60.70399459695837
,59.11692797524469
,59.04405246710479
,58.61489669694752
,54.13710158568396
,54.930634896540795
,55.100677748867255
,50.35567244109069
,46.14508752634014
,46.15318480502235
,49.02771873720782
,50.38806155581953
,50.35567244109069
,47.74834870541823
,37.57816668055923
,32.25825458634555
,22.355282757999575
,19.019203940927987
,21.634624955282654
,27.165066295233842
,35.72388986233254
,48.71192486860153
,52.59861863606357
,56.96305184577615
,53.03587168490305
,54.290949880646004
,54.13710158568396
,54.12900430700175
,56.79300899344969
,56.080448469414975
,56.07235119073277
,50.8172173259768
,49.424485392636235
,48.20179631162213
,49.06820513061888
,48.23418542635099
,40.412214219333634
,25.472735050651416
,18.079919613791326
,17.990849548286988
,15.278261189745763
,14.48472787888894
,13.78026463353644
,17.108246171925813
,23.918057543666592
,45.230095035250116
,46.15318480502235
,50.201824146128644
,55.91850289577073
,56.87398178027182
,57.13309469810262
,56.88207905895403
,57.58654230430652
,50.56620168682821
,48.663341196508256
,46.68760519804839
,46.39610316548873
,50.14514319535316
,58.05618446787486
,56.88207905895403
,57.68370964849308
,58.33958922175229
,56.566285190347735
,54.97921856863407
,49.58643096628049
,40.87375910421975
,32.33922737316769
,29.650930850673106
,42.841397823997404
,46.36371405075988
,56.74442532135641
,56.99544096050501
,57.003538239187215
,56.890176337636234
,56.890176337636234
,55.9023083384063
,57.46508312407333
,56.88207905895403
,50.485228900006085
,48.82528677015251
,48.06414257402452
,49.41638811395403
,54.201879815141666
,57.392207615933415
,58.99546879501151
,57.71609876322192
,50.371866998455104
,49.25444254030977
,47.78073782014708
,46.38800588680652
,44.68757736354188
,46.75238342750609
,48.25037998371542
,47.69166775464274
,56.15332397755489
,58.388172893845564
,57.691806927175286
,56.88207905895403
,57.42459673066227
,56.98734368182279
,76.77709278115034
,70.88227390049958
,68.35592295164925
,65.00364957721325
,64.06436525007659
,67.35995767373711
,77.51394514123169
,89.20641555834666
,85.66790477421976
,68.92273245940413
,54.93873217522301
,42.16932369337376
,14.411852370749024
,11.772139520347721
,10.921925258715405
,12.436116372289156
,22.582006561101515
,51.0115520143499
,65.69191826520132
,59.27887354888895
,72.59079970244643
,75.02808058579242
,94.70446778356902
,83.23872116955599
,57.52986135353103
,58.18574092679025
,58.74445315586293
,56.890176337636234
,55.367887945380275
,58.9873715163293
,61.00359390820023
,57.52986135353103
,57.53795863221325
,53.40024922560262
,58.096670861285915
,43.62683385617203
,37.28666464799957
,33.97487766697463
,34.22589330612322
,44.590410019355325
,53.40834650428483
,58.428659287256636
,59.311262663617796
,57.66751509112865
,57.942822566323876
,58.18574092679025
,59.06834430315143
,57.86184977950175
,59.343651778346654
,54.85775938840088
,53.33547099614492
,54.56625735584123
,53.886085946535374
,53.38405466823819
,59.845683056643836
,60.93881567874253
,60.930718400060314
,60.93881567874253
,58.7282585984985
,55.89421105972409
,54.598646470570074
,43.57015290539654
,42.96285700423059
,43.57825018407875
,55.62700086321108
,59.3760408930755
,60.00762863028808
,58.16954636942583
,58.388172893845564
,58.9873715163293
,59.108830696562485
,58.07237902523927
,61.011691186882445
,60.355811613623224
,59.83758577796162
,54.995413125998496
,54.242366208552724
,54.201879815141666
,54.290949880646004
,54.26665804459937
,54.290949880646004
,53.72414037289112
,47.19773375502777
,44.136962413151416
,39.97496117049415
,32.11250357006573
,28.64686829407875
,44.50133995385099
,52.17756014458852
,52.59052135738136
,54.69581381475663
,60.39629800703429
,61.448944235721925
,61.0521775802935
,70.39643717956683
,61.31129049812431
,54.28285260196378
,51.4569023418716
,49.30302621240305
,51.61884791551584
,49.27873437635641
,45.46491611703428
,45.975044674013674
,35.58623612473493
,35.72388986233254
,27.06789895104729
,8.525130768780485
,-0.17944381459804504
,-18.786990226322573
,-52.55264233114906
,-69.33020376069354
,-59.605372063356185
,-14.665475377076376
,6.2983791311720125
,48.954843229067905
,54.51767368374795
,55.01970496204513
,54.78488388026097
,58.469145680667694
,57.04402463259828
,50.809120047294584
,49.24634526162756
,49.222053425580924
,47.96697522983797
,48.161309918211074
,46.04792018215359
,47.505430344951854
,52.1046846364486
,52.639105029474635
,48.93864867170349
,35.578138846052724
,20.41193587426855
,15.998918992462684
,15.270163911063563
,18.42810259712646
,26.047641837088506
,38.136878909631896
,52.46096489846595
,58.825425942685044
,59.95904495819481
,62.056240136887865
,60.36390889230544
,61.40845784231087
,58.2181300415191
,55.74846004344427
,53.96705873335749
,52.91441250466986
,51.7160152597024
,51.28685948954514
,50.56620168682821
,50.890092834116714
,51.64313975156249
,50.8819955554345
,50.768633653883526
,49.910322113568995
,36.56600684528266
,25.893793542126467
,23.25408069172517
,25.343178591736013
,43.75639031508743
,50.890092834116714
,55.69177909266878
,56.7363280426742
,55.756557322126476
,55.74846004344427
,55.60270902716444
,55.69177909266878
,53.45693017637811
,49.06820513061888
,51.732209817066824
,48.93055139302127
,48.6957303112371
,46.84145349301042
,46.056017460835804
,47.40016572208309
,49.95080850698005
,49.80505749070022
,49.10869152402994
,45.958850116649245
,41.084288349957276
,36.250212976676366
,32.282546422392194
,38.881828548395454
,43.36772093834122
,47.975072508520185
,50.371866998455104
,48.93055139302127
,48.25037998371542
,49.456874507365086
,50.0398785724844
,51.934641784122135
,50.29089421163298
,49.99129490039112
,50.08846224457767
,48.27467181976205
,48.55807657363949
,47.80502965619372
,48.93055139302127
,48.663341196508256
,50.080364965895455
,50.080364965895455
,48.987232343796755
,49.19776158953428
,48.02365618061346
,47.69166775464274
,47.65927863991389
,46.849550771692634
,46.67950791936617
,47.821224213558146
,49.4001935565896
,48.566173852321704
,48.54188201627507
,48.81718949147029
,49.16537247480544
,48.99532962247896
,47.57830585309176
,45.8616827724627
,45.8616827724627
,45.869780051144915
,47.68357047596053
,45.46491611703428
,45.197705920521265
,45.869780051144915
,45.46491611703428
,45.47301339571649
,45.18960864183906
,48.28276909844426
,48.703827589919314
,46.16937936238678
,45.46491611703428
,45.45681883835207
,52.91441250466986
,51.00345473566769
,50.809120047294584
,47.18963647634556
,46.50946506703971
,46.4365895588998
,46.12889296897571
,46.82525893564599
,46.056017460835804
,49.74837653992474
,53.076358078314115
,49.75647381860695
,46.18557391975121
,42.80091143058634
,42.719938643764216
,43.63493113485424
,42.88998149609068
,42.93046788950175
,49.26253981899198
,40.363630547240355
,35.124691239848815
,33.36758176580868
,24.144781346768546
,22.144753512262042
,28.679257408807594
,38.23404625381845
,46.16128208370456
,44.48514539648656
,52.76056420970782
,52.420478505054895
,49.691695589149255
,50.93057922752777
,52.639105029474635
,53.57029207792908
,49.70789014651368
,48.20989359030435
,47.165344640298926
,46.14508752634014
,46.120795690293505
,46.4365895588998
,46.42849228021758
,46.42849228021758
,37.01945445148656
,23.739917412657917
,18.800577416508247
,13.545443551752271
,6.233600901714311
,4.897549919149242
,10.282240242820606
,18.492880826584162
,44.52563178989762
,49.18156703216986
,56.14522669887268
,54.58245191320566
,53.618875750022355
,52.622910472110206
,52.29901932482171
,52.72007781629676
,53.699848536844485
,53.027774406220836
,49.675501031784826
,47.756445984100445
,47.00339906665468
,50.78482821124795
,58.299102828341226
,59.06834430315143
,54.53386824111237
,55.00351040468071
,49.66740375310262
,44.995273953465954
,40.82517543212647
,40.78468903871541
,46.4365895588998
,47.15724736161671
,53.25449820932279
,78.36415940286402
,54.53386824111237
,54.525770962430165
,53.481222012424745
,54.323338995374854
,53.34356827482713
,62.104823808981145
,56.06425391205056
,49.34351260581411
,48.02365618061346
,46.59043785386183
,48.6228548030972
,54.28285260196378
,58.74445315586293
,69.68387665553212
,62.695925152782664
,47.69166775464274
,39.64297274452343
,33.812932093330375
,28.48492272043449
,29.29465058865575
,42.979051561595014
,48.29086637712648
,51.61884791551584
,60.841648334555984
,54.37192266746813
,54.51767368374795
,55.222136929100444
,55.756557322126476
,54.36382538878591
,54.45289545429025
,49.845543884111294
,47.49733306626965
,49.66740375310262
,49.48116634341172
,49.829349326746865
,50.16943503139979
,54.77678660157875
,56.72013348530977
,56.06425391205056
,49.71598742519589
,49.34351260581411
,46.339422214713245
,44.136962413151416
,44.66328552749524
,45.29487326470782
,45.29487326470782
,44.81713382245728
,51.05203840776097
,56.65535525585207
,56.63106341980544
,58.91449600818938
,57.35981850120457
,54.60674374925229
,52.574326800016934
,51.6512370302447
,51.63504247288027
,50.890092834116714
,49.529750015505
,50.64717447365034
,52.234241095364
,52.15326830854188
,52.137073751177454
,51.124913915900876
,50.93867650620999
,50.954871063574416
,50.05607312984882
,46.9548153945614
,46.209865755797836
,47.2139283123922
,50.533812572099365
,50.76053637520131
,51.37592955504947
,55.00351040468071
,54.995413125998496
,55.084483191502834
,55.89421105972409
,55.48124984693125
,48.45281195077072
,53.28688732405164
,52.50145129187702
,48.68763303255489
,48.45281195077072
,48.9467459503857
,50.922481948845565
,50.60668808023927
,50.485228900006085
,46.15318480502235
,40.94663461235966
,38.800855761573324
,38.81705031893775
,34.703632748373764
,36.36357487822734
,39.62677818715901
,40.24217136700717
,39.73204281002777
,48.145115360846646
,50.485228900006085
,50.485228900006085
,50.05607312984882
,50.33947788372626
,51.52977785001151
,54.50147912638353
,49.75647381860695
,48.53378473759285
,49.44877722868287
,44.80093926509285
,46.11269841161129
,49.74837653992474
,46.15318480502235
,45.181511363156844
,28.54970094989219
,16.411880205255535
,12.51708915911128
,-3.2483124351566204
,-10.058123806897399
,-4.373834171984171
,12.31465719205596
,21.011134496752277
,33.92629399488135
,52.56622952133472
,58.22622732020132
,58.43675656593884
,59.70802931904622
,58.19383820547247
,58.89830145082496
,58.7282585984985
,53.23020637327615
,52.44477034110153
,52.185657423270726
,51.4569023418716
,51.70791798102019
,51.44880506318938
,54.20997709382388
,49.08439968798331
,26.622548623525603
,13.569735387798914
,5.091884607522331
,-6.009484465791118
,-26.681836941479844
,-19.18375688175098
,2.6627010028585545
,22.930189544436658
,34.68743819100933
,55.04399679809177
,54.89824578181195
,59.41652728648657
,59.80519666323276
,59.41652728648657
,57.35981850120457
,53.01967712753863
,52.671494144203486
,52.671494144203486
,53.67555670079784
,53.96705873335749
,54.37192266746813
,56.614868862441014
,54.0966151922729
,54.12900430700175
,48.954843229067905
,50.32328332636183
,40.800883596079835
,26.784494197169856
,20.913967152565732
,25.594194230884597
,38.242143532500656
,51.4569023418716
,59.343651778346654
,65.32754072450174
,62.50159046440956
,62.12911564502778
,62.056240136887865
,61.57850069463733
,61.18983131789112
,61.28699866207768
,57.9590171236883
,48.79289765542365
,50.436645227912805
,56.55009063298331
,53.15733086513623
,58.25051915624796
,61.35177689153537
,66.0724903632653
,67.66765426366119
,60.1452823678857
,46.16128208370456
,43.780682151134066
,40.57415979297788
,45.39204060889437
,56.26668587910587
,70.43692357297789
,63.91861423379677
,66.71217537916012
,61.902391841925834
,61.902391841925834
,61.902391841925834
,61.89429456324362
,61.092663973704575
,75.98355947029351
,78.37225668154622
,70.12922698305383
,64.80121761015793
,63.03601085743559
,67.6190705915679
,70.1859079338293
,78.37225668154622
,70.97944124468614
,67.52190324738137
,76.76089822378593
,78.41274307495729
,73.45720852144319
,71.55434803112323
,71.38430517879677
,75.78922478192041
,71.87823917841173
,73.2709711117523
,95.93525414326533
,66.34779783846054
,64.08865708612322
,63.69189043069481
,65.48138901946379
,63.25463738185533
,70.13732426173603
,61.416555120993074
,58.18574092679025
,61.060274858975724
,60.590632695407386
,62.22628298921433
,63.62711220123711
,65.95103118303213
,66.28301960900284
,63.24654010317312
,60.9145238426959
,53.25449820932279
,30.82503625959393
,21.76418141419805
,21.46458210295618
,30.476853276258787
,48.52568745891064
,63.07649725084665
,67.00367741171976
,77.3924859609985
,71.26284599856358
,71.01183035941499
,69.35998550824362
,69.8053358357653
,64.7202448233358
,67.40044406714817
,67.82150255862322
,67.0927474772241
,67.01177469040196
,68.29924200087378
,61.40845784231087
,70.74462016290197
,75.01188602842801
,70.42072901561347
,59.7566129911395
,54.07232335622626
,47.39206844340087
,44.3798807736178
,45.092441297652506
,53.18971997986509
,59.01976063105815
,60.44488167912756
,67.23849849350393
,71.29523511329243
,70.74462016290197
,69.76484944235425
,71.69200176872084
,71.45718068693668
,80.0969770408575
,79.46538930364493
,76.93094107611238
,71.39240245747897
,65.34373528186617
,65.52187541287485
,75.51391730672518
,77.57872337068939
,79.40061107418722
,73.09283098074363
,66.09678219931195
,59.94285040083038
,51.95893362016878
,48.517590180228424
,45.64305624804297
,50.18562958876422
,60.720189154322796
,65.45709718341715
,73.0847337020614
,76.95523291215902
,74.08879625865578
,76.8823574040191
,71.93492012918722
,71.42479157220782
,76.07262953579784
,73.88636429160046
,68.61503586948007
,64.23440810240305
,63.910516955114545
,63.71618226674145
,63.65140403728375
,69.20613721328158
,69.54622291793451
,72.79323166950175
,67.44093046055923
,63.09269180821108
,58.533923910125395
,47.54591673836292
,43.8049739871807
,52.663396865521264
,59.699932040364004
,68.10490731250067
,74.631313930364
,76.18599143734882
,83.505931366069
,80.39657635209937
,74.65560576641064
,74.65560576641064
,86.52621631453431
,78.00787914084665
,74.65560576641064
,75.81351661796705
,75.82161389664927
,76.50178530595511
,90.18618627889438
,118.78577458446924
,120.85867792711565
,103.79771174369374
,81.9593511377664
,85.45737552848223
,75.74873838850935
,72.59889698112866
,73.40052757066769
,76.32364517494644
,84.63145310289656
,79.84596140170892
,115.21487468561348
,114.75332980072737
,120.25138202594971
,106.38884092200178
,99.80575335336293
,86.28329795406792
,73.2061928822946
,71.41669429352561
,70.08064331096054
,68.72839777103104
,70.07254603227832
,71.39240245747897
,76.8823574040191
,78.91477435325447
,79.33583284472952
,78.25889477999525
,75.87829484742475
,58.177643648108045
,40.768494481350984
,33.78864025728373
,38.258338089865084
,53.87798866785316
,71.86204462104732
,90.93923319634015
,97.91908742040741
,86.50192447848767
,104.4050076448597
,97.92718469908962
,95.44941742233257
,80.8581212369855
,86.89059385523386
,82.39660418660587
,74.91471868424145
,69.54622291793451
,65.96722574039654
,71.29523511329243
,85.14158165987594
,89.1011509354779
,83.77314156258201
,69.08467803304839
,64.3882563973651
,60.04811502369915
,54.40431178219698
,45.20580319920347
,32.582145733634064
,47.49733306626965
,56.63106341980544
,56.574382469029956
,73.03615002996813
,92.16192227735425
,93.07691476844427
,90.48578559013626
,89.44933391881304
,85.78936395445295
,77.34390228890523
,75.0685669792035
,73.18190104624796
,72.8823017350061
,72.29120039120458
,80.4856464176037
,93.05262293239764
,92.53439709673604
,93.1578875552664
,73.23048471834123
,58.44485384462105
,56.52579879693667
,14.476630600206725
,10.460380373829281
,9.642555226925808
,27.375595540971368
,20.897772595201296
,62.88216256247355
,87.76509995291283
,101.16609617197466
,107.53865449487594
,87.02015031414928
,89.9999488692035
,80.83382940093885
,71.4004997361612
,64.23440810240305
,59.82948849927941
,60.04001774501693
,57.60273686167095
,61.46513879308635
,74.72848127455056
,77.44916691177399
,64.22631082372084
,64.18582443030978
,56.55009063298331
,30.65499340726747
,14.994856435868329
,14.395657813384602
,15.24587207501692
,42.83330054531519
,60.12908781052127
,60.137185089203484
,62.825481611698066
,88.08089382151911
,94.80973240643777
,92.03236581843886
,93.83805896457227
,91.73276650719698
,93.3522222436395
,92.05665765448549
,90.03233798393235
,89.00398359129134
,87.44930608430654
,87.38452785484883
,87.57076526453972
,80.04029609008202
,63.54613941441499
,27.75616763903536
,14.46853332152451
,4.630339722636222
,-5.3050212204386185
,-18.754601111593715
,-20.997547306566602
,-14.746448163898492
,4.6546315586828655
,14.525214272300005
,61.57850069463733
,79.35202740209395
,76.94713563347682
,73.22238743965902
,69.77294672103646
,57.12499741942041
,28.590187343303256
,18.549561777359656
,19.310705973487636
,15.22967751765249
,15.05963466532603
,19.513137940542954
,21.148788234349887
,20.695340628145985
,25.877598984762045
,15.019148271914972
,13.67500001066768
,6.063558049387851
,0.8489105780429469
,-5.045908302607813
,-9.51560613518916
,-0.4628485684754935
,5.699180508688286
,25.82091803398655
,77.92690635402454
,93.8623508006189
,94.68827322620459
,93.27934673549959
,92.08904676921433
,88.42097952617203
,77.53013969859612
,75.42484724122085
,76.47749346990848
,75.42484724122085
,76.6151472075061
,84.08083815250609
,99.61951594367206
,120.19470107517422
,111.61158567202888
,90.37242368858529
,81.31156884318939
,77.48965330518504
,75.29529078230544
,74.44507652067313
,74.40459012726207
,75.41674996253863
,80.19414438504405
,99.37659758320567
,117.6683501263239
,102.68838456423062
,123.68462818720785
,118.88294192865578
,115.97601888174145
,104.23496479253322
,97.2065268963727
,93.87044807930111
,94.056685488992
,91.56272365487052
,91.63559916301043
,98.1134221087805
,125.24740297287488
,137.73340670084667
,113.17436045769591
,95.1417208324085
,72.93898268578158
,53.34356827482713
,31.07605189874252
,21.918029709160088
,25.173135739409545
,41.27862303833038
,69.28711000010371
,92.07285221184992
,103.53859882586293
,114.43753593212108
,116.7695521925983
,109.93544898481088
,103.15802672779894
,86.95537208469158
,86.46953536375881
,83.5626123168445
,82.50996608815686
,83.82982251335751
,84.36424290638354
,90.00804614788571
,103.53050154718073
,118.08940861779894
,101.0041505983304
,88.9715944765625
,79.4410974675983
,65.74859921597681
,41.019510120499575
,32.39590832394317
,31.569985898357487
,48.412325557359665
,73.06044186601477
,88.1375747722946
,102.66409272818397
,113.97599104723496
,117.01247055306467
,113.91121281777725
,105.96778243052671
,97.54661260102563
,91.57082093355274
,88.12138021493018
,86.40475713430111
,85.99989320019048
,87.51408431376424
,95.82189224171434
,109.91115714876423
,121.81415681161674
,116.00840799647031
,99.49805676343885
,90.63153660641608
,80.91480218776097
,61.4975279078152
,51.57026424342257
,52.185657423270726
,73.18190104624796
,82.22656133427942
,99.11748466537486
,114.11364478483257
,116.75335763523387
,133.07747145857445
,123.49029349883475
,113.70068357203972
,105.4495565948651
,99.63571050103647
,97.55470987970783
,95.02835893085751
,95.35225007814601
,95.69233578279895
,101.09322066383473
,105.8301286929291
,115.87885153755492
,116.0569916685636
,107.47387626541826
,97.0202894866818
,87.37643057616663
,82.52616064552127
,76.18599143734882
,76.52607714200175
,84.22658916878592
,90.51007742618289
,102.00011587624255
,108.11356128131305
,106.02446338130221
,106.58317561037487
,105.91110147975122
,99.95960164832496
,95.29556912737053
,95.52229293047247
,95.11742899636185
,94.42106302969157
,94.42916030837378
,93.53845965333039
,94.44535486573821
,93.42509775177942
,94.72066234093343
,90.20238083625881
,78.6070777633304
,59.31935994230001
,40.007350285223005
,25.035482001811936
,15.41591492734338
,16.16896184478916
,24.93021737894317
,39.26240064645945
,75.49772274936076
,100.59928666421976
,108.22692318286403
,111.00428977086293
,101.5871546634497
,97.5304180436612
,86.80152378972952
,82.61523071102562
,80.65568926993018
,79.68401582806466
,79.21437366449634
,77.36009684626966
,79.0038444187588
,77.93500363270675
,72.39646501407334
,60.201963318661186
,55.00351040468071
,28.800716589040782
,15.043440107961608
,13.521151715705635
,12.071738831589585
,16.768160467272885
,48.12082352480001
,55.49744440429568
,77.36819412495187
,99.00412276382389
,118.33232697826531
,120.26757658331414
,110.02451905031522
,104.23496479253322
,99.55473771421434
,87.19829044515794
,84.63955038157877
,80.59900831915468
,80.06458792612865
,81.61116815443125
,90.40481280331412
,109.93544898481088
,128.0976450690137
,116.1298671767035
,103.52240426849852
,89.24690195175774
,84.4047292997946
,78.80950973038571
,72.08876842414927
,74.25074183230002
,80.22653349977291
,90.40481280331412
,99.54664043553214
,124.98829005504408
,149.49065534741936
,153.30447360674145
,127.23933352869916
,107.62772456038029
,101.38472269639439
,103.91917092392693
,96.91502486381304
,95.23888817659504
,93.0202338176688
,95.25508273395947
,104.12160289098225
,119.85461537052129
,138.87512299503865
,132.4053973279508
,114.08125567010373
,106.51030010223495
,94.87451063589546
,89.54650126299958
,87.67602988740849
,88.59102237849851
,99.48995948475664
,100.53450843476207
,113.90311553909504
,149.38539072455058
,206.72222107329787
,202.58451166668726
,144.6484826954562
,119.75744802633474
,107.19856879022304
,104.39691036617747
,102.19445056461565
,99.70048873049417
,96.54255004443127
,100.74503768049959
,108.86660819875881
,131.74142047600935
,159.28026527421437
,141.90350522218617
,113.40108426079786
,106.63985656115035
,101.50618187662758
,97.95147653513627
,94.63159227542909
,95.02835893085751
,99.34420846847682
,103.59527977663842
,112.23507613055926
,148.5351764629183
,116.85862225810263
,111.3605700328803
,112.10551967164385
,109.32005580496272
,97.44134797815686
,91.63559916301043
,88.85013529632931
,87.31974962539113
,86.56670270794537
,86.67196733081413
,90.39671552463192
,102.86652469523929
,111.58729383598224
,105.8220314142469
,89.87039241028809
,83.93508713622627
,83.92698985754406
,84.64764766026097
,87.27926323198007
,86.67196733081413
,87.32784690407334
,89.59508493509287
,87.26306867461564
,95.69233578279895
,100.76123223786402
,98.22678401033147
,91.36029168781522
,91.14976244207769
,88.8420380176471
,82.62332798970783
,82.19417221955057
,82.63952254707225
,80.89051035171434
,80.74475933543451
,84.10512998855273
,86.03228231491934
,94.25102017736509
,97.19842961769048
,89.6841550005972
,84.17800549669265
,80.35608995868832
,79.4491947462805
,79.47348658232714
,79.45729202496271
,80.85002395830328
,84.16990821801043
,88.29142306725664
,95.28747184868831
,96.6963983393933
,99.5871268289432
,99.21465200956142
,96.42918814288029
,90.81777401610697
,89.93517063974579
,87.80558634632389
,88.47766047694753
,89.676057721915
,90.40481280331412
,90.38052096726749
,98.85027446886185
,99.13367922273929
,91.43316719595512
,80.7366620567523
,57.003538239187215
,34.501200781318445
,17.982752269604774
,12.792396634306506
,13.253941519192622
,36.11255923907875
,72.7608425547729
,90.41291008199634
,104.58314777586835
,103.22280495725664
,103.47382059640523
,100.3563683037534
,93.3441249649573
,88.93920536183364
,87.74890539554839
,84.04035175909503
,81.82169740016879
,80.74475933543451
,80.40467363078159
,81.82979467885099
,83.91889257886186
,83.40876402188245
,78.70424510751694
,61.48943062913299
,30.509242390987637
,21.415998430862906
,17.01107882773926
,16.94630059828156
,16.64670128703969
,29.116510457647074
,67.49761141133473
,92.98784470293994
,113.27152780188247
,119.6764752395126
,117.95985215888355
,108.55081433015252
,96.36440991342258
,88.95539991919807
,87.57886254322193
,86.39665985561889
,84.12132454591716
,84.4047292997946
,84.93914969282062
,91.01210870448007
,115.98411616042368
,135.94390811207768
,138.03300601208855
,115.6764195704996
,107.41719531464277
,103.49001515376966
,95.37654191419264
,91.52223726145947
,92.1862141134009
,94.51013309519591
,95.12552627504405
,96.07290788086293
,91.27122162231088
,115.7492950786395
,109.95974082085752
,93.31983312891066
,87.56266798585752
,80.41277090946379
,62.865968005109124
,54.290949880646004
,56.50960423957225
,55.85372466631303
,61.99955918611238
,74.33981189780435
,91.55462637618831
,110.93141426272302
,100.34017374638896
,86.83391290445837
,80.67188382729461
,78.96335802534774
,20.484811382408466
,15.982724435098262
,13.399692535472454
,76.59085537145945
,83.26301300560263
,82.7366898912588
,73.10092825942584
,84.153713660646
,84.24278372615035
,77.30341589549417
,79.1334008776742
,73.36004117725663
,62.31535305471867
,53.31117916009828
,50.922481948845565
,50.05607312984882
,55.82943283026639
,81.65165454784231
,90.80967673742475
,100.27539551693127
,98.58306427234884
,93.48987598123712
,84.5909667094855
,83.19823477614493
,77.06859481370999
,77.1252757644855
,79.28724917263624
,82.8014681207165
,87.88655913314601
,95.83808679907878
,108.1378531173597
,116.85862225810263
,112.42941081893235
,104.21067295648658
,101.25516623747899
,93.17408211263083
,87.31165234670893
,83.46544497265795
,81.86218379357985
,80.11317159822194
,82.12129671141065
,86.16183877383473
,102.4859525971753
,124.42957782597139
,123.55507172829246
,100.00818532041825
,91.7408637858792
,84.01605992304839
,79.72450222147573
,78.13743559976207
,79.9026423524844
,83.65168238234882
,89.52220942695294
,107.27144429836294
,119.65218340346597
,124.59152339961567
,97.76523912544536
,97.56280715839006
,95.59516843861239
,89.48172303354188
,89.05256726338462
,86.58289726530978
,84.72052316840089
,84.44521569320565
,84.01605992304839
,86.54241087189872
,101.7814893518228
,116.81003858600937
,118.19467324066773
,99.36850030452345
,91.38458352386185
,81.5059035315625
,77.79734989510914
,71.95921196523386
,64.63927203651367
,68.6393277055267
,71.50576435902995
,75.10095609393234
,88.99588631260914
,94.8340242424844
,90.68821755719156
,80.87431579434991
,76.65563360091716
,72.1049629815137
,65.85386383884557
,58.97927423764709
,54.679619257392204
,50.177532310082
,50.61478535892148
,56.971149124458364
,68.18588009932279
,79.7164049427935
,79.3844165168228
,73.16570648888354
,48.53378473759285
,35.16517763325987
,18.00704410565141
,13.666902731985466
,13.164871453688285
,22.193337184355315
,36.08826740303211
,74.48556291408418
,90.1942835575766
,91.85422568743019
,92.5829807688293
,89.11734549284232
,88.94730264051586
,82.22656133427942
,73.23858199702345
,71.37620790011455
,69.95918413072735
,70.08064331096054
,69.63529298343886
,67.54619508342799
,70.6960364908087
,71.27094327724579
,64.85789856093342
,48.40422827867745
,23.067843282034275
,15.96652987773384
,12.703326568802169
,11.626388504067904
,9.480609653281562
,12.322754470738182
,33.79673753596595
,71.50576435902995
,92.82589912929569
,95.58707115993019
,93.97571270216987
,94.03239365294536
,91.5465290975061
,87.2306795598868
,83.2468184482382
,83.19823477614493
,81.81360012148657
,82.97960825172518
,82.6719116618011
,84.89056602072735
,97.06077588009286
,117.78980930655709
,116.81003858600937
,106.02446338130221
,97.89479558436076
,93.61133516147031
,92.46152158859613
,86.0808659870126
,86.99585847810263
,86.61528638003864
,87.56266798585752
,89.80561418083039
,107.55484905224039
,109.2390830181406
,103.70864167818941
,88.46956319826532
,87.57076526453972
,81.91076746567313
,86.14564421647032
,86.32378434747899
,85.40069457770676
,82.20226949823278
,81.80550284280437
,87.27926323198007
,99.00412276382389
,114.28368763715903
,108.39696603519049
,104.4131049235419
,91.36029168781522
,87.38452785484883
,81.70833549861781
,75.57869553618288
,69.78104399971868
,80.14556071295078
,83.03628920250068
,87.23877683856901
,98.08913027273387
,111.6196829507111
,106.51030010223495
,88.86632985369374
,86.92298296996272
,82.43709058001694
,84.38853474243018
,82.05651848195295
,82.49377153079243
,82.50186880947464
,83.65168238234882
,88.87442713237594
,106.11353344680654
,124.50245333411132
,117.57118278213734
,92.29957601495187
,80.18604710636185
,73.53818130826531
,54.65532742134556
,44.42036716702886
,40.62274346507116
,67.19801210009285
,79.74879405752236
,86.590994543992
,103.74912807160047
,109.6925306243445
,101.2632635161612
,88.75296795214277
,84.36424290638354
,80.14556071295078
,77.57872337068939
,77.70018255092258
,77.02810842029893
,76.13740776525556
,76.79328733851477
,83.60309871025557
,97.44134797815686
,118.3809106503586
,107.61153000301587
,89.40075024671977
,72.82562078423061
,55.00351040468071
,23.407928986687203
,19.213538629301084
,21.50506849636725
,55.756557322126476
,77.76496078038028
,87.0525394288781
,107.55484905224039
,119.90319904261456
,106.35645180727292
,93.39270863705056
,90.2590617870343
,79.05242809085209
,75.52201458540739
,74.24264455361781
,73.2709711117523
,75.87019756874253
,76.11311592920892
,83.36018034978918
,95.58707115993019
,107.84635108480003
,102.46975803981087
,86.84201018314059
,70.64745281871542
,48.29086637712648
,22.06378072543992
,15.71551423858525
,20.889675316519096
,27.11648262314057
,70.6960364908087
,85.58693198739763
,95.64375211070566
,108.10546400263084
,106.76131574138354
,91.44126447463734
,87.70032172345512
,81.62736271179568
,78.31557573077075
,77.3924859609985
,76.80138461719699
,76.65563360091716
,76.24267238812432
,78.4856185830972
,85.12538710251152
,90.85016313083581
,85.84604490522844
,69.57051475398114
,45.10053857633471
,23.75611197002234
,15.569763222305419
,10.865244307939903
,13.69929184671431
,17.577888335494144
,48.987232343796755
,87.06873398624255
,94.52632765256033
,102.31590974484884
,99.44137581266337
,90.16999172152997
,84.86627418468072
,80.0321988113998
,85.93511497073278
,83.49783408738679
,80.38847907341716
,81.9026701869909
,81.40063890869374
,83.4411531366113
,84.93914969282062
,87.39262513353104
,81.60307087574905
,68.03203180436076
,32.56595117626964
,18.37142164635098
,12.703326568802169
,10.104100111811931
,11.124357225770709
,19.100176727750103
,67.54619508342799
,95.09313716031522
,101.95962948283147
,101.94343492546706
,100.40495197584667
,99.43327853398117
,94.99596981612866
,89.53030670563517
,85.64361293817313
,83.4411531366113
,83.4492504152935
,83.28730484164927
,83.4411531366113
,90.55866109827616
,110.02451905031522
,107.07710960998983
,102.64789817081956
,99.9838934843716
,92.73682906379136
,86.89059385523386
,83.4492504152935
,81.97554569513082
,82.68000894048332
,85.57883470871543
,95.25508273395947
,106.94755315107443
,109.19859662472953
,107.50626538014711
,101.18229072933907
,103.15802672779894
,94.46154942310264
,86.23471428197465
,85.38450002034232
,83.27920756296704
,81.91076746567313
,83.06867831722953
,82.12939399009286
,85.39259729902453
,104.0973110549356
,111.63587750807551
,104.7369960708304
,102.93940020337921
,90.64773116378049
,84.27517284087921
,77.88641996061347
,76.8175791745614
,75.16573432339004
,77.7811553377447
,85.38450002034232
,95.12552627504405
,103.53859882586293
,101.91104581073822
,97.51422348629677
,86.590994543992
,79.70021038542909
,71.95921196523386
,65.82957200279894
,66.27492233032062
,66.38018695318938
,67.45712501792366
,66.63120259233797
,71.61102898189873
,89.80561418083039
,101.3361390243011
,95.6680439467523
,85.33591634824906
,70.3802426222024
,70.40453445824903
,69.74865488498983
,68.21017193536943
,69.70816849157876
,74.55034114354189
,88.14567205097681
,102.07299138438245
,99.46566764871
,98.68832889521761
,98.41302142002237
,97.2065268963727
,86.6557727734497
,81.33586067923602
,74.82564861873712
,68.4530902958358
,64.97935774116661
,62.695925152782664
,60.39629800703429
,65.57045908496814
,76.71231455169264
,83.27920756296704
,86.55860542926314
,81.23869333504949
,84.04035175909503
,86.51002175716987
,83.35208307110696
,83.4411531366113
,83.36827762847139
,83.34398579242475
,81.66784910520676
,82.90673274358528
,90.55866109827616
,94.51823037387811
,86.58289726530978
,76.08882409316227
,69.31140183615034
,52.558132242652505
,26.209587410732752
,25.61848606693124
,22.225726299084165
,21.221663742489802
,28.573992785938827
,41.48105500538569
,70.81749567104188
,71.12519226096596
,65.2951516097729
,57.1816783701959
,55.78084915817311
,48.679535753872685
,35.80486264915467
,34.71173002705597
,56.50150696089004
,66.95509373962648
,57.222164763606955
,72.36407589934448
,65.95912846171433
,74.89852412687704
,67.53000052606357
,62.914551677202404
,61.82951633378592
,51.683626144973545
,29.213677801833633
,24.428186100645988
,23.723722855293495
,24.3715051498705
,26.46060304988135
,28.88978665454512
,41.6187087429833
,61.092663973704575
,59.003566073693726
,48.45281195077072
,30.946495439827125
,54.995413125998496
,27.53754111461562
,15.432109484707802
,15.553568664940997
,16.282323746340133
,26.91405065608525
,68.7041059349844
,89.91087880369915
,95.4089310289215
,96.73688473280437
,85.7488775610419
,83.7002660544421
,77.05240025634558
,73.12522009547247
,69.01180252490848
,64.76882849542909
,62.76070338224036
,66.04819852721867
,69.57861203266336
,73.78109966873168
,84.16181093932822
,73.45720852144319
,43.8049739871807
,19.94229371070022
,14.444241485477868
,14.45233876416009
,12.743812962213234
,14.509019714935569
,15.756000631996308
,59.31935994230001
,87.37643057616663
,98.82598263281521
,101.66003017158963
,99.89482341886728
,82.31563139978375
,74.26693638966445
,68.67981409893775
,48.54188201627507
,36.07207284566769
,32.533562061540785
,33.46474910999524
,38.225948975136234
,69.81343311444753
,83.10106743195837
,87.3602360188022
,84.38043746374797
,73.13331737415469
,70.3154643927447
,69.78914127840089
,63.37609656208852
,62.898357119837975
,62.963135349295676
,53.23830365195836
,71.7972663915896
,73.15760921020131
,91.40887535990849
,91.30361073703972
,88.31571490330327
,73.15760921020131
,73.50579219353646
,70.70413376949091
,64.63117475783147
,59.01976063105815
,58.906398729507174
,56.58247974771216
,54.97921856863407
,70.12922698305383
,88.0727965428369
,99.80575335336293
,100.15393633669808
,90.3886182459497
,87.35213874011998
,87.37643057616663
,89.77322506610155
,89.45743119749525
,88.12947749361238
,87.37643057616663
,90.57485565564059
,102.44546620376424
,122.8829975976688
,125.66846146434992
,104.43739675958852
,92.67205083433365
,89.27119378780436
,78.3560621241818
,78.97955258271217
,72.84991262027725
,72.87420445632388
,72.5017296369421
,72.5017296369421
,82.10510215404622
,96.97170581458853
,119.36877864958853
,125.40934854651913
,104.2916457433087
,93.56275148937704
,88.04040742810804
,82.0322266459063
,80.0241015327176
,79.79737772961565
,83.27920756296704
,90.67202299982713
,102.08108866306466
,120.95584527130221
,130.90740077174146
,111.32818091815145
,93.14979027658418
,90.79348218006032
,82.2832422850549
,78.37225668154622
,74.51795202881304
,72.86610717764167
,72.54221603035316
,72.46124324353104
,76.50178530595511
,89.02827542733797
,94.53442493124254
,96.2429507331894
,90.42910463936076
,76.2993533388998
,71.6029317032165
,69.05228891831955
,61.61088980936618
,62.3315476120831
,71.91062829314058
,80.00790697535317
,93.87854535798333
,105.62769672587378
,118.92342832206685
,105.03659538207226
,94.93928886535318
,90.69631483587378
,85.29542995483799
,78.63946687805924
,76.49368802727291
,74.20215816020675
,76.50988258463732
,77.4572641904562
,80.27511717186619
,92.8339964079779
,106.17831167626424
,119.7898371410636
,102.37259069562433
,92.1295331626254
,86.46143808507661
,83.19823477614493
,80.89051035171434
,78.98764986139439
,82.51806336683907
,89.90278152501695
,99.79765607468073
,119.61169701005491
,127.93569949536945
,116.24322907825447
,99.30372207506576
,95.6032657172946
,89.24690195175774
,94.15385283317856
,87.70841900213733
,85.06870615173602
,82.87434362885642
,82.65571710443669
,83.14155382536944
,89.27929106648658
,97.74904456808095
,99.10129010801045
,92.92306647348224
,76.73660638773929
,66.60691075629134
,56.21000492833038
,44.436561724393286
,46.97910723060804
,62.44490951363407
,78.28318661604189
,95.09313716031522
,104.89084436579243
,126.13000634923603
,104.90703892315686
,93.17408211263083
,89.69225227927942
,78.94716346798333
,72.71225888267963
,67.4166386245126
,65.4247080686883
,66.31540872373168
,63.49755574232171
,66.63120259233797
,70.8903711791818
,70.97134396600393
,68.11300459118287
,59.33555449966444
,33.31090081503319
,25.237913968867247
,16.962495155645982
,12.962439486632967
,11.213427291275053
,15.917946205640568
,53.853696831806516
,77.27102678076531
,100.32397918902454
,97.36037519133474
,90.77728762269591
,78.19411655053754
,74.71228671718615
,69.32759639351477
,52.04800368567311
,47.42445755812973
,43.83736310190955
,45.149122248427986
,50.201824146128644
,60.29913066284774
,82.63952254707225
,99.44947309134558
,101.08512338515251
,89.01208086997356
,74.87423229083039
,70.04015691754948
,62.75260610355815
,55.5784171911178
,64.6554665938781
,72.05637930942041
,90.7691903440137
,108.80992724798332
,137.97632506131308
,152.867220557902
,115.40111209530437
,93.9271290300766
,88.95539991919807
,77.48155602650284
,71.41669429352561
,67.65955698497898
,63.65140403728375
,60.61492453145402
,58.61489669694752
,67.11703931327074
,83.66787693971325
,99.9191152549139
,102.34020158089548
,88.12138021493018
,76.07262953579784
,73.37623573462106
,75.98355947029351
,78.31557573077075
,79.30344373000068
,84.51809120134558
,97.0850677161395
,104.97181715261456
,131.06934634538572
,140.99661000977835
,105.46575115222953
,89.00398359129134
,80.06458792612865
,70.54218819584665
,63.27892921790197
,59.85378033532605
,55.54602807638895
,55.48934712561346
,56.58247974771216
,63.73237682410587
,87.8703645757816
,102.63980089213734
,102.9232056460148
,86.12135238042367
,69.31140183615034
,65.63523731442584
,60.87403744928483
,60.83355105587377
,62.36393672681195
,71.01183035941499
,83.46544497265795
,99.1417765014215
,109.368639477056
,110.99619249218074
,95.10123443899742
,84.68003677498983
,77.32770773154081
,66.54213252683364
,51.33544316163841
,46.039822903471375
,38.63891018792908
,34.6631463549627
,34.86557832201801
,46.9548153945614
,62.81738433301585
,76.14550504393776
,82.59903615366119
,67.0927474772241
,60.687800039593945
,61.1736367605267
,47.49733306626965
,34.638854518916055
,33.68337563441497
,40.85756454685532
,52.9387043407165
,69.35998550824362
,82.57474431761456
,99.83814246809179
,90.51007742618289
,82.59903615366119
,75.54630642145403
,69.55432019661671
,68.00773996831411
,63.05220541480002
,62.12101836634557
,63.116983644257715
,63.65140403728375
,68.78507872180651
,85.79746123313517
,106.8584830855701
,117.53069638872628
,94.62349499674689
,75.82971117533147
,66.88221823148658
,58.91449600818938
,54.72010565080326
,55.432666174837976
,59.38413817175771
,70.10493514700718
,89.78132234478376
,98.92314997700176
,133.8871993267957
,114.36466042398116
,96.82595479830871
,89.10924821416012
,83.60309871025557
,83.26301300560263
,73.4734030788076
,70.98753852336834
,67.79721072257658
,67.60287603420349
,67.65955698497898
,71.00373308073277
,73.76490511136727
,74.33171461912215
,63.0441081361178
,53.53790296320023
,42.655160414306515
,34.50929806000065
,31.942460717739266
,32.6712157991384
,47.74025142673602
,67.06845564117747
,83.63548782498441
,86.74484283895404
,89.14973460757118
,71.27094327724579
,60.24244971207224
,50.24231053953971
,40.865661825537536
,14.776229911448596
,14.48472787888894
,14.476630600206725
,14.428046928113446
,14.436144206795667
,14.46853332152451
,14.476630600206725
,18.541464498677442
,17.723639351773976
,14.82481358354186
,12.41182453624252
,5.002814542018001
,0.15254461137266162
,-2.940615845232543
,-3.3130906646143217
,7.326733523813019
,14.387560534702388
,33.294706257668764
,61.94287823533689
,71.4652779656189
,64.06436525007659
,58.177643648108045
,58.16954636942583
,52.06419824303754
,41.14096930073276
,38.055906122809766
,40.09642035072734
,41.11667746468613
,50.93057922752777
,61.35177689153537
,87.27116595329787
,106.51030010223495
,104.97991443129678
,100.48592476266879
,88.68009244400285
,84.89866329940956
,77.04430297766336
,74.0483098652447
,75.91878124083581
,85.3683054629779
,91.65179372037487
,91.65989099905707
,102.06489410570025
,105.81393413556466
,102.06489410570025
,96.6883010607111
,95.71662761884558
,88.2023530017523
,88.9068162471048
,82.42899330133473
,79.99171241798874
,82.54235520288572
,81.79740556412214
,88.30761762462106
,90.59105021300502
,141.77394876327077
,147.45014111950178
,109.64394695225123
,92.84209368666012
,84.34804834901911
,77.31961045285858
,75.92687851951803
,76.6151472075061
,82.08081031799958
,87.32784690407334
,94.04858821030979
,96.28343712660046
,96.70449561807551
,89.42504208276641
,78.66375871410588
,65.68382098651911
,59.6351538109063
,41.19765025150825
,34.638854518916055
,31.408040324713234
,27.9747941634551
,25.270303083596097
,34.29067153558092
,53.40024922560262
,69.11706714777725
,66.22633865822735
,53.91847506126422
,35.20566402667094
,28.28249075337918
,20.841091644425816
,17.059662499832534
,18.37142164635098
,29.084121342918223
,51.70791798102019
,70.21019976987594
,77.05240025634558
,83.4492504152935
,69.03609436095512
,56.574382469029956
,51.246373096134064
,41.21384480887267
,24.71159085452343
,18.395713482397618
,19.08398217038568
,17.262094466887852
,19.869418202560304
,33.11656612666009
,63.991489741936675
,78.12124104239763
,79.2548600579074
,69.64339026212106
,62.963135349295676
,57.55415318957767
,53.45693017637811
,53.94276689731086
,62.258672103943184
,63.99958702061889
,81.0605532040408
,83.71646061180654
,87.4897924777176
,96.6883010607111
,85.91892041336835
,83.23062389087377
,81.58687631838461
,76.57466081409503
,78.08885192766878
,75.22241527416553
,76.79328733851477
,74.9390105202881
,75.14144248734341
,79.4410974675983
,87.26306867461564
,90.48578559013626
,94.97977525876423
,90.97971958975123
,85.66790477421976
,80.80144028621
,76.50988258463732
,75.05237242183907
,75.01998330711021
,80.8581212369855
,85.80555851181738
,87.4978897563998
,92.62346716224037
,112.2593679666059
,97.11745683086836
,86.46953536375881
,81.65975182652454
,75.55440370013623
,78.59088320596597
,75.09285881525012
,73.8539751768716
,73.33574934121
,72.90659357105272
,73.45720852144319
,76.66373087959937
,85.14158165987594
,86.51002175716987
,84.90676057809179
,78.50181314046162
,73.56247314431195
,66.93080190357985
,62.12101836634557
,67.01987196908418
,70.84178750708853
,84.0889354311883
,88.16996388702346
,88.98778903392692
,88.46956319826532
,87.47359792035317
,80.24272805713733
,75.66776560168722
,66.75266177257117
,63.384193840770735
,55.00351040468071
,48.75241126201259
,47.3434847713076
,47.3434847713076
,49.09249696666552
,55.270720601193716
,64.55020197100934
,65.52187541287485
,44.153156970515845
,28.922175769273977
,17.1649271227013
,14.970564599821692
,12.128419782365071
,11.731653126936664
,14.411852370749024
,26.08812823049957
,66.67168898574904
,74.76896766796162
,68.71220321366661
,60.50965990858526
,53.31927643878049
,27.966696884772887
,19.415970596356395
,14.031280272685038
,14.84100814090629
,14.45233876416009
,14.379463256020166
,15.399720369978958
,36.52552045187159
,73.27906839043452
,90.44529919672519
,97.10126227350392
,90.21857539362323
,84.04844903777725
,83.6921687757599
,76.83377373192585
,76.97142746952345
,78.26699205867746
,88.78535706687161
,99.10938738669265
,97.80572551885643
,101.7814893518228
,122.99635949921978
,103.5871824979562
,96.44538270024472
,91.88661480215903
,88.94730264051586
,84.88246874204515
,81.68404366257117
,79.97551786062432
,78.76092605829243
,78.69614782883473
,82.04032392458852
,100.44543836925773
,132.37300821322194
,130.98837355856358
,100.89888597546164
,89.77322506610155
,81.02006681062974
,75.19812343811888
,71.48956980166552
,71.12519226096596
,77.34390228890523
,89.39265296803755
,105.5062375456406
,124.65630162907335
,141.83062971404627
,112.02454688482172
,97.09316499482172
,90.1295053281189
,84.95534425018505
,83.98367080831954
,81.64355726916011
,80.45325730287486
,81.02006681062974
,82.35611779319481
,87.63554349399742
,102.5426335479508
,148.55137102028272
,152.97248518077078
,112.1379087863727
,97.70046089598766
,88.31571490330327
,81.48970897419808
,81.57877903970241
,80.77714845016337
,89.82180873819482
,102.55882810531521
,137.70911486480003
,163.1750563203586
,166.81073444867206
,119.91129632129679
,98.47779964948006
,94.93928886535318
,87.33594418275555
,88.73677339477833
,82.53425792420349
,81.06865048272302
,80.38038179473494
,79.79737772961565
,85.96750408546163
,99.71668328785859
,149.27202882299963
,151.30444577223497
,104.25115934989765
,93.82186440720784
,83.36018034978918
,79.75689133620457
,77.44106963309179
,78.096949206351
,87.4897924777176
,97.61139083048333
,120.74531602556468
,138.91560938844972
,118.31613242090091
,98.38063230529352
,91.25502706494645
,87.39262513353104
,81.42493074474037
,82.87434362885642
,79.84596140170892
,78.38035396022843
,80.85002395830328
,82.45328513738137
,87.40881969089547
,101.5142791553098
,126.1704927426471
,135.83054621052673
,107.79776741270676
,95.48990381574363
,85.68409933158419
,81.26298517109612
,77.95119819007117
,80.29131172923061
,88.80155162423603
,105.69247495533149
,112.16220062241933
,112.56706455652997
,114.20271485033692
,111.044776164274
,104.59934233323278
,102.77745462973495
,94.04858821030979
,99.06890099328159
,94.63159227542909
,93.00403926030437
,92.15382499867204
,93.48987598123712
,97.03648404404623
,103.46572331772303
,111.86260131117747
,115.30394475111783
,105.9596851518445
,91.31980529440415
,84.05654631645946
,78.37225668154622
,76.8742601253369
,78.3560621241818
,83.70836333312432
,95.84618407776098
,114.51041144026098
,127.41747365970784
,111.93547681931739
,99.15797105878593
,88.29142306725664
,86.0160877575549
,80.91480218776097
,84.9229551354562
,78.37225668154622
,71.659612653992
2045-10-27 02:00:00+01:00,71.36001334275012
2045-10-27 03:00:00+01:00,70.28307527801586
2045-10-27 04:00:00+01:00,70.16971337646488
2045-10-27 05:00:00+01:00,78.34796484549959
2045-10-27 06:00:00+01:00,80.95528858117204
2045-10-27 07:00:00+01:00,86.30758979011455
2045-10-27 08:00:00+01:00,78.50991041914384
2045-10-27 09:00:00+01:00,72.07257386678484
2045-10-27 10:00:00+01:00,54.54196551979459
2045-10-27 11:00:00+01:00,39.58629179374795
2045-10-27 12:00:00+01:00,35.837251763883515
2045-10-27 13:00:00+01:00,35.68340346892148
2045-10-27 14:00:00+01:00,49.141080638758794
2045-10-27 15:00:00+01:00,88.12138021493018
2045-10-27 16:00:00+01:00,106.34025724990849
2045-10-27 17:00:00+01:00,118.40520248640524
2045-10-27 18:00:00+01:00,126.13000634923603
2045-10-27 19:00:00+01:00,120.08133917362323
2045-10-27 20:00:00+01:00,109.80589252589547
2045-10-27 21:00:00+01:00,105.14995728362325
2045-10-27 22:00:00+01:00,102.00821315492476
2045-10-27 23:00:00+01:00,94.29150657077616
2045-10-28 00:00:00+01:00,91.33599985176858
2045-10-28 01:00:00+01:00,88.31571490330327
2045-10-28 02:00:00+01:00,86.02418503623711
2045-10-28 03:00:00+01:00,83.33588851374253
2045-10-28 04:00:00+01:00,85.60312654476206
2045-10-28 05:00:00+01:00,93.87854535798333
2045-10-28 06:00:00+01:00,110.9152197053586
2045-10-28 07:00:00+01:00,125.04497100581958
2045-10-28 08:00:00+01:00,123.16640235154622
2045-10-28 09:00:00+01:00,108.15404767472411
2045-10-28 10:00:00+01:00,100.60738394290199
2045-10-28 11:00:00+01:00,95.31176368473496
2045-10-28 12:00:00+01:00,97.06077588009286
2045-10-28 13:00:00+01:00,97.95147653513627
2045-10-28 14:00:00+01:00,105.14995728362325
2045-10-28 15:00:00+01:00,111.59539111466447
2045-10-28 16:00:00+01:00,132.08960345934452
2045-10-28 17:00:00+01:00,157.51505852149202
2045-10-28 18:00:00+01:00,159.85517206065146
2045-10-28 19:00:00+01:00,141.56341951753322
2045-10-28 20:00:00+01:00,115.60354406235969
2045-10-28 21:00:00+01:00,108.82612180534775
2045-10-28 22:00:00+01:00,104.68841239873711
2045-10-28 23:00:00+01:00,96.85024663435534
2045-10-29 00:00:00+01:00,99.17416561615035
2045-10-29 01:00:00+01:00,97.06077588009286
2045-10-29 02:00:00+01:00,96.23485345450719
2045-10-29 03:00:00+01:00,95.70853034016336
2045-10-29 04:00:00+01:00,97.2713051258304
2045-10-29 05:00:00+01:00,105.36858380804298
2045-10-29 06:00:00+01:00,113.89501826041283
2045-10-29 07:00:00+01:00,137.81437948766882
2045-10-29 08:00:00+01:00,138.04110329077076
2045-10-29 09:00:00+01:00,121.3445146480484
2045-10-29 10:00:00+01:00,114.2674930797946
2045-10-29 11:00:00+01:00,109.61155783752237
2045-10-29 12:00:00+01:00,105.07708177548332
2045-10-29 13:00:00+01:00,106.12972800417097
2045-10-29 14:00:00+01:00,113.40918153948007
2045-10-29 15:00:00+01:00,127.85472670854733
2045-10-29 16:00:00+01:00,153.04536068891068
2045-10-29 17:00:00+01:00,176.4303015231406
2045-10-29 18:00:00+01:00,148.05743702066772
2045-10-29 19:00:00+01:00,140.83466443613412
2045-10-29 20:00:00+01:00,120.29996569804298
2045-10-29 21:00:00+01:00,110.12978367318398
2045-10-29 22:00:00+01:00,106.69653751192584
2045-10-29 23:00:00+01:00,98.00006020722954
2045-10-30 00:00:00+01:00,101.902948532056
2045-10-30 01:00:00+01:00,97.89479558436076
2045-10-30 02:00:00+01:00,96.38060447078702
2045-10-30 03:00:00+01:00,96.21865889714276
2045-10-30 04:00:00+01:00,97.09316499482172
2045-10-30 05:00:00+01:00,105.41716748013626
2045-10-30 06:00:00+01:00,115.65212773445296
2045-10-30 07:00:00+01:00,141.75775420590634
2045-10-30 08:00:00+01:00,141.03709640318942
2045-10-30 09:00:00+01:00,121.18256907440416
2045-10-30 10:00:00+01:00,110.37270203365036
2045-10-30 11:00:00+01:00,106.3483545285907
2045-10-30 12:00:00+01:00,99.78955879599852
2045-10-30 13:00:00+01:00,102.6802872855484
2045-10-30 14:00:00+01:00,114.59948150576534
2045-10-30 15:00:00+01:00,131.7009340825983
2045-10-30 16:00:00+01:00,150.20321587145406
2045-10-30 17:00:00+01:00,148.08172885671436
2045-10-30 18:00:00+01:00,149.21534787222413
2045-10-30 19:00:00+01:00,146.06550646484342
2045-10-30 20:00:00+01:00,123.19069418759287
2045-10-30 21:00:00+01:00,114.36466042398116
2045-10-30 22:00:00+01:00,107.3686116425495
2045-10-30 23:00:00+01:00,100.56689754949092
2045-10-31 00:00:00+01:00,97.35227791265251
2045-10-31 01:00:00+01:00,95.11742899636185
2045-10-31 02:00:00+01:00,92.34815968704515
2045-10-31 03:00:00+01:00,90.82587129478918
2045-10-31 04:00:00+01:00,92.33196512968073
2045-10-31 05:00:00+01:00,95.50609837310805
2045-10-31 06:00:00+01:00,107.5710436096048
2045-10-31 07:00:00+01:00,116.11367261933907
2045-10-31 08:00:00+01:00,114.60757878444754
2045-10-31 09:00:00+01:00,105.71676679137812
2045-10-31 10:00:00+01:00,96.47777181497356
2045-10-31 11:00:00+01:00,93.61133516147031
2045-10-31 12:00:00+01:00,88.55053598508745
2045-10-31 13:00:00+01:00,89.02827542733797
2045-10-31 14:00:00+01:00,93.03642837503321
2045-10-31 15:00:00+01:00,99.72478056654082
2045-10-31 16:00:00+01:00,106.5993701677393
2045-10-31 17:00:00+01:00,116.54282838949635
2045-10-31 18:00:00+01:00,118.35661881431196
2045-10-31 19:00:00+01:00,108.03258849449091
2045-10-31 20:00:00+01:00,99.0122200425061
2045-10-31 21:00:00+01:00,93.85425352193668
2045-10-31 22:00:00+01:00,93.00403926030437
2045-10-31 23:00:00+01:00,84.83388506995186
2045-11-01 00:00:00+01:00,86.55860542926314
2045-11-01 01:00:00+01:00,79.69211310674687
2045-11-01 02:00:00+01:00,78.33986756681738
2045-11-01 03:00:00+01:00,75.81351661796705
2045-11-01 04:00:00+01:00,75.18192888075447
2045-11-01 05:00:00+01:00,79.7083076641113
2045-11-01 06:00:00+01:00,87.97562919865035
2045-11-01 07:00:00+01:00,88.534341427723
2045-11-01 08:00:00+01:00,84.23468644746814
2045-11-01 09:00:00+01:00,71.17377593305923
2045-11-01 10:00:00+01:00,46.477075952310855
2045-11-01 11:00:00+01:00,42.69564680771758
2045-11-01 12:00:00+01:00,38.5903265158358
2045-11-01 13:00:00+01:00,38.072100680174195
2045-11-01 14:00:00+01:00,52.86582883257658
2045-11-01 15:00:00+01:00,78.4208403536395
2045-11-01 16:00:00+01:00,93.03642837503321
2045-11-01 17:00:00+01:00,103.81390630105817
2045-11-01 18:00:00+01:00,107.37670892123171
2045-11-01 19:00:00+01:00,104.55885593982173
2045-11-01 20:00:00+01:00,102.23493695802671
2045-11-01 21:00:00+01:00,94.3724793575983
2045-11-01 22:00:00+01:00,93.03642837503321
2045-11-01 23:00:00+01:00,88.914913525787
2045-11-02 00:00:00+01:00,89.86229513160588
2045-11-02 01:00:00+01:00,86.55050815058094
2045-11-02 02:00:00+01:00,86.46953536375881
2045-11-02 03:00:00+01:00,84.93914969282062
2045-11-02 04:00:00+01:00,86.44524352771217
2045-11-02 05:00:00+01:00,86.50192447848767
2045-11-02 06:00:00+01:00,92.92306647348224
2045-11-02 07:00:00+01:00,95.26318001264167
2045-11-02 08:00:00+01:00,95.2064990618662
2045-11-02 09:00:00+01:00,91.91900391688787
2045-11-02 10:00:00+01:00,86.48572992112324
2045-11-02 11:00:00+01:00,85.79746123313517
2045-11-02 12:00:00+01:00,82.64761982575448
2045-11-02 13:00:00+01:00,84.93914969282062
2045-11-02 14:00:00+01:00,92.45342430991391
2045-11-02 15:00:00+01:00,105.41716748013626
2045-11-02 16:00:00+01:00,118.25945147012541
2045-11-02 17:00:00+01:00,130.25152119848224
2045-11-02 18:00:00+01:00,131.765712312056
2045-11-02 19:00:00+01:00,122.43764727014712
2045-11-02 20:00:00+01:00,107.14188783944753
2045-11-02 21:00:00+01:00,102.55882810531521
2045-11-02 22:00:00+01:00,101.15799889329244
2045-11-02 23:00:00+01:00,95.96764325799417
2045-11-03 00:00:00+01:00,95.19840178318398
2045-11-03 01:00:00+01:00,94.5668140459714
2045-11-03 02:00:00+01:00,94.57491132465361
2045-11-03 03:00:00+01:00,93.02833109635101
2045-11-03 04:00:00+01:00,92.22670050681195
2045-11-03 05:00:00+01:00,92.99594198162215
2045-11-03 06:00:00+01:00,93.65991883356358
2045-11-03 07:00:00+01:00,94.3724793575983
2045-11-03 08:00:00+01:00,88.29952034593886
2045-11-03 09:00:00+01:00,78.74473150092801
2045-11-03 10:00:00+01:00,61.08456669502236
2045-11-03 11:00:00+01:00,51.57026424342257
2045-11-03 12:00:00+01:00,51.327345882956195
2045-11-03 13:00:00+01:00,50.890092834116714
2045-11-03 14:00:00+01:00,73.7244187179562
2045-11-03 15:00:00+01:00,94.55061948860697
2045-11-03 16:00:00+01:00,107.90303203557552
2045-11-03 17:00:00+01:00,119.97607455075448
2045-11-03 18:00:00+01:00,123.63604451511458
2045-11-03 19:00:00+01:00,115.70071140654625
2045-11-03 20:00:00+01:00,108.20263134681738
2045-11-03 21:00:00+01:00,104.33213213671976
2045-11-03 22:00:00+01:00,100.80171863127508
2045-11-03 23:00:00+01:00,96.29153440528268
2045-11-04 00:00:00+01:00,93.23886034208853
2045-11-04 01:00:00+01:00,92.65585627696922
2045-11-04 02:00:00+01:00,92.32386785099851
2045-11-04 03:00:00+01:00,92.75302362115578
2045-11-04 04:00:00+01:00,94.54252220992475
2045-11-04 05:00:00+01:00,97.31179151924147
2045-11-04 06:00:00+01:00,112.56706455652997
2045-11-04 07:00:00+01:00,128.25959064265797
2045-11-04 08:00:00+01:00,125.83040703799419
2045-11-04 09:00:00+01:00,110.99619249218074
2045-11-04 10:00:00+01:00,104.65602328400828
2045-11-04 11:00:00+01:00,98.68832889521761
2045-11-04 12:00:00+01:00,96.75307929016878
2045-11-04 13:00:00+01:00,99.55473771421434
2045-11-04 14:00:00+01:00,107.32002797045621
2045-11-04 15:00:00+01:00,126.70491313567314
2045-11-04 16:00:00+01:00,143.95211672878594
2045-11-04 17:00:00+01:00,144.25171604002782
2045-11-04 18:00:00+01:00,156.10613203078702
2045-11-04 19:00:00+01:00,151.43400223115037
2045-11-04 20:00:00+01:00,124.41338326860699
2045-11-04 21:00:00+01:00,108.20263134681738
2045-11-04 22:00:00+01:00,104.0973110549356
2045-11-04 23:00:00+01:00,98.52638332157335
2045-11-05 00:00:00+01:00,98.06483843668724
2045-11-05 01:00:00+01:00,97.31179151924147
2045-11-05 02:00:00+01:00,97.10126227350392
2045-11-05 03:00:00+01:00,96.3077289626471
2045-11-05 04:00:00+01:00,96.5020636510202
2045-11-05 05:00:00+01:00,98.70452345258202
2045-11-05 06:00:00+01:00,116.64809301236511
2045-11-05 07:00:00+01:00,137.555266569838
2045-11-05 08:00:00+01:00,130.75355247677942
2045-11-05 09:00:00+01:00,112.43750809761457
2045-11-05 10:00:00+01:00,101.38472269639439
2045-11-05 11:00:00+01:00,97.29559696187704
2045-11-05 12:00:00+01:00,95.67614122543452
2045-11-05 13:00:00+01:00,96.60732827388895
2045-11-05 14:00:00+01:00,104.26735390726208
2045-11-05 15:00:00+01:00,131.80619870546707
2045-11-05 16:00:00+01:00,171.70149077272845
2045-11-05 17:00:00+01:00,167.35325212038032
2045-11-05 18:00:00+01:00,173.5233784762263
2045-11-05 19:00:00+01:00,170.33305067543455
2045-11-05 20:00:00+01:00,146.93191528384017
2045-11-05 21:00:00+01:00,121.38500104145947
2045-11-05 22:00:00+01:00,109.02045649372087
2045-11-05 23:00:00+01:00,104.25925662857986
2045-11-06 00:00:00+01:00,104.69650967741934
2045-11-06 01:00:00+01:00,101.93533764678486
2045-11-06 02:00:00+01:00,101.09322066383473
2045-11-06 03:00:00+01:00,101.14180433592801
2045-11-06 04:00:00+01:00,102.00011587624255
2045-11-06 05:00:00+01:00,110.78566324644319
2045-11-06 06:00:00+01:00,129.27984775661673
2045-11-06 07:00:00+01:00,139.4338352241113
2045-11-06 08:00:00+01:00,151.23966754277728
2045-11-06 09:00:00+01:00,137.51478017642694
2045-11-06 10:00:00+01:00,124.8749281534931
2045-11-06 11:00:00+01:00,119.76554530501696
2045-11-06 12:00:00+01:00,114.46182776816772
2045-11-06 13:00:00+01:00,118.891039207338
2045-11-06 14:00:00+01:00,129.09361034692586
2045-11-06 15:00:00+01:00,132.75358031128593
2045-11-06 16:00:00+01:00,139.84679643690419
2045-11-06 17:00:00+01:00,148.9481376757111
2045-11-06 18:00:00+01:00,151.26395937882393
2045-11-06 19:00:00+01:00,149.68499003579245
2045-11-06 20:00:00+01:00,131.74142047600935
2045-11-06 21:00:00+01:00,126.23527097210481
2045-11-06 22:00:00+01:00,113.86262914568397
2045-11-06 23:00:00+01:00,106.74512118401913
2045-11-07 00:00:00+01:00,99.49805676343885
2045-11-07 01:00:00+01:00,97.0850677161395
2045-11-07 02:00:00+01:00,95.70853034016336
2045-11-07 03:00:00+01:00,96.11339427427399
2045-11-07 04:00:00+01:00,96.01622693008744
2045-11-07 05:00:00+01:00,101.57905738476748
2045-11-07 06:00:00+01:00,120.87487248448008
2045-11-07 07:00:00+01:00,131.57947490236512
2045-11-07 08:00:00+01:00,133.77383742524472
2045-11-07 09:00:00+01:00,126.19478457869374
2045-11-07 10:00:00+01:00,117.33636170035318
2045-11-07 11:00:00+01:00,111.83021219644863
2045-11-07 12:00:00+01:00,108.62368983829244
2045-11-07 13:00:00+01:00,111.19052718055383
2045-11-07 14:00:00+01:00,120.54288405850937
2045-11-07 15:00:00+01:00,126.98831788955057
2045-11-07 16:00:00+01:00,140.28404948574365
2045-11-07 17:00:00+01:00,144.0411867942903
2045-11-07 18:00:00+01:00,148.46230095477836
2045-11-07 19:00:00+01:00,142.59177391017423
2045-11-07 20:00:00+01:00,128.7535246422729
2045-11-07 21:00:00+01:00,109.78160068984884
2045-11-07 22:00:00+01:00,103.50620971113409
2045-11-07 23:00:00+01:00,98.9474418130484
2045-11-08 00:00:00+01:00,98.68832889521761
2045-11-08 01:00:00+01:00,97.36037519133474
2045-11-08 02:00:00+01:00,96.97170581458853
2045-11-08 03:00:00+01:00,96.49396637233798
2045-11-08 04:00:00+01:00,97.06887315877509
2045-11-08 05:00:00+01:00,99.53854315684993
2045-11-08 06:00:00+01:00,111.21481901660047
2045-11-08 07:00:00+01:00,132.3406190984931
2045-11-08 08:00:00+01:00,134.1463122446265
2045-11-08 09:00:00+01:00,117.61976645423061
2045-11-08 10:00:00+01:00,107.40100075727834
2045-11-08 11:00:00+01:00,102.39688253167097
2045-11-08 12:00:00+01:00,98.86646902622627
2045-11-08 13:00:00+01:00,98.73691256731088
2045-11-08 14:00:00+01:00,101.05273427042368
2045-11-08 15:00:00+01:00,108.71275990379678
2045-11-08 16:00:00+01:00,121.9275187131677
2045-11-08 17:00:00+01:00,132.0167279512046
2045-11-08 18:00:00+01:00,127.90331038064062
2045-11-08 19:00:00+01:00,116.0650889472458
2045-11-08 20:00:00+01:00,107.06091505262542
2045-11-08 21:00:00+01:00,100.67216217235969
2045-11-08 22:00:00+01:00,99.54664043553214
2045-11-08 23:00:00+01:00,96.27533984791825
2045-11-09 00:00:00+01:00,103.07705394097682
2045-11-09 01:00:00+01:00,101.40901453244103
2045-11-09 02:00:00+01:00,99.61951594367206
2045-11-09 03:00:00+01:00,97.89479558436076
2045-11-09 04:00:00+01:00,97.63568266652996
2045-11-09 05:00:00+01:00,97.90289286304298
2045-11-09 06:00:00+01:00,100.48592476266879
2045-11-09 07:00:00+01:00,102.31590974484884
2045-11-09 08:00:00+01:00,103.21470767857444
2045-11-09 09:00:00+01:00,102.931302924697
2045-11-09 10:00:00+01:00,100.53450843476207
2045-11-09 11:00:00+01:00,98.85027446886185
2045-11-09 12:00:00+01:00,96.2429507331894
2045-11-09 13:00:00+01:00,96.1214915529562
2045-11-09 14:00:00+01:00,100.86649686073278
2045-11-09 15:00:00+01:00,111.54680744257118
2045-11-09 16:00:00+01:00,123.86276831821652
2045-11-09 17:00:00+01:00,139.83869915822194
2045-11-09 18:00:00+01:00,141.2800147636558
2045-11-09 19:00:00+01:00,130.42966132949093
2045-11-09 20:00:00+01:00,117.89507392942585
2045-11-09 21:00:00+01:00,109.97593537822195
2045-11-09 22:00:00+01:00,107.67630823247356
2045-11-09 23:00:00+01:00,102.80174646578159
2045-11-10 00:00:00+01:00,102.02440771228919
2045-11-10 01:00:00+01:00,100.38066013980003
2045-11-10 02:00:00+01:00,99.5304458781677
2045-11-10 03:00:00+01:00,99.71668328785859
2045-11-10 04:00:00+01:00,99.10938738669265
2045-11-10 05:00:00+01:00,99.56283499289655
2045-11-10 06:00:00+01:00,101.19038800802129
2045-11-10 07:00:00+01:00,102.68838456423062
2045-11-10 08:00:00+01:00,104.30784030067313
2045-11-10 09:00:00+01:00,103.93536548129136
2045-11-10 10:00:00+01:00,102.00011587624255
2045-11-10 11:00:00+01:00,101.99201859756033
2045-11-10 12:00:00+01:00,101.06083154910588
2045-11-10 13:00:00+01:00,100.52641115607986
2045-11-10 14:00:00+01:00,101.01224787701261
2045-11-10 15:00:00+01:00,110.0083244929508
2045-11-10 16:00:00+01:00,117.31206986430655
2045-11-10 17:00:00+01:00,133.40945988454516
2045-11-10 18:00:00+01:00,130.61589873918183
2045-11-10 19:00:00+01:00,122.00849149998984
2045-11-10 20:00:00+01:00,117.44972360190417
2045-11-10 21:00:00+01:00,109.9516435421753
2045-11-10 22:00:00+01:00,109.40912587046705
2045-11-10 23:00:00+01:00,103.59527977663842
2045-11-11 00:00:00+01:00,99.48995948475664
2045-11-11 01:00:00+01:00,97.88669830567855
2045-11-11 02:00:00+01:00,96.80166296226207
2045-11-11 03:00:00+01:00,95.48990381574363
2045-11-11 04:00:00+01:00,96.06481060218073
2045-11-11 05:00:00+01:00,99.66809961576531
2045-11-11 06:00:00+01:00,112.51848088443668
2045-11-11 07:00:00+01:00,126.47009205388898
2045-11-11 08:00:00+01:00,130.30820214925774
2045-11-11 09:00:00+01:00,123.23118058100394
2045-11-11 10:00:00+01:00,116.68857940577618
2045-11-11 11:00:00+01:00,114.48611960421437
2045-11-11 12:00:00+01:00,109.98403265690416
2045-11-11 13:00:00+01:00,110.72898229566772
2045-11-11 14:00:00+01:00,114.05696383405709
2045-11-11 15:00:00+01:00,122.16233979495189
2045-11-11 16:00:00+01:00,127.57132195466988
2045-11-11 17:00:00+01:00,136.88319243921435
2045-11-11 18:00:00+01:00,137.02084617681197
2045-11-11 19:00:00+01:00,125.95996349690958
2045-11-11 20:00:00+01:00,114.04886655537487
2045-11-11 21:00:00+01:00,109.66014150961564
2045-11-11 22:00:00+01:00,107.00423410184992
2045-11-11 23:00:00+01:00,101.95153220414927
2045-11-12 00:00:00+01:00,101.76529479445838
2045-11-12 01:00:00+01:00,99.64380777971868
2045-11-12 02:00:00+01:00,98.66403705917097
2045-11-12 03:00:00+01:00,98.30775679715362
2045-11-12 04:00:00+01:00,100.59928666421976
2045-11-12 05:00:00+01:00,104.04872738284233
2045-11-12 06:00:00+01:00,125.06926284186622
2045-11-12 07:00:00+01:00,148.66473292183366
2045-11-12 08:00:00+01:00,159.19119520871004
2045-11-12 09:00:00+01:00,142.3974392218011
2045-11-12 10:00:00+01:00,130.76974703414385
2045-11-12 11:00:00+01:00,128.71303824886186
2045-11-12 12:00:00+01:00,123.9761302197675
2045-11-12 13:00:00+01:00,126.98022061086837
2045-11-12 14:00:00+01:00,132.2839381477176
2045-11-12 15:00:00+01:00,143.31243171289114
2045-11-12 16:00:00+01:00,148.64044108578702
2045-11-12 17:00:00+01:00,144.7618445970072
2045-11-12 18:00:00+01:00,142.85088682800503
2045-11-12 19:00:00+01:00,144.00070040087923
2045-11-12 20:00:00+01:00,132.19486808221328
2045-11-12 21:00:00+01:00,119.4578487150929
2045-11-12 22:00:00+01:00,115.0934155053803
2045-11-12 23:00:00+01:00,109.41722314914927
2045-11-13 00:00:00+01:00,106.66414839719698
2045-11-13 01:00:00+01:00,104.42120220222411
2045-11-13 02:00:00+01:00,102.98798387547248
2045-11-13 03:00:00+01:00,102.76935735105273
2045-11-13 04:00:00+01:00,103.78151718632931
2045-11-13 05:00:00+01:00,111.50632104916012
2045-11-13 06:00:00+01:00,127.92760221668723
2045-11-13 07:00:00+01:00,154.69720554008205
2045-11-13 08:00:00+01:00,159.52318363468072
2045-11-13 09:00:00+01:00,148.85097033152454
2045-11-13 10:00:00+01:00,147.70925403733258
2045-11-13 11:00:00+01:00,147.87929688965903
2045-11-13 12:00:00+01:00,138.6483991919367
2045-11-13 13:00:00+01:00,137.76579581557553
2045-11-13 14:00:00+01:00,141.020901845825
2045-11-13 15:00:00+01:00,147.19102820167097
2045-11-13 16:00:00+01:00,162.47869035368834
2045-11-13 17:00:00+01:00,168.35731467697468
2045-11-13 18:00:00+01:00,170.20349421651912
2045-11-13 19:00:00+01:00,145.84687994042372
2045-11-13 20:00:00+01:00,128.5429953965354
2045-11-13 21:00:00+01:00,114.61567606312975
2045-11-13 22:00:00+01:00,110.25124285341717
2045-11-13 23:00:00+01:00,103.86248997315144
2045-11-14 00:00:00+01:00,108.39696603519049
2045-11-14 01:00:00+01:00,105.79773957820025
2045-11-14 02:00:00+01:00,104.33213213671976
2045-11-14 03:00:00+01:00,103.74912807160047
2045-11-14 04:00:00+01:00,103.50620971113409
2045-11-14 05:00:00+01:00,111.67636390148658
2045-11-14 06:00:00+01:00,119.05298478098226
2045-11-14 07:00:00+01:00,126.2271736934226
2045-11-14 08:00:00+01:00,131.52279395158965
2045-11-14 09:00:00+01:00,129.16648585506576
2045-11-14 10:00:00+01:00,119.7979344197458
2045-11-14 11:00:00+01:00,118.08940861779894
2045-11-14 12:00:00+01:00,115.91933793096598
2045-11-14 13:00:00+01:00,116.44566104530979
2045-11-14 14:00:00+01:00,120.59146773060266
2045-11-14 15:00:00+01:00,128.84259470777727
2045-11-14 16:00:00+01:00,140.5107732888456
2045-11-14 17:00:00+01:00,146.98049895593346
2045-11-14 18:00:00+01:00,145.74971259623715
2045-11-14 19:00:00+01:00,139.12613863418724
2045-11-14 20:00:00+01:00,121.36880648409505
2045-11-14 21:00:00+01:00,115.57925222631306
2045-11-14 22:00:00+01:00,113.40918153948007
2045-11-14 23:00:00+01:00,107.37670892123171
2045-11-15 00:00:00+01:00,104.8017743002881
2045-11-15 01:00:00+01:00,103.74103079291825
2045-11-15 02:00:00+01:00,102.56692538399741
2045-11-15 03:00:00+01:00,101.24706895879677
2045-11-15 04:00:00+01:00,102.01631043360698
2045-11-15 05:00:00+01:00,106.55078649564601
2045-11-15 06:00:00+01:00,114.00028288328159
2045-11-15 07:00:00+01:00,129.02073483878596
2045-11-15 08:00:00+01:00,135.70098975161133
2045-11-15 09:00:00+01:00,126.33243831629136
2045-11-15 10:00:00+01:00,119.38497320695296
2045-11-15 11:00:00+01:00,115.91124065228377
2045-11-15 12:00:00+01:00,113.90311553909504
2045-11-15 13:00:00+01:00,113.95979648987054
2045-11-15 14:00:00+01:00,116.567120225543
2045-11-15 15:00:00+01:00,124.38099415387812
2045-11-15 16:00:00+01:00,130.49443955894864
2045-11-15 17:00:00+01:00,133.66857280237596
2045-11-15 18:00:00+01:00,127.62800290544538
2045-11-15 19:00:00+01:00,125.40125126783693
2045-11-15 20:00:00+01:00,121.13398540231088
2045-11-15 21:00:00+01:00,116.50234199608528
2045-11-15 22:00:00+01:00,113.56302983444212
2045-11-15 23:00:00+01:00,108.25931229759287
2045-11-16 00:00:00+01:00,107.50626538014711
2045-11-16 01:00:00+01:00,103.93536548129136
2045-11-16 02:00:00+01:00,101.91914308942042
2045-11-16 03:00:00+01:00,101.06083154910588
2045-11-16 04:00:00+01:00,100.85030230336837
2045-11-16 05:00:00+01:00,101.69241928631847
2045-11-16 06:00:00+01:00,112.54277272048333
2045-11-16 07:00:00+01:00,112.53467544180111
2045-11-16 08:00:00+01:00,112.5265781631189
2045-11-16 09:00:00+01:00,113.53064071971326
2045-11-16 10:00:00+01:00,107.4414871506894
2045-11-16 11:00:00+01:00,101.22277712275013
2045-11-16 12:00:00+01:00,98.89885814095513
2045-11-16 13:00:00+01:00,100.28349279561348
2045-11-16 14:00:00+01:00,108.85851092007661
2045-11-16 15:00:00+01:00,115.58734950499527
2045-11-16 16:00:00+01:00,116.3161045863944
2045-11-16 17:00:00+01:00,120.03275550152996
2045-11-16 18:00:00+01:00,122.47003638487595
2045-11-16 19:00:00+01:00,120.21089563253867
2045-11-16 20:00:00+01:00,119.6764752395126
2045-11-16 21:00:00+01:00,114.98815088251152
2045-11-16 22:00:00+01:00,109.6196551162046
2045-11-16 23:00:00+01:00,105.99207426657335
2045-11-17 00:00:00+01:00,109.06094288713192
2045-11-17 01:00:00+01:00,108.02449121580871
2045-11-17 02:00:00+01:00,106.00826882393777
2045-11-17 03:00:00+01:00,104.226867513851
2045-11-17 04:00:00+01:00,104.0244355467957
2045-11-17 05:00:00+01:00,105.0608872181189
2045-11-17 06:00:00+01:00,108.31599324836836
2045-11-17 07:00:00+01:00,108.88280275612325
2045-11-17 08:00:00+01:00,108.35647964177943
2045-11-17 09:00:00+01:00,108.89899731348767
2045-11-17 10:00:00+01:00,107.02852593789656
2045-11-17 11:00:00+01:00,106.01636610261998
2045-11-17 12:00:00+01:00,105.06898449680111
2045-11-17 13:00:00+01:00,104.18638112043993
2045-11-17 14:00:00+01:00,105.97587970920893
2045-11-17 15:00:00+01:00,114.23510396506576
2045-11-17 16:00:00+01:00,121.25544458254407
2045-11-17 17:00:00+01:00,122.9477758271265
2045-11-17 18:00:00+01:00,120.85867792711565
2045-11-17 19:00:00+01:00,120.94774799262001
2045-11-17 20:00:00+01:00,117.94365760151913
2045-11-17 21:00:00+01:00,114.88288625964276
2045-11-17 22:00:00+01:00,113.15816590033148
2045-11-17 23:00:00+01:00,110.27553468946381
2045-11-18 00:00:00+01:00,106.63985656115035
2045-11-18 01:00:00+01:00,105.635794004556
2045-11-18 02:00:00+01:00,104.30784030067313
2045-11-18 03:00:00+01:00,105.04469266075448
2045-11-18 04:00:00+01:00,106.55078649564601
2045-11-18 05:00:00+01:00,111.70065573753322
2045-11-18 06:00:00+01:00,120.85058064843345
2045-11-18 07:00:00+01:00,135.92771355471328
2045-11-18 08:00:00+01:00,138.850831158992
2045-11-18 09:00:00+01:00,127.87901854459398
2045-11-18 10:00:00+01:00,122.96397038449092
2045-11-18 11:00:00+01:00,119.97607455075448
2045-11-18 12:00:00+01:00,117.58737733950177
2045-11-18 13:00:00+01:00,120.85058064843345
2045-11-18 14:00:00+01:00,127.72517024963192
2045-11-18 15:00:00+01:00,138.35689715937707
2045-11-18 16:00:00+01:00,132.37300821322194
2045-11-18 17:00:00+01:00,148.70521931524473
2045-11-18 18:00:00+01:00,161.58798969864495
2045-11-18 19:00:00+01:00,153.99274229472957
2045-11-18 20:00:00+01:00,124.1704649081406
2045-11-18 21:00:00+01:00,123.66843362984342
2045-11-18 22:00:00+01:00,122.50242549960481
2045-11-18 23:00:00+01:00,117.9355603228369
2045-11-19 00:00:00+01:00,111.37676459024472
2045-11-19 01:00:00+01:00,108.72895446116121
2045-11-19 02:00:00+01:00,106.82609397084124
2045-11-19 03:00:00+01:00,105.3766810867252
2045-11-19 04:00:00+01:00,107.20666606890524
2045-11-19 05:00:00+01:00,111.72494757357985
2045-11-19 06:00:00+01:00,125.98425533295622
2045-11-19 07:00:00+01:00,137.1665971930918
2045-11-19 08:00:00+01:00,139.12613863418724
2045-11-19 09:00:00+01:00,136.04107545626425
2045-11-19 10:00:00+01:00,127.53083556125883
2045-11-19 11:00:00+01:00,125.4579322186124
2045-11-19 12:00:00+01:00,124.27572953100936
2045-11-19 13:00:00+01:00,127.40937638102564
2045-11-19 14:00:00+01:00,127.85472670854733
2045-11-19 15:00:00+01:00,139.90347738767966
2045-11-19 16:00:00+01:00,139.97635289581956
2045-11-19 17:00:00+01:00,141.4824467307111
2045-11-19 18:00:00+01:00,132.20296536089546
2045-11-19 19:00:00+01:00,126.36482743102022
2045-11-19 20:00:00+01:00,122.57530100774471
2045-11-19 21:00:00+01:00,112.5832591138944
2045-11-19 22:00:00+01:00,112.16220062241933
2045-11-19 23:00:00+01:00,109.46580682124255
2045-11-20 00:00:00+01:00,109.20669390341175
2045-11-20 01:00:00+01:00,106.68844023324363
2045-11-20 02:00:00+01:00,104.25115934989765
2045-11-20 03:00:00+01:00,103.57098794059179
2045-11-20 04:00:00+01:00,101.7167111223651
2045-11-20 05:00:00+01:00,105.97587970920893
2045-11-20 06:00:00+01:00,114.20271485033692
2045-11-20 07:00:00+01:00,125.44173766124797
2045-11-20 08:00:00+01:00,131.93575516438247
2045-11-20 09:00:00+01:00,125.41744582520133
2045-11-20 10:00:00+01:00,124.76966353062434
2045-11-20 11:00:00+01:00,123.40932071201263
2045-11-20 12:00:00+01:00,120.93155343525557
2045-11-20 13:00:00+01:00,121.33641736936619
2045-11-20 14:00:00+01:00,124.34050776046706
2045-11-20 15:00:00+01:00,130.38917493607988
2045-11-20 16:00:00+01:00,129.86285182173606
2045-11-20 17:00:00+01:00,133.73335103183365
2045-11-20 18:00:00+01:00,132.30822998376425
2045-11-20 19:00:00+01:00,125.62797507093887
2045-11-20 20:00:00+01:00,120.93965071393777
2045-11-20 21:00:00+01:00,113.57922439180655
2045-11-20 22:00:00+01:00,112.5832591138944
2045-11-20 23:00:00+01:00,110.0812000010907
2045-11-21 00:00:00+01:00,105.32809741463191
2045-11-21 01:00:00+01:00,104.30784030067313
2045-11-21 02:00:00+01:00,105.9596851518445
2045-11-21 03:00:00+01:00,105.35238925067856
2045-11-21 04:00:00+01:00,105.26331918517423
2045-11-21 05:00:00+01:00,110.23504829605275
2045-11-21 06:00:00+01:00,121.27163913990849
2045-11-21 07:00:00+01:00,126.4296056604779
2045-11-21 08:00:00+01:00,127.66039202017423
2045-11-21 09:00:00+01:00,122.96397038449092
2045-11-21 10:00:00+01:00,120.85058064843345
2045-11-21 11:00:00+01:00,122.8829975976688
2045-11-21 12:00:00+01:00,122.00849149998984
2045-11-21 13:00:00+01:00,125.62797507093887
2045-11-21 14:00:00+01:00,131.91956060701804
2045-11-21 15:00:00+01:00,135.87103260393778
2045-11-21 16:00:00+01:00,139.7496290927176
2045-11-21 17:00:00+01:00,154.4138007862046
2045-11-21 18:00:00+01:00,145.96024184197466
2045-11-21 19:00:00+01:00,135.5552387353315
2045-11-21 20:00:00+01:00,126.8101777585419
2045-11-21 21:00:00+01:00,118.50236983059179
2045-11-21 22:00:00+01:00,114.03267199801044
2045-11-21 23:00:00+01:00,107.49816810146488
2045-11-22 00:00:00+01:00,107.88683747821109
2045-11-22 01:00:00+01:00,106.76131574138354
2045-11-22 02:00:00+01:00,105.95158787316228
2045-11-22 03:00:00+01:00,105.9596851518445
2045-11-22 04:00:00+01:00,106.23499262703973
2045-11-22 05:00:00+01:00,110.02451905031522
2045-11-22 06:00:00+01:00,120.1218255670343
2045-11-22 07:00:00+01:00,128.51060628180656
2045-11-22 08:00:00+01:00,131.58757218104734
2045-11-22 09:00:00+01:00,130.14625657561348
2045-11-22 10:00:00+01:00,121.37690376277726
2045-11-22 11:00:00+01:00,120.03275550152996
2045-11-22 12:00:00+01:00,116.17845084879679
2045-11-22 13:00:00+01:00,118.1137004538456
2045-11-22 14:00:00+01:00,120.97203982866664
2045-11-22 15:00:00+01:00,124.49435605542911
2045-11-22 16:00:00+01:00,132.35681365585754
2045-11-22 17:00:00+01:00,129.1826804124302
2045-11-22 18:00:00+01:00,125.88708798876968
2045-11-22 19:00:00+01:00,125.4579322186124
2045-11-22 20:00:00+01:00,123.47409894147032
2045-11-22 21:00:00+01:00,123.11781867945297
2045-11-22 22:00:00+01:00,119.72505891160588
2045-11-22 23:00:00+01:00,114.00028288328159
2045-11-23 00:00:00+01:00,118.46998071586295
2045-11-23 01:00:00+01:00,115.02863727592259
2045-11-23 02:00:00+01:00,111.83830947513084
2045-11-23 03:00:00+01:00,111.37676459024472
2045-11-23 04:00:00+01:00,110.29172924682823
2045-11-23 05:00:00+01:00,113.58732167048876
2045-11-23 06:00:00+01:00,122.18663163099853
2045-11-23 07:00:00+01:00,123.29595881046163
2045-11-23 08:00:00+01:00,123.8465737608521
2045-11-23 09:00:00+01:00,123.11781867945297
2045-11-23 10:00:00+01:00,120.6319541240137
2045-11-23 11:00:00+01:00,114.36466042398116
2045-11-23 12:00:00+01:00,111.31198636078702
2045-11-23 13:00:00+01:00,111.62778022939331
2045-11-23 14:00:00+01:00,118.07321406043452
2045-11-23 15:00:00+01:00,127.3203063155213
2045-11-23 16:00:00+01:00,131.29607014848767
2045-11-23 17:00:00+01:00,131.28797286980546
2045-11-23 18:00:00+01:00,129.1907776911124
2045-11-23 19:00:00+01:00,127.23933352869916
2045-11-23 20:00:00+01:00,120.5023976650983
2045-11-23 21:00:00+01:00,118.06511678175231
2045-11-23 22:00:00+01:00,119.36068137090632
2045-11-23 23:00:00+01:00,111.62778022939331
2045-11-24 00:00:00+01:00,111.4901264917957
2045-11-24 01:00:00+01:00,112.46179993366121
2045-11-24 02:00:00+01:00,112.00025504877509
2045-11-24 03:00:00+01:00,110.81805236117205
2045-11-24 04:00:00+01:00,111.13384622977834
2045-11-24 05:00:00+01:00,112.34843803211024
2045-11-24 06:00:00+01:00,114.34846586661675
2045-11-24 07:00:00+01:00,115.7411977999573
2045-11-24 08:00:00+01:00,117.23109707748442
2045-11-24 09:00:00+01:00,115.38491753793996
2045-11-24 10:00:00+01:00,112.453702654979
2045-11-24 11:00:00+01:00,112.11361695032606
2045-11-24 12:00:00+01:00,111.63587750807551
2045-11-24 13:00:00+01:00,110.80995508248984
2045-11-24 14:00:00+01:00,111.66826662280437
2045-11-24 15:00:00+01:00,112.82617747436078
2045-11-24 16:00:00+01:00,121.5793357298326
2045-11-24 17:00:00+01:00,122.17853435231629
2045-11-24 18:00:00+01:00,125.70085057907878
2045-11-24 19:00:00+01:00,125.37695943179028
2045-11-24 20:00:00+01:00,120.7615105829291
2045-11-24 21:00:00+01:00,116.51043927476749
2045-11-24 22:00:00+01:00,115.37682025925773
2045-11-24 23:00:00+01:00,112.49418904839006
2045-11-25 00:00:00+01:00,113.13387406428485
2045-11-25 01:00:00+01:00,108.95567826426316
2045-11-25 02:00:00+01:00,107.09330416735426
2045-11-25 03:00:00+01:00,110.80185780380762
2045-11-25 04:00:00+01:00,111.02858160690957
2045-11-25 05:00:00+01:00,115.70071140654625
2045-11-25 06:00:00+01:00,124.02471389186077
2045-11-25 07:00:00+01:00,127.00451244691502
2045-11-25 08:00:00+01:00,126.70491313567314
2045-11-25 09:00:00+01:00,124.98019277636186
2045-11-25 10:00:00+01:00,122.87490031898659
2045-11-25 11:00:00+01:00,122.38906359805384
2045-11-25 12:00:00+01:00,121.4011955988239
2045-11-25 13:00:00+01:00,121.90322687712107
2045-11-25 14:00:00+01:00,122.87490031898659
2045-11-25 15:00:00+01:00,124.98829005504408
2045-11-25 16:00:00+01:00,127.56322467598767
2045-11-25 17:00:00+01:00,128.13813146242478
2045-11-25 18:00:00+01:00,129.66041985468073
2045-11-25 19:00:00+01:00,126.44580021784233
2045-11-25 20:00:00+01:00,124.58342612093344
2045-11-25 21:00:00+01:00,121.9113241558033
2045-11-25 22:00:00+01:00,120.18660379649202
2045-11-25 23:00:00+01:00,114.89098353832499
2045-11-26 00:00:00+01:00,113.9921856045994
2045-11-26 01:00:00+01:00,112.23507613055926
2045-11-26 02:00:00+01:00,109.1095265592252
2045-11-26 03:00:00+01:00,107.37670892123171
2045-11-26 04:00:00+01:00,107.61962728169809
2045-11-26 05:00:00+01:00,113.13387406428485
2045-11-26 06:00:00+01:00,125.33647303837921
2045-11-26 07:00:00+01:00,130.7940388701905
2045-11-26 08:00:00+01:00,131.7738095907382
2045-11-26 09:00:00+01:00,125.23120841551045
2045-11-26 10:00:00+01:00,122.55910645038028
2045-11-26 11:00:00+01:00,121.5793357298326
2045-11-26 12:00:00+01:00,118.98820655152454
2045-11-26 13:00:00+01:00,122.55910645038028
2045-11-26 14:00:00+01:00,123.72511458061891
2045-11-26 15:00:00+01:00,127.57132195466988
2045-11-26 16:00:00+01:00,131.7738095907382
2045-11-26 17:00:00+01:00,140.77798348535862
2045-11-26 18:00:00+01:00,145.88736633383473
2045-11-26 19:00:00+01:00,142.43792561521218
2045-11-26 20:00:00+01:00,130.7940388701905
2045-11-26 21:00:00+01:00,122.79392753216447
2045-11-26 22:00:00+01:00,120.59956500928485
2045-11-26 23:00:00+01:00,114.21890940770133
2045-11-27 00:00:00+01:00,106.68844023324363
2045-11-27 01:00:00+01:00,103.53859882586293
2045-11-27 02:00:00+01:00,102.34020158089548
2045-11-27 03:00:00+01:00,99.5304458781677
2045-11-27 04:00:00+01:00,103.5871824979562
2045-11-27 05:00:00+01:00,117.95985215888355
2045-11-27 06:00:00+01:00,137.83867132371543
2045-11-27 07:00:00+01:00,166.74595621921438
2045-11-27 08:00:00+01:00,176.63273349019593
2045-11-27 09:00:00+01:00,151.7012124276634
2045-11-27 10:00:00+01:00,147.88739416834125
2045-11-27 11:00:00+01:00,141.5310304028044
2045-11-27 12:00:00+01:00,128.32436887211566
2045-11-27 13:00:00+01:00,126.46199477520678
2045-11-27 14:00:00+01:00,126.43770293916013
2045-11-27 15:00:00+01:00,125.40934854651913
2045-11-27 16:00:00+01:00,127.60371106939874
2045-11-27 17:00:00+01:00,127.06929067637272
2045-11-27 18:00:00+01:00,134.4783006705972
2045-11-27 19:00:00+01:00,128.300077036069
2045-11-27 20:00:00+01:00,126.89115054536404
2045-11-27 21:00:00+01:00,120.58337045192042
2045-11-27 22:00:00+01:00,113.78165635886185
2045-11-27 23:00:00+01:00,108.51032793674146
2045-11-28 00:00:00+01:00,112.50228632707227
2045-11-28 01:00:00+01:00,112.15410334373712
2045-11-28 02:00:00+01:00,112.38082714683907
2045-11-28 03:00:00+01:00,112.47799449102564
2045-11-28 04:00:00+01:00,112.12171422900829
2045-11-28 05:00:00+01:00,112.48609176970783
2045-11-28 06:00:00+01:00,125.44173766124797
2045-11-28 07:00:00+01:00,126.27575736551587
2045-11-28 08:00:00+01:00,121.74128130347682
2045-11-28 09:00:00+01:00,120.85058064843345
2045-11-28 10:00:00+01:00,122.45384182751152
2045-11-28 11:00:00+01:00,126.21097913605817
2045-11-28 12:00:00+01:00,125.03687372713733
2045-11-28 13:00:00+01:00,126.01664444768508
2045-11-28 14:00:00+01:00,123.74940641666554
2045-11-28 15:00:00+01:00,123.40122343333041
2045-11-28 16:00:00+01:00,121.5793357298326
2045-11-28 17:00:00+01:00,127.08548523373713
2045-11-28 18:00:00+01:00,129.4498906089432
2045-11-28 19:00:00+01:00,128.68874641281525
2045-11-28 20:00:00+01:00,123.52268261356359
2045-11-28 21:00:00+01:00,121.23925002517964
2045-11-28 22:00:00+01:00,119.76554530501696
2045-11-28 23:00:00+01:00,112.80998291699635
2045-11-29 00:00:00+01:00,105.79773957820025
2045-11-29 01:00:00+01:00,104.0244355467957
2045-11-29 02:00:00+01:00,100.38875741848224
2045-11-29 03:00:00+01:00,99.75716968126966
2045-11-29 04:00:00+01:00,101.91914308942042
2045-11-29 05:00:00+01:00,108.42935514991933
2045-11-29 06:00:00+01:00,127.1259716271482
2045-11-29 07:00:00+01:00,153.37734911488138
2045-11-29 08:00:00+01:00,169.73385205295082
2045-11-29 09:00:00+01:00,148.92384583966447
2045-11-29 10:00:00+01:00,138.4621617822458
2045-11-29 11:00:00+01:00,133.02079050779895
2045-11-29 12:00:00+01:00,126.95592877482173
2045-11-29 13:00:00+01:00,126.05713084109615
2045-11-29 14:00:00+01:00,128.20290969188247
2045-11-29 15:00:00+01:00,140.72130253458312
2045-11-29 16:00:00+01:00,148.69712203656252
2045-11-29 17:00:00+01:00,147.62018397182825
2045-11-29 18:00:00+01:00,145.0695411869313
2045-11-29 19:00:00+01:00,133.20702791748985
2045-11-29 20:00:00+01:00,120.69673235347142
2045-11-29 21:00:00+01:00,114.76142707940957
2045-11-29 22:00:00+01:00,109.02855377240306
2045-11-29 23:00:00+01:00,106.09733888944211
2045-11-30 00:00:00+01:00,105.10137361152997
2045-11-30 01:00:00+01:00,103.39284780958312
2045-11-30 02:00:00+01:00,100.31588191034234
2045-11-30 03:00:00+01:00,99.71668328785859
2045-11-30 04:00:00+01:00,100.27539551693127
2045-11-30 05:00:00+01:00,102.73696823632389
2045-11-30 06:00:00+01:00,106.10543616812433
2045-11-30 07:00:00+01:00,108.98806737899201
2045-11-30 08:00:00+01:00,115.11770734142692
2045-11-30 09:00:00+01:00,107.77347557666012
2045-11-30 10:00:00+01:00,103.42523692431196
2045-11-30 11:00:00+01:00,100.50211932003322
2045-11-30 12:00:00+01:00,99.9191152549139
2045-11-30 13:00:00+01:00,100.1053526646048
2045-11-30 14:00:00+01:00,103.92726820260914
2045-11-30 15:00:00+01:00,116.14606173406793
2045-11-30 16:00:00+01:00,120.1137282883521
2045-11-30 17:00:00+01:00,126.20288185737596
2045-11-30 18:00:00+01:00,130.25961847716448
2045-11-30 19:00:00+01:00,122.69676018797792
2045-11-30 20:00:00+01:00,116.49424471740306
2045-11-30 21:00:00+01:00,110.54274488597682
2045-11-30 22:00:00+01:00,106.45361915145946
2045-11-30 23:00:00+01:00,103.85439269446923
2045-12-01 00:00:00+01:00,98.39682686265795
2045-12-01 01:00:00+01:00,95.78140584830328
2045-12-01 02:00:00+01:00,92.42103519518506
2045-12-01 03:00:00+01:00,91.43316719595512
2045-12-01 04:00:00+01:00,89.09305365679569
2045-12-01 05:00:00+01:00,90.056629819979
2045-12-01 06:00:00+01:00,86.7205510029074
2045-12-01 07:00:00+01:00,89.91897608238138
2045-12-01 08:00:00+01:00,95.27127729132388
2045-12-01 09:00:00+01:00,91.55462637618831
2045-12-01 10:00:00+01:00,89.57079309904623
2045-12-01 11:00:00+01:00,87.91894824787487
2045-12-01 12:00:00+01:00,88.56673054245186
2045-12-01 13:00:00+01:00,88.5262441490408
2045-12-01 14:00:00+01:00,91.65179372037487
2045-12-01 15:00:00+01:00,103.35236141617204
2045-12-01 16:00:00+01:00,118.17847868330328
2045-12-01 17:00:00+01:00,120.27567386199635
2045-12-01 18:00:00+01:00,118.17847868330328
2045-12-01 19:00:00+01:00,115.04483183328702
2045-12-01 20:00:00+01:00,116.03269983251695
2045-12-01 21:00:00+01:00,114.86669170227835
2045-12-01 22:00:00+01:00,110.4050911483792
2045-12-01 23:00:00+01:00,107.692502789838
2045-12-02 00:00:00+01:00,101.95153220414927
2045-12-02 01:00:00+01:00,95.83808679907878
2045-12-02 02:00:00+01:00,94.62349499674689
2045-12-02 03:00:00+01:00,96.16197794636727
2045-12-02 04:00:00+01:00,92.9635528668933
2045-12-02 05:00:00+01:00,101.20658256538572
2045-12-02 06:00:00+01:00,117.17441612670893
2045-12-02 07:00:00+01:00,129.976213723287
2045-12-02 08:00:00+01:00,132.10579801670895
2045-12-02 09:00:00+01:00,126.6806212996265
2045-12-02 10:00:00+01:00,124.38909143256035
2045-12-02 11:00:00+01:00,122.7615384174356
2045-12-02 12:00:00+01:00,120.04895005889439
2045-12-02 13:00:00+01:00,121.48216838564602
2045-12-02 14:00:00+01:00,124.64820435039115
2045-12-02 15:00:00+01:00,131.81429598414928
2045-12-02 16:00:00+01:00,131.5146966729074
2045-12-02 17:00:00+01:00,135.06130473571653
2045-12-02 18:00:00+01:00,134.76170542447466
2045-12-02 19:00:00+01:00,132.10579801670895
2045-12-02 20:00:00+01:00,126.6725240209443
2045-12-02 21:00:00+01:00,118.21086779803213
2045-12-02 22:00:00+01:00,109.60346055884017
2045-12-02 23:00:00+01:00,95.64375211070566
2045-12-03 00:00:00+01:00,108.48603610069483
2045-12-03 01:00:00+01:00,108.86660819875881
2045-12-03 02:00:00+01:00,108.87470547744104
2045-12-03 03:00:00+01:00,106.76941302006577
2045-12-03 04:00:00+01:00,107.40909803596055
2045-12-03 05:00:00+01:00,110.65610678752779
2045-12-03 06:00:00+01:00,125.21501385814602
2045-12-03 07:00:00+01:00,133.14224968803217
2045-12-03 08:00:00+01:00,137.06942984890526
2045-12-03 09:00:00+01:00,133.90339388416015
2045-12-03 10:00:00+01:00,131.28797286980546
2045-12-03 11:00:00+01:00,127.54703011862324
2045-12-03 12:00:00+01:00,124.56723156356902
2045-12-03 13:00:00+01:00,126.98022061086837
2045-12-03 14:00:00+01:00,133.07747145857445
2045-12-03 15:00:00+01:00,139.90347738767966
2045-12-03 16:00:00+01:00,172.25210572311892
2045-12-03 17:00:00+01:00,189.4102392507274
2045-12-03 18:00:00+01:00,170.80269283900287
2045-12-03 19:00:00+01:00,149.34490433113953
2045-12-03 20:00:00+01:00,135.71718430897573
2045-12-03 21:00:00+01:00,129.30413959266338
2045-12-03 22:00:00+01:00,125.37695943179028
2045-12-03 23:00:00+01:00,119.71696163292367
2045-12-04 00:00:00+01:00,118.89913648602021
2045-12-04 01:00:00+01:00,117.17441612670893
2045-12-04 02:00:00+01:00,114.92337265305383
2045-12-04 03:00:00+01:00,112.18649245846598
2045-12-04 04:00:00+01:00,113.73307268676858
2045-12-04 05:00:00+01:00,119.74935074765253
2045-12-04 06:00:00+01:00,134.08963129385103
2045-12-04 07:00:00+01:00,174.0416043118879
2045-12-04 08:00:00+01:00,201.97721576552132
2045-12-04 09:00:00+01:00,204.0906055015788
2045-12-04 10:00:00+01:00,172.32498123125885
2045-12-04 11:00:00+01:00,165.05362497463193
2045-12-04 12:00:00+01:00,160.7053863222838
2045-12-04 13:00:00+01:00,165.77428277734884
2045-12-04 14:00:00+01:00,196.92451386782068
2045-12-04 15:00:00+01:00,218.0503139497133
2045-12-04 16:00:00+01:00,208.72224890780438
2045-12-04 17:00:00+01:00,224.34189948579245
2045-12-04 18:00:00+01:00,188.82723518560806
2045-12-04 19:00:00+01:00,176.27645322817858
2045-12-04 20:00:00+01:00,150.13843764199635
2045-12-04 21:00:00+01:00,130.87501165701264
2045-12-04 22:00:00+01:00,123.95993566240308
2045-12-04 23:00:00+01:00,117.24729163484884
2045-12-05 00:00:00+01:00,107.73298918324906
2045-12-05 01:00:00+01:00,104.24306207121543
2045-12-05 02:00:00+01:00,102.4859525971753
2045-12-05 03:00:00+01:00,101.59525194213192
2045-12-05 04:00:00+01:00,101.53857099135642
2045-12-05 05:00:00+01:00,107.48197354410047
2045-12-05 06:00:00+01:00,120.95584527130221
2045-12-05 07:00:00+01:00,129.53896067444754
2045-12-05 08:00:00+01:00,133.12605513066774
2045-12-05 09:00:00+01:00,135.2475421454074
2045-12-05 10:00:00+01:00,131.3122647058521
2045-12-05 11:00:00+01:00,128.04906139692042
2045-12-05 12:00:00+01:00,122.891094876351
2045-12-05 13:00:00+01:00,124.00851933449636
2045-12-05 14:00:00+01:00,127.74136480699636
2045-12-05 15:00:00+01:00,125.03687372713733
2045-12-05 16:00:00+01:00,124.90731726822195
2045-12-05 17:00:00+01:00,124.58342612093344
2045-12-05 18:00:00+01:00,130.31629942793995
2045-12-05 19:00:00+01:00,126.61584307016881
2045-12-05 20:00:00+01:00,130.31629942793995
2045-12-05 21:00:00+01:00,124.00042205581414
2045-12-05 22:00:00+01:00,119.77364258369917
2045-12-05 23:00:00+01:00,113.04480399878051
2045-12-06 00:00:00+01:00,108.62368983829244
2045-12-06 01:00:00+01:00,105.10137361152997
2045-12-06 02:00:00+01:00,103.55479338322736
2045-12-06 03:00:00+01:00,103.14183217043453
2045-12-06 04:00:00+01:00,103.73293351423604
2045-12-06 05:00:00+01:00,108.63178711697466
2045-12-06 06:00:00+01:00,119.72505891160588
2045-12-06 07:00:00+01:00,126.51867572598226
2045-12-06 08:00:00+01:00,129.4255987728966
2045-12-06 09:00:00+01:00,125.36076487442585
2045-12-06 10:00:00+01:00,122.91538671239763
2045-12-06 11:00:00+01:00,120.54288405850937
2045-12-06 12:00:00+01:00,111.70065573753322
2045-12-06 13:00:00+01:00,120.54288405850937
2045-12-06 14:00:00+01:00,123.8465737608521
2045-12-06 15:00:00+01:00,124.81014992403539
2045-12-06 16:00:00+01:00,123.83847648216988
2045-12-06 17:00:00+01:00,127.36079270893237
2045-12-06 18:00:00+01:00,131.47421027949636
2045-12-06 19:00:00+01:00,127.66039202017423
2045-12-06 20:00:00+01:00,123.8465737608521
2045-12-06 21:00:00+01:00,117.96794943756576
2045-12-06 22:00:00+01:00,120.13802012439874
2045-12-06 23:00:00+01:00,111.64397478675774
2045-12-07 00:00:00+01:00,111.38486186892692
2045-12-07 01:00:00+01:00,108.97187282162758
2045-12-07 02:00:00+01:00,107.40909803596055
2045-12-07 03:00:00+01:00,106.85038580688789
2045-12-07 04:00:00+01:00,106.51839738091718
2045-12-07 05:00:00+01:00,106.61556472510371
2045-12-07 06:00:00+01:00,107.40909803596055
2045-12-07 07:00:00+01:00,110.04881088636185
2045-12-07 08:00:00+01:00,111.52251560652454
2045-12-07 09:00:00+01:00,113.53873799839548
2045-12-07 10:00:00+01:00,111.63587750807551
2045-12-07 11:00:00+01:00,111.48202921311348
2045-12-07 12:00:00+01:00,110.62371767279895
2045-12-07 13:00:00+01:00,111.44154281970242
2045-12-07 14:00:00+01:00,111.66016934412215
2045-12-07 15:00:00+01:00,115.66022501313518
2045-12-07 16:00:00+01:00,115.6764195704996
2045-12-07 17:00:00+01:00,116.55902294686076
2045-12-07 18:00:00+01:00,115.66022501313518
2045-12-07 19:00:00+01:00,114.67235701390524
2045-12-07 20:00:00+01:00,111.4334455410202
2045-12-07 21:00:00+01:00,109.4981959359714
2045-12-07 22:00:00+01:00,110.68849590225665
2045-12-07 23:00:00+01:00,106.2754790204508
2045-12-08 00:00:00+01:00,109.33625036232715
2045-12-08 01:00:00+01:00,107.5710436096048
2045-12-08 02:00:00+01:00,97.92718469908962
2045-12-08 03:00:00+01:00,89.8137114595126
2045-12-08 04:00:00+01:00,88.83394073896488
2045-12-08 05:00:00+01:00,98.18629761692041
2045-12-08 06:00:00+01:00,108.06497760921977
2045-12-08 07:00:00+01:00,108.42935514991933
2045-12-08 08:00:00+01:00,111.66826662280437
2045-12-08 09:00:00+01:00,111.86260131117747
2045-12-08 10:00:00+01:00,112.05693599955057
2045-12-08 11:00:00+01:00,110.98809521349851
2045-12-08 12:00:00+01:00,109.44151498519591
2045-12-08 13:00:00+01:00,110.06500544372628
2045-12-08 14:00:00+01:00,112.50228632707227
2045-12-08 15:00:00+01:00,115.4173066526688
2045-12-08 16:00:00+01:00,122.64007923720243
2045-12-08 17:00:00+01:00,125.43364038256577
2045-12-08 18:00:00+01:00,122.87490031898659
2045-12-08 19:00:00+01:00,122.13804795890525
2045-12-08 20:00:00+01:00,114.04886655537487
2045-12-08 21:00:00+01:00,111.99215777009286
2045-12-08 22:00:00+01:00,112.10551967164385
2045-12-08 23:00:00+01:00,109.35244491969158
2045-12-09 00:00:00+01:00,107.21476334758745
2045-12-09 01:00:00+01:00,100.95556692623713
2045-12-09 02:00:00+01:00,97.28749968319482
2045-12-09 03:00:00+01:00,97.15794322427942
2045-12-09 04:00:00+01:00,96.3077289626471
2045-12-09 05:00:00+01:00,110.83424691853648
2045-12-09 06:00:00+01:00,120.15421468176315
2045-12-09 07:00:00+01:00,127.08548523373713
2045-12-09 08:00:00+01:00,129.99240828065143
2045-12-09 09:00:00+01:00,127.84662942986512
2045-12-09 10:00:00+01:00,126.84256687327075
2045-12-09 11:00:00+01:00,126.85066415195297
2045-12-09 12:00:00+01:00,126.13000634923603
2045-12-09 13:00:00+01:00,126.17859002132931
2045-12-09 14:00:00+01:00,126.85066415195297
2045-12-09 15:00:00+01:00,136.89938699657878
2045-12-09 16:00:00+01:00,141.64439230435536
2045-12-09 17:00:00+01:00,139.96825561713734
2045-12-09 18:00:00+01:00,131.8952687709714
2045-12-09 19:00:00+01:00,132.7211911965571
2045-12-09 20:00:00+01:00,127.23933352869916
2045-12-09 21:00:00+01:00,123.36883431860156
2045-12-09 22:00:00+01:00,120.55907861587377
2045-12-09 23:00:00+01:00,118.2513541914432
2045-12-10 00:00:00+01:00,112.94763665459396
2045-12-10 01:00:00+01:00,107.74918374061347
2045-12-10 02:00:00+01:00,111.39295914760913
2045-12-10 03:00:00+01:00,111.4334455410202
2045-12-10 04:00:00+01:00,109.37673675573822
2045-12-10 05:00:00+01:00,117.21490252011999
2045-12-10 06:00:00+01:00,126.5591621193933
2045-12-10 07:00:00+01:00,150.4866206253315
2045-12-10 08:00:00+01:00,157.74987960327618
2045-12-10 09:00:00+01:00,145.62015613732174
2045-12-10 10:00:00+01:00,145.6039615799573
2045-12-10 11:00:00+01:00,141.90350522218617
2045-12-10 12:00:00+01:00,141.78204604195298
2045-12-10 13:00:00+01:00,145.69303164546164
2045-12-10 14:00:00+01:00,153.92796406527185
2045-12-10 15:00:00+01:00,160.0737985850712
2045-12-10 16:00:00+01:00,166.21963310487055
2045-12-10 17:00:00+01:00,175.34526617972412
2045-12-10 18:00:00+01:00,163.88761684439334
2045-12-10 19:00:00+01:00,157.53935035753867
2045-12-10 20:00:00+01:00,143.5310582373109
2045-12-10 21:00:00+01:00,131.8871714922892
2045-12-10 22:00:00+01:00,126.40531382443126
2045-12-10 23:00:00+01:00,120.65624596006035
2045-12-11 00:00:00+01:00,113.9355046538239
2045-12-11 01:00:00+01:00,111.03667888559178
2045-12-11 02:00:00+01:00,108.38077147782606
2045-12-11 03:00:00+01:00,106.76131574138354
2045-12-11 04:00:00+01:00,110.92331698404081
2045-12-11 05:00:00+01:00,117.25538891353105
2045-12-11 06:00:00+01:00,145.40152961290198
2045-12-11 07:00:00+01:00,200.64116478295625
2045-12-11 08:00:00+01:00,239.68624258858534
2045-12-11 09:00:00+01:00,205.90439592639441
2045-12-11 10:00:00+01:00,260.5691243100116
2045-12-11 11:00:00+01:00,210.77086041440418
2045-12-11 12:00:00+01:00,209.11091828455062
2045-12-11 13:00:00+01:00,222.46333083151916
2045-12-11 14:00:00+01:00,212.87615287177948
2045-12-11 15:00:00+01:00,197.25650229379139
2045-12-11 16:00:00+01:00,209.8720624806786
2045-12-11 17:00:00+01:00,223.91274371563523
2045-12-11 18:00:00+01:00,240.5931378009931
2045-12-11 19:00:00+01:00,213.9287991004671
2045-12-11 20:00:00+01:00,175.9201729661612
2045-12-11 21:00:00+01:00,155.3287932772946
2045-12-11 22:00:00+01:00,132.32442454112868
2045-12-11 23:00:00+01:00,122.00849149998984
2045-12-12 00:00:00+01:00,112.2593679666059
2045-12-12 01:00:00+01:00,107.51436265882933
2045-12-12 02:00:00+01:00,104.80987157897032
2045-12-12 03:00:00+01:00,103.959657317338
2045-12-12 04:00:00+01:00,107.83825380611782
2045-12-12 05:00:00+01:00,116.17035357011457
2045-12-12 06:00:00+01:00,148.54327374160047
2045-12-12 07:00:00+01:00,169.15894526651374
2045-12-12 08:00:00+01:00,190.14709161080873
2045-12-12 09:00:00+01:00,181.32105784719704
2045-12-12 10:00:00+01:00,167.7419214971265
2045-12-12 11:00:00+01:00,163.08598625485428
2045-12-12 12:00:00+01:00,158.66487209436622
2045-12-12 13:00:00+01:00,157.26404288234343
2045-12-12 14:00:00+01:00,164.2519943850929
2045-12-12 15:00:00+01:00,171.8472417890083
2045-12-12 16:00:00+01:00,183.41015574720785
2045-12-12 17:00:00+01:00,228.22049597457232
2045-12-12 18:00:00+01:00,232.13957885676317
2045-12-12 19:00:00+01:00,206.68173467988683
2045-12-12 20:00:00+01:00,169.75004661031522
2045-12-12 21:00:00+01:00,147.36107105399742
2045-12-12 22:00:00+01:00,129.74948992018506
2045-12-12 23:00:00+01:00,122.90728943371543
2045-12-13 00:00:00+01:00,119.7979344197458
2045-12-13 01:00:00+01:00,115.57115494763083
2045-12-13 02:00:00+01:00,112.55086999916554
2045-12-13 03:00:00+01:00,111.93547681931739
2045-12-13 04:00:00+01:00,113.5549325557599
2045-12-13 05:00:00+01:00,117.01247055306467
2045-12-13 06:00:00+01:00,143.19097253265795
2045-12-13 07:00:00+01:00,205.7019639593391
2045-12-13 08:00:00+01:00,265.98620374841175
2045-12-13 09:00:00+01:00,219.75074247297795
2045-12-13 10:00:00+01:00,181.3129605685148
2045-12-13 11:00:00+01:00,165.81476917075992
2045-12-13 12:00:00+01:00,158.1466462587046
2045-12-13 13:00:00+01:00,159.33694622498984
2045-12-13 14:00:00+01:00,167.15891743200723
2045-12-13 15:00:00+01:00,183.66117138635644
2045-12-13 16:00:00+01:00,210.40648287370462
2045-12-13 17:00:00+01:00,249.15196136809186
2045-12-13 18:00:00+01:00,243.8725356672892
2045-12-13 19:00:00+01:00,208.0663693345452
2045-12-13 20:00:00+01:00,159.8308802246048
2045-12-13 21:00:00+01:00,140.29214676442587
2045-12-13 22:00:00+01:00,127.9761858887805
2045-12-13 23:00:00+01:00,119.38497320695296
2045-12-14 00:00:00+01:00,112.72901013017423
2045-12-14 01:00:00+01:00,109.06904016581413
2045-12-14 02:00:00+01:00,104.96371987393235
2045-12-14 03:00:00+01:00,107.54675177355816
2045-12-14 04:00:00+01:00,107.17427695417639
2045-12-14 05:00:00+01:00,109.66014150961564
2045-12-14 06:00:00+01:00,112.74520468753865
2045-12-14 07:00:00+01:00,109.67633606698007
2045-12-14 08:00:00+01:00,113.33630603134017
2045-12-14 09:00:00+01:00,113.40918153948007
2045-12-14 10:00:00+01:00,112.74520468753865
2045-12-14 11:00:00+01:00,112.80998291699635
2045-12-14 12:00:00+01:00,114.29178491584125
2045-12-14 13:00:00+01:00,112.08122783559722
2045-12-14 14:00:00+01:00,114.75332980072737
2045-12-14 15:00:00+01:00,117.29587530694212
2045-12-14 16:00:00+01:00,120.56717589455602
2045-12-14 17:00:00+01:00,121.40929287750612
2045-12-14 18:00:00+01:00,121.4011955988239
2045-12-14 19:00:00+01:00,116.47805016003865
2045-12-14 20:00:00+01:00,114.42134137475665
2045-12-14 21:00:00+01:00,112.18649245846598
2045-12-14 22:00:00+01:00,111.19052718055383
2045-12-14 23:00:00+01:00,107.06901233130762
2045-12-15 00:00:00+01:00,94.78544057039113
2045-12-15 01:00:00+01:00,94.78544057039113
2045-12-15 02:00:00+01:00,94.93928886535318
2045-12-15 03:00:00+01:00,98.17820033823821
2045-12-15 04:00:00+01:00,98.33204863320024
2045-12-15 05:00:00+01:00,98.08103299405165
2045-12-15 06:00:00+01:00,94.93928886535318
2045-12-15 07:00:00+01:00,92.43722975254948
2045-12-15 08:00:00+01:00,94.46154942310264
2045-12-15 09:00:00+01:00,99.49805676343885
2045-12-15 10:00:00+01:00,102.65599544950177
2045-12-15 11:00:00+01:00,98.3725350266113
2045-12-15 12:00:00+01:00,99.11748466537486
2045-12-15 13:00:00+01:00,95.43322286496814
2045-12-15 14:00:00+01:00,96.47777181497356
2045-12-15 15:00:00+01:00,98.40492414134016
2045-12-15 16:00:00+01:00,103.22280495725664
2045-12-15 17:00:00+01:00,104.14589472702887
2045-12-15 18:00:00+01:00,97.43325069947466
2045-12-15 19:00:00+01:00,98.38063230529352
2045-12-15 20:00:00+01:00,94.77734329170892
2045-12-15 21:00:00+01:00,106.5993701677393
2045-12-15 22:00:00+01:00,106.68844023324363
2045-12-15 23:00:00+01:00,99.25513840297248
2045-12-16 00:00:00+01:00,95.6680439467523
2045-12-16 01:00:00+01:00,93.40890319441499
2045-12-16 02:00:00+01:00,91.87851752347682
2045-12-16 03:00:00+01:00,91.70037739246814
2045-12-16 04:00:00+01:00,92.14572771998984
2045-12-16 05:00:00+01:00,95.18220722581955
2045-12-16 06:00:00+01:00,106.9232613150278
2045-12-16 07:00:00+01:00,114.48611960421437
2045-12-16 08:00:00+01:00,116.14606173406793
2045-12-16 09:00:00+01:00,113.48205704761999
2045-12-16 10:00:00+01:00,112.38082714683907
2045-12-16 11:00:00+01:00,111.13384622977834
2045-12-16 12:00:00+01:00,108.62368983829244
2045-12-16 13:00:00+01:00,109.47390409992477
2045-12-16 14:00:00+01:00,109.61155783752237
2045-12-16 15:00:00+01:00,114.10554750615034
2045-12-16 16:00:00+01:00,120.1137282883521
2045-12-16 17:00:00+01:00,120.53478677982714
2045-12-16 18:00:00+01:00,120.6319541240137
2045-12-16 19:00:00+01:00,117.25538891353105
2045-12-16 20:00:00+01:00,112.80188563831413
2045-12-16 21:00:00+01:00,108.61559255961023
2045-12-16 22:00:00+01:00,109.14191567395405
2045-12-16 23:00:00+01:00,105.07708177548332
2045-12-17 00:00:00+01:00,101.81387846655166
2045-12-17 01:00:00+01:00,101.08512338515251
2045-12-17 02:00:00+01:00,104.83416341501695
2045-12-17 03:00:00+01:00,104.37261853013084
2045-12-17 04:00:00+01:00,104.3483266940842
2045-12-17 05:00:00+01:00,102.68838456423062
2045-12-17 06:00:00+01:00,108.12975583867747
2045-12-17 07:00:00+01:00,115.70071140654625
2045-12-17 08:00:00+01:00,119.18254123989766
2045-12-17 09:00:00+01:00,113.78975363754407
2045-12-17 10:00:00+01:00,108.17833951077074
2045-12-17 11:00:00+01:00,106.19450623362866
2045-12-17 12:00:00+01:00,108.59130072356359
2045-12-17 13:00:00+01:00,111.07716527900286
2045-12-17 14:00:00+01:00,116.77764947128051
2045-12-17 15:00:00+01:00,116.8262331433738
2045-12-17 16:00:00+01:00,125.94376893954515
2045-12-17 17:00:00+01:00,126.34053559497357
2045-12-17 18:00:00+01:00,124.1785621868228
2045-12-17 19:00:00+01:00,119.41736232168182
2045-12-17 20:00:00+01:00,120.3728412061829
2045-12-17 21:00:00+01:00,113.37679242475123
2045-12-17 22:00:00+01:00,109.19049934604732
2045-12-17 23:00:00+01:00,99.55473771421434
2045-12-18 00:00:00+01:00,102.51834171190416
2045-12-18 01:00:00+01:00,100.41304925452887
2045-12-18 02:00:00+01:00,95.96764325799417
2045-12-18 03:00:00+01:00,95.80569768434992
2045-12-18 04:00:00+01:00,95.49800109442585
2045-12-18 05:00:00+01:00,105.35238925067856
2045-12-18 06:00:00+01:00,114.17842301429027
2045-12-18 07:00:00+01:00,113.66829445731088
2045-12-18 08:00:00+01:00,114.76142707940957
2045-12-18 09:00:00+01:00,113.15006862164927
2045-12-18 10:00:00+01:00,113.84643458831955
2045-12-18 11:00:00+01:00,111.9435740979996
2045-12-18 12:00:00+01:00,110.73707957434992
2045-12-18 13:00:00+01:00,112.36463258947465
2045-12-18 14:00:00+01:00,115.95982432437704
2045-12-18 15:00:00+01:00,119.68457251819484
2045-12-18 16:00:00+01:00,117.28777802825991
2045-12-18 17:00:00+01:00,125.27979208760374
2045-12-18 18:00:00+01:00,135.1665693585853
2045-12-18 19:00:00+01:00,126.71301041435535
2045-12-18 20:00:00+01:00,121.23115274649743
2045-12-18 21:00:00+01:00,113.19865229374255
2045-12-18 22:00:00+01:00,111.70065573753322
2045-12-18 23:00:00+01:00,104.46168859563517
2045-12-19 00:00:00+01:00,96.96360853590633
2045-12-19 01:00:00+01:00,93.56275148937704
2045-12-19 02:00:00+01:00,92.5829807688293
2045-12-19 03:00:00+01:00,92.35625696572735
2045-12-19 04:00:00+01:00,92.93926103084667
2045-12-19 05:00:00+01:00,99.04460915723496
2045-12-19 06:00:00+01:00,110.8423441972187
2045-12-19 07:00:00+01:00,121.42548743487055
2045-12-19 08:00:00+01:00,119.65218340346597
2045-12-19 09:00:00+01:00,114.9071780956894
2045-12-19 10:00:00+01:00,114.41324409607444
2045-12-19 11:00:00+01:00,110.87473331194754
2045-12-19 12:00:00+01:00,106.71273206929027
2045-12-19 13:00:00+01:00,106.58317561037487
2045-12-19 14:00:00+01:00,110.76137141039656
2045-12-19 15:00:00+01:00,116.97198415965362
2045-12-19 16:00:00+01:00,120.33235481277183
2045-12-19 17:00:00+01:00,115.66022501313518
2045-12-19 18:00:00+01:00,114.37275770266338
2045-12-19 19:00:00+01:00,112.9152475398651
2045-12-19 20:00:00+01:00,107.72489190456685
2045-12-19 21:00:00+01:00,105.22283279176315
2045-12-19 22:00:00+01:00,100.30778463166011
2045-12-19 23:00:00+01:00,94.3805766362805
2045-12-20 00:00:00+01:00,91.0364005405267
2045-12-20 01:00:00+01:00,84.70432861103647
2045-12-20 02:00:00+01:00,80.2184362210907
2045-12-20 03:00:00+01:00,71.91062829314058
2045-12-20 04:00:00+01:00,72.01589291600935
2045-12-20 05:00:00+01:00,86.58289726530978
2045-12-20 06:00:00+01:00,97.31179151924147
2045-12-20 07:00:00+01:00,111.77353124567313
2045-12-20 08:00:00+01:00,113.47395976893779
2045-12-20 09:00:00+01:00,109.99212993558636
2045-12-20 10:00:00+01:00,108.14595039604188
2045-12-20 11:00:00+01:00,107.42529259332497
2045-12-20 12:00:00+01:00,102.21874240066228
2045-12-20 13:00:00+01:00,98.67213433785318
2045-12-20 14:00:00+01:00,103.41713964562976
2045-12-20 15:00:00+01:00,107.15808239681196
2045-12-20 16:00:00+01:00,109.99212993558636
2045-12-20 17:00:00+01:00,110.69659318093886
2045-12-20 18:00:00+01:00,110.24314557473495
2045-12-20 19:00:00+01:00,110.03261632899743
2045-12-20 20:00:00+01:00,107.29573613440957
2045-12-20 21:00:00+01:00,105.64389128323822
2045-12-20 22:00:00+01:00,104.46168859563517
2045-12-20 23:00:00+01:00,96.08910243822736
2045-12-21 00:00:00+01:00,99.73287784522302
2045-12-21 01:00:00+01:00,90.87445496688245
2045-12-21 02:00:00+01:00,81.47351441683364
2045-12-21 03:00:00+01:00,75.21431799548333
2045-12-21 04:00:00+01:00,74.79325950400826
2045-12-21 05:00:00+01:00,83.70836333312432
2045-12-21 06:00:00+01:00,98.42921597738679
2045-12-21 07:00:00+01:00,105.78154502083584
2045-12-21 08:00:00+01:00,108.17833951077074
2045-12-21 09:00:00+01:00,109.2471802968228
2045-12-21 10:00:00+01:00,101.41711181112325
2045-12-21 11:00:00+01:00,90.65582844246272
2045-12-21 12:00:00+01:00,85.83794762654622
2045-12-21 13:00:00+01:00,86.55050815058094
2045-12-21 14:00:00+01:00,97.31988879792368
2045-12-21 15:00:00+01:00,107.83825380611782
2045-12-21 16:00:00+01:00,109.66823878829786
2045-12-21 17:00:00+01:00,109.68443334566228
2045-12-21 18:00:00+01:00,110.66420406621
2045-12-21 19:00:00+01:00,109.68443334566228
2045-12-21 20:00:00+01:00,109.68443334566228
2045-12-21 21:00:00+01:00,107.87874019952888
2045-12-21 22:00:00+01:00,102.9960811541547
2045-12-21 23:00:00+01:00,95.82189224171434
2045-12-22 00:00:00+01:00,102.931302924697
2045-12-22 01:00:00+01:00,89.40884752540197
2045-12-22 02:00:00+01:00,83.78933611994644
2045-12-22 03:00:00+01:00,80.11317159822194
2045-12-22 04:00:00+01:00,80.88241307303213
2045-12-22 05:00:00+01:00,82.01603208854189
2045-12-22 06:00:00+01:00,88.73677339477833
2045-12-22 07:00:00+01:00,97.8543091909497
2045-12-22 08:00:00+01:00,102.550730826633
2045-12-22 09:00:00+01:00,96.93121942117747
2045-12-22 10:00:00+01:00,89.99185159052129
2045-12-22 11:00:00+01:00,80.4775491389215
2045-12-22 12:00:00+01:00,86.53431359321651
2045-12-22 13:00:00+01:00,78.90667707457226
2045-12-22 14:00:00+01:00,87.4897924777176
2045-12-22 15:00:00+01:00,102.4859525971753
2045-12-22 16:00:00+01:00,108.6641762317035
2045-12-22 17:00:00+01:00,111.4334455410202
2045-12-22 18:00:00+01:00,110.89092786931195
2045-12-22 19:00:00+01:00,110.17027006659504
2045-12-22 20:00:00+01:00,110.66420406621
2045-12-22 21:00:00+01:00,105.58721033246272
2045-12-22 22:00:00+01:00,97.86240646963192
2045-12-22 23:00:00+01:00,84.64764766026097
2045-12-23 00:00:00+01:00,70.90656573654623
2045-12-23 01:00:00+01:00,63.40848567681737
2045-12-23 02:00:00+01:00,53.465027455060316
2045-12-23 03:00:00+01:00,50.46093706395945
2045-12-23 04:00:00+01:00,47.537819459680705
2045-12-23 05:00:00+01:00,72.35597862066228
2045-12-23 06:00:00+01:00,95.80569768434992
2045-12-23 07:00:00+01:00,113.02860944141608
2045-12-23 08:00:00+01:00,113.78165635886185
2045-12-23 09:00:00+01:00,115.7492950786395
2045-12-23 10:00:00+01:00,105.13376272625881
2045-12-23 11:00:00+01:00,96.76927384753321
2045-12-23 12:00:00+01:00,96.20246433977833
2045-12-23 13:00:00+01:00,95.72472489752779
2045-12-23 14:00:00+01:00,101.09322066383473
2045-12-23 15:00:00+01:00,112.64803734335209
2045-12-23 16:00:00+01:00,115.7492950786395
2045-12-23 17:00:00+01:00,115.31204202980004
2045-12-23 18:00:00+01:00,115.2310692429779
2045-12-23 19:00:00+01:00,114.73713524336293
2045-12-23 20:00:00+01:00,113.87882370304841
2045-12-23 21:00:00+01:00,108.37267419914384
2045-12-23 22:00:00+01:00,103.84629541578701
2045-12-23 23:00:00+01:00,97.38466702738137
2045-12-24 00:00:00+01:00,86.55050815058094
2045-12-24 01:00:00+01:00,80.84192667962105
2045-12-24 02:00:00+01:00,78.3560621241818
2045-12-24 03:00:00+01:00,73.99162891446922
2045-12-24 04:00:00+01:00,72.66367521058635
2045-12-24 05:00:00+01:00,79.03623353348766
2045-12-24 06:00:00+01:00,86.41285441298332
2045-12-24 07:00:00+01:00,101.50618187662758
2045-12-24 08:00:00+01:00,109.26337485418723
2045-12-24 09:00:00+01:00,109.23098573945839
2045-12-24 10:00:00+01:00,104.43739675958852
2045-12-24 11:00:00+01:00,101.86246213864493
2045-12-24 12:00:00+01:00,98.5668697149844
2045-12-24 13:00:00+01:00,97.24701328978375
2045-12-24 14:00:00+01:00,98.32395135451803
2045-12-24 15:00:00+01:00,104.04063010416012
2045-12-24 16:00:00+01:00,112.10551967164385
2045-12-24 17:00:00+01:00,114.72903796468073
2045-12-24 18:00:00+01:00,113.63590534258202
2045-12-24 19:00:00+01:00,111.78972580303756
2045-12-24 20:00:00+01:00,101.50618187662758
2045-12-24 21:00:00+01:00,97.77333640412758
2045-12-24 22:00:00+01:00,95.44132014365036
2045-12-24 23:00:00+01:00,86.55860542926314
2045-12-25 00:00:00+01:00,92.17001955603646
2045-12-25 01:00:00+01:00,85.75697483972411
2045-12-25 02:00:00+01:00,82.20226949823278
2045-12-25 03:00:00+01:00,77.24673494471867
2045-12-25 04:00:00+01:00,72.29929766988678
2045-12-25 05:00:00+01:00,72.54221603035316
2045-12-25 06:00:00+01:00,72.98756635787487
2045-12-25 07:00:00+01:00,83.38447218583582
2045-12-25 08:00:00+01:00,90.41291008199634
2045-12-25 09:00:00+01:00,89.82990601687703
2045-12-25 10:00:00+01:00,91.21454067153539
2045-12-25 11:00:00+01:00,89.93517063974579
2045-12-25 12:00:00+01:00,89.44123664013082
2045-12-25 13:00:00+01:00,87.29545778934448
2045-12-25 14:00:00+01:00,89.87039241028809
2045-12-25 15:00:00+01:00,97.9838656498651
2045-12-25 16:00:00+01:00,105.62769672587378
2045-12-25 17:00:00+01:00,112.09742239296165
2045-12-25 18:00:00+01:00,112.47799449102564
2045-12-25 19:00:00+01:00,110.35650747628594
2045-12-25 20:00:00+01:00,107.1904715115408
2045-12-25 21:00:00+01:00,104.00824098943126
2045-12-25 22:00:00+01:00,103.61147433400285
2045-12-25 23:00:00+01:00,97.15794322427942
2045-12-26 00:00:00+01:00,98.9393445343662
2045-12-26 01:00:00+01:00,96.61542555257118
2045-12-26 02:00:00+01:00,94.57491132465361
2045-12-26 03:00:00+01:00,92.84209368666012
2045-12-26 04:00:00+01:00,91.57891821223495
2045-12-26 05:00:00+01:00,94.49393853783147
2045-12-26 06:00:00+01:00,100.13774177933365
2045-12-26 07:00:00+01:00,103.91107364524473
2045-12-26 08:00:00+01:00,111.6844611801688
2045-12-26 09:00:00+01:00,112.47799449102564
2045-12-26 10:00:00+01:00,106.68844023324363
2045-12-26 11:00:00+01:00,103.80580902237594
2045-12-26 12:00:00+01:00,103.10134577702345
2045-12-26 13:00:00+01:00,101.28755535220783
2045-12-26 14:00:00+01:00,103.00417843283691
2045-12-26 15:00:00+01:00,114.74523252204514
2045-12-26 16:00:00+01:00,118.93152560074907
2045-12-26 17:00:00+01:00,122.54291189301588
2045-12-26 18:00:00+01:00,121.38500104145947
2045-12-26 19:00:00+01:00,121.5469466151037
2045-12-26 20:00:00+01:00,118.9639147154779
2045-12-26 21:00:00+01:00,115.75739235732172
2045-12-26 22:00:00+01:00,115.44969576739766
2045-12-26 23:00:00+01:00,110.4050911483792
2045-12-27 00:00:00+01:00,106.21070079099309
2045-12-27 01:00:00+01:00,104.13779744834667
2045-12-27 02:00:00+01:00,101.28755535220783
2045-12-27 03:00:00+01:00,99.36850030452345
2045-12-27 04:00:00+01:00,99.3280139111124
2045-12-27 05:00:00+01:00,103.87058725183365
2045-12-27 06:00:00+01:00,107.56294633092259
2045-12-27 07:00:00+01:00,118.6967045189649
2045-12-27 08:00:00+01:00,125.50651589070569
2045-12-27 09:00:00+01:00,122.38096631937162
2045-12-27 10:00:00+01:00,115.19058284956685
2045-12-27 11:00:00+01:00,111.08526255768507
2045-12-27 12:00:00+01:00,109.98403265690416
2045-12-27 13:00:00+01:00,107.5710436096048
2045-12-27 14:00:00+01:00,113.61161350653538
2045-12-27 15:00:00+01:00,119.95178271470783
2045-12-27 16:00:00+01:00,137.52287745510915
2045-12-27 17:00:00+01:00,144.76994187568943
2045-12-27 18:00:00+01:00,146.4379812842252
2045-12-27 19:00:00+01:00,136.50262034115036
2045-12-27 20:00:00+01:00,123.45790438410589
2045-12-27 21:00:00+01:00,117.12583245461565
2045-12-27 22:00:00+01:00,117.11773517593345
2045-12-27 23:00:00+01:00,111.39295914760913
2045-12-28 00:00:00+01:00,112.49418904839006
2045-12-28 01:00:00+01:00,107.65201639642693
2045-12-28 02:00:00+01:00,103.53859882586293
2045-12-28 03:00:00+01:00,101.40901453244103
2045-12-28 04:00:00+01:00,100.2996873529779
2045-12-28 05:00:00+01:00,101.63573833554298
2045-12-28 06:00:00+01:00,105.75725318478919
2045-12-28 07:00:00+01:00,110.7208850169855
2045-12-28 08:00:00+01:00,115.91124065228377
2045-12-28 09:00:00+01:00,116.567120225543
2045-12-28 10:00:00+01:00,110.22695101737054
2045-12-28 11:00:00+01:00,103.71673895687161
2045-12-28 12:00:00+01:00,101.89485125337379
2045-12-28 13:00:00+01:00,100.65596761499525
2045-12-28 14:00:00+01:00,105.74915590610698
2045-12-28 15:00:00+01:00,115.90314337360155
2045-12-28 16:00:00+01:00,123.83037920348768
2045-12-28 17:00:00+01:00,128.11383962637814
2045-12-28 18:00:00+01:00,128.74542736359072
2045-12-28 19:00:00+01:00,124.99638733372629
2045-12-28 20:00:00+01:00,118.80196914183367
2045-12-28 21:00:00+01:00,113.05290127746272
2045-12-28 22:00:00+01:00,111.80592036040198
2045-12-28 23:00:00+01:00,106.73702390533691
2045-12-29 00:00:00+01:00,108.25121501891067
2045-12-29 01:00:00+01:00,102.79364918709938
2045-12-29 02:00:00+01:00,98.5587724363022
2045-12-29 03:00:00+01:00,91.61940460564601
2045-12-29 04:00:00+01:00,88.16186660834124
2045-12-29 05:00:00+01:00,88.23474211648116
2045-12-29 06:00:00+01:00,90.02424070525014
2045-12-29 07:00:00+01:00,97.50612620761456
2045-12-29 08:00:00+01:00,101.43330636848766
2045-12-29 09:00:00+01:00,101.44140364716988
2045-12-29 10:00:00+01:00,100.21061728747355
2045-12-29 11:00:00+01:00,98.170103059556
2045-12-29 12:00:00+01:00,96.90692758513083
2045-12-29 13:00:00+01:00,96.93121942117747
2045-12-29 14:00:00+01:00,99.55473771421434
2045-12-29 15:00:00+01:00,108.30789596968614
2045-12-29 16:00:00+01:00,119.32019497749525
2045-12-29 17:00:00+01:00,122.19472890968073
2045-12-29 18:00:00+01:00,123.16640235154622
2045-12-29 19:00:00+01:00,121.27973641859072
2045-12-29 20:00:00+01:00,117.2229997988022
2045-12-29 21:00:00+01:00,109.50629321465361
2045-12-29 22:00:00+01:00,104.2916457433087
2045-12-29 23:00:00+01:00,99.0122200425061
2045-12-30 00:00:00+01:00,100.52641115607986
2045-12-30 01:00:00+01:00,99.81385063204515
2045-12-30 02:00:00+01:00,98.96363637041283
2045-12-30 03:00:00+01:00,98.17820033823821
2045-12-30 04:00:00+01:00,98.3725350266113
2045-12-30 05:00:00+01:00,104.93133075920349
2045-12-30 06:00:00+01:00,114.86669170227835
2045-12-30 07:00:00+01:00,121.74937858215904
2045-12-30 08:00:00+01:00,123.27166697441498
2045-12-30 09:00:00+01:00,121.67650307401911
2045-12-30 10:00:00+01:00,119.32019497749525
2045-12-30 11:00:00+01:00,114.91527537437162
2045-12-30 12:00:00+01:00,112.34843803211024
2045-12-30 13:00:00+01:00,111.66826662280437
2045-12-30 14:00:00+01:00,118.97201199416014
2045-12-30 15:00:00+01:00,121.9194214344855
2045-12-30 16:00:00+01:00,122.41335543410048
2045-12-30 17:00:00+01:00,126.11381179187163
2045-12-30 18:00:00+01:00,131.8304905415137
2045-12-30 19:00:00+01:00,128.03286683955602
2045-12-30 20:00:00+01:00,123.27976425309723
2045-12-30 21:00:00+01:00,121.98419966394322
2045-12-30 22:00:00+01:00,119.32019497749525
2045-12-30 23:00:00+01:00,114.93146993173605
2045-12-31 00:00:00+01:00,99.78955879599852
2045-12-31 01:00:00+01:00,96.86644119171977
2045-12-31 02:00:00+01:00,96.51016092970241
2045-12-31 03:00:00+01:00,97.31179151924147
2045-12-31 04:00:00+01:00,96.34011807737595
2045-12-31 05:00:00+01:00,97.74094728939872
2045-12-31 06:00:00+01:00,101.70051656500068
2045-12-31 07:00:00+01:00,112.80188563831413
2045-12-31 08:00:00+01:00,113.07719311350937
2045-12-31 09:00:00+01:00,111.22291629528269
2045-12-31 10:00:00+01:00,108.33218780573279
2045-12-31 11:00:00+01:00,105.17424911966988
2045-12-31 12:00:00+01:00,106.44552187277725
2045-12-31 13:00:00+01:00,101.42520908980545
2045-12-31 14:00:00+01:00,106.44552187277725
2045-12-31 15:00:00+01:00,111.53871016388896
2045-12-31 16:00:00+01:00,119.87890720656793
2045-12-31 17:00:00+01:00,120.44571671432283
2045-12-31 18:00:00+01:00,119.1501521251688
2045-12-31 19:00:00+01:00,115.68451684918182
2045-12-31 20:00:00+01:00,107.37670892123171
2045-12-31 21:00:00+01:00,103.59527977663842
2045-12-31 22:00:00+01:00,106.43742459409503
2045-12-31 23:00:00+01:00,100.28349279561348
