Date (GMT+1),Price (EUR/MWh)
2044-01-01 00:00:00+01:00,35.07213130535689
2044-01-01 01:00:00+01:00,31.816861693719908
2044-01-01 02:00:00+01:00,25.543515482349157
2044-01-01 03:00:00+01:00,23.130690016437327
2044-01-01 04:00:00+01:00,23.114331877685373
2044-01-01 05:00:00+01:00,23.147048155189268
2044-01-01 06:00:00+01:00,23.10615280830941
2044-01-01 07:00:00+01:00,20.6278947873898
2044-01-01 08:00:00+01:00,20.79147617490925
2044-01-01 09:00:00+01:00,22.52543888261537
2044-01-01 10:00:00+01:00,21.80568077752981
2044-01-01 11:00:00+01:00,20.570641301757988
2044-01-01 12:00:00+01:00,22.590871437623157
2044-01-01 13:00:00+01:00,21.445801724987028
2044-01-01 14:00:00+01:00,23.245196987700943
2044-01-01 15:00:00+01:00,30.52456873231629
2044-01-01 16:00:00+01:00,37.62400095066025
2044-01-01 17:00:00+01:00,48.26497020880022
2044-01-01 18:00:00+01:00,53.76948389882959
2044-01-01 19:00:00+01:00,49.25463760329288
2044-01-01 20:00:00+01:00,48.665744608222866
2044-01-01 21:00:00+01:00,42.45783095185988
2044-01-01 22:00:00+01:00,41.648103083638624
2044-01-01 23:00:00+01:00,35.15392199911662
2044-01-02 00:00:00+01:00,32.021338428119215
2044-01-02 01:00:00+01:00,25.28178526231804
2044-01-02 02:00:00+01:00,23.089794669557456
2044-01-02 03:00:00+01:00,21.732069153146057
2044-01-02 04:00:00+01:00,22.018336581305093
2044-01-02 05:00:00+01:00,23.12251094706135
2044-01-02 06:00:00+01:00,30.099257124765728
2044-01-02 07:00:00+01:00,47.00539352490049
2044-01-02 08:00:00+01:00,53.38506763815889
2044-01-02 09:00:00+01:00,56.20684657286934
2044-01-02 10:00:00+01:00,56.27227912787711
2044-01-02 11:00:00+01:00,59.52754873951409
2044-01-02 12:00:00+01:00,61.67046491601884
2044-01-02 13:00:00+01:00,63.86245550877942
2044-01-02 14:00:00+01:00,66.97868094102486
2044-01-02 15:00:00+01:00,68.99073200751405
2044-01-02 16:00:00+01:00,73.13752018113202
2044-01-02 17:00:00+01:00,75.82843400582689
2044-01-02 18:00:00+01:00,69.31789478255294
2044-01-02 19:00:00+01:00,62.930041599918574
2044-01-02 20:00:00+01:00,53.303276944399165
2044-01-02 21:00:00+01:00,40.92016590917709
2044-01-02 22:00:00+01:00,37.38680793875705
2044-01-02 23:00:00+01:00,28.56159208208294
2044-01-03 00:00:00+01:00,29.739378072222948
2044-01-03 01:00:00+01:00,26.214199171178883
2044-01-03 02:00:00+01:00,23.114331877685373
2044-01-03 03:00:00+01:00,23.089794669557456
2044-01-03 04:00:00+01:00,23.073436530805516
2044-01-03 05:00:00+01:00,33.14187093262743
2044-01-03 06:00:00+01:00,56.28863726662905
2044-01-03 07:00:00+01:00,62.921862530542604
2044-01-03 08:00:00+01:00,64.59857175261692
2044-01-03 09:00:00+01:00,65.26107637207068
2044-01-03 10:00:00+01:00,61.760434679154535
2044-01-03 11:00:00+01:00,59.813816167673124
2044-01-03 12:00:00+01:00,62.930041599918574
2044-01-03 13:00:00+01:00,66.96232280227292
2044-01-03 14:00:00+01:00,72.46683649230228
2044-01-03 15:00:00+01:00,77.78323158668428
2044-01-03 16:00:00+01:00,75.77935958957106
2044-01-03 17:00:00+01:00,80.56411517451487
2044-01-03 18:00:00+01:00,84.13836849181476
2044-01-03 19:00:00+01:00,80.93217329643363
2044-01-03 20:00:00+01:00,81.48017094462377
2044-01-03 21:00:00+01:00,68.62267388559529
2044-01-03 22:00:00+01:00,67.60029021359875
2044-01-03 23:00:00+01:00,57.482781395521016
2044-01-04 00:00:00+01:00,53.44232112379069
2044-01-04 01:00:00+01:00,47.3570935080673
2044-01-04 02:00:00+01:00,43.32481230571295
2044-01-04 03:00:00+01:00,38.46644509638541
2044-01-04 04:00:00+01:00,40.57664499538626
2044-01-04 05:00:00+01:00,58.70964180191686
2044-01-04 06:00:00+01:00,71.68164583220894
2044-01-04 07:00:00+01:00,82.69067321226767
2044-01-04 08:00:00+01:00,88.01524737602564
2044-01-04 09:00:00+01:00,90.67344492321664
2044-01-04 10:00:00+01:00,88.75136361986314
2044-01-04 11:00:00+01:00,86.11770328080006
2044-01-04 12:00:00+01:00,84.60457544624519
2044-01-04 13:00:00+01:00,85.23436378819505
2044-01-04 14:00:00+01:00,88.71864734235926
2044-01-04 15:00:00+01:00,90.54257981320109
2044-01-04 16:00:00+01:00,99.65406309803424
2044-01-04 17:00:00+01:00,102.21411181271357
2044-01-04 18:00:00+01:00,103.05655595843872
2044-01-04 19:00:00+01:00,102.23864902084148
2044-01-04 20:00:00+01:00,94.87748658246642
2044-01-04 21:00:00+01:00,91.9003053296125
2044-01-04 22:00:00+01:00,89.56927055746037
2044-01-04 23:00:00+01:00,85.77418236700922
2044-01-05 00:00:00+01:00,84.82541031939644
2044-01-05 01:00:00+01:00,80.60501052139473
2044-01-05 02:00:00+01:00,77.86502228044401
2044-01-05 03:00:00+01:00,76.98168278783899
2044-01-05 04:00:00+01:00,76.5972665271683
2044-01-05 05:00:00+01:00,81.63557326276724
2044-01-05 06:00:00+01:00,86.24856839081562
2044-01-05 07:00:00+01:00,95.63814003443183
2044-01-05 08:00:00+01:00,98.95066313170061
2044-01-05 09:00:00+01:00,96.25157023762975
2044-01-05 10:00:00+01:00,94.14137033862889
2044-01-05 11:00:00+01:00,93.9941470898614
2044-01-05 12:00:00+01:00,89.5038380024526
2044-01-05 13:00:00+01:00,90.54257981320109
2044-01-05 14:00:00+01:00,91.5976797627015
2044-01-05 15:00:00+01:00,95.1473958718735
2044-01-05 16:00:00+01:00,96.37425627826934
2044-01-05 17:00:00+01:00,103.02383968093483
2044-01-05 18:00:00+01:00,104.08711869981121
2044-01-05 19:00:00+01:00,100.38200027249576
2044-01-05 20:00:00+01:00,94.19044475488474
2044-01-05 21:00:00+01:00,89.87189612437135
2044-01-05 22:00:00+01:00,86.25674746019159
2044-01-05 23:00:00+01:00,84.06475686743102
2044-01-06 00:00:00+01:00,79.7871035837975
2044-01-06 01:00:00+01:00,76.00837353209829
2044-01-06 02:00:00+01:00,75.68938982643537
2044-01-06 03:00:00+01:00,73.95542711872925
2044-01-06 04:00:00+01:00,74.11900850624869
2044-01-06 05:00:00+01:00,75.19864566387703
2044-01-06 06:00:00+01:00,75.41948053702828
2044-01-06 07:00:00+01:00,79.30453849061513
2044-01-06 08:00:00+01:00,82.51073368599627
2044-01-06 09:00:00+01:00,86.05227072579228
2044-01-06 10:00:00+01:00,87.6390101847309
2044-01-06 11:00:00+01:00,89.31571940680524
2044-01-06 12:00:00+01:00,88.29333573480871
2044-01-06 13:00:00+01:00,87.18916136905244
2044-01-06 14:00:00+01:00,87.62265204597897
2044-01-06 15:00:00+01:00,88.51417060795995
2044-01-06 16:00:00+01:00,91.58132162394956
2044-01-06 17:00:00+01:00,93.85510291046987
2044-01-06 18:00:00+01:00,92.63642157345
2044-01-06 19:00:00+01:00,89.31571940680524
2044-01-06 20:00:00+01:00,87.60629390722703
2044-01-06 21:00:00+01:00,84.90720101315617
2044-01-06 22:00:00+01:00,84.55550102998936
2044-01-06 23:00:00+01:00,81.28387327960043
2044-01-07 00:00:00+01:00,83.35317783172142
2044-01-07 01:00:00+01:00,79.85253613880528
2044-01-07 02:00:00+01:00,77.24341300787012
2044-01-07 03:00:00+01:00,74.42981314253564
2044-01-07 04:00:00+01:00,72.91668530798076
2044-01-07 05:00:00+01:00,74.39709686503174
2044-01-07 06:00:00+01:00,76.05744794835412
2044-01-07 07:00:00+01:00,78.8137943280568
2044-01-07 08:00:00+01:00,81.33294769585626
2044-01-07 09:00:00+01:00,86.82110324713368
2044-01-07 10:00:00+01:00,90.41171470318552
2044-01-07 11:00:00+01:00,91.85940998273263
2044-01-07 12:00:00+01:00,91.54860534644567
2044-01-07 13:00:00+01:00,89.02127290927024
2044-01-07 14:00:00+01:00,88.9721984930144
2044-01-07 15:00:00+01:00,89.34025661493315
2044-01-07 16:00:00+01:00,92.97176341786486
2044-01-07 17:00:00+01:00,99.52319798801867
2044-01-07 18:00:00+01:00,102.29590250647328
2044-01-07 19:00:00+01:00,99.50683984926673
2044-01-07 20:00:00+01:00,97.05311903647504
2044-01-07 21:00:00+01:00,94.32130986490029
2044-01-07 22:00:00+01:00,92.40740763092276
2044-01-07 23:00:00+01:00,89.30754033742926
2044-01-08 00:00:00+01:00,86.93561021839729
2044-01-08 01:00:00+01:00,86.17495676643188
2044-01-08 02:00:00+01:00,84.62093358499713
2044-01-08 03:00:00+01:00,83.4186103867292
2044-01-08 04:00:00+01:00,83.40225224797726
2044-01-08 05:00:00+01:00,86.27310559894353
2044-01-08 06:00:00+01:00,96.00619815635058
2044-01-08 07:00:00+01:00,102.45948389399274
2044-01-08 08:00:00+01:00,110.20506259303852
2044-01-08 09:00:00+01:00,110.03330213614309
2044-01-08 10:00:00+01:00,105.87833489314917
2044-01-08 11:00:00+01:00,105.1258605105597
2044-01-08 12:00:00+01:00,99.77674913867382
2044-01-08 13:00:00+01:00,99.67860030616214
2044-01-08 14:00:00+01:00,102.03417228644219
2044-01-08 15:00:00+01:00,104.66783262550526
2044-01-08 16:00:00+01:00,111.35013230567463
2044-01-08 17:00:00+01:00,125.66350371362617
2044-01-08 18:00:00+01:00,125.94977114178522
2044-01-08 19:00:00+01:00,118.98938310283276
2044-01-08 20:00:00+01:00,109.15814171291404
2044-01-08 21:00:00+01:00,98.96702127045256
2044-01-08 22:00:00+01:00,98.0673236390956
2044-01-08 23:00:00+01:00,96.38243534764531
2044-01-09 00:00:00+01:00,90.9515332819997
2044-01-09 01:00:00+01:00,90.67344492321664
2044-01-09 02:00:00+01:00,89.95368681813108
2044-01-09 03:00:00+01:00,89.03763104802218
2044-01-09 04:00:00+01:00,88.9476612848865
2044-01-09 05:00:00+01:00,92.1620355496436
2044-01-09 06:00:00+01:00,101.80515834391495
2044-01-09 07:00:00+01:00,117.69709014142914
2044-01-09 08:00:00+01:00,124.87013398415685
2044-01-09 09:00:00+01:00,118.85851799281721
2044-01-09 10:00:00+01:00,105.927409309405
2044-01-09 11:00:00+01:00,101.27351883447675
2044-01-09 12:00:00+01:00,97.22487949337045
2044-01-09 13:00:00+01:00,97.89556318220019
2044-01-09 14:00:00+01:00,104.39792333609817
2044-01-09 15:00:00+01:00,110.6221951312131
2044-01-09 16:00:00+01:00,119.3656202941275
2044-01-09 17:00:00+01:00,130.5627662698336
2044-01-09 18:00:00+01:00,130.83267555924067
2044-01-09 19:00:00+01:00,122.57181548950862
2044-01-09 20:00:00+01:00,108.61832313409988
2044-01-09 21:00:00+01:00,102.9420489871751
2044-01-09 22:00:00+01:00,98.32087478975075
2044-01-09 23:00:00+01:00,94.57486101555543
2044-01-10 00:00:00+01:00,90.40353563380955
2044-01-10 01:00:00+01:00,88.47327526108009
2044-01-10 02:00:00+01:00,87.92527761288994
2044-01-10 03:00:00+01:00,86.82928231650965
2044-01-10 04:00:00+01:00,86.80474510838174
2044-01-10 05:00:00+01:00,89.07852639490204
2044-01-10 06:00:00+01:00,99.42504915550701
2044-01-10 07:00:00+01:00,114.66265540294341
2044-01-10 08:00:00+01:00,126.39144088808771
2044-01-10 09:00:00+01:00,116.93643668946372
2044-01-10 10:00:00+01:00,107.76769991899876
2044-01-10 11:00:00+01:00,102.66396062839205
2044-01-10 12:00:00+01:00,98.95066313170061
2044-01-10 13:00:00+01:00,98.76254453605326
2044-01-10 14:00:00+01:00,102.63124435088815
2044-01-10 15:00:00+01:00,110.13145096865475
2044-01-10 16:00:00+01:00,116.11852975186649
2044-01-10 17:00:00+01:00,126.0969943905527
2044-01-10 18:00:00+01:00,126.78403621813437
2044-01-10 19:00:00+01:00,118.90759240907305
2044-01-10 20:00:00+01:00,108.92912777038683
2044-01-10 21:00:00+01:00,100.30020957873604
2044-01-10 22:00:00+01:00,97.60929575404117
2044-01-10 23:00:00+01:00,93.60155175981473
2044-01-11 00:00:00+01:00,89.33207754555718
2044-01-11 01:00:00+01:00,87.04193812028494
2044-01-11 02:00:00+01:00,85.13621495568339
2044-01-11 03:00:00+01:00,84.37556150371796
2044-01-11 04:00:00+01:00,84.73544055626074
2044-01-11 05:00:00+01:00,87.71262180911467
2044-01-11 06:00:00+01:00,99.57227240427451
2044-01-11 07:00:00+01:00,113.16588570714049
2044-01-11 08:00:00+01:00,130.3173941885544
2044-01-11 09:00:00+01:00,120.24895978673251
2044-01-11 10:00:00+01:00,108.2584440815571
2044-01-11 11:00:00+01:00,100.34110492561591
2044-01-11 12:00:00+01:00,96.177958613246
2044-01-11 13:00:00+01:00,96.16160047449405
2044-01-11 14:00:00+01:00,99.88307704056146
2044-01-11 15:00:00+01:00,109.22357426792183
2044-01-11 16:00:00+01:00,116.57655763692094
2044-01-11 17:00:00+01:00,127.73280826574717
2044-01-11 18:00:00+01:00,128.52617799521647
2044-01-11 19:00:00+01:00,122.62906897514046
2044-01-11 20:00:00+01:00,109.2317533372978
2044-01-11 21:00:00+01:00,100.10391191371272
2044-01-11 22:00:00+01:00,97.17580507711463
2044-01-11 23:00:00+01:00,91.29505419579053
2044-01-12 00:00:00+01:00,85.7251079507534
2044-01-12 01:00:00+01:00,83.78666850864796
2044-01-12 02:00:00+01:00,83.6230871211285
2044-01-12 03:00:00+01:00,82.46983833911642
2044-01-12 04:00:00+01:00,82.91968715479489
2044-01-12 05:00:00+01:00,84.62093358499713
2044-01-12 06:00:00+01:00,93.85510291046987
2044-01-12 07:00:00+01:00,107.83313247400655
2044-01-12 08:00:00+01:00,122.9398736114274
2044-01-12 09:00:00+01:00,114.80169958233495
2044-01-12 10:00:00+01:00,105.87833489314917
2044-01-12 11:00:00+01:00,100.22659795435229
2044-01-12 12:00:00+01:00,96.43150976390115
2044-01-12 13:00:00+01:00,94.30495172614835
2044-01-12 14:00:00+01:00,96.40697255577322
2044-01-12 15:00:00+01:00,100.61101421502299
2044-01-12 16:00:00+01:00,105.22400934307137
2044-01-12 17:00:00+01:00,113.64027173094688
2044-01-12 18:00:00+01:00,116.11035068249052
2044-01-12 19:00:00+01:00,111.05568580813963
2044-01-12 20:00:00+01:00,102.00145600893828
2044-01-12 21:00:00+01:00,93.74059593920626
2044-01-12 22:00:00+01:00,91.08239839201525
2044-01-12 23:00:00+01:00,87.11554974466868
2044-01-13 00:00:00+01:00,89.81464263873956
2044-01-13 01:00:00+01:00,85.4551986613463
2044-01-13 02:00:00+01:00,84.93173822128409
2044-01-13 03:00:00+01:00,84.67818707062894
2044-01-13 04:00:00+01:00,84.38374057309395
2044-01-13 05:00:00+01:00,84.93173822128409
2044-01-13 06:00:00+01:00,85.83143585264104
2044-01-13 07:00:00+01:00,86.17495676643188
2044-01-13 08:00:00+01:00,87.614472976603
2044-01-13 09:00:00+01:00,89.88825426312329
2044-01-13 10:00:00+01:00,89.96186588750705
2044-01-13 11:00:00+01:00,89.02127290927024
2044-01-13 12:00:00+01:00,85.49609400822618
2044-01-13 13:00:00+01:00,84.56368009936533
2044-01-13 14:00:00+01:00,84.90720101315617
2044-01-13 15:00:00+01:00,87.4672497278355
2044-01-13 16:00:00+01:00,88.01524737602564
2044-01-13 17:00:00+01:00,93.9614308123575
2044-01-13 18:00:00+01:00,96.4151516251492
2044-01-13 19:00:00+01:00,95.03288890060988
2044-01-13 20:00:00+01:00,92.12931927213971
2044-01-13 21:00:00+01:00,89.07034732552606
2044-01-13 22:00:00+01:00,89.73285194497983
2044-01-13 23:00:00+01:00,88.80043803611898
2044-01-14 00:00:00+01:00,85.1607521638113
2044-01-14 01:00:00+01:00,84.59639637686921
2044-01-14 02:00:00+01:00,84.58003823811727
2044-01-14 03:00:00+01:00,84.22015918557449
2044-01-14 04:00:00+01:00,84.15472663056671
2044-01-14 05:00:00+01:00,84.22833825495046
2044-01-14 06:00:00+01:00,84.1874429080706
2044-01-14 07:00:00+01:00,84.44917312810172
2044-01-14 08:00:00+01:00,84.19562197744658
2044-01-14 09:00:00+01:00,84.93991729066005
2044-01-14 10:00:00+01:00,84.25287546307837
2044-01-14 11:00:00+01:00,84.17926383869464
2044-01-14 12:00:00+01:00,83.24684992983379
2044-01-14 13:00:00+01:00,84.1874429080706
2044-01-14 14:00:00+01:00,84.40009871184589
2044-01-14 15:00:00+01:00,86.42032884771103
2044-01-14 16:00:00+01:00,89.42204730869288
2044-01-14 17:00:00+01:00,92.3992285615468
2044-01-14 18:00:00+01:00,93.72423780045432
2044-01-14 19:00:00+01:00,92.67731692032986
2044-01-14 20:00:00+01:00,90.24813331566608
2044-01-14 21:00:00+01:00,88.21972411042495
2044-01-14 22:00:00+01:00,87.5245032134673
2044-01-14 23:00:00+01:00,84.93173822128409
2044-01-15 00:00:00+01:00,86.23221025206368
2044-01-15 01:00:00+01:00,84.91538008253214
2044-01-15 02:00:00+01:00,85.06260333129964
2044-01-15 03:00:00+01:00,85.15257309443534
2044-01-15 04:00:00+01:00,84.98899170691588
2044-01-15 05:00:00+01:00,86.67387999836619
2044-01-15 06:00:00+01:00,91.06604025326331
2044-01-15 07:00:00+01:00,95.84261676883114
2044-01-15 08:00:00+01:00,101.22444441822091
2044-01-15 09:00:00+01:00,98.79526081355714
2044-01-15 10:00:00+01:00,98.81161895230909
2044-01-15 11:00:00+01:00,95.89169118508697
2044-01-15 12:00:00+01:00,94.03504243674126
2044-01-15 13:00:00+01:00,94.37856335053209
2044-01-15 14:00:00+01:00,95.38458888377669
2044-01-15 15:00:00+01:00,95.60542375692795
2044-01-15 16:00:00+01:00,97.6829073784249
2044-01-15 17:00:00+01:00,105.49391863247845
2044-01-15 18:00:00+01:00,110.87574628186825
2044-01-15 19:00:00+01:00,106.14824418255625
2044-01-15 20:00:00+01:00,98.85251429918895
2044-01-15 21:00:00+01:00,93.98596802048542
2044-01-15 22:00:00+01:00,92.06388671713194
2044-01-15 23:00:00+01:00,89.25028685179745
2044-01-16 00:00:00+01:00,86.51029861084673
2044-01-16 01:00:00+01:00,86.96014742652521
2044-01-16 02:00:00+01:00,85.839614922017
2044-01-16 03:00:00+01:00,86.14224048892798
2044-01-16 04:00:00+01:00,86.19131490518382
2044-01-16 05:00:00+01:00,86.95196835714924
2044-01-16 06:00:00+01:00,92.62006343469804
2044-01-16 07:00:00+01:00,104.69236983363318
2044-01-16 08:00:00+01:00,123.70052706339283
2044-01-16 09:00:00+01:00,117.74616455768498
2044-01-16 10:00:00+01:00,109.29718589230558
2044-01-16 11:00:00+01:00,102.03417228644219
2044-01-16 12:00:00+01:00,94.90202379059433
2044-01-16 13:00:00+01:00,94.46853311366779
2044-01-16 14:00:00+01:00,96.23521209887781
2044-01-16 15:00:00+01:00,105.29762096745512
2044-01-16 16:00:00+01:00,109.71431843048018
2044-01-16 17:00:00+01:00,123.71688520214477
2044-01-16 18:00:00+01:00,121.76208762128738
2044-01-16 19:00:00+01:00,113.64845080032285
2044-01-16 20:00:00+01:00,100.97907233694174
2044-01-16 21:00:00+01:00,92.63642157345
2044-01-16 22:00:00+01:00,92.6609587815779
2044-01-16 23:00:00+01:00,89.13577988053385
2044-01-17 00:00:00+01:00,85.6923916732495
2044-01-17 01:00:00+01:00,84.08929407555894
2044-01-17 02:00:00+01:00,81.75825930340682
2044-01-17 03:00:00+01:00,81.65193140151919
2044-01-17 04:00:00+01:00,81.6764686096471
2044-01-17 05:00:00+01:00,85.61060097948979
2044-01-17 06:00:00+01:00,89.83917984686747
2044-01-17 07:00:00+01:00,102.18139553520967
2044-01-17 08:00:00+01:00,107.2524185483125
2044-01-17 09:00:00+01:00,105.96830465628486
2044-01-17 10:00:00+01:00,104.96227912304026
2044-01-17 11:00:00+01:00,103.93171638166774
2044-01-17 12:00:00+01:00,101.54342812388383
2044-01-17 13:00:00+01:00,100.82367001879828
2044-01-17 14:00:00+01:00,101.91966531517856
2044-01-17 15:00:00+01:00,105.91105117065305
2044-01-17 16:00:00+01:00,108.70011382785961
2044-01-17 17:00:00+01:00,118.62132498091401
2044-01-17 18:00:00+01:00,114.29459728102466
2044-01-17 19:00:00+01:00,105.38759073059082
2044-01-17 20:00:00+01:00,98.45991896914228
2044-01-17 21:00:00+01:00,90.28902866254595
2044-01-17 22:00:00+01:00,89.03763104802218
2044-01-17 23:00:00+01:00,85.95412189328063
2044-01-18 00:00:00+01:00,80.24513146885195
2044-01-18 01:00:00+01:00,77.19433859161427
2044-01-18 02:00:00+01:00,76.18013398899372
2044-01-18 03:00:00+01:00,75.92658283833858
2044-01-18 04:00:00+01:00,76.14741771148982
2044-01-18 05:00:00+01:00,79.83617800005334
2044-01-18 06:00:00+01:00,87.84348691913021
2044-01-18 07:00:00+01:00,100.00576308120104
2044-01-18 08:00:00+01:00,107.83313247400655
2044-01-18 09:00:00+01:00,106.6635255532425
2044-01-18 10:00:00+01:00,99.31872125361937
2044-01-18 11:00:00+01:00,96.30064465388558
2044-01-18 12:00:00+01:00,91.09057746139122
2044-01-18 13:00:00+01:00,90.28084959316996
2044-01-18 14:00:00+01:00,90.27267052379399
2044-01-18 15:00:00+01:00,91.0987565307672
2044-01-18 16:00:00+01:00,93.47068664979918
2044-01-18 17:00:00+01:00,100.68462583940675
2044-01-18 18:00:00+01:00,100.34110492561591
2044-01-18 19:00:00+01:00,95.03288890060988
2044-01-18 20:00:00+01:00,88.89040779925467
2044-01-18 21:00:00+01:00,87.56539856034716
2044-01-18 22:00:00+01:00,85.94594282390464
2044-01-18 23:00:00+01:00,82.48619647786836
2044-01-19 00:00:00+01:00,80.32692216261167
2044-01-19 01:00:00+01:00,79.26364314373527
2044-01-19 02:00:00+01:00,78.7238245649211
2044-01-19 03:00:00+01:00,78.52752689989777
2044-01-19 04:00:00+01:00,78.24943854111471
2044-01-19 05:00:00+01:00,80.15516170571625
2044-01-19 06:00:00+01:00,84.17108476931865
2044-01-19 07:00:00+01:00,92.46466111655458
2044-01-19 08:00:00+01:00,99.83400262430563
2044-01-19 09:00:00+01:00,100.52922352126328
2044-01-19 10:00:00+01:00,90.8043100332322
2044-01-19 11:00:00+01:00,86.83746138588563
2044-01-19 12:00:00+01:00,83.20595458295392
2044-01-19 13:00:00+01:00,83.54947549674476
2044-01-19 14:00:00+01:00,85.44701959197033
2044-01-19 15:00:00+01:00,85.70874981200144
2044-01-19 16:00:00+01:00,89.00491477051828
2044-01-19 17:00:00+01:00,90.6816239925926
2044-01-19 18:00:00+01:00,94.00232615923737
2044-01-19 19:00:00+01:00,90.28902866254595
2044-01-19 20:00:00+01:00,87.19734043842841
2044-01-19 21:00:00+01:00,84.15472663056671
2044-01-19 22:00:00+01:00,86.12588235017604
2044-01-19 23:00:00+01:00,82.75610576727544
2044-01-20 00:00:00+01:00,78.42119899801013
2044-01-20 01:00:00+01:00,78.42119899801013
2044-01-20 02:00:00+01:00,78.51116876114581
2044-01-20 03:00:00+01:00,77.67690368479664
2044-01-20 04:00:00+01:00,77.66872461542067
2044-01-20 05:00:00+01:00,78.49481062239387
2044-01-20 06:00:00+01:00,78.40484085925819
2044-01-20 07:00:00+01:00,78.47845248364193
2044-01-20 08:00:00+01:00,82.06906393969378
2044-01-20 09:00:00+01:00,84.63729172374907
2044-01-20 10:00:00+01:00,82.89514994666698
2044-01-20 11:00:00+01:00,78.41301992863414
2044-01-20 12:00:00+01:00,75.20682473325301
2044-01-20 13:00:00+01:00,73.20295273613979
2044-01-20 14:00:00+01:00,74.64246894631091
2044-01-20 15:00:00+01:00,78.47027341426596
2044-01-20 16:00:00+01:00,82.60888251850795
2044-01-20 17:00:00+01:00,86.79656603900577
2044-01-20 18:00:00+01:00,89.31571940680524
2044-01-20 19:00:00+01:00,86.67387999836619
2044-01-20 20:00:00+01:00,83.99114524304727
2044-01-20 21:00:00+01:00,79.95068497131695
2044-01-20 22:00:00+01:00,80.29420588510779
2044-01-20 23:00:00+01:00,77.59511299103691
2044-01-21 00:00:00+01:00,75.16592938637314
2044-01-21 01:00:00+01:00,75.12503403949329
2044-01-21 02:00:00+01:00,73.90635270247341
2044-01-21 03:00:00+01:00,74.0862922287448
2044-01-21 04:00:00+01:00,74.65064801568688
2044-01-21 05:00:00+01:00,74.67518522381481
2044-01-21 06:00:00+01:00,75.96747818521843
2044-01-21 07:00:00+01:00,74.96145265197383
2044-01-21 08:00:00+01:00,74.69154336256675
2044-01-21 09:00:00+01:00,74.67518522381481
2044-01-21 10:00:00+01:00,74.65064801568688
2044-01-21 11:00:00+01:00,73.5873689968105
2044-01-21 12:00:00+01:00,70.49568077269296
2044-01-21 13:00:00+01:00,70.44660635643712
2044-01-21 14:00:00+01:00,73.62826434369035
2044-01-21 15:00:00+01:00,74.62611080755897
2044-01-21 16:00:00+01:00,75.82843400582689
2044-01-21 17:00:00+01:00,78.13493156985109
2044-01-21 18:00:00+01:00,78.16764784735498
2044-01-21 19:00:00+01:00,78.06131994546735
2044-01-21 20:00:00+01:00,77.79141065606026
2044-01-21 21:00:00+01:00,76.43368513964886
2044-01-21 22:00:00+01:00,77.13708510598248
2044-01-21 23:00:00+01:00,76.28646189088136
2044-01-22 00:00:00+01:00,73.67733875994618
2044-01-22 01:00:00+01:00,74.60975266880703
2044-01-22 02:00:00+01:00,74.64246894631091
2044-01-22 03:00:00+01:00,74.40527593440773
2044-01-22 04:00:00+01:00,72.75310392046131
2044-01-22 05:00:00+01:00,74.42163407315967
2044-01-22 06:00:00+01:00,77.34156184038179
2044-01-22 07:00:00+01:00,80.0815500813325
2044-01-22 08:00:00+01:00,80.69498028453043
2044-01-22 09:00:00+01:00,79.17367338059958
2044-01-22 10:00:00+01:00,79.68895475128583
2044-01-22 11:00:00+01:00,81.6192151240153
2044-01-22 12:00:00+01:00,81.6764686096471
2044-01-22 13:00:00+01:00,81.65193140151919
2044-01-22 14:00:00+01:00,81.1448291002089
2044-01-22 15:00:00+01:00,81.20208258584071
2044-01-22 16:00:00+01:00,81.11211282270501
2044-01-22 17:00:00+01:00,82.96876157105072
2044-01-22 18:00:00+01:00,82.83789646103517
2044-01-22 19:00:00+01:00,81.40655932024002
2044-01-22 20:00:00+01:00,78.31487109612249
2044-01-22 21:00:00+01:00,77.25977114662206
2044-01-22 22:00:00+01:00,77.5133222972772
2044-01-22 23:00:00+01:00,74.66700615443882
2044-01-23 00:00:00+01:00,71.95155512161602
2044-01-23 01:00:00+01:00,73.30110156865145
2044-01-23 02:00:00+01:00,73.29292249927549
2044-01-23 03:00:00+01:00,72.41776207604644
2044-01-23 04:00:00+01:00,72.42594114542243
2044-01-23 05:00:00+01:00,72.39322486791853
2044-01-23 06:00:00+01:00,75.94294097709052
2044-01-23 07:00:00+01:00,79.15731524184764
2044-01-23 08:00:00+01:00,81.69282674839904
2044-01-23 09:00:00+01:00,81.31658955710432
2044-01-23 10:00:00+01:00,78.47027341426596
2044-01-23 11:00:00+01:00,76.67087815155205
2044-01-23 12:00:00+01:00,76.19649212774566
2044-01-23 13:00:00+01:00,76.67087815155205
2044-01-23 14:00:00+01:00,75.92658283833858
2044-01-23 15:00:00+01:00,76.86717581657538
2044-01-23 16:00:00+01:00,77.61965019916484
2044-01-23 17:00:00+01:00,79.77892451442152
2044-01-23 18:00:00+01:00,79.44358267000666
2044-01-23 19:00:00+01:00,77.23523393849413
2044-01-23 20:00:00+01:00,76.82628046969552
2044-01-23 21:00:00+01:00,75.3540479820205
2044-01-23 22:00:00+01:00,75.36222705139649
2044-01-23 23:00:00+01:00,71.09275283713895
2044-01-24 00:00:00+01:00,75.6812107570594
2044-01-24 01:00:00+01:00,72.76946205921325
2044-01-24 02:00:00+01:00,70.58565053582865
2044-01-24 03:00:00+01:00,71.15000632277074
2044-01-24 04:00:00+01:00,70.25848776078976
2044-01-24 05:00:00+01:00,72.76128298983728
2044-01-24 06:00:00+01:00,77.67690368479664
2044-01-24 07:00:00+01:00,81.51288722212766
2044-01-24 08:00:00+01:00,80.81766632517001
2044-01-24 09:00:00+01:00,80.47414541137917
2044-01-24 10:00:00+01:00,77.73415717042845
2044-01-24 11:00:00+01:00,76.78538512281565
2044-01-24 12:00:00+01:00,78.96919664620027
2044-01-24 13:00:00+01:00,79.18185244997555
2044-01-24 14:00:00+01:00,78.6338548017854
2044-01-24 15:00:00+01:00,78.74836177304901
2044-01-24 16:00:00+01:00,80.08972915070848
2044-01-24 17:00:00+01:00,81.66011047089516
2044-01-24 18:00:00+01:00,84.56368009936533
2044-01-24 19:00:00+01:00,83.27956620733767
2044-01-24 20:00:00+01:00,77.57875485228497
2044-01-24 21:00:00+01:00,76.00019446272232
2044-01-24 22:00:00+01:00,76.00019446272232
2044-01-24 23:00:00+01:00,75.66485261830745
2044-01-25 00:00:00+01:00,72.77764112858922
2044-01-25 01:00:00+01:00,72.85943182234895
2044-01-25 02:00:00+01:00,70.2748458995417
2044-01-25 03:00:00+01:00,69.95586219387879
2044-01-25 04:00:00+01:00,70.88827610273964
2044-01-25 05:00:00+01:00,76.02473167085024
2044-01-25 06:00:00+01:00,77.23523393849413
2044-01-25 07:00:00+01:00,83.77031036989601
2044-01-25 08:00:00+01:00,85.76600329763326
2044-01-25 09:00:00+01:00,85.70057074262547
2044-01-25 10:00:00+01:00,82.92786622417087
2044-01-25 11:00:00+01:00,81.36566397336014
2044-01-25 12:00:00+01:00,79.83617800005334
2044-01-25 13:00:00+01:00,80.90763608830571
2044-01-25 14:00:00+01:00,82.39622671473266
2044-01-25 15:00:00+01:00,85.92140561577673
2044-01-25 16:00:00+01:00,91.53224720769373
2044-01-25 17:00:00+01:00,98.37812827538255
2044-01-25 18:00:00+01:00,98.39448641413449
2044-01-25 19:00:00+01:00,93.04537504224861
2044-01-25 20:00:00+01:00,85.17711030256325
2044-01-25 21:00:00+01:00,79.63170126565403
2044-01-25 22:00:00+01:00,78.14311063922706
2044-01-25 23:00:00+01:00,76.04108980960218
2044-01-26 00:00:00+01:00,71.17454353089866
2044-01-26 01:00:00+01:00,69.42422268444058
2044-01-26 02:00:00+01:00,70.72469471522018
2044-01-26 03:00:00+01:00,71.00278307400325
2044-01-26 04:00:00+01:00,70.4547854258131
2044-01-26 05:00:00+01:00,71.12546911464283
2044-01-26 06:00:00+01:00,78.60113852428151
2044-01-26 07:00:00+01:00,81.03032212894529
2044-01-26 08:00:00+01:00,83.11598481981822
2044-01-26 09:00:00+01:00,81.33294769585626
2044-01-26 10:00:00+01:00,79.6971338206618
2044-01-26 11:00:00+01:00,77.64418740729275
2044-01-26 12:00:00+01:00,79.5499105718943
2044-01-26 13:00:00+01:00,79.3127175599911
2044-01-26 14:00:00+01:00,78.47845248364193
2044-01-26 15:00:00+01:00,78.51116876114581
2044-01-26 16:00:00+01:00,78.40484085925819
2044-01-26 17:00:00+01:00,80.23695239947597
2044-01-26 18:00:00+01:00,85.29979634320283
2044-01-26 19:00:00+01:00,86.4039707089591
2044-01-26 20:00:00+01:00,82.83789646103517
2044-01-26 21:00:00+01:00,80.1388035669643
2044-01-26 22:00:00+01:00,77.91409669669983
2044-01-26 23:00:00+01:00,72.83489461422104
2044-01-27 00:00:00+01:00,67.22405302230403
2044-01-27 01:00:00+01:00,67.01957628790473
2044-01-27 02:00:00+01:00,66.91324838601709
2044-01-27 03:00:00+01:00,67.46124603420722
2044-01-27 04:00:00+01:00,67.53485765859098
2044-01-27 05:00:00+01:00,65.8172530896368
2044-01-27 06:00:00+01:00,63.731590398763856
2044-01-27 07:00:00+01:00,67.27312743855987
2044-01-27 08:00:00+01:00,73.03119227924437
2044-01-27 09:00:00+01:00,71.28905050216227
2044-01-27 10:00:00+01:00,68.07467623740514
2044-01-27 11:00:00+01:00,64.96662987453568
2044-01-27 12:00:00+01:00,65.39194148208624
2044-01-27 13:00:00+01:00,58.30886740249422
2044-01-27 14:00:00+01:00,61.57231608350717
2044-01-27 15:00:00+01:00,69.75956452885545
2044-01-27 16:00:00+01:00,77.31702463225386
2044-01-27 17:00:00+01:00,81.84004999716655
2044-01-27 18:00:00+01:00,87.7289799478666
2044-01-27 19:00:00+01:00,85.250721926947
2044-01-27 20:00:00+01:00,81.61103605463933
2044-01-27 21:00:00+01:00,78.00406645983553
2044-01-27 22:00:00+01:00,76.8344595390715
2044-01-27 23:00:00+01:00,74.44617128128758
2044-01-28 00:00:00+01:00,73.7918457312098
2044-01-28 01:00:00+01:00,70.29938310766963
2044-01-28 02:00:00+01:00,68.06649716802919
2044-01-28 03:00:00+01:00,65.49009031459791
2044-01-28 04:00:00+01:00,64.47588571197734
2044-01-28 05:00:00+01:00,63.7479485375158
2044-01-28 06:00:00+01:00,66.65151816598598
2044-01-28 07:00:00+01:00,70.1276226507742
2044-01-28 08:00:00+01:00,68.1482878617889
2044-01-28 09:00:00+01:00,66.45522050096264
2044-01-28 10:00:00+01:00,62.91368346116663
2044-01-28 11:00:00+01:00,58.03077904371116
2044-01-28 12:00:00+01:00,54.60374897517876
2044-01-28 13:00:00+01:00,43.97095878641477
2044-01-28 14:00:00+01:00,48.83750506511828
2044-01-28 15:00:00+01:00,57.01657444109059
2044-01-28 16:00:00+01:00,68.18918320866877
2044-01-28 17:00:00+01:00,77.06347348159872
2044-01-28 18:00:00+01:00,79.32907569874305
2044-01-28 19:00:00+01:00,78.14311063922706
2044-01-28 20:00:00+01:00,76.43368513964886
2044-01-28 21:00:00+01:00,74.38891779565579
2044-01-28 22:00:00+01:00,72.99029693236452
2044-01-28 23:00:00+01:00,71.27269236341033
2044-01-29 00:00:00+01:00,67.65754369923057
2044-01-29 01:00:00+01:00,63.33899506871719
2044-01-29 02:00:00+01:00,55.8633256590785
2044-01-29 03:00:00+01:00,58.79143249567659
2044-01-29 04:00:00+01:00,58.77507435692464
2044-01-29 05:00:00+01:00,69.08070177064974
2044-01-29 06:00:00+01:00,78.49481062239387
2044-01-29 07:00:00+01:00,83.99114524304727
2044-01-29 08:00:00+01:00,91.04968211451137
2044-01-29 09:00:00+01:00,84.04839872867906
2044-01-29 10:00:00+01:00,78.56024317740166
2044-01-29 11:00:00+01:00,77.6032920604129
2044-01-29 12:00:00+01:00,76.91625023283122
2044-01-29 13:00:00+01:00,76.72813163718386
2044-01-29 14:00:00+01:00,80.14698263634028
2044-01-29 15:00:00+01:00,83.79484757802393
2044-01-29 16:00:00+01:00,96.39061441702128
2044-01-29 17:00:00+01:00,104.67601169488123
2044-01-29 18:00:00+01:00,106.23003487631597
2044-01-29 19:00:00+01:00,101.2898769732287
2044-01-29 20:00:00+01:00,88.62867757922356
2044-01-29 21:00:00+01:00,81.59467791588737
2044-01-29 22:00:00+01:00,79.10824082559179
2044-01-29 23:00:00+01:00,76.27010375212942
2044-01-30 00:00:00+01:00,71.37902026529797
2044-01-30 01:00:00+01:00,69.95586219387879
2044-01-30 02:00:00+01:00,69.98039940200671
2044-01-30 03:00:00+01:00,69.61234128008795
2044-01-30 04:00:00+01:00,69.595983141336
2044-01-30 05:00:00+01:00,71.12546911464283
2044-01-30 06:00:00+01:00,78.47027341426596
2044-01-30 07:00:00+01:00,86.4612241945909
2044-01-30 08:00:00+01:00,92.52191460218637
2044-01-30 09:00:00+01:00,85.84779399139298
2044-01-30 10:00:00+01:00,79.33725476811902
2044-01-30 11:00:00+01:00,78.35576644300235
2044-01-30 12:00:00+01:00,76.3028200296333
2044-01-30 13:00:00+01:00,76.3028200296333
2044-01-30 14:00:00+01:00,77.75869437855636
2044-01-30 15:00:00+01:00,80.4087128563714
2044-01-30 16:00:00+01:00,82.4453011309885
2044-01-30 17:00:00+01:00,85.79871957513714
2044-01-30 18:00:00+01:00,92.35833321466694
2044-01-30 19:00:00+01:00,89.08670546427801
2044-01-30 20:00:00+01:00,83.85210106365574
2044-01-30 21:00:00+01:00,78.88740595244055
2044-01-30 22:00:00+01:00,77.83230600294011
2044-01-30 23:00:00+01:00,76.06562701773011
2044-01-31 00:00:00+01:00,74.3807387262798
2044-01-31 01:00:00+01:00,71.959734190992
2044-01-31 02:00:00+01:00,70.69197843771629
2044-01-31 03:00:00+01:00,70.94552958837143
2044-01-31 04:00:00+01:00,69.93950405512683
2044-01-31 05:00:00+01:00,75.05142241510953
2044-01-31 06:00:00+01:00,81.15300816958488
2044-01-31 07:00:00+01:00,94.94291913747418
2044-01-31 08:00:00+01:00,103.40825594160552
2044-01-31 09:00:00+01:00,89.07852639490204
2044-01-31 10:00:00+01:00,82.27354067409308
2044-01-31 11:00:00+01:00,78.75654084242498
2044-01-31 12:00:00+01:00,76.47458048652872
2044-01-31 13:00:00+01:00,76.78538512281565
2044-01-31 14:00:00+01:00,77.72597810105248
2044-01-31 15:00:00+01:00,79.22274779685542
2044-01-31 16:00:00+01:00,79.98340124882083
2044-01-31 17:00:00+01:00,82.51073368599627
2044-01-31 18:00:00+01:00,86.03591258704034
2044-01-31 19:00:00+01:00,83.99932431242324
2044-01-31 20:00:00+01:00,80.10608728946042
2044-01-31 21:00:00+01:00,76.37643165401704
2044-01-31 22:00:00+01:00,75.58306192454774
2044-01-31 23:00:00+01:00,70.98642493525129
2044-02-01 00:00:00+01:00,71.77161559534464
2044-02-01 01:00:00+01:00,71.75525745659269
2044-02-01 02:00:00+01:00,71.73889931784075
2044-02-01 03:00:00+01:00,74.2335154775123
2044-02-01 04:00:00+01:00,74.40527593440773
2044-02-01 05:00:00+01:00,74.42981314253564
2044-02-01 06:00:00+01:00,84.17108476931865
2044-02-01 07:00:00+01:00,88.31787294293662
2044-02-01 08:00:00+01:00,88.57142409359176
2044-02-01 09:00:00+01:00,87.9988892372737
2044-02-01 10:00:00+01:00,84.16290569994268
2044-02-01 11:00:00+01:00,83.36953597047336
2044-02-01 12:00:00+01:00,82.27354067409308
2044-02-01 13:00:00+01:00,82.65795693476379
2044-02-01 14:00:00+01:00,82.24900346596517
2044-02-01 15:00:00+01:00,84.91538008253214
2044-02-01 16:00:00+01:00,86.51029861084673
2044-02-01 17:00:00+01:00,88.98855663176634
2044-02-01 18:00:00+01:00,95.24554470438517
2044-02-01 19:00:00+01:00,91.15601001639901
2044-02-01 20:00:00+01:00,89.54473334933246
2044-02-01 21:00:00+01:00,83.3613569010974
2044-02-01 22:00:00+01:00,79.64805940440597
2044-02-01 23:00:00+01:00,73.75912945370591
2044-02-02 00:00:00+01:00,73.47286202554687
2044-02-02 01:00:00+01:00,73.44832481741896
2044-02-02 02:00:00+01:00,76.96532464908705
2044-02-02 03:00:00+01:00,78.47027341426596
2044-02-02 04:00:00+01:00,78.53570596927374
2044-02-02 05:00:00+01:00,77.70144089292457
2044-02-02 06:00:00+01:00,82.52709182474821
2044-02-02 07:00:00+01:00,86.43668698646297
2044-02-02 08:00:00+01:00,88.26061945730481
2044-02-02 09:00:00+01:00,85.79054050576117
2044-02-02 10:00:00+01:00,84.58003823811727
2044-02-02 11:00:00+01:00,81.7337220952789
2044-02-02 12:00:00+01:00,81.42291745899196
2044-02-02 13:00:00+01:00,81.39838025086404
2044-02-02 14:00:00+01:00,81.42291745899196
2044-02-02 15:00:00+01:00,81.44745466711987
2044-02-02 16:00:00+01:00,85.07896147005158
2044-02-02 17:00:00+01:00,84.17926383869464
2044-02-02 18:00:00+01:00,85.96230096265658
2044-02-02 19:00:00+01:00,82.69885228164364
2044-02-02 20:00:00+01:00,78.4293780673861
2044-02-02 21:00:00+01:00,76.39278979276898
2044-02-02 22:00:00+01:00,77.70144089292457
2044-02-02 23:00:00+01:00,73.64462248244229
2044-02-03 00:00:00+01:00,70.87191796398768
2044-02-03 01:00:00+01:00,76.81810140031955
2044-02-03 02:00:00+01:00,71.2808714327863
2044-02-03 03:00:00+01:00,71.17454353089866
2044-02-03 04:00:00+01:00,70.84738075585976
2044-02-03 05:00:00+01:00,69.71866918197559
2044-02-03 06:00:00+01:00,70.87191796398768
2044-02-03 07:00:00+01:00,70.87191796398768
2044-02-03 08:00:00+01:00,70.56111332770074
2044-02-03 09:00:00+01:00,68.22189948617266
2044-02-03 10:00:00+01:00,68.57359946933947
2044-02-03 11:00:00+01:00,64.43499036509748
2044-02-03 12:00:00+01:00,50.42424452405692
2044-02-03 13:00:00+01:00,40.45395895474667
2044-02-03 14:00:00+01:00,50.32609569154525
2044-02-03 15:00:00+01:00,65.40829962083818
2044-02-03 16:00:00+01:00,78.53570596927374
2044-02-03 17:00:00+01:00,78.96919664620027
2044-02-03 18:00:00+01:00,79.24728500498333
2044-02-03 19:00:00+01:00,79.01009199308012
2044-02-03 20:00:00+01:00,78.87104781368859
2044-02-03 21:00:00+01:00,78.51116876114581
2044-02-03 22:00:00+01:00,78.58478038552957
2044-02-03 23:00:00+01:00,70.90463424149158
2044-02-04 00:00:00+01:00,76.85081767782344
2044-02-04 01:00:00+01:00,71.19908073902657
2044-02-04 02:00:00+01:00,68.51634598370765
2044-02-04 03:00:00+01:00,64.52496012823318
2044-02-04 04:00:00+01:00,60.46814171775091
2044-02-04 05:00:00+01:00,64.54949733636109
2044-02-04 06:00:00+01:00,65.40012055146221
2044-02-04 07:00:00+01:00,69.49783430882434
2044-02-04 08:00:00+01:00,64.57403454448901
2044-02-04 09:00:00+01:00,60.47632078712688
2044-02-04 10:00:00+01:00,30.262838512285178
2044-02-04 11:00:00+01:00,32.20945702376658
2044-02-04 12:00:00+01:00,24.234864382193585
2044-02-04 13:00:00+01:00,20.251657596095065
2044-02-04 14:00:00+01:00,23.114331877685373
2044-02-04 15:00:00+01:00,34.54867086529466
2044-02-04 16:00:00+01:00,58.87322318943631
2044-02-04 17:00:00+01:00,77.82412693356414
2044-02-04 18:00:00+01:00,77.47242695039733
2044-02-04 19:00:00+01:00,77.34974090975774
2044-02-04 20:00:00+01:00,77.13708510598248
2044-02-04 21:00:00+01:00,78.62567573240943
2044-02-04 22:00:00+01:00,78.5766013161536
2044-02-04 23:00:00+01:00,77.8077687948122
2044-02-05 00:00:00+01:00,70.83920168648379
2044-02-05 01:00:00+01:00,68.67174830185112
2044-02-05 02:00:00+01:00,67.04411349603265
2044-02-05 03:00:00+01:00,67.64118556047863
2044-02-05 04:00:00+01:00,67.72297625423835
2044-02-05 05:00:00+01:00,77.46424788102136
2044-02-05 06:00:00+01:00,78.38030365113026
2044-02-05 07:00:00+01:00,80.20423612197209
2044-02-05 08:00:00+01:00,82.30625695159696
2044-02-05 09:00:00+01:00,80.84220353329793
2044-02-05 10:00:00+01:00,72.92486437735673
2044-02-05 11:00:00+01:00,75.14139217824523
2044-02-05 12:00:00+01:00,60.01829290207243
2044-02-05 13:00:00+01:00,57.409169771137265
2044-02-05 14:00:00+01:00,63.79702295377164
2044-02-05 15:00:00+01:00,71.20725980840255
2044-02-05 16:00:00+01:00,77.99588739045957
2044-02-05 17:00:00+01:00,80.81766632517001
2044-02-05 18:00:00+01:00,84.34284522621407
2044-02-05 19:00:00+01:00,82.48619647786836
2044-02-05 20:00:00+01:00,79.26364314373527
2044-02-05 21:00:00+01:00,71.2236179471545
2044-02-05 22:00:00+01:00,71.19908073902657
2044-02-05 23:00:00+01:00,67.01957628790473
2044-02-06 00:00:00+01:00,64.92573452765582
2044-02-06 01:00:00+01:00,64.77851127888832
2044-02-06 02:00:00+01:00,64.70489965450457
2044-02-06 03:00:00+01:00,64.65582523824872
2044-02-06 04:00:00+01:00,64.54949733636109
2044-02-06 05:00:00+01:00,66.47157863971458
2044-02-06 06:00:00+01:00,76.27010375212942
2044-02-06 07:00:00+01:00,80.22877333010001
2044-02-06 08:00:00+01:00,81.92184069092627
2044-02-06 09:00:00+01:00,79.92614776318904
2044-02-06 10:00:00+01:00,73.0802666955002
2044-02-06 11:00:00+01:00,70.43024821768518
2044-02-06 12:00:00+01:00,69.71049011259962
2044-02-06 13:00:00+01:00,68.66356923247517
2044-02-06 14:00:00+01:00,65.39194148208624
2044-02-06 15:00:00+01:00,66.90506931664112
2044-02-06 16:00:00+01:00,77.5133222972772
2044-02-06 17:00:00+01:00,80.03247566507666
2044-02-06 18:00:00+01:00,80.3759965788675
2044-02-06 19:00:00+01:00,79.33725476811902
2044-02-06 20:00:00+01:00,76.86717581657538
2044-02-06 21:00:00+01:00,71.52624351406547
2044-02-06 22:00:00+01:00,71.77979466472061
2044-02-06 23:00:00+01:00,67.27312743855987
2044-02-07 00:00:00+01:00,72.1069574397595
2044-02-07 01:00:00+01:00,71.81251094222449
2044-02-07 02:00:00+01:00,71.73889931784075
2044-02-07 03:00:00+01:00,71.77979466472061
2044-02-07 04:00:00+01:00,71.2481551552824
2044-02-07 05:00:00+01:00,72.42594114542243
2044-02-07 06:00:00+01:00,72.80217833671715
2044-02-07 07:00:00+01:00,80.90763608830571
2044-02-07 08:00:00+01:00,83.7457731617681
2044-02-07 09:00:00+01:00,81.93819882967821
2044-02-07 10:00:00+01:00,79.46811987813457
2044-02-07 11:00:00+01:00,79.12459896434375
2044-02-07 12:00:00+01:00,79.4599408087586
2044-02-07 13:00:00+01:00,80.41689192574736
2044-02-07 14:00:00+01:00,84.5718591687413
2044-02-07 15:00:00+01:00,87.70444273973868
2044-02-07 16:00:00+01:00,90.20723796878622
2044-02-07 17:00:00+01:00,105.43666514684665
2044-02-07 18:00:00+01:00,108.77372545224335
2044-02-07 19:00:00+01:00,97.20852135461851
2044-02-07 20:00:00+01:00,89.683777528724
2044-02-07 21:00:00+01:00,83.95842896554338
2044-02-07 22:00:00+01:00,82.55162903287614
2044-02-07 23:00:00+01:00,79.50083615563847
2044-02-08 00:00:00+01:00,78.69110828741721
2044-02-08 01:00:00+01:00,75.83661307520288
2044-02-08 02:00:00+01:00,74.92055730509398
2044-02-08 03:00:00+01:00,73.97996432685717
2044-02-08 04:00:00+01:00,73.97996432685717
2044-02-08 05:00:00+01:00,78.3966617898822
2044-02-08 06:00:00+01:00,87.09919160591674
2044-02-08 07:00:00+01:00,101.48617463825204
2044-02-08 08:00:00+01:00,112.75693223834188
2044-02-08 09:00:00+01:00,101.79697927453898
2044-02-08 10:00:00+01:00,91.58132162394956
2044-02-08 11:00:00+01:00,89.9455077487551
2044-02-08 12:00:00+01:00,87.36092182594786
2044-02-08 13:00:00+01:00,86.24038932143965
2044-02-08 14:00:00+01:00,87.38545903407578
2044-02-08 15:00:00+01:00,89.53655427995649
2044-02-08 16:00:00+01:00,92.34197507591499
2044-02-08 17:00:00+01:00,94.69754705619502
2044-02-08 18:00:00+01:00,92.08024485588388
2044-02-08 19:00:00+01:00,85.38158703696256
2044-02-08 20:00:00+01:00,81.03032212894529
2044-02-08 21:00:00+01:00,79.6071640575261
2044-02-08 22:00:00+01:00,79.53355243314236
2044-02-08 23:00:00+01:00,73.4646829561709
2044-02-09 00:00:00+01:00,72.90032716922882
2044-02-09 01:00:00+01:00,72.82671554484506
2044-02-09 02:00:00+01:00,71.16636446152268
2044-02-09 03:00:00+01:00,71.07639469838699
2044-02-09 04:00:00+01:00,72.49955276980617
2044-02-09 05:00:00+01:00,73.12116204238006
2044-02-09 06:00:00+01:00,76.82628046969552
2044-02-09 07:00:00+01:00,81.75008023403086
2044-02-09 08:00:00+01:00,81.74190116465488
2044-02-09 09:00:00+01:00,78.1022152923472
2044-02-09 10:00:00+01:00,78.1022152923472
2044-02-09 11:00:00+01:00,80.10608728946042
2044-02-09 12:00:00+01:00,79.50083615563847
2044-02-09 13:00:00+01:00,79.66441754315791
2044-02-09 14:00:00+01:00,79.5499105718943
2044-02-09 15:00:00+01:00,79.94250590194098
2044-02-09 16:00:00+01:00,82.69067321226767
2044-02-09 17:00:00+01:00,86.74749162274993
2044-02-09 18:00:00+01:00,86.8783567327655
2044-02-09 19:00:00+01:00,84.22833825495046
2044-02-09 20:00:00+01:00,80.08972915070848
2044-02-09 21:00:00+01:00,77.61147112978887
2044-02-09 22:00:00+01:00,76.82628046969552
2044-02-09 23:00:00+01:00,72.72038764295742
2044-02-10 00:00:00+01:00,69.36696919880879
2044-02-10 01:00:00+01:00,67.79658787862209
2044-02-10 02:00:00+01:00,66.65969723536195
2044-02-10 03:00:00+01:00,66.61062281910611
2044-02-10 04:00:00+01:00,65.27743451082262
2044-02-10 05:00:00+01:00,66.61880188848208
2044-02-10 06:00:00+01:00,66.8478158310093
2044-02-10 07:00:00+01:00,71.63257141595311
2044-02-10 08:00:00+01:00,74.78969219507842
2044-02-10 09:00:00+01:00,74.83876661133425
2044-02-10 10:00:00+01:00,71.76343652596866
2044-02-10 11:00:00+01:00,70.3320993851735
2044-02-10 12:00:00+01:00,69.58780407196004
2044-02-10 13:00:00+01:00,69.34243199068086
2044-02-10 14:00:00+01:00,69.95586219387879
2044-02-10 15:00:00+01:00,73.71005503745008
2044-02-10 16:00:00+01:00,79.57444778002221
2044-02-10 17:00:00+01:00,82.78064297540337
2044-02-10 18:00:00+01:00,83.90117547991157
2044-02-10 19:00:00+01:00,79.23910593560736
2044-02-10 20:00:00+01:00,74.90419916634204
2044-02-10 21:00:00+01:00,70.8964551721156
2044-02-10 22:00:00+01:00,71.43627375092977
2044-02-10 23:00:00+01:00,68.42637622057197
2044-02-11 00:00:00+01:00,62.99547415492635
2044-02-11 01:00:00+01:00,63.191771819949686
2044-02-11 02:00:00+01:00,61.11428819845272
2044-02-11 03:00:00+01:00,60.81984170091772
2044-02-11 04:00:00+01:00,57.04111164921851
2044-02-11 05:00:00+01:00,55.59341636967142
2044-02-11 06:00:00+01:00,61.752255609778565
2044-02-11 07:00:00+01:00,62.308432327344676
2044-02-11 08:00:00+01:00,65.11385312330319
2044-02-11 09:00:00+01:00,65.32650892707846
2044-02-11 10:00:00+01:00,66.15259493405166
2044-02-11 11:00:00+01:00,66.91324838601709
2044-02-11 12:00:00+01:00,66.18531121155556
2044-02-11 13:00:00+01:00,64.79486941764026
2044-02-11 14:00:00+01:00,64.45952757322539
2044-02-11 15:00:00+01:00,67.00321814915279
2044-02-11 16:00:00+01:00,70.40571100955727
2044-02-11 17:00:00+01:00,77.84866414169205
2044-02-11 18:00:00+01:00,80.1388035669643
2044-02-11 19:00:00+01:00,78.86286874431264
2044-02-11 20:00:00+01:00,76.85081767782344
2044-02-11 21:00:00+01:00,71.79615280347255
2044-02-11 22:00:00+01:00,70.14398078952614
2044-02-11 23:00:00+01:00,65.88268564464458
2044-02-12 00:00:00+01:00,67.33855999356764
2044-02-12 01:00:00+01:00,66.1116995871718
2044-02-12 02:00:00+01:00,64.98298801328762
2044-02-12 03:00:00+01:00,63.79702295377164
2044-02-12 04:00:00+01:00,65.3755833433343
2044-02-12 05:00:00+01:00,67.69025997673445
2044-02-12 06:00:00+01:00,77.69326182354858
2044-02-12 07:00:00+01:00,86.27310559894353
2044-02-12 08:00:00+01:00,90.8942797963679
2044-02-12 09:00:00+01:00,86.63298465148632
2044-02-12 10:00:00+01:00,81.66828954027113
2044-02-12 11:00:00+01:00,78.58478038552957
2044-02-12 12:00:00+01:00,74.60975266880703
2044-02-12 13:00:00+01:00,74.06175502061689
2044-02-12 14:00:00+01:00,74.1762619918805
2044-02-12 15:00:00+01:00,77.94681297420372
2044-02-12 16:00:00+01:00,79.38632918437486
2044-02-12 17:00:00+01:00,84.87448473565227
2044-02-12 18:00:00+01:00,94.18226568550875
2044-02-12 19:00:00+01:00,90.1254472750265
2044-02-12 20:00:00+01:00,82.89514994666698
2044-02-12 21:00:00+01:00,78.32305016549844
2044-02-12 22:00:00+01:00,76.46640141715274
2044-02-12 23:00:00+01:00,69.2442831581692
2044-02-13 00:00:00+01:00,69.85771336136712
2044-02-13 01:00:00+01:00,68.67992737122711
2044-02-13 02:00:00+01:00,68.9171203831303
2044-02-13 03:00:00+01:00,69.92314591637489
2044-02-13 04:00:00+01:00,69.94768312450282
2044-02-13 05:00:00+01:00,69.97222033263073
2044-02-13 06:00:00+01:00,77.69326182354858
2044-02-13 07:00:00+01:00,84.17926383869464
2044-02-13 08:00:00+01:00,86.91925207964535
2044-02-13 09:00:00+01:00,82.87879180791504
2044-02-13 10:00:00+01:00,77.56239671353303
2044-02-13 11:00:00+01:00,75.96747818521843
2044-02-13 12:00:00+01:00,73.89817363309743
2044-02-13 13:00:00+01:00,73.00665507111646
2044-02-13 14:00:00+01:00,71.98427139911992
2044-02-13 15:00:00+01:00,76.00019446272232
2044-02-13 16:00:00+01:00,81.70918488715098
2044-02-13 17:00:00+01:00,88.77590082799107
2044-02-13 18:00:00+01:00,92.39104949217082
2044-02-13 19:00:00+01:00,89.78192636123566
2044-02-13 20:00:00+01:00,80.53957796638696
2044-02-13 21:00:00+01:00,77.73415717042845
2044-02-13 22:00:00+01:00,75.73028517331524
2044-02-13 23:00:00+01:00,70.5120389114449
2044-02-14 00:00:00+01:00,65.36740427395831
2044-02-14 01:00:00+01:00,64.49224385072928
2044-02-14 02:00:00+01:00,64.54949733636109
2044-02-14 03:00:00+01:00,63.363532276845106
2044-02-14 04:00:00+01:00,64.45952757322539
2044-02-14 05:00:00+01:00,66.10352051779583
2044-02-14 06:00:00+01:00,73.89817363309743
2044-02-14 07:00:00+01:00,77.78323158668428
2044-02-14 08:00:00+01:00,81.26751514084849
2044-02-14 09:00:00+01:00,76.1228805033619
2044-02-14 10:00:00+01:00,73.53829458055466
2044-02-14 11:00:00+01:00,69.50601337820031
2044-02-14 12:00:00+01:00,65.53098566147777
2044-02-14 13:00:00+01:00,65.41647869021415
2044-02-14 14:00:00+01:00,69.04798549314586
2044-02-14 15:00:00+01:00,72.01698767662381
2044-02-14 16:00:00+01:00,75.3295107738926
2044-02-14 17:00:00+01:00,79.38632918437486
2044-02-14 18:00:00+01:00,82.54344996350017
2044-02-14 19:00:00+01:00,81.5619616383835
2044-02-14 20:00:00+01:00,76.31917816838525
2044-02-14 21:00:00+01:00,73.64462248244229
2044-02-14 22:00:00+01:00,70.88827610273964
2044-02-14 23:00:00+01:00,65.22018102519081
2044-02-15 00:00:00+01:00,66.09534144841986
2044-02-15 01:00:00+01:00,67.01139721852876
2044-02-15 02:00:00+01:00,66.48793677846652
2044-02-15 03:00:00+01:00,66.45522050096264
2044-02-15 04:00:00+01:00,66.21802748905944
2044-02-15 05:00:00+01:00,66.61880188848208
2044-02-15 06:00:00+01:00,74.03721781248896
2044-02-15 07:00:00+01:00,81.31658955710432
2044-02-15 08:00:00+01:00,81.4392755977439
2044-02-15 09:00:00+01:00,75.95112004646649
2044-02-15 10:00:00+01:00,72.02516674599978
2044-02-15 11:00:00+01:00,70.3320993851735
2044-02-15 12:00:00+01:00,68.32004831868433
2044-02-15 13:00:00+01:00,67.51032045046306
2044-02-15 14:00:00+01:00,69.18702967253739
2044-02-15 15:00:00+01:00,71.959734190992
2044-02-15 16:00:00+01:00,78.79743618930486
2044-02-15 17:00:00+01:00,82.7724639060274
2044-02-15 18:00:00+01:00,85.05442426192366
2044-02-15 19:00:00+01:00,80.45778727262723
2044-02-15 20:00:00+01:00,73.16205738925993
2044-02-15 21:00:00+01:00,71.12546911464283
2044-02-15 22:00:00+01:00,68.18918320866877
2044-02-15 23:00:00+01:00,66.36525073782694
2044-02-16 00:00:00+01:00,63.371711346221076
2044-02-16 01:00:00+01:00,63.69887412125997
2044-02-16 02:00:00+01:00,63.543471803116496
2044-02-16 03:00:00+01:00,63.895171786283306
2044-02-16 04:00:00+01:00,64.1896182838183
2044-02-16 05:00:00+01:00,63.919708994411224
2044-02-16 06:00:00+01:00,69.45693896194447
2044-02-16 07:00:00+01:00,72.05788302350366
2044-02-16 08:00:00+01:00,73.33381784615534
2044-02-16 09:00:00+01:00,70.00493661013462
2044-02-16 10:00:00+01:00,65.31015078832651
2044-02-16 11:00:00+01:00,65.48191124522194
2044-02-16 12:00:00+01:00,65.17110660893499
2044-02-16 13:00:00+01:00,65.13021126205513
2044-02-16 14:00:00+01:00,64.9011973195279
2044-02-16 15:00:00+01:00,65.89904378339652
2044-02-16 16:00:00+01:00,70.09490637327032
2044-02-16 17:00:00+01:00,72.67949229607757
2044-02-16 18:00:00+01:00,74.15172478375258
2044-02-16 19:00:00+01:00,73.16205738925993
2044-02-16 20:00:00+01:00,70.88009703336365
2044-02-16 21:00:00+01:00,66.7578460678736
2044-02-16 22:00:00+01:00,66.25074376656333
2044-02-16 23:00:00+01:00,63.199950889325656
2044-02-17 00:00:00+01:00,64.98298801328762
2044-02-17 01:00:00+01:00,64.4268112957215
2044-02-17 02:00:00+01:00,62.91368346116663
2044-02-17 03:00:00+01:00,62.930041599918574
2044-02-17 04:00:00+01:00,62.5374462698719
2044-02-17 05:00:00+01:00,61.8585835116662
2044-02-17 06:00:00+01:00,64.48406478135331
2044-02-17 07:00:00+01:00,69.4487598925685
2044-02-17 08:00:00+01:00,70.99460400462726
2044-02-17 09:00:00+01:00,70.00493661013462
2044-02-17 10:00:00+01:00,66.34889259907499
2044-02-17 11:00:00+01:00,64.61492989136887
2044-02-17 12:00:00+01:00,64.60675082199289
2044-02-17 13:00:00+01:00,61.95673234417787
2044-02-17 14:00:00+01:00,63.27356251370941
2044-02-17 15:00:00+01:00,69.14613432565753
2044-02-17 16:00:00+01:00,74.5279619750473
2044-02-17 17:00:00+01:00,79.19821058872749
2044-02-17 18:00:00+01:00,81.69282674839904
2044-02-17 19:00:00+01:00,84.31830801808616
2044-02-17 20:00:00+01:00,77.3660990485097
2044-02-17 21:00:00+01:00,73.85727828621758
2044-02-17 22:00:00+01:00,72.58952253294187
2044-02-17 23:00:00+01:00,69.94768312450282
2044-02-18 00:00:00+01:00,63.77248574564372
2044-02-18 01:00:00+01:00,62.594699755503704
2044-02-18 02:00:00+01:00,61.425092834739665
2044-02-18 03:00:00+01:00,57.20469303673796
2044-02-18 04:00:00+01:00,57.18833489798601
2044-02-18 05:00:00+01:00,58.292509263742275
2044-02-18 06:00:00+01:00,56.951141886082816
2044-02-18 07:00:00+01:00,57.42552790988921
2044-02-18 08:00:00+01:00,57.237409314241845
2044-02-18 09:00:00+01:00,57.122902342978236
2044-02-18 10:00:00+01:00,54.08028853511654
2044-02-18 11:00:00+01:00,51.21761425352623
2044-02-18 12:00:00+01:00,49.360965505180516
2044-02-18 13:00:00+01:00,46.22020286480715
2044-02-18 14:00:00+01:00,53.106979279375835
2044-02-18 15:00:00+01:00,59.69113012703354
2044-02-18 16:00:00+01:00,62.35750674360051
2044-02-18 17:00:00+01:00,71.14182725339477
2044-02-18 18:00:00+01:00,72.13967371726339
2044-02-18 19:00:00+01:00,71.14182725339477
2044-02-18 20:00:00+01:00,67.30584371606375
2044-02-18 21:00:00+01:00,62.70102765739135
2044-02-18 22:00:00+01:00,62.47201371486412
2044-02-18 23:00:00+01:00,60.80348356216577
2044-02-19 00:00:00+01:00,59.15131154821937
2044-02-19 01:00:00+01:00,58.53788134502144
2044-02-19 02:00:00+01:00,58.53788134502144
2044-02-19 03:00:00+01:00,58.930476675068114
2044-02-19 04:00:00+01:00,59.31489293573881
2044-02-19 05:00:00+01:00,59.85471151455299
2044-02-19 06:00:00+01:00,67.78840880924612
2044-02-19 07:00:00+01:00,72.25418068852701
2044-02-19 08:00:00+01:00,73.92271084122535
2044-02-19 09:00:00+01:00,71.56713886094533
2044-02-19 10:00:00+01:00,69.30971571317697
2044-02-19 11:00:00+01:00,68.28733204118043
2044-02-19 12:00:00+01:00,66.58608561097819
2044-02-19 13:00:00+01:00,65.99719261590819
2044-02-19 14:00:00+01:00,66.18531121155556
2044-02-19 15:00:00+01:00,67.89473671113376
2044-02-19 16:00:00+01:00,70.46296449518907
2044-02-19 17:00:00+01:00,73.32563877677937
2044-02-19 18:00:00+01:00,80.81766632517001
2044-02-19 19:00:00+01:00,76.39278979276898
2044-02-19 20:00:00+01:00,71.1009319065149
2044-02-19 21:00:00+01:00,69.53055058632822
2044-02-19 22:00:00+01:00,68.9171203831303
2044-02-19 23:00:00+01:00,66.34071352969903
2044-02-20 00:00:00+01:00,61.01613936594105
2044-02-20 01:00:00+01:00,60.19823242834382
2044-02-20 02:00:00+01:00,60.14915801208799
2044-02-20 03:00:00+01:00,59.56026501701798
2044-02-20 04:00:00+01:00,59.42939990700242
2044-02-20 05:00:00+01:00,63.919708994411224
2044-02-20 06:00:00+01:00,72.14785278663936
2044-02-20 07:00:00+01:00,81.57014070775945
2044-02-20 08:00:00+01:00,83.15688016669809
2044-02-20 09:00:00+01:00,74.2335154775123
2044-02-20 10:00:00+01:00,71.40355747342588
2044-02-20 11:00:00+01:00,68.87622503625043
2044-02-20 12:00:00+01:00,65.41647869021415
2044-02-20 13:00:00+01:00,62.234820702960924
2044-02-20 14:00:00+01:00,62.071239315441474
2044-02-20 15:00:00+01:00,68.51634598370765
2044-02-20 16:00:00+01:00,69.84953429199113
2044-02-20 17:00:00+01:00,71.99245046849589
2044-02-20 18:00:00+01:00,77.92227576607581
2044-02-20 19:00:00+01:00,76.06562701773011
2044-02-20 20:00:00+01:00,72.76946205921325
2044-02-20 21:00:00+01:00,68.71264364873099
2044-02-20 22:00:00+01:00,67.02775535728071
2044-02-20 23:00:00+01:00,62.03852303793759
2044-02-21 00:00:00+01:00,58.70964180191686
2044-02-21 01:00:00+01:00,58.85686505068436
2044-02-21 02:00:00+01:00,58.86504412006033
2044-02-21 03:00:00+01:00,58.963192952572
2044-02-21 04:00:00+01:00,58.80779063442853
2044-02-21 05:00:00+01:00,58.86504412006033
2044-02-21 06:00:00+01:00,67.73115532361432
2044-02-21 07:00:00+01:00,71.82069001160048
2044-02-21 08:00:00+01:00,74.97781079072578
2044-02-21 09:00:00+01:00,69.89042963887101
2044-02-21 10:00:00+01:00,67.76387160111821
2044-02-21 11:00:00+01:00,66.10352051779583
2044-02-21 12:00:00+01:00,63.38806948497302
2044-02-21 13:00:00+01:00,63.56800901124441
2044-02-21 14:00:00+01:00,65.32650892707846
2044-02-21 15:00:00+01:00,67.44488789545528
2044-02-21 16:00:00+01:00,68.49180877557974
2044-02-21 17:00:00+01:00,68.89258317500239
2044-02-21 18:00:00+01:00,69.05616456252183
2044-02-21 19:00:00+01:00,68.46727156745182
2044-02-21 20:00:00+01:00,67.87019950300584
2044-02-21 21:00:00+01:00,62.33296953547259
2044-02-21 22:00:00+01:00,60.85255797842161
2044-02-21 23:00:00+01:00,58.55423948377339
2044-02-22 00:00:00+01:00,60.33727660773535
2044-02-22 01:00:00+01:00,59.91196500018479
2044-02-22 02:00:00+01:00,60.01011383269646
2044-02-22 03:00:00+01:00,59.85471151455299
2044-02-22 04:00:00+01:00,59.85471151455299
2044-02-22 05:00:00+01:00,59.707488265785486
2044-02-22 06:00:00+01:00,66.56154840285028
2044-02-22 07:00:00+01:00,72.40958300667049
2044-02-22 08:00:00+01:00,73.75095038432994
2044-02-22 09:00:00+01:00,70.0376528876385
2044-02-22 10:00:00+01:00,68.2382576249246
2044-02-22 11:00:00+01:00,65.9644763384043
2044-02-22 12:00:00+01:00,62.97093694679843
2044-02-22 13:00:00+01:00,66.11987865654777
2044-02-22 14:00:00+01:00,65.06477870704734
2044-02-22 15:00:00+01:00,64.9011973195279
2044-02-22 16:00:00+01:00,66.62698095785805
2044-02-22 17:00:00+01:00,66.67605537411389
2044-02-22 18:00:00+01:00,68.36094366556418
2044-02-22 19:00:00+01:00,66.58608561097819
2044-02-22 20:00:00+01:00,64.61492989136887
2044-02-22 21:00:00+01:00,60.99160215781313
2044-02-22 22:00:00+01:00,60.97524401906119
2044-02-22 23:00:00+01:00,58.84050691193242
2044-02-23 00:00:00+01:00,60.067367318328266
2044-02-23 01:00:00+01:00,60.181874289591875
2044-02-23 02:00:00+01:00,60.68897659090216
2044-02-23 03:00:00+01:00,59.380325490746586
2044-02-23 04:00:00+01:00,59.31489293573881
2044-02-23 05:00:00+01:00,60.80348356216577
2044-02-23 06:00:00+01:00,61.245153308468275
2044-02-23 07:00:00+01:00,67.89473671113376
2044-02-23 08:00:00+01:00,69.0316273543939
2044-02-23 09:00:00+01:00,62.51290906174398
2044-02-23 10:00:00+01:00,60.23094870584771
2044-02-23 11:00:00+01:00,60.51721613400674
2044-02-23 12:00:00+01:00,59.50301153138618
2044-02-23 13:00:00+01:00,59.4375789763784
2044-02-23 14:00:00+01:00,59.470295253882284
2044-02-23 15:00:00+01:00,60.23094870584771
2044-02-23 16:00:00+01:00,62.120313731697316
2044-02-23 17:00:00+01:00,71.8697644278563
2044-02-23 18:00:00+01:00,77.16162231411039
2044-02-23 19:00:00+01:00,76.90807116345525
2044-02-23 20:00:00+01:00,71.76343652596866
2044-02-23 21:00:00+01:00,69.87407150011906
2044-02-23 22:00:00+01:00,67.79658787862209
2044-02-23 23:00:00+01:00,65.73546239587708
2044-02-24 00:00:00+01:00,66.23438562781138
2044-02-24 01:00:00+01:00,62.88914625303871
2044-02-24 02:00:00+01:00,60.72169286840605
2044-02-24 03:00:00+01:00,60.13279987333604
2044-02-24 04:00:00+01:00,60.33727660773535
2044-02-24 05:00:00+01:00,61.38419748785981
2044-02-24 06:00:00+01:00,66.17713214217957
2044-02-24 07:00:00+01:00,70.4220691483092
2044-02-24 08:00:00+01:00,70.07854823451837
2044-02-24 09:00:00+01:00,62.32479046609662
2044-02-24 10:00:00+01:00,58.83232784255645
2044-02-24 11:00:00+01:00,56.38678609914073
2044-02-24 12:00:00+01:00,52.419937451794155
2044-02-24 13:00:00+01:00,44.985163389035336
2044-02-24 14:00:00+01:00,56.70576980480365
2044-02-24 15:00:00+01:00,58.128927876222825
2044-02-24 16:00:00+01:00,62.84825090615885
2044-02-24 17:00:00+01:00,73.12934111175603
2044-02-24 18:00:00+01:00,80.10608728946042
2044-02-24 19:00:00+01:00,77.70961996230052
2044-02-24 20:00:00+01:00,72.39322486791853
2044-02-24 21:00:00+01:00,66.1116995871718
2044-02-24 22:00:00+01:00,66.10352051779583
2044-02-24 23:00:00+01:00,62.17756721732912
2044-02-25 00:00:00+01:00,62.938220669294545
2044-02-25 01:00:00+01:00,61.89947885854606
2044-02-25 02:00:00+01:00,60.01829290207243
2044-02-25 03:00:00+01:00,59.58480222514589
2044-02-25 04:00:00+01:00,59.282176658234924
2044-02-25 05:00:00+01:00,59.723846404537426
2044-02-25 06:00:00+01:00,60.29638126085549
2044-02-25 07:00:00+01:00,61.13882540658064
2044-02-25 08:00:00+01:00,61.55595794475523
2044-02-25 09:00:00+01:00,59.69930919640951
2044-02-25 10:00:00+01:00,58.73417901004478
2044-02-25 11:00:00+01:00,52.9679350999843
2044-02-25 12:00:00+01:00,49.09105621577343
2044-02-25 13:00:00+01:00,45.377758719081996
2044-02-25 14:00:00+01:00,49.001086452637736
2044-02-25 15:00:00+01:00,57.245588383617815
2044-02-25 16:00:00+01:00,67.04411349603265
2044-02-25 17:00:00+01:00,72.81035740609312
2044-02-25 18:00:00+01:00,74.18444106125648
2044-02-25 19:00:00+01:00,75.63213634080357
2044-02-25 20:00:00+01:00,71.52624351406547
2044-02-25 21:00:00+01:00,68.00924368239737
2044-02-25 22:00:00+01:00,67.00321814915279
2044-02-25 23:00:00+01:00,64.33684153258581
2044-02-26 00:00:00+01:00,62.54562533924788
2044-02-26 01:00:00+01:00,61.38419748785981
2044-02-26 02:00:00+01:00,60.46814171775091
2044-02-26 03:00:00+01:00,59.91196500018479
2044-02-26 04:00:00+01:00,60.58264868901452
2044-02-26 05:00:00+01:00,62.6846695186394
2044-02-26 06:00:00+01:00,71.92701791348811
2044-02-26 07:00:00+01:00,79.44358267000666
2044-02-26 08:00:00+01:00,81.42291745899196
2044-02-26 09:00:00+01:00,75.3867642595244
2044-02-26 10:00:00+01:00,70.96188772712337
2044-02-26 11:00:00+01:00,67.87837857238182
2044-02-26 12:00:00+01:00,67.62482742172668
2044-02-26 13:00:00+01:00,67.28948557731181
2044-02-26 14:00:00+01:00,67.31402278543973
2044-02-26 15:00:00+01:00,68.14010879241293
2044-02-26 16:00:00+01:00,70.8064854089799
2044-02-26 17:00:00+01:00,77.57875485228497
2044-02-26 18:00:00+01:00,82.74792669789947
2044-02-26 19:00:00+01:00,78.87104781368859
2044-02-26 20:00:00+01:00,73.32563877677937
2044-02-26 21:00:00+01:00,69.69413197384767
2044-02-26 22:00:00+01:00,68.93347852188225
2044-02-26 23:00:00+01:00,66.79056234537751
2044-02-27 00:00:00+01:00,65.3755833433343
2044-02-27 01:00:00+01:00,61.99762769105773
2044-02-27 02:00:00+01:00,61.67864398539481
2044-02-27 03:00:00+01:00,60.958885880309246
2044-02-27 04:00:00+01:00,62.07941838481746
2044-02-27 05:00:00+01:00,67.18315767542417
2044-02-27 06:00:00+01:00,73.88181549434549
2044-02-27 07:00:00+01:00,84.58821730749325
2044-02-27 08:00:00+01:00,89.03763104802218
2044-02-27 09:00:00+01:00,77.81594786418817
2044-02-27 10:00:00+01:00,73.99632246560911
2044-02-27 11:00:00+01:00,72.3114341741588
2044-02-27 12:00:00+01:00,69.73502732072753
2044-02-27 13:00:00+01:00,69.41604361506461
2044-02-27 14:00:00+01:00,69.95586219387879
2044-02-27 15:00:00+01:00,71.95155512161602
2044-02-27 16:00:00+01:00,80.71951749265834
2044-02-27 17:00:00+01:00,93.56883548231083
2044-02-27 18:00:00+01:00,105.40394886934276
2044-02-27 19:00:00+01:00,100.78277467191842
2044-02-27 20:00:00+01:00,85.23436378819505
2044-02-27 21:00:00+01:00,75.78753865894704
2044-02-27 22:00:00+01:00,73.53829458055466
2044-02-27 23:00:00+01:00,69.97222033263073
2044-02-28 00:00:00+01:00,69.66141569634378
2044-02-28 01:00:00+01:00,68.39365994306807
2044-02-28 02:00:00+01:00,67.44488789545528
2044-02-28 03:00:00+01:00,66.17713214217957
2044-02-28 04:00:00+01:00,66.12805772592374
2044-02-28 05:00:00+01:00,69.03980642376989
2044-02-28 06:00:00+01:00,74.85512475008619
2044-02-28 07:00:00+01:00,94.21498196301265
2044-02-28 08:00:00+01:00,96.97132834271532
2044-02-28 09:00:00+01:00,82.04452673156587
2044-02-28 10:00:00+01:00,74.78969219507842
2044-02-28 11:00:00+01:00,70.96188772712337
2044-02-28 12:00:00+01:00,69.17067153378544
2044-02-28 13:00:00+01:00,69.51419244757628
2044-02-28 14:00:00+01:00,69.98857847138267
2044-02-28 15:00:00+01:00,71.52624351406547
2044-02-28 16:00:00+01:00,74.24987361626425
2044-02-28 17:00:00+01:00,81.12029189208099
2044-02-28 18:00:00+01:00,89.43022637806885
2044-02-28 19:00:00+01:00,81.03032212894529
2044-02-28 20:00:00+01:00,73.97178525748119
2044-02-28 21:00:00+01:00,69.11341804815363
2044-02-28 22:00:00+01:00,68.1810041392928
2044-02-28 23:00:00+01:00,66.1116995871718
2044-02-29 00:00:00+01:00,62.61923696363162
2044-02-29 01:00:00+01:00,61.155183545332584
2044-02-29 02:00:00+01:00,60.96706494968522
2044-02-29 03:00:00+01:00,60.97524401906119
2044-02-29 04:00:00+01:00,60.84437890904563
2044-02-29 05:00:00+01:00,65.36740427395831
2044-02-29 06:00:00+01:00,70.3648156626774
2044-02-29 07:00:00+01:00,72.99847600174049
2044-02-29 08:00:00+01:00,73.41560853991507
2044-02-29 09:00:00+01:00,70.2175924139099
2044-02-29 10:00:00+01:00,67.01957628790473
2044-02-29 11:00:00+01:00,65.36740427395831
2044-02-29 12:00:00+01:00,61.35966027973189
2044-02-29 13:00:00+01:00,60.81984170091772
2044-02-29 14:00:00+01:00,60.901632394677435
2044-02-29 15:00:00+01:00,65.83361122838875
2044-02-29 16:00:00+01:00,70.72469471522018
2044-02-29 17:00:00+01:00,74.09447129812078
2044-02-29 18:00:00+01:00,78.21672226361082
2044-02-29 19:00:00+01:00,75.16592938637314
2044-02-29 20:00:00+01:00,71.86158535848034
2044-02-29 21:00:00+01:00,68.55724133058752
2044-02-29 22:00:00+01:00,67.56757393609487
2044-02-29 23:00:00+01:00,65.1056740539272
2044-03-01 00:00:00+01:00,66.46339957033861
2044-03-01 01:00:00+01:00,66.1116995871718
2044-03-01 02:00:00+01:00,66.09534144841986
2044-03-01 03:00:00+01:00,66.26710190531527
2044-03-01 04:00:00+01:00,66.1689530728036
2044-03-01 05:00:00+01:00,66.1689530728036
2044-03-01 06:00:00+01:00,74.27441082439216
2044-03-01 07:00:00+01:00,80.0242965957007
2044-03-01 08:00:00+01:00,80.15516170571625
2044-03-01 09:00:00+01:00,76.93260837158317
2044-03-01 10:00:00+01:00,72.65495508794965
2044-03-01 11:00:00+01:00,71.8452272197284
2044-03-01 12:00:00+01:00,71.03549935150713
2044-03-01 13:00:00+01:00,70.98642493525129
2044-03-01 14:00:00+01:00,70.95370865774741
2044-03-01 15:00:00+01:00,71.95155512161602
2044-03-01 16:00:00+01:00,77.6605455460447
2044-03-01 17:00:00+01:00,86.10134514204812
2044-03-01 18:00:00+01:00,91.20508443265484
2044-03-01 19:00:00+01:00,84.06475686743102
2044-03-01 20:00:00+01:00,76.38461072339302
2044-03-01 21:00:00+01:00,71.07639469838699
2044-03-01 22:00:00+01:00,70.83102261710782
2044-03-01 23:00:00+01:00,66.79874141475348
2044-03-02 00:00:00+01:00,67.66572276860653
2044-03-02 01:00:00+01:00,66.65969723536195
2044-03-02 02:00:00+01:00,66.28346004406721
2044-03-02 03:00:00+01:00,65.23653916394277
2044-03-02 04:00:00+01:00,65.30197171895054
2044-03-02 05:00:00+01:00,65.27743451082262
2044-03-02 06:00:00+01:00,65.77635774275693
2044-03-02 07:00:00+01:00,66.2016693503075
2044-03-02 08:00:00+01:00,67.19133674480014
2044-03-02 09:00:00+01:00,65.44101589834207
2044-03-02 10:00:00+01:00,65.11385312330319
2044-03-02 11:00:00+01:00,63.09362298743802
2044-03-02 12:00:00+01:00,58.69328366316492
2044-03-02 13:00:00+01:00,57.08200699609837
2044-03-02 14:00:00+01:00,61.26969051659619
2044-03-02 15:00:00+01:00,66.74966699849764
2044-03-02 16:00:00+01:00,72.36868765979061
2044-03-02 17:00:00+01:00,79.04280827058402
2044-03-02 18:00:00+01:00,81.22661979396862
2044-03-02 19:00:00+01:00,79.99158031819681
2044-03-02 20:00:00+01:00,74.323485240648
2044-03-02 21:00:00+01:00,71.8697644278563
2044-03-02 22:00:00+01:00,70.11126451202226
2044-03-02 23:00:00+01:00,66.61880188848208
2044-03-03 00:00:00+01:00,68.1810041392928
2044-03-03 01:00:00+01:00,67.42852975670334
2044-03-03 02:00:00+01:00,62.91368346116663
2044-03-03 03:00:00+01:00,62.5374462698719
2044-03-03 04:00:00+01:00,61.11428819845272
2044-03-03 05:00:00+01:00,62.063060246065504
2044-03-03 06:00:00+01:00,63.13451833431788
2044-03-03 07:00:00+01:00,63.48621831748469
2044-03-03 08:00:00+01:00,63.85427643940344
2044-03-03 09:00:00+01:00,65.29379264957457
2044-03-03 10:00:00+01:00,61.86676258104217
2044-03-03 11:00:00+01:00,59.993755693944514
2044-03-03 12:00:00+01:00,57.14743955110615
2044-03-03 13:00:00+01:00,53.95760249447695
2044-03-03 14:00:00+01:00,56.72212794355559
2044-03-03 15:00:00+01:00,60.61536496651841
2044-03-03 16:00:00+01:00,68.22189948617266
2044-03-03 17:00:00+01:00,76.5972665271683
2044-03-03 18:00:00+01:00,84.98899170691588
2044-03-03 19:00:00+01:00,85.51245214697812
2044-03-03 20:00:00+01:00,81.21026165521667
2044-03-03 21:00:00+01:00,77.68508275417261
2044-03-03 22:00:00+01:00,77.41517346476553
2044-03-03 23:00:00+01:00,75.19046659450106
2044-03-04 00:00:00+01:00,68.59813667746738
2044-03-04 01:00:00+01:00,67.36309720169557
2044-03-04 02:00:00+01:00,67.06865070416056
2044-03-04 03:00:00+01:00,67.28948557731181
2044-03-04 04:00:00+01:00,68.04195995990126
2044-03-04 05:00:00+01:00,70.78194820085199
2044-03-04 06:00:00+01:00,80.21241519134806
2044-03-04 07:00:00+01:00,93.38071688666348
2044-03-04 08:00:00+01:00,99.78492820804979
2044-03-04 09:00:00+01:00,87.25459392406022
2044-03-04 10:00:00+01:00,78.29851295737053
2044-03-04 11:00:00+01:00,77.1861595222383
2044-03-04 12:00:00+01:00,74.16808292250452
2044-03-04 13:00:00+01:00,74.12718757562466
2044-03-04 14:00:00+01:00,74.31530617127203
2044-03-04 15:00:00+01:00,74.74061777882258
2044-03-04 16:00:00+01:00,81.7664383727828
2044-03-04 17:00:00+01:00,92.08842392525986
2044-03-04 18:00:00+01:00,98.57442594040589
2044-03-04 19:00:00+01:00,96.30882372326155
2044-03-04 20:00:00+01:00,82.25718253534113
2044-03-04 21:00:00+01:00,78.38030365113026
2044-03-04 22:00:00+01:00,77.5133222972772
2044-03-04 23:00:00+01:00,73.4973992336748
2044-03-05 00:00:00+01:00,68.01742275177335
2044-03-05 01:00:00+01:00,70.88009703336365
2044-03-05 02:00:00+01:00,70.92099238024352
2044-03-05 03:00:00+01:00,70.91281331086755
2044-03-05 04:00:00+01:00,71.09275283713895
2044-03-05 05:00:00+01:00,71.12546911464283
2044-03-05 06:00:00+01:00,75.84479214457885
2044-03-05 07:00:00+01:00,83.11598481981822
2044-03-05 08:00:00+01:00,86.70659627587007
2044-03-05 09:00:00+01:00,81.59467791588737
2044-03-05 10:00:00+01:00,78.3966617898822
2044-03-05 11:00:00+01:00,77.34156184038179
2044-03-05 12:00:00+01:00,76.10652236460996
2044-03-05 13:00:00+01:00,76.02473167085024
2044-03-05 14:00:00+01:00,76.40914793152093
2044-03-05 15:00:00+01:00,75.19046659450106
2044-03-05 16:00:00+01:00,77.92227576607581
2044-03-05 17:00:00+01:00,83.88481734115963
2044-03-05 18:00:00+01:00,98.67257477291756
2044-03-05 19:00:00+01:00,100.12027005246466
2044-03-05 20:00:00+01:00,86.26492652956756
2044-03-05 21:00:00+01:00,77.52968043602914
2044-03-05 22:00:00+01:00,75.51762936953996
2044-03-05 23:00:00+01:00,73.69369689869812
2044-03-06 00:00:00+01:00,74.83876661133425
2044-03-06 01:00:00+01:00,74.4379922119116
2044-03-06 02:00:00+01:00,73.88999456372147
2044-03-06 03:00:00+01:00,74.72425964007064
2044-03-06 04:00:00+01:00,73.4973992336748
2044-03-06 05:00:00+01:00,74.75697591757452
2044-03-06 06:00:00+01:00,83.7130568842642
2044-03-06 07:00:00+01:00,97.3312073952581
2044-03-06 08:00:00+01:00,105.87833489314917
2044-03-06 09:00:00+01:00,89.0621682561501
2044-03-06 10:00:00+01:00,81.1448291002089
2044-03-06 11:00:00+01:00,79.13277803371972
2044-03-06 12:00:00+01:00,78.18400598610692
2044-03-06 13:00:00+01:00,78.14311063922706
2044-03-06 14:00:00+01:00,77.61965019916484
2044-03-06 15:00:00+01:00,79.61534312690209
2044-03-06 16:00:00+01:00,82.22446625783725
2044-03-06 17:00:00+01:00,94.12501219987695
2044-03-06 18:00:00+01:00,113.1004531521327
2044-03-06 19:00:00+01:00,111.30923695879477
2044-03-06 20:00:00+01:00,94.1740866161328
2044-03-06 21:00:00+01:00,83.11598481981822
2044-03-06 22:00:00+01:00,79.4026873231268
2044-03-06 23:00:00+01:00,77.58693392166094
2044-03-07 00:00:00+01:00,76.81810140031955
2044-03-07 01:00:00+01:00,76.07380608710606
2044-03-07 02:00:00+01:00,76.16377585024176
2044-03-07 03:00:00+01:00,76.08198515648205
2044-03-07 04:00:00+01:00,76.17195491961773
2044-03-07 05:00:00+01:00,77.61965019916484
2044-03-07 06:00:00+01:00,82.18357091095739
2044-03-07 07:00:00+01:00,93.1353448053843
2044-03-07 08:00:00+01:00,91.64675417895734
2044-03-07 09:00:00+01:00,82.01998952343794
2044-03-07 10:00:00+01:00,76.88353395532734
2044-03-07 11:00:00+01:00,76.19649212774566
2044-03-07 12:00:00+01:00,75.20682473325301
2044-03-07 13:00:00+01:00,74.93691544384592
2044-03-07 14:00:00+01:00,72.13967371726339
2044-03-07 15:00:00+01:00,76.00019446272232
2044-03-07 16:00:00+01:00,76.85899674719941
2044-03-07 17:00:00+01:00,81.86458720529447
2044-03-07 18:00:00+01:00,87.50814507471536
2044-03-07 19:00:00+01:00,87.57357762972313
2044-03-07 20:00:00+01:00,81.22661979396862
2044-03-07 21:00:00+01:00,78.09403622297123
2044-03-07 22:00:00+01:00,77.67690368479664
2044-03-07 23:00:00+01:00,76.94896651033511
2044-03-08 00:00:00+01:00,76.04926887897815
2044-03-08 01:00:00+01:00,76.67905722092803
2044-03-08 02:00:00+01:00,76.7444897759358
2044-03-08 03:00:00+01:00,75.48491309203607
2044-03-08 04:00:00+01:00,75.45219681453217
2044-03-08 05:00:00+01:00,75.24772008013286
2044-03-08 06:00:00+01:00,78.74836177304901
2044-03-08 07:00:00+01:00,85.47155680009826
2044-03-08 08:00:00+01:00,81.75008023403086
2044-03-08 09:00:00+01:00,76.18831305836967
2044-03-08 10:00:00+01:00,76.15559678086579
2044-03-08 11:00:00+01:00,75.5912409939237
2044-03-08 12:00:00+01:00,74.02085967373702
2044-03-08 13:00:00+01:00,74.01268060436105
2044-03-08 14:00:00+01:00,73.98814339623313
2044-03-08 15:00:00+01:00,74.01268060436105
2044-03-08 16:00:00+01:00,75.48491309203607
2044-03-08 17:00:00+01:00,79.86889427755722
2044-03-08 18:00:00+01:00,80.23695239947597
2044-03-08 19:00:00+01:00,79.83617800005334
2044-03-08 20:00:00+01:00,77.4560688116454
2044-03-08 21:00:00+01:00,73.93906897997729
2044-03-08 22:00:00+01:00,74.02085967373702
2044-03-08 23:00:00+01:00,71.1336481840188
2044-03-09 00:00:00+01:00,74.90419916634204
2044-03-09 01:00:00+01:00,75.87750842208274
2044-03-09 02:00:00+01:00,75.27225728826079
2044-03-09 03:00:00+01:00,74.92055730509398
2044-03-09 04:00:00+01:00,74.02903874311299
2044-03-09 05:00:00+01:00,74.22533640813633
2044-03-09 06:00:00+01:00,74.86330381946217
2044-03-09 07:00:00+01:00,74.86330381946217
2044-03-09 08:00:00+01:00,71.91883884411213
2044-03-09 09:00:00+01:00,72.33597138228673
2044-03-09 10:00:00+01:00,72.31961324353479
2044-03-09 11:00:00+01:00,71.38719933467394
2044-03-09 12:00:00+01:00,68.0583180986532
2044-03-09 13:00:00+01:00,66.00537168528416
2044-03-09 14:00:00+01:00,71.93519698286408
2044-03-09 15:00:00+01:00,71.96791326036796
2044-03-09 16:00:00+01:00,72.92486437735673
2044-03-09 17:00:00+01:00,73.17841552801188
2044-03-09 18:00:00+01:00,77.5460385747811
2044-03-09 19:00:00+01:00,76.14741771148982
2044-03-09 20:00:00+01:00,75.95929911584246
2044-03-09 21:00:00+01:00,75.39494332890037
2044-03-09 22:00:00+01:00,75.5667037857958
2044-03-09 23:00:00+01:00,73.20295273613979
2044-03-10 00:00:00+01:00,73.42378760929104
2044-03-10 01:00:00+01:00,68.01742275177335
2044-03-10 02:00:00+01:00,67.44488789545528
2044-03-10 03:00:00+01:00,64.62310896074484
2044-03-10 04:00:00+01:00,66.19349028093151
2044-03-10 05:00:00+01:00,63.903350855659276
2044-03-10 06:00:00+01:00,63.453502039980805
2044-03-10 07:00:00+01:00,65.41647869021415
2044-03-10 08:00:00+01:00,72.26235975790297
2044-03-10 09:00:00+01:00,73.60372713556244
2044-03-10 10:00:00+01:00,74.53614104442327
2044-03-10 11:00:00+01:00,73.57101085805854
2044-03-10 12:00:00+01:00,73.43196667866702
2044-03-10 13:00:00+01:00,72.23782254977506
2044-03-10 14:00:00+01:00,71.26451329403436
2044-03-10 15:00:00+01:00,69.52237151695226
2044-03-10 16:00:00+01:00,73.38289226241119
2044-03-10 17:00:00+01:00,73.5873689968105
2044-03-10 18:00:00+01:00,76.02473167085024
2044-03-10 19:00:00+01:00,76.60544559654427
2044-03-10 20:00:00+01:00,76.27010375212942
2044-03-10 21:00:00+01:00,75.3867642595244
2044-03-10 22:00:00+01:00,75.4767340226601
2044-03-10 23:00:00+01:00,73.5873689968105
2044-03-11 00:00:00+01:00,72.39322486791853
2044-03-11 01:00:00+01:00,69.46511803132044
2044-03-11 02:00:00+01:00,69.49783430882434
2044-03-11 03:00:00+01:00,70.2748458995417
2044-03-11 04:00:00+01:00,72.32779231291074
2044-03-11 05:00:00+01:00,74.21715733876036
2044-03-11 06:00:00+01:00,75.69756889581134
2044-03-11 07:00:00+01:00,85.15257309443534
2044-03-11 08:00:00+01:00,89.00491477051828
2044-03-11 09:00:00+01:00,84.93173822128409
2044-03-11 10:00:00+01:00,83.43496852548114
2044-03-11 11:00:00+01:00,82.34715229847683
2044-03-11 12:00:00+01:00,76.60544559654427
2044-03-11 13:00:00+01:00,76.5972665271683
2044-03-11 14:00:00+01:00,76.67087815155205
2044-03-11 15:00:00+01:00,80.18787798322013
2044-03-11 16:00:00+01:00,80.00793845694875
2044-03-11 17:00:00+01:00,89.97822402625899
2044-03-11 18:00:00+01:00,116.40479718002553
2044-03-11 19:00:00+01:00,124.21580843407908
2044-03-11 20:00:00+01:00,102.41040947773689
2044-03-11 21:00:00+01:00,82.15085463345349
2044-03-11 22:00:00+01:00,76.7444897759358
2044-03-11 23:00:00+01:00,75.77935958957106
2044-03-12 00:00:00+01:00,72.97393879361258
2044-03-12 01:00:00+01:00,72.24600161915103
2044-03-12 02:00:00+01:00,71.75525745659269
2044-03-12 03:00:00+01:00,71.63257141595311
2044-03-12 04:00:00+01:00,71.959734190992
2044-03-12 05:00:00+01:00,73.57101085805854
2044-03-12 06:00:00+01:00,80.0815500813325
2044-03-12 07:00:00+01:00,94.74662147245085
2044-03-12 08:00:00+01:00,95.80990049132726
2044-03-12 09:00:00+01:00,84.92355915190811
2044-03-12 10:00:00+01:00,79.5171942943904
2044-03-12 11:00:00+01:00,76.43368513964886
2044-03-12 12:00:00+01:00,75.19864566387703
2044-03-12 13:00:00+01:00,75.77935958957106
2044-03-12 14:00:00+01:00,75.15775031699718
2044-03-12 15:00:00+01:00,76.84263860844747
2044-03-12 16:00:00+01:00,83.04237319543448
2044-03-12 17:00:00+01:00,99.57227240427451
2044-03-12 18:00:00+01:00,116.39661811064956
2044-03-12 19:00:00+01:00,108.18483245717334
2044-03-12 20:00:00+01:00,87.25459392406022
2044-03-12 21:00:00+01:00,79.10824082559179
2044-03-12 22:00:00+01:00,76.89989209407928
2044-03-12 23:00:00+01:00,72.74492485108534
2044-03-13 00:00:00+01:00,67.7066181154864
2044-03-13 01:00:00+01:00,69.64505755759183
2044-03-13 02:00:00+01:00,69.51419244757628
2044-03-13 03:00:00+01:00,68.67992737122711
2044-03-13 04:00:00+01:00,69.08070177064974
2044-03-13 05:00:00+01:00,70.11944358139823
2044-03-13 06:00:00+01:00,73.62008527431438
2044-03-13 07:00:00+01:00,82.69067321226767
2044-03-13 08:00:00+01:00,83.43496852548114
2044-03-13 09:00:00+01:00,77.40699439538956
2044-03-13 10:00:00+01:00,73.19477366676382
2044-03-13 11:00:00+01:00,72.62223881044575
2044-03-13 12:00:00+01:00,71.1336481840188
2044-03-13 13:00:00+01:00,71.40355747342588
2044-03-13 14:00:00+01:00,71.64075048532908
2044-03-13 15:00:00+01:00,72.35232952103867
2044-03-13 16:00:00+01:00,73.21113180551576
2044-03-13 17:00:00+01:00,83.6230871211285
2044-03-13 18:00:00+01:00,90.84520538011205
2044-03-13 19:00:00+01:00,87.71262180911467
2044-03-13 20:00:00+01:00,79.10006175621582
2044-03-13 21:00:00+01:00,72.93304344673271
2044-03-13 22:00:00+01:00,71.96791326036796
2044-03-13 23:00:00+01:00,70.85555982523573
2044-03-14 00:00:00+01:00,71.1009319065149
2044-03-14 01:00:00+01:00,70.67562029896435
2044-03-14 02:00:00+01:00,70.32392031579754
2044-03-14 03:00:00+01:00,69.88225056949503
2044-03-14 04:00:00+01:00,69.89042963887101
2044-03-14 05:00:00+01:00,71.10911097589089
2044-03-14 06:00:00+01:00,77.55421764415705
2044-03-14 07:00:00+01:00,87.45907065845952
2044-03-14 08:00:00+01:00,84.93173822128409
2044-03-14 09:00:00+01:00,72.12331557851144
2044-03-14 10:00:00+01:00,71.68164583220894
2044-03-14 11:00:00+01:00,71.65710862408103
2044-03-14 12:00:00+01:00,68.93347852188225
2044-03-14 13:00:00+01:00,68.03378089052529
2044-03-14 14:00:00+01:00,69.78410173698336
2044-03-14 15:00:00+01:00,71.76343652596866
2044-03-14 16:00:00+01:00,73.5873689968105
2044-03-14 17:00:00+01:00,85.21800564944311
2044-03-14 18:00:00+01:00,95.28644005126503
2044-03-14 19:00:00+01:00,90.34628214817775
2044-03-14 20:00:00+01:00,77.79141065606026
2044-03-14 21:00:00+01:00,73.17841552801188
2044-03-14 22:00:00+01:00,73.16205738925993
2044-03-14 23:00:00+01:00,71.76343652596866
2044-03-15 00:00:00+01:00,70.43024821768518
2044-03-15 01:00:00+01:00,70.41389007893324
2044-03-15 02:00:00+01:00,70.38935287080533
2044-03-15 03:00:00+01:00,70.34027845454949
2044-03-15 04:00:00+01:00,70.3320993851735
2044-03-15 05:00:00+01:00,70.92099238024352
2044-03-15 06:00:00+01:00,72.69585043482951
2044-03-15 07:00:00+01:00,73.59554806618645
2044-03-15 08:00:00+01:00,73.45650388679493
2044-03-15 09:00:00+01:00,72.76946205921325
2044-03-15 10:00:00+01:00,72.78582019796521
2044-03-15 11:00:00+01:00,72.99029693236452
2044-03-15 12:00:00+01:00,72.97393879361258
2044-03-15 13:00:00+01:00,72.78582019796521
2044-03-15 14:00:00+01:00,72.75310392046131
2044-03-15 15:00:00+01:00,72.75310392046131
2044-03-15 16:00:00+01:00,72.5240899779341
2044-03-15 17:00:00+01:00,76.25374561337746
2044-03-15 18:00:00+01:00,81.12847096145696
2044-03-15 19:00:00+01:00,77.92227576607581
2044-03-15 20:00:00+01:00,73.96360618810522
2044-03-15 21:00:00+01:00,71.11729004526686
2044-03-15 22:00:00+01:00,70.37299473205337
2044-03-15 23:00:00+01:00,70.05401102639044
2044-03-16 00:00:00+01:00,72.67949229607757
2044-03-16 01:00:00+01:00,72.18874813351923
2044-03-16 02:00:00+01:00,71.90248070536019
2044-03-16 03:00:00+01:00,70.88009703336365
2044-03-16 04:00:00+01:00,70.1276226507742
2044-03-16 05:00:00+01:00,70.13580172015018
2044-03-16 06:00:00+01:00,70.29120403829366
2044-03-16 07:00:00+01:00,70.0703691651424
2044-03-16 08:00:00+01:00,69.98857847138267
2044-03-16 09:00:00+01:00,70.05401102639044
2044-03-16 10:00:00+01:00,69.82499708386322
2044-03-16 11:00:00+01:00,68.24643669430057
2044-03-16 12:00:00+01:00,59.63387664140173
2044-03-16 13:00:00+01:00,52.297251411154576
2044-03-16 14:00:00+01:00,62.578341616751764
2044-03-16 15:00:00+01:00,68.71264364873099
2044-03-16 16:00:00+01:00,71.03549935150713
2044-03-16 17:00:00+01:00,73.50557830305075
2044-03-16 18:00:00+01:00,78.07767808421929
2044-03-16 19:00:00+01:00,80.47414541137917
2044-03-16 20:00:00+01:00,75.19864566387703
2044-03-16 21:00:00+01:00,73.22748994426772
2044-03-16 22:00:00+01:00,72.71220857358145
2044-03-16 23:00:00+01:00,70.2175924139099
2044-03-17 00:00:00+01:00,69.08888084002572
2044-03-17 01:00:00+01:00,67.07682977353653
2044-03-17 02:00:00+01:00,64.01785782692289
2044-03-17 03:00:00+01:00,61.45780911224355
2044-03-17 04:00:00+01:00,59.24946038073104
2044-03-17 05:00:00+01:00,58.938655744444084
2044-03-17 06:00:00+01:00,63.78066481501969
2044-03-17 07:00:00+01:00,61.940374205425925
2044-03-17 08:00:00+01:00,56.44403958477253
2044-03-17 09:00:00+01:00,50.07254454089011
2044-03-17 10:00:00+01:00,46.13023310167145
2044-03-17 11:00:00+01:00,46.04026333853576
2044-03-17 12:00:00+01:00,46.10569589354354
2044-03-17 13:00:00+01:00,42.93221697566628
2044-03-17 14:00:00+01:00,46.817274929253124
2044-03-17 15:00:00+01:00,57.03293257984254
2044-03-17 16:00:00+01:00,69.71866918197559
2044-03-17 17:00:00+01:00,80.1715198444682
2044-03-17 18:00:00+01:00,85.11167774755548
2044-03-17 19:00:00+01:00,86.11770328080006
2044-03-17 20:00:00+01:00,80.58047331326681
2044-03-17 21:00:00+01:00,74.71608057069467
2044-03-17 22:00:00+01:00,73.06390855674826
2044-03-17 23:00:00+01:00,69.75956452885545
2044-03-18 00:00:00+01:00,69.50601337820031
2044-03-18 01:00:00+01:00,67.9438111273896
2044-03-18 02:00:00+01:00,65.42465775959012
2044-03-18 03:00:00+01:00,62.95457880804649
2044-03-18 04:00:00+01:00,67.9438111273896
2044-03-18 05:00:00+01:00,70.76559006210005
2044-03-18 06:00:00+01:00,78.6338548017854
2044-03-18 07:00:00+01:00,87.90891947413799
2044-03-18 08:00:00+01:00,87.14826602217258
2044-03-18 09:00:00+01:00,80.74405470078626
2044-03-18 10:00:00+01:00,76.77720605343968
2044-03-18 11:00:00+01:00,76.3600735152651
2044-03-18 12:00:00+01:00,74.5606782525512
2044-03-18 13:00:00+01:00,73.97178525748119
2044-03-18 14:00:00+01:00,73.60372713556244
2044-03-18 15:00:00+01:00,75.13321310886926
2044-03-18 16:00:00+01:00,83.27956620733767
2044-03-18 17:00:00+01:00,98.03460736159172
2044-03-18 18:00:00+01:00,122.54727828138071
2044-03-18 19:00:00+01:00,116.44569252690538
2044-03-18 20:00:00+01:00,92.48919832468249
2044-03-18 21:00:00+01:00,81.04668026769724
2044-03-18 22:00:00+01:00,78.3966617898822
2044-03-18 23:00:00+01:00,74.85512475008619
2044-03-19 00:00:00+01:00,76.02473167085024
2044-03-19 01:00:00+01:00,74.57703639130314
2044-03-19 02:00:00+01:00,74.07811315936883
2044-03-19 03:00:00+01:00,73.18659459738784
2044-03-19 04:00:00+01:00,74.04539688186495
2044-03-19 05:00:00+01:00,76.79356419219164
2044-03-19 06:00:00+01:00,87.62265204597897
2044-03-19 07:00:00+01:00,97.22487949337045
2044-03-19 08:00:00+01:00,90.6816239925926
2044-03-19 09:00:00+01:00,79.4026873231268
2044-03-19 10:00:00+01:00,73.8490992168416
2044-03-19 11:00:00+01:00,72.88396903047688
2044-03-19 12:00:00+01:00,61.31058586347605
2044-03-19 13:00:00+01:00,63.57618808062038
2044-03-19 14:00:00+01:00,66.59426468035417
2044-03-19 15:00:00+01:00,73.57101085805854
2044-03-19 16:00:00+01:00,80.93217329643363
2044-03-19 17:00:00+01:00,102.99112340343095
2044-03-19 18:00:00+01:00,125.60625022799437
2044-03-19 19:00:00+01:00,118.49045987089846
2044-03-19 20:00:00+01:00,101.39620487511634
2044-03-19 21:00:00+01:00,83.59037084362463
2044-03-19 22:00:00+01:00,81.63557326276724
2044-03-19 23:00:00+01:00,79.00191292370417
2044-03-20 00:00:00+01:00,77.69326182354858
2044-03-20 01:00:00+01:00,77.03893627347081
2044-03-20 02:00:00+01:00,76.85081767782344
2044-03-20 03:00:00+01:00,76.81810140031955
2044-03-20 04:00:00+01:00,76.86717581657538
2044-03-20 05:00:00+01:00,79.63170126565403
2044-03-20 06:00:00+01:00,97.19216321586657
2044-03-20 07:00:00+01:00,111.95538343949659
2044-03-20 08:00:00+01:00,100.8727444350541
2044-03-20 09:00:00+01:00,76.97350371846302
2044-03-20 10:00:00+01:00,74.48706662816744
2044-03-20 11:00:00+01:00,72.05788302350366
2044-03-20 12:00:00+01:00,64.19779735319428
2044-03-20 13:00:00+01:00,66.37342980720291
2044-03-20 14:00:00+01:00,71.70618304033687
2044-03-20 15:00:00+01:00,76.85081767782344
2044-03-20 16:00:00+01:00,86.42850791708702
2044-03-20 17:00:00+01:00,105.90287210127707
2044-03-20 18:00:00+01:00,135.29026836914556
2044-03-20 19:00:00+01:00,134.05522889337377
2044-03-20 20:00:00+01:00,115.49692047929258
2044-03-20 21:00:00+01:00,93.01265876474471
2044-03-20 22:00:00+01:00,83.53311735799281
2044-03-20 23:00:00+01:00,78.66657107928928
2044-03-21 00:00:00+01:00,77.69326182354858
2044-03-21 01:00:00+01:00,76.51547583340857
2044-03-21 02:00:00+01:00,76.10652236460996
2044-03-21 03:00:00+01:00,73.33381784615534
2044-03-21 04:00:00+01:00,73.6119062049384
2044-03-21 05:00:00+01:00,76.5072967640326
2044-03-21 06:00:00+01:00,83.55765456612073
2044-03-21 07:00:00+01:00,94.8202330968346
2044-03-21 08:00:00+01:00,88.96401942363843
2044-03-21 09:00:00+01:00,77.8404850723161
2044-03-21 10:00:00+01:00,76.48275955590468
2044-03-21 11:00:00+01:00,75.55034564704384
2044-03-21 12:00:00+01:00,71.68164583220894
2044-03-21 13:00:00+01:00,70.99460400462726
2044-03-21 14:00:00+01:00,71.0109621433792
2044-03-21 15:00:00+01:00,75.2640782188848
2044-03-21 16:00:00+01:00,77.56239671353303
2044-03-21 17:00:00+01:00,92.75910761408957
2044-03-21 18:00:00+01:00,117.70526921080511
2044-03-21 19:00:00+01:00,117.81977618206872
2044-03-21 20:00:00+01:00,93.37253781728751
2044-03-21 21:00:00+01:00,79.29635942123916
2044-03-21 22:00:00+01:00,77.8077687948122
2044-03-21 23:00:00+01:00,76.5972665271683
2044-03-22 00:00:00+01:00,71.55078072219338
2044-03-22 01:00:00+01:00,71.68982490158491
2044-03-22 02:00:00+01:00,71.82886908097645
2044-03-22 03:00:00+01:00,71.43627375092977
2044-03-22 04:00:00+01:00,71.75525745659269
2044-03-22 05:00:00+01:00,73.3501759849073
2044-03-22 06:00:00+01:00,75.06778055386148
2044-03-22 07:00:00+01:00,75.55852471641981
2044-03-22 08:00:00+01:00,75.46037588390814
2044-03-22 09:00:00+01:00,75.2640782188848
2044-03-22 10:00:00+01:00,73.32563877677937
2044-03-22 11:00:00+01:00,69.5387296557042
2044-03-22 12:00:00+01:00,67.5921111442228
2044-03-22 13:00:00+01:00,67.28130650793584
2044-03-22 14:00:00+01:00,65.32650892707846
2044-03-22 15:00:00+01:00,69.16249246440948
2044-03-22 16:00:00+01:00,72.06606209287965
2044-03-22 17:00:00+01:00,83.95842896554338
2044-03-22 18:00:00+01:00,107.99671386152599
2044-03-22 19:00:00+01:00,106.34454184757958
2044-03-22 20:00:00+01:00,82.21628718846128
2044-03-22 21:00:00+01:00,76.67905722092803
2044-03-22 22:00:00+01:00,75.36222705139649
2044-03-22 23:00:00+01:00,73.94724804935328
2044-03-23 00:00:00+01:00,73.30110156865145
2044-03-23 01:00:00+01:00,73.12934111175603
2044-03-23 02:00:00+01:00,73.09662483425214
2044-03-23 03:00:00+01:00,70.83102261710782
2044-03-23 04:00:00+01:00,70.78194820085199
2044-03-23 05:00:00+01:00,71.86158535848034
2044-03-23 06:00:00+01:00,71.88612256660825
2044-03-23 07:00:00+01:00,73.10480390362812
2044-03-23 08:00:00+01:00,73.30928063802743
2044-03-23 09:00:00+01:00,71.25633422465837
2044-03-23 10:00:00+01:00,59.535727808890066
2044-03-23 11:00:00+01:00,44.8461192096438
2044-03-23 12:00:00+01:00,8.96454185725328
2044-03-23 13:00:00+01:00,4.294293243573108
2044-03-23 14:00:00+01:00,6.200016408174648
2044-03-23 15:00:00+01:00,55.38893963527211
2044-03-23 16:00:00+01:00,67.54303672796695
2044-03-23 17:00:00+01:00,73.3174597074034
2044-03-23 18:00:00+01:00,74.47888755879147
2044-03-23 19:00:00+01:00,73.3501759849073
2044-03-23 20:00:00+01:00,73.1702364586359
2044-03-23 21:00:00+01:00,74.15990385312855
2044-03-23 22:00:00+01:00,73.1129829730041
2044-03-23 23:00:00+01:00,67.47760417295918
2044-03-24 00:00:00+01:00,30.835373368603236
2044-03-24 01:00:00+01:00,21.028669186812436
2044-03-24 02:00:00+01:00,24.81557830788762
2044-03-24 03:00:00+01:00,23.367883028340515
2044-03-24 04:00:00+01:00,23.12251094706135
2044-03-24 05:00:00+01:00,23.48238999960413
2044-03-24 06:00:00+01:00,23.13886908581329
2044-03-24 07:00:00+01:00,22.00197844255314
2044-03-24 08:00:00+01:00,13.76565558094903
2044-03-24 09:00:00+01:00,11.941723110107205
2044-03-24 10:00:00+01:00,12.24434867701818
2044-03-24 11:00:00+01:00,13.119509100247214
2044-03-24 12:00:00+01:00,11.303755698781359
2044-03-24 13:00:00+01:00,8.310216307175509
2044-03-24 14:00:00+01:00,8.743706984102033
2044-03-24 15:00:00+01:00,12.906853296471944
2044-03-24 16:00:00+01:00,23.10615280830941
2044-03-24 17:00:00+01:00,57.237409314241845
2044-03-24 18:00:00+01:00,73.20295273613979
2044-03-24 19:00:00+01:00,75.80389679769898
2044-03-24 20:00:00+01:00,75.14139217824523
2044-03-24 21:00:00+01:00,73.97178525748119
2044-03-24 22:00:00+01:00,74.35620151815189
2044-03-24 23:00:00+01:00,73.30928063802743
2044-03-25 00:00:00+01:00,64.3695578100897
2044-03-25 01:00:00+01:00,63.829739231275525
2044-03-25 02:00:00+01:00,63.87063457815539
2044-03-25 03:00:00+01:00,64.36137874071373
2044-03-25 04:00:00+01:00,68.71264364873099
2044-03-25 05:00:00+01:00,74.37255965690383
2044-03-25 06:00:00+01:00,80.53957796638696
2044-03-25 07:00:00+01:00,90.57529609070497
2044-03-25 08:00:00+01:00,86.94378928777327
2044-03-25 09:00:00+01:00,76.84263860844747
2044-03-25 10:00:00+01:00,68.40183901244404
2044-03-25 11:00:00+01:00,64.55767640573707
2044-03-25 12:00:00+01:00,62.81553462865496
2044-03-25 13:00:00+01:00,63.24084623620551
2044-03-25 14:00:00+01:00,63.87063457815539
2044-03-25 15:00:00+01:00,70.58565053582865
2044-03-25 16:00:00+01:00,76.76902698406371
2044-03-25 17:00:00+01:00,98.03460736159172
2044-03-25 18:00:00+01:00,129.6385314303487
2044-03-25 19:00:00+01:00,130.2356034947947
2044-03-25 20:00:00+01:00,99.27782590673951
2044-03-25 21:00:00+01:00,81.06303840644918
2044-03-25 22:00:00+01:00,78.92012222994444
2044-03-25 23:00:00+01:00,75.81207586707495
2044-03-26 00:00:00+01:00,79.23910593560736
2044-03-26 01:00:00+01:00,77.21069673036622
2044-03-26 02:00:00+01:00,75.82843400582689
2044-03-26 03:00:00+01:00,74.31530617127203
2044-03-26 04:00:00+01:00,74.323485240648
2044-03-26 05:00:00+01:00,75.81207586707495
2044-03-26 06:00:00+01:00,79.96704311006889
2044-03-26 07:00:00+01:00,80.91581515768168
2044-03-26 08:00:00+01:00,78.01224552921151
2044-03-26 09:00:00+01:00,75.0596014844855
2044-03-26 10:00:00+01:00,72.73674578170936
2044-03-26 11:00:00+01:00,69.49783430882434
2044-03-26 12:00:00+01:00,64.32866246320984
2044-03-26 13:00:00+01:00,64.61492989136887
2044-03-26 14:00:00+01:00,64.74579500138442
2044-03-26 15:00:00+01:00,74.33984337939995
2044-03-26 16:00:00+01:00,75.61577820205163
2044-03-26 17:00:00+01:00,80.40053378699542
2044-03-26 18:00:00+01:00,93.6342680373186
2044-03-26 19:00:00+01:00,94.05957964486917
2044-03-26 20:00:00+01:00,80.33510123198765
2044-03-26 21:00:00+01:00,76.44186420902483
2044-03-26 22:00:00+01:00,76.64634094342414
2044-03-26 23:00:00+01:00,75.82025493645094
2044-03-27 00:00:00+01:00,80.0242965957007
2044-03-27 01:00:00+01:00,79.15731524184764
2044-03-27 02:00:00+01:00,79.22274779685542
2044-03-27 03:00:00+01:00,76.87535488595135
2044-03-27 04:00:00+01:00,76.76902698406371
2044-03-27 05:00:00+01:00,80.17969891384418
2044-03-27 06:00:00+01:00,83.5985499130006
2044-03-27 07:00:00+01:00,88.52234967733591
2044-03-27 08:00:00+01:00,83.03419412605851
2044-03-27 09:00:00+01:00,80.31056402385973
2044-03-27 10:00:00+01:00,80.30238495448376
2044-03-27 11:00:00+01:00,80.26966867697986
2044-03-27 12:00:00+01:00,80.0242965957007
2044-03-27 13:00:00+01:00,80.00793845694875
2044-03-27 14:00:00+01:00,79.77074544504556
2044-03-27 15:00:00+01:00,80.21241519134806
2044-03-27 16:00:00+01:00,84.27741267120629
2044-03-27 17:00:00+01:00,95.61360282630392
2044-03-27 18:00:00+01:00,115.07160887174203
2044-03-27 19:00:00+01:00,112.02899506388033
2044-03-27 20:00:00+01:00,89.96186588750705
2044-03-27 21:00:00+01:00,81.74190116465488
2044-03-27 22:00:00+01:00,80.29420588510779
2044-03-27 23:00:00+01:00,76.82628046969552
2044-03-28 00:00:00+01:00,74.54432011379926
2044-03-28 01:00:00+01:00,74.36438058752786
2044-03-28 02:00:00+01:00,72.00880860724783
2044-03-28 03:00:00+01:00,67.3549181323196
2044-03-28 04:00:00+01:00,71.18272260027463
2044-03-28 05:00:00+01:00,76.18831305836967
2044-03-28 06:00:00+01:00,82.75610576727544
2044-03-28 07:00:00+01:00,82.51891275537226
2044-03-28 08:00:00+01:00,80.15516170571625
2044-03-28 09:00:00+01:00,79.3699710456229
2044-03-28 10:00:00+01:00,78.43755713676207
2044-03-28 11:00:00+01:00,79.21456872747943
2044-03-28 12:00:00+01:00,74.5034247669194
2044-03-28 13:00:00+01:00,73.34199691553133
2044-03-28 14:00:00+01:00,73.30928063802743
2044-03-28 15:00:00+01:00,74.323485240648
2044-03-28 16:00:00+01:00,75.27225728826079
2044-03-28 17:00:00+01:00,74.81422940320634
2044-03-28 18:00:00+01:00,79.76256637566958
2044-03-28 19:00:00+01:00,78.98555478495221
2044-03-28 20:00:00+01:00,76.18013398899372
2044-03-28 21:00:00+01:00,76.82628046969552
2044-03-28 22:00:00+01:00,76.67087815155205
2044-03-28 23:00:00+01:00,73.35835505428327
2044-03-29 00:00:00+01:00,72.75310392046131
2044-03-29 01:00:00+01:00,68.67174830185112
2044-03-29 02:00:00+01:00,65.53916473085374
2044-03-29 03:00:00+01:00,65.63731356336541
2044-03-29 04:00:00+01:00,65.22018102519081
2044-03-29 05:00:00+01:00,70.8064854089799
2044-03-29 06:00:00+01:00,64.1896182838183
2044-03-29 07:00:00+01:00,64.70489965450457
2044-03-29 08:00:00+01:00,64.39409501821761
2044-03-29 09:00:00+01:00,64.279588046954
2044-03-29 10:00:00+01:00,64.05057410442677
2044-03-29 11:00:00+01:00,63.109981126189965
2044-03-29 12:00:00+01:00,63.33899506871719
2044-03-29 13:00:00+01:00,58.2270767087345
2044-03-29 14:00:00+01:00,59.25763945010701
2044-03-29 15:00:00+01:00,64.00149968817095
2044-03-29 16:00:00+01:00,64.50860198948124
2044-03-29 17:00:00+01:00,72.56498532481395
2044-03-29 18:00:00+01:00,82.5598081022521
2044-03-29 19:00:00+01:00,89.16849615803774
2044-03-29 20:00:00+01:00,82.19992904970933
2044-03-29 21:00:00+01:00,75.27225728826079
2044-03-29 22:00:00+01:00,73.1702364586359
2044-03-29 23:00:00+01:00,68.28733204118043
2044-03-30 00:00:00+01:00,64.35319967133776
2044-03-30 01:00:00+01:00,60.762588215285916
2044-03-30 02:00:00+01:00,58.120748806846855
2044-03-30 03:00:00+01:00,57.490960464896986
2044-03-30 04:00:00+01:00,58.750537148796724
2044-03-30 05:00:00+01:00,59.372146421370616
2044-03-30 06:00:00+01:00,56.6894116660517
2044-03-30 07:00:00+01:00,47.40616792432313
2044-03-30 08:00:00+01:00,44.17543552081408
2044-03-30 09:00:00+01:00,38.065670696962755
2044-03-30 10:00:00+01:00,29.829347835358647
2044-03-30 11:00:00+01:00,25.87885732676402
2044-03-30 12:00:00+01:00,20.89780407679688
2044-03-30 13:00:00+01:00,15.254246207375985
2044-03-30 14:00:00+01:00,23.057078392053576
2044-03-30 15:00:00+01:00,34.49141737966286
2044-03-30 16:00:00+01:00,47.87237487875355
2044-03-30 17:00:00+01:00,71.85340628910436
2044-03-30 18:00:00+01:00,80.56411517451487
2044-03-30 19:00:00+01:00,81.83187092779058
2044-03-30 20:00:00+01:00,73.02301320986841
2044-03-30 21:00:00+01:00,67.57575300547084
2044-03-30 22:00:00+01:00,64.75397407076039
2044-03-30 23:00:00+01:00,61.155183545332584
2044-03-31 00:00:00+01:00,68.58995760809141
2044-03-31 01:00:00+01:00,63.208129958701626
,60.05100917957632
,60.28820219147951
,60.2064114977198
,61.155183545332584
,61.09793005970077
,61.032497504693
,57.482781395521016
,45.803070326632565
,29.98475015350212
,15.875855479949884
,13.724760234069173
,12.268885885146105
,18.934827426563523
,46.96449817802063
,61.228795169716335
,73.54647364993063
,73.30928063802743
,74.87966195821411
,74.78151312570245
,68.88440410562642
,65.24471823331874
,50.007111985882325
,46.55554470922201
,46.57190284797396
,46.26927728106298
,46.93178190051674
,49.14830970140523
,52.45265372929805
,52.599876978065545
,51.356658432917754
,48.657565538846896
,42.48236815998781
,36.22538008736898
,27.441059577574727
,20.137150624831456
,9.74155344797066
,9.937851112993982
,12.178916122010406
,19.93267389043215
,37.763045130051786
,52.3790421049143
,54.202974575756116
,49.4836515458201
,42.53144257624364
,35.562875467915234
,24.9382643485272
,22.84442258827829
,20.055359931071735
,17.86336933831116
,21.34765289247536
,33.11733372449951
,59.67477198828159
,72.1969272028952
,73.71823410682605
,68.84350875874655
,66.81509955350542
,60.85255797842161
,57.26194652236977
,57.42552790988921
,56.91024653920296
,60.33727660773535
,65.89086471402055
,72.14785278663936
,67.96016926614155
,80.30238495448376
,80.66226400702654
,74.47888755879147
,73.3174597074034
,69.1215971175296
,72.86761089172494
,72.85125275297298
,72.76128298983728
,73.08844576487618
,73.05572948737229
,74.58521546067911
,86.33853815395132
,110.10691376052684
,109.42805100232114
,87.27095206281217
,76.8917130247033
,75.33768984326856
,74.55249918317521
,74.42981314253564
,74.69154336256675
,74.42981314253564
,75.19864566387703
,76.48275955590468
,91.85940998273263
,105.69021629750179
,98.10821898597547
,75.36222705139649
,74.46252942003952
,72.1969272028952
,70.18487613640602
,69.44058082319252
,69.64505755759183
,69.4814761700724
,69.27699943567309
,70.66744122958838
,71.23179701653046
,75.67303168768343
,75.96747818521843
,71.2236179471545
,68.80261341186669
,67.36309720169557
,61.62956956913897
,60.31273939960743
,60.90981146405341
,59.642055710777704
,60.84437890904563
,66.09534144841986
,72.68767136545353
,83.1241638891942
,78.84651060556068
,71.17454353089866
,70.32392031579754
,69.0970599094017
,60.12462080396007
,59.74838361266535
,59.723846404537426
,59.453937115130344
,59.86289058392896
,65.73546239587708
,76.04108980960218
,82.60070344913197
,79.2800012824872
,69.39968547631267
,60.901632394677435
,59.55208594764201
,56.14141401786155
,50.65325846658414
,43.046723946929895
,55.55252102279155
,57.69543719929629
,59.47847432325826
,68.37730180431613
,70.93735051899546
,69.47329710069641
,64.14872293693844
,62.61923696363162
,59.797458028921184
,56.010548907846
,56.49311400102836
,56.28863726662905
,55.94511635283823
,55.92875821408627
,57.78540696243199
,59.535727808890066
,59.445758045754374
,57.70361626867226
,50.980421241623034
,20.18622504108729
,8.473797694694952
,-1.0957134751926532
,-29.828784192983363
,-27.047900605152776
,-3.0750482641779513
,11.099278964382052
,36.96967540058247
,61.73589747102662
,67.13408325916834
,62.578341616751764
,58.398837165629914
,58.02259997433519
,55.74063961843892
,54.81640477895404
,30.148331541021562
,24.079462064050112
,23.474210930228153
,23.097973738933433
,26.026080575531516
,38.31104277824193
,23.711403942131355
,14.64899507355404
,12.506078897049292
,9.72519530921872
,1.5952003495022353
,-13.683301244814032
,-37.19812570073441
,-31.783581773840766
,-6.518436471462294
,11.303755698781359
,39.56244039276569
,73.0802666955002
,75.00234799885371
,77.43971067289344
,75.22318287200495
,73.20295273613979
,70.43842728706115
,68.15646693116489
,66.02990889341208
,64.9911670826636
,66.85599490038528
,69.17067153378544
,74.09447129812078
,84.00750338179921
,102.45948389399274
,100.70098397815869
,83.19777551357795
,73.12934111175603
,66.37342980720291
,57.0738279267224
,56.27227912787711
,56.8366349148192
,63.56800901124441
,71.88612256660825
,78.74018270367304
,86.96014742652521
,92.88997272410514
,88.17064969416911
,80.22877333010001
,75.25589914950883
,70.26666683016573
,71.2236179471545
,68.11557158428502
,65.61277635523749
,64.29594618570594
,63.78884388439566
,72.80217833671715
,77.61147112978887
,81.87276627467044
,77.93045483545178
,70.37299473205337
,70.59382960520463
,71.43627375092977
,68.25461576367655
,67.73933439299029
,67.42035068732737
,68.66356923247517
,68.22189948617266
,63.715232260011916
,69.18702967253739
,72.3114341741588
,71.21543887777852
,66.83963676163333
,66.25074376656333
,59.110416201339504
,61.057034712820915
,61.596853291635085
,62.120313731697316
,61.236974239092305
,61.253332377844245
,63.12633926494191
,74.90419916634204
,85.52063121635409
,83.31228248484156
,73.96360618810522
,67.00321814915279
,62.52108813111996
,62.758281143023154
,61.80950909541036
,60.770767284661886
,60.30456033023146
,61.65410677726689
,74.61793173818299
,95.31097725939294
,111.81633926010505
,112.95322990336521
,90.64890771508873
,83.35317783172142
,72.64677601857368
,67.3222018548157
,62.19392535608107
,62.48019278424009
,62.35750674360051
,61.79315095665842
,66.3161763215711
,75.58306192454774
,80.22059426072403
,78.5193478305218
,62.21028349483301
,60.533574272758685
,53.106979279375835
,23.073436530805516
,23.01618304517371
,22.083769136312874
,37.345912591877195
,59.18402782572326
,75.28043635763676
,87.12372881404465
,117.27177853387857
,118.48228080152248
,89.3238984761812
,79.86889427755722
,76.39278979276898
,72.53226904731005
,70.2175924139099
,68.90894131375433
,68.13192972303696
,68.00106461302141
,73.17841552801188
,84.00750338179921
,86.20767304393576
,80.14698263634028
,66.4061460847068
,45.77035404912867
,29.837526904734617
,17.086357747593794
,10.395878998048431
,11.418262670044982
,12.653302145816802
,30.05836177788587
,58.45609065126172
,78.44573620613804
,87.51632414409133
,88.30151480418466
,85.09531960880352
,74.60157359943105
,67.36309720169557
,67.0850088429125
,59.355788282618676
,54.7673303626982
,47.945986503137306
,46.506470292966185
,49.0992352851494
,59.87106965330493
,58.86504412006033
,45.02605873591519
,21.265862198715638
,12.23616960764221
,6.404493142573955
,-6.894673662757015
,-28.49559588469988
,-28.642819133467384
,-13.143482665999855
,2.879314241529883
,21.838397055033695
,65.3755833433343
,77.99588739045957
,79.59080591877417
,61.96491141355384
,61.26969051659619
,59.68295105765757
,34.041568563984384
,23.114331877685373
,23.114331877685373
,19.605511115393263
,16.816448458186706
,19.777271572288676
,23.12251094706135
,18.21506932147797
,12.031692873242896
,3.2637305022005876
,-8.039743375393144
,-25.101282093671372
,-39.970830219189025
,-60.999217584813834
,-61.015575723565775
,-36.91185827257539
,-12.104740855251379
,8.972720926629265
,50.988600310999004
,78.62567573240943
,82.34715229847683
,82.58434531038003
,83.36953597047336
,80.53139889701097
,76.79356419219164
,73.64462248244229
,69.35061106005683
,68.36912273494016
,68.79443434249072
,77.74233623980442
,89.15213801928579
,101.87876996829871
,98.13275619410338
,82.54344996350017
,77.56239671353303
,67.21587395292806
,45.803070326632565
,33.25637790389104
,29.240454840288642
,54.7673303626982
,64.63128803012081
,69.04798549314586
,68.49180877557974
,73.57918992743451
,72.1069574397595
,68.14010879241293
,68.63903202434724
,67.78840880924612
,27.310194467559178
,23.12251094706135
,23.147048155189268
,23.10615280830941
,35.09666851348481
,60.247306844599656
,71.8697644278563
,79.82799893067735
,77.7177990316765
,70.85555982523573
,69.71049011259962
,66.18531121155556
,54.78368850145016
,54.979986166473495
,60.7953044927898
,64.3123043244579
,67.10136698166444
,79.37815011499889
,98.24726316536699
,125.99884555804103
,128.77155007649566
,105.7474697831336
,94.75480054182682
,84.53096382186143
,82.05270580094182
,78.50298969176984
,77.7505153091804
,77.35791997913373
,77.76687344793234
,81.37384304273613
,87.44271251970758
,98.00189108408782
,96.52965859641282
,87.6390101847309
,88.93130314613454
,85.0135289150438
,77.7177990316765
,75.07595962323745
,74.22533640813633
,77.40699439538956
,81.60285698526334
,86.6084474433584
,90.30538680129789
,96.66870277580435
,96.58691208204462
,90.6816239925926
,90.57529609070497
,87.17280323030049
,88.21972411042495
,86.54301488835063
,85.83143585264104
,85.37340796758659
,85.7251079507534
,89.52019614120455
,94.97563541497807
,118.89941333969708
,108.9945603253946
,91.03332397575942
,84.67000800125297
,81.18572444708876
,75.74664331206718
,72.58952253294187
,72.60588067169381
,67.96016926614155
,71.1336481840188
,83.48404294173697
,91.31141233454248
,116.90372041195982
,118.97302496408084
,91.55678441582165
,83.67216153738434
,75.81207586707495
,79.00191292370417
,75.68938982643537
,75.1495712476212
,74.48706662816744
,74.35620151815189
,75.54216657766787
,80.15516170571625
,83.04237319543448
,81.25115700209655
,74.67518522381481
,71.12546911464283
,51.27486773915804
,45.02605873591519
,33.21548255701118
,33.21548255701118
,58.06349532121504
,70.29120403829366
,74.51978290567133
,75.22318287200495
,80.23695239947597
,80.67862214577849
,76.75266884531177
,75.17410845574912
,71.08457376776296
,70.34027845454949
,65.26925544144666
,59.67477198828159
,55.51980474528766
,56.534009347908224
,59.4375789763784
,63.649799705004135
,65.30197171895054
,66.95414373289695
,60.067367318328266
,54.75915129332223
,49.581800378331764
,38.91629391206388
,31.51423612680894
,29.166843215904883
,35.039415027853
,48.21589579254439
,62.07941838481746
,80.12244542821236
,82.65795693476379
,85.51245214697812
,86.5757311658545
,83.96660803491935
,78.03678273733942
,77.93863390482775
,74.33984337939995
,71.60803420782518
,69.99675754075865
,69.26064129692114
,69.74320639010351
,69.04798549314586
,65.98083447715624
,64.79486941764026
,58.014420904959216
,42.14702631557294
,36.66704983367149
,22.68902027013482
,14.616278796050146
,12.661481215192765
,14.673532281681958
,25.43718758046151
,56.31317447475698
,72.8185364754691
,84.90720101315617
,87.47542879721148
,86.5511939577266
,84.13836849181476
,81.2347988633446
,75.04324334573356
,74.09447129812078
,73.8490992168416
,73.69369689869812
,75.51762936953996
,81.28387327960043
,94.0514005754932
,101.30623511198064
,99.17149800485187
,86.06862886454422
,81.1448291002089
,79.44358267000666
,75.71392703456328
,74.04539688186495
,73.35835505428327
,73.7918457312098
,77.21069673036622
,81.30841048772835
,98.18183061035921
,98.01824922283978
,99.29418404549145
,98.09186084722351
,91.9003053296125
,83.92571268803948
,85.64331725699367
,84.22015918557449
,83.5985499130006
,83.77031036989601
,83.82756385552781
,87.40999624220369
,102.77846759965566
,135.51110324229683
,121.93384807818279
,95.67903538131168
,82.08542207844572
,79.27182221311125
,79.23910593560736
,79.21456872747943
,78.23308040236276
,79.24728500498333
,82.1181383559496
,88.40784270607232
,99.55591426552257
,101.33077232010857
,101.3471304588605
,100.67644677003078
,89.90461240187526
,84.01568245117518
,78.22490133298679
,75.81207586707495
,75.82025493645094
,75.95929911584246
,75.95112004646649
,79.345433837495
,92.13749834151568
,107.2851348258164
,98.4517398997663
,88.33423108168856
,79.3699710456229
,77.40699439538956
,72.94122251610867
,72.76128298983728
,71.4280946815538
,74.29894803252009
,76.80992233094358
,83.31228248484156
,90.85338444948803
,93.21713549914404
,94.15772847738084
,99.29418404549145
,90.76341468635233
,83.49222201111296
,82.92786622417087
,82.28171974346905
,79.63170126565403
,76.87535488595135
,76.76902698406371
,83.42678945610518
,89.66741938997204
,106.27093022319582
,105.55117211811027
,90.66526585384067
,84.21198011619852
,80.98124771268945
,77.08801068972664
,73.64462248244229
,72.64677601857368
,73.85727828621758
,78.22490133298679
,83.40225224797726
,85.97865910140852
,86.26492652956756
,86.14224048892798
,87.09919160591674
,88.45691712232814
,81.24297793272058
,76.25374561337746
,75.19046659450106
,74.5933945300551
,73.48922016429881
,75.24772008013286
,79.85253613880528
,90.09273099752261
,95.4990958550403
,91.5976797627015
,80.12244542821236
,73.29292249927549
,70.13580172015018
,68.00106461302141
,66.1689530728036
,66.32435539094709
,67.55939486671889
,71.14182725339477
,79.23910593560736
,87.614472976603
,90.08455192814664
,90.85338444948803
,93.89599825734973
,86.42032884771103
,80.36781750949153
,83.7457731617681
,79.8198198613014
,79.53355243314236
,78.83833153618471
,78.87104781368859
,79.21456872747943
,78.24943854111471
,76.5645502496644
,68.48362970620376
,61.057034712820915
,42.19610073182877
,27.24476191255139
,16.996387984458096
,12.06440915074679
,11.688171959452063
,13.07043468399138
,27.727327005733756
,59.69930919640951
,76.81810140031955
,83.3613569010974
,85.61060097948979
,82.2081081190853
,75.73028517331524
,68.63903202434724
,58.42337437375784
,57.826302309311856
,56.80391863731531
,45.09149129092297
,40.06954269407597
,40.004110139068196
,32.92103605947618
,21.24132499058772
,11.769962653211792
,10.534923177439964
,9.046332551013009
,4.96497693240282
,5.349393193073524
,-21.32255204197216
,-28.70007261909919
,-13.356138469775146
,9.136302314148708
,15.18881365236821
,55.17628383149682
,73.34199691553133
,81.11211282270501
,78.86286874431264
,75.25589914950883
,72.7285667123334
,68.15646693116489
,66.16077400342763
,69.6859529044717
,69.69413197384767
,74.4379922119116
,81.00578492081736
,94.13319126925293
,109.1417835741621
,97.91192132095213
,80.85856167204987
,64.62310896074484
,58.42337437375784
,51.88011887297999
,49.79445618210704
,50.48149800968872
,59.66659291890562
,69.55508779445614
,79.27182221311125
,91.36866582017429
,121.05868765495376
,128.55889427272038
,97.8055934190645
,83.66398246800837
,77.64418740729275
,76.7444897759358
,72.78582019796521
,71.32176677966616
,72.23782254977506
,73.50557830305075
,77.56239671353303
,87.59811483785106
,93.98596802048542
,85.02988705379575
,73.77548759245786
,60.00193476332049
,52.231818856146795
,33.853449968337024
,25.330859678573873
,30.23830130415726
,38.01659628070692
,52.231818856146795
,73.57918992743451
,81.17754537771279
,99.05699103358826
,100.39017934187174
,86.46940326396688
,77.65236647666873
,71.959734190992
,60.75440914590993
,57.21287210611393
,54.93091175021766
,52.32996768865846
,51.9046560811079
,51.62656772232484
,49.941679430874544
,43.84827274577518
,37.615821881284276
,30.737224536091574
,29.248633909664612
,18.345934431493518
,20.44795526111841
,21.560308696250644
,17.642534465159905
,17.96151817082282
,16.58743451565948
,15.417827594895435
,34.01703135585647
,54.79186757082613
,56.33771168288489
,56.7466651516835
,48.412193457567724
,38.35193812512179
,40.67479382789792
,27.179329357543615
,25.486261996717346
,24.611101573488313
,27.269299120679314
,42.37604025810016
,64.32866246320984
,73.16205738925993
,65.49826938397388
,58.26797205561435
,57.90809300307157
,60.590827758390496
,61.95673234417787
,58.53788134502144
,55.249895455880576
,62.292074188592736
,58.85686505068436
,61.776792817906475
,74.15172478375258
,83.44314759485712
,83.46768480298503
,75.25589914950883
,69.67777383509572
,63.69887412125997
,60.893453325301465
,58.88140225881228
,56.517651209156284
,56.4522186541485
,55.91240007533433
,62.55380440862385
,77.29248742412595
,83.00965691793058
,80.15516170571625
,75.20682473325301
,70.83102261710782
,63.2163090280776
,61.63774863851495
,59.9365022083127
,55.57705823091946
,59.2003859644752
,62.283895119216766
,72.6140597410698
,79.14913617247166
,88.23608224917689
,91.60585883207749
,83.98296617367129
,78.66657107928928
,76.07380608710606
,81.41473838961599
,79.14095710309569
,78.88740595244055
,78.78925711992888
,79.10824082559179
,79.19003151935152
,80.08972915070848
,80.28602681573182
,77.38245718726164
,64.77033220951235
,58.89776039756423
,43.53746810948823
,36.49528937677607
,28.72517346960238
,29.54308040719961
,43.49657276260837
,62.70920672676732
,76.79356419219164
,86.7556706921259
,100.3738212031198
,104.79869773552082
,89.8310007774915
,83.93389175741545
,78.51116876114581
,79.29635942123916
,73.1702364586359
,70.38117380142934
,65.63731356336541
,64.95027173578373
,64.29594618570594
,63.76430667626774
,56.7466651516835
,44.17543552081408
,36.23355915674496
,25.216352707310264
,17.920622823942963
,14.199146257875569
,9.128123244772738
,4.0652793010458765
,8.653737220966335
,13.430313736534174
,35.08031037473287
,74.53614104442327
,88.56324502421579
,94.62393543181126
,93.49522385792709
,88.74318455048717
,84.6863661400049
,80.01611752632472
,78.87922688306458
,78.56842224677763
,78.1921850554829
,80.04883380382861
,84.8663056662763
,94.68936798681904
,108.9045905622589
,95.9734818788467
,89.92914961000317
,82.55162903287614
,82.55162903287614
,79.33725476811902
,80.08972915070848
,79.57444778002221
,82.8297173916592
,85.99501724016048
,89.5038380024526
,96.7095981226842
,116.21667858437817
,120.38800396612403
,98.7789026748052
,93.19259829101611
,84.03204058992712
,80.77677097829014
,78.02042459858748
,78.44573620613804
,79.54173150251833
,79.91796869381305
,83.6558033986324
,97.98553294533588
,117.22270411762275
,105.78836513001347
,88.51417060795995
,81.40655932024002
,79.27182221311125
,76.80174326156761
,78.55206410802568
,74.7978712644544
,77.19433859161427
,80.23695239947597
,85.95412189328063
,101.31441418135661
,122.89079919517155
,126.56320134498313
,101.6088606788916
,90.87792165761596
,83.6230871211285
,82.16721277220543
,80.09790822008445
,81.07939654520112
,81.95455696843017
,80.50686168888306
,83.70487781488823
,94.40310055866001
,104.67601169488123
,102.81118387715955
,87.32820554844396
,83.09962668106628
,80.1715198444682
,73.48104109492286
,69.70231104322365
,68.10739251490904
,70.46296449518907
,75.34586891264453
,84.14654756119074
,94.12501219987695
,95.6463191038078
,98.08368177784756
,94.7302633336989
,91.26233791828665
,83.66398246800837
,83.31228248484156
,81.44745466711987
,80.59683145201875
,80.81766632517001
,81.5619616383835
,82.38804764535669
,80.04883380382861
,77.570575782909
,68.68810644060306
,44.19179365956602
,21.478518002490915
,14.133713702867787
,12.399750995161654
,11.17289058876581
,11.344651045661223
,13.094971892119297
,28.20171302954015
,62.91368346116663
,83.67216153738434
,85.80689864451311
,85.49609400822618
,85.53698935510603
,89.5938077655883
,84.62093358499713
,81.12847096145696
,81.07121747582515
,76.5645502496644
,76.68723629030399
,77.21069673036622
,83.32046155421753
,85.52881028573006
,85.92140561577673
,83.13234295857018
,69.62869941883989
,50.59600498095233
,31.76778727746408
,25.150920152302483
,21.9283668181694
,21.216787782459804
,37.03510795559025
,58.77507435692464
,75.95929911584246
,85.27525913507492
,84.54732196061337
,84.36738243434199
,85.58606377136186
,89.89643333249927
,83.67216153738434
,86.62480558211035
,84.53914289123742
,83.61490805175254
,82.04452673156587
,81.75008023403086
,83.18959644420198
,79.79528265317347
,77.55421764415705
,64.25505083882608
,39.652410155901386
,14.583562518546266
,10.330446443040657
,6.363597795694091
,3.656325832247262
,3.9180560522783736
,9.250809285412316
,15.802243855566132
,52.133670023635126
,77.61147112978887
,83.99114524304727
,85.4879149388502
,87.84348691913021
,84.8090521806445
,75.98383632397037
,61.21243703096439
,55.97783263034211
,53.99031877198084
,52.53444442305777
,55.421655912776
,55.22535824775266
,50.628721258456224
,33.46085463829035
,11.966260318235122
,2.4376444952273744
,-15.163712801865017
,-41.5739278168796
,-69.88986599649573
,-104.86356664815332
,-98.459355326767
,-46.34232526307146
,-19.801245138041324
,2.8057026171461388
,50.162514304025805
,73.74277131495397
,74.96145265197383
,65.1056740539272
,59.52754873951409
,56.34589075226086
,38.15564046009845
,34.10700111899216
,31.857757040599772
,34.42598482465508
,37.68125443629206
,53.03336765499208
,76.52365490278456
,80.36781750949153
,75.19046659450106
,51.438449126677476
,33.50174998517021
,29.191380424032808
,25.363575956077767
,22.86078072703023
,22.967108628917877
,25.355396886701797
,31.75960820808811
,53.131516487503745
,78.16764784735498
,101.19990721009299
,103.21195827658218
,90.63254957633679
,79.22274779685542
,62.676490449263426
,45.279609886570334
,42.48236815998781
,39.69330550278125
,38.180177668226364
,39.99593106969222
,48.420372526943694
,67.38763440982348
,74.25805268564021
,48.96837017513384
,25.42082944170957
,13.896520690964586
,12.808704463960268
,4.147069994805591
,1.6033794188782053
,1.2353212969594551
,11.303755698781359
,12.195274260762346
,16.571076376907527
,53.50775367879847
,82.39622671473266
,82.87061273853905
,74.66700615443882
,61.318764932852034
,51.5202398204372
,36.8715265680708
,33.37088487515465
,30.97441754799477
,31.571489612440743
,32.2339942318945
,44.764328515884074
,63.101802056813995
,74.83058754195828
,61.343302140979944
,36.11905218548135
,33.07643837761965
,48.9520120363819
,14.248220674131403
,17.51166935514435
,18.4113669865013
,33.06008023886771
,23.01618304517371
,34.941266195341335
,64.00967875754692
,79.90978962443708
,77.81594786418817
,75.80389679769898
,59.04498364633173
,47.55339117309063
,53.131516487503745
,50.65325846658414
,49.74538176585121
,48.81296785699037
,51.21761425352623
,62.52926720049593
,74.42163407315967
,75.3867642595244
,74.37255965690383
,47.234407467427715
,29.739378072222948
,22.476364466359534
,17.650713534535882
,19.79362971104063
,22.427290050103707
,30.590001287324064
,29.224096701536695
,46.081158685415616
,75.43583867578022
,75.93476190771455
,74.60157359943105
,74.41345500378368
,77.23523393849413
,67.60846928297474
,66.27528097469124
,62.54562533924788
,60.30456033023146
,57.88355579494366
,59.50301153138618
,62.96275787742246
,69.98039940200671
,82.5352708941242
,83.38589410922532
,78.29851295737053
,60.762588215285916
,51.88829794235596
,38.940831120191795
,30.61453849545198
,32.28306864815034
,41.451805418615294
,50.49785614844066
,69.4814761700724
,73.14569925050799
,75.87750842208274
,75.75482238144315
,76.64634094342414
,75.39494332890037
,71.88612256660825
,72.36868765979061
,69.81681801448725
,68.09921344553307
,70.06219009576643
,70.43024821768518
,70.88009703336365
,69.76774359823142
,70.52021798082087
,60.893453325301465
,44.0772866883024
,18.460441402757134
,15.9903624512135
,12.268885885146105
,11.949902179483175
,10.387699928672475
,13.250374210262784
,16.211197324364747
,47.63518186685036
,70.32392031579754
,75.21500380262897
,76.5400130415365
,76.55637118028844
,80.92399422705765
,76.92442930220719
,75.55852471641981
,75.37858519014843
,74.06993408999286
,73.05572948737229
,72.99847600174049
,74.44617128128758
,68.31186924930834
,61.35966027973189
,42.37604025810016
,21.642099390010358
,12.906853296471944
,4.981335071154774
,0.8672631750407049
,-2.248962257204738
,-5.463336521961864
,-2.7806017666429454
,7.664069826473678
,30.16468967977351
,67.01139721852876
,75.10049683136536
,76.54819211091247
,75.55852471641981
,80.94035236580959
,78.4866315530179
,79.41904546187874
,79.17367338059958
,78.38030365113026
,77.53785950540511
,77.5133222972772
,78.47845248364193
,76.5072967640326
,75.4767340226601
,62.14485093982523
,35.98000800608982
,26.173303824299026
,20.317090151102853
,15.589588051790862
,13.454850944662091
,16.06397407559725
,27.964520017636957
,33.248198834515065
,57.96534648870338
,76.82628046969552
,79.4926570862625
,79.42722453125472
,79.42722453125472
,83.39407317860129
,78.76471991180097
,76.7444897759358
,74.3807387262798
,74.4707084894155
,73.73459224557799
,75.92658283833858
,78.83015246680874
,81.93001976030224
,83.51675921924087
,89.47930079432467
,86.88653580214145
,75.41948053702828
,71.14182725339477
,67.0522925654086
,66.93778559414501
,66.9950390797768
,67.46124603420722
,76.22920840524955
,83.41043131735323
,85.65967539574561
,84.6863661400049
,83.50040108048893
,83.37771503984935
,76.35189444588913
,71.08457376776296
,73.27656436052355
,70.43842728706115
,66.22620655843542
,65.00752522141553
,66.07080424029193
,72.04152488475172
,88.24426131855287
,86.65752185961423
,86.51029861084673
,83.36953597047336
,75.95929911584246
,69.3587901294328
,58.16164415372672
,53.123337418127775
,53.843095523213336
,61.63774863851495
,73.7918457312098
,83.43496852548114
,91.12329373889511
,88.39966363669635
,88.43237991420023
,89.58562869621232
,91.04968211451137
,88.40784270607232
,84.92355915190811
,83.6230871211285
,78.50298969176984
,77.56239671353303
,80.21241519134806
,85.0135289150438
,95.67085631193572
,86.93561021839729
,88.28515666543272
,80.93217329643363
,71.17454353089866
,71.50988537531352
,69.02344828501795
,69.02344828501795
,68.13192972303696
,71.21543887777852
,84.52278475248546
,86.93561021839729
,89.93732867937914
,86.95196835714924
,86.32218001519936
,86.25674746019159
,86.8456404552616
,86.19949397455979
,87.12372881404465
,85.3979451757145
,85.5778847019859
,85.38976610633853
,85.02170798441978
,86.27310559894353
,85.74964515888132
,86.85381952463757
,86.54301488835063
,85.29161727382686
,86.21585211331173
,85.04624519254769
,82.70703135101961
,80.97306864331348
,78.69110828741721
,82.45348020036448
,84.28559174058226
,85.33251262070672
,84.23651732432643
,84.24469639370241
,85.13621495568339
,88.13793341666522
,88.71864734235926
,85.79871957513714
,85.17711030256325
,84.75997776438867
,84.31830801808616
,84.52278475248546
,85.85597306076895
,85.68421260387353
,85.02170798441978
,85.96230096265658
,82.886970877291
,71.1336481840188
,58.69328366316492
,39.652410155901386
,23.343345820212598
,20.3007320123509
,18.165994905222128
,28.839680440865997
,55.40529777402405
,77.41517346476553
,84.3346661568381
,85.85597306076895
,84.26923360183032
,84.26923360183032
,84.01568245117518
,83.8357429249038
,82.22446625783725
,82.60070344913197
,83.00147784855461
,81.91366162155029
,81.89730348279835
,80.81766632517001
,74.96963172134981
,67.39581347919945
,35.75917313293857
,18.345934431493518
,13.04589747586347
,12.203453330138323
,9.577972060451202
,4.752321128627557
,2.72391192338641
,8.473797694694952
,13.806550927828894
,56.059623324101835
,80.6131895907707
,82.60070344913197
,85.1034986781795
,83.89299641053559
,85.5778847019859
,84.26923360183032
,81.59467791588737
,81.32476862648029
,79.18185244997555
,79.19821058872749
,81.51288722212766
,84.35102429559005
,84.15472663056671
,82.18357091095739
,84.41645685059783
,83.56583363549672
,84.0402196593031
,82.58434531038003
,79.86889427755722
,80.54775703576291
,74.96963172134981
,79.72985009816568
,85.02170798441978
,84.99717077629187
,83.96660803491935
,81.88094534404641
,81.88094534404641
,81.79097558091071
,81.60285698526334
,81.16118723896084
,81.94637789905418
,81.94637789905418
,82.54344996350017
,82.48619647786836
,81.96273603780612
,81.93001976030224
,81.92184069092627
,81.93819882967821
,81.93001976030224
,82.58434531038003
,81.52106629150363
,79.95886404069292
,67.30584371606375
,66.1444158646757
,65.24471823331874
,67.79658787862209
,79.86889427755722
,81.91366162155029
,81.88912441342238
,80.92399422705765
,81.48835001399974
,81.88912441342238
,81.89730348279835
,81.90548255217433
,75.25589914950883
,68.12375065366098
,67.29766464668779
,66.21802748905944
,66.90506931664112
,70.24212962203781
,80.5559361051389
,82.09360114782169
,82.1181383559496
,75.19046659450106
,66.97868094102486
,66.9950390797768
,64.57403454448901
,65.44101589834207
,64.58221361386498
,67.06047163478459
,68.58995760809141
,82.09360114782169
,81.35748490398419
,81.28387327960043
,81.43109652836793
,81.02214305956932
,80.67862214577849
,79.26364314373527
,79.54173150251833
,79.4026873231268
,79.56626871064626
,79.20638965810348
,79.345433837495
,78.89558502181652
,79.54173150251833
,79.57444778002221
,80.58047331326681
,79.5171942943904
,71.19908073902657
,67.06047163478459
,61.01613936594105
,57.63000464428852
,55.83878845095058
,64.30412525508191
,68.46727156745182
,81.03032212894529
,79.61534312690209
,79.90161055506111
,81.07121747582515
,81.15300816958488
,80.00793845694875
,79.28818035186319
,76.15559678086579
,78.34758737362637
,78.49481062239387
,78.49481062239387
,78.35576644300235
,76.66269908217608
,76.22920840524955
,78.56842224677763
,78.69110828741721
,80.6131895907707
,84.4818894056056
,85.02988705379575
,81.39838025086404
,78.64203387116137
,78.29851295737053
,78.65839200991333
,80.05701287320458
,78.52752689989777
,78.47027341426596
,76.85081767782344
,75.19046659450106
,72.60588067169381
,74.91237823571801
,77.37427811788567
,79.05916640933596
,76.54819211091247
,71.60803420782518
,69.8331761532392
,66.41432515408277
,61.50688352849939
,63.289920652461355
,63.936067133163164
,62.81553462865496
,60.0264719714484
,58.23525577811047
,38.80996601017624
,34.27876157588758
,20.128971555455486
,17.617997257031988
,16.2275554631167
,22.68084120075884
,48.9520120363819
,57.18015582861004
,63.33081599934122
,64.36137874071373
,65.14656940080707
,65.44101589834207
,64.36137874071373
,58.53788134502144
,57.114723273602266
,52.289072341778606
,48.641207400094956
,47.21804932867577
,35.6037708147951
,32.04587563624713
,27.809117699493484
,28.20989209891612
,26.24691544868277
,24.5538480878565
,18.362292570245472
,20.52156688550216
,9.700658101090795
,0.9245166606725093
,-2.4861552691079396
,8.629200012838425
,18.05148793395852
,32.16038260751075
,61.26151144722022
,62.52926720049593
,68.0910343761571
,65.38376241271027
,62.5374462698719
,74.38891779565579
,71.60803420782518
,71.959734190992
,72.18056906414326
,72.45047835355034
,62.20210442545704
,62.97911601617441
,77.70144089292457
,79.23910593560736
,76.58908745779233
,81.48835001399974
,77.96317111295568
,76.43368513964886
,74.41345500378368
,66.82327862288139
,70.05401102639044
,76.47458048652872
,79.52537336376638
,75.55852471641981
,74.33166431002397
,74.42163407315967
,74.42981314253564
,72.63041787982174
,62.90550439179066
,83.85210106365574
,84.74361962563671
,84.98081263753991
,85.0707824006756
,84.03204058992712
,80.7031593539064
,81.21844072459265
,75.86115028333079
,75.95112004646649
,79.19821058872749
,85.86415213014492
,82.28989881284502
,69.53055058632822
,67.43670882607933
,63.52711366436455
,66.85599490038528
,69.4487598925685
,82.87879180791504
,75.64849447955551
,77.34974090975774
,79.24728500498333
,74.41345500378368
,79.20638965810348
,75.2640782188848
,67.34673906294363
,63.34717413809316
,61.5641370141312
,62.90550439179066
,61.19607889221244
,66.9950390797768
,78.74018270367304
,77.57875485228497
,76.8917130247033
,78.73200363429707
,69.4814761700724
,64.28776711632997
,52.54262349243374
,51.11128635163858
,48.477626012575506
,62.97911601617441
,65.07295777642332
,79.20638965810348
,76.48275955590468
,76.01655260147426
,76.77720605343968
,81.75825930340682
,80.94853143518557
,80.14698263634028
,76.01655260147426
,67.8538413642539
,67.83748322550196
,72.09059930100756
,69.49783430882434
,61.11428819845272
,62.17756721732912
,73.93088991060132
,73.87363642496952
,63.99332061879497
,61.236974239092305
,51.356658432917754
,38.83450321830416
,37.08418237184608
,35.30932431726009
,45.25507267844242
,63.2490253055815
,79.65623847378194
,68.54906226121155
,77.97135018233165
,81.75008023403086
,81.75008023403086
,82.85425459978711
,81.10393375332904
,79.26364314373527
,77.59511299103691
,76.00837353209829
,76.00837353209829
,76.00837353209829
,67.01957628790473
,72.27871789665491
,78.18400598610692
,80.1388035669643
,76.29464096025733
,61.78497188728245
,51.356658432917754
,38.122924182594566
,32.806529088212564
,32.10312912187895
,26.295989864938605
,60.86073704779758
,71.95155512161602
,65.71092518774915
,73.4074294705391
,78.79743618930486
,79.73802916754167
,80.80130818641805
,79.27182221311125
,73.15387831988396
,71.11729004526686
,72.08242023163159
,73.64462248244229
,73.64462248244229
,60.541753342134655
,61.49052538974745
,60.059188248952296
,53.581365303182224
,25.77252942487638
,10.747578981215256
,5.8564954943838075
,-0.5395367576265357
,-8.448696844191758
,-21.306193903220233
,-11.434057166421653
,2.4376444952273744
,18.419546055877277
,57.221051175489904
,60.32091846898341
,60.173695220215905
,59.66659291890562
,58.995909230075895
,59.118595270715474
,58.30886740249422
,48.060493474400914
,33.75530113582535
,25.690738731116653
,20.578820371133965
,18.779425108420057
,22.59905050699912
,20.71786455052549
,15.64684153742266
,7.492309369578265
,-3.2549877904493485
,-7.982489889761339
,-14.427596558027517
,-21.919624106418155
,-22.598486864623837
,-10.550717673816635
,3.844444427894615
,13.184941655254995
,44.89519362589963
,58.88958132818826
,57.932630211199495
,57.18833489798601
,58.21889763935853
,54.8000466402021
,68.22189948617266
,68.93347852188225
,65.97265540778027
,63.183592750573716
,61.29422772472411
,55.66702799405516
,69.93950405512683
,70.23395055266184
,70.47114356456504
,70.29938310766963
,70.14398078952614
,69.56326686383211
,57.8999139336956
,56.35406982163684
,57.8999139336956
,57.64636278304046
,57.63818371366449
,64.1323647981865
,67.4694251035832
,70.43842728706115
,69.98857847138267
,69.58780407196004
,69.47329710069641
,62.921862530542604
,62.938220669294545
,60.599006827766466
,60.62354403589438
,59.012267368827835
,59.732025473913396
,59.67477198828159
,62.921862530542604
,68.98255293813808
,68.54906226121155
,62.938220669294545
,58.14528601497477
,56.525830278532254
,52.305430480530546
,50.3097375527933
,49.69630734959538
,54.75097222394626
,57.229230244865875
,59.38850456012257
,64.73761593200845
,67.73933439299029
,62.97093694679843
,64.9011973195279
,70.94552958837143
,70.81466447835588
,70.78194820085199
,70.38117380142934
,70.3075621770456
,70.77376913147602
,70.29938310766963
,62.97911601617441
,70.29120403829366
,66.12805772592374
,65.08931591517526
,61.343302140979944
,62.20210442545704
,52.65713046369736
,44.13454017393421
,36.90424284557469
,35.301145247884115
,40.134975249083745
,59.723846404537426
,59.8792487226809
,59.92014406956076
,65.8172530896368
,72.76128298983728
,76.04108980960218
,74.60975266880703
,71.38719933467394
,65.41647869021415
,62.43111836798426
,65.79271588150888
,67.03593442665667
,67.07682977353653
,57.91627207244755
,61.335123071603974
,62.97911601617441
,63.78884388439566
,60.69715566027813
,68.63903202434724
,65.62913449398943
,57.92445114182352
,55.32350708026432
,54.546495489546956
,60.181874289591875
,63.559829941868436
,70.34027845454949
,61.30240679410008
,60.66443938277424
,64.28776711632997
,67.02775535728071
,67.80476694799806
,67.79658787862209
,64.61492989136887
,64.9011973195279
,64.69672058512859
,64.68036244637665
,64.66400430762471
,60.67261845215022
,63.101802056813995
,64.64764616887275
,64.64764616887275
,65.62913449398943
,71.50988537531352
,71.83704815035242
,68.10739251490904
,63.25720437495747
,59.453937115130344
,60.61536496651841
,64.69672058512859
,68.24643669430057
,62.73374393489524
,64.55767640573707
,62.946399738670515
,58.84868598130839
,64.05875317380274
,63.80520202314761
,56.73030701293156
,52.68166767182527
,47.348914438691324
,40.813838007289455
,37.37862886938108
,34.67135690593425
,41.68899843051849
,29.314066464672386
,25.77252942487638
,21.552129626874667
,10.035999945505665
,-4.7190412087483935
,-19.842140484921188
,-33.58297703655465
,-37.394423365757746
,-28.16843310966098
,-6.305780667687017
,14.060102078484036
,24.521131810352614
,51.09492821288664
,50.70233288283997
,51.03767472725484
,50.66143753596011
,50.2524840671615
,44.51895643460491
,36.887884706822746
,28.81514323273808
,24.692892267248034
,26.14876661617111
,30.15651061039754
,29.649408309087256
,26.69676426436125
,20.611536648637845
,14.460876477906673
,5.504795511216997
,-1.5210250827432077
,-11.237759501398315
,-27.05607967452876
,-34.14733282349674
,-24.22612167044234
,3.361879334712256
,20.276194804222982
,30.98259661737074
,46.13023310167145
,51.47116540418137
,51.438449126677476
,57.9898836968313
,52.15820723176304
,52.17456537051499
,52.9106816143525
,55.249895455880576
,54.77550943207419
,52.877965336848604
,51.09492821288664
,52.321788619282486
,55.87968379783044
,54.95544895834557
,51.20943518415026
,54.75915129332223
,51.790149109844286
,45.345042441578116
,36.71612424992733
,40.985598464184875
,51.937372358611796
,57.97352555807935
,52.27271420302665
,51.52841888981318
,56.47675586227642
,62.16120907857718
,63.020011363054266
,62.49655092299204
,61.44145097349161
,56.059623324101835
,52.36268396616235
,51.12764449039054
,49.8680678064908
,45.7621749797527
,34.221508090255774
,50.77594450722373
,58.398837165629914
,58.87322318943631
,55.004523374601405
,50.980421241623034
,49.23827946454092
,45.811249396008535
,50.36699103842511
,50.66143753596011
,47.684256283106194
,30.271017581661148
,50.33427476092122
,46.890886553636875
,59.642055710777704
,62.234820702960924
,62.31661139672065
,62.54562533924788
,61.351481210355914
,49.23010039516495
,48.060493474400914
,49.18102597890912
,48.387656249439814
,49.22192132578898
,49.78627711273107
,49.89260501461872
,53.04972579374403
,53.06608393249597
,49.99893291650635
,50.83319799285553
,50.26884220591344
,49.60633758645969
,48.763893440734535
,41.61538680613474
,44.45352387959713
,48.90293762012607
,49.925321292122604
,49.8680678064908
,51.422090987925536
,49.97439570837844
,51.700179346708595
,52.1418490930111
,51.438449126677476
,59.68295105765757
,52.11731188488318
,51.29122587790998
,50.36699103842511
,50.91498868661526
,51.5202398204372
,56.419502376644616
,65.87450657526861
,67.25676929980791
,67.31402278543973
,61.61321143038703
,57.09018606547434
,53.62226065006209
,51.332121224789844
,51.83104445672415
,55.078134998985156
,57.9898836968313
,55.60159543904739
,58.766895287548664
,68.98255293813808
,73.52193644180271
,70.47932263394102
,68.68810644060306
,65.67002984086929
,89.28300312930135
,82.38804764535669
,71.14182725339477
,65.12203219267916
,64.49224385072928
,70.3320993851735
,92.21928903527541
,109.61616959796851
,109.75521377736004
,92.35833321466694
,81.84004999716655
,71.3381249184181
,67.09318791228849
,63.52711366436455
,62.406581159856344
,63.43714390122885
,64.55767640573707
,60.86073704779758
,62.88096718366273
,77.07983162035066
,93.14352387476028
,89.28300312930135
,86.44486605583896
,75.28861542701273
,63.99332061879497
,54.8573001258339
,46.26927728106298
,42.515084437491694
,40.56846592601028
,44.01185413329462
,38.07384976633873
,44.15907738206212
,39.807812474044866
,30.213764096029344
,18.198711182726022
,12.481541688921375
,11.459158016924832
,8.989079065381205
,8.22842561341578
,7.614995410217858
,5.66837689873644
,17.0536414700899
,46.62915633360576
,58.415195304381854
,67.24041116105597
,68.20554134742072
,72.33597138228673
,68.92529945250627
,66.81509955350542
,62.02216489918565
,57.6054674361606
,55.470730329031824
,56.43586051539656
,53.85945366196528
,52.845249059344724
,46.19566565667923
,33.509929054546184
,18.116920488966294
,19.31924368723422
,18.264143737733804
,17.15179030260157
,14.624457865426123
,13.250374210262784
,15.818601994318087
,18.771246039044087
,35.571054537291204
,52.861607198096664
,62.063060246065504
,68.94165759125822
,69.95586219387879
,69.37514826818474
,68.97437386876211
,57.834481378687826
,55.7733558959428
,55.266253594632516
,53.86763273134126
,55.21717917837668
,55.59341636967142
,53.90034900884515
,57.45006511801712
,58.014420904959216
,57.09018606547434
,56.7466651516835
,55.21717917837668
,47.332556299939384
,42.0406984136853
,42.93221697566628
,51.27486773915804
,56.255920989125165
,51.88011887297999
,57.21287210611393
,66.33253446032305
,78.84651060556068
,77.77505251730831
,77.73415717042845
,69.0970599094017
,56.157772156613504
,53.581365303182224
,53.16423276500764
,44.16725645143811
,46.089337754791586
,51.773790971092346
,53.843095523213336
,60.50903706463077
,64.34502060196178
,55.19264197024877
,55.32350708026432
,44.91973083402755
,38.40101254137762
,37.50131491002067
,36.55254286240788
,43.91370530078296
,53.9739606332289
,52.4362955905461
,55.364402427144185
,64.32048339383387
,63.453502039980805
,68.16464600054086
,65.45737403709401
,65.44919496771804
,64.54131826698512
,61.874941650418144
,59.4375789763784
,53.18059090375958
,53.33599322190305
,60.13279987333604
,62.242999772336894
,64.54131826698512
,66.54519026409834
,73.76730852308188
,60.61536496651841
,50.71869102159192
,46.514649362342155
,39.54608225401374
,47.31619816118744
,51.08674914351067
,53.851274592589306
,53.43414205441472
,63.24084623620551
,63.24084623620551
,63.109981126189965
,63.23266716682954
,63.919708994411224
,63.028190432430236
,64.91755545827985
,64.97480894391165
,63.75612760689177
,62.85642997553482
,62.758281143023154
,64.3695578100897
,67.62482742172668
,68.4754506368278
,68.4754506368278
,68.15646693116489
,64.46770664260137
,58.73417901004478
,53.581365303182224
,50.71051195221595
,49.98257477775441
,54.644644322058625
,54.652823391434595
,57.499139534272956
,64.69672058512859
,68.4754506368278
,68.4754506368278
,67.5021413810871
,68.46727156745182
,66.22620655843542
,62.0058067604337
,52.779816504336935
,52.12549095425915
,50.67779567471206
,50.66143753596011
,50.95588403349511
,52.74710022683305
,65.93993913027639
,66.10352051779583
,63.0690857793101
,49.40186085206038
,25.98518522865166
,15.53233456615905
,13.021360267735552
,13.021360267735552
,13.790192789076947
,30.205585026653367
,37.599463742532336
,58.922297605692144
,65.36740427395831
,65.2856135801986
,64.53313919760915
,64.46770664260137
,63.07726484868607
,65.90722285277249
,61.89129978917009
,50.59600498095233
,46.5882609867259
,46.40832146045451
,46.514649362342155
,46.531007501094095
,46.79273772112521
,46.866349345508965
,46.19566565667923
,22.32914121759204
,17.789757713927408
,11.778141722587762
,10.543102246815948
,11.671813820700123
,18.002413517702685
,33.64897323393772
,50.13797709589788
,49.16466784015718
,57.26194652236977
,63.379890415597046
,64.44316943447345
,63.886992716907336
,62.84825090615885
,54.84094198708196
,48.92747482825398
,46.539186570470065
,46.47375401546229
,45.75399591037673
,46.56372377859799
,35.8655010348262
,21.80568077752981
,21.413085447483134
,21.560308696250644
,12.718734700824577
,10.952055715614563
,9.63522554608302
,8.26114189091966
,8.359290723431343
,9.986925529249817
,10.788474328095106
,24.668355059120117
,29.068694383393215
,49.50818875394801
,58.10439066809491
,62.660132310511486
,62.1530300092012
,61.1797207534605
,63.63344156625219
,59.13495340946742
,49.385502713308426
,47.87237487875355
,47.82330046249773
,53.66315599694195
,60.83619983966966
,60.435425440247016
,62.120313731697316
,60.28002312210354
,57.26194652236977
,46.26927728106298
,46.22020286480715
,46.171128448551315
,46.13841217104742
,39.43157528275013
,34.663177836558276
,38.237431153858175
,48.83750506511828
,54.75915129332223
,56.94296281670684
,58.5215232062695
,58.43973251250978
,56.11687680973364
,54.23569085326001
,53.466858331918615
,53.13969555687972
,43.91370530078296
,42.695023963763084
,44.739791307756164
,55.29896987213641
,55.29896987213641
,55.30714894151238
,54.31748154701973
,46.612798194853816
,44.20815179831796
,38.07384976633873
,35.21935455412439
,28.806964163362103
,22.394573772599813
,30.140152471645592
,38.84268228768013
,50.62054218908025
,55.59341636967142
,54.81640477895404
,55.29896987213641
,54.979986166473495
,53.131516487503745
,61.19607889221244
,58.652388316285055
,53.106979279375835
,51.47116540418137
,49.131951562653285
,52.15002816238707
,56.32135354413295
,55.87968379783044
,56.04326518534989
,56.771202359811426
,54.67736059956251
,53.39324670753486
,52.49354907617791
,53.06608393249597
,53.41778391566278
,56.6894116660517
,53.65497692756597
,53.06608393249597
,43.56200531761615
,55.87968379783044
,55.87968379783044
,54.8000466402021
,54.79186757082613
,53.26238159751931
,44.95244711153144
,46.67005168048563
,46.4982912235902
,42.48236815998781
,41.37819379423154
,37.076003302470106
,39.07987529958333
,44.96062618090741
,46.817274929253124
,40.903807770425146
,25.486261996717346
,17.88790654643907
,14.346369506643065
,10.314088304288717
,7.214221010795214
,12.121662636378595
,13.912878829716526
,17.88790654643907
,42.46601002123586
,43.45567741572851
,46.14659124042339
,47.51249582621077
,48.24043300067231
,48.25679113942425
,46.40832146045451
,40.37216826098695
,37.21504748186164
,33.46085463829035
,35.3665778028919
,38.859040426432074
,45.79489125725659
,49.647232933339545
,47.64336093622633
,36.83063122119094
,18.689455345284358
,13.806550927828894
,12.178916122010406
,10.06871622300956
,10.763937119967196
,14.640816004178063
,17.94516003207088
,38.327400916993874
,41.58267052863085
,54.21933271450807
,52.935218822480415
,55.55252102279155
,55.54434195341558
,53.115158348751805
,48.24861207004828
,47.324377230563414
,46.47375401546229
,45.75399591037673
,44.14271924331018
,37.41134514688497
,19.777271572288676
,15.066127611728632
,15.18881365236821
,13.896520690964586
,12.906853296471944
,-1.6028157765029363
,-23.808989132267754
,-33.58297703655465
,-41.52485340062377
,-24.25883794794622
,-6.281243459559093
,9.569792991075246
,14.640816004178063
,23.556001623987882
,30.189226887901427
,30.205585026653367
,34.466880171534946
,30.753582674843514
,13.389418389654303
,13.111330030871251
,11.8844696244754
,10.354983651168581
,9.986925529249817
,10.551281316191904
,10.404058067424415
,8.62102094346244
,3.5254607222317134
,5.423004817457283
,5.136737389298247
,3.3700584040882404
,0.5155631918738948
,-0.907594879545286
,-3.4431063860967015
,-1.6437111233828006
,11.467337086300816
,18.705813484036298
,30.540926871068237
,41.07556822732057
,53.67133506631792
,55.60977450842336
,55.732460549062935
,54.03939318823667
,62.25935791108884
,60.36181381586327
,56.44403958477253
,53.949423425100974
,53.66315599694195
,58.07167439059103
,58.987730160699925
,60.95070681093327
,60.56629055026258
,58.88958132818826
,49.8680678064908
,42.84224721253058
,31.76778727746408
,30.23830130415726
,30.230122234781284
,39.16984506271902
,45.7621749797527
,46.539186570470065
,62.79917648990301
,70.65108309083644
,59.03680457695576
,58.930476675068114
,58.079853459967
,56.65669538854782
,52.83706998996874
,52.518086284305824
,51.45480726542942
,49.05833993826954
,48.84568413449426
,51.31576308603789
,57.760869754304075
,59.06952085445964
,58.50516506751755
,54.41563037953139
,53.31145601377514
,42.82588907377864
,31.538773334936856
,24.47205739409678
,19.79362971104063
,27.113896802535834
,48.49398415132745
,52.79617464308888
,60.86073704779758
,62.01398582980967
,62.3902230211044
,62.35750674360051
,61.52324166725134
,59.30671386636284
,58.407016235005884
,56.1005186709817
,50.825018923479554
,49.57362130895579
,47.17715398179591
,50.555109634072465
,53.77766296820556
,59.8792487226809
,59.87106965330493
,63.903350855659276
,56.37042796038878
,54.05575132698861
,48.34676090255995
,46.02390519978381
,44.788865724012
,46.46557494608632
,47.17715398179591
,50.563288703448436
,58.407016235005884
,58.49698599814158
,55.20082103962474
,55.16810476212085
,55.127209415241
,54.08028853511654
,62.99547415492635
,60.73805100715799
,61.940374205425925
,57.842660448063796
,57.229230244865875
,56.44403958477253
,61.31058586347605
,67.27312743855987
,62.98729508555038
,64.45134850384942
,66.51247398659444
,63.559829941868436
,53.09062114062388
,49.80263525148301
,47.766046976865915
,49.33642829705259
,56.19866750349336
,63.06090670993413
,63.96060434129108
,65.06477870704734
,64.08329038193067
,65.49826938397388
,65.08931591517526
,60.30456033023146
,63.52711366436455
,59.96103941644063
,54.644644322058625
,49.85170966773885
,47.38163071619522
,47.44706327120299
,53.17241183438361
,63.07726484868607
,74.35620151815189
,71.01914121275519
,63.011832293678296
,61.88312071979412
,57.417348840513235
,53.581365303182224
,48.33858183318397
,48.23225393129634
,47.66789814435424
,48.55123763695926
,58.03895811308713
,62.99547415492635
,61.51506259787536
,59.24946038073104
,63.028190432430236
,53.581365303182224
,56.779381429187396
,54.301123408267784
,53.34417229127903
,48.24043300067231
,45.03423780529116
,38.98990553644763
,45.7621749797527
,45.79489125725659
,38.850861357056104
,24.00585043966636
,15.695915953678494
,11.868111485723446
,10.608534801823723
,2.1350189283164127
,-4.620892376236725
,3.5745351384875477
,9.496181366691488
,18.23142746022991
,38.37647533324971
,55.462551259655854
,57.27012559174574
,58.644209246909085
,59.62569757202576
,58.128927876222825
,64.01785782692289
,58.51334413689353
,52.951576961232355
,49.6308747945876
,46.18748658730326
,40.192228734715556
,36.06179869984954
,25.551694551725127
,18.50133674963699
,8.858213955365642
,-11.515847860181367
,-25.060386746791508
,-335.8323067562353
,-53.703487701446534
,-41.737509204399046
,-24.864089081768185
,7.443234953322431
,17.96151817082282
,45.96665171415201
,58.82414877318047
,65.33468799645443
,65.44101589834207
,69.0316273543939
,66.00537168528416
,57.44188604864115
,56.85299305357115
,56.861172122947124
,55.57705823091946
,50.980421241623034
,54.73461408519432
,57.834481378687826
,57.42552790988921
,56.85299305357115
,50.96406310287108
,47.39798885494716
,33.46085463829035
,19.84270412729645
,16.522001960651707
,17.086357747593794
,29.093231591521132
,40.84655428479334
,44.72343316900422
,56.861172122947124
,57.466423256769076
,57.65454185241643
,60.45996264837493
,54.726435015818346
,49.68812828021941
,54.23569085326001
,48.83750506511828
,41.75443098552627
,35.09666851348481
,33.240019765139095
,39.047159022079434
,40.86291242354528
,54.202974575756116
,54.979986166473495
,49.581800378331764
,34.18061274337591
,23.237017918324966
,15.605946190542802
,11.679992890076093
,13.438492805910137
,12.955927712727778
,17.078178678217817
,32.73291746382881
,54.57921176705085
,57.86719765619172
,57.65454185241643
,57.490960464896986
,56.951141886082816
,55.13538848461697
,61.1797207534605
,59.4948324620102
,58.660567385661025
,55.462551259655854
,55.462551259655854
,56.40314423789267
,57.44188604864115
,71.97609232974395
,80.51504075825903
,59.118595270715474
,50.14615616527385
,43.68469135825573
,32.30760585627826
,30.18104781852545
,28.28350372329988
,27.391985161318892
,41.94254958117363
,56.29681633600504
,59.86289058392896
,55.470730329031824
,56.62397911104392
,58.24343484748644
,69.27699943567309
,60.13279987333604
,79.21456872747943
,78.23308040236276
,62.08759745419343
,60.9425277415573
,61.425092834739665
,67.1177251204164
,78.24125947173873
,76.62180373529621
,67.14226232854432
,77.55421764415705
,65.9644763384043
,56.84481398419518
,53.95760249447695
,49.360965505180516
,49.459114337692185
,55.454372190279884
,67.15044139792028
,78.20854319423484
,88.55506595483982
,57.474602326145046
,57.99806276620727
,57.99806276620727
,57.33555814675351
,56.28863726662905
,57.482781395521016
,56.84481398419518
,56.55036748666017
,55.54434195341558
,55.50344660653572
,55.58523730029544
,57.499139534272956
,59.32307200511478
,58.946834813820054
,57.2537674529938
,55.54434195341558
,55.15174662336891
,45.639488939113114
,43.79919832951934
,44.57620992023672
,46.95631910864466
,54.06393039636459
,54.718255946442376
,58.89776039756423
,60.44360450962299
,60.549932411510625
,58.946834813820054
,58.87322318943631
,58.43973251250978
,53.91670714759709
,54.718255946442376
,54.890016403337796
,50.097081749018024
,45.84396567351242
,45.85214474288839
,48.755714371358565
,50.12979802652191
,50.097081749018024
,47.46342140995493
,37.19051027373372
,31.816861693719908
,21.813859846905785
,18.444083264005194
,21.085922672444248
,26.672227056233332
,35.317503386636055
,48.43673066569565
,52.36268396616235
,56.771202359811426
,52.80435371246486
,54.07210946574057
,53.91670714759709
,53.90852807822112
,56.599441902916006
,55.87968379783044
,55.87150472845447
,50.563288703448436
,49.15648877078121
,47.92144929500939
,48.79660971823843
,47.954165572513276
,40.05318455532403
,24.962801556655123
,17.49531121639241
,17.40534145325671
,14.66535321230598
,13.863804413460706
,13.152225377751108
,16.51382289127573
,23.392420236468432
,44.91973083402755
,45.85214474288839
,49.941679430874544
,55.716102410310995
,56.68123259667573
,56.94296281670684
,56.6894116660517
,57.400990701761295
,50.3097375527933
,48.387656249439814
,46.39196332170257
,46.09751682416757
,49.88442594524274
,57.87537672556769
,56.6894116660517
,57.499139534272956
,58.16164415372672
,56.37042796038878
,54.7673303626982
,49.32007015830065
,40.51939150975445
,31.898652387479643
,29.18320135465683
,42.506905368115724
,46.064800546663676
,56.55036748666017
,56.80391863731531
,56.81209770669128
,56.69759073542767
,56.69759073542767
,55.699744271559055
,57.27830466112171
,56.6894116660517
,50.22794685903358
,48.55123763695926
,47.782405115617856
,49.14830970140523
,53.98213970260487
,57.20469303673796
,58.82414877318047
,57.53185581177685
,50.11343988776997
,48.98472831388578
,47.49613768745883
,46.089337754791586
,44.371733185837414
,46.45739587671034
,47.97052371126522
,47.40616792432313
,55.9532954222142
,58.21071856998255
,57.507318603648926
,56.6894116660517
,57.237409314241845
,56.79573956793934
,76.78538512281565
,70.83102261710782
,68.27915297180445
,64.89301825015193
,63.94424620253914
,67.27312743855987
,77.52968043602914
,89.34025661493315
,85.76600329763326
,68.85168782812252
,54.726435015818346
,41.828042609910014
,13.790192789076947
,11.123816172509976
,10.265013888032883
,11.794499861339716
,22.042873789433003
,50.75958636847177
,65.58823914710958
,59.110416201339504
,72.55680625543798
,75.01870613760565
,94.89384472121836
,83.31228248484156
,57.34373721612948
,58.00624183558324
,58.570597622525334
,56.69759073542767
,55.15992569274488
,58.8159697038045
,60.85255797842161
,57.34373721612948
,57.35191628550546
,53.17241183438361
,57.91627207244755
,43.300275097585036
,36.896063776198716
,33.55082440142604
,33.80437555208118
,44.27358435332574
,53.18059090375958
,58.25161391686241
,59.14313247884339
,57.482781395521016
,57.760869754304075
,58.00624183558324
,58.89776039756423
,57.67907906054435
,59.17584875634728
,54.644644322058625
,53.106979279375835
,54.35019782452362
,53.66315599694195
,53.15605369563166
,59.68295105765757
,60.787125423413826
,60.778946354037856
,60.787125423413826
,58.55423948377339
,55.69156520218308
,54.38291410202751
,43.24302161195323
,42.6295914087553
,43.2512006813292
,55.421655912776
,59.20856503385117
,59.84653244517701
,57.9898836968313
,58.21071856998255
,58.8159697038045
,58.938655744444084
,57.89173486431963
,60.86073704779758
,60.19823242834382
,59.67477198828159
,54.78368850145016
,54.02303504948473
,53.98213970260487
,54.07210946574057
,54.04757225761264
,54.07210946574057
,53.4995746094225
,46.907244692388815
,43.81555646827129
,39.61151480902152
,31.66963844495241
,28.168996752036264
,44.18361459019005
,51.937372358611796
,52.35450489678638
,54.48106293453918
,60.239127775223686
,61.30240679410008
,60.901632394677435
,70.34027845454949
,61.163362614708554
,54.06393039636459
,51.20943518415026
,49.033802730141616
,51.3730165716697
,49.009265522013706
,45.15692384593075
,45.672205216617
,35.178459207244536
,35.317503386636055
,26.574078223721664
,7.84400935274509
,-0.9484902264251502
,-19.743991652409505
,-53.85071095021402
,-70.79774269722867
,-60.97468037668591
,-15.580845340039616
,5.594765274352696
,48.68210274697481
,54.301123408267784
,54.80822570957807
,54.57103269767488
,58.292509263742275
,56.85299305357115
,50.555109634072465
,48.97654924450981
,48.9520120363819
,47.684256283106194
,47.88055394812953
,45.74581684100076
,47.21804932867577
,51.86376073422804
,52.40357931304221
,48.665744608222866
,35.170280137868566
,19.850883196672427
,15.393290386767518
,14.657174142930018
,17.847011199559212
,25.543515482349157
,37.75486606067581
,52.22363978677082
,58.652388316285055
,59.797458028921184
,61.915836997298
,60.2064114977198
,61.26151144722022
,58.03895811308713
,55.54434195341558
,53.74494669070167
,52.68166767182527
,51.47116540418137
,51.03767472725484
,50.3097375527933
,50.636900327832194
,51.39755377979762
,50.628721258456224
,50.514214287192615
,49.647232933339545
,36.168126601737185
,25.388113164205684
,22.721736547638713
,24.831936446639567
,43.43114020760059
,50.636900327832194
,55.48708846778377
,56.542188417284194
,55.55252102279155
,55.54434195341558
,55.39711870464808
,55.48708846778377
,53.229665320015414
,48.79660971823843
,51.48752354293332
,48.657565538846896
,48.420372526943694
,46.547365639846035
,45.75399591037673
,47.11172142678812
,49.68812828021941
,49.5409050314519
,48.83750506511828
,45.655847077865054
,40.732047313529726
,35.84914289607426
,31.841398901847825
,38.507340443265264
,43.03854487755392
,47.692435352482164
,50.11343988776997
,48.657565538846896
,47.97052371126522
,49.18920504828509
,49.7780980433551
,51.692000277332625
,50.03164919401024
,49.72902362709927
,49.827172459610935
,47.99506091939314
,48.28132834755217
,47.520674895586744
,48.657565538846896
,48.387656249439814
,49.818993390234965
,49.818993390234965
,48.7148190244787
,48.92747482825398
,47.741509768738
,47.40616792432313
,47.37345164681924
,46.55554470922201
,46.38378425232659
,47.53703303433869
,49.131951562653285
,48.289507416928146
,48.26497020880022
,48.54305856758328
,48.89475855075009
,48.72299809385467
,47.29166095305952
,45.55769824535339
,45.55769824535339
,45.56587731472936
,47.39798885494716
,45.15692384593075
,44.88701455652366
,45.56587731472936
,45.15692384593075
,45.16510291530672
,44.87883548714769
,48.00323998876911
,48.428551596319664
,45.86850288164034
,45.15692384593075
,45.14874477655478
,52.68166767182527
,50.7514072990958
,50.555109634072465
,46.899065623012845
,46.21202379543118
,46.13841217104742
,45.827607534760475
,46.531007501094095
,45.75399591037673
,49.4836515458201
,52.845249059344724
,49.49183061519607
,45.88486102039228
,42.46601002123586
,42.38421932747613
,43.308454166961006
,42.55597978437155
,42.596875131251416
,48.992907383261766
,40.004110139068196
,34.71225225281411
,32.93739419822812
,23.621434178995663
,21.6012040431305
,28.20171302954015
,37.85301489318748
,45.86032381226436
,44.16725645143811
,52.526265353681794
,52.18274443989096
,49.42639806018829
,50.67779567471206
,52.40357931304221
,53.34417229127903
,49.44275619894024
,47.92962836438536
,46.874528414884935
,45.84396567351242
,45.819428465384505
,46.13841217104742
,46.13023310167145
,46.13023310167145
,36.626154486791634
,23.212480710197042
,18.22324839085394
,12.915032365847907
,5.529332719344907
,4.179786272309485
,9.618867407331066
,17.912443754566986
,44.20815179831796
,48.91111668950204
,55.94511635283823
,54.36655596327557
,53.39324670753486
,52.38722117429027
,52.060058399251375
,52.48537000680193
,53.475037401294585
,52.79617464308888
,49.41003992143635
,47.47160047933092
,46.71094702736549
,50.530572425944555
,58.120748806846855
,58.89776039756423
,54.31748154701973
,54.79186757082613
,49.40186085206038
,44.68253782212435
,40.470317093498615
,40.42942174661876
,46.13841217104742
,46.866349345508965
,53.02518858561611
,78.38848272050623
,54.31748154701973
,54.30930247764376
,53.25420252814334
,54.104825743244454
,53.115158348751805
,61.96491141355384
,55.8633256590785
,49.07469807702149
,47.741509768738
,46.29381448919089
,48.34676090255995
,54.06393039636459
,58.570597622525334
,69.62052034946392
,62.56198347799982
,47.40616792432313
,39.27617296460666
,33.38724301390659
,28.005415364516814
,28.82332230211405
,42.64594954750725
,48.01141905814508
,51.3730165716697
,60.68897659090216
,54.15390015950028
,54.301123408267784
,55.012702443977375
,55.55252102279155
,54.14572109012431
,54.23569085326001
,49.581800378331764
,47.2098702592998
,49.40186085206038
,49.21374225641301
,49.56544223957982
,49.90896315337066
,54.562853628298896
,56.525830278532254
,55.8633256590785
,49.45093526831621
,49.07469807702149
,46.04026333853576
,43.81555646827129
,44.34719597770949
,44.985163389035336
,44.985163389035336
,44.50259829585296
,50.80048171535164
,56.46039772352448
,56.43586051539656
,58.74235807942075
,57.17197675923407
,54.39109317140348
,52.33814675803443
,51.40573284917359
,51.38937471042165
,50.636900327832194
,49.26281667266885
,50.39152824655302
,51.99462584424359
,51.91283515048387
,51.89647701173193
,50.87409333973539
,50.68597474408803
,50.70233288283997
,49.79445618210704
,46.66187261110966
,45.9093982285202
,46.92360283114077
,50.277021275289414
,50.50603521781664
,51.12764449039054
,54.79186757082613
,54.78368850145016
,54.87365826458585
,55.69156520218308
,55.27443266400849
,48.17500044566453
,53.05790486312
,52.26453513365068
,48.412193457567724
,48.17500044566453
,48.673923677598836
,50.66961660533608
,50.35063289967316
,50.22794685903358
,45.85214474288839
,40.5930031341382
,38.42554974950554
,38.44190788825749
,34.286940645263556
,35.96364986733788
,39.25981482585472
,39.88142409842861
,39.36614272774235
,47.86419580937758
,50.22794685903358
,50.22794685903358
,49.79445618210704
,50.08072361026608
,51.28304680853401
,54.284765269515844
,49.49183061519607
,48.25679113942425
,49.18102597890912
,44.486240157101015
,45.811249396008535
,49.4836515458201
,45.85214474288839
,44.87065641777172
,28.070847919524596
,15.81042292494211
,11.87629055509943
,-4.048357519918653
,-10.92695486511137
,-5.185248163178812
,11.671813820700123
,20.456134330494372
,33.50174998517021
,52.32996768865846
,58.0471371824631
,58.25979298623838
,59.543906878266036
,58.014420904959216
,58.72599994066881
,58.55423948377339
,53.00065137748819
,52.20728164801888
,51.945551427987766
,51.20943518415026
,51.46298633480539
,51.20125611477428
,53.99031877198084
,48.81296785699037
,26.124229408043192
,12.939569573975824
,4.376083937332822
,-6.83742017712521
,-27.718584293982516
,-20.14476605183215
,1.9223631245411212
,22.394573772599813
,34.2705825065116
,54.83276291770599
,54.68553966893849
,59.24946038073104
,59.642055710777704
,59.24946038073104
,57.17197675923407
,52.78799557371291
,52.4362955905461
,52.4362955905461
,53.45050019316666
,53.74494669070167
,54.15390015950028
,56.419502376644616
,53.87581180071723
,53.90852807822112
,48.68210274697481
,50.06436547151413
,40.4457798853707
,26.287810795562635
,20.357985497982718
,25.0854875972947
,37.86119396256345
,51.20943518415026
,59.17584875634728
,65.22018102519081
,62.36568581297649
,61.98944862168176
,61.915836997298
,61.43327190411564
,61.04067657406897
,61.13882540658064
,57.777227893056015
,48.51852135945536
,50.178872442777745
,56.35406982163684
,52.92703975310444
,58.07167439059103
,61.20425796158842
,65.97265540778027
,67.58393207484681
,59.98557662456854
,45.86032381226436
,43.45567741572851
,40.21676594284347
,45.083312221547
,56.067802393477805
,70.38117380142934
,63.79702295377164
,66.61880188848208
,61.760434679154535
,61.760434679154535
,61.760434679154535
,61.752255609778565
,60.9425277415573
,75.98383632397037
,78.3966617898822
,70.0703691651424
,64.68854151575262
,62.90550439179066
,67.53485765859098
,70.1276226507742
,78.3966617898822
,70.92917144961949
,67.43670882607933
,76.76902698406371
,78.43755713676207
,73.43196667866702
,71.50988537531352
,71.3381249184181
,75.78753865894704
,71.83704815035242
,73.24384808301966
,96.13706326636614
,66.25074376656333
,63.96878341066705
,63.56800901124441
,65.3755833433343
,63.12633926494191
,70.07854823451837
,61.26969051659619
,58.00624183558324
,60.90981146405341
,60.435425440247016
,62.08759745419343
,63.50257645623663
,65.84996936714069
,66.18531121155556
,63.118160195565935
,60.762588215285916
,53.02518858561611
,30.369166414172817
,21.216787782459804
,20.914162215548828
,30.017466431006007
,48.24861207004828
,62.946399738670515
,66.91324838601709
,77.40699439538956
,71.21543887777852
,70.96188772712337
,69.29335757442503
,69.74320639010351
,64.60675082199289
,67.31402278543973
,67.73933439299029
,67.00321814915279
,66.92142745539306
,68.22189948617266
,61.26151144722022
,70.69197843771629
,75.00234799885371
,70.3648156626774
,59.59298129452188
,53.851274592589306
,47.10354235741215
,44.06092854955046
,44.78068665463603
,52.95975603060833
,58.84868598130839
,60.28820219147951
,67.15044139792028
,71.2481551552824
,70.69197843771629
,69.70231104322365
,71.64892955470505
,71.41173654280186
,80.1388035669643
,79.50083615563847
,76.94078744095913
,71.34630398779407
,65.23653916394277
,65.41647869021415
,75.50945030016398
,77.59511299103691
,79.43540360063068
,73.06390855674826
,65.99719261590819
,59.78109989016923
,51.716537485460535
,48.24043300067231
,45.336863372202146
,49.925321292122604
,60.56629055026258
,65.35104613520637
,73.05572948737229
,76.96532464908705
,74.06993408999286
,76.8917130247033
,71.89430163598422
,71.37902026529797
,76.07380608710606
,73.86545735559355
,68.54088319183558
,64.11600665943456
,63.78884388439566
,63.59254621937233
,63.52711366436455
,69.13795525628156
,69.4814761700724
,72.76128298983728
,67.3549181323196
,62.96275787742246
,58.35794181875005
,47.258944675555625
,43.480214623856426
,52.428116521170125
,59.535727808890066
,68.02560182114932
,74.61793173818299
,76.18831305836967
,83.58219177424866
,80.44142913387527
,74.64246894631091
,74.64246894631091
,86.63298465148632
,78.02860366796345
,74.64246894631091
,75.81207586707495
,75.82025493645094
,76.5072967640326
,90.32992400942581
,119.21839704535998
,121.3122388056089
,104.07893963043526
,82.01998952343794
,85.55334749385797
,75.74664331206718
,72.56498532481395
,73.3747131930352
,76.3273572377612
,84.7190824175088
,79.88525241630917
,115.6114274505562
,115.14522049612579
,120.69880860241098
,106.6962418307464
,100.0466584280809
,86.38761257020715
,73.17841552801188
,71.37084119592198
,70.02129474888656
,68.65539016309918
,70.01311567951059
,71.34630398779407
,76.8917130247033
,78.94465943807235
,79.3699710456229
,78.2821548186186
,75.87750842208274
,57.99806276620727
,40.41306360786681
,33.362705805778674
,37.877552101315395
,53.65497692756597
,71.82069001160048
,91.09057746139122
,98.14093526347935
,86.6084474433584
,104.69236983363318
,98.14911433285533
,95.6463191038078
,80.90763608830571
,87.00104277340506
,82.46165926974044
,74.90419916634204
,69.4814761700724
,65.86632750589263
,71.2481551552824
,85.23436378819505
,89.23392871304551
,83.85210106365574
,69.01526921564196
,64.27140897757803
,59.887427792056876
,54.186616437004176
,44.89519362589963
,32.14402446875881
,47.2098702592998
,56.43586051539656
,56.37860702976475
,73.00665507111646
,92.32561693716305
,93.24985177664792
,90.63254957633679
,89.58562869621232
,85.88868933827284
,77.35791997913373
,75.0596014844855
,73.15387831988396
,72.85125275297298
,72.25418068852701
,80.53139889701097
,93.22531456851999
,92.70185412845778
,93.33164247040764
,73.20295273613979
,58.26797205561435
,56.32953261350892
,13.855625344084729
,9.79880693360245
,8.972720926629265
,26.884882860008616
,20.341627359230763
,62.750102073647184
,87.88438226601009
,101.42074208324425
,107.85766968213446
,87.13190788342064
,90.14180541377844
,80.88309888017778
,71.35448305717004
,64.11600665943456
,59.66659291890562
,59.8792487226809
,57.417348840513235
,61.318764932852034
,74.71608057069467
,77.46424788102136
,64.10782759005858
,64.06693224317873
,56.35406982163684
,30.197405957277404
,14.379085784146959
,13.773834650325007
,14.6326369348021
,42.49872629873975
,59.9692184858166
,59.97739755519257
,62.69284858801538
,88.20336597167301
,95.00017262310598
,92.19475182714748
,94.01868429798932
,91.89212626023651
,93.52794013543098
,92.21928903527541
,90.17452169128234
,89.13577988053385
,87.56539856034716
,87.49996600533937
,87.68808460098674
,80.0815500813325
,63.42078576247691
,27.269299120679314
,13.847446274708751
,3.9098769829024036
,-6.12584114141562
,-19.71127537490561
,-21.97687759204996
,-15.66263603379933
,3.934414191030328
,13.904699760340563
,61.43327190411564
,79.38632918437486
,76.95714557971108
,73.19477366676382
,69.71049011259962
,56.93478374733087
,28.11174326640446
,17.969697240198798
,18.738529761540192
,14.616278796050146
,14.444518339154733
,18.9430064959395
,20.595178509885905
,20.137150624831456
,25.371755025453737
,14.403622992274876
,13.04589747586347
,5.357572262449494
,0.09025158432334024
,-5.864110921384508
,-10.378957216921222
,-1.234757654584186
,4.989514140530744
,25.314501539821926
,77.94681297420372
,94.04322150611722
,94.87748658246642
,93.45432851104722
,92.25200531277929
,88.54688688546383
,77.5460385747811
,75.41948053702828
,76.48275955590468
,75.41948053702828
,76.62180373529621
,84.16290569994268
,99.85853983243355
,120.64155511677919
,111.97174157824853
,90.51804260507316
,81.36566397336014
,77.50514322790121
,75.28861542701273
,74.42981314253564
,74.38891779565579
,75.41130146765232
,80.23695239947597
,99.61316775115436
,118.0896854714758
,102.95840712592704
,124.16673401782325
,119.31654587787166
,116.3802599718976
,104.52060937673775
,97.42117715839379
,94.0514005754932
,94.23951917114057
,91.7203658033411
,91.79397742772484
,98.33723292850269
,125.7452944073859
,138.3574193851352
,113.55030196781118
,95.33551446752085
,72.90850623860479
,53.115158348751805
,30.62271756482796
,21.372190100603277
,24.660175989744147
,40.92834497855306
,69.21974595004127
,92.23564717402735
,103.81720941040413
,114.82623679046287
,117.18180877074289
,110.27867421742226
,103.43279314973344
,87.06647532841285
,86.5757311658545
,83.63944525988045
,82.57616624100405
,83.90935454928754
,84.44917312810172
,90.14998448315441
,103.80903034102818
,118.51499707902637
,101.2571606957248
,89.10306360302995
,79.47629894751056
,65.64549263274138
,40.66661475852195
,31.95590587311144
,31.12164079676227
,48.134105098784666
,73.03119227924437
,88.26061945730481
,102.93386991779913
,114.36002983603244
,117.42718085202205
,114.29459728102466
,106.27093022319582
,97.76469807218463
,91.72854487271707
,88.24426131855287
,86.51029861084673
,86.10134514204812
,87.63083111535494
,96.02255629510253
,110.25413700929434
,122.27736899197365
,116.4129762494015
,99.73585379179396
,90.77977282510427
,80.96488957393751
,61.351481210355914
,51.323942155413874
,51.945551427987766
,73.15387831988396
,82.28989881284502
,99.35143753112325
,114.49907401542397
,117.16545063199095
,133.6544544939511
,123.97043635279991
,114.08194147724939
,105.7474697831336
,99.87489797118549
,97.7728771415606
,95.22100749625724
,95.54817027129613
,95.89169118508697
,101.3471304588605
,106.1318860438043
,116.28211113938593
,116.46205066565733
,107.79223712712667
,97.23305856274644
,87.49178693596342
,82.592524379756
,76.18831305836967
,76.53183397216051
,84.31012894871019
,90.6570867844647
,102.2631862289694
,108.43838360782848
,106.32818370882764
,106.89253949576973
,106.21367673756403
,100.20206074622438
,95.49091678566433
,95.71993072819156
,95.31097725939294
,94.60757729305932
,94.61575636243529
,93.71605873107833
,94.63211450118725
,93.60155175981473
,94.9102028599703
,90.34628214817775
,78.6338548017854
,59.15131154821937
,39.644231086525416
,24.521131810352614
,14.804397391697513
,15.565050843662945
,24.414803908464975
,38.89175670393596
,75.49309216141204
,100.84820722692619
,108.55289057909211
,111.3583113750506
,101.8460536907948
,97.74833993343267
,86.91107301026938
,82.6824941428917
,80.7031593539064
,79.72167102878973
,79.24728500498333
,77.37427811788567
,79.03462920120805
,77.95499204357971
,72.36050859041464
,60.04283011020035
,54.79186757082613
,28.324399070179737
,14.428160200402793
,12.89049515771999
,11.426441739420952
,16.17030197748489
,47.83965860124967
,55.290790802760434
,77.38245718726164
,99.23693055985964
,118.76036916030554
,120.71516674116293
,110.36864398055795
,104.52060937673775
,99.79310727742576
,87.31184740969202
,84.72726148688477
,80.64590586827458
,80.10608728946042
,81.66828954027113
,90.55075888257706
,110.27867421742226
,128.62432682772814
,116.53566229004107
,103.80085127165219
,89.38115196181302
,84.49006847498157
,78.83833153618471
,72.04970395412771
,74.2335154775123
,80.26966867697986
,90.55075888257706
,99.78492820804979
,125.48356418735477
,150.233428119047
,154.08576979512992
,127.75734547387508
,107.94763944527014
,101.64157695639551
,104.20162567107484
,97.1267306608588
,95.43366330003252
,93.19259829101611
,95.45002143878447
,104.40610240547414
,120.29803420298833
,139.5106681671473
,132.9755917357454
,114.46635773792008
,106.81892787138597
,95.06560517811377
,89.683777528724
,87.7944125028744
,88.71864734235926
,99.72767472241799
,100.78277467191842
,114.28641821164868
,150.12710021715935
,208.04309046841925
,203.8635860172974
,145.34234463221554
,120.19988537047668
,107.51414876834363
,104.68419076425721
,102.45948389399274
,99.94033052619326
,96.75049346956406
,100.9954304756937
,109.19903705979391
,132.30490804691567
,160.12192299459753
,142.56964011376095
,113.77931591033841
,106.94979298140153
,101.76426299703509
,98.17365154098326
,94.8202330968346
,95.22100749625724
,99.58045147365048
,103.87446289603595
,112.6015299201984
,149.26829793268226
,117.27177853387857
,111.71819042759338
,112.47066481018283
,109.65706494484837
,97.65837017029699
,91.79397742772484
,88.98037756239037
,87.4345334503316
,86.67387999836619
,86.78020790025381
,90.54257981320109
,103.13834665219844
,111.9472043701206
,106.12370697442833
,90.01094030376288
,84.01568245117518
,84.00750338179921
,84.73544055626074
,87.39363810345174
,86.78020790025381
,87.44271251970758
,89.73285194497983
,87.3772799646998
,95.89169118508697
,101.01178861444563
,98.4517398997663
,91.51588906894179
,91.30323326516651
,88.9721984930144
,82.69067321226767
,82.25718253534113
,82.70703135101961
,80.94035236580959
,80.7931291170421
,84.1874429080706
,86.13406141955201
,94.4358168361639
,97.41299808901782
,89.82282170811551
,84.26105453245435
,80.40053378699542
,79.48447801688653
,79.50901522501444
,79.4926570862625
,80.89945701892974
,84.25287546307837
,88.41602177544829
,95.48273771628836
,96.90589578770754
,99.82582355492966
,99.44958636363494
,96.63598649830044
,90.96789142075164
,90.07637285877067
,87.92527761288994
,88.60414037109565
,89.81464263873956
,90.55075888257706
,90.52622167444913
,99.08152824171617
,99.36779566987519
,91.58950069332553
,80.78495004766611
,56.81209770669128
,34.08246391086425
,17.397162383880733
,12.15437891388249
,12.620585868312908
,35.71009871668273
,72.7285667123334
,90.55893795195303
,104.87230935990456
,103.49822570474122
,103.75177685539636
,100.60283514564702
,93.51976106605501
,89.07034732552606
,87.86802412725814
,84.12201035306282
,81.88094534404641
,80.7931291170421
,80.44960820325126
,81.88912441342238
,83.99932431242324
,83.48404294173697
,78.73200363429707
,61.343302140979944
,30.050182708509894
,20.865087799292986
,16.415674058764054
,16.35024150375628
,16.047615936845297
,28.64338277584266
,67.4121716179514
,93.15988201351222
,113.64845080032285
,120.11809467671694
,118.38413196901081
,108.880053354131
,96.57055394329267
,89.08670546427801
,87.69626367036273
,86.50211954147076
,84.20380104682255
,84.49006847498157
,85.02988705379575
,91.16418908577498
,116.38843904127359
,136.54984505304532
,138.66004495204618
,116.07763440498664
,107.73498364149488
,103.7681349941483
,95.57270747942405
,91.67947045646125
,92.35015414529096
,94.69754705619502
,95.31915632876891
,96.27610744575767
,91.42591930580609
,116.15124602937038
,110.30321142555019
,93.49522385792709
,87.67990553161079
,80.45778727262723
,62.73374393489524
,54.07210946574057
,56.31317447475698
,55.65066985530322
,61.8585835116662
,74.323485240648
,91.71218673396513
,111.28469975066686
,100.58647700689507
,86.94378928777327
,80.71951749265834
,78.99373385432818
,19.92449482105618
,15.376932248015578
,12.76780911708041
,76.5972665271683
,83.33681969296948
,82.80518018353128
,73.07208762612424
,84.23651732432643
,84.32648708746213
,77.31702463225386
,79.1654943112236
,73.33381784615534
,62.17756721732912
,53.08244207124791
,50.66961660533608
,49.79445618210704
,55.626132647175304
,81.70918488715098
,90.95971235137567
,100.52104445188729
,98.81161895230909
,93.6669843148225
,84.67818707062894
,83.27138713796171
,77.07983162035066
,77.13708510598248
,79.32089662936707
,82.87061273853905
,88.00706830664967
,96.03891443385447
,108.46292081595641
,117.27177853387857
,112.79782758522174
,104.49607216860983
,101.51071184637995
,93.34800060915958
,87.42635438095564
,83.54129642736879
,81.92184069092627
,80.15516170571625
,82.18357091095739
,86.26492652956756
,102.75393039152775
,124.91920840041269
,124.0358689078077
,100.25113516248021
,91.9003053296125
,84.0974731449349
,79.76256637566958
,78.15946877797901
,79.94250590194098
,83.72941502301614
,89.65924032059607
,107.58776039272738
,120.09355746858901
,125.08278978793214
,97.98553294533588
,97.78105621093658
,95.7935423525753
,89.6183449737162
,89.18485429678968
,86.69023813711813
,84.8090521806445
,84.53096382186143
,84.0974731449349
,86.64934279023826
,102.04235135581814
,117.22270411762275
,118.62132498091401
,99.60498868177841
,91.54042627706971
,81.5619616383835
,77.81594786418817
,71.91883884411213
,64.52496012823318
,68.5654203999635
,71.46081095905768
,75.09231776198939
,89.12760081115788
,95.0247098312339
,90.83702631073609
,80.92399422705765
,76.66269908217608
,72.06606209287965
,65.75182053462902
,58.80779063442853
,54.464704795787235
,49.917142222746634
,50.35881196904913
,56.779381429187396
,68.10739251490904
,79.75438730629361
,79.41904546187874
,73.13752018113202
,48.25679113942425
,34.75314759969397
,17.42169959200865
,13.0377184064875
,12.53061610517721
,21.650278459386335
,35.68556150855481
,74.4707084894155
,90.33810307880178
,92.0148123008761
,92.7509285447136
,89.25028685179745
,89.07852639490204
,82.28989881284502
,73.21113180551576
,71.32994584904213
,69.89860870824698
,70.02129474888656
,69.5714459332081
,67.46124603420722
,70.64290402146045
,71.2236179471545
,64.74579500138442
,48.125926029408696
,22.533617951991346
,15.360574109263638
,12.06440915074679
,10.976592923742473
,8.809139539109808
,11.679992890076093
,33.37088487515465
,71.46081095905768
,92.99630062599277
,95.78536328319933
,94.15772847738084
,94.21498196301265
,91.70400766458914
,87.3445636871959
,83.32046155421753
,83.27138713796171
,81.87276627467044
,83.05055226481045
,82.7397476285235
,84.98081263753991
,97.27395390962629
,118.2123715121154
,117.22270411762275
,106.32818370882764
,98.11639805535144
,93.78967035546209
,92.62824250407402
,86.18313583580783
,87.10737067529271
,86.72295441462202
,87.67990553161079
,89.9455077487551
,107.87402782088641
,109.57527425108864
,103.98896986729956
,88.59596130171967
,87.68808460098674
,81.97091510718211
,86.24856839081562
,86.42850791708702
,85.49609400822618
,82.26536160471711
,81.86458720529447
,87.39363810345174
,99.23693055985964
,114.6708344723194
,108.72465103598752
,104.70054890300915
,91.51588906894179
,87.49996600533937
,81.7664383727828
,75.57488285517175
,69.71866918197559
,80.18787798322013
,83.10780575044225
,87.35274275657189
,98.31269572037478
,111.97992064762451
,106.81892787138597
,88.99673570114233
,87.03375905090897
,82.5025546166203
,84.47371033622963
,82.1181383559496
,82.5598081022521
,82.56798717162809
,83.72941502301614
,89.00491477051828
,106.41815347196334
,124.99282002479643
,117.99153663896413
,92.46466111655458
,80.22877333010001
,73.51375737242674
,54.44016758765932
,44.10182389643032
,40.26584035909931
,67.10954605104043
,79.7871035837975
,86.6984172064941
,104.02986521417942
,110.03330213614309
,101.51889091575592
,88.8822287298787
,84.44917312810172
,80.18787798322013
,77.59511299103691
,77.7177990316765
,77.03893627347081
,76.13923864211385
,76.80174326156761
,83.68034060676032
,97.65837017029699
,118.80944357656136
,107.9312813065182
,89.53655427995649
,72.79399926734118
,54.79186757082613
,22.877138865782186
,18.640380929028524
,20.9550575624287
,55.55252102279155
,77.78323158668428
,87.16462416092452
,107.87402782088641
,120.34710861924415
,106.6635255532425
,93.56883548231083
,90.40353563380955
,79.08370361746388
,75.51762936953996
,74.22533640813633
,73.24384808301966
,75.86932935270676
,76.11470143398594
,83.43496852548114
,95.78536328319933
,108.1684743184214
,102.73757225277579
,86.95196835714924
,70.59382960520463
,48.01141905814508
,21.519413349370787
,15.10702295860849
,20.333448289854793
,26.623152639977498
,70.64290402146045
,85.68421260387353
,95.84261676883114
,108.43020453845251
,107.07247902204111
,91.5976797627015
,87.8189497110023
,81.68464767902307
,78.3394083042504
,77.40699439538956
,76.80992233094358
,76.66269908217608
,76.24556654400149
,78.51116876114581
,85.21800564944311
,91.00060769825552
,85.94594282390464
,69.50601337820031
,44.788865724012
,23.22883884894899
,14.959799709840986
,10.207760402401078
,13.07043468399138
,16.98820891508212
,48.7148190244787
,87.18098229967647
,94.71390519494696
,102.58216993463233
,99.67860030616214
,90.31356587067387
,84.95627542941199
,80.07337101195652
,86.03591258704034
,83.57401270487267
,80.43325006449932
,81.96273603780612
,81.45563373649586
,83.51675921924087
,85.02988705379575
,87.50814507471536
,81.66011047089516
,67.95199019676556
,32.12766633000687
,17.789757713927408
,12.06440915074679
,9.438927881059684
,10.46949062243219
,18.525873957764908
,67.46124603420722
,95.28644005126503
,102.22229088208954
,102.2059327433376
,100.65190956190285
,99.67042123678618
,95.18829121875335
,89.66741938997204
,85.74146608950534
,83.51675921924087
,83.52493828861684
,83.3613569010974
,83.51675921924087
,90.70616120072053
,110.36864398055795
,107.39146272770404
,102.91751177904719
,100.22659795435229
,92.90633086285709
,87.00104277340506
,83.52493828861684
,82.03634766218988
,82.74792669789947
,85.67603353449756
,95.45002143878447
,107.26059761768849
,109.53437890420878
,107.82495340463058
,101.43710022199619
,103.43279314973344
,94.64847263993919
,86.33853815395132
,85.47973586947423
,83.35317783172142
,81.97091510718211
,83.14052202794613
,82.19174998033336
,85.4879149388502
,104.38156519734622
,111.99627878637645
,105.02771167804804
,103.21195827658218
,90.79613096385621
,84.35920336496602
,77.90591762732387
,76.82628046969552
,75.15775031699718
,77.79958972543622
,85.47973586947423
,95.31915632876891
,103.81720941040413
,102.1732164658337
,97.73198179468073
,86.6984172064941
,79.73802916754167
,71.91883884411213
,65.72728332650111
,66.17713214217957
,66.28346004406721
,67.37127627107154
,66.53701119472235
,71.56713886094533
,89.9455077487551
,101.59250254013966
,95.86715397695906
,85.43066145321839
,70.32392031579754
,70.34845752392545
,69.6859529044717
,68.13192972303696
,69.64505755759183
,74.53614104442327
,88.26879852668078
,102.33679785335315
,99.70313751429006
,98.91794685419673
,98.63985849541366
,97.42117715839379
,86.76384976150187
,81.39020118148807
,74.81422940320634
,68.37730180431613
,64.868481042024
,62.56198347799982
,60.239127775223686
,65.46555310647
,76.71995256780788
,83.35317783172142
,86.6657009289902
,81.29205234897641
,84.12201035306282
,86.61662651273437
,83.42678945610518
,83.51675921924087
,83.44314759485712
,83.4186103867292
,81.72554302590294
,82.9769406404267
,90.70616120072053
,94.70572612557098
,86.69023813711813
,76.09016422585802
,69.2442831581692
,52.321788619282486
,25.7070968698686
,25.11002480542262
,21.682994736890222
,20.668790134269656
,28.095385127652513
,41.13282171295238
,70.76559006210005
,71.07639469838699
,65.18746474768693
,56.99203723296268
,55.57705823091946
,48.404014388191754
,35.39929408039579
,34.29511971463952
,56.30499540538101
,66.86417396976125
,57.03293257984254
,72.32779231291074
,65.85814843651666
,74.88784102759008
,67.44488789545528
,62.78281835115107
,61.686823054770784
,51.438449126677476
,28.74153160835433
,23.907701607154692
,23.196122571445102
,23.850448121522888
,25.96064802052374
,28.414368833315436
,41.2718658923439
,60.9425277415573
,58.83232784255645
,48.17500044566453
,30.491852454812403
,54.78368850145016
,27.048464247528052
,14.820755530449453
,14.943441571089046
,15.679557814926554
,26.41867590557819
,68.63085295497127
,90.05183565064274
,95.60542375692795
,96.9467911345874
,85.84779399139298
,83.77848943927198
,77.06347348159872
,73.09662483425214
,68.94165759125822
,64.65582523824872
,62.62741603300759
,65.94811819965236
,69.51419244757628
,73.75912945370591
,84.24469639370241
,73.43196667866702
,43.480214623856426
,19.37649717286604
,13.822909066580834
,13.831088135956811
,12.105304497626655
,13.888341621588609
,15.147918305488353
,59.15131154821937
,87.49178693596342
,99.05699103358826
,101.91966531517856
,100.1366281912166
,82.37986857598072
,74.24987361626425
,68.60631574684335
,48.26497020880022
,35.66920336980287
,32.09495005250297
,33.03554303073979
,37.84483582381151
,69.75138545947948
,83.17323830545004
,87.47542879721148
,84.46553126685366
,73.10480390362812
,70.25848776078976
,69.72684825135157
,63.2490253055815
,62.766460212399124
,62.8318927674069
,53.00883044686417
,71.75525745659269
,73.12934111175603
,91.56496348519762
,91.45863558330998
,88.4405589835762
,73.12934111175603
,73.48104109492286
,70.65108309083644
,64.51678105885719
,58.84868598130839
,58.73417901004478
,56.38678609914073
,54.7673303626982
,70.0703691651424
,88.19518690229702
,100.0466584280809
,100.39835841124771
,90.53440074382512
,87.4672497278355
,87.49178693596342
,89.91279147125121
,89.5938077655883
,88.25244038792883
,87.49178693596342
,90.72251933947248
,102.71303504464788
,123.35700614960197
,126.17060601493645
,104.72508611113706
,92.8408983078493
,89.40568916994094
,78.38030365113026
,79.01009199308012
,72.8185364754691
,72.84307368359701
,72.46683649230228
,72.46683649230228
,82.16721277220543
,97.18398414649059
,119.80729004042999
,125.90887579490534
,104.57786286236956
,93.74059593920626
,88.16247062479314
,82.09360114782169
,80.06519194258055
,79.83617800005334
,83.35317783172142
,90.82066817198414
,102.34497692272912
,121.41038763812057
,131.46246390119052
,111.6854741500895
,93.32346340103166
,90.94335421262373
,82.34715229847683
,78.3966617898822
,74.5034247669194
,72.83489461422104
,72.50773183918214
,72.42594114542243
,76.5072967640326
,89.16031708866176
,94.72208426432294
,96.44786790265309
,90.57529609070497
,76.3028200296333
,71.55895979156935
,68.98255293813808
,61.46598818161953
,62.19392535608107
,71.8697644278563
,80.04883380382861
,94.05957964486917
,105.927409309405
,119.35744122475154
,105.33033724495903
,95.13103773312156
,90.84520538011205
,85.38976610633853
,78.66657107928928
,76.49911769465663
,74.18444106125648
,76.51547583340857
,77.47242695039733
,80.3187430932357
,93.00447969536874
,106.48358602697111
,120.23260164798057
,102.63942342026412
,92.29290065965915
,86.56755209647855
,83.27138713796171
,80.94035236580959
,79.01827106245611
,82.58434531038003
,90.04365658126677
,100.03847935870493
,120.05266212170918
,128.4607454402087
,116.65016926130468
,99.53955612677063
,95.80172142195127
,89.38115196181302
,94.33766800365224
,87.82712878037827
,85.1607521638113
,82.94422436292281
,82.72338948977156
,83.21413365232989
,89.4138682393169
,97.96917480658394
,99.33507939237131
,93.09444945850444
,76.7444897759358
,66.51247398659444
,56.010548907846
,44.118182035182265
,46.68640981923757
,62.308432327344676
,78.3066920267465
,95.28644005126503
,105.18311399619151
,126.63681296936687
,105.19947213494345
,93.34800060915958
,89.8310007774915
,78.97737571557624
,72.67949229607757
,67.33038092419167
,65.3183298577025
,66.21802748905944
,63.371711346221076
,66.53701119472235
,70.83920168648379
,70.92099238024352
,68.03378089052529
,59.16766968697131
,32.880140712596315
,24.72560854475192
,16.36659964250822
,12.326139370777902
,10.559460385567888
,15.311499693007796
,53.63043971943806
,77.28430835474997
,100.57011886814313
,97.57657947653726
,90.92699607387179
,78.21672226361082
,74.69972243194272
,69.26064129692114
,51.80650724859623
,47.13625863491605
,43.51293090136031
,44.837940140267825
,49.941679430874544
,60.14097894271201
,82.70703135101961
,99.68677937553812
,101.33895138948452
,89.14395894990982
,74.86330381946217
,69.98039940200671
,62.61923696363162
,55.372581496520155
,64.54131826698512
,72.01698767662381
,90.9188170044958
,109.1417835741621
,138.60279146641437
,153.64410004882745
,115.79954604620357
,94.10865406112501
,89.08670546427801
,77.49696415852526
,71.37084119592198
,67.57575300547084
,63.52711366436455
,60.45996264837493
,58.43973251250978
,67.02775535728071
,83.7457731617681
,100.16116539934451
,102.60670714276024
,88.24426131855287
,76.07380608710606
,73.3501759849073
,75.98383632397037
,78.3394083042504
,79.33725476811902
,84.60457544624519
,97.29849111775421
,105.26490468995124
,131.62604528871
,141.65358434365203
,105.76382792188555
,89.13577988053385
,80.10608728946042
,70.48750170331698
,63.15087647306982
,59.69113012703354
,55.339865219016275
,55.28261173338446
,56.38678609914073
,63.60890435812428
,87.99071016789773
,102.9093327096712
,103.19560013783024
,86.22403118268771
,69.2442831581692
,65.53098566147777
,60.72169286840605
,60.68079752152619
,62.226641633584954
,70.96188772712337
,83.54129642736879
,99.37597473925118
,109.70613936110419
,111.35013230567463
,95.29461912064099
,84.76815683376464
,77.34156184038179
,66.44704143158667
,51.08674914351067
,45.737637771624776
,38.2619683619861
,34.24604529838369
,34.450522032783
,46.66187261110966
,62.6846695186394
,76.14741771148982
,82.66613600413974
,67.00321814915279
,60.533574272758685
,61.02431843531703
,47.2098702592998
,34.221508090255774
,33.25637790389104
,40.5030333710025
,52.70620487995319
,69.29335757442503
,82.64159879601183
,100.0793747055848
,90.6570867844647
,82.66613600413974
,75.54216657766787
,69.48965523944835
,67.92745298863765
,62.921862530542604
,61.98126955230578
,62.98729508555038
,63.52711366436455
,68.71264364873099
,85.89686840764881
,107.17062785455279
,117.95064129208428
,94.81205402745863
,75.82843400582689
,66.79056234537751
,58.74235807942075
,54.50560014266709
,55.22535824775266
,59.21674410322714
,70.04583195701449
,89.9209705406272
,99.15513986609992
,134.47236143154834
,114.75262516607911
,97.0367608977231
,89.24210778242148
,83.68034060676032
,83.33681969296948
,73.44832481741896
,70.93735051899546
,67.71479718486236
,67.51849951983904
,67.57575300547084
,70.95370865774741
,73.74277131495397
,74.31530617127203
,62.91368346116663
,53.31145601377514
,42.31878677246836
,34.09064298024021
,31.49787798805699
,32.2339942318945
,47.45524234057896
,66.97868094102486
,83.7130568842642
,86.85381952463757
,89.28300312930135
,71.2236179471545
,60.083725457080206
,49.98257477775441
,40.51121244037847
,14.158250910995704
,13.863804413460706
,13.855625344084729
,13.806550927828894
,13.814729997204871
,13.847446274708751
,13.855625344084729
,17.96151817082282
,17.13543216384963
,14.207325327251532
,11.769962653211792
,4.286114174197124
,-0.6131483820102801
,-3.7375528836317073
,-4.113790074926428
,6.633507085101186
,13.76565558094903
,32.86378257384437
,61.80133002603439
,71.41991561217782
,63.94424620253914
,57.99806276620727
,57.9898836968313
,51.82286538734818
,40.78930079916154
,37.67307536691609
,39.73420084966111
,40.76476359103362
,50.67779567471206
,61.20425796158842
,87.38545903407578
,106.81892787138597
,105.2730837593272
,100.73370025566258
,88.80861710549496
,84.98899170691588
,77.05529441222275
,74.02903874311299
,75.91840376896259
,85.46337773072227
,91.8103355664768
,91.81851463585275
,102.32861878397718
,106.11552790505236
,102.32861878397718
,96.89771671833157
,95.9162283932149
,88.32605201231259
,89.03763104802218
,82.49437554724433
,80.03247566507666
,82.60888251850795
,81.8564081359185
,88.43237991420023
,90.73887747822442
,142.43877500374538
,148.17230263630196
,109.98422771988726
,93.01265876474471
,84.43281498934977
,77.3333827710058
,75.92658283833858
,76.62180373529621
,82.14267556407752
,87.44271251970758
,94.23134010176459
,96.48876324953295
,96.9140748570835
,89.56109148808441
,78.69110828741721
,65.5800600777336
,59.470295253882284
,40.84655428479334
,34.221508090255774
,30.95805940924282
,27.490133993830568
,24.758324822255815
,33.869808107088964
,53.17241183438361
,69.04798549314586
,66.12805772592374
,53.69587227444584
,34.79404294657383
,27.800938630117507
,20.28437387359896
,16.46474847501989
,17.789757713927408
,28.610666498338773
,51.46298633480539
,70.15215985890212
,77.06347348159872
,83.52493828861684
,68.96619479938613
,56.37860702976475
,50.996779380374974
,40.86291242354528
,24.193969035313728
,17.814294922055325
,18.509515819012968
,16.669225209419196
,19.30288554848228
,32.68384304757298
,63.87063457815539
,78.14311063922706
,79.28818035186319
,69.57962500258405
,62.8318927674069
,57.3682744242574
,53.229665320015414
,53.72040948257376
,62.120313731697316
,63.87881364753136
,81.11211282270501
,83.79484757802393
,87.60629390722703
,96.89771671833157
,86.0195544482884
,83.30410341546559
,81.64375233214321
,76.58090838841635
,78.11039436172318
,75.21500380262897
,76.80174326156761
,74.92873637446995
,75.13321310886926
,79.47629894751056
,87.3772799646998
,90.63254957633679
,95.17193308000141
,91.1314728082711
,85.76600329763326
,80.8503826026739
,76.51547583340857
,75.04324334573356
,75.01052706822966
,80.90763608830571
,85.9050474770248
,87.614472976603
,92.79182389159348
,112.62606712832633
,97.3312073952581
,86.5757311658545
,81.71736395652697
,75.55034564704384
,78.61749666303345
,75.08413869261342
,73.83274107808965
,73.30928063802743
,72.87578996110089
,73.43196667866702
,76.67087815155205
,85.23436378819505
,86.61662651273437
,84.99717077629187
,78.52752689989777
,73.53829458055466
,66.83963676163333
,61.98126955230578
,66.92960652476903
,70.79012727022796
,84.17108476931865
,88.29333573480871
,89.1194217417819
,88.59596130171967
,87.58993576847509
,80.28602681573182
,75.66485261830745
,66.65969723536195
,63.25720437495747
,54.79186757082613
,48.477626012575506
,47.05446794115632
,47.05446794115632
,48.82114692636634
,55.06177686023321
,64.43499036509748
,65.41647869021415
,43.831914607023236
,28.44708511081933
,16.571076376907527
,14.354548576019035
,11.483695225052756
,11.082920825630111
,13.790192789076947
,25.584410829229014
,66.57790654160222
,74.75697591757452
,68.63903202434724
,60.3536347464873
,53.09062114062388
,27.48195492445459
,18.84485766342783
,13.40577652840625
,14.223683466003486
,13.831088135956811
,13.757476511573053
,14.788039252945573
,36.12723125485732
,73.25202715239563
,90.5916542294569
,97.31484925650615
,90.36264028692969
,84.1301894224388
,83.77031036989601
,76.84263860844747
,76.98168278783899
,78.29033388799456
,88.91494500738258
,99.34325846174728
,98.02642829221574
,102.04235135581814
,123.47151312086561
,103.86628382665997
,96.65234463705241
,92.04752857837998
,89.07852639490204
,84.97263356816394
,81.74190116465488
,80.01611752632472
,78.78925711992888
,78.7238245649211
,82.10178021719766
,100.69280490878272
,132.94287545824153
,131.54425459495025
,101.15083279383717
,89.91279147125121
,81.07121747582515
,75.19046659450106
,71.44445282030574
,71.07639469838699
,77.35791997913373
,89.52837521058052
,105.80472326876541
,125.1482223429399
,142.49602848937718
,112.38887411642312
,97.30667018713018
,90.27267052379399
,85.04624519254769
,84.06475686743102
,81.70100581777503
,80.4986826195071
,81.07121747582515
,82.42076392286059
,87.75351715599453
,102.81118387715955
,149.2846560714342
,153.75042795071505
,112.50338108768673
,97.9201003903281
,88.4405589835762
,81.54560349963155
,81.63557326276724
,80.82584539454598
,89.96186588750705
,102.82754201591149
,138.33288217700726
,164.05605536444017
,167.72845751425174
,120.35528768862015
,98.70529105042144
,95.13103773312156
,87.45089158908355
,88.86587059112675
,82.60070344913197
,81.12029189208099
,80.42507099512333
,79.83617800005334
,86.06862886454422
,99.9566886649452
,150.01259324589574
,152.06553965926477
,104.5369675154897
,94.00232615923737
,83.43496852548114
,79.79528265317347
,77.4560688116454
,78.11857343109914
,87.60629390722703
,97.8301306271924
,121.19773183434529
,139.55156351402715
,118.7440110215536
,98.60714221790978
,91.40956116705414
,87.50814507471536
,81.48017094462377
,82.94422436292281
,79.88525241630917
,78.40484085925819
,80.89945701892974
,82.51891275537226
,87.5245032134673
,101.77244206641106
,126.67770831624674
,136.4353380817817
,108.11939990216558
,95.68721445068766
,85.7823614363852
,81.31658955710432
,77.97135018233165
,80.33510123198765
,88.93130314613454
,105.99284186441278
,112.52791829581466
,112.93687176461327
,114.58904377855967
,111.39920672193048
,104.8886674986565
,103.04837688906274
,94.23134010176459
,99.30236311486743
,94.8202330968346
,93.17624015226417
,92.31743786778706
,93.6669843148225
,97.24941670149838
,103.74359778602039
,112.22529272890367
,115.7013972136919
,106.26275115381986
,91.47499372206192
,84.13836849181476
,78.3966617898822
,76.88353395532734
,78.38030365113026
,83.78666850864796
,96.04709350323044
,114.89984841484662
,127.93728500014646
,112.29890435328741
,99.39233287800312
,88.41602177544829
,86.11770328080006
,80.96488957393751
,85.0135289150438
,78.3966617898822
,71.61621327720117
2044-10-27 02:00:00+01:00,71.3135877102902
2044-10-27 03:00:00+01:00,70.22577148328587
2044-10-27 04:00:00+01:00,70.11126451202226
2044-10-27 05:00:00+01:00,78.37212458175429
2044-10-27 06:00:00+01:00,81.00578492081736
2044-10-27 07:00:00+01:00,86.41214977833506
2044-10-27 08:00:00+01:00,78.53570596927374
2044-10-27 09:00:00+01:00,72.03334581537575
2044-10-27 10:00:00+01:00,54.3256606163957
2044-10-27 11:00:00+01:00,39.218919478974854
2044-10-27 12:00:00+01:00,35.43201035789967
2044-10-27 13:00:00+01:00,35.2766080397562
2044-10-27 14:00:00+01:00,48.87022134262217
2044-10-27 15:00:00+01:00,88.24426131855287
2044-10-27 16:00:00+01:00,106.64716741449055
2044-10-27 17:00:00+01:00,118.83398078468929
2044-10-27 18:00:00+01:00,126.63681296936687
2044-10-27 19:00:00+01:00,120.52704814551555
2044-10-27 20:00:00+01:00,110.14780910740672
2044-10-27 21:00:00+01:00,105.44484421622263
2044-10-27 22:00:00+01:00,102.27136529834537
2044-10-27 23:00:00+01:00,94.47671218304376
2044-10-28 00:00:00+01:00,91.49135186081388
2044-10-28 01:00:00+01:00,88.4405589835762
2044-10-28 02:00:00+01:00,86.12588235017604
2044-10-28 03:00:00+01:00,83.41043131735323
2044-10-28 04:00:00+01:00,85.70057074262547
2044-10-28 05:00:00+01:00,94.05957964486917
2044-10-28 06:00:00+01:00,111.2683416119149
2044-10-28 07:00:00+01:00,125.5408176729866
2044-10-28 08:00:00+01:00,123.64327357776101
2044-10-28 09:00:00+01:00,108.47927895470835
2044-10-28 10:00:00+01:00,100.85638629630216
2044-10-28 11:00:00+01:00,95.50727492441627
2044-10-28 12:00:00+01:00,97.27395390962629
2044-10-28 13:00:00+01:00,98.17365154098326
2044-10-28 14:00:00+01:00,105.44484421622263
2044-10-28 15:00:00+01:00,111.95538343949659
2044-10-28 16:00:00+01:00,132.6566080300825
2044-10-28 17:00:00+01:00,158.33888587063555
2044-10-28 18:00:00+01:00,160.70263692029152
2044-10-28 19:00:00+01:00,142.22611919997007
2044-10-28 20:00:00+01:00,116.00402278060288
2044-10-28 21:00:00+01:00,109.15814171291404
2044-10-28 22:00:00+01:00,104.9786372617922
2044-10-28 23:00:00+01:00,97.06129810585102
2044-10-29 00:00:00+01:00,99.40869101675506
2044-10-29 01:00:00+01:00,97.27395390962629
2044-10-29 02:00:00+01:00,96.43968883327712
2044-10-29 03:00:00+01:00,95.90804932383891
2044-10-29 04:00:00+01:00,97.48660971340158
2044-10-29 05:00:00+01:00,105.66567908937388
2044-10-29 06:00:00+01:00,114.27823914227272
2044-10-29 07:00:00+01:00,138.43921007889492
2044-10-29 08:00:00+01:00,138.66822402142213
2044-10-29 09:00:00+01:00,121.80298296816724
2044-10-29 10:00:00+01:00,114.65447633356744
2044-10-29 11:00:00+01:00,109.95151144238336
2044-10-29 12:00:00+01:00,105.37123259183888
2044-10-29 13:00:00+01:00,106.43451161071528
2044-10-29 14:00:00+01:00,113.78749497971438
2044-10-29 15:00:00+01:00,128.37895474644898
2044-10-29 16:00:00+01:00,153.82403957509882
2044-10-29 17:00:00+01:00,177.44519193290685
2044-10-29 18:00:00+01:00,148.78573283949987
2044-10-29 19:00:00+01:00,141.4900029561326
2044-10-29 20:00:00+01:00,120.74788301866681
2044-10-29 21:00:00+01:00,110.4749718824456
2044-10-29 22:00:00+01:00,107.00704646703335
2044-10-29 23:00:00+01:00,98.22272595723908
2044-10-30 00:00:00+01:00,102.16503739645773
2044-10-30 01:00:00+01:00,98.11639805535144
2044-10-30 02:00:00+01:00,96.58691208204462
2044-10-30 03:00:00+01:00,96.42333069452518
2044-10-30 04:00:00+01:00,97.30667018713018
2044-10-30 05:00:00+01:00,105.71475350562972
2044-10-30 06:00:00+01:00,116.05309719685872
2044-10-30 07:00:00+01:00,142.4224168649934
2044-10-30 08:00:00+01:00,141.69447969053192
2044-10-30 09:00:00+01:00,121.6394015806478
2044-10-30 10:00:00+01:00,110.72034396372476
2044-10-30 11:00:00+01:00,106.65534648386652
2044-10-30 12:00:00+01:00,100.03030028932896
2044-10-30 13:00:00+01:00,102.95022805655107
2044-10-30 14:00:00+01:00,114.98981817798231
2044-10-30 15:00:00+01:00,132.26401270003583
2044-10-30 16:00:00+01:00,150.95318622413254
2044-10-30 17:00:00+01:00,148.8102700476278
2044-10-30 18:00:00+01:00,149.95533976026394
2044-10-30 19:00:00+01:00,146.7736817730107
2044-10-30 20:00:00+01:00,123.66781078588892
2044-10-30 21:00:00+01:00,114.75262516607911
2044-10-30 22:00:00+01:00,107.68590922523904
2044-10-30 23:00:00+01:00,100.8154909494223
2044-10-31 00:00:00+01:00,97.56840040716129
2044-10-31 01:00:00+01:00,95.31097725939294
2044-10-31 02:00:00+01:00,92.51373553281041
2044-10-31 03:00:00+01:00,90.97607049012761
2044-10-31 04:00:00+01:00,92.49737739405847
2044-10-31 05:00:00+01:00,95.7035725894396
2044-10-31 06:00:00+01:00,107.89038595963835
2044-10-31 07:00:00+01:00,116.51930415128913
2044-10-31 08:00:00+01:00,114.99799724735828
2044-10-31 09:00:00+01:00,106.01737907254068
2044-10-31 10:00:00+01:00,96.68506091455629
2044-10-31 11:00:00+01:00,93.78967035546209
2044-10-31 12:00:00+01:00,88.6777519954794
2044-10-31 13:00:00+01:00,89.16031708866176
2044-10-31 14:00:00+01:00,93.20895642976805
2044-10-31 15:00:00+01:00,99.96486773432119
2044-10-31 16:00:00+01:00,106.90889763452167
2044-10-31 17:00:00+01:00,116.95279482821567
2044-10-31 18:00:00+01:00,118.78490636843345
2044-10-31 19:00:00+01:00,108.35659291406876
2044-10-31 20:00:00+01:00,99.24510962923563
2044-10-31 21:00:00+01:00,94.03504243674126
2044-10-31 22:00:00+01:00,93.17624015226417
2044-10-31 23:00:00+01:00,84.92355915190811
2044-11-01 00:00:00+01:00,86.6657009289902
2044-11-01 01:00:00+01:00,79.72985009816568
2044-11-01 02:00:00+01:00,78.36394551237832
2044-11-01 03:00:00+01:00,75.81207586707495
2044-11-01 04:00:00+01:00,75.17410845574912
2044-11-01 05:00:00+01:00,79.74620823691764
2044-11-01 06:00:00+01:00,88.09703806978536
2044-11-01 07:00:00+01:00,88.66139385672744
2044-11-01 08:00:00+01:00,84.31830801808616
2044-11-01 09:00:00+01:00,71.12546911464283
2044-11-01 10:00:00+01:00,46.179307517927285
2044-11-01 11:00:00+01:00,42.35968211934822
2044-11-01 12:00:00+01:00,38.21289394573026
2044-11-01 13:00:00+01:00,37.689433505668035
2044-11-01 14:00:00+01:00,52.63259325556943
2044-11-01 15:00:00+01:00,78.44573620613804
2044-11-01 16:00:00+01:00,93.20895642976805
2044-11-01 17:00:00+01:00,104.0952977691872
2044-11-01 18:00:00+01:00,107.69408829461501
2044-11-01 19:00:00+01:00,104.84777215177665
2044-11-01 20:00:00+01:00,102.50037924087259
2044-11-01 21:00:00+01:00,94.55850287680349
2044-11-01 22:00:00+01:00,93.20895642976805
2044-11-01 23:00:00+01:00,89.04581011739815
2044-11-02 00:00:00+01:00,90.00276123438691
2044-11-02 01:00:00+01:00,86.65752185961423
2044-11-02 02:00:00+01:00,86.5757311658545
2044-11-02 03:00:00+01:00,85.02988705379575
2044-11-02 04:00:00+01:00,86.5511939577266
2044-11-02 05:00:00+01:00,86.6084474433584
2044-11-02 06:00:00+01:00,93.09444945850444
2044-11-02 07:00:00+01:00,95.45820050816044
2044-11-02 08:00:00+01:00,95.40094702252864
2044-11-02 09:00:00+01:00,92.08024485588388
2044-11-02 10:00:00+01:00,86.59208930460645
2044-11-02 11:00:00+01:00,85.89686840764881
2044-11-02 12:00:00+01:00,82.71521042039558
2044-11-02 13:00:00+01:00,85.02988705379575
2044-11-02 14:00:00+01:00,92.62006343469804
2044-11-02 15:00:00+01:00,105.71475350562972
2044-11-02 16:00:00+01:00,118.68675753592179
2044-11-02 17:00:00+01:00,130.7999592817368
2044-11-02 18:00:00+01:00,132.3294452550436
2044-11-02 19:00:00+01:00,122.90715733392352
2044-11-02 20:00:00+01:00,107.45689528271181
2044-11-02 21:00:00+01:00,102.82754201591149
2044-11-02 22:00:00+01:00,101.41256301386828
2044-11-02 23:00:00+01:00,96.16977954387004
2044-11-03 00:00:00+01:00,95.39276795315266
2044-11-03 01:00:00+01:00,94.75480054182682
2044-11-03 02:00:00+01:00,94.7629796112028
2044-11-03 03:00:00+01:00,93.2007773603921
2044-11-03 04:00:00+01:00,92.39104949217082
2044-11-03 05:00:00+01:00,93.16806108288819
2044-11-03 06:00:00+01:00,93.83874477171791
2044-11-03 07:00:00+01:00,94.55850287680349
2044-11-03 08:00:00+01:00,88.42420084482426
2044-11-03 09:00:00+01:00,78.77289898117694
2044-11-03 10:00:00+01:00,60.93434867218133
2044-11-03 11:00:00+01:00,51.323942155413874
2044-11-03 12:00:00+01:00,51.0785700741347
2044-11-03 13:00:00+01:00,50.636900327832194
2044-11-03 14:00:00+01:00,73.7018759680741
2044-11-03 15:00:00+01:00,94.73844240307488
2044-11-03 16:00:00+01:00,108.22572780405321
2044-11-03 17:00:00+01:00,120.42072024362793
2044-11-03 18:00:00+01:00,124.11765960156741
2044-11-03 19:00:00+01:00,116.10217161311455
2044-11-03 20:00:00+01:00,108.5283533709642
2044-11-03 21:00:00+01:00,104.61875820924942
2044-11-03 22:00:00+01:00,101.0526839613255
2044-11-03 23:00:00+01:00,96.49694231890892
2044-11-04 00:00:00+01:00,93.41343316416736
2044-11-04 01:00:00+01:00,92.82454016909736
2044-11-04 02:00:00+01:00,92.48919832468249
2044-11-04 03:00:00+01:00,92.92268900160903
2044-11-04 04:00:00+01:00,94.7302633336989
2044-11-04 05:00:00+01:00,97.52750506028143
2044-11-04 06:00:00+01:00,112.93687176461327
2044-11-04 07:00:00+01:00,128.7879082152476
2044-11-04 08:00:00+01:00,126.33418740245591
2044-11-04 09:00:00+01:00,111.35013230567463
2044-11-04 10:00:00+01:00,104.94592098428832
2044-11-04 11:00:00+01:00,98.91794685419673
2044-11-04 12:00:00+01:00,96.96314927333934
2044-11-04 13:00:00+01:00,99.79310727742576
2044-11-04 14:00:00+01:00,107.6368348089832
2044-11-04 15:00:00+01:00,127.2175268950609
2044-11-04 16:00:00+01:00,144.63894466588192
2044-11-04 17:00:00+01:00,144.9415702327929
2044-11-04 18:00:00+01:00,156.91572779921637
2044-11-04 19:00:00+01:00,152.19640476928032
2044-11-04 20:00:00+01:00,124.90285026166076
2044-11-04 21:00:00+01:00,108.5283533709642
2044-11-04 22:00:00+01:00,104.38156519734622
2044-11-04 23:00:00+01:00,98.75436546667729
2044-11-05 00:00:00+01:00,98.28815851224687
2044-11-05 01:00:00+01:00,97.52750506028143
2044-11-05 02:00:00+01:00,97.31484925650615
2044-11-05 03:00:00+01:00,96.51330045766088
2044-11-05 04:00:00+01:00,96.7095981226842
2044-11-05 05:00:00+01:00,98.93430499294867
2044-11-05 06:00:00+01:00,117.0591227301033
2044-11-05 07:00:00+01:00,138.17747985886382
2044-11-05 08:00:00+01:00,131.30706158304707
2044-11-05 09:00:00+01:00,112.80600665459771
2044-11-05 10:00:00+01:00,101.64157695639551
2044-11-05 11:00:00+01:00,97.51114692152949
2044-11-05 12:00:00+01:00,95.87533304633503
2044-11-05 13:00:00+01:00,96.81592602457184
2044-11-05 14:00:00+01:00,104.55332565424165
2044-11-05 15:00:00+01:00,132.37034060192346
2044-11-05 16:00:00+01:00,172.66861541733903
2044-11-05 17:00:00+01:00,168.2764551624419
2044-11-05 18:00:00+01:00,174.50890602693278
2044-11-05 19:00:00+01:00,171.2863526927997
2044-11-05 20:00:00+01:00,147.64884219623974
2044-11-05 21:00:00+01:00,121.8438783150471
2044-11-05 22:00:00+01:00,109.3544393779374
2044-11-05 23:00:00+01:00,104.54514658486568
2044-11-06 00:00:00+01:00,104.98681633116819
2044-11-06 01:00:00+01:00,102.19775367396163
2044-11-06 02:00:00+01:00,101.3471304588605
2044-11-06 03:00:00+01:00,101.39620487511634
2044-11-06 04:00:00+01:00,102.2631862289694
2044-11-06 05:00:00+01:00,111.13747650189936
2044-11-06 06:00:00+01:00,129.8184709566201
2044-11-06 07:00:00+01:00,140.07502395408937
2044-11-06 08:00:00+01:00,152.000107104257
2044-11-06 09:00:00+01:00,138.13658451198393
2044-11-06 10:00:00+01:00,125.36905721609116
2044-11-06 11:00:00+01:00,120.20806443985265
2044-11-06 12:00:00+01:00,114.8507739985908
2044-11-06 13:00:00+01:00,119.32472494724763
2044-11-06 14:00:00+01:00,129.63035236097275
2044-11-06 15:00:00+01:00,133.32729171891222
2044-11-06 16:00:00+01:00,140.49215649226397
2044-11-06 17:00:00+01:00,149.68543047085683
2044-11-06 18:00:00+01:00,152.0246443123849
2044-11-06 19:00:00+01:00,150.4297257840703
2044-11-06 20:00:00+01:00,132.30490804691567
2044-11-06 21:00:00+01:00,126.74314087125452
2044-11-06 22:00:00+01:00,114.24552286476883
2044-11-06 23:00:00+01:00,107.05612088328917
2044-11-07 00:00:00+01:00,99.73585379179396
2044-11-07 01:00:00+01:00,97.29849111775421
2044-11-07 02:00:00+01:00,95.90804932383891
2044-11-07 03:00:00+01:00,96.31700279263752
2044-11-07 04:00:00+01:00,96.21885396012587
2044-11-07 05:00:00+01:00,101.83787462141883
2044-11-07 06:00:00+01:00,121.32859694436085
2044-11-07 07:00:00+01:00,132.14132665939624
2044-11-07 08:00:00+01:00,134.35785446028476
2044-11-07 09:00:00+01:00,126.70224552437466
2044-11-07 10:00:00+01:00,117.75434362706096
2044-11-07 11:00:00+01:00,112.19257645139979
2044-11-07 12:00:00+01:00,108.95366497851475
2044-11-07 13:00:00+01:00,111.54642997069797
2044-11-07 14:00:00+01:00,120.993255099946
2044-11-07 15:00:00+01:00,127.50379432321994
2044-11-07 16:00:00+01:00,140.9338262385665
2044-11-07 17:00:00+01:00,144.7289144290176
2044-11-07 18:00:00+01:00,149.19468630829851
2044-11-07 19:00:00+01:00,143.26486101071856
2044-11-07 20:00:00+01:00,129.2868314471819
2044-11-07 21:00:00+01:00,110.12327189927879
2044-11-07 22:00:00+01:00,103.78449313290025
2044-11-07 23:00:00+01:00,99.17967707422784
2044-11-08 00:00:00+01:00,98.91794685419673
2044-11-08 01:00:00+01:00,97.57657947653726
2044-11-08 02:00:00+01:00,97.18398414649059
2044-11-08 03:00:00+01:00,96.70141905330823
2044-11-08 04:00:00+01:00,97.28213297900227
2044-11-08 05:00:00+01:00,99.77674913867382
2044-11-08 06:00:00+01:00,111.5709671788259
2044-11-08 07:00:00+01:00,132.91015918073765
2044-11-08 08:00:00+01:00,134.73409165157946
2044-11-08 09:00:00+01:00,118.04061105521998
2044-11-08 10:00:00+01:00,107.71862550274294
2044-11-08 11:00:00+01:00,102.66396062839205
2044-11-08 12:00:00+01:00,99.09788638046811
2044-11-08 13:00:00+01:00,98.96702127045256
2044-11-08 14:00:00+01:00,101.30623511198064
2044-11-08 15:00:00+01:00,109.04363474165044
2044-11-08 16:00:00+01:00,122.39187596323724
2044-11-08 17:00:00+01:00,132.58299640569874
2044-11-08 18:00:00+01:00,128.42802916270483
2044-11-08 19:00:00+01:00,116.47022973503329
2044-11-08 20:00:00+01:00,107.3751045889521
2044-11-08 21:00:00+01:00,100.92181885130995
2044-11-08 22:00:00+01:00,99.78492820804979
2044-11-08 23:00:00+01:00,96.48058418015698
2044-11-09 00:00:00+01:00,103.35100245597371
2044-11-09 01:00:00+01:00,101.66611416452342
2044-11-09 02:00:00+01:00,99.85853983243355
2044-11-09 03:00:00+01:00,98.11639805535144
2044-11-09 04:00:00+01:00,97.85466783532033
2044-11-09 05:00:00+01:00,98.12457712472741
2044-11-09 06:00:00+01:00,100.73370025566258
2044-11-09 07:00:00+01:00,102.58216993463233
2044-11-09 08:00:00+01:00,103.49004663536525
2044-11-09 09:00:00+01:00,103.20377920720621
2044-11-09 10:00:00+01:00,100.78277467191842
2044-11-09 11:00:00+01:00,99.08152824171617
2044-11-09 12:00:00+01:00,96.44786790265309
2044-11-09 13:00:00+01:00,96.32518186201351
2044-11-09 14:00:00+01:00,101.11811651633327
2044-11-09 15:00:00+01:00,111.90630902324074
2044-11-09 16:00:00+01:00,124.34667354409464
2044-11-09 17:00:00+01:00,140.483977422888
2044-11-09 18:00:00+01:00,141.93985177181105
2044-11-09 19:00:00+01:00,130.97989880800816
2044-11-09 20:00:00+01:00,118.31869941400305
2044-11-09 21:00:00+01:00,110.31956956430213
2044-11-09 22:00:00+01:00,107.99671386152599
2044-11-09 23:00:00+01:00,103.07291409719066
2044-11-10 00:00:00+01:00,102.28772343709733
2044-11-10 01:00:00+01:00,100.62737235377494
2044-11-10 02:00:00+01:00,99.76857006929784
2044-11-10 03:00:00+01:00,99.9566886649452
2044-11-10 04:00:00+01:00,99.34325846174728
2044-11-10 05:00:00+01:00,99.80128634680173
2044-11-10 06:00:00+01:00,101.44527929137217
2044-11-10 07:00:00+01:00,102.95840712592704
2044-11-10 08:00:00+01:00,104.59422100112151
2044-11-10 09:00:00+01:00,104.21798380982679
2044-11-10 10:00:00+01:00,102.2631862289694
2044-11-10 11:00:00+01:00,102.25500715959342
2044-11-10 12:00:00+01:00,101.31441418135661
2044-11-10 13:00:00+01:00,100.77459560254243
2044-11-10 14:00:00+01:00,101.26533976510078
2044-11-10 15:00:00+01:00,110.35228584180601
2044-11-10 16:00:00+01:00,117.72980641893304
2044-11-10 17:00:00+01:00,133.98979633836598
2044-11-10 18:00:00+01:00,131.16801740365554
2044-11-10 19:00:00+01:00,122.47366665699698
2044-11-10 20:00:00+01:00,117.86885059832457
2044-11-10 21:00:00+01:00,110.2950323561742
2044-11-10 22:00:00+01:00,109.74703470798406
2044-11-10 23:00:00+01:00,103.87446289603595
2044-11-11 00:00:00+01:00,99.72767472241799
2044-11-11 01:00:00+01:00,98.10821898597547
2044-11-11 02:00:00+01:00,97.01222368959517
2044-11-11 03:00:00+01:00,95.68721445068766
2044-11-11 04:00:00+01:00,96.2679283763817
2044-11-11 05:00:00+01:00,99.90761424868937
2044-11-11 06:00:00+01:00,112.88779734835742
2044-11-11 07:00:00+01:00,126.98033388315773
2044-11-11 08:00:00+01:00,130.8572127673686
2044-11-11 09:00:00+01:00,123.7087061327688
2044-11-11 10:00:00+01:00,117.10001807698316
2044-11-11 11:00:00+01:00,114.8753112067187
2044-11-11 12:00:00+01:00,110.3277486336781
2044-11-11 13:00:00+01:00,111.08022301626755
2044-11-11 14:00:00+01:00,114.44182052979217
2044-11-11 15:00:00+01:00,122.62906897514046
2044-11-11 16:00:00+01:00,128.09268731828993
2044-11-11 17:00:00+01:00,137.4986171006581
2044-11-11 18:00:00+01:00,137.63766128004963
2044-11-11 19:00:00+01:00,126.46505251247146
2044-11-11 20:00:00+01:00,114.4336414604162
2044-11-11 21:00:00+01:00,110.0005858586392
2044-11-11 22:00:00+01:00,107.31785110332028
2044-11-11 23:00:00+01:00,102.21411181271357
2044-11-12 00:00:00+01:00,102.0259932170662
2044-11-12 01:00:00+01:00,99.88307704056146
2044-11-12 02:00:00+01:00,98.8934096460688
2044-11-12 03:00:00+01:00,98.53353059352602
2044-11-12 04:00:00+01:00,100.84820722692619
2044-11-12 05:00:00+01:00,104.3324907810904
2044-11-12 06:00:00+01:00,125.56535488111452
2044-11-12 07:00:00+01:00,149.3991630426978
2044-11-12 08:00:00+01:00,160.0319532314618
2044-11-12 09:00:00+01:00,143.06856334569522
2044-11-12 10:00:00+01:00,131.323419721799
2044-11-12 11:00:00+01:00,129.24593610030206
2044-11-12 12:00:00+01:00,124.46118051535824
2044-11-12 13:00:00+01:00,127.49561525384397
2044-11-12 14:00:00+01:00,132.85290569510585
2044-11-12 15:00:00+01:00,143.9927981851801
2044-11-12 16:00:00+01:00,149.37462583456988
2044-11-12 17:00:00+01:00,145.45685160347915
2044-11-12 18:00:00+01:00,143.5265912307497
2044-11-12 19:00:00+01:00,144.68801908213777
2044-11-12 20:00:00+01:00,132.76293593197013
2044-11-12 21:00:00+01:00,119.8972598035657
2044-11-12 22:00:00+01:00,115.48874140991663
2044-11-12 23:00:00+01:00,109.75521377736004
2044-11-13 00:00:00+01:00,106.97433018952944
2044-11-13 01:00:00+01:00,104.70872797238512
2044-11-13 02:00:00+01:00,103.26103269283803
2044-11-13 03:00:00+01:00,103.04019781968677
2044-11-13 04:00:00+01:00,104.0625814916833
2044-11-13 05:00:00+01:00,111.86541367636089
2044-11-13 06:00:00+01:00,128.45256637083273
2044-11-13 07:00:00+01:00,155.49256972779716
2044-11-13 08:00:00+01:00,160.36729507587665
2044-11-13 09:00:00+01:00,149.58728163834516
2044-11-13 10:00:00+01:00,148.4340328563331
2044-11-13 11:00:00+01:00,148.6057933132285
2044-11-13 12:00:00+01:00,139.28165422462007
2044-11-13 13:00:00+01:00,138.39013566263907
2044-11-13 14:00:00+01:00,141.67812155177995
2044-11-13 15:00:00+01:00,147.91057241627084
2044-11-13 16:00:00+01:00,163.35265539810655
2044-11-13 17:00:00+01:00,169.29065976506246
2044-11-13 18:00:00+01:00,171.15548758278413
2044-11-13 19:00:00+01:00,146.55284689985945
2044-11-13 20:00:00+01:00,129.07417564340662
2044-11-13 21:00:00+01:00,115.00617631673425
2044-11-13 22:00:00+01:00,110.59765792308518
2044-11-13 23:00:00+01:00,104.14437218544303
2044-11-14 00:00:00+01:00,108.72465103598752
2044-11-14 01:00:00+01:00,106.0991697663004
2044-11-14 02:00:00+01:00,104.61875820924942
2044-11-14 03:00:00+01:00,104.02986521417942
2044-11-14 04:00:00+01:00,103.78449313290025
2044-11-14 05:00:00+01:00,112.0371741332563
2044-11-14 06:00:00+01:00,119.48830633476709
2044-11-14 07:00:00+01:00,126.73496180187854
2044-11-14 08:00:00+01:00,132.08407317376444
2044-11-14 09:00:00+01:00,129.7039639853565
2044-11-14 10:00:00+01:00,120.24078071735653
2044-11-14 11:00:00+01:00,118.51499707902637
2044-11-14 12:00:00+01:00,116.3230064862658
2044-11-14 13:00:00+01:00,116.85464599570399
2044-11-14 14:00:00+01:00,121.04232951620182
2044-11-14 15:00:00+01:00,129.3768012103176
2044-11-14 16:00:00+01:00,141.1628401810937
2044-11-14 17:00:00+01:00,147.69791661249556
2044-11-14 18:00:00+01:00,146.45469806734778
2044-11-14 19:00:00+01:00,139.76421931780243
2044-11-14 20:00:00+01:00,121.82752017629515
2044-11-14 21:00:00+01:00,115.97948557247496
2044-11-14 22:00:00+01:00,113.78749497971438
2044-11-14 23:00:00+01:00,107.69408829461501
2044-11-15 00:00:00+01:00,105.09314423305582
2044-11-15 01:00:00+01:00,104.02168614480344
2044-11-15 02:00:00+01:00,102.83572108528746
2044-11-15 03:00:00+01:00,101.50253277700398
2044-11-15 04:00:00+01:00,102.27954436772134
2044-11-15 05:00:00+01:00,106.85982321826583
2044-11-15 06:00:00+01:00,114.38456704416035
2044-11-15 07:00:00+01:00,129.556740736589
2044-11-15 08:00:00+01:00,136.30447297176616
2044-11-15 09:00:00+01:00,126.84128970376617
2044-11-15 10:00:00+01:00,119.82364817918194
2044-11-15 11:00:00+01:00,116.31482741688981
2044-11-15 12:00:00+01:00,114.28641821164868
2044-11-15 13:00:00+01:00,114.3436716972805
2044-11-15 14:00:00+01:00,116.97733203634358
2044-11-15 15:00:00+01:00,124.87013398415685
2044-11-15 16:00:00+01:00,131.04533136301595
2044-11-15 17:00:00+01:00,134.25152655839707
2044-11-15 18:00:00+01:00,128.14994080392177
2044-11-15 19:00:00+01:00,125.90069672552937
2044-11-15 20:00:00+01:00,121.59032716439197
2044-11-15 21:00:00+01:00,116.91189948133581
2044-11-15 22:00:00+01:00,113.94289729785785
2044-11-15 23:00:00+01:00,108.58560685659599
2044-11-16 00:00:00+01:00,107.82495340463058
2044-11-16 01:00:00+01:00,104.21798380982679
2044-11-16 02:00:00+01:00,102.18139553520967
2044-11-16 03:00:00+01:00,101.31441418135661
2044-11-16 04:00:00+01:00,101.10175837758133
2044-11-16 05:00:00+01:00,101.95238159268244
2044-11-16 06:00:00+01:00,112.91233455648535
2044-11-16 07:00:00+01:00,112.90415548710936
2044-11-16 08:00:00+01:00,112.89597641773341
2044-11-16 09:00:00+01:00,113.91018102035397
2044-11-16 10:00:00+01:00,107.75952084962279
2044-11-16 11:00:00+01:00,101.47799556887605
2044-11-16 12:00:00+01:00,99.13060265797202
2044-11-16 13:00:00+01:00,100.52922352126328
2044-11-16 14:00:00+01:00,109.19085799041795
2044-11-16 15:00:00+01:00,115.98766464185093
2044-11-16 16:00:00+01:00,116.72378088568843
2044-11-16 17:00:00+01:00,120.47797372925972
2044-11-16 18:00:00+01:00,122.9398736114274
2044-11-16 19:00:00+01:00,120.65791325553113
2044-11-16 20:00:00+01:00,120.11809467671694
2044-11-16 21:00:00+01:00,115.38241350802898
2044-11-16 22:00:00+01:00,109.95969051175933
2044-11-16 23:00:00+01:00,106.29546743132374
2044-11-17 00:00:00+01:00,109.39533472481725
2044-11-17 01:00:00+01:00,108.3484138446928
2044-11-17 02:00:00+01:00,106.31182557007568
2044-11-17 03:00:00+01:00,104.5124303073618
2044-11-17 04:00:00+01:00,104.30795357296248
2044-11-17 05:00:00+01:00,105.35487445308694
2044-11-17 06:00:00+01:00,108.6428603422278
2044-11-17 07:00:00+01:00,109.21539519854586
2044-11-17 08:00:00+01:00,108.68375568910767
2044-11-17 09:00:00+01:00,109.2317533372978
2044-11-17 10:00:00+01:00,107.3423883114482
2044-11-17 11:00:00+01:00,106.32000463945167
2044-11-17 12:00:00+01:00,105.3630535224629
2044-11-17 13:00:00+01:00,104.47153496048192
2044-11-17 14:00:00+01:00,106.2791092925718
2044-11-17 15:00:00+01:00,114.62176005606355
2044-11-17 16:00:00+01:00,121.71301320503156
2044-11-17 17:00:00+01:00,123.42243870460976
2044-11-17 18:00:00+01:00,121.3122388056089
2044-11-17 19:00:00+01:00,121.40220856874461
2044-11-17 20:00:00+01:00,118.36777383025887
2044-11-17 21:00:00+01:00,115.27608560614135
2044-11-17 22:00:00+01:00,113.53394382905924
2044-11-17 23:00:00+01:00,110.6221951312131
2044-11-18 00:00:00+01:00,106.94979298140153
2044-11-18 01:00:00+01:00,105.93558837878096
2044-11-18 02:00:00+01:00,104.59422100112151
2044-11-18 03:00:00+01:00,105.33851631433498
2044-11-18 04:00:00+01:00,106.85982321826583
2044-11-18 05:00:00+01:00,112.06171134138421
2044-11-18 06:00:00+01:00,121.30405973623294
2044-11-18 07:00:00+01:00,136.53348691429338
2044-11-18 08:00:00+01:00,139.48613095901936
2044-11-18 09:00:00+01:00,128.4034919545769
2044-11-18 10:00:00+01:00,123.4387968433617
2044-11-18 11:00:00+01:00,120.42072024362793
2044-11-18 12:00:00+01:00,118.0078947777161
2044-11-18 13:00:00+01:00,121.30405973623294
2044-11-18 14:00:00+01:00,128.2480896364334
2044-11-18 15:00:00+01:00,138.98720772708506
2044-11-18 16:00:00+01:00,132.94287545824153
2044-11-18 17:00:00+01:00,149.4400583895777
2044-11-18 18:00:00+01:00,162.45295776674962
2044-11-18 19:00:00+01:00,154.78099069208758
2044-11-18 20:00:00+01:00,124.65747818038159
2044-11-18 21:00:00+01:00,124.15037587907129
2044-11-18 22:00:00+01:00,122.97258988893128
2044-11-18 23:00:00+01:00,118.3595947608829
2044-11-19 00:00:00+01:00,111.73454856634532
2044-11-19 01:00:00+01:00,109.05999288040239
2044-11-19 02:00:00+01:00,107.1379115770489
2044-11-19 03:00:00+01:00,105.67385815874985
2044-11-19 04:00:00+01:00,107.52232783771959
2044-11-19 05:00:00+01:00,112.08624854951213
2044-11-19 06:00:00+01:00,126.48958972059938
2044-11-19 07:00:00+01:00,137.78488452881714
2044-11-19 08:00:00+01:00,139.76421931780243
2044-11-19 09:00:00+01:00,136.64799388555699
2044-11-19 10:00:00+01:00,128.0517919714101
2044-11-19 11:00:00+01:00,125.95795021116118
2044-11-19 12:00:00+01:00,124.76380608226921
2044-11-19 13:00:00+01:00,127.9291059307705
2044-11-19 14:00:00+01:00,128.37895474644898
2044-11-19 15:00:00+01:00,140.54940997789578
2044-11-19 16:00:00+01:00,140.62302160227955
2044-11-19 17:00:00+01:00,142.14432850621037
2044-11-19 18:00:00+01:00,132.7711150013461
2044-11-19 19:00:00+01:00,126.87400598127007
2044-11-19 20:00:00+01:00,123.04620151331503
2044-11-19 21:00:00+01:00,112.95322990336521
2044-11-19 22:00:00+01:00,112.52791829581466
2044-11-19 23:00:00+01:00,109.80428819361586
2044-11-20 00:00:00+01:00,109.54255797358475
2044-11-20 01:00:00+01:00,106.99886739765736
2044-11-20 02:00:00+01:00,104.5369675154897
2044-11-20 03:00:00+01:00,103.84992568790803
2044-11-20 04:00:00+01:00,101.97691880081037
2044-11-20 05:00:00+01:00,106.2791092925718
2044-11-20 06:00:00+01:00,114.58904377855967
2044-11-20 07:00:00+01:00,125.94159207240922
2044-11-20 08:00:00+01:00,132.501205711939
2044-11-20 09:00:00+01:00,125.91705486428131
2044-11-20 10:00:00+01:00,125.26272931420354
2044-11-20 11:00:00+01:00,123.88864565904018
2044-11-20 12:00:00+01:00,121.38585042999266
2044-11-20 13:00:00+01:00,121.79480389879127
2044-11-20 14:00:00+01:00,124.829238637277
2044-11-20 15:00:00+01:00,130.93900346112832
2044-11-20 16:00:00+01:00,130.40736395169012
2044-11-20 17:00:00+01:00,134.3169591134049
2044-11-20 18:00:00+01:00,132.87744290323377
2044-11-20 19:00:00+01:00,126.1297106680566
2044-11-20 20:00:00+01:00,121.39402949936863
2044-11-20 21:00:00+01:00,113.9592554366098
2044-11-20 22:00:00+01:00,112.95322990336521
2044-11-20 23:00:00+01:00,110.42589746618975
2044-11-21 00:00:00+01:00,105.62478374249402
2044-11-21 01:00:00+01:00,104.59422100112151
2044-11-21 02:00:00+01:00,106.26275115381986
2044-11-21 03:00:00+01:00,105.64932095062194
2044-11-21 04:00:00+01:00,105.55935118748624
2044-11-21 05:00:00+01:00,110.58129978433324
2044-11-21 06:00:00+01:00,121.72937134378348
2044-11-21 07:00:00+01:00,126.93943853627785
2044-11-21 08:00:00+01:00,128.18265708142565
2044-11-21 09:00:00+01:00,123.4387968433617
2044-11-21 10:00:00+01:00,121.30405973623294
2044-11-21 11:00:00+01:00,123.35700614960197
2044-11-21 12:00:00+01:00,122.47366665699698
2044-11-21 13:00:00+01:00,126.1297106680566
2044-11-21 14:00:00+01:00,132.48484757318707
2044-11-21 15:00:00+01:00,136.47623342866154
2044-11-21 16:00:00+01:00,140.3940076597523
2044-11-21 17:00:00+01:00,155.20630229963814
2044-11-21 18:00:00+01:00,146.66735387112305
2044-11-21 19:00:00+01:00,136.15724972299864
2044-11-21 20:00:00+01:00,127.32385479694855
2044-11-21 21:00:00+01:00,118.93212961720096
2044-11-21 22:00:00+01:00,114.41728332166426
2044-11-21 23:00:00+01:00,107.81677433525459
2044-11-22 00:00:00+01:00,108.20936966530127
2044-11-22 01:00:00+01:00,107.07247902204111
2044-11-22 02:00:00+01:00,106.25457208444388
2044-11-22 03:00:00+01:00,106.26275115381986
2044-11-22 04:00:00+01:00,106.54083951260291
2044-11-22 05:00:00+01:00,110.36864398055795
2044-11-22 06:00:00+01:00,120.56794349239541
2044-11-22 07:00:00+01:00,129.04145936590274
2044-11-22 08:00:00+01:00,132.14950572877223
2044-11-22 09:00:00+01:00,130.69363137984914
2044-11-22 10:00:00+01:00,121.83569924567115
2044-11-22 11:00:00+01:00,120.47797372925972
2044-11-22 12:00:00+01:00,116.58473670629691
2044-11-22 13:00:00+01:00,118.53953428715431
2044-11-22 14:00:00+01:00,121.42674577687254
2044-11-22 15:00:00+01:00,124.98464095542047
2044-11-22 16:00:00+01:00,132.9265173194896
2044-11-22 17:00:00+01:00,129.72032212410843
2044-11-22 18:00:00+01:00,126.39144088808771
2044-11-22 19:00:00+01:00,125.95795021116118
2044-11-22 20:00:00+01:00,123.95407821404794
2044-11-22 21:00:00+01:00,123.59419916150517
2044-11-22 22:00:00+01:00,120.16716909297277
2044-11-22 23:00:00+01:00,114.38456704416035
2044-11-23 00:00:00+01:00,118.89941333969708
2044-11-23 01:00:00+01:00,115.42330885490884
2044-11-23 02:00:00+01:00,112.20075552077574
2044-11-23 03:00:00+01:00,111.73454856634532
2044-11-23 04:00:00+01:00,110.63855326996504
2044-11-23 05:00:00+01:00,113.96743450598578
2044-11-23 06:00:00+01:00,122.65360618326838
2044-11-23 07:00:00+01:00,123.77413868777656
2044-11-23 08:00:00+01:00,124.33031540534267
2044-11-23 09:00:00+01:00,123.59419916150517
2044-11-23 10:00:00+01:00,121.08322486308168
2044-11-23 11:00:00+01:00,114.75262516607911
2044-11-23 12:00:00+01:00,111.66911601133756
2044-11-23 13:00:00+01:00,111.98809971700048
2044-11-23 14:00:00+01:00,118.49863894027443
2044-11-23 15:00:00+01:00,127.83913616763479
2044-11-23 16:00:00+01:00,131.85505923123722
2044-11-23 17:00:00+01:00,131.84688016186124
2044-11-23 18:00:00+01:00,129.7285011934844
2044-11-23 19:00:00+01:00,127.75734547387508
2044-11-23 20:00:00+01:00,120.95235975306612
2044-11-23 21:00:00+01:00,118.49045987089846
2044-11-23 22:00:00+01:00,119.79911097105403
2044-11-23 23:00:00+01:00,111.98809971700048
2044-11-24 00:00:00+01:00,111.84905553760895
2044-11-24 01:00:00+01:00,112.83054386272562
2044-11-24 02:00:00+01:00,112.3643369082952
2044-11-24 03:00:00+01:00,111.17019277940324
2044-11-24 04:00:00+01:00,111.48917648506617
2044-11-24 05:00:00+01:00,112.71603689146201
2044-11-24 06:00:00+01:00,114.73626702732717
2044-11-24 07:00:00+01:00,116.1430669599944
2044-11-24 08:00:00+01:00,117.64801572517331
2044-11-24 09:00:00+01:00,115.78318790745163
2044-11-24 10:00:00+01:00,112.82236479334965
2044-11-24 11:00:00+01:00,112.47884387955881
2044-11-24 12:00:00+01:00,111.99627878637645
2044-11-24 13:00:00+01:00,111.16201371002727
2044-11-24 14:00:00+01:00,112.02899506388033
2044-11-24 15:00:00+01:00,113.19860198464437
2044-11-24 16:00:00+01:00,122.04017598007044
2044-11-24 17:00:00+01:00,122.64542711389238
2044-11-24 18:00:00+01:00,126.20332229244033
2044-11-24 19:00:00+01:00,125.87615951740146
2044-11-24 20:00:00+01:00,121.21408997309723
2044-11-24 21:00:00+01:00,116.92007855071178
2044-11-24 22:00:00+01:00,115.77500883807565
2044-11-24 23:00:00+01:00,112.8632601402295
2044-11-25 00:00:00+01:00,113.50940662093133
2044-11-25 01:00:00+01:00,109.28900682292961
2044-11-25 02:00:00+01:00,107.40782086645598
2044-11-25 03:00:00+01:00,111.1538346406513
2044-11-25 04:00:00+01:00,111.38284858317851
2044-11-25 05:00:00+01:00,116.10217161311455
2044-11-25 06:00:00+01:00,124.51025493161407
2044-11-25 07:00:00+01:00,127.52015246197189
2044-11-25 08:00:00+01:00,127.2175268950609
2044-11-25 09:00:00+01:00,125.47538511797882
2044-11-25 10:00:00+01:00,123.34882708022602
2044-11-25 11:00:00+01:00,122.85808291766767
2044-11-25 12:00:00+01:00,121.86023645379906
2044-11-25 13:00:00+01:00,122.36733875510933
2044-11-25 14:00:00+01:00,123.34882708022602
2044-11-25 15:00:00+01:00,125.48356418735477
2044-11-25 16:00:00+01:00,128.08450824891398
2044-11-25 17:00:00+01:00,128.665222174608
2044-11-25 18:00:00+01:00,130.2028872172908
2044-11-25 19:00:00+01:00,126.9557966750298
2044-11-25 20:00:00+01:00,125.07461071855616
2044-11-25 21:00:00+01:00,122.37551782448531
2044-11-25 22:00:00+01:00,120.6333760474032
2044-11-25 23:00:00+01:00,115.28426467551732
2044-11-26 00:00:00+01:00,114.3763879747844
2044-11-26 01:00:00+01:00,112.6015299201984
2044-11-26 02:00:00+01:00,109.4444091410731
2044-11-26 03:00:00+01:00,107.69408829461501
2044-11-26 04:00:00+01:00,107.93946037589419
2044-11-26 05:00:00+01:00,113.50940662093133
2044-11-26 06:00:00+01:00,125.83526417052158
2044-11-26 07:00:00+01:00,131.34795692992694
2044-11-26 08:00:00+01:00,132.33762432441955
2044-11-26 09:00:00+01:00,125.72893626863396
2044-11-26 10:00:00+01:00,123.02984337456309
2044-11-26 11:00:00+01:00,122.04017598007044
2044-11-26 12:00:00+01:00,119.4228737797593
2044-11-26 13:00:00+01:00,123.02984337456309
2044-11-26 14:00:00+01:00,124.2076293647031
2044-11-26 15:00:00+01:00,128.09268731828993
2044-11-26 16:00:00+01:00,132.33762432441955
2044-11-26 17:00:00+01:00,141.43274947050077
2044-11-26 18:00:00+01:00,146.59374224673928
2044-11-26 19:00:00+01:00,143.10945869257512
2044-11-26 20:00:00+01:00,131.34795692992694
2044-11-26 21:00:00+01:00,123.26703638646629
2044-11-26 22:00:00+01:00,121.0505085855778
2044-11-26 23:00:00+01:00,114.60540191731161
2044-11-27 00:00:00+01:00,106.99886739765736
2044-11-27 01:00:00+01:00,103.81720941040413
2044-11-27 02:00:00+01:00,102.60670714276024
2044-11-27 03:00:00+01:00,99.76857006929784
2044-11-27 04:00:00+01:00,103.86628382665997
2044-11-27 05:00:00+01:00,118.38413196901081
2044-11-27 06:00:00+01:00,138.46374728702284
2044-11-27 07:00:00+01:00,167.66302495924398
2044-11-27 08:00:00+01:00,177.64966866730617
2044-11-27 09:00:00+01:00,152.46631405868743
2044-11-27 10:00:00+01:00,148.61397238260446
2044-11-27 11:00:00+01:00,142.1934029224662
2044-11-27 12:00:00+01:00,128.8533407702554
2044-11-27 13:00:00+01:00,126.97215481378174
2044-11-27 14:00:00+01:00,126.94761760565383
2044-11-27 15:00:00+01:00,125.90887579490534
2044-11-27 16:00:00+01:00,128.12540359579384
2044-11-27 17:00:00+01:00,127.58558501697968
2044-11-27 18:00:00+01:00,135.0694334959943
2044-11-27 19:00:00+01:00,128.82880356212746
2044-11-27 20:00:00+01:00,127.40564549070828
2044-11-27 21:00:00+01:00,121.03415044682583
2044-11-27 22:00:00+01:00,114.16373217100912
2044-11-27 23:00:00+01:00,108.83915800725113
2044-11-28 00:00:00+01:00,112.87143920960548
2044-11-28 01:00:00+01:00,112.51973922643867
2044-11-28 02:00:00+01:00,112.74875316896589
2044-11-28 03:00:00+01:00,112.84690200147756
2044-11-28 04:00:00+01:00,112.4870229489348
2044-11-28 05:00:00+01:00,112.85508107085353
2044-11-28 06:00:00+01:00,125.94159207240922
2044-11-28 07:00:00+01:00,126.78403621813437
2044-11-28 08:00:00+01:00,122.20375736758989
2044-11-28 09:00:00+01:00,121.30405973623294
2044-11-28 10:00:00+01:00,122.92351547267545
2044-11-28 11:00:00+01:00,126.7186036631266
2044-11-28 12:00:00+01:00,125.53263860361061
2044-11-28 13:00:00+01:00,126.52230599810326
2044-11-28 14:00:00+01:00,124.232166572831
2044-11-28 15:00:00+01:00,123.88046658966422
2044-11-28 16:00:00+01:00,122.04017598007044
2044-11-28 17:00:00+01:00,127.6019431557316
2044-11-28 18:00:00+01:00,129.99023141351552
2044-11-28 19:00:00+01:00,129.22139889217414
2044-11-28 20:00:00+01:00,124.00315263030379
2044-11-28 21:00:00+01:00,121.69665506627959
2044-11-28 22:00:00+01:00,120.20806443985265
2044-11-28 23:00:00+01:00,113.18224384589243
2044-11-29 00:00:00+01:00,106.0991697663004
2044-11-29 01:00:00+01:00,104.30795357296248
2044-11-29 02:00:00+01:00,100.6355514231509
2044-11-29 03:00:00+01:00,99.99758401182507
2044-11-29 04:00:00+01:00,102.18139553520967
2044-11-29 05:00:00+01:00,108.75736731349141
2044-11-29 06:00:00+01:00,127.64283850261148
2044-11-29 07:00:00+01:00,154.1593814195137
2044-11-29 08:00:00+01:00,170.68110155897776
2044-11-29 09:00:00+01:00,149.6608932627289
2044-11-29 10:00:00+01:00,139.0935356289727
2044-11-29 11:00:00+01:00,133.5972010083193
2044-11-29 12:00:00+01:00,127.47107804571604
2044-11-29 13:00:00+01:00,126.56320134498313
2044-11-29 14:00:00+01:00,128.73065472961576
2044-11-29 15:00:00+01:00,141.37549598486896
2044-11-29 16:00:00+01:00,149.4318793202017
2044-11-29 17:00:00+01:00,148.3440630931974
2044-11-29 18:00:00+01:00,145.7676562397661
2044-11-29 19:00:00+01:00,133.78531960396668
2044-11-29 20:00:00+01:00,121.14865741808947
2044-11-29 21:00:00+01:00,115.15339956550176
2044-11-29 22:00:00+01:00,109.36261844731337
2044-11-29 23:00:00+01:00,106.4017953332114
2044-11-30 00:00:00+01:00,105.3957697999668
2044-11-30 01:00:00+01:00,103.66998616163664
2044-11-30 02:00:00+01:00,100.56193979876716
2044-11-30 03:00:00+01:00,99.9566886649452
2044-11-30 04:00:00+01:00,100.52104445188729
2044-11-30 05:00:00+01:00,103.00748154218289
2044-11-30 06:00:00+01:00,106.40997440258735
2044-11-30 07:00:00+01:00,109.3217231004335
2044-11-30 08:00:00+01:00,115.51327861804452
2044-11-30 09:00:00+01:00,108.09486269403766
2044-11-30 10:00:00+01:00,103.70270243914052
2044-11-30 11:00:00+01:00,100.75005839441452
2044-11-30 12:00:00+01:00,100.16116539934451
2044-11-30 13:00:00+01:00,100.34928399499188
2044-11-30 14:00:00+01:00,104.2098047404508
2044-11-30 15:00:00+01:00,116.55202042879301
2044-11-30 16:00:00+01:00,120.55976442301946
2044-11-30 17:00:00+01:00,126.71042459375062
2044-11-30 18:00:00+01:00,130.80813835111275
2044-11-30 19:00:00+01:00,123.16888755395462
2044-11-30 20:00:00+01:00,116.90372041195982
2044-11-30 21:00:00+01:00,110.89210442062019
2044-11-30 22:00:00+01:00,106.76167438575418
2044-11-30 23:00:00+01:00,104.13619311606706
2044-12-01 00:00:00+01:00,98.62350035666172
2044-12-01 01:00:00+01:00,95.98166094822267
2044-12-01 02:00:00+01:00,92.58734715719416
2044-12-01 03:00:00+01:00,91.58950069332553
2044-12-01 04:00:00+01:00,89.22574964366954
2044-12-01 05:00:00+01:00,90.19905889941025
2044-12-01 06:00:00+01:00,86.82928231650965
2044-12-01 07:00:00+01:00,90.06001472001871
2044-12-01 08:00:00+01:00,95.46637957753642
2044-12-01 09:00:00+01:00,91.71218673396513
2044-12-01 10:00:00+01:00,89.7083147368519
2044-12-01 11:00:00+01:00,88.03978458415357
2044-12-01 12:00:00+01:00,88.69411013423134
2044-12-01 13:00:00+01:00,88.65321478735149
2044-12-01 14:00:00+01:00,91.8103355664768
2044-12-01 15:00:00+01:00,103.62909081475678
2044-12-01 16:00:00+01:00,118.60496684216207
2044-12-01 17:00:00+01:00,120.72334581053889
2044-12-01 18:00:00+01:00,118.60496684216207
2044-12-01 19:00:00+01:00,115.4396669936608
2044-12-01 20:00:00+01:00,116.4375134575294
2044-12-01 21:00:00+01:00,115.25972746738941
2044-12-01 22:00:00+01:00,110.75306024122865
2044-12-01 23:00:00+01:00,108.01307200027793
2044-12-02 00:00:00+01:00,102.21411181271357
2044-12-02 01:00:00+01:00,96.03891443385447
2044-12-02 02:00:00+01:00,94.81205402745863
2044-12-02 03:00:00+01:00,96.36607720889336
2044-12-02 04:00:00+01:00,93.1353448053843
2044-12-02 05:00:00+01:00,101.46163743012411
2044-12-02 06:00:00+01:00,117.5907622395415
2044-12-02 07:00:00+01:00,130.52187092295372
2044-12-02 08:00:00+01:00,132.67296616883445
2044-12-02 09:00:00+01:00,127.19298968693299
2044-12-02 10:00:00+01:00,124.87831305353284
2044-12-02 11:00:00+01:00,123.23432010896238
2044-12-02 12:00:00+01:00,120.49433186801167
2044-12-02 13:00:00+01:00,121.94202714755878
2044-12-02 14:00:00+01:00,125.14004327356395
2044-12-02 15:00:00+01:00,132.37851967129944
2044-12-02 16:00:00+01:00,132.07589410438845
2044-12-02 17:00:00+01:00,135.65832649106432
2044-12-02 18:00:00+01:00,135.35570092415338
2044-12-02 19:00:00+01:00,132.67296616883445
2044-12-02 20:00:00+01:00,127.18481061755702
2044-12-02 21:00:00+01:00,118.63768311966595
2044-12-02 22:00:00+01:00,109.9433323730074
2044-12-02 23:00:00+01:00,95.84261676883114
2044-12-03 00:00:00+01:00,108.81462079912322
2044-12-03 01:00:00+01:00,109.19903705979391
2044-12-03 02:00:00+01:00,109.2072161291699
2044-12-03 03:00:00+01:00,107.08065809141709
2044-12-03 04:00:00+01:00,107.7268045721189
2044-12-03 05:00:00+01:00,111.00661139188381
2044-12-03 06:00:00+01:00,125.71257812988199
2044-12-03 07:00:00+01:00,133.7198870489589
2044-12-03 08:00:00+01:00,137.68673569630548
2044-12-03 09:00:00+01:00,134.4887195703003
2044-12-03 10:00:00+01:00,131.84688016186124
2044-12-03 11:00:00+01:00,128.06815011016204
2044-12-03 12:00:00+01:00,125.05825257980422
2044-12-03 13:00:00+01:00,127.49561525384397
2044-12-03 14:00:00+01:00,133.6544544939511
2044-12-03 15:00:00+01:00,140.54940997789578
2044-12-03 16:00:00+01:00,173.22479213490516
2044-12-03 17:00:00+01:00,190.55624014259047
2044-12-03 18:00:00+01:00,171.7607387166061
2044-12-03 19:00:00+01:00,150.0862048702795
2044-12-03 20:00:00+01:00,136.32083111051807
2044-12-03 21:00:00+01:00,129.84300816474803
2044-12-03 22:00:00+01:00,125.87615951740146
2044-12-03 23:00:00+01:00,120.1589900235968
2044-12-04 00:00:00+01:00,119.33290401662362
2044-12-04 01:00:00+01:00,117.5907622395415
2044-12-04 02:00:00+01:00,115.3169809530212
2044-12-04 03:00:00+01:00,112.55245550394257
2044-12-04 04:00:00+01:00,114.11465775475327
2044-12-04 05:00:00+01:00,120.1917063011007
2044-12-04 06:00:00+01:00,134.67683816594766
2044-12-04 07:00:00+01:00,175.03236646699503
2044-12-04 08:00:00+01:00,203.2501558140995
2044-12-04 09:00:00+01:00,205.38489292122824
2044-12-04 10:00:00+01:00,173.29840375928887
2044-12-04 11:00:00+01:00,165.95359945966578
2044-12-04 12:00:00+01:00,161.56143920476865
2044-12-04 13:00:00+01:00,166.6815366341273
2044-12-04 14:00:00+01:00,198.14641652349275
2044-12-04 15:00:00+01:00,219.4856085254045
2044-12-04 16:00:00+01:00,210.0633206042844
2044-12-04 17:00:00+01:00,225.84074543053498
2044-12-04 18:00:00+01:00,189.96734714752046
2044-12-04 19:00:00+01:00,177.28978961476338
2044-12-04 20:00:00+01:00,150.88775366912478
2044-12-04 21:00:00+01:00,131.42974762368664
2044-12-04 22:00:00+01:00,124.44482237660631
2044-12-04 23:00:00+01:00,117.66437386392525
2044-12-05 00:00:00+01:00,108.0539673471578
2044-12-05 01:00:00+01:00,104.52878844611374
2044-12-05 02:00:00+01:00,102.75393039152775
2044-12-05 03:00:00+01:00,101.85423276017079
2044-12-05 04:00:00+01:00,101.79697927453898
2044-12-05 05:00:00+01:00,107.80041619650265
2044-12-05 06:00:00+01:00,121.41038763812057
2044-12-05 07:00:00+01:00,130.0802011766512
2044-12-05 08:00:00+01:00,133.70352891020696
2044-12-05 09:00:00+01:00,135.8464450867117
2044-12-05 10:00:00+01:00,131.87141736998916
2044-12-05 11:00:00+01:00,128.57525241147232
2044-12-05 12:00:00+01:00,123.36518521897794
2044-12-05 13:00:00+01:00,124.49389679286213
2044-12-05 14:00:00+01:00,128.26444777518537
2044-12-05 15:00:00+01:00,125.53263860361061
2044-12-05 16:00:00+01:00,125.40177349359506
2044-12-05 17:00:00+01:00,125.07461071855616
2044-12-05 18:00:00+01:00,130.86539183674455
2044-12-05 19:00:00+01:00,127.12755713192522
2044-12-05 20:00:00+01:00,130.86539183674455
2044-12-05 21:00:00+01:00,124.48571772348615
2044-12-05 22:00:00+01:00,120.2162435092286
2044-12-05 23:00:00+01:00,113.41943685779563
2044-12-06 00:00:00+01:00,108.95366497851475
2044-12-06 01:00:00+01:00,105.3957697999668
2044-12-06 02:00:00+01:00,103.83356754915609
2044-12-06 03:00:00+01:00,103.4164350109815
2044-12-06 04:00:00+01:00,104.01350707542747
2044-12-06 05:00:00+01:00,108.96184404789072
2044-12-06 06:00:00+01:00,120.16716909297277
2044-12-06 07:00:00+01:00,127.02940829941355
2044-12-06 08:00:00+01:00,129.96569420538762
2044-12-06 09:00:00+01:00,125.85980137864951
2044-12-06 10:00:00+01:00,123.38972242710585
2044-12-06 11:00:00+01:00,120.993255099946
2044-12-06 12:00:00+01:00,112.06171134138421
2044-12-06 13:00:00+01:00,120.993255099946
2044-12-06 14:00:00+01:00,124.33031540534267
2044-12-06 15:00:00+01:00,125.30362466108338
2044-12-06 16:00:00+01:00,124.32213633596672
2044-12-06 17:00:00+01:00,127.88003151451466
2044-12-06 18:00:00+01:00,132.03499875750862
2044-12-06 19:00:00+01:00,128.18265708142565
2044-12-06 20:00:00+01:00,124.33031540534267
2044-12-06 21:00:00+01:00,118.3923110383868
2044-12-06 22:00:00+01:00,120.58430163114738
2044-12-06 23:00:00+01:00,112.00445785575242
2044-12-07 00:00:00+01:00,111.74272763572131
2044-12-07 01:00:00+01:00,109.30536496168156
2044-12-07 02:00:00+01:00,107.7268045721189
2044-12-07 03:00:00+01:00,107.1624487851768
2044-12-07 04:00:00+01:00,106.82710694076195
2044-12-07 05:00:00+01:00,106.9252557732736
2044-12-07 06:00:00+01:00,107.7268045721189
2044-12-07 07:00:00+01:00,110.39318118868587
2044-12-07 08:00:00+01:00,111.88177181511283
2044-12-07 09:00:00+01:00,113.91836008972994
2044-12-07 10:00:00+01:00,111.99627878637645
2044-12-07 11:00:00+01:00,111.84087646823298
2044-12-07 12:00:00+01:00,110.9738951143799
2044-12-07 13:00:00+01:00,111.79998112135311
2044-12-07 14:00:00+01:00,112.02081599450436
2044-12-07 15:00:00+01:00,116.06127626623467
2044-12-07 16:00:00+01:00,116.07763440498664
2044-12-07 17:00:00+01:00,116.96915296696761
2044-12-07 18:00:00+01:00,116.06127626623467
2044-12-07 19:00:00+01:00,115.06342980236606
2044-12-07 20:00:00+01:00,111.79180205197713
2044-12-07 21:00:00+01:00,109.83700447111976
2044-12-07 22:00:00+01:00,111.03932766938769
2044-12-07 23:00:00+01:00,106.58173485948278
2044-12-08 00:00:00+01:00,109.67342308360031
2044-12-08 01:00:00+01:00,107.89038595963835
2044-12-08 02:00:00+01:00,98.14911433285533
2044-12-08 03:00:00+01:00,89.95368681813108
2044-12-08 04:00:00+01:00,88.96401942363843
2044-12-08 05:00:00+01:00,98.41084455288645
2044-12-08 06:00:00+01:00,108.38930919157266
2044-12-08 07:00:00+01:00,108.75736731349141
2044-12-08 08:00:00+01:00,112.02899506388033
2044-12-08 09:00:00+01:00,112.22529272890367
2044-12-08 10:00:00+01:00,112.421590393927
2044-12-08 11:00:00+01:00,111.34195323629865
2044-12-08 12:00:00+01:00,109.77975098548795
2044-12-08 13:00:00+01:00,110.40953932743781
2044-12-08 14:00:00+01:00,112.87143920960548
2044-12-08 15:00:00+01:00,115.81590418495551
2044-12-08 16:00:00+01:00,123.11163406832281
2044-12-08 17:00:00+01:00,125.93341300303325
2044-12-08 18:00:00+01:00,123.34882708022602
2044-12-08 19:00:00+01:00,122.60453176701253
2044-12-08 20:00:00+01:00,114.4336414604162
2044-12-08 21:00:00+01:00,112.35615783891922
2044-12-08 22:00:00+01:00,112.47066481018283
2044-12-08 23:00:00+01:00,109.68978122235225
2044-12-09 00:00:00+01:00,107.53050690709557
2044-12-09 01:00:00+01:00,101.20808627946897
2044-12-09 02:00:00+01:00,97.50296785215352
2044-12-09 03:00:00+01:00,97.37210274213797
2044-12-09 04:00:00+01:00,96.51330045766088
2044-12-09 05:00:00+01:00,111.18655091815519
2044-12-09 06:00:00+01:00,120.60065976989931
2044-12-09 07:00:00+01:00,127.6019431557316
2044-12-09 08:00:00+01:00,130.53822906170566
2044-12-09 09:00:00+01:00,128.370775677073
2044-12-09 10:00:00+01:00,127.35657107445245
2044-12-09 11:00:00+01:00,127.36475014382842
2044-12-09 12:00:00+01:00,126.63681296936687
2044-12-09 13:00:00+01:00,126.68588738562269
2044-12-09 14:00:00+01:00,127.36475014382842
2044-12-09 15:00:00+01:00,137.51497523941003
2044-12-09 16:00:00+01:00,142.30790989372983
2044-12-09 17:00:00+01:00,140.61484253290354
2044-12-09 18:00:00+01:00,132.46031036505914
2044-12-09 19:00:00+01:00,133.29457544140834
2044-12-09 20:00:00+01:00,127.75734547387508
2044-12-09 21:00:00+01:00,123.84775031216031
2044-12-09 22:00:00+01:00,121.00961323869792
2044-12-09 23:00:00+01:00,118.67857846654582
2044-12-10 00:00:00+01:00,113.32128802528396
2044-12-10 01:00:00+01:00,108.07032548590973
2044-12-10 02:00:00+01:00,111.75090670509728
2044-12-10 03:00:00+01:00,111.79180205197713
2044-12-10 04:00:00+01:00,109.71431843048018
2044-12-10 05:00:00+01:00,117.63165758642137
2044-12-10 06:00:00+01:00,127.0703036462934
2044-12-10 07:00:00+01:00,151.23945365229156
2044-12-10 08:00:00+01:00,158.57607888253875
2044-12-10 09:00:00+01:00,146.32383295733223
2044-12-10 10:00:00+01:00,146.30747481858026
2044-12-10 11:00:00+01:00,142.56964011376095
2044-12-10 12:00:00+01:00,142.44695407312133
2044-12-10 13:00:00+01:00,146.397444581716
2044-12-10 14:00:00+01:00,154.71555813707982
2044-12-10 15:00:00+01:00,160.9234717934428
2044-12-10 16:00:00+01:00,167.13138544980578
2044-12-10 17:00:00+01:00,176.34919663652656
2044-12-10 18:00:00+01:00,164.77581346952576
2044-12-10 19:00:00+01:00,158.36342307876345
2044-12-10 20:00:00+01:00,144.21363305833137
2044-12-10 21:00:00+01:00,132.4521312956832
2044-12-10 22:00:00+01:00,126.91490132814994
2044-12-10 23:00:00+01:00,121.10776207120959
2044-12-11 00:00:00+01:00,114.31913448915259
2044-12-11 01:00:00+01:00,111.3910276525545
2044-12-11 02:00:00+01:00,108.70829289723558
2044-12-11 03:00:00+01:00,107.07247902204111
2044-12-11 04:00:00+01:00,111.27652068129089
2044-12-11 05:00:00+01:00,117.67255293330122
2044-12-11 06:00:00+01:00,146.10299808418097
2044-12-11 07:00:00+01:00,201.90060936706405
2044-12-11 08:00:00+01:00,241.34008189800255
2044-12-11 09:00:00+01:00,207.21700446144604
2044-12-11 10:00:00+01:00,262.4339018186351
2044-12-11 11:00:00+01:00,212.1326251564054
2044-12-11 12:00:00+01:00,210.4559159343311
2044-12-11 13:00:00+01:00,223.9432013353094
2044-12-11 14:00:00+01:00,214.25918319415823
2044-12-11 15:00:00+01:00,198.48175836790762
2044-12-11 16:00:00+01:00,211.22474845567248
2044-12-11 17:00:00+01:00,225.40725475360847
2044-12-11 18:00:00+01:00,242.2561376681114
2044-12-11 19:00:00+01:00,215.3224622130346
2044-12-11 20:00:00+01:00,176.92991056222058
2044-12-11 21:00:00+01:00,156.13053713912302
2044-12-11 22:00:00+01:00,132.89380104198568
2044-12-11 23:00:00+01:00,122.47366665699698
2044-12-12 00:00:00+01:00,112.62606712832633
2044-12-12 01:00:00+01:00,107.83313247400655
2044-12-12 02:00:00+01:00,105.1013233024318
2044-12-12 03:00:00+01:00,104.2425210179547
2044-12-12 04:00:00+01:00,108.16029524904543
2044-12-12 05:00:00+01:00,116.57655763692094
2044-12-12 06:00:00+01:00,149.27647700205821
2044-12-12 07:00:00+01:00,170.10038763328373
2044-12-12 08:00:00+01:00,191.30053545580392
2044-12-12 09:00:00+01:00,182.38534983599413
2044-12-12 10:00:00+01:00,168.66905049248857
2044-12-12 11:00:00+01:00,163.96608560130448
2044-12-12 12:00:00+01:00,159.5003137220236
2044-12-12 13:00:00+01:00,158.0853347199804
2044-12-12 14:00:00+01:00,165.1438715914445
2044-12-12 15:00:00+01:00,172.81583866610652
2044-12-12 16:00:00+01:00,184.495549734995
2044-12-12 17:00:00+01:00,229.75851966162574
2044-12-12 18:00:00+01:00,233.7171892395963
2044-12-12 19:00:00+01:00,208.0021951215394
2044-12-12 20:00:00+01:00,170.6974596977297
2044-12-12 21:00:00+01:00,148.08233287316625
2044-12-12 22:00:00+01:00,130.29285698042648
2044-12-12 23:00:00+01:00,123.3815433577299
2044-12-13 00:00:00+01:00,120.24078071735653
2044-12-13 01:00:00+01:00,115.97130650309899
2044-12-13 02:00:00+01:00,112.92051362586132
2044-12-13 03:00:00+01:00,112.29890435328741
2044-12-13 04:00:00+01:00,113.93471822848188
2044-12-13 05:00:00+01:00,117.42718085202205
2044-12-13 06:00:00+01:00,143.87011214454054
2044-12-13 07:00:00+01:00,207.01252772704674
2044-12-13 08:00:00+01:00,267.90569923116055
2044-12-13 09:00:00+01:00,221.2032130943587
2044-12-13 10:00:00+01:00,182.37717076661815
2044-12-13 11:00:00+01:00,166.72243198100716
2044-12-13 12:00:00+01:00,158.97685328196138
2044-12-13 13:00:00+01:00,160.17917648022933
2044-12-13 14:00:00+01:00,168.08015749741855
2044-12-13 15:00:00+01:00,184.74910088565014
2044-12-13 16:00:00+01:00,211.76456703448665
2044-12-13 17:00:00+01:00,250.90141399851416
2044-12-13 18:00:00+01:00,245.5686607653802
2044-12-13 19:00:00+01:00,209.40081598483067
2044-12-13 20:00:00+01:00,160.6780997121636
2044-12-13 21:00:00+01:00,140.94200530794245
2044-12-13 22:00:00+01:00,128.50164078708855
2044-12-13 23:00:00+01:00,119.82364817918194
2044-12-14 00:00:00+01:00,113.1004531521327
2044-12-14 01:00:00+01:00,109.40351379419322
2044-12-14 02:00:00+01:00,105.25672562057527
2044-12-14 03:00:00+01:00,107.86584875151043
2044-12-14 04:00:00+01:00,107.4896115602157
2044-12-14 05:00:00+01:00,110.0005858586392
2044-12-14 06:00:00+01:00,113.11681129088466
2044-12-14 07:00:00+01:00,110.01694399739114
2044-12-14 08:00:00+01:00,113.71388335533064
2044-12-14 09:00:00+01:00,113.78749497971438
2044-12-14 10:00:00+01:00,113.11681129088466
2044-12-14 11:00:00+01:00,113.18224384589243
2044-12-14 12:00:00+01:00,114.67901354169535
2044-12-14 13:00:00+01:00,112.44612760205491
2044-12-14 14:00:00+01:00,115.14522049612579
2044-12-14 15:00:00+01:00,117.7134482801811
2044-12-14 16:00:00+01:00,121.01779230807391
2044-12-14 17:00:00+01:00,121.86841552317503
2044-12-14 18:00:00+01:00,121.86023645379906
2044-12-14 19:00:00+01:00,116.88736227320788
2044-12-14 20:00:00+01:00,114.80987865171092
2044-12-14 21:00:00+01:00,112.55245550394257
2044-12-14 22:00:00+01:00,111.54642997069797
2044-12-14 23:00:00+01:00,107.38328365832805
2044-12-15 00:00:00+01:00,94.97563541497807
2044-12-15 01:00:00+01:00,94.97563541497807
2044-12-15 02:00:00+01:00,95.13103773312156
2044-12-15 03:00:00+01:00,98.40266548351048
2044-12-15 04:00:00+01:00,98.55806780165395
2044-12-15 05:00:00+01:00,98.3045166509988
2044-12-15 06:00:00+01:00,95.13103773312156
2044-12-15 07:00:00+01:00,92.6037052959461
2044-12-15 08:00:00+01:00,94.64847263993919
2044-12-15 09:00:00+01:00,99.73585379179396
2044-12-15 10:00:00+01:00,102.92569084842316
2044-12-15 11:00:00+01:00,98.59896314853381
2044-12-15 12:00:00+01:00,99.35143753112325
2044-12-15 13:00:00+01:00,95.62996096505586
2044-12-15 14:00:00+01:00,96.68506091455629
2044-12-15 15:00:00+01:00,98.63167942603769
2044-12-15 16:00:00+01:00,103.49822570474122
2044-12-15 17:00:00+01:00,104.43063961360205
2044-12-15 18:00:00+01:00,97.65019110092102
2044-12-15 19:00:00+01:00,98.60714221790978
2044-12-15 20:00:00+01:00,94.9674563456021
2044-12-15 21:00:00+01:00,106.90889763452167
2044-12-15 22:00:00+01:00,106.99886739765736
2044-12-15 23:00:00+01:00,99.49048171051479
2044-12-16 00:00:00+01:00,95.86715397695906
2044-12-16 01:00:00+01:00,93.58519362106279
2044-12-16 02:00:00+01:00,92.03934950900401
2044-12-16 03:00:00+01:00,91.85940998273263
2044-12-16 04:00:00+01:00,92.30925879841111
2044-12-16 05:00:00+01:00,95.37640981440072
2044-12-16 06:00:00+01:00,107.23606040956057
2044-12-16 07:00:00+01:00,114.8753112067187
2044-12-16 08:00:00+01:00,116.55202042879301
2044-12-16 09:00:00+01:00,113.86110660409813
2044-12-16 10:00:00+01:00,112.74875316896589
2044-12-16 11:00:00+01:00,111.48917648506617
2044-12-16 12:00:00+01:00,108.95366497851475
2044-12-16 13:00:00+01:00,109.81246726299185
2044-12-16 14:00:00+01:00,109.95151144238336
2044-12-16 15:00:00+01:00,114.490894946048
2044-12-16 16:00:00+01:00,120.55976442301946
2044-12-16 17:00:00+01:00,120.98507603057001
2044-12-16 18:00:00+01:00,121.08322486308168
2044-12-16 19:00:00+01:00,117.67255293330122
2044-12-16 20:00:00+01:00,113.17406477651645
2044-12-16 21:00:00+01:00,108.94548590913878
2044-12-16 22:00:00+01:00,109.47712541857697
2044-12-16 23:00:00+01:00,105.37123259183888
2044-12-17 00:00:00+01:00,102.07506763332204
2044-12-17 01:00:00+01:00,101.33895138948452
2044-12-17 02:00:00+01:00,105.1258605105597
2044-12-17 03:00:00+01:00,104.65965355612929
2044-12-17 04:00:00+01:00,104.63511634800136
2044-12-17 05:00:00+01:00,102.95840712592704
2044-12-17 06:00:00+01:00,108.45474174658042
2044-12-17 07:00:00+01:00,116.10217161311455
2044-12-17 08:00:00+01:00,119.61917144478264
2044-12-17 09:00:00+01:00,114.17191124038509
2044-12-17 10:00:00+01:00,108.50381616283627
2044-12-17 11:00:00+01:00,106.49994416572305
2044-12-17 12:00:00+01:00,108.92094870101087
2044-12-17 13:00:00+01:00,111.43192299943436
2044-12-17 14:00:00+01:00,117.18998784011887
2044-12-17 15:00:00+01:00,117.2390622563747
2044-12-17 16:00:00+01:00,126.44869437371952
2044-12-17 17:00:00+01:00,126.84946877314216
2044-12-17 18:00:00+01:00,124.66565724975754
2044-12-17 19:00:00+01:00,119.85636445668584
2044-12-17 20:00:00+01:00,120.82149464305057
2044-12-17 21:00:00+01:00,113.7547787022105
2044-12-17 22:00:00+01:00,109.52619983483281
2044-12-17 23:00:00+01:00,99.79310727742576
2044-12-18 00:00:00+01:00,102.78664666903163
2044-12-18 01:00:00+01:00,100.66008863127882
2044-12-18 02:00:00+01:00,96.16977954387004
2044-12-18 03:00:00+01:00,96.00619815635058
2044-12-18 04:00:00+01:00,95.69539352006365
2044-12-18 05:00:00+01:00,105.64932095062194
2044-12-18 06:00:00+01:00,114.56450657043175
2044-12-18 07:00:00+01:00,114.04922519974549
2044-12-18 08:00:00+01:00,115.15339956550176
2044-12-18 09:00:00+01:00,113.52576475968327
2044-12-18 10:00:00+01:00,114.22916472601688
2044-12-18 11:00:00+01:00,112.3070834226634
2044-12-18 12:00:00+01:00,111.08840208564351
2044-12-18 13:00:00+01:00,112.73239503021395
2044-12-18 14:00:00+01:00,116.36390183314566
2044-12-18 15:00:00+01:00,120.12627374609292
2044-12-18 16:00:00+01:00,117.70526921080511
2044-12-18 17:00:00+01:00,125.77801068488978
2044-12-18 18:00:00+01:00,135.76465439295197
2044-12-18 19:00:00+01:00,127.22570596443687
2044-12-18 20:00:00+01:00,121.68847599690363
2044-12-18 21:00:00+01:00,113.5748391759391
2044-12-18 22:00:00+01:00,112.06171134138421
2044-12-18 23:00:00+01:00,104.74962331926497
2044-12-19 00:00:00+01:00,97.17580507711463
2044-12-19 01:00:00+01:00,93.74059593920626
2044-12-19 02:00:00+01:00,92.7509285447136
2044-12-19 03:00:00+01:00,92.52191460218637
2044-12-19 04:00:00+01:00,93.1108075972564
2044-12-19 05:00:00+01:00,99.27782590673951
2044-12-19 06:00:00+01:00,111.19472998753116
2044-12-19 07:00:00+01:00,121.88477366192697
2044-12-19 08:00:00+01:00,120.09355746858901
2044-12-19 09:00:00+01:00,115.30062281426926
2044-12-19 10:00:00+01:00,114.80169958233495
2044-12-19 11:00:00+01:00,111.22744626503504
2044-12-19 12:00:00+01:00,107.02340460578529
2044-12-19 13:00:00+01:00,106.89253949576973
2044-12-19 14:00:00+01:00,111.11293929377143
2044-12-19 15:00:00+01:00,117.3862855051422
2044-12-19 16:00:00+01:00,120.78059929617069
2044-12-19 17:00:00+01:00,116.06127626623467
2044-12-19 18:00:00+01:00,114.76080423545508
2044-12-19 19:00:00+01:00,113.28857174778007
2044-12-19 20:00:00+01:00,108.04578827778181
2044-12-19 21:00:00+01:00,105.51845584060638
2044-12-19 22:00:00+01:00,100.55376072939119
2044-12-19 23:00:00+01:00,94.56668194617946
2044-12-20 00:00:00+01:00,91.18872629390289
2044-12-20 01:00:00+01:00,84.79269404189256
2044-12-20 02:00:00+01:00,80.26148960760389
2044-12-20 03:00:00+01:00,71.8697644278563
2044-12-20 04:00:00+01:00,71.97609232974395
2044-12-20 05:00:00+01:00,86.69023813711813
2044-12-20 06:00:00+01:00,97.52750506028143
2044-12-20 07:00:00+01:00,112.13532296576798
2044-12-20 08:00:00+01:00,113.85292753472217
2044-12-20 09:00:00+01:00,110.33592770305407
2044-12-20 10:00:00+01:00,108.47109988533238
2044-12-20 11:00:00+01:00,107.74316271087085
2044-12-20 12:00:00+01:00,102.48402110212065
2044-12-20 13:00:00+01:00,98.90158871544479
2044-12-20 14:00:00+01:00,103.69452336976455
2044-12-20 15:00:00+01:00,107.47325342146375
2044-12-20 16:00:00+01:00,110.33592770305407
2044-12-20 17:00:00+01:00,111.04750673876366
2044-12-20 18:00:00+01:00,110.58947885370921
2044-12-20 19:00:00+01:00,110.37682304993393
2044-12-20 20:00:00+01:00,107.61229760085529
2044-12-20 21:00:00+01:00,105.94376744815693
2044-12-20 22:00:00+01:00,104.74962331926497
2044-12-20 23:00:00+01:00,96.29246558450961
2044-12-21 00:00:00+01:00,99.97304680369714
2044-12-21 01:00:00+01:00,91.02514490638345
2044-12-21 02:00:00+01:00,81.5292453608796
2044-12-21 03:00:00+01:00,75.20682473325301
2044-12-21 04:00:00+01:00,74.78151312570245
2044-12-21 05:00:00+01:00,83.78666850864796
2044-12-21 06:00:00+01:00,98.6562166341656
2044-12-21 07:00:00+01:00,106.08281162754847
2044-12-21 08:00:00+01:00,108.50381616283627
2044-12-21 09:00:00+01:00,109.5834533204646
2044-12-21 10:00:00+01:00,101.67429323389939
2044-12-21 11:00:00+01:00,90.8043100332322
2044-12-21 12:00:00+01:00,85.93776375452867
2044-12-21 13:00:00+01:00,86.65752185961423
2044-12-21 14:00:00+01:00,97.53568412965741
2044-12-21 15:00:00+01:00,108.16029524904543
2044-12-21 16:00:00+01:00,110.00876492801518
2044-12-21 17:00:00+01:00,110.02512306676712
2044-12-21 18:00:00+01:00,111.01479046125976
2044-12-21 19:00:00+01:00,110.02512306676712
2044-12-21 20:00:00+01:00,110.02512306676712
2044-12-21 21:00:00+01:00,108.20119059592528
2044-12-21 22:00:00+01:00,103.26921176221398
2044-12-21 23:00:00+01:00,96.02255629510253
2044-12-22 00:00:00+01:00,103.20377920720621
2044-12-22 01:00:00+01:00,89.54473334933246
2044-12-22 02:00:00+01:00,83.86845920240768
2044-12-22 03:00:00+01:00,80.15516170571625
2044-12-22 04:00:00+01:00,80.93217329643363
2044-12-22 05:00:00+01:00,82.07724300906975
2044-12-22 06:00:00+01:00,88.86587059112675
2044-12-22 07:00:00+01:00,98.07550270847157
2044-12-22 08:00:00+01:00,102.8193629465355
2044-12-22 09:00:00+01:00,97.14308879961074
2044-12-22 10:00:00+01:00,90.13362634440247
2044-12-22 11:00:00+01:00,80.52321982763502
2044-12-22 12:00:00+01:00,86.6411637208623
2044-12-22 13:00:00+01:00,78.93648036869638
2044-12-22 14:00:00+01:00,87.60629390722703
2044-12-22 15:00:00+01:00,102.75393039152775
2044-12-22 16:00:00+01:00,108.9945603253946
2044-12-22 17:00:00+01:00,111.79180205197713
2044-12-22 18:00:00+01:00,111.24380440378698
2044-12-22 19:00:00+01:00,110.51586722932545
2044-12-22 20:00:00+01:00,111.01479046125976
2044-12-22 21:00:00+01:00,105.88651396252513
2044-12-22 22:00:00+01:00,98.08368177784756
2044-12-22 23:00:00+01:00,84.73544055626074
2044-12-23 00:00:00+01:00,70.85555982523573
2044-12-23 01:00:00+01:00,63.281741583085385
2044-12-23 02:00:00+01:00,53.237844389391384
2044-12-23 03:00:00+01:00,50.203409650905655
2044-12-23 04:00:00+01:00,47.250765606179655
2044-12-23 05:00:00+01:00,72.31961324353479
2044-12-23 06:00:00+01:00,96.00619815635058
2044-12-23 07:00:00+01:00,113.40307871904368
2044-12-23 08:00:00+01:00,114.16373217100912
2044-12-23 09:00:00+01:00,116.15124602937038
2044-12-23 10:00:00+01:00,105.42848607747068
2044-12-23 11:00:00+01:00,96.9795074120913
2044-12-23 12:00:00+01:00,96.40697255577322
2044-12-23 13:00:00+01:00,95.92440746259086
2044-12-23 14:00:00+01:00,101.3471304588605
2044-12-23 15:00:00+01:00,113.01866245837297
2044-12-23 16:00:00+01:00,116.15124602937038
2044-12-23 17:00:00+01:00,115.70957628306788
2044-12-23 18:00:00+01:00,115.62778558930815
2044-12-23 19:00:00+01:00,115.12886235737383
2044-12-23 20:00:00+01:00,114.26188100352078
2044-12-23 21:00:00+01:00,108.70011382785961
2044-12-23 22:00:00+01:00,104.12801404669109
2044-12-23 23:00:00+01:00,97.60111668466519
2044-12-24 00:00:00+01:00,86.65752185961423
2044-12-24 01:00:00+01:00,80.89127794955375
2044-12-24 02:00:00+01:00,78.38030365113026
2044-12-24 03:00:00+01:00,73.97178525748119
2044-12-24 04:00:00+01:00,72.63041787982174
2044-12-24 05:00:00+01:00,79.06734547871194
2044-12-24 06:00:00+01:00,86.51847768022272
2044-12-24 07:00:00+01:00,101.76426299703509
2044-12-24 08:00:00+01:00,109.59981145921657
2044-12-24 09:00:00+01:00,109.56709518171266
2044-12-24 10:00:00+01:00,104.72508611113706
2044-12-24 11:00:00+01:00,102.12414204957787
2044-12-24 12:00:00+01:00,98.79526081355714
2044-12-24 13:00:00+01:00,97.46207250527365
2044-12-24 14:00:00+01:00,98.54988873227796
2044-12-24 15:00:00+01:00,104.32431171171442
2044-12-24 16:00:00+01:00,112.47066481018283
2044-12-24 17:00:00+01:00,115.12068328799788
2044-12-24 18:00:00+01:00,114.0165089222416
2044-12-24 19:00:00+01:00,112.15168110451992
2044-12-24 20:00:00+01:00,101.76426299703509
2044-12-24 21:00:00+01:00,97.99371201471186
2044-12-24 22:00:00+01:00,95.63814003443183
2044-12-24 23:00:00+01:00,86.6657009289902
2044-12-25 00:00:00+01:00,92.33379600653902
2044-12-25 01:00:00+01:00,85.85597306076895
2044-12-25 02:00:00+01:00,82.26536160471711
2044-12-25 03:00:00+01:00,77.25977114662206
2044-12-25 04:00:00+01:00,72.26235975790297
2044-12-25 05:00:00+01:00,72.50773183918214
2044-12-25 06:00:00+01:00,72.95758065486062
2044-12-25 07:00:00+01:00,83.45950573360906
2044-12-25 08:00:00+01:00,90.55893795195303
2044-12-25 09:00:00+01:00,89.97004495688303
2044-12-25 10:00:00+01:00,91.36866582017429
2044-12-25 11:00:00+01:00,90.07637285877067
2044-12-25 12:00:00+01:00,89.57744962683635
2044-12-25 13:00:00+01:00,87.40999624220369
2044-12-25 14:00:00+01:00,90.01094030376288
2044-12-25 15:00:00+01:00,98.20636781848714
2044-12-25 16:00:00+01:00,105.927409309405
2044-12-25 17:00:00+01:00,112.46248574080687
2044-12-25 18:00:00+01:00,112.84690200147756
2044-12-25 19:00:00+01:00,110.70398582497282
2044-12-25 20:00:00+01:00,107.50596969896765
2044-12-25 21:00:00+01:00,104.29159543421054
2044-12-25 22:00:00+01:00,103.89082103478789
2044-12-25 23:00:00+01:00,97.37210274213797
2044-12-26 00:00:00+01:00,99.17149800485187
2044-12-26 01:00:00+01:00,96.82410509394782
2044-12-26 02:00:00+01:00,94.7629796112028
2044-12-26 03:00:00+01:00,93.01265876474471
2044-12-26 04:00:00+01:00,91.73672394209304
2044-12-26 05:00:00+01:00,94.68118891744307
2044-12-26 06:00:00+01:00,100.38200027249576
2044-12-26 07:00:00+01:00,104.19344660169887
2044-12-26 08:00:00+01:00,112.04535320263227
2044-12-26 09:00:00+01:00,112.84690200147756
2044-12-26 10:00:00+01:00,106.99886739765736
2044-12-26 11:00:00+01:00,104.08711869981121
2044-12-26 12:00:00+01:00,103.37553966410164
2044-12-26 13:00:00+01:00,101.54342812388383
2044-12-26 14:00:00+01:00,103.27739083158997
2044-12-26 15:00:00+01:00,115.13704142674982
2044-12-26 16:00:00+01:00,119.3656202941275
2044-12-26 17:00:00+01:00,123.01348523581115
2044-12-26 18:00:00+01:00,121.8438783150471
2044-12-26 19:00:00+01:00,122.00745970256654
2044-12-26 20:00:00+01:00,119.39833657163138
2044-12-26 21:00:00+01:00,116.15942509874634
2044-12-26 22:00:00+01:00,115.84862046245941
2044-12-26 23:00:00+01:00,110.75306024122865
2044-12-27 00:00:00+01:00,106.51630230447499
2044-12-27 01:00:00+01:00,104.4224605442261
2044-12-27 02:00:00+01:00,101.54342812388383
2044-12-27 03:00:00+01:00,99.60498868177841
2044-12-27 04:00:00+01:00,99.56409333489853
2044-12-27 05:00:00+01:00,104.152551254819
2044-12-27 06:00:00+01:00,107.88220689026237
2044-12-27 07:00:00+01:00,119.12842728222431
2044-12-27 08:00:00+01:00,126.00702462741701
2044-12-27 09:00:00+01:00,122.84990384829169
2044-12-27 10:00:00+01:00,115.5868902424283
2044-12-27 11:00:00+01:00,111.44010206881033
2044-12-27 12:00:00+01:00,110.3277486336781
2044-12-27 13:00:00+01:00,107.89038595963835
2044-12-27 14:00:00+01:00,113.99197171411367
2044-12-27 15:00:00+01:00,120.3961830355
2044-12-27 16:00:00+01:00,138.1447635813599
2044-12-27 17:00:00+01:00,145.4650306728551
2044-12-27 18:00:00+01:00,147.1499189643054
2044-12-27 19:00:00+01:00,137.1142008399874
2044-12-27 20:00:00+01:00,123.93772007529603
2044-12-27 21:00:00+01:00,117.54168782328567
2044-12-27 22:00:00+01:00,117.5335087539097
2044-12-27 23:00:00+01:00,111.75090670509728
2044-12-28 00:00:00+01:00,112.8632601402295
2044-12-28 01:00:00+01:00,107.97217665339807
2044-12-28 02:00:00+01:00,103.81720941040413
2044-12-28 03:00:00+01:00,101.66611416452342
2044-12-28 04:00:00+01:00,100.54558166001522
2044-12-28 05:00:00+01:00,101.89512810705065
2044-12-28 06:00:00+01:00,106.05827441942056
2044-12-28 07:00:00+01:00,111.07204394689157
2044-12-28 08:00:00+01:00,116.31482741688981
2044-12-28 09:00:00+01:00,116.97733203634358
2044-12-28 10:00:00+01:00,110.57312071495727
2044-12-28 11:00:00+01:00,103.99714893667553
2044-12-28 12:00:00+01:00,102.15685832708175
2044-12-28 13:00:00+01:00,100.905460712558
2044-12-28 14:00:00+01:00,106.05009535004459
2044-12-28 15:00:00+01:00,116.30664834751386
2044-12-28 16:00:00+01:00,124.31395726659075
2044-12-28 17:00:00+01:00,128.64068496648008
2044-12-28 18:00:00+01:00,129.27865237780594
2044-12-28 19:00:00+01:00,125.49174325673076
2044-12-28 20:00:00+01:00,119.23475518411195
2044-12-28 21:00:00+01:00,113.42761592717159
2044-12-28 22:00:00+01:00,112.16803924327186
2044-12-28 23:00:00+01:00,107.0479418139132
2044-12-29 00:00:00+01:00,108.57742778722002
2044-12-29 01:00:00+01:00,103.06473502781468
2044-12-29 02:00:00+01:00,98.78708174418117
2044-12-29 03:00:00+01:00,91.7776192889729
2044-12-29 04:00:00+01:00,88.28515666543272
2044-12-29 05:00:00+01:00,88.35876828981648
2044-12-29 06:00:00+01:00,90.16634262190635
2044-12-29 07:00:00+01:00,97.72380272530476
2044-12-29 08:00:00+01:00,101.69065137265133
2044-12-29 09:00:00+01:00,101.69883044202732
2044-12-29 10:00:00+01:00,100.45561189687952
2044-12-29 11:00:00+01:00,98.39448641413449
2044-12-29 12:00:00+01:00,97.11855159148281
2044-12-29 13:00:00+01:00,97.14308879961074
2044-12-29 14:00:00+01:00,99.79310727742576
2044-12-29 15:00:00+01:00,108.63468127285182
2044-12-29 16:00:00+01:00,119.75821562417416
2044-12-29 17:00:00+01:00,122.66178525264434
2044-12-29 18:00:00+01:00,123.64327357776101
2044-12-29 19:00:00+01:00,121.73755041315947
2044-12-29 20:00:00+01:00,117.63983665579734
2044-12-29 21:00:00+01:00,109.84518354049573
2044-12-29 22:00:00+01:00,104.57786286236956
2044-12-29 23:00:00+01:00,99.24510962923563
2044-12-30 00:00:00+01:00,100.77459560254243
2044-12-30 01:00:00+01:00,100.05483749745687
2044-12-30 02:00:00+01:00,99.19603521297978
2044-12-30 03:00:00+01:00,98.40266548351048
2044-12-30 04:00:00+01:00,98.59896314853381
2044-12-30 05:00:00+01:00,105.22400934307137
2044-12-30 06:00:00+01:00,115.25972746738941
2044-12-30 07:00:00+01:00,122.21193643696586
2044-12-30 08:00:00+01:00,123.74960147964865
2044-12-30 09:00:00+01:00,122.1383248125821
2044-12-30 10:00:00+01:00,119.75821562417416
2044-12-30 11:00:00+01:00,115.30880188364523
2044-12-30 12:00:00+01:00,112.71603689146201
2044-12-30 13:00:00+01:00,112.02899506388033
2044-12-30 14:00:00+01:00,119.40651564100736
2044-12-30 15:00:00+01:00,122.38369689386127
2044-12-30 16:00:00+01:00,122.8826201257956
2044-12-30 17:00:00+01:00,126.62045483061493
2044-12-30 18:00:00+01:00,132.39487781005138
2044-12-30 19:00:00+01:00,128.55889427272038
2044-12-30 20:00:00+01:00,123.75778054902463
2044-12-30 21:00:00+01:00,122.44912944886906
2044-12-30 22:00:00+01:00,119.75821562417416
2044-12-30 23:00:00+01:00,115.32516002239717
2044-12-31 00:00:00+01:00,100.03030028932896
2044-12-31 01:00:00+01:00,97.07765624460296
2044-12-31 02:00:00+01:00,96.71777719206018
2044-12-31 03:00:00+01:00,97.52750506028143
2044-12-31 04:00:00+01:00,96.54601673516476
2044-12-31 05:00:00+01:00,97.96099573720797
2044-12-31 06:00:00+01:00,101.96056066205843
2044-12-31 07:00:00+01:00,113.17406477651645
2044-12-31 08:00:00+01:00,113.45215313529951
2044-12-31 09:00:00+01:00,111.57914624820187
2044-12-31 10:00:00+01:00,108.65921848097975
2044-12-31 11:00:00+01:00,105.46938142435054
2044-12-31 12:00:00+01:00,106.75349531637819
2044-12-31 13:00:00+01:00,101.68247230327536
2044-12-31 14:00:00+01:00,106.75349531637819
2044-12-31 15:00:00+01:00,111.89812995386478
2044-12-31 16:00:00+01:00,120.32257141111624
2044-12-31 17:00:00+01:00,120.89510626743433
2044-12-31 18:00:00+01:00,119.58645516727876
2044-12-31 19:00:00+01:00,116.0858134743626
2044-12-31 20:00:00+01:00,107.69408829461501
2044-12-31 21:00:00+01:00,103.87446289603595
2044-12-31 22:00:00+01:00,106.74531624700222
2044-12-31 23:00:00+01:00,100.52922352126328
