Date (GMT+1),Price (EUR/MWh)
2036-01-01 00:00:00+01:00,12.561625164212039
2036-01-01 01:00:00+01:00,7.5140228218531036
2036-01-01 02:00:00+01:00,-2.2133917424416154
2036-01-01 03:00:00+01:00,-5.954705036401123
2036-01-01 04:00:00+01:00,-5.9800698722923755
2036-01-01 05:00:00+01:00,-5.92934020050987
2036-01-01 06:00:00+01:00,-5.992752290238002
2036-01-01 07:00:00+01:00,-9.835524927762506
2036-01-01 08:00:00+01:00,-9.581876568849992
2036-01-01 09:00:00+01:00,-6.893203964377406
2036-01-01 10:00:00+01:00,-8.009256743592445
2036-01-01 11:00:00+01:00,-9.924301853381891
2036-01-01 12:00:00+01:00,-6.791744620812395
2036-01-01 13:00:00+01:00,-8.567283133199965
2036-01-01 14:00:00+01:00,-5.777151185162367
2036-01-01 15:00:00+01:00,5.510200786444287
2036-01-01 16:00:00+01:00,16.518539563247188
2036-01-01 17:00:00+01:00,33.0183653105059
2036-01-01 18:00:00+01:00,41.55363258791183
2036-01-01 19:00:00+01:00,34.55293788192658
2036-01-01 20:00:00+01:00,33.63980378984155
2036-01-01 21:00:00+01:00,24.01384856911183
2036-01-01 22:00:00+01:00,22.758289192494907
2036-01-01 23:00:00+01:00,12.688449343668296
2036-01-02 00:00:00+01:00,7.831083270493735
2036-01-02 01:00:00+01:00,-2.619229116701632
2036-01-02 02:00:00+01:00,-6.018117126129255
2036-01-02 03:00:00+01:00,-8.123398505103083
2036-01-02 04:00:00+01:00,-7.679513877006173
2036-01-02 05:00:00+01:00,-5.967387454346749
2036-01-02 06:00:00+01:00,4.85071505327177
2036-01-02 07:00:00+01:00,31.06527294687958
2036-01-02 08:00:00+01:00,40.957558944467436
2036-01-02 09:00:00+01:00,45.33299313570822
2036-01-02 10:00:00+01:00,45.43445247927322
2036-01-02 11:00:00+01:00,50.48205482163215
2036-01-02 12:00:00+01:00,53.804848323386025
2036-01-02 13:00:00+01:00,57.20373633281365
2036-01-02 14:00:00+01:00,62.03573757009694
2036-01-02 15:00:00+01:00,65.1556123847208
2036-01-02 16:00:00+01:00,71.58559828315292
2036-01-02 17:00:00+01:00,75.75811378726368
2036-01-02 18:00:00+01:00,65.66290910254583
2036-01-02 19:00:00+01:00,55.757940687012336
2036-01-02 20:00:00+01:00,40.83073476501118
2036-01-02 21:00:00+01:00,21.62955399533424
2036-01-02 22:00:00+01:00,16.150749442824043
2036-01-02 23:00:00+01:00,2.4664204794941895
2036-01-03 00:00:00+01:00,4.292688663664251
2036-01-03 01:00:00+01:00,-1.1734334709003207
2036-01-03 02:00:00+01:00,-5.9800698722923755
2036-01-03 03:00:00+01:00,-6.018117126129255
2036-01-03 04:00:00+01:00,-6.043481962020508
2036-01-03 05:00:00+01:00,9.568574529044426
2036-01-03 06:00:00+01:00,45.45981731516447
2036-01-03 07:00:00+01:00,55.74525826906672
2036-01-03 08:00:00+01:00,58.34515394791993
2036-01-03 09:00:00+01:00,59.372429801515594
2036-01-03 10:00:00+01:00,53.9443549207879
2036-01-03 11:00:00+01:00,50.92593944972904
2036-01-03 12:00:00+01:00,55.757940687012336
2036-01-03 13:00:00+01:00,62.01037273420568
2036-01-03 14:00:00+01:00,70.54564001161162
2036-01-03 15:00:00+01:00,78.78921167626817
2036-01-03 16:00:00+01:00,75.68201927958992
2036-01-03 17:00:00+01:00,83.10123377778082
2036-01-03 18:00:00+01:00,88.64345042001914
2036-01-03 19:00:00+01:00,83.67194258533398
2036-01-03 20:00:00+01:00,84.52166458769086
2036-01-03 21:00:00+01:00,64.58490357716765
2036-01-03 22:00:00+01:00,62.99960133396447
2036-01-03 23:00:00+01:00,47.311450335225786
2036-01-04 00:00:00+01:00,41.046335870086814
2036-01-04 01:00:00+01:00,31.610616918541474
2036-01-04 02:00:00+01:00,25.35818487134813
2036-01-04 03:00:00+01:00,17.82482861164661
2036-01-04 04:00:00+01:00,21.096892441617975
2036-01-04 05:00:00+01:00,49.213813027069605
2036-01-04 06:00:00+01:00,69.32812788883159
2036-01-04 07:00:00+01:00,86.39866244364343
2036-01-04 08:00:00+01:00,94.65491652624561
2036-01-04 09:00:00+01:00,98.77670235857389
2036-01-04 10:00:00+01:00,95.79633414135189
2036-01-04 11:00:00+01:00,91.7125955628605
2036-01-04 12:00:00+01:00,89.3663482429198
2036-01-04 13:00:00+01:00,90.34289442473295
2036-01-04 14:00:00+01:00,95.7456044695694
2036-01-04 15:00:00+01:00,98.57378367144389
2036-01-04 16:00:00+01:00,112.70199726287063
2036-01-04 17:00:00+01:00,116.6715940798514
2036-01-04 18:00:00+01:00,117.97788312825082
2036-01-04 19:00:00+01:00,116.70964133368828
2036-01-04 20:00:00+01:00,105.29546518262538
2036-01-04 21:00:00+01:00,100.6790650504177
2036-01-04 22:00:00+01:00,97.06457593591443
2036-01-04 23:00:00+01:00,91.17993400914423
2036-01-05 00:00:00+01:00,89.70877352745168
2036-01-05 01:00:00+01:00,83.16464586750895
2036-01-05 02:00:00+01:00,78.91603585572443
2036-01-05 03:00:00+01:00,77.54633471759686
2036-01-05 04:00:00+01:00,76.95026107415246
2036-01-05 05:00:00+01:00,84.76263052865777
2036-01-05 06:00:00+01:00,91.91551424999052
2036-01-05 07:00:00+01:00,106.47493005156852
2036-01-05 08:00:00+01:00,111.61130931954683
2036-01-05 09:00:00+01:00,107.42611139749044
2036-01-05 10:00:00+01:00,104.15404756751907
2036-01-05 11:00:00+01:00,103.92576404449783
2036-01-05 12:00:00+01:00,96.96311659234944
2036-01-05 13:00:00+01:00,98.57378367144389
2036-01-05 14:00:00+01:00,100.20981558642956
2036-01-05 15:00:00+01:00,105.713984974831
2036-01-05 16:00:00+01:00,107.61634766667483
2036-01-05 17:00:00+01:00,117.92715345646832
2036-01-05 18:00:00+01:00,119.57586778939962
2036-01-05 19:00:00+01:00,113.8307324600313
2036-01-05 20:00:00+01:00,104.23014207519283
2036-01-05 21:00:00+01:00,97.53382539990258
2036-01-05 22:00:00+01:00,91.92819666793613
2036-01-05 23:00:00+01:00,88.52930865850853
2036-01-06 00:00:00+01:00,81.89640407294641
2036-01-06 01:00:00+01:00,76.03712698206743
2036-01-06 02:00:00+01:00,75.54251268218805
2036-01-06 03:00:00+01:00,72.85384007771546
2036-01-06 04:00:00+01:00,73.10748843662796
2036-01-06 05:00:00+01:00,74.78156760545052
2036-01-06 06:00:00+01:00,75.1239928899824
2036-01-06 07:00:00+01:00,81.1481414141545
2036-01-06 08:00:00+01:00,86.11964924883968
2036-01-06 09:00:00+01:00,91.6111362192955
2036-01-06 10:00:00+01:00,94.07152530074683
2036-01-06 11:00:00+01:00,96.67142097960007
2036-01-06 12:00:00+01:00,95.08611873639688
2036-01-06 13:00:00+01:00,93.37399231373743
2036-01-06 14:00:00+01:00,94.04616046485559
2036-01-06 15:00:00+01:00,95.42854402092877
2036-01-06 16:00:00+01:00,100.1844507505383
2036-01-06 17:00:00+01:00,103.71016293942219
2036-01-06 18:00:00+01:00,101.82048266552398
2036-01-06 19:00:00+01:00,96.67142097960007
2036-01-06 20:00:00+01:00,94.02079562896434
2036-01-06 21:00:00+01:00,89.83559770690795
2036-01-06 22:00:00+01:00,89.29025373524604
2036-01-06 23:00:00+01:00,84.21728655699586
2036-01-07 00:00:00+01:00,87.4259382972391
2036-01-07 01:00:00+01:00,81.99786341651141
2036-01-07 02:00:00+01:00,77.9521720918569
2036-01-07 03:00:00+01:00,73.58942031856174
2036-01-07 04:00:00+01:00,71.24317299862102
2036-01-07 05:00:00+01:00,73.53869064677923
2036-01-07 06:00:00+01:00,76.11322148974119
2036-01-07 07:00:00+01:00,80.38719633741698
2036-01-07 08:00:00+01:00,84.29338106466962
2036-01-07 09:00:00+01:00,92.80328350618429
2036-01-07 10:00:00+01:00,98.37086498431387
2036-01-07 11:00:00+01:00,100.61565296068957
2036-01-07 12:00:00+01:00,100.1337210787558
2036-01-07 13:00:00+01:00,96.21485393355755
2036-01-07 14:00:00+01:00,96.13875942588379
2036-01-07 15:00:00+01:00,96.70946823343692
2036-01-07 16:00:00+01:00,102.34046180129464
2036-01-07 17:00:00+01:00,112.49907857574061
2036-01-07 18:00:00+01:00,116.79841825930765
2036-01-07 19:00:00+01:00,112.47371373984937
2036-01-07 20:00:00+01:00,108.66898835616175
2036-01-07 21:00:00+01:00,104.43306076232284
2036-01-07 22:00:00+01:00,101.46537496304647
2036-01-07 23:00:00+01:00,96.65873856165443
2036-01-08 00:00:00+01:00,92.98083735742304
2036-01-08 01:00:00+01:00,91.80137248847988
2036-01-08 02:00:00+01:00,89.39171307881104
2036-01-08 03:00:00+01:00,87.5273976408041
2036-01-08 04:00:00+01:00,87.50203280491286
2036-01-08 05:00:00+01:00,91.95356150382739
2036-01-08 06:00:00+01:00,107.04563885912168
2036-01-08 07:00:00+01:00,117.05206661822015
2036-01-08 08:00:00+01:00,129.06231641272745
2036-01-08 09:00:00+01:00,128.79598563586933
2036-01-08 10:00:00+01:00,122.35331731949161
2036-01-08 11:00:00+01:00,121.18653486849406
2036-01-08 12:00:00+01:00,112.892233532055
2036-01-08 13:00:00+01:00,112.7400445167075
2036-01-08 14:00:00+01:00,116.39258088504764
2036-01-08 15:00:00+01:00,120.47631946353904
2036-01-08 16:00:00+01:00,130.83785492511504
2036-01-08 17:00:00+01:00,153.03208632995955
2036-01-08 18:00:00+01:00,153.4759709580565
2036-01-08 19:00:00+01:00,142.6832332863292
2036-01-08 20:00:00+01:00,127.43896691568742
2036-01-08 21:00:00+01:00,111.6366741554381
2036-01-08 22:00:00+01:00,110.24160818141928
2036-01-08 23:00:00+01:00,107.62903008462047
2036-01-09 00:00:00+01:00,99.20790456872516
2036-01-09 01:00:00+01:00,98.77670235857389
2036-01-09 02:00:00+01:00,97.66064957935883
2036-01-09 03:00:00+01:00,96.2402187694488
2036-01-09 04:00:00+01:00,96.10071217204691
2036-01-09 05:00:00+01:00,101.08490242467771
2036-01-09 06:00:00+01:00,116.03747318257012
2036-01-09 07:00:00+01:00,140.6794112509204
2036-01-09 08:00:00+01:00,151.80189178923388
2036-01-09 09:00:00+01:00,142.48031459919918
2036-01-09 10:00:00+01:00,122.42941182716535
2036-01-09 11:00:00+01:00,115.21311601610446
2036-01-09 12:00:00+01:00,108.93531913301987
2036-01-09 13:00:00+01:00,109.97527740456115
2036-01-09 14:00:00+01:00,120.0577996713334
2036-01-09 15:00:00+01:00,129.70911972795437
2036-01-09 16:00:00+01:00,143.26662451182798
2036-01-09 17:00:00+01:00,160.62885467938924
2036-01-09 18:00:00+01:00,161.04737447159488
2036-01-09 19:00:00+01:00,148.23813234651314
2036-01-09 20:00:00+01:00,126.60192733127613
2036-01-09 21:00:00+01:00,117.80032927701207
2036-01-09 22:00:00+01:00,110.63476313773367
2036-01-09 23:00:00+01:00,104.82621571863723
2036-01-10 00:00:00+01:00,98.35818256636824
2036-01-10 01:00:00+01:00,95.36513193120064
2036-01-10 02:00:00+01:00,94.51540992884374
2036-01-10 03:00:00+01:00,92.81596592412993
2036-01-10 04:00:00+01:00,92.77791867029305
2036-01-10 05:00:00+01:00,96.30363085917692
2036-01-10 06:00:00+01:00,112.34688956039312
2036-01-10 07:00:00+01:00,135.97423419309334
2036-01-10 08:00:00+01:00,154.16082152712025
2036-01-10 09:00:00+01:00,139.49994638197722
2036-01-10 10:00:00+01:00,125.28295586493107
2036-01-10 11:00:00+01:00,117.3691270668608
2036-01-10 12:00:00+01:00,111.61130931954683
2036-01-10 13:00:00+01:00,111.31961370679747
2036-01-10 14:00:00+01:00,117.31839739507829
2036-01-10 15:00:00+01:00,128.94817465121685
2036-01-10 16:00:00+01:00,138.23170458741467
2036-01-10 17:00:00+01:00,153.70425448107773
2036-01-10 18:00:00+01:00,154.76957758851026
2036-01-10 19:00:00+01:00,142.55640910687293
2036-01-10 20:00:00+01:00,127.08385921320989
2036-01-10 21:00:00+01:00,113.70390828057504
2036-01-10 22:00:00+01:00,109.53139277646429
2036-01-10 23:00:00+01:00,103.3170079831078
2036-01-11 00:00:00+01:00,96.69678581549131
2036-01-11 01:00:00+01:00,93.14570879071618
2036-01-11 02:00:00+01:00,90.19070540938546
2036-01-11 03:00:00+01:00,89.01124054044229
2036-01-11 04:00:00+01:00,89.56926693004979
2036-01-11 05:00:00+01:00,94.18566706225747
2036-01-11 06:00:00+01:00,112.57517308341437
2036-01-11 07:00:00+01:00,133.65335170904387
2036-01-11 08:00:00+01:00,160.24838214102044
2036-01-11 09:00:00+01:00,144.63632564995555
2036-01-11 10:00:00+01:00,126.04390094166862
2036-01-11 11:00:00+01:00,113.76732037030317
2036-01-11 12:00:00+01:00,107.31196963597982
2036-01-11 13:00:00+01:00,107.28660480008855
2036-01-11 14:00:00+01:00,113.05710496534815
2036-01-11 15:00:00+01:00,127.5404262592524
2036-01-11 16:00:00+01:00,138.94191999236972
2036-01-11 17:00:00+01:00,156.2407380702028
2036-01-11 18:00:00+01:00,157.47093261092846
2036-01-11 19:00:00+01:00,148.32690927213255
2036-01-11 20:00:00+01:00,127.55310867719804
2036-01-11 21:00:00+01:00,113.39953024988003
2036-01-11 22:00:00+01:00,108.85922462534613
2036-01-11 23:00:00+01:00,99.74056612244141
2036-01-12 00:00:00+01:00,91.10383950147049
2036-01-12 01:00:00+01:00,88.09810644835726
2036-01-12 02:00:00+01:00,87.84445808944474
2036-01-12 03:00:00+01:00,86.05623715911156
2036-01-12 04:00:00+01:00,86.75377014612096
2036-01-12 05:00:00+01:00,89.39171307881104
2036-01-12 06:00:00+01:00,103.71016293942219
2036-01-12 07:00:00+01:00,125.3844152084961
2036-01-12 08:00:00+01:00,148.80884115406633
2036-01-12 09:00:00+01:00,136.189835298169
2036-01-12 10:00:00+01:00,122.35331731949161
2036-01-12 11:00:00+01:00,113.58976651906441
2036-01-12 12:00:00+01:00,107.7051245922942
2036-01-12 13:00:00+01:00,104.40769592643159
2036-01-12 14:00:00+01:00,107.66707733845732
2036-01-12 15:00:00+01:00,114.18584016250881
2036-01-12 16:00:00+01:00,121.33872388384157
2036-01-12 17:00:00+01:00,134.38893194989015
2036-01-12 18:00:00+01:00,138.21902216946904
2036-01-12 19:00:00+01:00,130.38128787907252
2036-01-12 20:00:00+01:00,116.34185121326513
2036-01-12 21:00:00+01:00,103.53260908818343
2036-01-12 22:00:00+01:00,99.41082325585516
2036-01-12 23:00:00+01:00,93.25985055222681
2036-01-13 00:00:00+01:00,97.44504847428323
2036-01-13 01:00:00+01:00,90.68531970926483
2036-01-13 02:00:00+01:00,89.87364496074483
2036-01-13 03:00:00+01:00,89.48049000443044
2036-01-13 04:00:00+01:00,89.02392295838791
2036-01-13 05:00:00+01:00,89.87364496074483
2036-01-13 06:00:00+01:00,91.26871093476362
2036-01-13 07:00:00+01:00,91.80137248847988
2036-01-13 08:00:00+01:00,94.03347804690995
2036-01-13 09:00:00+01:00,97.55919023579384
2036-01-13 10:00:00+01:00,97.67333199730447
2036-01-13 11:00:00+01:00,96.21485393355755
2036-01-13 12:00:00+01:00,90.74873179899298
2036-01-13 13:00:00+01:00,89.30293615319167
2036-01-13 14:00:00+01:00,89.83559770690795
2036-01-13 15:00:00+01:00,93.8051945238887
2036-01-13 16:00:00+01:00,94.65491652624561
2036-01-13 17:00:00+01:00,103.87503437271532
2036-01-13 18:00:00+01:00,107.67975975640294
2036-01-13 19:00:00+01:00,105.53643112359225
2036-01-13 20:00:00+01:00,101.03417275289522
2036-01-13 21:00:00+01:00,96.29094844123128
2036-01-13 22:00:00+01:00,97.31822429482695
2036-01-13 23:00:00+01:00,95.87242864902565
2036-01-14 00:00:00+01:00,90.22875266322232
2036-01-14 01:00:00+01:00,89.35366582497417
2036-01-14 02:00:00+01:00,89.32830098908292
2036-01-14 03:00:00+01:00,88.7702745994754
2036-01-14 04:00:00+01:00,88.6688152559104
2036-01-14 05:00:00+01:00,88.78295701742101
2036-01-14 06:00:00+01:00,88.7195449276929
2036-01-14 07:00:00+01:00,89.12538230195291
2036-01-14 08:00:00+01:00,88.73222734563852
2036-01-14 09:00:00+01:00,89.88632737869044
2036-01-14 10:00:00+01:00,88.82100427125789
2036-01-14 11:00:00+01:00,88.70686250974728
2036-01-14 12:00:00+01:00,87.26106686394597
2036-01-14 13:00:00+01:00,88.7195449276929
2036-01-14 14:00:00+01:00,89.04928779427917
2036-01-14 15:00:00+01:00,92.18184502684865
2036-01-14 16:00:00+01:00,96.83629241289319
2036-01-14 17:00:00+01:00,101.45269254510086
2036-01-14 18:00:00+01:00,103.50724425229218
2036-01-14 19:00:00+01:00,101.88389475525213
2036-01-14 20:00:00+01:00,98.11721662540137
2036-01-14 21:00:00+01:00,94.97197697488625
2036-01-14 22:00:00+01:00,93.89397144950807
2036-01-14 23:00:00+01:00,89.87364496074483
2036-01-15 00:00:00+01:00,91.89014941409926
2036-01-15 01:00:00+01:00,89.84828012485356
2036-01-15 02:00:00+01:00,90.07656364787482
2036-01-15 03:00:00+01:00,90.21607024527671
2036-01-15 04:00:00+01:00,89.9624218863642
2036-01-15 05:00:00+01:00,92.57499998316304
2036-01-15 06:00:00+01:00,99.38545841996391
2036-01-15 07:00:00+01:00,106.79199050020917
2036-01-15 08:00:00+01:00,115.1370215084307
2036-01-15 09:00:00+01:00,111.37034337857995
2036-01-15 10:00:00+01:00,111.39570821447123
2036-01-15 11:00:00+01:00,106.86808500788293
2036-01-15 12:00:00+01:00,103.98917613422594
2036-01-15 13:00:00+01:00,104.52183768794222
2036-01-15 14:00:00+01:00,106.08177509525413
2036-01-15 15:00:00+01:00,106.42420037978604
2036-01-15 16:00:00+01:00,109.6455345379749
2036-01-15 17:00:00+01:00,121.7572436760472
2036-01-15 18:00:00+01:00,130.10227468426876
2036-01-15 19:00:00+01:00,122.77183711169725
2036-01-15 20:00:00+01:00,111.45912030419933
2036-01-15 21:00:00+01:00,103.91308162655218
2036-01-15 22:00:00+01:00,100.93271340933022
2036-01-15 23:00:00+01:00,96.56996163603505
2036-01-16 00:00:00+01:00,92.32135162425052
2036-01-16 01:00:00+01:00,93.01888461125992
2036-01-16 02:00:00+01:00,91.28139335270924
2036-01-16 03:00:00+01:00,91.75064281669738
2036-01-16 04:00:00+01:00,91.82673732437114
2036-01-16 05:00:00+01:00,93.00620219331431
2036-01-16 06:00:00+01:00,101.79511782963274
2036-01-16 07:00:00+01:00,120.5143667173759
2036-01-16 08:00:00+01:00,149.9883060230095
2036-01-16 09:00:00+01:00,140.75550575859415
2036-01-16 10:00:00+01:00,127.65456802076304
2036-01-16 11:00:00+01:00,116.39258088504764
2036-01-16 12:00:00+01:00,105.33351243646226
2036-01-16 13:00:00+01:00,104.6613442853441
2036-01-16 14:00:00+01:00,107.40074656159919
2036-01-16 15:00:00+01:00,121.4528656453522
2036-01-16 16:00:00+01:00,128.30137133598996
2036-01-16 17:00:00+01:00,150.0136708589007
2036-01-16 18:00:00+01:00,146.98257296989624
2036-01-16 19:00:00+01:00,134.4016143678358
2036-01-16 20:00:00+01:00,114.75654897006194
2036-01-16 21:00:00+01:00,101.82048266552398
2036-01-16 22:00:00+01:00,101.85852991936086
2036-01-16 23:00:00+01:00,96.39240778479629
2036-01-17 00:00:00+01:00,91.05310982968798
2036-01-17 01:00:00+01:00,88.56735591234539
2036-01-17 02:00:00+01:00,84.95286679784213
2036-01-17 03:00:00+01:00,84.787995364549
2036-01-17 04:00:00+01:00,84.82604261838588
2036-01-17 05:00:00+01:00,90.92628565023173
2036-01-17 06:00:00+01:00,97.48309572812009
2036-01-17 07:00:00+01:00,116.62086440806888
2036-01-17 08:00:00+01:00,124.48396353435668
2036-01-17 09:00:00+01:00,122.49282391689349
2036-01-17 10:00:00+01:00,120.93288650958155
2036-01-17 11:00:00+01:00,119.33490184843274
2036-01-17 12:00:00+01:00,115.63163580831011
2036-01-17 13:00:00+01:00,114.51558302909507
2036-01-17 14:00:00+01:00,116.2150270338089
2036-01-17 15:00:00+01:00,122.4040469912741
2036-01-17 16:00:00+01:00,126.72875151073238
2036-01-17 17:00:00+01:00,142.11252447877607
2036-01-17 18:00:00+01:00,135.4035253855402
2036-01-17 19:00:00+01:00,121.59237224275407
2036-01-17 20:00:00+01:00,110.85036424280932
2036-01-17 21:00:00+01:00,98.18062871512949
2036-01-17 22:00:00+01:00,96.2402187694488
2036-01-17 23:00:00+01:00,91.458947203948
2036-01-18 00:00:00+01:00,82.60661947790143
2036-01-18 01:00:00+01:00,77.87607758418314
2036-01-18 02:00:00+01:00,76.30345775892559
2036-01-18 03:00:00+01:00,75.91030280261118
2036-01-18 04:00:00+01:00,76.25272808714307
2036-01-18 05:00:00+01:00,81.97249858062015
2036-01-18 06:00:00+01:00,94.38858574938747
2036-01-18 07:00:00+01:00,113.24734123453253
2036-01-18 08:00:00+01:00,125.3844152084961
2036-01-18 09:00:00+01:00,123.57082944227164
2036-01-18 10:00:00+01:00,112.18201812709998
2036-01-18 11:00:00+01:00,107.50220590516419
2036-01-18 12:00:00+01:00,99.42350567380078
2036-01-18 13:00:00+01:00,98.16794629718386
2036-01-18 14:00:00+01:00,98.15526387923822
2036-01-18 15:00:00+01:00,99.4361880917464
2036-01-18 16:00:00+01:00,103.11408929597779
2036-01-18 17:00:00+01:00,114.29998192401943
2036-01-18 18:00:00+01:00,113.76732037030317
2036-01-18 19:00:00+01:00,105.53643112359225
2036-01-18 20:00:00+01:00,96.01193524642753
2036-01-18 21:00:00+01:00,93.95738353923622
2036-01-18 22:00:00+01:00,91.44626478600237
2036-01-18 23:00:00+01:00,86.0816019950028
2036-01-19 00:00:00+01:00,82.73344365735768
2036-01-19 01:00:00+01:00,81.08472932442638
2036-01-19 02:00:00+01:00,80.2476897400151
2036-01-19 03:00:00+01:00,79.94331170932007
2036-01-19 04:00:00+01:00,79.51210949916883
2036-01-19 05:00:00+01:00,82.46711288049956
2036-01-19 06:00:00+01:00,88.69418009180164
2036-01-19 07:00:00+01:00,101.55415188866586
2036-01-19 08:00:00+01:00,112.9810104576744
2036-01-19 09:00:00+01:00,114.05901598305255
2036-01-19 10:00:00+01:00,98.9796210457039
2036-01-19 11:00:00+01:00,92.82864834207555
2036-01-19 12:00:00+01:00,87.19765477421784
2036-01-19 13:00:00+01:00,87.7303163279341
2036-01-19 14:00:00+01:00,90.67263729131922
2036-01-19 15:00:00+01:00,91.07847466557922
2036-01-19 16:00:00+01:00,96.18948909766628
2036-01-19 17:00:00+01:00,98.7893847765195
2036-01-19 18:00:00+01:00,103.93844646244344
2036-01-19 19:00:00+01:00,98.18062871512949
2036-01-19 20:00:00+01:00,93.38667473168307
2036-01-19 21:00:00+01:00,88.6688152559104
2036-01-19 22:00:00+01:00,91.72527798080613
2036-01-19 23:00:00+01:00,86.50012178720844
2036-01-20 00:00:00+01:00,79.77844027602696
2036-01-20 01:00:00+01:00,79.77844027602696
2036-01-20 02:00:00+01:00,79.91794687342883
2036-01-20 03:00:00+01:00,78.62434024297504
2036-01-20 04:00:00+01:00,78.61165782502941
2036-01-20 05:00:00+01:00,79.89258203753758
2036-01-20 06:00:00+01:00,79.7530754401357
2036-01-20 07:00:00+01:00,79.86721720164634
2036-01-20 08:00:00+01:00,85.43479867977591
2036-01-20 09:00:00+01:00,89.41707791470229
2036-01-20 10:00:00+01:00,86.71572289228408
2036-01-20 11:00:00+01:00,79.76575785808132
2036-01-20 12:00:00+01:00,74.79425002339616
2036-01-20 13:00:00+01:00,71.68705762671792
2036-01-20 14:00:00+01:00,73.91916318514798
2036-01-20 15:00:00+01:00,79.8545347837007
2036-01-20 16:00:00+01:00,86.27183826418718
2036-01-20 17:00:00+01:00,92.7652362523474
2036-01-20 18:00:00+01:00,96.67142097960007
2036-01-20 19:00:00+01:00,92.57499998316304
2036-01-20 20:00:00+01:00,88.41516689699789
2036-01-20 21:00:00+01:00,82.15005243185891
2036-01-20 22:00:00+01:00,82.68271398557519
2036-01-20 23:00:00+01:00,78.49751606351877
2036-01-21 00:00:00+01:00,74.73083793366801
2036-01-21 01:00:00+01:00,74.6674258439399
2036-01-21 02:00:00+01:00,72.7777455700417
2036-01-21 03:00:00+01:00,73.05675876484547
2036-01-21 04:00:00+01:00,73.93184560309362
2036-01-21 05:00:00+01:00,73.9698928569305
2036-01-21 06:00:00+01:00,75.97371489233932
2036-01-21 07:00:00+01:00,74.41377748502738
2036-01-21 08:00:00+01:00,73.99525769282174
2036-01-21 09:00:00+01:00,73.9698928569305
2036-01-21 10:00:00+01:00,73.93184560309362
2036-01-21 11:00:00+01:00,72.28313127016231
2036-01-21 12:00:00+01:00,67.48917728671589
2036-01-21 13:00:00+01:00,67.41308277904213
2036-01-21 14:00:00+01:00,72.34654335989043
2036-01-21 15:00:00+01:00,73.89379834925674
2036-01-21 16:00:00+01:00,75.75811378726368
2036-01-21 17:00:00+01:00,79.33455564793006
2036-01-21 18:00:00+01:00,79.38528531971255
2036-01-21 19:00:00+01:00,79.22041388641944
2036-01-21 20:00:00+01:00,78.8018940942138
2036-01-21 21:00:00+01:00,76.69661271523998
2036-01-21 22:00:00+01:00,77.78730065856377
2036-01-21 23:00:00+01:00,76.4683291922187
2036-01-22 00:00:00+01:00,72.42263786756419
2036-01-22 01:00:00+01:00,73.86843351336549
2036-01-22 02:00:00+01:00,73.91916318514798
2036-01-22 03:00:00+01:00,73.55137306472486
2036-01-22 04:00:00+01:00,70.98952463970852
2036-01-22 05:00:00+01:00,73.57673790061611
2036-01-22 06:00:00+01:00,78.1043611072044
2036-01-22 07:00:00+01:00,82.35297111898892
2036-01-22 08:00:00+01:00,83.30415246491083
2036-01-22 09:00:00+01:00,80.9452227270245
2036-01-22 10:00:00+01:00,81.7442150575989
2036-01-22 11:00:00+01:00,84.7372656927665
2036-01-22 12:00:00+01:00,84.82604261838588
2036-01-22 13:00:00+01:00,84.787995364549
2036-01-22 14:00:00+01:00,84.00168545192022
2036-01-22 15:00:00+01:00,84.09046237753961
2036-01-22 16:00:00+01:00,83.95095578013773
2036-01-22 17:00:00+01:00,86.8298646537947
2036-01-22 18:00:00+01:00,86.6269459666647
2036-01-22 19:00:00+01:00,84.40752282618024
2036-01-22 20:00:00+01:00,79.61356884273383
2036-01-22 21:00:00+01:00,77.97753692774813
2036-01-22 22:00:00+01:00,78.37069188406252
2036-01-22 23:00:00+01:00,73.95721043898486
2036-01-23 00:00:00+01:00,69.74664768103722
2036-01-23 01:00:00+01:00,71.8392466420654
2036-01-23 02:00:00+01:00,71.82656422411979
2036-01-23 03:00:00+01:00,70.46954550393787
2036-01-23 04:00:00+01:00,70.48222792188349
2036-01-23 05:00:00+01:00,70.43149825010099
2036-01-23 06:00:00+01:00,75.93566763850244
2036-01-23 07:00:00+01:00,80.91985789113325
2036-01-23 08:00:00+01:00,84.85140745427714
2036-01-23 09:00:00+01:00,84.26801622877836
2036-01-23 10:00:00+01:00,79.8545347837007
2036-01-23 11:00:00+01:00,77.0644028356631
2036-01-23 12:00:00+01:00,76.32882259481683
2036-01-23 13:00:00+01:00,77.0644028356631
2036-01-23 14:00:00+01:00,75.91030280261118
2036-01-23 15:00:00+01:00,77.36878086635811
2036-01-23 16:00:00+01:00,78.53556331735565
2036-01-23 17:00:00+01:00,81.88372165500077
2036-01-23 18:00:00+01:00,81.36374251923013
2036-01-23 19:00:00+01:00,77.93948967391125
2036-01-23 20:00:00+01:00,77.30536877662999
2036-01-23 21:00:00+01:00,75.0225335464174
2036-01-23 22:00:00+01:00,75.03521596436303
2036-01-23 23:00:00+01:00,68.41499379674656
2036-01-24 00:00:00+01:00,75.52983026424243
2036-01-24 01:00:00+01:00,71.01488947559976
2036-01-24 02:00:00+01:00,67.62868388411776
2036-01-24 03:00:00+01:00,68.50377072236591
2036-01-24 04:00:00+01:00,67.12138716629275
2036-01-24 05:00:00+01:00,71.00220705765413
2036-01-24 06:00:00+01:00,78.62434024297504
2036-01-24 07:00:00+01:00,84.57239425947337
2036-01-24 08:00:00+01:00,83.49438873409522
2036-01-24 09:00:00+01:00,82.96172718037894
2036-01-24 10:00:00+01:00,78.71311716859441
2036-01-24 11:00:00+01:00,77.24195668690186
2036-01-24 12:00:00+01:00,80.62816227838385
2036-01-24 13:00:00+01:00,80.95790514497013
2036-01-24 14:00:00+01:00,80.10818314261321
2036-01-24 15:00:00+01:00,80.28573699385197
2036-01-24 16:00:00+01:00,82.36565353693454
2036-01-24 17:00:00+01:00,84.80067778249465
2036-01-24 18:00:00+01:00,89.30293615319167
2036-01-24 19:00:00+01:00,87.31179653572846
2036-01-24 20:00:00+01:00,78.47215122762752
2036-01-24 21:00:00+01:00,76.02444456412182
2036-01-24 22:00:00+01:00,76.02444456412182
2036-01-24 23:00:00+01:00,75.50446542835117
2036-01-25 00:00:00+01:00,71.02757189354539
2036-01-25 01:00:00+01:00,71.15439607300165
2036-01-25 02:00:00+01:00,67.146752002184
2036-01-25 03:00:00+01:00,66.65213770230461
2036-01-25 04:00:00+01:00,68.09793334810591
2036-01-25 05:00:00+01:00,76.0624918179587
2036-01-25 06:00:00+01:00,77.93948967391125
2036-01-25 07:00:00+01:00,88.072741612466
2036-01-25 08:00:00+01:00,91.1672515911986
2036-01-25 09:00:00+01:00,91.06579224763361
2036-01-25 10:00:00+01:00,86.76645256406658
2036-01-25 11:00:00+01:00,84.34411073645211
2036-01-25 12:00:00+01:00,81.97249858062015
2036-01-25 13:00:00+01:00,83.6338953314971
2036-01-25 14:00:00+01:00,85.94209539760092
2036-01-25 15:00:00+01:00,91.4082175321655
2036-01-25 16:00:00+01:00,100.10835624286456
2036-01-25 17:00:00+01:00,110.72354006335307
2036-01-25 18:00:00+01:00,110.74890489924431
2036-01-25 19:00:00+01:00,102.45460356280526
2036-01-25 20:00:00+01:00,90.25411749911359
2036-01-25 21:00:00+01:00,81.65543813197952
2036-01-25 22:00:00+01:00,79.34723806587569
2036-01-25 23:00:00+01:00,76.08785665384995
2036-01-26 00:00:00+01:00,68.5418179762028
2036-01-26 01:00:00+01:00,65.82778053583895
2036-01-26 02:00:00+01:00,67.8442849891934
2036-01-26 03:00:00+01:00,68.27548719934467
2036-01-26 04:00:00+01:00,67.42576519698777
2036-01-26 05:00:00+01:00,68.46572346852905
2036-01-26 06:00:00+01:00,80.05745347083071
2036-01-26 07:00:00+01:00,83.82413160068147
2036-01-26 08:00:00+01:00,87.05814817681596
2036-01-26 09:00:00+01:00,84.29338106466962
2036-01-26 10:00:00+01:00,81.75689747554452
2036-01-26 11:00:00+01:00,78.57361057119253
2036-01-26 12:00:00+01:00,81.52861395252326
2036-01-26 13:00:00+01:00,81.16082383210014
2036-01-26 14:00:00+01:00,79.86721720164634
2036-01-26 15:00:00+01:00,79.91794687342883
2036-01-26 16:00:00+01:00,79.7530754401357
2036-01-26 17:00:00+01:00,82.5939370599558
2036-01-26 18:00:00+01:00,90.44435376829796
2036-01-26 19:00:00+01:00,92.1564801909574
2036-01-26 20:00:00+01:00,86.6269459666647
2036-01-26 21:00:00+01:00,82.44174804460829
2036-01-26 22:00:00+01:00,78.99213036339816
2036-01-26 23:00:00+01:00,71.11634881916477
2036-01-27 00:00:00+01:00,62.416210108465705
2036-01-27 01:00:00+01:00,62.09914965982507
2036-01-27 02:00:00+01:00,61.934278226531944
2036-01-27 03:00:00+01:00,62.784000228888836
2036-01-27 04:00:00+01:00,62.898141990399466
2036-01-27 05:00:00+01:00,60.23483422181813
2036-01-27 06:00:00+01:00,57.00081764568363
2036-01-27 07:00:00+01:00,62.492304616139464
2036-01-27 08:00:00+01:00,71.42072684985978
2036-01-27 09:00:00+01:00,68.71937182744155
2036-01-27 10:00:00+01:00,63.73518157481074
2036-01-27 11:00:00+01:00,58.915862755473086
2036-01-27 12:00:00+01:00,59.5753484886456
2036-01-27 13:00:00+01:00,48.59237454773396
2036-01-27 14:00:00+01:00,53.65265930803851
2036-01-27 15:00:00+01:00,66.3477596716096
2036-01-27 16:00:00+01:00,78.06631385336752
2036-01-27 17:00:00+01:00,85.0796909772984
2036-01-27 18:00:00+01:00,94.21103189814872
2036-01-27 19:00:00+01:00,90.3682592606242
2036-01-27 20:00:00+01:00,84.72458327482089
2036-01-27 21:00:00+01:00,79.13163696080005
2036-01-27 22:00:00+01:00,77.31805119457562
2036-01-27 23:00:00+01:00,73.61478515445297
2036-01-28 00:00:00+01:00,72.60019171880295
2036-01-28 01:00:00+01:00,67.18479925602088
2036-01-28 02:00:00+01:00,63.722499156865126
2036-01-28 03:00:00+01:00,59.727537503993105
2036-01-28 04:00:00+01:00,58.15491767873556
2036-01-28 05:00:00+01:00,57.02618248157489
2036-01-28 06:00:00+01:00,61.52844085227192
2036-01-28 07:00:00+01:00,66.91846847916274
2036-01-28 08:00:00+01:00,63.849323336321376
2036-01-28 09:00:00+01:00,61.224062821576915
2036-01-28 10:00:00+01:00,55.732575851121084
2036-01-28 11:00:00+01:00,48.16117233758269
2036-01-28 12:00:00+01:00,42.84723921836563
2036-01-28 13:00:00+01:00,26.360095889052538
2036-01-28 14:00:00+01:00,33.90613456669968
2036-01-28 15:00:00+01:00,46.58855251232514
2036-01-28 16:00:00+01:00,63.9127354260495
2036-01-28 17:00:00+01:00,77.67315889705313
2036-01-28 18:00:00+01:00,81.18618866799137
2036-01-28 19:00:00+01:00,79.34723806587569
2036-01-28 20:00:00+01:00,76.69661271523998
2036-01-28 21:00:00+01:00,73.5260082288336
2036-01-28 22:00:00+01:00,71.35731476013164
2036-01-28 23:00:00+01:00,68.69400699155031
2036-01-29 00:00:00+01:00,63.088378259583855
2036-01-29 01:00:00+01:00,56.392061584293614
2036-01-29 02:00:00+01:00,44.80033158199195
2036-01-29 03:00:00+01:00,49.340637206525855
2036-01-29 04:00:00+01:00,49.31527237063462
2036-01-29 05:00:00+01:00,65.29511898212267
2036-01-29 06:00:00+01:00,79.89258203753758
2036-01-29 07:00:00+01:00,88.41516689699789
2036-01-29 08:00:00+01:00,99.36009358407264
2036-01-29 09:00:00+01:00,88.50394382261726
2036-01-29 10:00:00+01:00,79.99404138110259
2036-01-29 11:00:00+01:00,78.5101984814644
2036-01-29 12:00:00+01:00,77.44487537403187
2036-01-29 13:00:00+01:00,77.15317976128249
2036-01-29 14:00:00+01:00,82.45443046255392
2036-01-29 15:00:00+01:00,88.11078886630288
2036-01-29 16:00:00+01:00,107.64171250256607
2036-01-29 17:00:00+01:00,120.48900188148465
2036-01-29 18:00:00+01:00,122.8986612911535
2036-01-29 19:00:00+01:00,115.23848085199573
2036-01-29 20:00:00+01:00,95.60609787216752
2036-01-29 21:00:00+01:00,84.69921843892962
2036-01-29 22:00:00+01:00,80.84376338345949
2036-01-29 23:00:00+01:00,76.44296435632747
2036-01-30 00:00:00+01:00,68.85887842484344
2036-01-30 01:00:00+01:00,66.65213770230461
2036-01-30 02:00:00+01:00,66.6901849561415
2036-01-30 03:00:00+01:00,66.11947614858835
2036-01-30 04:00:00+01:00,66.0941113126971
2036-01-30 05:00:00+01:00,68.46572346852905
2036-01-30 06:00:00+01:00,79.8545347837007
2036-01-30 07:00:00+01:00,92.24525711657677
2036-01-30 08:00:00+01:00,101.64292881428523
2036-01-30 09:00:00+01:00,91.29407577065486
2036-01-30 10:00:00+01:00,81.19887108593701
2036-01-30 11:00:00+01:00,79.67698093246194
2036-01-30 12:00:00+01:00,76.49369402810996
2036-01-30 13:00:00+01:00,76.49369402810996
2036-01-30 14:00:00+01:00,78.75116442243129
2036-01-30 15:00:00+01:00,82.86026783681395
2036-01-30 16:00:00+01:00,86.01818990527468
2036-01-30 17:00:00+01:00,91.21798126298111
2036-01-30 18:00:00+01:00,101.38928045537273
2036-01-30 19:00:00+01:00,96.31631327712255
2036-01-30 20:00:00+01:00,88.19956579192225
2036-01-30 21:00:00+01:00,80.5013380989276
2036-01-30 22:00:00+01:00,78.86530618394193
2036-01-30 23:00:00+01:00,76.12590390768682
2036-01-31 00:00:00+01:00,73.51332581088798
2036-01-31 01:00:00+01:00,69.75933009898283
2036-01-31 02:00:00+01:00,67.79355531741089
2036-01-31 03:00:00+01:00,68.18671027372528
2036-01-31 04:00:00+01:00,66.62677286641335
2036-01-31 05:00:00+01:00,74.55328408242926
2036-01-31 06:00:00+01:00,84.01436786986585
2036-01-31 07:00:00+01:00,105.39692452619038
2036-01-31 08:00:00+01:00,118.5232270999127
2036-01-31 09:00:00+01:00,96.30363085917692
2036-01-31 10:00:00+01:00,85.75185912841656
2036-01-31 11:00:00+01:00,80.2984194117976
2036-01-31 12:00:00+01:00,76.7600248049681
2036-01-31 13:00:00+01:00,77.24195668690186
2036-01-31 14:00:00+01:00,78.7004347506488
2036-01-31 15:00:00+01:00,81.02131723469824
2036-01-31 16:00:00+01:00,82.2007821036414
2036-01-31 17:00:00+01:00,86.11964924883968
2036-01-31 18:00:00+01:00,91.58577138340425
2036-01-31 19:00:00+01:00,88.42784931494351
2036-01-31 20:00:00+01:00,82.3910183728258
2036-01-31 21:00:00+01:00,76.60783578962058
2036-01-31 22:00:00+01:00,75.37764124889492
2036-01-31 23:00:00+01:00,68.25012236345341
2036-02-01 00:00:00+01:00,69.46763448623346
2036-02-01 01:00:00+01:00,69.4422696503422
2036-02-01 02:00:00+01:00,69.41690481445096
2036-02-01 03:00:00+01:00,73.28504228786672
2036-02-01 04:00:00+01:00,73.55137306472486
2036-02-01 05:00:00+01:00,73.58942031856174
2036-02-01 06:00:00+01:00,88.69418009180164
2036-02-01 07:00:00+01:00,95.12416599023373
2036-02-01 08:00:00+01:00,95.51732094654814
2036-02-01 09:00:00+01:00,94.62955169035436
2036-02-01 10:00:00+01:00,88.68149767385601
2036-02-01 11:00:00+01:00,87.45130313313035
2036-02-01 12:00:00+01:00,85.75185912841656
2036-02-01 13:00:00+01:00,86.34793277186094
2036-02-01 14:00:00+01:00,85.71381187457968
2036-02-01 15:00:00+01:00,89.84828012485356
2036-02-01 16:00:00+01:00,92.32135162425052
2036-02-01 17:00:00+01:00,96.16412426177504
2036-02-01 18:00:00+01:00,105.86617399017852
2036-02-01 19:00:00+01:00,99.52496501736579
2036-02-01 20:00:00+01:00,97.02652868207755
2036-02-01 21:00:00+01:00,87.43862071518473
2036-02-01 22:00:00+01:00,81.68080296787076
2036-02-01 23:00:00+01:00,72.54946204702044
2036-02-02 00:00:00+01:00,72.10557741892356
2036-02-02 01:00:00+01:00,72.06753016508668
2036-02-02 02:00:00+01:00,77.52096988170561
2036-02-02 03:00:00+01:00,79.8545347837007
2036-02-02 04:00:00+01:00,79.95599412726571
2036-02-02 05:00:00+01:00,78.66238749681192
2036-02-02 06:00:00+01:00,86.14501408473092
2036-02-02 07:00:00+01:00,92.20720986273989
2036-02-02 08:00:00+01:00,95.03538906461438
2036-02-02 09:00:00+01:00,91.20529884503549
2036-02-02 10:00:00+01:00,89.32830098908292
2036-02-02 11:00:00+01:00,84.91481954400525
2036-02-02 12:00:00+01:00,84.4328876620715
2036-02-02 13:00:00+01:00,84.39484040823461
2036-02-02 14:00:00+01:00,84.4328876620715
2036-02-02 15:00:00+01:00,84.47093491590837
2036-02-02 16:00:00+01:00,90.10192848376607
2036-02-02 17:00:00+01:00,88.70686250974728
2036-02-02 18:00:00+01:00,91.47162962189361
2036-02-02 19:00:00+01:00,86.41134486158907
2036-02-02 20:00:00+01:00,79.79112269397258
2036-02-02 21:00:00+01:00,76.63320062551183
2036-02-02 22:00:00+01:00,78.66238749681192
2036-02-02 23:00:00+01:00,72.37190819578169
2036-02-03 00:00:00+01:00,68.07256851221464
2036-02-03 01:00:00+01:00,77.29268635868436
2036-02-03 02:00:00+01:00,68.70668940949592
2036-02-03 03:00:00+01:00,68.5418179762028
2036-02-03 04:00:00+01:00,68.03452125837777
2036-02-03 05:00:00+01:00,66.28434758188146
2036-02-03 06:00:00+01:00,68.07256851221464
2036-02-03 07:00:00+01:00,68.07256851221464
2036-02-03 08:00:00+01:00,67.59063663028088
2036-02-03 09:00:00+01:00,63.963465097832014
2036-02-03 10:00:00+01:00,64.5088090694939
2036-02-03 11:00:00+01:00,58.091505589007426
2036-02-03 12:00:00+01:00,36.36652364815102
2036-02-03 13:00:00+01:00,20.906656172433586
2036-02-03 14:00:00+01:00,36.214334632803514
2036-02-03 15:00:00+01:00,59.600713324536855
2036-02-03 16:00:00+01:00,79.95599412726571
2036-02-03 17:00:00+01:00,80.62816227838385
2036-02-03 18:00:00+01:00,81.05936448853512
2036-02-03 19:00:00+01:00,80.69157436811199
2036-02-03 20:00:00+01:00,80.47597326303635
2036-02-03 21:00:00+01:00,79.91794687342883
2036-02-03 22:00:00+01:00,80.03208863493947
2036-02-03 23:00:00+01:00,68.12329818399716
2036-02-04 00:00:00+01:00,77.34341603046686
2036-02-04 01:00:00+01:00,68.57986523003967
2036-02-04 02:00:00+01:00,64.42003214387452
2036-02-04 03:00:00+01:00,58.2310121864093
2036-02-04 04:00:00+01:00,51.940532885379085
2036-02-04 05:00:00+01:00,58.26905944024618
2036-02-04 06:00:00+01:00,59.58803090659123
2036-02-04 07:00:00+01:00,65.94192229734958
2036-02-04 08:00:00+01:00,58.30710669408306
2036-02-04 09:00:00+01:00,51.953215303324704
2036-02-04 10:00:00+01:00,5.104363412184284
2036-02-04 11:00:00+01:00,8.122778883243129
2036-02-04 12:00:00+01:00,-4.242578613741685
2036-02-04 13:00:00+01:00,-10.418916153261293
2036-02-04 14:00:00+01:00,-5.9800698722923755
2036-02-04 15:00:00+01:00,11.749950415692012
2036-02-04 16:00:00+01:00,49.46746138598212
2036-02-04 17:00:00+01:00,78.85262376599628
2036-02-04 18:00:00+01:00,78.3072797943344
2036-02-04 19:00:00+01:00,78.11704352515001
2036-02-04 20:00:00+01:00,77.78730065856377
2036-02-04 21:00:00+01:00,80.09550072466759
2036-02-04 22:00:00+01:00,80.01940621699383
2036-02-04 23:00:00+01:00,78.82725893010505
2036-02-05 00:00:00+01:00,68.02183884043215
2036-02-05 01:00:00+01:00,64.66099808484141
2036-02-05 02:00:00+01:00,62.137196913661946
2036-02-05 03:00:00+01:00,63.06301342369261
2036-02-05 04:00:00+01:00,63.18983760314886
2036-02-05 05:00:00+01:00,78.29459737638877
2036-02-05 06:00:00+01:00,79.71502818629882
2036-02-05 07:00:00+01:00,82.54320738817331
2036-02-05 08:00:00+01:00,85.80258880019905
2036-02-05 09:00:00+01:00,83.53243598793209
2036-02-05 10:00:00+01:00,71.25585541656665
2036-02-05 11:00:00+01:00,74.69279067983113
2036-02-05 12:00:00+01:00,51.242999898369675
2036-02-05 13:00:00+01:00,47.19730857371516
2036-02-05 14:00:00+01:00,57.102276989248644
2036-02-05 15:00:00+01:00,68.59254764798531
2036-02-05 16:00:00+01:00,79.11895454285442
2036-02-05 17:00:00+01:00,83.49438873409522
2036-02-05 18:00:00+01:00,88.96051086865977
2036-02-05 19:00:00+01:00,86.0816019950028
2036-02-05 20:00:00+01:00,81.08472932442638
2036-02-05 21:00:00+01:00,68.61791248387655
2036-02-05 22:00:00+01:00,68.57986523003967
2036-02-05 23:00:00+01:00,62.09914965982507
2036-02-06 00:00:00+01:00,58.85245066574495
2036-02-06 01:00:00+01:00,58.62416714272369
2036-02-06 02:00:00+01:00,58.51002538121307
2036-02-06 03:00:00+01:00,58.43393087353931
2036-02-06 04:00:00+01:00,58.26905944024618
2036-02-06 05:00:00+01:00,61.24942765746816
2036-02-06 06:00:00+01:00,76.44296435632747
2036-02-06 07:00:00+01:00,82.58125464201018
2036-02-06 08:00:00+01:00,85.20651515675465
2036-02-06 09:00:00+01:00,82.11200517802203
2036-02-06 10:00:00+01:00,71.49682135753352
2036-02-06 11:00:00+01:00,67.38771794315089
2036-02-06 12:00:00+01:00,66.27166516393584
2036-02-06 13:00:00+01:00,64.6483156668958
2036-02-06 14:00:00+01:00,59.5753484886456
2036-02-06 15:00:00+01:00,61.92159580858631
2036-02-06 16:00:00+01:00,78.37069188406252
2036-02-06 17:00:00+01:00,82.27687661131516
2036-02-06 18:00:00+01:00,82.80953816503144
2036-02-06 19:00:00+01:00,81.19887108593701
2036-02-06 20:00:00+01:00,77.36878086635811
2036-02-06 21:00:00+01:00,69.0871619478647
2036-02-06 22:00:00+01:00,69.48031690417908
2036-02-06 23:00:00+01:00,62.492304616139464
2036-02-07 00:00:00+01:00,69.9876136220041
2036-02-07 01:00:00+01:00,69.53104657596158
2036-02-07 02:00:00+01:00,69.41690481445096
2036-02-07 03:00:00+01:00,69.48031690417908
2036-02-07 04:00:00+01:00,68.65595973771343
2036-02-07 05:00:00+01:00,70.48222792188349
2036-02-07 06:00:00+01:00,71.06561914738225
2036-02-07 07:00:00+01:00,83.6338953314971
2036-02-07 08:00:00+01:00,88.03469435862912
2036-02-07 09:00:00+01:00,85.23187999264589
2036-02-07 10:00:00+01:00,81.40178977306701
2036-02-07 11:00:00+01:00,80.86912821935074
2036-02-07 12:00:00+01:00,81.38910735512138
2036-02-07 13:00:00+01:00,82.87295025475956
2036-02-07 14:00:00+01:00,89.31561857113729
2036-02-07 15:00:00+01:00,94.17298464431184
2036-02-07 16:00:00+01:00,98.05380453567322
2036-02-07 17:00:00+01:00,121.66846675042783
2036-02-07 18:00:00+01:00,126.842893272243
2036-02-07 19:00:00+01:00,108.90995429712862
2036-02-07 20:00:00+01:00,97.2421297871532
2036-02-07 21:00:00+01:00,88.36443722521538
2036-02-07 22:00:00+01:00,86.1830613385678
2036-02-07 23:00:00+01:00,81.45251944484951
2036-02-08 00:00:00+01:00,80.19696006823258
2036-02-08 01:00:00+01:00,75.77079620520931
2036-02-08 02:00:00+01:00,74.35036539529925
2036-02-08 03:00:00+01:00,72.89188733155234
2036-02-08 04:00:00+01:00,72.89188733155234
2036-02-08 05:00:00+01:00,79.74039302219008
2036-02-08 06:00:00+01:00,93.23448571633556
2036-02-08 07:00:00+01:00,115.54285888269074
2036-02-08 08:00:00+01:00,133.0192308117626
2036-02-08 09:00:00+01:00,116.0247907646245
2036-02-08 10:00:00+01:00,100.1844507505383
2036-02-08 11:00:00+01:00,97.64796716141322
2036-02-08 12:00:00+01:00,93.64032309059559
2036-02-08 13:00:00+01:00,91.90283183204488
2036-02-08 14:00:00+01:00,93.67837034443247
2036-02-08 15:00:00+01:00,97.01384626413196
2036-02-08 16:00:00+01:00,101.36391561948147
2036-02-08 17:00:00+01:00,105.01645198782161
2036-02-08 18:00:00+01:00,100.95807824522146
2036-02-08 19:00:00+01:00,90.57117794775422
2036-02-08 20:00:00+01:00,83.82413160068147
2036-02-08 21:00:00+01:00,81.61739087814264
2036-02-08 22:00:00+01:00,81.503249116632
2036-02-08 23:00:00+01:00,72.09289500097792
2036-02-09 00:00:00+01:00,71.21780816272977
2036-02-09 01:00:00+01:00,71.10366640121913
2036-02-09 02:00:00+01:00,68.52913555825717
2036-02-09 03:00:00+01:00,68.38962896085529
2036-02-09 04:00:00+01:00,70.59636968339413
2036-02-09 05:00:00+01:00,71.56023344726165
2036-02-09 06:00:00+01:00,77.30536877662999
2036-02-09 07:00:00+01:00,84.94018437989652
2036-02-09 08:00:00+01:00,84.9275019619509
2036-02-09 09:00:00+01:00,79.28382597614755
2036-02-09 10:00:00+01:00,79.28382597614755
2036-02-09 11:00:00+01:00,82.3910183728258
2036-02-09 12:00:00+01:00,81.45251944484951
2036-02-09 13:00:00+01:00,81.70616780376201
2036-02-09 14:00:00+01:00,81.52861395252326
2036-02-09 15:00:00+01:00,82.13737001391328
2036-02-09 16:00:00+01:00,86.39866244364343
2036-02-09 17:00:00+01:00,92.68914174467368
2036-02-09 18:00:00+01:00,92.89206043180367
2036-02-09 19:00:00+01:00,88.78295701742101
2036-02-09 20:00:00+01:00,82.36565353693454
2036-02-09 21:00:00+01:00,78.52288089941004
2036-02-09 22:00:00+01:00,77.30536877662999
2036-02-09 23:00:00+01:00,70.93879496792601
2036-02-10 00:00:00+01:00,65.73900361021958
2036-02-10 01:00:00+01:00,63.30397936465949
2036-02-10 02:00:00+01:00,61.541123270217554
2036-02-10 03:00:00+01:00,61.465028762543795
2036-02-10 04:00:00+01:00,59.39779463740685
2036-02-10 05:00:00+01:00,61.47771118048943
2036-02-10 06:00:00+01:00,61.832818882966926
2036-02-10 07:00:00+01:00,69.25203338115783
2036-02-10 08:00:00+01:00,74.14744670816926
2036-02-10 09:00:00+01:00,74.22354121584301
2036-02-10 10:00:00+01:00,69.45495206828782
2036-02-10 11:00:00+01:00,67.23552892780337
2036-02-10 12:00:00+01:00,66.08142889475147
2036-02-10 13:00:00+01:00,65.7009563563827
2036-02-10 14:00:00+01:00,66.65213770230461
2036-02-10 15:00:00+01:00,72.47336753934668
2036-02-10 16:00:00+01:00,81.56666120636014
2036-02-10 17:00:00+01:00,86.53816904104532
2036-02-10 18:00:00+01:00,88.27566029959601
2036-02-10 19:00:00+01:00,81.0466820705895
2036-02-10 20:00:00+01:00,74.32500055940801
2036-02-10 21:00:00+01:00,68.11061576605152
2036-02-10 22:00:00+01:00,68.94765535046282
2036-02-10 23:00:00+01:00,64.28052554647265
2036-02-11 00:00:00+01:00,55.85940003057735
2036-02-11 01:00:00+01:00,56.16377806127235
2036-02-11 02:00:00+01:00,52.94244390308349
2036-02-11 03:00:00+01:00,52.48587685704098
2036-02-11 04:00:00+01:00,46.62659976616201
2036-02-11 05:00:00+01:00,44.38181178978631
2036-02-11 06:00:00+01:00,53.931672502842275
2036-02-11 07:00:00+01:00,54.794076923144814
2036-02-11 08:00:00+01:00,59.14414627849434
2036-02-11 09:00:00+01:00,59.4738891450806
2036-02-11 10:00:00+01:00,60.754813357588766
2036-02-11 11:00:00+01:00,61.934278226531944
2036-02-11 12:00:00+01:00,60.80554302937128
2036-02-11 13:00:00+01:00,58.649531978614945
2036-02-11 14:00:00+01:00,58.1295528428443
2036-02-11 15:00:00+01:00,62.07378482393382
2036-02-11 16:00:00+01:00,67.34967068931401
2036-02-11 17:00:00+01:00,78.89067101983316
2036-02-11 18:00:00+01:00,82.44174804460829
2036-02-11 19:00:00+01:00,80.46329084509074
2036-02-11 20:00:00+01:00,77.34341603046686
2036-02-11 21:00:00+01:00,69.50568174007034
2036-02-11 22:00:00+01:00,66.94383331505398
2036-02-11 23:00:00+01:00,60.33629356538313
2036-02-12 00:00:00+01:00,62.59376395970446
2036-02-12 01:00:00+01:00,60.69140126786064
2036-02-12 02:00:00+01:00,58.941227591364324
2036-02-12 03:00:00+01:00,57.102276989248644
2036-02-12 04:00:00+01:00,59.54998365275436
2036-02-12 05:00:00+01:00,63.13910793136635
2036-02-12 06:00:00+01:00,78.64970507886629
2036-02-12 07:00:00+01:00,91.95356150382739
2036-02-12 08:00:00+01:00,99.11912764310577
2036-02-12 09:00:00+01:00,92.51158789343492
2036-02-12 10:00:00+01:00,84.81336020044026
2036-02-12 11:00:00+01:00,80.03208863493947
2036-02-12 12:00:00+01:00,73.86843351336549
2036-02-12 13:00:00+01:00,73.01871151100859
2036-02-12 14:00:00+01:00,73.19626536224735
2036-02-12 15:00:00+01:00,79.04286003518068
2036-02-12 16:00:00+01:00,81.27496559361076
2036-02-12 17:00:00+01:00,89.78486803512544
2036-02-12 18:00:00+01:00,104.21745965724719
2036-02-12 19:00:00+01:00,97.92698035621697
2036-02-12 20:00:00+01:00,86.71572289228408
2036-02-12 21:00:00+01:00,79.62625126067944
2036-02-12 22:00:00+01:00,76.74734238702247
2036-02-12 23:00:00+01:00,65.54876734103519
2036-02-13 00:00:00+01:00,66.4999486869571
2036-02-13 01:00:00+01:00,64.67368050278704
2036-02-13 02:00:00+01:00,65.04147062321016
2036-02-13 03:00:00+01:00,66.6014080305221
2036-02-13 04:00:00+01:00,66.63945528435897
2036-02-13 05:00:00+01:00,66.67750253819585
2036-02-13 06:00:00+01:00,78.64970507886629
2036-02-13 07:00:00+01:00,88.70686250974728
2036-02-13 08:00:00+01:00,92.9554725215318
2036-02-13 09:00:00+01:00,86.69035805639282
2036-02-13 10:00:00+01:00,78.44678639173628
2036-02-13 11:00:00+01:00,75.97371489233932
2036-02-13 12:00:00+01:00,72.76506315209608
2036-02-13 13:00:00+01:00,71.3826795960229
2036-02-13 14:00:00+01:00,69.79737735281971
2036-02-13 15:00:00+01:00,76.02444456412182
2036-02-13 16:00:00+01:00,84.87677229016838
2036-02-13 17:00:00+01:00,95.83438139518877
2036-02-13 18:00:00+01:00,101.44001012715523
2036-02-13 19:00:00+01:00,97.3943188025007
2036-02-13 20:00:00+01:00,83.06318652394395
2036-02-13 21:00:00+01:00,78.71311716859441
2036-02-13 22:00:00+01:00,75.60592477191618
2036-02-13 23:00:00+01:00,67.51454212260714
2036-02-14 00:00:00+01:00,59.53730123480872
2036-02-14 01:00:00+01:00,58.180282514626796
2036-02-14 02:00:00+01:00,58.26905944024618
2036-02-14 03:00:00+01:00,56.430108838130494
2036-02-14 04:00:00+01:00,58.1295528428443
2036-02-14 05:00:00+01:00,60.678718849915015
2036-02-14 06:00:00+01:00,72.76506315209608
2036-02-14 07:00:00+01:00,78.78921167626817
2036-02-14 08:00:00+01:00,84.19192172110462
2036-02-14 09:00:00+01:00,76.21468083330619
2036-02-14 10:00:00+01:00,72.20703676248856
2036-02-14 11:00:00+01:00,65.9546047152952
2036-02-14 12:00:00+01:00,59.79094959372124
2036-02-14 13:00:00+01:00,59.61339574248248
2036-02-14 14:00:00+01:00,65.24438931034018
2036-02-14 15:00:00+01:00,69.84810702460223
2036-02-14 16:00:00+01:00,74.98448629258053
2036-02-14 17:00:00+01:00,81.27496559361076
2036-02-14 18:00:00+01:00,86.17037892062218
2036-02-14 19:00:00+01:00,84.64848876714713
2036-02-14 20:00:00+01:00,76.51905886400122
2036-02-14 21:00:00+01:00,72.37190819578169
2036-02-14 22:00:00+01:00,68.09793334810591
2036-02-14 23:00:00+01:00,59.30901771178746
2036-02-15 00:00:00+01:00,60.66603643196939
2036-02-15 01:00:00+01:00,62.08646724187943
2036-02-15 02:00:00+01:00,61.274792493359406
2036-02-15 03:00:00+01:00,61.224062821576915
2036-02-15 04:00:00+01:00,60.85627270115377
2036-02-15 05:00:00+01:00,61.47771118048943
2036-02-15 06:00:00+01:00,72.98066425717171
2036-02-15 07:00:00+01:00,84.26801622877836
2036-02-15 08:00:00+01:00,84.45825249796275
2036-02-15 09:00:00+01:00,75.94835005644806
2036-02-15 10:00:00+01:00,69.86078944254785
2036-02-15 11:00:00+01:00,67.23552892780337
2036-02-15 12:00:00+01:00,64.11565411317952
2036-02-15 13:00:00+01:00,62.86009473656259
2036-02-15 14:00:00+01:00,65.45999041541582
2036-02-15 15:00:00+01:00,69.75933009898283
2036-02-15 16:00:00+01:00,80.36183150152573
2036-02-15 17:00:00+01:00,86.52548662309971
2036-02-15 18:00:00+01:00,90.0638812299292
2036-02-15 19:00:00+01:00,82.93636234448768
2036-02-15 20:00:00+01:00,71.6236455369898
2036-02-15 21:00:00+01:00,68.46572346852905
2036-02-15 22:00:00+01:00,63.9127354260495
2036-02-15 23:00:00+01:00,61.08455622417504
2036-02-16 00:00:00+01:00,56.44279125607612
2036-02-16 01:00:00+01:00,56.950087973901134
2036-02-16 02:00:00+01:00,56.709122032934246
2036-02-16 03:00:00+01:00,57.254466004596146
2036-02-16 04:00:00+01:00,57.71103305063866
2036-02-16 05:00:00+01:00,57.29251325843302
2036-02-16 06:00:00+01:00,65.87851020762146
2036-02-16 07:00:00+01:00,69.91151911433035
2036-02-16 08:00:00+01:00,71.88997631384792
2036-02-16 09:00:00+01:00,66.72823220997837
2036-02-16 10:00:00+01:00,59.448524309189345
2036-02-16 11:00:00+01:00,59.71485508604748
2036-02-16 12:00:00+01:00,59.23292320411372
2036-02-16 13:00:00+01:00,59.169511114385585
2036-02-16 14:00:00+01:00,58.814403411908074
2036-02-16 15:00:00+01:00,60.361658401274376
2036-02-16 16:00:00+01:00,66.86773880738025
2036-02-16 17:00:00+01:00,70.87538287819788
2036-02-16 18:00:00+01:00,73.15821810841047
2036-02-16 19:00:00+01:00,71.6236455369898
2036-02-16 20:00:00+01:00,68.08525093016029
2036-02-16 21:00:00+01:00,61.69331228556504
2036-02-16 22:00:00+01:00,60.907002372936276
2036-02-16 23:00:00+01:00,56.17646047921798
2036-02-17 00:00:00+01:00,58.941227591364324
2036-02-17 01:00:00+01:00,58.0788231710618
2036-02-17 02:00:00+01:00,55.732575851121084
2036-02-17 03:00:00+01:00,55.757940687012336
2036-02-17 04:00:00+01:00,55.14918462562231
2036-02-17 05:00:00+01:00,54.096543936135404
2036-02-17 06:00:00+01:00,58.16760009668118
2036-02-17 07:00:00+01:00,65.86582778967583
2036-02-17 08:00:00+01:00,68.26280478139904
2036-02-17 09:00:00+01:00,66.72823220997837
2036-02-17 10:00:00+01:00,61.05919138828377
2036-02-17 11:00:00+01:00,58.37051878381119
2036-02-17 12:00:00+01:00,58.35783636586555
2036-02-17 13:00:00+01:00,54.248732951482914
2036-02-17 14:00:00+01:00,56.29060224072862
2036-02-17 15:00:00+01:00,65.39657832568768
2036-02-17 16:00:00+01:00,73.74160933390922
2036-02-17 17:00:00+01:00,80.98326998086137
2036-02-17 18:00:00+01:00,84.85140745427714
2036-02-17 19:00:00+01:00,88.92246361482292
2036-02-17 20:00:00+01:00,78.14240836104128
2036-02-17 21:00:00+01:00,72.70165106236794
2036-02-17 22:00:00+01:00,70.735876280796
2036-02-17 23:00:00+01:00,66.63945528435897
2036-02-18 00:00:00+01:00,57.064229735411764
2036-02-18 01:00:00+01:00,55.237961551241696
2036-02-18 02:00:00+01:00,53.424375785017254
2036-02-18 03:00:00+01:00,46.88024812507452
2036-02-18 04:00:00+01:00,46.85488328918326
2036-02-18 05:00:00+01:00,48.56700971184271
2036-02-18 06:00:00+01:00,46.48709316876013
2036-02-18 07:00:00+01:00,47.2226734096064
2036-02-18 08:00:00+01:00,46.93097779685702
2036-02-18 09:00:00+01:00,46.753423945618266
2036-02-18 10:00:00+01:00,42.035564469845596
2036-02-18 11:00:00+01:00,37.59671818887669
2036-02-18 12:00:00+01:00,34.71780931521971
2036-02-18 13:00:00+01:00,29.847760824099538
2036-02-18 14:00:00+01:00,40.526356734316174
2036-02-18 15:00:00+01:00,50.73570318054466
2036-02-18 16:00:00+01:00,54.87017143081856
2036-02-18 17:00:00+01:00,68.49108830442029
2036-02-18 18:00:00+01:00,70.03834329378661
2036-02-18 19:00:00+01:00,68.49108830442029
2036-02-18 20:00:00+01:00,62.543034287921955
2036-02-18 21:00:00+01:00,55.402832984534825
2036-02-18 22:00:00+01:00,55.047725282057314
2036-02-18 23:00:00+01:00,52.460512021149725
2036-02-19 00:00:00+01:00,49.898663596133375
2036-02-19 01:00:00+01:00,48.947482250211465
2036-02-19 02:00:00+01:00,48.947482250211465
2036-02-19 03:00:00+01:00,49.55623831160149
2036-02-19 04:00:00+01:00,50.15231195504589
2036-02-19 05:00:00+01:00,50.989351539457175
2036-02-19 06:00:00+01:00,63.29129694671386
2036-02-19 07:00:00+01:00,70.21589714502537
2036-02-19 08:00:00+01:00,72.80311040593296
2036-02-19 09:00:00+01:00,69.15057403759282
2036-02-19 10:00:00+01:00,65.6502266846002
2036-02-19 11:00:00+01:00,64.06492444139701
2036-02-19 12:00:00+01:00,61.426981508706916
2036-02-19 13:00:00+01:00,60.513847416621886
2036-02-19 14:00:00+01:00,60.80554302937128
2036-02-19 15:00:00+01:00,63.456168380006986
2036-02-19 16:00:00+01:00,67.43844761493338
2036-02-19 17:00:00+01:00,71.87729389590228
2036-02-19 18:00:00+01:00,83.49438873409522
2036-02-19 19:00:00+01:00,76.63320062551183
2036-02-19 20:00:00+01:00,68.42767621469217
2036-02-19 21:00:00+01:00,65.99265196913207
2036-02-19 22:00:00+01:00,65.04147062321016
2036-02-19 23:00:00+01:00,61.04650897033816
2036-02-20 00:00:00+01:00,52.79025488773598
2036-02-20 01:00:00+01:00,51.522013093173435
2036-02-20 02:00:00+01:00,51.44591858549969
2036-02-20 03:00:00+01:00,50.53278449341465
2036-02-20 04:00:00+01:00,50.329865806284644
2036-02-20 05:00:00+01:00,57.29251325843302
2036-02-20 06:00:00+01:00,70.05102571173222
2036-02-20 07:00:00+01:00,84.66117118509274
2036-02-20 08:00:00+01:00,87.1215602665441
2036-02-20 09:00:00+01:00,73.28504228786672
2036-02-20 10:00:00+01:00,68.89692567868032
2036-02-20 11:00:00+01:00,64.97805853348204
2036-02-20 12:00:00+01:00,59.61339574248248
2036-02-20 13:00:00+01:00,54.67993516163418
2036-02-20 14:00:00+01:00,54.42628680272166
2036-02-20 15:00:00+01:00,64.42003214387452
2036-02-20 16:00:00+01:00,66.48726626901147
2036-02-20 17:00:00+01:00,69.81005977076535
2036-02-20 18:00:00+01:00,79.0048127813438
2036-02-20 19:00:00+01:00,76.12590390768682
2036-02-20 20:00:00+01:00,71.01488947559976
2036-02-20 21:00:00+01:00,64.72441017456953
2036-02-20 22:00:00+01:00,62.1118320777707
2036-02-20 23:00:00+01:00,54.375557130939164
2036-02-21 00:00:00+01:00,49.213813027069605
2036-02-21 01:00:00+01:00,49.44209655009086
2036-02-21 02:00:00+01:00,49.45477896803649
2036-02-21 03:00:00+01:00,49.606967983383996
2036-02-21 04:00:00+01:00,49.366002042417115
2036-02-21 05:00:00+01:00,49.45477896803649
2036-02-21 06:00:00+01:00,63.202520021094486
2036-02-21 07:00:00+01:00,69.54372899390722
2036-02-21 08:00:00+01:00,74.43914232091865
2036-02-21 09:00:00+01:00,66.55067835873962
2036-02-21 10:00:00+01:00,63.25324969287698
2036-02-21 11:00:00+01:00,60.678718849915015
2036-02-21 12:00:00+01:00,56.46815609196737
2036-02-21 13:00:00+01:00,56.747169286771125
2036-02-21 14:00:00+01:00,59.4738891450806
2036-02-21 15:00:00+01:00,62.75863539299759
2036-02-21 16:00:00+01:00,64.38198489003764
2036-02-21 17:00:00+01:00,65.0034233693733
2036-02-21 18:00:00+01:00,65.25707172828581
2036-02-21 19:00:00+01:00,64.34393763620076
2036-02-21 20:00:00+01:00,63.41812112617011
2036-02-21 21:00:00+01:00,54.83212417698168
2036-02-21 22:00:00+01:00,52.53660652882348
2036-02-21 23:00:00+01:00,48.97284708610272
2036-02-22 00:00:00+01:00,51.73761419824907
2036-02-22 01:00:00+01:00,51.07812846507655
2036-02-22 02:00:00+01:00,51.230317480424056
2036-02-22 03:00:00+01:00,50.989351539457175
2036-02-22 04:00:00+01:00,50.989351539457175
2036-02-22 05:00:00+01:00,50.761068016435914
2036-02-22 06:00:00+01:00,61.38893425487004
2036-02-22 07:00:00+01:00,70.45686308599225
2036-02-22 08:00:00+01:00,72.53677962907483
2036-02-22 09:00:00+01:00,66.77896188176086
2036-02-22 10:00:00+01:00,63.98882993372325
2036-02-22 11:00:00+01:00,60.46311774483939
2036-02-22 12:00:00+01:00,55.82135277674047
2036-02-22 13:00:00+01:00,60.70408368580627
2036-02-22 14:00:00+01:00,59.06805177082059
2036-02-22 15:00:00+01:00,58.814403411908074
2036-02-22 16:00:00+01:00,61.49039359843504
2036-02-22 17:00:00+01:00,61.5664881061088
2036-02-22 18:00:00+01:00,64.17906620290765
2036-02-22 19:00:00+01:00,61.426981508706916
2036-02-22 20:00:00+01:00,58.37051878381119
2036-02-22 21:00:00+01:00,52.752207633899104
2036-02-22 22:00:00+01:00,52.72684279800786
2036-02-22 23:00:00+01:00,49.416731714199614
2036-02-23 00:00:00+01:00,51.31909440604343
2036-02-23 01:00:00+01:00,51.49664825728219
2036-02-23 02:00:00+01:00,52.28295816991097
2036-02-23 03:00:00+01:00,50.253771298610886
2036-02-23 04:00:00+01:00,50.15231195504589
2036-02-23 05:00:00+01:00,52.460512021149725
2036-02-23 06:00:00+01:00,53.145362590213495
2036-02-23 07:00:00+01:00,63.456168380006986
2036-02-23 08:00:00+01:00,65.21902447444893
2036-02-23 09:00:00+01:00,55.111137371785446
2036-02-23 10:00:00+01:00,51.57274276495593
2036-02-23 11:00:00+01:00,52.01662739305283
2036-02-23 12:00:00+01:00,50.44400756779528
2036-02-23 13:00:00+01:00,50.34254822423027
2036-02-23 14:00:00+01:00,50.39327789601277
2036-02-23 15:00:00+01:00,51.57274276495593
2036-02-23 16:00:00+01:00,54.50238131039542
2036-02-23 17:00:00+01:00,69.61982350158095
2036-02-23 18:00:00+01:00,77.82534791240064
2036-02-23 19:00:00+01:00,77.43219295608625
2036-02-23 20:00:00+01:00,69.45495206828782
2036-02-23 21:00:00+01:00,66.52531352284835
2036-02-23 22:00:00+01:00,63.30397936465949
2036-02-23 23:00:00+01:00,60.10801004236187
2036-02-24 00:00:00+01:00,60.881637537045016
2036-02-24 01:00:00+01:00,55.694528597284204
2036-02-24 02:00:00+01:00,52.33368784169346
2036-02-24 03:00:00+01:00,51.42055374960843
2036-02-24 04:00:00+01:00,51.73761419824907
2036-02-24 05:00:00+01:00,53.36096369528913
2036-02-24 06:00:00+01:00,60.792860611425645
2036-02-24 07:00:00+01:00,67.37503552520525
2036-02-24 08:00:00+01:00,66.84237397148898
2036-02-24 09:00:00+01:00,54.81944175903605
2036-02-24 10:00:00+01:00,49.40404929625399
2036-02-24 11:00:00+01:00,45.612006330511974
2036-02-24 12:00:00+01:00,39.46103362688363
2036-02-24 13:00:00+01:00,27.9327157143101
2036-02-24 14:00:00+01:00,46.106620630391376
2036-02-24 15:00:00+01:00,48.313361352930194
2036-02-24 16:00:00+01:00,55.63111650755609
2036-02-24 17:00:00+01:00,71.57291586520728
2036-02-24 18:00:00+01:00,82.3910183728258
2036-02-24 19:00:00+01:00,78.67506991475753
2036-02-24 20:00:00+01:00,70.43149825010099
2036-02-24 21:00:00+01:00,60.69140126786064
2036-02-24 22:00:00+01:00,60.678718849915015
2036-02-24 23:00:00+01:00,54.5911582360148
2036-02-25 00:00:00+01:00,55.77062310495796
2036-02-25 01:00:00+01:00,54.159956025863536
2036-02-25 02:00:00+01:00,51.242999898369675
2036-02-25 03:00:00+01:00,50.570831747251525
2036-02-25 04:00:00+01:00,50.10158228326338
2036-02-25 05:00:00+01:00,50.78643285232716
2036-02-25 06:00:00+01:00,51.674202108520944
2036-02-25 07:00:00+01:00,52.980491156920365
2036-02-25 08:00:00+01:00,53.62729447214727
2036-02-25 09:00:00+01:00,50.74838559849029
2036-02-25 10:00:00+01:00,49.251860280906484
2036-02-25 11:00:00+01:00,40.31075562924054
2036-02-25 12:00:00+01:00,34.29928952301407
2036-02-25 13:00:00+01:00,28.541471775700117
2036-02-25 14:00:00+01:00,34.15978292561219
2036-02-25 15:00:00+01:00,46.94366021480265
2036-02-25 16:00:00+01:00,62.137196913661946
2036-02-25 17:00:00+01:00,71.07830156532789
2036-02-25 18:00:00+01:00,73.20894778019297
2036-02-25 19:00:00+01:00,75.45373575656868
2036-02-25 20:00:00+01:00,69.0871619478647
2036-02-25 21:00:00+01:00,63.63372223124574
2036-02-25 22:00:00+01:00,62.07378482393382
2036-02-25 23:00:00+01:00,57.93931657365992
2036-02-26 00:00:00+01:00,55.16186704356795
2036-02-26 01:00:00+01:00,53.36096369528913
2036-02-26 02:00:00+01:00,51.940532885379085
2036-02-26 03:00:00+01:00,51.07812846507655
2036-02-26 04:00:00+01:00,52.118086736617826
2036-02-26 05:00:00+01:00,55.37746814864357
2036-02-26 06:00:00+01:00,69.70860042720034
2036-02-26 07:00:00+01:00,81.36374251923013
2036-02-26 08:00:00+01:00,84.4328876620715
2036-02-26 09:00:00+01:00,75.07326321819991
2036-02-26 10:00:00+01:00,68.21207510961653
2036-02-26 11:00:00+01:00,63.43080354411574
2036-02-26 12:00:00+01:00,63.03764858780134
2036-02-26 13:00:00+01:00,62.51766945203071
2036-02-26 14:00:00+01:00,62.55571670586758
2036-02-26 15:00:00+01:00,63.836640918375764
2036-02-26 16:00:00+01:00,67.97110916864965
2036-02-26 17:00:00+01:00,78.47215122762752
2036-02-26 18:00:00+01:00,86.48743936926283
2036-02-26 19:00:00+01:00,80.47597326303635
2036-02-26 20:00:00+01:00,71.87729389590228
2036-02-26 21:00:00+01:00,66.24630032804458
2036-02-26 22:00:00+01:00,65.06683545910143
2036-02-26 23:00:00+01:00,61.744041957347555
2036-02-27 00:00:00+01:00,59.54998365275436
2036-02-27 01:00:00+01:00,54.31214504121104
2036-02-27 02:00:00+01:00,53.817530741331645
2036-02-27 03:00:00+01:00,52.7014779621166
2036-02-27 04:00:00+01:00,54.438969220667296
2036-02-27 05:00:00+01:00,62.35279801873758
2036-02-27 06:00:00+01:00,72.73969831620482
2036-02-27 07:00:00+01:00,89.34098340702855
2036-02-27 08:00:00+01:00,96.2402187694488
2036-02-27 09:00:00+01:00,78.83994134805067
2036-02-27 10:00:00+01:00,72.91725216744358
2036-02-27 11:00:00+01:00,70.30467407064474
2036-02-27 12:00:00+01:00,66.30971241777272
2036-02-27 13:00:00+01:00,65.81509811789331
2036-02-27 14:00:00+01:00,66.65213770230461
2036-02-27 15:00:00+01:00,69.74664768103722
2036-02-27 16:00:00+01:00,83.34219971874771
2036-02-27 17:00:00+01:00,103.2662783113253
2036-02-27 18:00:00+01:00,121.61773707864532
2036-02-27 19:00:00+01:00,114.45217093936695
2036-02-27 20:00:00+01:00,90.34289442473295
2036-02-27 21:00:00+01:00,75.69470169753555
2036-02-27 22:00:00+01:00,72.20703676248856
2036-02-27 23:00:00+01:00,66.67750253819585
2036-02-28 00:00:00+01:00,66.19557065626209
2036-02-28 01:00:00+01:00,64.22979587469014
2036-02-28 02:00:00+01:00,62.75863539299759
2036-02-28 03:00:00+01:00,60.792860611425645
2036-02-28 04:00:00+01:00,60.716766103751894
2036-02-28 05:00:00+01:00,65.23170689239456
2036-02-28 06:00:00+01:00,74.24890605173425
2036-02-28 07:00:00+01:00,104.26818932902971
2036-02-28 08:00:00+01:00,108.54216417670548
2036-02-28 09:00:00+01:00,85.39675142593903
2036-02-28 10:00:00+01:00,74.14744670816926
2036-02-28 11:00:00+01:00,68.21207510961653
2036-02-28 12:00:00+01:00,65.43462557952456
2036-02-28 13:00:00+01:00,65.96728713324083
2036-02-28 14:00:00+01:00,66.7028673740871
2036-02-28 15:00:00+01:00,69.0871619478647
2036-02-28 16:00:00+01:00,73.31040712375797
2036-02-28 17:00:00+01:00,83.96363819808334
2036-02-28 18:00:00+01:00,96.84897483083883
2036-02-28 19:00:00+01:00,83.82413160068147
2036-02-28 20:00:00+01:00,72.8792049136067
2036-02-28 21:00:00+01:00,65.3458486539052
2036-02-28 22:00:00+01:00,63.90005300810388
2036-02-28 23:00:00+01:00,60.69140126786064
2036-02-29 00:00:00+01:00,55.276008805078575
2036-02-29 01:00:00+01:00,53.00585599281162
2036-02-29 02:00:00+01:00,52.71416038006224
2036-02-29 03:00:00+01:00,52.72684279800786
2036-02-29 04:00:00+01:00,52.52392411087784
2036-02-29 05:00:00+01:00,59.53730123480872
2036-02-29 06:00:00+01:00,67.28625859958589
2036-02-29 07:00:00+01:00,71.36999717807728
2036-02-29 08:00:00+01:00,72.01680049330416
2036-02-29 09:00:00+01:00,67.05797507656462
2036-02-29 10:00:00+01:00,62.09914965982507
2036-02-29 11:00:00+01:00,59.53730123480872
2036-02-29 12:00:00+01:00,53.32291644145225
2036-02-29 13:00:00+01:00,52.48587685704098
2036-02-29 14:00:00+01:00,52.61270103649723
2036-02-29 15:00:00+01:00,60.26019905770937
2036-02-29 16:00:00+01:00,67.8442849891934
2036-02-29 17:00:00+01:00,73.0694411827911
2036-02-29 18:00:00+01:00,79.46137982738631
2036-02-29 19:00:00+01:00,74.73083793366801
2036-02-29 20:00:00+01:00,69.60714108363534
2036-02-29 21:00:00+01:00,64.48344423360265
2036-02-29 22:00:00+01:00,62.94887166218198
2036-02-29 23:00:00+01:00,59.131463860548706
2036-03-01 00:00:00+01:00,61.23674523952253
2036-03-01 01:00:00+01:00,60.69140126786064
2036-03-01 02:00:00+01:00,60.66603643196939
2036-03-01 03:00:00+01:00,60.93236720882753
2036-03-01 04:00:00+01:00,60.780178193480026
2036-03-01 05:00:00+01:00,60.780178193480026
2036-03-01 06:00:00+01:00,73.34845437759485
2036-03-01 07:00:00+01:00,82.26419419336955
2036-03-01 08:00:00+01:00,82.46711288049956
2036-03-01 09:00:00+01:00,77.47024020992312
2036-03-01 10:00:00+01:00,70.837335624361
2036-03-01 11:00:00+01:00,69.5817762477441
2036-03-01 12:00:00+01:00,68.32621687112716
2036-03-01 13:00:00+01:00,68.25012236345341
2036-03-01 14:00:00+01:00,68.19939269167091
2036-03-01 15:00:00+01:00,69.74664768103722
2036-03-01 16:00:00+01:00,78.5989754070838
2036-03-01 17:00:00+01:00,91.68723072696925
2036-03-01 18:00:00+01:00,99.60105952503953
2036-03-01 19:00:00+01:00,88.52930865850853
2036-03-01 20:00:00+01:00,76.62051820756622
2036-03-01 21:00:00+01:00,68.38962896085529
2036-03-01 22:00:00+01:00,68.00915642248653
2036-03-01 23:00:00+01:00,61.75672437529319
2036-03-02 00:00:00+01:00,63.10106067752947
2036-03-02 01:00:00+01:00,61.541123270217554
2036-03-02 02:00:00+01:00,60.95773204471877
2036-03-02 03:00:00+01:00,59.33438254767872
2036-03-02 04:00:00+01:00,59.435841891243726
2036-03-02 05:00:00+01:00,59.39779463740685
2036-03-02 06:00:00+01:00,60.171422132089994
2036-03-02 07:00:00+01:00,60.830907865262525
2036-03-02 08:00:00+01:00,62.3654804366832
2036-03-02 09:00:00+01:00,59.65144299631936
2036-03-02 10:00:00+01:00,59.14414627849434
2036-03-02 11:00:00+01:00,56.01158904592485
2036-03-02 12:00:00+01:00,49.18844819117835
2036-03-02 13:00:00+01:00,46.69001185589015
2036-03-02 14:00:00+01:00,53.183409844050374
2036-03-02 15:00:00+01:00,61.68062986761943
2036-03-02 16:00:00+01:00,70.39345099626411
2036-03-02 17:00:00+01:00,80.74230403989449
2036-03-02 18:00:00+01:00,84.12850963137649
2036-03-02 19:00:00+01:00,82.21346452158704
2036-03-02 20:00:00+01:00,73.42454888526859
2036-03-02 21:00:00+01:00,69.61982350158095
2036-03-02 22:00:00+01:00,66.89310364327149
2036-03-02 23:00:00+01:00,61.47771118048943
2036-03-03 00:00:00+01:00,63.90005300810388
2036-03-03 01:00:00+01:00,62.733270557106344
2036-03-03 02:00:00+01:00,55.732575851121084
2036-03-03 03:00:00+01:00,55.14918462562231
2036-03-03 04:00:00+01:00,52.94244390308349
2036-03-03 05:00:00+01:00,54.413604384776036
2036-03-03 06:00:00+01:00,56.07500113565298
2036-03-03 07:00:00+01:00,56.620345107314876
2036-03-03 08:00:00+01:00,57.19105391486801
2036-03-03 09:00:00+01:00,59.4231594732981
2036-03-03 10:00:00+01:00,54.10922635408103
2036-03-03 11:00:00+01:00,51.204952644532796
2036-03-03 12:00:00+01:00,46.791471199455145
2036-03-03 13:00:00+01:00,41.84532820066122
2036-03-03 14:00:00+01:00,46.131985466282615
2036-03-03 15:00:00+01:00,52.16881640840034
2036-03-03 16:00:00+01:00,63.963465097832014
2036-03-03 17:00:00+01:00,76.95026107415246
2036-03-03 18:00:00+01:00,89.9624218863642
2036-03-03 19:00:00+01:00,90.77409663488422
2036-03-03 20:00:00+01:00,84.10314479548522
2036-03-03 21:00:00+01:00,78.63702266092065
2036-03-03 22:00:00+01:00,78.21850286871502
2036-03-03 23:00:00+01:00,74.76888518750489
2036-03-04 00:00:00+01:00,64.54685632333077
2036-03-04 01:00:00+01:00,62.63181121354134
2036-03-04 02:00:00+01:00,62.175244167498825
2036-03-04 03:00:00+01:00,62.51766945203071
2036-03-04 04:00:00+01:00,63.68445190302825
2036-03-04 05:00:00+01:00,67.93306191481277
2036-03-04 06:00:00+01:00,82.55588980611893
2036-03-04 07:00:00+01:00,102.97458269857592
2036-03-04 08:00:00+01:00,112.90491595000064
2036-03-04 09:00:00+01:00,93.47545165730244
2036-03-04 10:00:00+01:00,79.58820400684256
2036-03-04 11:00:00+01:00,77.8633951662375
2036-03-04 12:00:00+01:00,73.1835829443017
2036-03-04 13:00:00+01:00,73.12017085457359
2036-03-04 14:00:00+01:00,73.41186646732298
2036-03-04 15:00:00+01:00,74.0713522004955
2036-03-04 16:00:00+01:00,84.96554921578776
2036-03-04 17:00:00+01:00,100.9707606631671
2036-03-04 18:00:00+01:00,111.02791809404806
2036-03-04 19:00:00+01:00,107.51488832310983
2036-03-04 20:00:00+01:00,85.72649429252529
2036-03-04 21:00:00+01:00,79.71502818629882
2036-03-04 22:00:00+01:00,78.37069188406252
2036-03-04 23:00:00+01:00,72.14362467276044
2036-03-05 00:00:00+01:00,63.646404649191375
2036-03-05 01:00:00+01:00,68.08525093016029
2036-03-05 02:00:00+01:00,68.1486630198884
2036-03-05 03:00:00+01:00,68.13598060194279
2036-03-05 04:00:00+01:00,68.41499379674656
2036-03-05 05:00:00+01:00,68.46572346852905
2036-03-05 06:00:00+01:00,75.78347862315492
2036-03-05 07:00:00+01:00,87.05814817681596
2036-03-05 08:00:00+01:00,92.62572965494553
2036-03-05 09:00:00+01:00,84.69921843892962
2036-03-05 10:00:00+01:00,79.74039302219008
2036-03-05 11:00:00+01:00,78.1043611072044
2036-03-05 12:00:00+01:00,76.18931599741495
2036-03-05 13:00:00+01:00,76.0624918179587
2036-03-05 14:00:00+01:00,76.6585654614031
2036-03-05 15:00:00+01:00,74.76888518750489
2036-03-05 16:00:00+01:00,79.0048127813438
2036-03-05 17:00:00+01:00,88.25029546370476
2036-03-05 18:00:00+01:00,111.18010710939558
2036-03-05 19:00:00+01:00,113.42489508577128
2036-03-05 20:00:00+01:00,91.94087908588176
2036-03-05 21:00:00+01:00,78.39605671995378
2036-03-05 22:00:00+01:00,75.27618190532992
2036-03-05 23:00:00+01:00,72.44800270345543
2036-03-06 00:00:00+01:00,74.22354121584301
2036-03-06 01:00:00+01:00,73.60210273650735
2036-03-06 02:00:00+01:00,72.75238073415046
2036-03-06 03:00:00+01:00,74.04598736460424
2036-03-06 04:00:00+01:00,72.14362467276044
2036-03-06 05:00:00+01:00,74.09671703638674
2036-03-06 06:00:00+01:00,87.98396468684662
2036-03-06 07:00:00+01:00,109.10019056631302
2036-03-06 08:00:00+01:00,122.35331731949161
2036-03-06 09:00:00+01:00,96.27826602328568
2036-03-06 10:00:00+01:00,84.00168545192022
2036-03-06 11:00:00+01:00,80.88181063729637
2036-03-06 12:00:00+01:00,79.41065015560382
2036-03-06 13:00:00+01:00,79.34723806587569
2036-03-06 14:00:00+01:00,78.53556331735565
2036-03-06 15:00:00+01:00,81.63007329608828
2036-03-06 16:00:00+01:00,85.6757646207428
2036-03-06 17:00:00+01:00,104.12868273162783
2036-03-06 18:00:00+01:00,133.5518923654789
2036-03-06 19:00:00+01:00,130.7744428353869
2036-03-06 20:00:00+01:00,104.20477723930158
2036-03-06 21:00:00+01:00,87.05814817681596
2036-03-06 22:00:00+01:00,81.30033042950201
2036-03-06 23:00:00+01:00,78.48483364557316
2036-03-07 00:00:00+01:00,77.29268635868436
2036-03-07 01:00:00+01:00,76.13858632563245
2036-03-07 02:00:00+01:00,76.27809292303432
2036-03-07 03:00:00+01:00,76.15126874357807
2036-03-07 04:00:00+01:00,76.29077534097995
2036-03-07 05:00:00+01:00,78.53556331735565
2036-03-07 06:00:00+01:00,85.61235253101465
2036-03-07 07:00:00+01:00,102.59411016020714
2036-03-07 08:00:00+01:00,100.28591009410331
2036-03-07 09:00:00+01:00,85.35870417210216
2036-03-07 10:00:00+01:00,77.39414570224938
2036-03-07 11:00:00+01:00,76.32882259481683
2036-03-07 12:00:00+01:00,74.79425002339616
2036-03-07 13:00:00+01:00,74.3757302311905
2036-03-07 14:00:00+01:00,70.03834329378661
2036-03-07 15:00:00+01:00,76.02444456412182
2036-03-07 16:00:00+01:00,77.3560984484125
2036-03-07 17:00:00+01:00,85.11773823113528
2036-03-07 18:00:00+01:00,93.86860661361683
2036-03-07 19:00:00+01:00,93.97006595718183
2036-03-07 20:00:00+01:00,84.12850963137649
2036-03-07 21:00:00+01:00,79.27114355820193
2036-03-07 22:00:00+01:00,78.62434024297504
2036-03-07 23:00:00+01:00,77.49560504581437
2036-03-08 00:00:00+01:00,76.10053907179557
2036-03-08 01:00:00+01:00,77.07708525360873
2036-03-08 02:00:00+01:00,77.17854459717374
2036-03-08 03:00:00+01:00,75.2254522335474
2036-03-08 04:00:00+01:00,75.17472256176491
2036-03-08 05:00:00+01:00,74.85766211312428
2036-03-08 06:00:00+01:00,80.28573699385197
2036-03-08 07:00:00+01:00,90.7106845451561
2036-03-08 08:00:00+01:00,84.94018437989652
2036-03-08 09:00:00+01:00,76.3161401768712
2036-03-08 10:00:00+01:00,76.26541050508871
2036-03-08 11:00:00+01:00,75.39032366684054
2036-03-08 12:00:00+01:00,72.95529942128046
2036-03-08 13:00:00+01:00,72.94261700333483
2036-03-08 14:00:00+01:00,72.90456974949795
2036-03-08 15:00:00+01:00,72.94261700333483
2036-03-08 16:00:00+01:00,75.2254522335474
2036-03-08 17:00:00+01:00,82.02322825240265
2036-03-08 18:00:00+01:00,82.5939370599558
2036-03-08 19:00:00+01:00,81.97249858062015
2036-03-08 20:00:00+01:00,78.28191495844315
2036-03-08 21:00:00+01:00,72.8284752418242
2036-03-08 22:00:00+01:00,72.95529942128046
2036-03-08 23:00:00+01:00,68.47840588647468
2036-03-09 00:00:00+01:00,74.32500055940801
2036-03-09 01:00:00+01:00,75.83420829493744
2036-03-09 02:00:00+01:00,74.89570936696116
2036-03-09 03:00:00+01:00,74.35036539529925
2036-03-09 04:00:00+01:00,72.96798183922607
2036-03-09 05:00:00+01:00,73.2723598699211
2036-03-09 06:00:00+01:00,74.26158846967988
2036-03-09 07:00:00+01:00,74.26158846967988
2036-03-09 08:00:00+01:00,69.69591800925471
2036-03-09 09:00:00+01:00,70.34272132448162
2036-03-09 10:00:00+01:00,70.31735648859036
2036-03-09 11:00:00+01:00,68.87156084278907
2036-03-09 12:00:00+01:00,63.7098167389195
2036-03-09 13:00:00+01:00,60.52652983456751
2036-03-09 14:00:00+01:00,69.72128284514598
2036-03-09 15:00:00+01:00,69.77201251692847
2036-03-09 16:00:00+01:00,71.25585541656665
2036-03-09 17:00:00+01:00,71.64901037288104
2036-03-09 18:00:00+01:00,78.42142155584503
2036-03-09 19:00:00+01:00,76.25272808714307
2036-03-09 20:00:00+01:00,75.96103247439368
2036-03-09 21:00:00+01:00,75.08594563614552
2036-03-09 22:00:00+01:00,75.35227641300368
2036-03-09 23:00:00+01:00,71.68705762671792
2036-03-10 00:00:00+01:00,72.0294829112498
2036-03-10 01:00:00+01:00,63.646404649191375
2036-03-10 02:00:00+01:00,62.75863539299759
2036-03-10 03:00:00+01:00,58.38320120175681
2036-03-10 04:00:00+01:00,60.81822544731689
2036-03-10 05:00:00+01:00,57.267148422541766
2036-03-10 06:00:00+01:00,56.56961543553237
2036-03-10 07:00:00+01:00,59.61339574248248
2036-03-10 08:00:00+01:00,70.22857956297098
2036-03-10 09:00:00+01:00,72.30849610605355
2036-03-10 10:00:00+01:00,73.75429175185486
2036-03-10 11:00:00+01:00,72.25776643427106
2036-03-10 12:00:00+01:00,72.04216532919543
2036-03-10 13:00:00+01:00,70.1905323091341
2036-03-10 14:00:00+01:00,68.68132457360468
2036-03-10 15:00:00+01:00,65.97996955118646
2036-03-10 16:00:00+01:00,71.96607082152167
2036-03-10 17:00:00+01:00,72.28313127016231
2036-03-10 18:00:00+01:00,76.0624918179587
2036-03-10 19:00:00+01:00,76.9629434920981
2036-03-10 20:00:00+01:00,76.44296435632747
2036-03-10 21:00:00+01:00,75.07326321819991
2036-03-10 22:00:00+01:00,75.21276981560179
2036-03-10 23:00:00+01:00,72.28313127016231
2036-03-11 00:00:00+01:00,70.43149825010099
2036-03-11 01:00:00+01:00,65.89119262556707
2036-03-11 02:00:00+01:00,65.94192229734958
2036-03-11 03:00:00+01:00,67.146752002184
2036-03-11 04:00:00+01:00,70.33003890653599
2036-03-11 05:00:00+01:00,73.25967745197546
2036-03-11 06:00:00+01:00,75.55519510013367
2036-03-11 07:00:00+01:00,90.21607024527671
2036-03-11 08:00:00+01:00,96.18948909766628
2036-03-11 09:00:00+01:00,89.87364496074483
2036-03-11 10:00:00+01:00,87.55276247669535
2036-03-11 11:00:00+01:00,85.86600088992716
2036-03-11 12:00:00+01:00,76.9629434920981
2036-03-11 13:00:00+01:00,76.95026107415246
2036-03-11 14:00:00+01:00,77.0644028356631
2036-03-11 15:00:00+01:00,82.51784255228205
2036-03-11 16:00:00+01:00,82.23882935747828
2036-03-11 17:00:00+01:00,97.69869683319571
2036-03-11 18:00:00+01:00,138.67558921551156
2036-03-11 19:00:00+01:00,150.78729835358388
2036-03-11 20:00:00+01:00,116.97597211054641
2036-03-11 21:00:00+01:00,85.56162285923216
2036-03-11 22:00:00+01:00,77.17854459717374
2036-03-11 23:00:00+01:00,75.68201927958992
2036-03-12 00:00:00+01:00,71.3319499242404
2036-03-12 01:00:00+01:00,70.20321472707974
2036-03-12 02:00:00+01:00,69.4422696503422
2036-03-12 03:00:00+01:00,69.25203338115783
2036-03-12 04:00:00+01:00,69.75933009898283
2036-03-12 05:00:00+01:00,72.25776643427106
2036-03-12 06:00:00+01:00,82.35297111898892
2036-03-12 07:00:00+01:00,105.09254649549537
2036-03-12 08:00:00+01:00,106.74126082842668
2036-03-12 09:00:00+01:00,89.86096254279919
2036-03-12 10:00:00+01:00,81.47788428074077
2036-03-12 11:00:00+01:00,76.69661271523998
2036-03-12 12:00:00+01:00,74.78156760545052
2036-03-12 13:00:00+01:00,75.68201927958992
2036-03-12 14:00:00+01:00,74.7181555157224
2036-03-12 15:00:00+01:00,77.33073361252124
2036-03-12 16:00:00+01:00,86.94400641530534
2036-03-12 17:00:00+01:00,112.57517308341437
2036-03-12 18:00:00+01:00,138.66290679756594
2036-03-12 19:00:00+01:00,125.92975918015799
2036-03-12 20:00:00+01:00,93.47545165730244
2036-03-12 21:00:00+01:00,80.84376338345949
2036-03-12 22:00:00+01:00,77.41951053814061
2036-03-12 23:00:00+01:00,70.9768422217629
2036-03-13 00:00:00+01:00,63.164472767257614
2036-03-13 01:00:00+01:00,66.17020582037082
2036-03-13 02:00:00+01:00,65.96728713324083
2036-03-13 03:00:00+01:00,64.67368050278704
2036-03-13 04:00:00+01:00,65.29511898212267
2036-03-13 05:00:00+01:00,66.9057860612171
2036-03-13 06:00:00+01:00,72.3338609419448
2036-03-13 07:00:00+01:00,86.39866244364343
2036-03-13 08:00:00+01:00,87.55276247669535
2036-03-13 09:00:00+01:00,78.2058204507694
2036-03-13 10:00:00+01:00,71.67437520877229
2036-03-13 11:00:00+01:00,70.7866059525785
2036-03-13 12:00:00+01:00,68.47840588647468
2036-03-13 13:00:00+01:00,68.89692567868032
2036-03-13 14:00:00+01:00,69.26471579910346
2036-03-13 15:00:00+01:00,70.36808616037285
2036-03-13 16:00:00+01:00,71.69974004466353
2036-03-13 17:00:00+01:00,87.84445808944474
2036-03-13 18:00:00+01:00,99.04303313543201
2036-03-13 19:00:00+01:00,94.18566706225747
2036-03-13 20:00:00+01:00,80.83108096551386
2036-03-13 21:00:00+01:00,71.26853783451227
2036-03-13 22:00:00+01:00,69.77201251692847
2036-03-13 23:00:00+01:00,68.0472036763234
2036-03-14 00:00:00+01:00,68.42767621469217
2036-03-14 01:00:00+01:00,67.76819048151964
2036-03-14 02:00:00+01:00,67.22284650985775
2036-03-14 03:00:00+01:00,66.53799594079398
2036-03-14 04:00:00+01:00,66.55067835873962
2036-03-14 05:00:00+01:00,68.4403586326378
2036-03-14 06:00:00+01:00,78.43410397379066
2036-03-14 07:00:00+01:00,93.79251210594308
2036-03-14 08:00:00+01:00,89.87364496074483
2036-03-14 09:00:00+01:00,70.01297845789534
2036-03-14 10:00:00+01:00,69.32812788883159
2036-03-14 11:00:00+01:00,69.29008063499471
2036-03-14 12:00:00+01:00,65.06683545910143
2036-03-14 13:00:00+01:00,63.67176948508262
2036-03-14 14:00:00+01:00,66.38580692544647
2036-03-14 15:00:00+01:00,69.45495206828782
2036-03-14 16:00:00+01:00,72.28313127016231
2036-03-14 17:00:00+01:00,90.31752958884171
2036-03-14 18:00:00+01:00,105.92958607990664
2036-03-14 19:00:00+01:00,98.26940564074886
2036-03-14 20:00:00+01:00,78.8018940942138
2036-03-14 21:00:00+01:00,71.64901037288104
2036-03-14 22:00:00+01:00,71.6236455369898
2036-03-14 23:00:00+01:00,69.45495206828782
2036-03-15 00:00:00+01:00,67.38771794315089
2036-03-15 01:00:00+01:00,67.36235310725964
2036-03-15 02:00:00+01:00,67.32430585342276
2036-03-15 03:00:00+01:00,67.24821134574901
2036-03-15 04:00:00+01:00,67.23552892780337
2036-03-15 05:00:00+01:00,68.1486630198884
2036-03-15 06:00:00+01:00,70.90074771408914
2036-03-15 07:00:00+01:00,72.29581368810793
2036-03-15 08:00:00+01:00,72.0802125830323
2036-03-15 09:00:00+01:00,71.01488947559976
2036-03-15 10:00:00+01:00,71.04025431149101
2036-03-15 11:00:00+01:00,71.35731476013164
2036-03-15 12:00:00+01:00,71.3319499242404
2036-03-15 13:00:00+01:00,71.04025431149101
2036-03-15 14:00:00+01:00,70.98952463970852
2036-03-15 15:00:00+01:00,70.98952463970852
2036-03-15 16:00:00+01:00,70.63441693723101
2036-03-15 17:00:00+01:00,76.4175995204362
2036-03-15 18:00:00+01:00,83.97632061602897
2036-03-15 19:00:00+01:00,79.0048127813438
2036-03-15 20:00:00+01:00,72.86652249566107
2036-03-15 21:00:00+01:00,68.45304105058342
2036-03-15 22:00:00+01:00,67.2989410175315
2036-03-15 23:00:00+01:00,66.8043267176521
2036-03-16 00:00:00+01:00,70.87538287819788
2036-03-16 01:00:00+01:00,70.11443780146035
2036-03-16 02:00:00+01:00,69.67055317336346
2036-03-16 03:00:00+01:00,68.08525093016029
2036-03-16 04:00:00+01:00,66.91846847916274
2036-03-16 05:00:00+01:00,66.93115089710837
2036-03-16 06:00:00+01:00,67.17211683807525
2036-03-16 07:00:00+01:00,66.82969155354337
2036-03-16 08:00:00+01:00,66.7028673740871
2036-03-16 09:00:00+01:00,66.8043267176521
2036-03-16 10:00:00+01:00,66.44921901517459
2036-03-16 11:00:00+01:00,64.0015123516689
2036-03-16 12:00:00+01:00,50.64692625492528
2036-03-16 13:00:00+01:00,39.27079735769925
2036-03-16 14:00:00+01:00,55.21259671535044
2036-03-16 15:00:00+01:00,64.72441017456953
2036-03-16 16:00:00+01:00,68.32621687112716
2036-03-16 17:00:00+01:00,72.15630709070605
2036-03-16 18:00:00+01:00,79.24577872231067
2036-03-16 19:00:00+01:00,82.96172718037894
2036-03-16 20:00:00+01:00,74.78156760545052
2036-03-16 21:00:00+01:00,71.7251048805548
2036-03-16 22:00:00+01:00,70.92611254998037
2036-03-16 23:00:00+01:00,67.05797507656462
2036-03-17 00:00:00+01:00,65.30780140006831
2036-03-17 01:00:00+01:00,62.18792658544444
2036-03-17 02:00:00+01:00,57.44470227378052
2036-03-17 03:00:00+01:00,53.47510545679975
2036-03-17 04:00:00+01:00,50.05085261148089
2036-03-17 05:00:00+01:00,49.568920729547116
2036-03-17 06:00:00+01:00,57.076912153357384
2036-03-17 07:00:00+01:00,54.22336811559166
2036-03-17 08:00:00+01:00,45.70078325613136
2036-03-17 09:00:00+01:00,35.82117967648913
2036-03-17 10:00:00+01:00,29.70825422669766
2036-03-17 11:00:00+01:00,29.56874762929578
2036-03-17 12:00:00+01:00,29.670206972860782
2036-03-17 13:00:00+01:00,24.749428809958104
2036-03-17 14:00:00+01:00,30.773577334130195
2036-03-17 15:00:00+01:00,46.61391734821639
2036-03-17 16:00:00+01:00,66.28434758188146
2036-03-17 17:00:00+01:00,82.4924777163908
2036-03-17 18:00:00+01:00,90.15265815554858
2036-03-17 19:00:00+01:00,91.7125955628605
2036-03-17 20:00:00+01:00,83.12659861367207
2036-03-17 21:00:00+01:00,74.03330494665862
2036-03-17 22:00:00+01:00,71.47145652164228
2036-03-17 23:00:00+01:00,66.3477596716096
2036-03-18 00:00:00+01:00,65.9546047152952
2036-03-18 01:00:00+01:00,63.53226288768074
2036-03-18 02:00:00+01:00,59.6260781604281
2036-03-18 03:00:00+01:00,55.795987940849216
2036-03-18 04:00:00+01:00,63.53226288768074
2036-03-18 05:00:00+01:00,67.90769707892153
2036-03-18 06:00:00+01:00,80.10818314261321
2036-03-18 07:00:00+01:00,94.49004509295247
2036-03-18 08:00:00+01:00,93.31058022400931
2036-03-18 09:00:00+01:00,83.38024697258459
2036-03-18 10:00:00+01:00,77.22927426895623
2036-03-18 11:00:00+01:00,76.58247095372934
2036-03-18 12:00:00+01:00,73.79233900569173
2036-03-18 13:00:00+01:00,72.8792049136067
2036-03-18 14:00:00+01:00,72.30849610605355
2036-03-18 15:00:00+01:00,74.68010826188552
2036-03-18 16:00:00+01:00,87.31179653572846
2036-03-18 17:00:00+01:00,110.1908785096368
2036-03-18 18:00:00+01:00,148.20008509267626
2036-03-18 19:00:00+01:00,138.7390013052397
2036-03-18 20:00:00+01:00,101.59219914250274
2036-03-18 21:00:00+01:00,83.84949643657274
2036-03-18 22:00:00+01:00,79.74039302219008
2036-03-18 23:00:00+01:00,74.24890605173425
2036-03-19 00:00:00+01:00,76.0624918179587
2036-03-19 01:00:00+01:00,73.81770384158298
2036-03-19 02:00:00+01:00,73.04407634689983
2036-03-19 03:00:00+01:00,71.66169279082665
2036-03-19 04:00:00+01:00,72.99334667511734
2036-03-19 05:00:00+01:00,77.25463910484748
2036-03-19 06:00:00+01:00,94.04616046485559
2036-03-19 07:00:00+01:00,108.93531913301987
2036-03-19 08:00:00+01:00,98.7893847765195
2036-03-19 09:00:00+01:00,81.30033042950201
2036-03-19 10:00:00+01:00,72.68896864442232
2036-03-19 11:00:00+01:00,71.19244332683853
2036-03-19 12:00:00+01:00,53.24682193377849
2036-03-19 13:00:00+01:00,56.75985170471675
2036-03-19 14:00:00+01:00,61.43966392665255
2036-03-19 15:00:00+01:00,72.25776643427106
2036-03-19 16:00:00+01:00,83.67194258533398
2036-03-19 17:00:00+01:00,117.87642378468583
2036-03-19 18:00:00+01:00,152.9433094043402
2036-03-19 19:00:00+01:00,141.90960579164604
2036-03-19 20:00:00+01:00,115.40335228528886
2036-03-19 21:00:00+01:00,87.79372841766225
2036-03-19 22:00:00+01:00,84.76263052865777
2036-03-19 23:00:00+01:00,80.67889195016637
2036-03-20 00:00:00+01:00,78.64970507886629
2036-03-20 01:00:00+01:00,77.63511164321625
2036-03-20 02:00:00+01:00,77.34341603046686
2036-03-20 03:00:00+01:00,77.29268635868436
2036-03-20 04:00:00+01:00,77.36878086635811
2036-03-20 05:00:00+01:00,81.65543813197952
2036-03-20 06:00:00+01:00,108.88458946123737
2036-03-20 07:00:00+01:00,131.7763538530913
2036-03-20 08:00:00+01:00,114.59167753676883
2036-03-20 09:00:00+01:00,77.53365229965125
2036-03-20 10:00:00+01:00,73.6781972441811
2036-03-20 11:00:00+01:00,69.91151911433035
2036-03-20 12:00:00+01:00,57.72371546858429
2036-03-20 13:00:00+01:00,61.09723864212065
2036-03-20 14:00:00+01:00,69.36617514266845
2036-03-20 15:00:00+01:00,77.34341603046686
2036-03-20 16:00:00+01:00,92.19452744479428
2036-03-20 17:00:00+01:00,122.39136457332847
2036-03-20 18:00:00+01:00,167.95929225196073
2036-03-20 19:00:00+01:00,166.0442471421713
2036-03-20 20:00:00+01:00,137.26784082354715
2036-03-20 21:00:00+01:00,102.40387389102277
2036-03-20 22:00:00+01:00,87.70495149204285
2036-03-20 23:00:00+01:00,80.1589128143957
2036-03-21 00:00:00+01:00,78.64970507886629
2036-03-21 01:00:00+01:00,76.82343689469621
2036-03-21 02:00:00+01:00,76.18931599741495
2036-03-21 03:00:00+01:00,71.88997631384792
2036-03-21 04:00:00+01:00,72.3211785239992
2036-03-21 05:00:00+01:00,76.81075447675059
2036-03-21 06:00:00+01:00,87.74299874587973
2036-03-21 07:00:00+01:00,105.20668825700598
2036-03-21 08:00:00+01:00,96.12607700793816
2036-03-21 09:00:00+01:00,78.87798860188755
2036-03-21 10:00:00+01:00,76.77270722291371
2036-03-21 11:00:00+01:00,75.32691157711241
2036-03-21 12:00:00+01:00,69.32812788883159
2036-03-21 13:00:00+01:00,68.26280478139904
2036-03-21 14:00:00+01:00,68.28816961729028
2036-03-21 15:00:00+01:00,74.88302694901553
2036-03-21 16:00:00+01:00,78.44678639173628
2036-03-21 17:00:00+01:00,102.01071893470838
2036-03-21 18:00:00+01:00,140.692093668866
2036-03-21 19:00:00+01:00,140.86964752010476
2036-03-21 20:00:00+01:00,102.96190028063029
2036-03-21 21:00:00+01:00,81.13545899620888
2036-03-21 22:00:00+01:00,78.82725893010505
2036-03-21 23:00:00+01:00,76.95026107415246
2036-03-22 00:00:00+01:00,69.12520920170157
2036-03-22 01:00:00+01:00,69.3408103067772
2036-03-22 02:00:00+01:00,69.55641141185284
2036-03-22 03:00:00+01:00,68.94765535046282
2036-03-22 04:00:00+01:00,69.4422696503422
2036-03-22 05:00:00+01:00,71.91534114973916
2036-03-22 06:00:00+01:00,74.57864891832052
2036-03-22 07:00:00+01:00,75.33959399505804
2036-03-22 08:00:00+01:00,75.18740497971054
2036-03-22 09:00:00+01:00,74.88302694901553
2036-03-22 10:00:00+01:00,71.87729389590228
2036-03-22 11:00:00+01:00,66.00533438707771
2036-03-22 12:00:00+01:00,62.98691891601885
2036-03-22 13:00:00+01:00,62.504987034085076
2036-03-22 14:00:00+01:00,59.4738891450806
2036-03-22 15:00:00+01:00,65.42194316157895
2036-03-22 16:00:00+01:00,69.92420153227597
2036-03-22 17:00:00+01:00,88.36443722521538
2036-03-22 18:00:00+01:00,125.6380635674086
2036-03-22 19:00:00+01:00,123.07621514239226
2036-03-22 20:00:00+01:00,85.66308220279716
2036-03-22 21:00:00+01:00,77.07708525360873
2036-03-22 22:00:00+01:00,75.03521596436303
2036-03-22 23:00:00+01:00,72.84115765976983
2036-03-23 00:00:00+01:00,71.8392466420654
2036-03-23 01:00:00+01:00,71.57291586520728
2036-03-23 02:00:00+01:00,71.52218619342477
2036-03-23 03:00:00+01:00,68.00915642248653
2036-03-23 04:00:00+01:00,67.93306191481277
2036-03-23 05:00:00+01:00,69.60714108363534
2036-03-23 06:00:00+01:00,69.64518833747222
2036-03-23 07:00:00+01:00,71.5348686113704
2036-03-23 08:00:00+01:00,71.85192906001105
2036-03-23 09:00:00+01:00,68.66864215565904
2036-03-23 10:00:00+01:00,50.49473723957778
2036-03-23 11:00:00+01:00,27.717114609234464
2036-03-23 12:00:00+01:00,-27.92065291822442
2036-03-23 13:00:00+01:00,-35.16231356517655
2036-03-23 14:00:00+01:00,-32.207310183845806
2036-03-23 15:00:00+01:00,44.06475134114567
2036-03-23 16:00:00+01:00,62.9108244083451
2036-03-23 17:00:00+01:00,71.86461147795667
2036-03-23 18:00:00+01:00,73.6655148262355
2036-03-23 19:00:00+01:00,71.91534114973916
2036-03-23 20:00:00+01:00,71.63632795493541
2036-03-23 21:00:00+01:00,73.17090052635609
2036-03-23 22:00:00+01:00,71.54755102931604
2036-03-23 23:00:00+01:00,62.809365064780096
2036-03-24 00:00:00+01:00,5.992132668378048
2036-03-24 01:00:00+01:00,-9.214086448426869
2036-03-24 02:00:00+01:00,-3.342126939602281
2036-03-24 03:00:00+01:00,-5.586914915977985
2036-03-24 04:00:00+01:00,-5.967387454346749
2036-03-24 05:00:00+01:00,-5.40936106473923
2036-03-24 06:00:00+01:00,-5.9420226184555105
2036-03-24 07:00:00+01:00,-7.70487871289744
2036-03-24 08:00:00+01:00,-20.47607358414227
2036-03-24 09:00:00+01:00,-23.304252786016747
2036-03-24 10:00:00+01:00,-22.835003322028598
2036-03-24 11:00:00+01:00,-21.477984601846686
2036-03-24 12:00:00+01:00,-24.293481385775536
2036-03-24 13:00:00+01:00,-28.935246353874447
2036-03-24 14:00:00+01:00,-28.26307820275629
2036-03-24 15:00:00+01:00,-21.80772746843293
2036-03-24 16:00:00+01:00,-5.992752290238002
2036-03-24 17:00:00+01:00,46.93097779685702
2036-03-24 18:00:00+01:00,71.68705762671792
2036-03-24 19:00:00+01:00,75.7200665334268
2036-03-24 20:00:00+01:00,74.69279067983113
2036-03-24 21:00:00+01:00,72.8792049136067
2036-03-24 22:00:00+01:00,73.4752785570511
2036-03-24 23:00:00+01:00,71.85192906001105
2036-03-25 00:00:00+01:00,57.990046245442414
2036-03-25 01:00:00+01:00,57.15300666103114
2036-03-25 02:00:00+01:00,57.21641875075927
2036-03-25 03:00:00+01:00,57.977363827496795
2036-03-25 04:00:00+01:00,64.72441017456953
2036-03-25 05:00:00+01:00,73.50064339294235
2036-03-25 06:00:00+01:00,83.06318652394395
2036-03-25 07:00:00+01:00,98.62451334322637
2036-03-25 08:00:00+01:00,92.99351977536867
2036-03-25 09:00:00+01:00,77.33073361252124
2036-03-25 10:00:00+01:00,64.24247829263577
2036-03-25 11:00:00+01:00,58.28174185819181
2036-03-25 12:00:00+01:00,55.58038683577358
2036-03-25 13:00:00+01:00,56.239872568946105
2036-03-25 14:00:00+01:00,57.21641875075927
2036-03-25 15:00:00+01:00,67.62868388411776
2036-03-25 16:00:00+01:00,77.21659185101062
2036-03-25 17:00:00+01:00,110.1908785096368
2036-03-25 18:00:00+01:00,159.19574145153354
2036-03-25 19:00:00+01:00,160.12155796156418
2036-03-25 20:00:00+01:00,112.11860603737186
2036-03-25 21:00:00+01:00,83.87486127246397
2036-03-25 22:00:00+01:00,80.5520677707101
2036-03-25 23:00:00+01:00,75.73274895137243
2036-03-26 00:00:00+01:00,81.0466820705895
2036-03-26 01:00:00+01:00,77.90144242007437
2036-03-26 02:00:00+01:00,75.75811378726368
2036-03-26 03:00:00+01:00,73.41186646732298
2036-03-26 04:00:00+01:00,73.42454888526859
2036-03-26 05:00:00+01:00,75.73274895137243
2036-03-26 06:00:00+01:00,82.17541726775016
2036-03-26 07:00:00+01:00,83.64657774944271
2036-03-26 08:00:00+01:00,79.14431937874568
2036-03-26 09:00:00+01:00,74.56596650037488
2036-03-26 10:00:00+01:00,70.96415980381725
2036-03-26 11:00:00+01:00,65.94192229734958
2036-03-26 12:00:00+01:00,57.9266341557143
2036-03-26 13:00:00+01:00,58.37051878381119
2036-03-26 14:00:00+01:00,58.57343747094119
2036-03-26 15:00:00+01:00,73.44991372115986
2036-03-26 16:00:00+01:00,75.42837092067742
2036-03-26 17:00:00+01:00,82.8475854188683
2036-03-26 18:00:00+01:00,103.36773765489029
2036-03-26 19:00:00+01:00,104.02722338806282
2036-03-26 20:00:00+01:00,82.74612607530331
2036-03-26 21:00:00+01:00,76.70929513318559
2036-03-26 22:00:00+01:00,77.02635558182622
2036-03-26 23:00:00+01:00,75.74543136931807
2036-03-27 00:00:00+01:00,82.26419419336955
2036-03-27 01:00:00+01:00,80.91985789113325
2036-03-27 02:00:00+01:00,81.02131723469824
2036-03-27 03:00:00+01:00,77.38146328430373
2036-03-27 04:00:00+01:00,77.21659185101062
2036-03-27 05:00:00+01:00,82.50516013433644
2036-03-27 06:00:00+01:00,87.80641083560786
2036-03-27 07:00:00+01:00,95.44122643887438
2036-03-27 08:00:00+01:00,86.93132399735971
2036-03-27 09:00:00+01:00,82.70807882146643
2036-03-27 10:00:00+01:00,82.6953964035208
2036-03-27 11:00:00+01:00,82.64466673173831
2036-03-27 12:00:00+01:00,82.26419419336955
2036-03-27 13:00:00+01:00,82.23882935747828
2036-03-27 14:00:00+01:00,81.87103923705516
2036-03-27 15:00:00+01:00,82.55588980611893
2036-03-27 16:00:00+01:00,88.85905152509477
2036-03-27 17:00:00+01:00,106.43688279773166
2036-03-27 18:00:00+01:00,136.60835509037463
2036-03-27 19:00:00+01:00,131.89049561460195
2036-03-27 20:00:00+01:00,97.67333199730447
2036-03-27 21:00:00+01:00,84.9275019619509
2036-03-27 22:00:00+01:00,82.68271398557519
2036-03-27 23:00:00+01:00,77.30536877662999
2036-03-28 00:00:00+01:00,73.76697416980049
2036-03-28 01:00:00+01:00,73.48796097499674
2036-03-28 02:00:00+01:00,69.83542460665659
2036-03-28 03:00:00+01:00,62.61912879559571
2036-03-28 04:00:00+01:00,68.55450039414843
2036-03-28 05:00:00+01:00,76.3161401768712
2036-03-28 06:00:00+01:00,86.50012178720844
2036-03-28 07:00:00+01:00,86.1323316667853
2036-03-28 08:00:00+01:00,82.46711288049956
2036-03-28 09:00:00+01:00,81.24960075771949
2036-03-28 10:00:00+01:00,79.8038051119182
2036-03-28 11:00:00+01:00,81.00863481675262
2036-03-28 12:00:00+01:00,73.70356208007237
2036-03-28 13:00:00+01:00,71.90265873179355
2036-03-28 14:00:00+01:00,71.85192906001105
2036-03-28 15:00:00+01:00,73.42454888526859
2036-03-28 16:00:00+01:00,74.89570936696116
2036-03-28 17:00:00+01:00,74.18549396200613
2036-03-28 18:00:00+01:00,81.85835681910953
2036-03-28 19:00:00+01:00,80.65352711427511
2036-03-28 20:00:00+01:00,76.30345775892559
2036-03-28 21:00:00+01:00,77.30536877662999
2036-03-28 22:00:00+01:00,77.0644028356631
2036-03-28 23:00:00+01:00,71.92802356768479
2036-03-29 00:00:00+01:00,70.98952463970852
2036-03-29 01:00:00+01:00,64.66099808484141
2036-03-29 02:00:00+01:00,59.80363201166686
2036-03-29 03:00:00+01:00,59.955821027014366
2036-03-29 04:00:00+01:00,59.30901771178746
2036-03-29 05:00:00+01:00,67.97110916864965
2036-03-29 06:00:00+01:00,57.71103305063866
2036-03-29 07:00:00+01:00,58.51002538121307
2036-03-29 08:00:00+01:00,58.028093499279294
2036-03-29 09:00:00+01:00,57.85053964804054
2036-03-29 10:00:00+01:00,57.49543194556303
2036-03-29 11:00:00+01:00,56.0369538818161
2036-03-29 12:00:00+01:00,56.392061584293614
2036-03-29 13:00:00+01:00,48.465550368277704
2036-03-29 14:00:00+01:00,50.06353502942651
2036-03-29 15:00:00+01:00,57.41933743788928
2036-03-29 16:00:00+01:00,58.20564735051805
2036-03-29 17:00:00+01:00,70.69782902695913
2036-03-29 18:00:00+01:00,86.19574375651344
2036-03-29 19:00:00+01:00,96.4431374565788
2036-03-29 20:00:00+01:00,85.63771736690592
2036-03-29 21:00:00+01:00,74.89570936696116
2036-03-29 22:00:00+01:00,71.63632795493541
2036-03-29 23:00:00+01:00,64.06492444139701
2036-03-30 00:00:00+01:00,57.964681409551176
2036-03-30 01:00:00+01:00,52.39709993142159
2036-03-30 02:00:00+01:00,48.300678934984575
2036-03-30 03:00:00+01:00,47.32413275317141
2036-03-30 04:00:00+01:00,49.27722511679774
2036-03-30 05:00:00+01:00,50.24108888066527
2036-03-30 06:00:00+01:00,46.081255794500116
2036-03-30 07:00:00+01:00,31.686711426215226
2036-03-30 08:00:00+01:00,26.677156337693177
2036-03-30 09:00:00+01:00,17.20339013231095
2036-03-30 10:00:00+01:00,4.432195261066127
2036-03-30 11:00:00+01:00,-1.693412606670961
2036-03-30 12:00:00+01:00,-9.417005135556877
2036-03-30 13:00:00+01:00,-18.167873518038448
2036-03-30 14:00:00+01:00,-6.068846797911746
2036-03-30 15:00:00+01:00,11.661173490072642
2036-03-30 16:00:00+01:00,32.409609249115874
2036-03-30 17:00:00+01:00,69.59445866568971
2036-03-30 18:00:00+01:00,83.10123377778082
2036-03-30 19:00:00+01:00,85.06700855935277
2036-03-30 20:00:00+01:00,71.40804443191416
2036-03-30 21:00:00+01:00,62.96155408012759
2036-03-30 22:00:00+01:00,58.58611988888681
2036-03-30 23:00:00+01:00,53.00585599281162
2036-03-31 00:00:00+01:00,64.53417390538516
2036-03-31 01:00:00+01:00,56.189142897163606
,51.29372957015218
,51.66151969057532
,51.53469551111907
,53.00585599281162
,52.91707906719223
,52.815619723627236
,47.311450335225786
,29.20095750887264
,4.673161202033015
,-17.204009754170897
,-20.539485673870388
,-22.79695606819172
,-12.460785442506989
,31.00186085715145
,53.11999775432225
,72.21971918043418
,71.85192906001105
,74.28695330557113
,74.13476429022361
,64.99074095142768
,59.34706496562434
,35.71972033292412
,30.36773995987018
,30.39310479576143
,29.923855331773282
,30.95113118536895
,34.388066448633445
,39.51176329866613
,39.740046821687386
,37.81231929395233
,33.62712137189592
,24.0518958229487
,14.34984609454522
,0.728929220943499
,-10.596470004500048
,-26.715823213389996
,-26.41144518269499
,-22.93646266559361
,-10.91353045314068
,16.734140668322823
,39.39762153715551
,42.22580073902998
,34.9080455844041
,24.12799033062246
,13.322570240949567
,-3.151890670417899
,-6.398589664498019
,-10.723294183956298
,-14.122182193383907
,-8.719472148547482
,9.530527275207561
,50.71033834465341
,70.12712021940598
,72.48604995729231
,64.92732886169955
,61.782089211184434
,52.53660652882348
,46.9690250506939
,47.2226734096064
,46.42368107903201
,51.73761419824907
,60.34897598332876
,70.05102571173222
,63.557627723572004
,82.6953964035208
,83.25342279312832
,73.6655148262355
,71.86461147795667
,65.3585310718508
,71.16707849094728
,71.14171365505601
,71.00220705765413
,71.50950377547916
,71.45877410369665
,73.83038625952861
,92.0550208473924
,128.91012739737997
,127.85748670789305
,93.5008164931937
,77.40682812019499
,74.99716871052615
,73.7796565877461
,73.58942031856174
,73.99525769282174
,73.58942031856174
,74.78156760545052
,76.77270722291371
,100.61565296068957
,122.06162170674222
,110.30502027114743
,75.03521596436303
,73.64014999034423
,70.12712021940598
,67.00724540478213
,65.85314537173019
,66.17020582037082
,65.91655746145834
,65.59949701281771
,67.75550806357401
,68.63059490182218
,75.5171478462968
,75.97371489233932
,68.61791248387655
,64.8639167719714
,62.63181121354134
,53.74143623365789
,51.6995669444122
,52.625383454442854
,50.6596086728709
,52.52392411087784
,60.66603643196939
,70.8880652961435
,87.07083059476159
,80.43792600919947
,68.5418179762028
,67.22284650985775
,65.32048381801393
,51.40787133166281
,50.82448010616404
,50.78643285232716
,50.36791306012152
,51.002033957402794
,60.10801004236187
,76.08785665384995
,86.25915584624155
,81.11009416031762
,65.78973328200208
,52.61270103649723
,50.520102075469026
,45.23153379214321
,36.721631350628535
,24.92698266119686
,44.31839970005818
,47.64119320181205
,50.4059603139584
,64.20443103879889
,68.17402785577966
,65.9038750435127
,57.64762096091054
,55.276008805078575
,50.90057461383779
,45.0286151050132
,45.7768777638051
,45.45981731516447
,44.927155761448205
,44.90179092555695
,47.780699799213934
,50.49473723957778
,50.3552306421759
,47.65387561975767
,37.228928068453556
,-10.52037549682629
,-28.681597994961933
,-43.52002699134373
,-88.07336123432594
,-83.76133913281328
,-46.58917213418508
,-24.610541834416168
,15.503946127597146
,53.90630766695102
,62.27670351106383
,55.21259671535044
,48.731881145135844
,48.14848991963707
,44.61009531280757
,43.17698208495189
,4.9268095609455145
,-4.483544554708573
,-5.42204348268487
,-6.005434708183628
,-1.465129083649714
,17.58386267067972
,-5.0542533622617185
,-19.106372446014717
,-22.429165947768595
,-26.741188049281234
,-39.34751148723295
,-63.03826820966128
,-99.50021980333446
,-91.10445912333043
,-51.9284700892934
,-24.293481385775536
,19.524272616360413
,71.49682135753352
,74.47718957475551
,78.25655012255189
,74.8196148592874
,71.68705762671792
,67.4004003610965
,63.86200575426701
,60.56457708840439
,58.95391000930995
,61.84550130091256
,65.43462557952456
,73.0694411827911
,88.44053173288913
,117.05206661822015
,114.32534675991067
,87.18497235627223
,71.57291586520728
,61.09723864212065
,46.67732943794451
,45.43445247927322
,46.30953931752137
,56.747169286771125
,69.64518833747222
,80.27305457590634
,93.01888461125992
,102.21363762183837
,94.89588246721249
,82.58125464201018
,74.87034453106989
,67.13406958423838
,68.61791248387655
,63.798593664538885
,59.917773773177494
,57.87590448393179
,57.08959457130301
,71.06561914738225
,78.52288089941004
,85.13042064908089
,79.01749519928943
,67.2989410175315
,67.6413663020634
,68.94765535046282
,64.01419476961452
,63.215202439040105
,62.72058813916071
,64.6483156668958
,63.963465097832014
,56.97545280979239
,65.45999041541582
,70.30467407064474
,68.60523006593093
,61.82013646502131
,60.907002372936276
,49.83525150640526
,52.853666977464115
,53.69070656187539
,54.50238131039542
,53.13268017226787
,53.15804500815912
,56.062318717707356
,74.32500055940801
,90.78677905282986
,87.36252620751098
,72.86652249566107
,62.07378482393382
,55.12381978973107
,55.49160991015421
,54.020449428461646
,52.40978234936722
,51.68688452646657
,53.77948348749477
,73.8811159313111
,105.96763333374352
,131.5607527480157
,133.32360884245762
,98.738655104737
,87.4259382972391
,70.82465320641538
,62.568399123813215
,54.61652307190605
,55.06040770000294
,54.87017143081856
,53.99508459257041
,61.00846171650128
,75.37764124889492
,82.56857222406455
,79.93062929137446
,54.6418879077973
,52.04199222894408
,40.526356734316174
,-6.043481962020508
,-6.132258887639878
,-7.5780545334411755
,16.08733735309592
,49.94939326791588
,74.90839178490677
,93.27253297017243
,140.01992551774788
,141.89692337370042
,96.68410339754568
,82.02322825240265
,76.63320062551183
,70.64709935517662
,67.05797507656462
,65.02878820526455
,63.82395850043013
,63.62103981330013
,71.64901037288104
,88.44053173288913
,91.85210216026238
,82.45443046255392
,61.147968313903164
,29.150227837090135
,4.4448776790117535
,-15.32701189821833
,-25.701229777739954
,-24.11592753453678
,-22.200882424747334
,4.787302963543638
,48.820658070755215
,79.81648752986383
,93.88128903156246
,95.0988011543425
,90.12729331965731
,73.85575109541986
,62.63181121354134
,62.20060900339007
,50.215724044774014
,43.10088757727813
,32.523751010626505
,30.291645452196427
,34.311971940959694
,51.01471637534842
,49.45477896803649
,27.996127804038217
,-8.846296328003717
,-22.84768573997424
,-31.890249735205174
,-52.511861314792185
,-86.00612710918898
,-86.23441063221026
,-62.201228625249996
,-37.356371869769745
,-7.958527071809954
,59.54998365275436
,79.11895454285442
,81.5920260422514
,54.26141536942853
,53.183409844050374
,50.723020762599035
,10.963640503063232
,-5.9800698722923755
,-5.9800698722923755
,-11.420827170965694
,-15.745531690423974
,-11.154496394107568
,-5.967387454346749
,-13.576838221722028
,-23.16474618861487
,-36.76029822632536
,-54.28739982717971
,-80.74292366175442
,-103.7995594869015
,-136.40605602510456
,-136.4314208609958
,-99.05633517523756
,-60.590561546155584
,-27.90797050027878
,37.241610486399175
,80.09550072466759
,85.86600088992716
,86.23379101035032
,87.45130313313035
,83.05050410599831
,77.25463910484748
,72.37190819578169
,65.71363877432832
,64.19174862085328
,64.85123435402579
,78.72579958654003
,96.41777262068756
,116.15161494408076
,110.34306752498429
,86.17037892062218
,78.44678639173628
,62.40352769052007
,29.20095750887264
,9.746128380283196
,3.5190611689810964
,43.10088757727813
,58.39588361970243
,65.24438931034018
,64.38198489003764
,72.27044885221667
,69.9876136220041
,63.836640918375764
,64.61026841305892
,63.29129694671386
,0.5260105338134906
,-5.967387454346749
,-5.92934020050987
,-5.992752290238002
,12.599672418048918
,51.598107600847186
,69.61982350158095
,81.95981616267453
,78.68775233270316
,68.0472036763234
,66.27166516393584
,60.80554302937128
,43.12625241316939
,43.4306304438644
,52.4478296032041
,57.901269319823044
,62.225973839281316
,81.26228317566513
,110.52062137622305
,153.5520654657302
,157.85140514929725
,122.1503986323616
,105.10522891344098
,89.25220648140916
,85.40943384388464
,79.90526445548319
,78.73848200448568
,78.12972594309565
,78.76384684037691
,84.35679315439774
,93.76714727005182
,110.14014883785428
,107.85731360764171
,94.07152530074683
,96.07534733615566
,90.00046914020106
,78.68775233270316
,74.59133133626614
,73.2723598699211
,78.2058204507694
,84.71190085687525
,92.47354063959804
,98.20599355102074
,108.07291471271733
,107.9460905332611
,98.7893847765195
,98.62451334322637
,93.3486274778462
,94.97197697488625
,92.37208129603303
,91.26871093476362
,90.55849552980858
,91.10383950147049
,96.9884814282407
,105.44765419797287
,142.54372668892734
,127.18531855677489
,99.3347287481814
,89.4678075864848
,84.06509754164836
,75.63128960780743
,70.735876280796
,70.76124111668726
,63.557627723572004
,68.47840588647468
,87.62885698436911
,99.76593095833267
,139.44921671019472
,142.65786845043797
,100.14640349670144
,87.9205525971185
,75.73274895137243
,80.67889195016637
,75.54251268218805
,74.70547309777677
,73.6781972441811
,73.4752785570511
,75.3142291591668
,82.46711288049956
,86.94400641530534
,84.16655688521337
,73.9698928569305
,68.46572346852905
,37.68549511449607
,27.996127804038217
,9.682716290555064
,9.682716290555064
,48.21190200936519
,67.17211683807525
,73.72892691596361
,74.8196148592874
,82.5939370599558
,83.27878762901958
,77.19122701511937
,74.74352035161364
,68.40231137880092
,67.24821134574901
,59.38511221946122
,50.71033834465341
,44.267670028275674
,45.840289853533235
,50.34254822423027
,56.873993466227375
,59.435841891243726
,61.99769031626007
,51.31909440604343
,43.08820515933251
,35.060234599751595
,18.522361598656005
,7.044773357864969
,3.4049194074704587
,12.51089549242954
,32.94227080283215
,54.438969220667296
,82.41638320871704
,86.34793277186094
,90.77409663488422
,92.42281096781552
,88.37711964316101
,79.18236663258256
,79.03017761723504
,73.44991372115986
,69.21398612732095
,66.71554979203273
,65.57413217692644
,66.32239483571834
,65.24438931034018
,60.48848258073063
,58.649531978614945
,48.135807501691446
,23.531916687178054
,15.034696663609004
,-6.639555605464906
,-19.157102117797223
,-22.188200006801708
,-19.068325192177838
,-2.3782631757347446
,45.497864569001344
,71.09098398327352
,89.83559770690795
,93.81787694183434
,92.38476371397866
,88.64345042001914
,84.1411920493221
,74.54060166448365
,73.0694411827911
,72.68896864442232
,72.44800270345543
,75.27618190532992
,84.21728655699586
,104.0145409701172
,115.26384568788697
,111.95373460407873
,91.63650105518674
,84.00168545192022
,81.36374251923013
,75.58055993602493
,72.99334667511734
,71.92802356768479
,72.60019171880295
,77.90144242007437
,84.25533381083274
,110.41916203265805
,110.16551367374555
,112.1439708732631
,110.27965543525616
,100.6790650504177
,88.31370755343289
,90.97701532201422
,88.7702745994754
,87.80641083560786
,88.072741612466
,88.16151853808537
,93.71641759826932
,117.54668091809955
,168.30171753649265
,147.24890374675437
,106.53834214129665
,85.46016351566716
,81.097411742372
,81.0466820705895
,81.00863481675262
,79.48674466327756
,81.05936448853512
,85.51089318744965
,95.26367258763564
,112.54980824752313
,115.30189294172385
,115.3272577776151
,114.28729950607382
,97.5845550716851
,88.45321415083477
,79.47406224533195
,75.73274895137243
,75.74543136931807
,75.96103247439368
,75.94835005644806
,81.21155350388263
,101.04685517084083
,124.5346932061392
,110.83768182486368
,95.14953082612502
,81.24960075771949
,78.2058204507694
,71.2812202524579
,71.00220705765413
,68.93497293251718
,73.38650163143173
,77.28000394073874
,87.36252620751098
,99.05571555337764
,102.7209343396634
,104.17941240341031
,112.1439708732631
,98.91620895597576
,87.64153940231473
,86.76645256406658
,85.76454154636217
,81.65543813197952
,77.38146328430373
,77.21659185101062
,87.54008005874974
,97.21676495126195
,122.96207338088162
,121.8460206016666
,98.76401994062826
,88.75759218152977
,83.74803709300771
,77.71120615089
,72.37190819578169
,70.82465320641538
,72.70165106236794
,79.47406224533195
,87.50203280491286
,91.49699445778487
,91.94087908588176
,91.75064281669738
,93.23448571633556
,95.33976709530938
,84.15387446726774
,76.4175995204362
,74.76888518750489
,73.84306867747425
,72.1309422548148
,74.85766211312428
,81.99786341651141
,97.87625068443447
,106.2593289464929
,100.20981558642956
,82.41638320871704
,71.82656422411979
,66.93115089710837
,63.62103981330013
,60.780178193480026
,61.021144134446914
,62.936189244236346
,68.49108830442029
,81.0466820705895
,94.03347804690995
,97.86356826648885
,99.05571555337764
,103.77357502915031
,92.18184502684865
,82.7968557470858
,88.03469435862912
,81.94713374472892
,81.503249116632
,80.42524359125386
,80.47597326303635
,81.00863481675262
,79.51210949916883
,76.89953140236997
,64.36930247209202
,52.853666977464115
,23.608011194851812
,0.4245511902484793
,-15.466518495620207
,-23.114016516832365
,-23.697407742331137
,-21.554079109520444
,1.1728138490403808
,50.74838559849029
,77.29268635868436
,87.43862071518473
,90.92628565023173
,85.65039978485153
,75.60592477191618
,64.61026841305892
,48.76992839897272
,47.84411188894205
,46.25880964573888
,28.09758714760322
,20.310582528989194
,20.20912318542419
,9.226149244512555
,-8.884343581840596
,-23.570583562874873
,-25.48562867266432
,-27.793828738768156
,-34.122355293635266
,-33.52628165019087
,-74.88364657087547
,-86.32318755782964
,-62.53097149183628
,-27.654322141366265
,-18.269332861603445
,43.73500847455941
,71.90265873179355
,83.95095578013773
,80.46329084509074
,74.87034453106989
,70.95147738587164
,63.86200575426701
,60.76749577553439
,66.23361791009897
,66.24630032804458
,73.60210273650735
,83.78608434684459
,104.14136514957346
,127.41360207979616
,110.00064224045241
,83.55780082382334
,58.38320120175681
,48.76992839897272
,38.623994042472354
,35.38997746633786
,36.4553005737704
,50.69765592670778
,66.03069922296895
,81.097411742372
,99.85470788395205
,145.89188502657242
,157.52166228271102
,109.83577080715929
,87.90787017917286
,78.57361057119253
,77.17854459717374
,71.04025431149101
,68.77010149922407
,70.1905323091341
,72.15630709070605
,78.44678639173628
,94.00811321101871
,103.91308162655218
,90.02583397609231
,72.57482688291171
,51.217635062478436
,39.16933801413425
,10.671944890313853
,-2.5431346090278737
,5.066316158347405
,17.127295624637206
,39.16933801413425
,72.27044885221667
,84.05241512370273
,111.77618075283998
,113.84341487797693
,92.25793953452241
,78.58629298913816
,69.75933009898283
,52.38441751347597
,46.89293054302014
,43.35453593619064
,39.32152702948175
,38.662041296309226
,38.230839086157964
,35.618260989359115
,26.169859619868156
,16.505857145301555
,5.839943653030545
,3.531743586926723
,-13.37391953459202
,-10.114538122566273
,-8.389729281961209
,-14.464607477915806
,-13.969993178036418
,-16.100639392901485
,-17.914225159125934
,10.925593249226353
,43.13893483111501
,45.53591182283822
,46.170032720119494
,33.24664883352716
,17.647274760407853
,21.249081456965477
,0.32309184668348223
,-2.302168668060986
,-3.6591873882429127
,0.46259844408535855
,23.887024389655572
,57.9266341557143
,71.6236455369898
,59.74021992193873
,48.52896245800583
,47.970936068398316
,52.13076915456347
,54.248732951482914
,48.947482250211465
,43.84915023607004
,54.768712087253554
,49.44209655009086
,53.96971975667915
,73.15821810841047
,87.56544489464098
,87.60349214847786
,74.87034453106989
,66.22093549215334
,56.950087973901134
,52.6000186185516
,49.48014380392774
,45.81492501764198
,45.71346567407698
,44.8764260896657
,55.17454946151357
,78.02826659953064
,86.89327674352283
,82.46711288049956
,74.79425002339616
,68.00915642248653
,56.20182531510923
,53.75411865160352
,51.116175718913425
,44.35644695389506
,49.97475810380713
,54.756029669307935
,70.77392353463289
,80.90717547318762
,94.9973418107775
,100.22249800437518
,88.40248447905226
,80.1589128143957
,76.13858632563245
,84.42020524412587
,80.89449305524198
,80.5013380989276
,80.3491490835801
,80.84376338345949
,80.97058756291574
,82.36565353693454
,82.67003156762955
,78.16777319693253
,58.611484724778066
,49.50550863981899
,25.687927737934388
,14.768365886750871
,2.7200688384066893
,3.988310632969231
,25.624515648206263
,55.41551540248045
,77.25463910484748
,92.70182416261929
,113.81805004208567
,120.67923815066905
,97.47041331017446
,88.3263899713785
,79.91794687342883
,81.13545899620888
,71.63632795493541
,67.31162343547713
,59.955821027014366
,58.89049791958183
,57.87590448393179
,57.05154731746613
,46.170032720119494
,26.677156337693177
,14.362528512490854
,-2.7206884602666292
,-14.033405267764536
,-19.803905433024113
,-27.667004559311906
,-35.51742126765406
,-28.40258480015818
,-20.99605271991291
,12.574307582157672
,73.75429175185486
,95.50463852860253
,104.90231022631099
,103.15213654981467
,95.78365172340628
,89.49317242237605
,82.25151177542392
,80.48865568098198
,80.00672379904822
,79.42333257354943
,82.30224144720641
,89.7721856171798
,105.00376956987598
,127.04581195937303
,106.99490918733919
,97.62260232552197
,86.1830613385678
,86.1830613385678
,81.19887108593701
,82.36565353693454
,81.56666120636014
,86.61426354871907
,91.52235929367613
,96.96311659234944
,108.13632680244547
,138.38389360276219
,144.85192675503117
,111.34497854268871
,102.68288708582652
,88.478578986726
,83.43097664436708
,79.1570017966913
,79.81648752986383
,81.51593153457765
,82.0993227600764
,87.89518776122725
,110.11478400196305
,139.94383101007412
,122.21381072208973
,95.42854402092877
,84.40752282618024
,81.097411742372
,77.26732152279311
,79.98135896315695
,74.16012912611488
,77.87607758418314
,82.5939370599558
,91.458947203948
,115.2765281058326
,148.73274664639257
,154.4271523039784
,115.7330951518751
,99.09376280721452
,87.84445808944474
,85.58698769512341
,82.37833595488017
,83.90022610835523
,85.25724482853715
,83.01245685216143
,87.971282268901
,104.5598849417791
,120.48900188148465
,117.59741058988206
,93.58959341881307
,87.03278334092471
,82.4924777163908
,72.11825983686919
,66.25898274599022
,63.78591124659325
,67.43844761493338
,75.00985112847177
,88.65613283796478
,104.12868273162783
,106.48761246951416
,110.26697301731056
,105.0671816596041
,99.68983645065892
,87.90787017917286
,87.36252620751098
,84.47093491590837
,83.15196344956331
,83.49438873409522
,84.64848876714713
,85.9294129796553
,82.30224144720641
,78.45946880968191
,64.68636292073265
,26.702521173584422
,-8.516553461417473
,-19.905364776589124
,-22.594037381061725
,-24.496400072905544
,-24.230069296047418
,-21.516031855683565
,1.9083940898866558
,55.732575851121084
,87.9205525971185
,91.23066368092674
,90.74873179899298
,90.8121438887211
,97.10262318975131
,89.39171307881104
,83.97632061602897
,83.88754369040959
,76.89953140236997
,77.08976767155434
,77.90144242007437
,87.3752086254566
,90.79946147077547
,91.4082175321655
,87.08351301270721
,66.14484098447959
,36.63285442500916
,7.437928314179359
,-2.8221478038316263
,-7.819020474408063
,-8.922390835677476
,15.605405471162157
,49.31527237063462
,75.96103247439368
,90.40630651446108
,89.27757131730041
,88.99855812249665
,90.88823839639485
,97.57187265373946
,87.9205525971185
,92.49890547548928
,89.2648888993548
,87.8317756714991
,85.39675142593903
,84.94018437989652
,87.17228993832659
,81.90908649089204
,78.43410397379066
,57.81249239420366
,19.663779213762297
,-19.20783178957973
,-25.802689121304965
,-31.953661824933306
,-36.15154216493532
,-35.74570479067532
,-27.47676829012751
,-17.318151515681535
,39.01714899878674
,78.52288089941004
,88.41516689699789
,90.73604938104734
,94.38858574938747
,89.68340869156043
,75.99907972823056
,53.094632918430996
,44.9778854332307
,41.89605787244372
,39.63858747812239
,44.11548101292817
,43.81110298223316
,36.683584096791655
,10.063188828923828
,-23.266205532179868
,-38.04122243883353
,-65.33378585781949
,-106.2853134042441
,-150.19184433199945
,-204.4218634674939
,-194.49153021606912
,-113.67916306654374
,-72.52471683298913
,-37.47051363128038
,35.96068627389101
,72.52409721112919
,74.41377748502738
,59.131463860548706
,50.48205482163215
,45.54859424078384
,17.342896729712834
,11.065099846628243
,7.577434911581236
,11.55971414650763
,16.60731648886656
,40.412214972805536
,76.83611931264186
,82.7968557470858
,74.76888518750489
,37.93914347340857
,10.126600918651945
,3.442966661307338
,-2.492404937245368
,-6.37322482860678
,-6.208353395313637
,-2.5050873551909945
,7.425245896233733
,40.56440398815304
,79.38528531971255
,115.09897425459383
,118.2188490692177
,98.71329026884577
,81.02131723469824
,55.364785730697946
,28.389282760352614
,24.0518958229487
,19.72719130349043
,17.380943983549706
,20.196440767478556
,33.25933125147278
,62.66985846737822
,73.3230895417036
,34.10905325382969
,-2.4036280116259974
,-20.27315489701226
,-21.959916483780447
,-35.39059708819781
,-39.33482906928732
,-39.90553787684047
,-24.293481385775536
,-22.911097829702356
,-16.126004228792752
,41.14779521365181
,85.94209539760092
,86.6776756384472
,73.95721043898486
,53.25950435172413
,38.06596765286483
,15.351757112249643
,9.923682231521951
,6.207733773453683
,7.13355028348434
,8.160826137080008
,27.590290429778207
,56.02427146387048
,74.21085879789737
,53.29755160556101
,14.184974661252099
,9.467115185479429
,34.08368841793843
,-19.727810925350354
,-14.667526165045814
,-13.272460191027022
,9.44175034958819
,-6.132258887639878
,12.358706477082038
,57.4320198558349
,82.08664034213079
,78.83994134805067
,75.7200665334268
,49.733792162840246
,31.91499494923648
,40.56440398815304
,36.721631350628535
,35.3138829586641
,33.86808731286281
,37.59671818887669
,55.13650220767669
,73.57673790061611
,75.07326321819991
,73.50064339294235
,31.4203806493571
,4.292688663664251
,-6.969298472051165
,-14.45192505997018
,-11.1291315582163
,-7.045392979724909
,5.611660130009284
,3.4936963330898436
,29.632159719023903
,75.14935772587366
,75.92298522055682
,73.85575109541986
,73.56405548267047
,77.93948967391125
,63.012283751910104
,60.945049626773155
,55.16186704356795
,51.68688452646657
,47.93288881456144
,50.44400756779528
,55.80867035879484
,66.6901849561415
,86.15769650267656
,87.4766679690216
,79.58820400684256
,52.39709993142159
,38.63667646041798
,18.560408852492884
,5.649707383846163
,8.236920644753766
,22.4539111617999
,36.48066540966165
,65.91655746145834
,71.59828070109853
,75.83420829493744
,75.64397202575304
,77.02635558182622
,75.08594563614552
,69.64518833747222
,70.39345099626411
,66.43653659722898
,63.77322882864762
,66.81700913559774
,67.38771794315089
,68.08525093016029
,66.36044208955522
,67.52722454055277
,52.6000186185516
,26.52496732234566
,-13.196365683353264
,-17.026455902932142
,-22.79695606819172
,-23.29157036807112
,-25.71391219568558
,-21.275065914716663
,-16.684030618400257
,32.04181912869274
,67.22284650985775
,74.80693244134177
,76.8614841485331
,76.88684898442435
,83.65926016738834
,77.4575577919775
,75.33959399505804
,75.06058080025429
,73.03139392895422
,71.45877410369665
,71.36999717807728
,73.61478515445297
,64.10297169523389
,53.32291644145225
,23.887024389655572
,-8.26290510250496
,-21.80772746843293
,-34.096990457744
,-40.4762466843936
,-45.30824792167691
,-50.29243817430772
,-46.13260508814257
,-29.937157371578863
,4.952174396836767
,62.08646724187943
,74.62937859010302
,76.87416656647873
,75.33959399505804
,83.68462500327959
,79.87989961959195
,81.32569526539325
,80.9452227270245
,79.71502818629882
,78.4087391378994
,78.37069188406252
,79.86721720164634
,76.81075447675059
,75.21276981560179
,54.5404285642323
,13.969373556176464
,-1.2368455606284527
,-10.317456809696267
,-17.64789438226778
,-20.95800546607603
,-16.912314141421504
,1.5406039694635183
,9.733445962337555
,48.05971299401769
,77.30536877662999
,81.43983702690389
,81.33837768333889
,81.33837768333889
,87.48935038696723
,80.31110182974322
,77.17854459717374
,73.51332581088798
,73.65283240828985
,72.51141479318356
,75.91030280261118
,80.41256117330822
,85.21919757470027
,87.67958665615161
,96.92506933851256
,92.90474284974928
,75.1239928899824
,68.49108830442029
,62.149879331607565
,61.97232548036882
,62.061102405988194
,62.784000228888836
,76.37955226659933
,87.51471522285847
,91.00238015790546
,89.49317242237605
,87.65422182026037
,87.46398555107598
,76.56978853578372
,68.40231137880092
,71.80119938822855
,67.4004003610965
,60.868955119099404
,58.9792748452012
,60.62798917813251
,69.8861542784391
,95.01002422872313
,92.5496351472718
,92.32135162425052
,87.45130313313035
,75.96103247439368
,65.72632119227394
,48.36409102471271
,40.55172157020742
,41.66777434942246
,53.75411865160352
,72.60019171880295
,87.55276247669535
,99.47423534558328
,95.25099016969001
,95.3017198414725
,97.0899407718057
,99.36009358407264
,95.26367258763564
,89.86096254279919
,87.84445808944474
,79.90526445548319
,78.44678639173628
,82.55588980611893
,90.00046914020106
,106.52565972335104
,92.98083735742304
,95.07343631845126
,83.67194258533398
,68.5418179762028
,69.06179711197343
,65.2063420565033
,65.2063420565033
,63.82395850043013
,68.60523006593093
,89.23952406346355
,92.98083735742304
,97.6352847434676
,93.00620219331431
,92.02965601150113
,91.92819666793613
,92.84133076002117
,91.83941974231676
,93.27253297017243
,90.59654278364546
,90.87555597844923
,90.58386036569983
,90.0131515581467
,91.95356150382739
,91.14188675530737
,92.8540131779668
,92.37208129603303
,90.43167135035233
,91.864784578208
,90.05119881198357
,86.42402727953468
,83.7353546750621
,80.19696006823258
,86.03087232322031
,88.8717339430404
,90.49508344008046
,88.79563943536665
,88.80832185331228
,90.19070540938546
,94.84515279542998
,95.7456044695694
,91.21798126298111
,90.25411749911359
,89.60731418388667
,88.92246361482292
,89.23952406346355
,91.3067581886005
,91.04042741174234
,90.0131515581467
,91.47162962189361
,86.70304047433845
,68.47840588647468
,49.18844819117835
,19.663779213762297
,-5.624962169814864
,-10.342821645587534
,-13.652932729395772
,2.897622689645445
,44.09011617703692
,78.21850286871502
,88.94782845071416
,91.3067581886005
,88.84636910714916
,88.84636910714916
,88.45321415083477
,88.174200956031
,85.6757646207428
,86.25915584624155
,86.88059432557719
,85.19383273880902
,85.16846790291777
,83.49438873409522
,74.42645990297301
,62.68254088532383
,13.62694827164458
,-13.37391953459202
,-21.592126363357295
,-22.89841541175673
,-26.96947157230251
,-34.45209816022151
,-37.59733781073663
,-28.681597994961933
,-20.412661494414138
,45.10470961268696
,83.17732828545458
,86.25915584624155
,90.13997573760295
,88.26297788165037
,90.87555597844923
,88.84636910714916
,84.69921843892962
,84.28069864672398
,80.95790514497013
,80.98326998086137
,84.57239425947337
,88.97319328660541
,88.6688152559104
,85.61235253101465
,89.0746526301704
,87.75568116382537
,88.49126140467165
,86.23379101035032
,82.02322825240265
,83.07586894188957
,74.42645990297301
,81.80762714732701
,90.0131515581467
,89.97510430430982
,88.37711964316101
,85.14310306702652
,85.14310306702652
,85.00359646962464
,84.71190085687525
,84.02705028781148
,85.24456241059153
,85.24456241059153
,86.17037892062218
,86.0816019950028
,85.26992724648277
,85.21919757470027
,85.20651515675465
,85.23187999264589
,85.21919757470027
,86.23379101035032
,84.58507667741901
,82.16273484980454
,62.543034287921955
,60.74213093964315
,59.34706496562434
,63.30397936465949
,82.02322825240265
,85.19383273880902
,85.15578548497214
,83.65926016738834
,84.53434700563649
,85.15578548497214
,85.16846790291777
,85.1811503208634
,74.87034453106989
,63.8112760824845
,62.53035186997634
,60.85627270115377
,61.92159580858631
,67.0960223304015
,83.0885513598352
,85.47284593361277
,85.51089318744965
,74.76888518750489
,62.03573757009694
,62.061102405988194
,58.30710669408306
,59.65144299631936
,58.31978911202868
,62.16256174955319
,64.53417390538516
,85.47284593361277
,84.3314283185065
,84.21728655699586
,84.44557008001712
,83.81144918273586
,83.27878762901958
,81.08472932442638
,81.51593153457765
,81.30033042950201
,81.55397878841453
,80.995952398807
,81.21155350388263
,80.51402051687323
,81.51593153457765
,81.56666120636014
,83.12659861367207
,81.47788428074077
,68.57986523003967
,62.16256174955319
,52.79025488773598
,47.53973385824705
,44.76228432815507
,57.88858690187742
,64.34393763620076
,83.82413160068147
,81.63007329608828
,82.07395792418517
,83.88754369040959
,84.01436786986585
,82.23882935747828
,81.12277657826326
,76.26541050508871
,79.66429851451632
,79.89258203753758
,79.89258203753758
,79.67698093246194
,77.05172041771748
,76.37955226659933
,80.00672379904822
,80.19696006823258
,83.17732828545458
,89.1761119737354
,90.02583397609231
,84.39484040823461
,80.12086556055883
,79.58820400684256
,80.1462303964501
,82.31492386515204
,79.94331170932007
,79.8545347837007
,77.34341603046686
,74.76888518750489
,70.76124111668726
,74.33768297735364
,78.15509077898689
,80.76766887578573
,76.87416656647873
,69.21398612732095
,66.46190143312022
,61.16065073184879
,53.55119996447351
,56.315967076619856
,57.31787809432427
,55.58038683577358
,51.2556823163153
,48.47823278622333
,18.357490165362876
,11.33143062348637
,-10.60915242244566
,-14.502654731752685
,-16.658665782509004
,-6.652238023410533
,34.08368841793843
,46.842200871237644
,56.37937916634799
,57.977363827496795
,59.19487595027684
,59.65144299631936
,57.977363827496795
,48.947482250211465
,46.74074152767264
,39.258114939753625
,33.60175653600467
,31.39501581346584
,13.385982330677699
,7.869130524330615
,1.299638028496645
,1.9210765078322822
,-1.1227037991178292
,-3.7479643138622976
,-13.348554698700752
,-10.000396361055635
,-26.779235303118114
,-40.38746975877423
,-45.676038042100046
,-28.44063205399506
,-13.830486580634542
,8.04668437556937
,53.17072742610475
,55.13650220767669
,63.760546410702005
,59.562666070699976
,55.14918462562231
,73.5260082288336
,69.21398612732095
,69.75933009898283
,70.10175538351473
,70.52027517572037
,54.62920548985167
,55.834035194686095
,78.66238749681192
,81.0466820705895
,76.93757865620685
,84.53434700563649
,79.06822487107192
,76.69661271523998
,73.56405548267047
,61.79477162913007
,66.8043267176521
,76.7600248049681
,81.49056669868638
,75.33959399505804
,73.43723130321422
,73.57673790061611
,73.58942031856174
,70.79928837052412
,55.719893433175464
,88.19956579192225
,89.58194934799543
,89.94973946841856
,90.08924606582045
,88.478578986726
,83.31683488285645
,84.11582721343086
,75.80884345904619
,75.94835005644806
,80.98326998086137
,91.31944060654611
,85.7772239643078
,65.99265196913207
,62.74595297505198
,56.68375719704299
,61.84550130091256
,65.86582778967583
,86.69035805639282
,75.47910059245991
,78.11704352515001
,81.05936448853512
,73.56405548267047
,80.995952398807
,74.88302694901553
,62.606446377650094
,56.40474400223924
,53.63997689009289
,55.719893433175464
,53.069268082539736
,62.061102405988194
,80.27305457590634
,78.47215122762752
,77.40682812019499
,80.26037215796072
,65.91655746145834
,57.863222065986164
,39.65126989606801
,37.43184675558356
,33.34810817709216
,55.834035194686095
,59.08073418876621
,80.995952398807
,76.77270722291371
,76.04980940001307
,77.22927426895623
,84.95286679784213
,83.69730742122522
,82.45443046255392
,76.04980940001307
,63.39275629027886
,63.367391454387615
,69.96224878611285
,65.94192229734958
,52.94244390308349
,54.5911582360148
,72.81579282387858
,72.7270158982592
,57.40665501994364
,53.13268017226787
,37.81231929395233
,18.395537419199748
,15.681499978835902
,12.929415284635184
,28.351235506515735
,56.25255498689174
,81.6934853858164
,64.47076181565703
,79.08090728901756
,84.94018437989652
,84.94018437989652
,86.65231080255595
,83.9382733621921
,81.08472932442638
,78.49751606351877
,76.03712698206743
,76.03712698206743
,76.03712698206743
,62.09914965982507
,70.25394439886223
,79.41065015560382
,82.44174804460829
,76.48101161016434
,53.98240217462478
,37.81231929395233
,17.292167057930342
,9.0485953932738
,7.9579074499499995
,-1.0466092914440708
,52.549288946769096
,69.74664768103722
,60.069962788525
,72.00411807535855
,80.36183150152573
,81.82030956527265
,83.46902389820396
,81.097411742372
,71.61096311904416
,68.45304105058342
,69.94956636816723
,72.37190819578169
,72.37190819578169
,52.05467464688971
,53.525835128582266
,51.30641198809781
,41.26193697516245
,-1.8582840399641043
,-25.15588580607806
,-32.73997173756209
,-42.65762257104119
,-54.921520724461004
,-74.85828173498422
,-59.5506032746143
,-38.04122243883353
,-13.259777773081382
,46.90561296096577
,51.712249362357824
,51.48396583933656
,50.69765592670778
,49.657697655166494
,49.847933924350876
,48.59237454773396
,32.70130486186527
,10.519755874966336
,-1.9851082194203542
,-9.911619435436265
,-12.701751383473862
,-6.779062202866783
,-9.69601833036063
,-17.559117456648423
,-30.20348814843699
,-46.868185328988844
,-54.198622901560356
,-64.1923682427132
,-75.80946308090614
,-76.86210377039302
,-58.180902136486736
,-35.85984655218596
,-21.37652525828169
,27.79320911690821
,49.49282622187337
,48.00898332223519
,46.85488328918326
,48.45286795033208
,43.15161724906064
,63.963465097832014
,65.06683545910143
,60.475800162785006
,56.151095643326734
,53.22145709788725
,44.495953551296935
,66.62677286641335
,67.08333991245587
,67.451130032879
,67.18479925602088
,66.94383331505398
,66.04338164091459
,47.95825365045269
,45.561276658729476
,47.95825365045269
,47.5650986941383
,47.55241627619267
,57.62225612501928
,62.79668264683447
,67.4004003610965
,66.7028673740871
,66.08142889475147
,65.9038750435127
,55.74525826906672
,55.77062310495796
,52.143451572509086
,52.18149882634596
,49.683062491057754
,50.79911527027278
,50.71033834465341
,55.74525826906672
,65.14292996677518
,64.47076181565703
,55.77062310495796
,48.338726188821454
,45.82760743558761
,39.28347977564487
,36.18896979691227
,35.23778845099036
,43.075522741386884
,46.9182953789114
,50.266453716556526
,58.56075505299557
,63.215202439040105
,55.82135277674047
,58.814403411908074
,68.18671027372528
,67.98379158659529
,67.93306191481277
,67.31162343547713
,67.1974816739665
,67.92037949686716
,67.18479925602088
,55.834035194686095
,67.17211683807525
,60.716766103751894
,59.10609902465747
,53.29755160556101
,54.62920548985167
,39.82882374730677
,26.613744247965045
,15.402486784032142
,12.916732866689557
,20.41204187255419
,50.78643285232716
,51.02739879329404
,51.09081088302217
,60.23483422181813
,71.00220705765413
,76.08785665384995
,73.86843351336549
,68.87156084278907
,59.61339574248248
,54.98431319232919
,60.196786967981254
,62.12451449571631
,62.18792658544444
,47.983618486343936
,53.28486918761537
,55.834035194686095
,57.08959457130301
,52.29564058785659
,64.61026841305892
,59.94313860906874
,47.996300904289555
,43.96329199758066
,42.75846229274625
,51.49664825728219
,56.7344868688255
,67.24821134574901
,53.23413951583287
,52.24491091607409
,57.863222065986164
,62.1118320777707
,63.3166617826051
,63.30397936465949
,58.37051878381119
,58.814403411908074
,58.497342963267435
,58.47197812737619
,58.44661329148494
,52.25759333401972
,56.02427146387048
,58.421248455593684
,58.421248455593684
,59.94313860906874
,69.06179711197343
,69.56909382979846
,63.78591124659325
,56.26523740483736
,50.36791306012152
,52.16881640840034
,58.497342963267435
,64.0015123516689
,55.45356265631733
,58.28174185819181
,55.78330552290359
,49.42941413214524
,57.50811436350865
,57.11495940719426
,46.14466788422825
,39.86687100114364
,31.597934500595848
,21.464682562041112
,16.138067024878417
,11.940186684876394
,22.82170128222304
,3.63320293049172
,-1.8582840399641043
,-8.402411699906835
,-26.259256167347473
,-49.1383381412558
,-72.58812892271726
,-93.89459107136801
,-99.8045978340295
,-85.49883039136398
,-51.59872722270714
,-20.019506538099748
,-3.798693985644789
,37.40648191969231
,36.797725858302286
,37.31770499407293
,36.73431376857416
,36.10019287129289
,27.209817891409443
,15.37712194814089
,2.8595754358085657
,-3.5323632087866628
,-1.274892814465332
,4.939491978891141
,4.153182066262374
,-0.4251708121084192
,-9.860889763653773
,-19.39806805876411
,-33.285315709223994
,-44.17951272451624
,-59.2462252439193
,-83.77402155075893
,-94.76967790961618
,-79.3859049415725
,-36.608109210977844
,-10.380868899424414
,6.220416191399309
,29.70825422669766
,37.98987314519108
,37.93914347340857
,48.097760247854566
,39.05519625262362
,39.08056108851487
,40.22197870362116
,43.84915023607004
,43.11356999522376
,40.171249031838656
,37.40648191969231
,39.30884461153613
,44.825696417883194
,43.39258319002752
,37.58403577093107
,43.08820515933251
,38.484487445070464
,28.49074210391761
,15.110791171282763
,21.731013338899245
,38.71277096809173
,48.07239541196331
,39.23275010386237
,38.07865007081046
,45.75151292791386
,54.56579340012355
,55.89744728441422
,55.08577253589419
,53.44974062090851
,45.10470961268696
,39.37225670126425
,37.45721159147481
,35.50411922784849
,29.13754541914451
,11.242653697866999
,36.91186761981292
,48.731881145135844
,49.46746138598212
,43.46867769770128
,37.228928068453556
,34.52757304603533
,29.213639926818267
,36.277746722531646
,36.73431376857416
,32.117913636366495
,5.1170458301298964
,36.22701705074914
,30.887719095640826
,50.6596086728709
,54.67993516163418
,54.806759341090434
,55.16186704356795
,53.31023402350663
,34.5148906280897
,32.70130486186527
,34.43879612041595
,33.20860157969028
,34.50220821014408
,35.377295048392234
,35.54216648168537
,40.437579808696796
,40.46294464458804
,35.70703791497849
,37.000644545432294
,36.125557707184136
,35.098281853588475
,33.791992805189054
,22.7075595207124
,27.108358547844432
,34.00759391026469
,35.59289615346787
,35.50411922784849
,37.913778637517325
,35.66899066114161
,38.34498084766859
,39.02983141673237
,37.93914347340857
,50.723020762599035
,38.99178416289549
,37.71085995038732
,36.277746722531646
,37.12746872488855
,38.06596765286483
,45.66273600229448
,60.323611147437504
,62.4669397802482
,62.55571670586758
,53.71607139776664
,46.70269427383577
,41.325349064890574
,37.77427204011545
,38.547899534798596
,43.582819459211905
,48.097760247854566
,44.39449420773194
,49.302589952688976
,65.14292996677518
,72.1816719265973
,67.46381245082465
,64.68636292073265
,60.00655069879687
,96.62069130781755
,85.9294129796553
,68.49108830442029
,59.15682869643996
,58.180282514626796
,67.23552892780337
,101.1736793502971
,128.14918232064244
,128.3647834257181
,101.38928045537273
,85.0796909772984
,68.79546633511531
,62.213291421335704
,56.68375719704299
,54.94626593849232
,56.54425059964112
,58.28174185819181
,52.549288946769096
,55.681846179338585
,77.69852373294438
,102.60679257815278
,96.62069130781755
,92.21989228068553
,74.92107420285241
,57.40665501994364
,43.24039417468001
,29.923855331773282
,24.102625494731207
,21.08421002367234
,26.423507978780663
,17.216072550256584
,26.651791501801917
,19.904745154729184
,5.028268904510526
,-13.602203057613266
,-22.467213201605475
,-24.05251544480865
,-27.88260566438754
,-29.062070533330697
,-30.013251879252607
,-33.03166735031148
,-15.377741570000836
,30.48188172138081
,48.75724598102708
,62.44157494435695
,63.93810026194076
,70.34272132448162
,65.0541530411558
,61.782089211184434
,54.35019229504792
,47.501686604410175
,44.19157552060192
,45.68810083818573
,41.693139185313704
,40.12051936005616
,29.80971357026266
,10.139283336597586
,-13.72902723706953
,-11.86471179906259
,-13.50074371404827
,-15.225552554653333
,-19.144419699851596
,-21.275065914716663
,-17.292786679790268
,-12.714433801419489
,13.335252658895193
,40.1458841959474
,54.413604384776036
,65.07951787704704
,66.65213770230461
,65.7516860281652
,65.13024754882956
,47.85679430688768
,44.660824984590064
,43.874515071961284
,41.70582160325934
,43.79842056428754
,44.38181178978631
,41.75655127504184
,47.26072066344328
,48.135807501691446
,46.70269427383577
,46.170032720119494
,43.79842056428754
,31.572569664704602
,23.367045253884932
,24.749428809958104
,37.68549511449607
,45.409087643381966
,38.623994042472354
,46.89293054302014
,61.033826552392526
,80.43792600919947
,78.77652925832255
,78.71311716859441
,65.32048381801393
,45.25689862803446
,41.26193697516245
,40.61513365993555
,26.66447391974755
,29.644842136969523
,38.45912260917922
,41.66777434942246
,52.0039449751072
,57.95199899160554
,43.76037331045066
,43.96329199758066
,27.831256370745088
,17.723369268081598
,16.3283032940628
,14.857142812370249
,26.27131896343316
,41.87069303655247
,39.486398462774886
,44.0267040873088
,57.91395173776866
,56.56961543553237
,63.87468817221264
,59.6768078322106
,59.66412541426498
,58.256377022300555
,54.12190877202666
,50.34254822423027
,40.6404984958268
,40.88146443679368
,51.42055374960843
,54.6926175795798
,58.256377022300555
,61.3635694189788
,72.56214446496607
,52.16881640840034
,36.82309069419354
,30.304327870142053
,19.49890778046916
,31.547204828813342
,37.39379950174668
,41.680456767368085
,41.03365345214119
,56.239872568946105
,56.239872568946105
,56.0369538818161
,56.227190151000485
,57.29251325843302
,55.91012970235984
,58.83976824779933
,58.928545173418705
,57.03886489952051
,55.64379892550171
,55.49160991015421
,57.990046245442414
,63.03764858780134
,64.3566200541464
,64.3566200541464
,63.86200575426701
,58.14223526078992
,49.251860280906484
,41.26193697516245
,36.81040827624791
,35.68167307908725
,42.910651308093755
,42.923333726039374
,47.33681517111704
,58.497342963267435
,64.3566200541464
,64.3566200541464
,62.847412318616975
,64.34393763620076
,60.868955119099404
,54.324827459156666
,40.019060016491146
,39.00446658084112
,36.75967860446541
,36.73431376857416
,37.190880814616676
,39.96833034470865
,60.42507049100251
,60.678718849915015
,55.97354179208798
,34.78122140494784
,-1.528541173377846
,-17.73667130788718
,-21.630173617194174
,-21.630173617194174
,-20.43802633030539
,5.015586486564885
,16.48049230941031
,49.54355589365587
,59.53730123480872
,59.410477055352466
,58.24369460435493
,58.14223526078992
,55.9862242100336
,60.37434081922001
,54.14727360791791
,36.63285442500916
,30.418469631652677
,30.139456436848917
,30.304327870142053
,30.3296927060333
,30.735530080293316
,30.849671841803946
,29.80971357026266
,-7.197581995072412
,-14.236323954894544
,-23.55790114492926
,-25.472946254718693
,-23.72277257822239
,-13.906581088308286
,10.35488444167322
,35.92263902005413
,34.413431284524705
,46.9690250506939
,56.45547367402174
,58.10418800695305
,57.24178358665053
,55.63111650755609
,43.21502933878877
,34.04564116410156
,30.342375123978933
,30.24091578041392
,29.12486300119889
,30.380422377815812
,13.791819704937708
,-8.009256743592445
,-8.61801280498247
,-8.389729281961209
,-22.099423081182323
,-24.838825357437415
,-26.880694646683125
,-29.011340861548206
,-28.85915184620069
,-26.335350675021232
,-25.09247371634993
,-3.570410462623542
,3.252730392122956
,34.946092838240965
,48.27531409909332
,55.33942089480671
,54.55311098217792
,53.0439032466485
,56.84862863033613
,49.87329876024213
,34.75585656905658
,32.409609249115874
,32.33351474144213
,41.388761154618706
,52.511241692932224
,51.88980321359657
,54.50238131039542
,51.64883727262969
,46.9690250506939
,29.923855331773282
,29.847760824099538
,29.77166631642578
,29.72093664464328
,19.321353929230405
,11.927504266930768
,17.469720909169098
,33.90613456669968
,43.08820515933251
,46.47441075081451
,48.92211741432022
,48.79529323486396
,45.19348653830634
,42.27653041081248
,41.08438312392369
,40.57708640609867
,26.27131896343316
,24.381638689534967
,27.552243175941328
,43.9252447437438
,43.9252447437438
,43.937927161689416
,42.403354590268734
,30.456516885489556
,26.727886009475675
,17.216072550256584
,12.7899086872333
,2.8468930178629392
,-7.0961226515074145
,4.914127142999888
,18.408219837145374
,36.67090167884603
,44.38181178978631
,43.17698208495189
,43.9252447437438
,43.4306304438644
,40.56440398815304
,53.069268082539736
,49.12503610145022
,40.526356734316174
,37.98987314519108
,34.36270161274219
,39.04251383467799
,45.51054698694698
,44.825696417883194
,45.07934477679571
,46.20807997395637
,42.96138097987625
,40.970241362413056
,39.575175388394264
,40.46294464458804
,41.008288616249935
,46.081255794500116
,41.37607873667307
,40.46294464458804
,25.725974991771267
,44.825696417883194
,44.825696417883194
,43.15161724906064
,43.13893483111501
,40.767322675283054
,27.881986042527586
,30.545293811108934
,30.2789630342508
,24.0518958229487
,22.339769400289264
,15.668817560890282
,18.77600995756852
,27.89466846047322
,30.773577334130195
,21.604189159442996
,-2.302168668060986
,-14.084134939547042
,-19.575621910002866
,-25.828053957196204
,-30.63469035858826
,-23.025239591212994
,-20.247790061121023
,-14.084134939547042
,24.02653098705745
,25.56110355847813
,29.733619062588907
,31.851582859508355
,32.98031805666902
,33.00568289256028
,30.139456436848917
,20.779831992977343
,15.884418665965917
,10.063188828923828
,13.018192210254554
,18.433584673036627
,29.188275090927007
,35.1616939433166
,32.05450154663837
,15.288345022521519
,-12.841257980875753
,-20.412661494414138
,-22.93646266559361
,-26.208526495564968
,-25.130520970186808
,-19.119054863960358
,-13.995358013927657
,17.609227506570974
,22.656829848929902
,42.25116557492123
,40.26002595745804
,44.31839970005818
,44.30571728211255
,40.53903915226179
,32.99300047461465
,31.559887246758976
,30.24091578041392
,29.12486300119889
,26.62642666591067
,16.188796696660916
,-11.154496394107568
,-18.459569130787813
,-18.269332861603445
,-20.27315489701226
,-21.80772746843293
,-44.30633690397251
,-78.73910162634562
,-93.89459107136801
,-106.20921889657035
,-79.43663461335501
,-51.56067996887026
,-26.982153990248122
,-19.119054863960358
,-5.295219303228592
,4.9902216506736465
,5.015586486564885
,11.623126236235763
,5.865308488921798
,-21.059464809641042
,-21.490667019792298
,-23.393029711636117
,-25.764641867468086
,-26.335350675021232
,-25.46026383677308
,-25.688547359794327
,-28.453314471940686
,-36.35446085206533
,-33.41213988868023
,-33.85602451677711
,-36.59542679303222
,-41.02159065605551
,-43.22833137859433
,-47.15988094173824
,-44.369748993700625
,-24.039833026863022
,-12.8158931449845
,5.53556562233554
,21.87051993630113
,41.401443572564325
,44.40717662567756
,44.59741289486193
,41.972152380117464
,54.717982415471056
,51.77566145208595
,45.70078325613136
,41.83264578271559
,41.388761154618706
,48.22458442731082
,49.645015237220875
,52.68879554417098
,52.09272190072659
,49.49282622187337
,35.50411922784849
,24.60992221255622
,7.437928314179359
,5.066316158347405
,5.053633740401764
,18.915516554970402
,29.13754541914451
,30.342375123978933
,55.55502199988233
,67.73014322768277
,49.721109744894626
,49.55623831160149
,48.23726684525644
,46.03052612271762
,40.107836942110524
,39.61322264223113
,37.96450830929983
,34.24855985123157
,33.91881698464531
,37.74890720422419
,47.742652545377055
,49.771839416677125
,48.896752578428966
,42.555543605616236
,40.843417182956806
,24.584557376664975
,7.082820611701848
,-3.8747884933185475
,-11.1291315582163
,0.22163250311847094
,33.37347301298342
,40.044424852382406
,52.549288946769096
,54.337509877102285
,54.92090110260106
,54.87017143081856
,53.576564800364764
,50.13962953710026
,48.74456356308146
,45.168121702415085
,36.98796212748666
,35.047552181805976
,31.33160372373772
,36.569442335281025
,41.56631500585746
,51.02739879329404
,51.01471637534842
,57.267148422541766
,45.58664149462072
,41.997517216008724
,33.145189489962156
,29.543382793404525
,27.628337683615086
,30.228233362468295
,31.33160372373772
,36.58212475322665
,48.74456356308146
,48.88407016048335
,43.77305572839629
,43.72232605661378
,43.658913966885656
,42.035564469845596
,55.85940003057735
,52.35905267758472
,54.22336811559166
,47.869476724833305
,46.9182953789114
,45.70078325613136
,53.24682193377849
,62.492304616139464
,55.84671761263172
,58.11687042489868
,61.312839747196286
,56.7344868688255
,40.50099189842492
,35.40265988428348
,32.24473781582275
,34.67976206138283
,45.32031071776259
,55.960859374142345
,57.35592534816115
,59.06805177082059
,57.546161617345525
,59.74021992193873
,59.10609902465747
,51.68688452646657
,56.68375719704299
,51.1542229727503
,42.910651308093755
,35.47875439195724
,31.648664172378353
,31.750123515943358
,40.62781607788117
,55.9862242100336
,73.4752785570511
,68.30085203523592
,55.8847648664686
,54.134591189972284
,47.20999099166078
,41.26193697516245
,33.13250707201652
,32.9676356387234
,32.092548800475235
,33.462249938602795
,48.17385475552831
,55.85940003057735
,53.56388238241914
,50.05085261148089
,55.91012970235984
,41.26193697516245
,46.220762391902
,42.37798975437748
,40.89414685473931
,32.98031805666902
,28.008810221983843
,18.636503360166643
,29.13754541914451
,29.188275090927007
,18.420902255091008
,-4.597686316219196
,-17.483022948974664
,-23.418394547527384
,-25.371486911153696
,-38.51047190282166
,-48.9861491259083
,-36.27836634439157
,-27.09629575175876
,-13.551473385830775
,17.685322014244733
,44.1788931026563
,46.98170746863953
,49.1123536835046
,50.634243836979664
,48.313361352930194
,57.44470227378052
,48.9094349963746
,40.285390793349286
,35.136329107425354
,29.79703115231704
,20.50081879817357
,14.096197735632721
,-2.200709324495989
,-13.132953593625132
,-28.085524351517535
,-59.67742745407054
,-80.67951157202629
,-562.5606638340112
,-125.09333921760663
,-106.5389617631566
,-80.37513354133131
,-30.279582656110748
,-13.969993178036418
,29.454605867785148
,49.39136687830836
,59.48657156302622
,59.65144299631936
,65.21902447444893
,60.52652983456751
,47.24803824549766
,46.33490415341263
,46.34758657135825
,44.35644695389506
,37.228928068453556
,43.05015790549563
,47.85679430688768
,47.2226734096064
,46.33490415341263
,37.203563232562296
,31.6740290082696
,10.063188828923828
,-11.053037050542557
,-16.202098736466482
,-15.32701189821833
,3.2907776459598352
,21.51541223382361
,27.526878340050082
,46.34758657135825
,47.28608549933454
,47.57778111208392
,51.92785046743345
,43.03747548755001
,35.22510603304473
,42.27653041081248
,33.90613456669968
,22.923160625788036
,12.599672418048918
,9.720763544391943
,18.725280285786013
,21.540777069714856
,42.22580073902998
,43.4306304438644
,35.060234599751595
,11.179241608138867
,-5.7898336031079936
,-17.62252954637654
,-23.71009016027675
,-20.983370301967298
,-21.731632960759185
,-15.339694316163957
,8.934453631763162
,42.80919196452875
,47.907523978670184
,47.57778111208392
,47.32413275317141
,46.48709316876013
,43.67159638483128
,53.0439032466485
,50.43132514984965
,49.137718519395854
,44.1788931026563
,44.1788931026563
,45.63737116640323
,47.24803824549766
,69.7846949348741
,83.02513927010708
,49.847933924350876
,35.935321437999754
,25.91621126095564
,8.274967898590646
,4.977539232728006
,2.03521826934292
,0.6528347132697405
,23.214856238537422
,45.4724997331101
,51.002033957402794
,44.19157552060192
,45.97979645093511
,48.49091520416895
,65.59949701281771
,51.42055374960843
,81.00863481675262
,79.48674466327756
,54.451651638612915
,52.67611312622536
,53.424375785017254
,62.251338675172576
,79.49942708122319
,76.98830832798934
,62.289385929009455
,78.43410397379066
,60.46311774483939
,46.32222173546701
,41.84532820066122
,34.71780931521971
,34.86999833056722
,44.16621068471068
,62.302068346955075
,79.44869740944068
,95.49195611065689
,47.29876791728016
,48.11044266580019
,48.11044266580019
,47.083166812204524
,45.45981731516447
,47.311450335225786
,46.32222173546701
,45.86565468942448
,44.30571728211255
,44.242305192384435
,44.36912937184068
,47.33681517111704
,50.164994372991515
,49.58160314749274
,46.956342632748274
,44.30571728211255
,43.696961220722535
,28.947309149960127
,26.093765112194404
,27.29859481702882
,30.98917843920583
,42.01019963395434
,43.024793069604385
,49.50550863981899
,51.902485631542206
,52.067357064835335
,49.58160314749274
,49.46746138598212
,48.79529323486396
,41.78191611093309
,43.024793069604385
,43.29112384646252
,35.859226930326
,29.264369598600766
,29.277052016546392
,33.77931038724343
,35.90995660210851
,35.859226930326
,31.775488351834603
,15.846371412129038
,7.5140228218531036
,-7.996574325646819
,-13.221730519244502
,-9.125309522807484
,-0.46321806594529846
,12.942097702580803
,33.28469608736404
,39.37225670126425
,46.20807997395637
,40.057107270328025
,42.02288205189998
,41.78191611093309
,41.76923369298746
,45.94174919709823
,44.825696417883194
,44.81301399993757
,36.58212475322665
,34.40074886657907
,32.48570375678963
,33.84272247697155
,32.53643342857213
,20.285217693097948
,-3.1138434165810196
,-14.692891000937053
,-14.832397598338929
,-19.08100761012348
,-20.323884568794753
,-21.42725493006418
,-16.21478115441211
,-5.548867662141106
,27.831256370745088
,29.277052016546392
,35.618260989359115
,44.572048058970694
,46.0685733765545
,46.47441075081451
,46.081255794500116
,47.184626155769536
,36.18896979691227
,33.20860157969028
,30.11409160095767
,29.657524554915156
,35.52948406373974
,47.92020639661581
,46.081255794500116
,47.33681517111704
,48.36409102471271
,45.58664149462072
,43.10088757727813
,34.654397225491586
,21.008115515998597
,7.640847001309368
,3.4302842433617116
,24.08994307678558
,29.60679488313265
,45.86565468942448
,46.25880964573888
,46.2714920636845
,46.093938212445735
,46.093938212445735
,44.546683223079434
,46.99438988658515
,46.081255794500116
,36.06214561745601
,33.462249938602795
,32.270102651714
,34.388066448633445
,41.88337545449809
,46.88024812507452
,49.39136687830836
,47.387544842899544
,35.88459176621725
,34.13441808972094
,31.826218023617102
,29.644842136969523
,26.98153436838819
,30.215550944522676
,32.561798264463384
,31.686711426215226
,44.93983817939383
,48.44018553238645
,47.349497589062665
,46.081255794500116
,46.93097779685702
,46.24612722779325
,77.24195668690186
,68.00915642248653
,64.05224202345138
,58.80172099396245
,57.3305605122699
,62.492304616139464
,78.39605671995378
,96.70946823343692
,91.1672515911986
,64.94001127964516
,43.03747548755001
,23.03730238729866
,-20.43802633030539
,-24.57249458057929
,-25.904148464869962
,-23.532536309037994
,-7.641466623169322
,36.886502783921664
,59.879726519340615
,49.83525150640526
,70.6851466090135
,74.50255441064677
,105.32083001851662
,87.36252620751098
,47.09584923015016
,48.12312508374582
,48.99821192199398
,46.093938212445735
,43.70964363866816
,49.378684460362734
,52.53660652882348
,47.09584923015016
,47.10853164809578
,40.62781607788117
,47.983618486343936
,25.32013761751125
,15.389804366086523
,10.202695426325704
,10.595850382640094
,26.82934535304068
,40.6404984958268
,48.50359762211458
,49.88598117818775
,47.311450335225786
,47.742652545377055
,48.12312508374582
,49.50550863981899
,47.6158283659208
,49.936710849970254
,42.910651308093755
,40.526356734316174
,42.45408426205124
,41.388761154618706
,40.60245124198992
,50.723020762599035
,52.435147185258465
,52.422464767312846
,52.435147185258465
,48.97284708610272
,44.534000805133815
,42.50481393383374
,25.231360691891872
,24.280179345969962
,25.24404310983749
,44.11548101292817
,49.98744052175276
,50.97666912151154
,48.097760247854566
,48.44018553238645
,49.378684460362734
,49.568920729547116
,47.945571232507056
,52.549288946769096
,51.522013093173435
,50.71033834465341
,43.12625241316939
,41.94678754422622
,41.88337545449809
,42.02288205189998
,41.9848347980631
,42.02288205189998
,41.13511279570619
,30.91308393153207
,26.11912994808565
,19.600367124034165
,7.285739298831857
,1.8576644181041644
,26.689838755638796
,38.71277096809173
,39.35957428331863
,42.65700294918125
,51.58542518290157
,53.23413951583287
,52.61270103649723
,67.24821134574901
,53.01853841075724
,42.01019963395434
,37.58403577093107
,34.21051259739469
,37.83768412984357
,34.17246534355781
,28.199046491168225
,28.998038821742632
,12.726496597505175
,12.942097702580803
,-0.6154070812928154
,-29.658144176775096
,-43.29174346832245
,-72.43593990736974
,-125.3216227406279
,-151.59959272396384
,-136.36800877126765
,-65.98058917304641
,-33.14580911182209
,33.6651686257328
,42.37798975437748
,43.16429966700627
,42.79650954658313
,48.56700971184271
,46.33490415341263
,36.569442335281025
,34.12173567177531
,34.08368841793843
,32.117913636366495
,32.42229166706151
,29.112180583253263
,31.39501581346584
,38.5986292065811
,39.43566879099237
,33.63980378984155
,12.713814179559549
,-11.04035463259693
,-17.952272412962813
,-19.09369002806909
,-14.147547029275174
,-2.2133917424416154
,16.72145825037719
,39.156655596188614
,49.12503610145022
,50.90057461383779
,54.18532086175478
,51.53469551111907
,53.17072742610475
,48.17385475552831
,44.30571728211255
,41.51558533407495
,39.86687100114364
,37.98987314519108
,37.31770499407293
,36.18896979691227
,36.69626651473728
,37.875731383680446
,36.683584096791655
,36.5060302455529
,35.1616939433166
,14.261069168925857
,-2.454357683408489
,-6.5888259336823864
,-3.316762103711028
,25.52305630464125
,36.69626651473728
,44.216940356493176
,45.85297227147886
,44.31839970005818
,44.30571728211255
,44.07743375909129
,44.216940356493176
,40.716593003500556
,33.84272247697155
,38.01523798108233
,33.62712137189592
,33.25933125147278
,30.355057541924552
,29.12486300119889
,31.23014438017271
,35.22510603304473
,34.99682251002346
,33.90613456669968
,28.972673985851372
,21.337858382584855
,13.766454869046463
,7.552070075689983
,17.888240701374734
,24.914300243251233
,32.130596054312115
,35.88459176621725
,33.62712137189592
,32.561798264463384
,34.45147853836157
,35.364612630446615
,38.33229842972296
,35.757767586761
,35.28851812277286
,35.44070713812036
,32.59984551830026
,33.043730146397145
,31.86426527745398
,33.62712137189592
,33.20860157969028
,35.42802472017473
,35.42802472017473
,33.715898297515295
,34.04564116410156
,32.20669056198587
,31.686711426215226
,31.63598175443272
,30.36773995987018
,30.101409183012045
,31.889630113345234
,34.36270161274219
,33.05641256434278
,33.0183653105059
,33.44956752065716
,33.994911492319055
,33.72858071546092
,31.509157574976463
,28.82048497050387
,28.82048497050387
,28.833167388449496
,31.6740290082696
,28.199046491168225
,27.780526698962582
,28.833167388449496
,28.199046491168225
,28.21172890911385
,27.767844281016963
,32.61252793624589
,33.272013669418406
,29.302416852437645
,28.199046491168225
,28.1863640732226
,39.86687100114364
,36.87382036597604
,36.569442335281025
,30.900401513586445
,29.83507840615391
,29.72093664464328
,29.239004762709513
,30.3296927060333
,29.12486300119889
,34.9080455844041
,40.12051936005616
,34.92072800234972
,29.32778168832889
,24.02653098705745
,23.89970680760119
,25.33282003545687
,24.166037584459332
,24.229449674187464
,34.147100507666565
,20.20912318542419
,12.00359877460452
,9.251514080403794
,-5.193759959663595
,-8.326317192233077
,1.9083940898866558
,16.8736472657247
,29.28973443449201
,26.66447391974755
,39.62590506017676
,39.093243506460496
,34.819268658784715
,36.75967860446541
,39.43566879099237
,40.89414685473931
,34.84463349467596
,32.49838617473525
,30.862354259749573
,29.264369598600766
,29.226322344763886
,29.72093664464328
,29.70825422669766
,29.70825422669766
,14.971284573880887
,-5.827880856944873
,-13.564155803776387
,-21.795045050487317
,-33.247268455387115
,-35.3398674164153
,-26.906059482574378
,-14.046087685710177
,26.727886009475675
,34.02027632821031
,44.927155761448205
,42.47944909794249
,40.970241362413056
,39.41030395510113
,38.903007237276114
,39.56249297044863
,41.09706554186931
,40.044424852382406
,34.79390382289346
,31.788170769780237
,30.608705900837066
,36.531395081444145
,48.300678934984575
,49.50550863981899
,42.403354590268734
,43.13893483111501
,34.78122140494784
,27.46346625032195
,20.93202100832484
,20.86860891859672
,29.72093664464328
,30.849671841803946
,40.39953255485992
,79.72771060424446
,42.403354590268734
,42.390672172323114
,40.75464025733743
,42.073611723682475
,40.53903915226179
,54.26141536942853
,44.80033158199195
,34.27392468712282
,32.20669056198587
,29.96190258561016
,33.145189489962156
,42.01019963395434
,48.99821192199398
,66.13215856653396
,55.18723187945919
,31.686711426215226
,19.080387988263524
,9.94904706741319
,1.6040160591916504
,2.872257853754192
,24.305544181861208
,32.62521035419151
,37.83768412984357
,52.28295816991097
,42.14970623135623
,42.37798975437748
,43.4813601156469
,44.31839970005818
,42.1370238134106
,42.27653041081248
,35.060234599751595
,31.38233339552022
,34.78122140494784
,34.48952579219845
,35.03486976386034
,35.567531317576616
,42.7838271286375
,45.82760743558761
,44.80033158199195
,34.85731591262159
,34.27392468712282
,29.56874762929578
,26.11912994808565
,26.94348711455131
,27.9327157143101
,27.9327157143101
,27.18445305551819
,36.949914873649796
,45.7261480920226
,45.68810083818573
,49.264542698852104
,46.829518453292025
,42.51749635177937
,39.33420944742738
,37.88841380162607
,37.863048965734826
,36.69626651473728
,34.56562029987221
,36.315793976368525
,38.8015478937111
,38.67472371425485
,38.6493588783636
,37.06405663516042
,36.77236102241104
,36.797725858302286
,35.38997746633786
,30.532611393163315
,29.36582894216577
,30.938448767423324
,36.13824012512976
,36.49334782760728
,37.45721159147481
,43.13893483111501
,43.12625241316939
,43.265759010571266
,44.534000805133815
,43.88719748990692
,32.87885871310402
,40.450262226642415
,39.22006768591675
,33.24664883352716
,32.87885871310402
,33.65248620778718
,36.74699618651978
,36.252381886640386
,36.06214561745601
,29.277052016546392
,21.12225727750922
,17.761416521918477
,17.78678135780973
,11.34411304143201
,13.944008720285218
,19.05502315237228
,20.018886916239808
,19.2198945856654
,32.396926831170255
,36.06214561745601
,36.06214561745601
,35.38997746633786
,35.83386209443475
,37.69817753244169
,42.352624918486235
,34.92072800234972
,33.00568289256028
,34.43879612041595
,27.159088219626938
,29.213639926818267
,34.9080455844041
,29.277052016546392
,27.755161863071336
,1.7054754027566474
,-17.30546909773591
,-23.405712129581744
,-48.098379869714506
,-58.76429336198552
,-49.86123596415645
,-23.72277257822239
,-10.101855704620661
,10.126600918651945
,39.32152702948175
,48.18653717347395
,48.51628004006021
,50.5074196575234
,48.135807501691446
,49.23917786296086
,48.97284708610272
,40.36148530102304
,39.13129076029737
,38.72545338603736
,37.58403577093107
,37.97719072724545
,37.57135335298543
,41.89605787244372
,33.86808731286281
,-1.3129400683022112
,-21.756997796650438
,-35.0354893857203
,-52.42308438917277
,-84.80129740435459
,-73.05737838670541
,-38.840214769407936
,-7.0961226515074145
,11.318748205540743
,43.20234692084314
,42.97406339782189
,50.05085261148089
,50.6596086728709
,50.05085261148089
,46.829518453292025
,40.03174243443678
,39.486398462774886
,39.486398462774886
,41.05901828803243
,41.51558533407495
,42.14970623135623
,45.66273600229448
,41.718504021204964
,41.76923369298746
,33.6651686257328
,35.8084972585435
,20.893973754487966
,-1.0592917093896972
,-10.25404471996815
,-2.9236071473966376
,16.88632968367032
,37.58403577093107
,49.936710849970254
,59.30901771178746
,54.882853848764185
,54.29946262326541
,54.18532086175478
,53.43705820296289
,52.82830214157286
,52.980491156920365
,47.7680173812683
,33.41152026682028
,35.98605110978225
,45.561276658729476
,40.24734353951241
,48.22458442731082
,53.08195050048538
,60.475800162785006
,62.974236498073225
,51.192270226587176
,29.28973443449201
,25.56110355847813
,20.538866052010448
,28.0849047296576
,45.11739203063259
,67.31162343547713
,57.102276989248644
,61.47771118048943
,53.9443549207879
,53.9443549207879
,53.9443549207879
,53.931672502842275
,52.67611312622536
,75.99907972823056
,79.74039302219008
,66.82969155354337
,58.484660545321816
,55.719893433175464
,62.898141990399466
,66.91846847916274
,79.74039302219008
,68.16134543783404
,62.74595297505198
,77.21659185101062
,79.8038051119182
,72.04216532919543
,69.06179711197343
,68.79546633511531
,75.69470169753555
,69.56909382979846
,71.75046971644603
,107.24855754625167
,60.907002372936276
,57.36860776610677
,56.747169286771125
,59.54998365275436
,56.062318717707356
,66.84237397148898
,53.183409844050374
,48.12312508374582
,52.625383454442854
,51.88980321359657
,54.451651638612915
,56.645709943206114
,60.28556389360063
,60.80554302937128
,56.04963629976172
,52.39709993142159
,40.39953255485992
,5.269234845477399
,-8.922390835677476
,-9.391640299665625
,4.723890873815506
,32.99300047461465
,55.78330552290359
,61.934278226531944
,78.2058204507694
,68.60523006593093
,68.21207510961653
,65.62486184870895
,66.32239483571834
,58.35783636586555
,62.55571670586758
,63.215202439040105
,62.07378482393382
,61.94696064447756
,63.963465097832014
,53.17072742610475
,67.79355531741089
,74.47718957475551
,67.28625859958589
,50.58351416519716
,41.680456767368085
,31.217461962227084
,26.499602486454414
,27.61565526566946
,40.29807321129491
,49.42941413214524
,51.66151969057532
,62.302068346955075
,68.65595973771343
,67.79355531741089
,66.25898274599022
,69.27739821704907
,68.90960809662594
,82.44174804460829
,81.45251944484951
,77.48292262786875
,68.80814875306092
,59.33438254767872
,59.61339574248248
,75.26349948738428
,78.49751606351877
,81.3510601012845
,71.47145652164228
,60.513847416621886
,50.87520977794654
,38.37034568355984
,32.98031805666902
,28.478059685971992
,35.59289615346787
,52.09272190072659
,59.51193639891748
,71.45877410369665
,77.52096988170561
,73.03139392895422
,77.40682812019499
,69.65787075541783
,68.85887842484344
,76.13858632563245
,72.71433348031358
,64.4580793977114
,57.596891289128024
,57.08959457130301
,56.785216540608005
,56.68375719704299
,65.38389590774207
,65.91655746145834
,71.00220705765413
,62.61912879559571
,55.80867035879484
,48.66846905540771
,31.458427903193964
,25.59915081231501
,39.47371604482925
,50.49473723957778
,63.65908706713701
,73.8811159313111
,76.3161401768712
,87.78104599971661
,82.91099750859644
,73.91916318514798
,73.91916318514798
,92.51158789343492
,79.16968421463693
,73.91916318514798
,75.73274895137243
,75.74543136931807
,76.81075447675059
,98.24404080485762
,143.0383409888067
,146.28503998288681
,119.56318537145401
,85.35870417210216
,90.83750872461235
,75.63128960780743
,70.69782902695913
,71.95338840357604
,76.53174128194684
,89.54390209415855
,82.04859308829391
,137.4453946747859
,136.72249685188524
,145.33385863696492
,123.62155911405415
,113.31075332426065
,92.13111535506613
,71.64901037288104
,68.8461960068978
,66.75359704586961
,64.63563324895016
,66.74091462792398
,68.80814875306092
,77.40682812019499
,80.59011502454698
,81.24960075771949
,79.56283917095132
,75.83420829493744
,48.11044266580019
,20.84324408270546
,9.91099981357631
,16.91169451956157
,41.37607873667307
,69.54372899390722
,99.42350567380078
,110.35574994292992
,92.47354063959804
,120.5143667173759
,110.36843236087554
,106.48761246951416
,83.6338953314971
,93.08229670098805
,86.04355474116592
,74.32500055940801
,65.91655746145834
,60.31092872949188
,68.65595973771343
,90.34289442473295
,96.54459680014381
,88.19956579192225
,65.19365963855768
,57.83785723009492
,51.040081211239674
,42.20043590313873
,27.79320911690821
,8.021319539678132
,31.38233339552022
,45.68810083818573
,45.599323912566355
,71.3826795960229
,101.33855078359022
,102.77166401144589
,98.71329026884577
,97.0899407718057
,91.35748786038299
,78.12972594309565
,74.56596650037488
,71.61096311904416
,71.14171365505601
,70.21589714502537
,83.05050410599831
,102.73361675760901
,101.92194200908901
,102.89848819090216
,71.68705762671792
,48.52896245800583
,45.523229404892604
,-20.336566986740394
,-26.627046287770625
,-27.90797050027878
,-0.13347519935904018
,-10.279409555859417
,55.478927492208584
,94.4519978391156
,115.44139953912574
,125.42246246233296
,93.28521538811808
,97.95234519210823
,83.59584807766022
,68.82083117100656
,57.596891289128024
,50.69765592670778
,51.02739879329404
,47.20999099166078
,53.25950435172413
,74.03330494665862
,78.29459737638877
,57.584208871182405
,57.52079678145428
,45.561276658729476
,5.002904068619273
,-19.52489223822036
,-20.46339116619663
,-19.13173728190597
,24.077260658839947
,51.166905390695916
,51.17958780864156
,55.390150566589206
,94.94661213899501
,105.48570145180975
,101.13563209646023
,103.9638112983347
,100.66638263247208
,103.20286622159716
,101.1736793502971
,98.00307486389073
,96.39240778479629
,93.95738353923622
,93.8559241956712
,94.14761980842059
,82.35297111898892
,56.51888576374987
,0.46259844408535855
,-20.34924940468602
,-35.75838720862093
,-51.31971402790339
,-72.38521023558724
,-75.8982400065255
,-66.10741335250265
,-35.72033995478405
,-20.260472479066635
,53.43705820296289
,81.27496559361076
,77.50828746376
,71.67437520877229
,66.27166516393584
,46.46172833286889
,1.7688874924847795
,-13.957310760090778
,-12.765163473201994
,-19.157102117797223
,-19.423432894655363
,-12.448103024561362
,-9.886254599545026
,-10.596470004500048
,-2.479722519299756
,-19.48684498438348
,-21.592126363357295
,-33.51359923224524
,-41.681076389228025
,-50.91387665364336
,-57.91457135962861
,-43.73562809641936
,-34.08430803979839
,-2.5684994449191265
,79.04286003518068
,104.00185855217157
,105.29546518262538
,103.08872446008652
,101.22440902207958
,95.47927369271126
,78.42142155584503
,75.1239928899824
,76.77270722291371
,75.1239928899824
,76.98830832798934
,88.68149767385601
,113.01905771151128
,145.24508171134556
,131.80171868898256
,98.53573641760701
,84.34411073645211
,78.3580094661169
,74.92107420285241
,73.58942031856174
,73.5260082288336
,75.11131047203679
,82.5939370599558
,112.6385851731425
,141.2881673123104
,117.8256941129033
,150.71120384591012
,143.19053000415423
,138.63754196167469
,120.24803594051778
,109.23969716371488
,104.0145409701172
,104.30623658286659
,100.40005185561395
,100.51419361712456
,110.66012797362492
,153.15891050941585
,172.71519898157027
,134.2494253524883
,106.0056805875804
,71.2304905806754
,40.53903915226179
,5.6623898017917895
,-8.681424894710602
,-3.583092880569154
,21.642236413279868
,65.51072008719831
,101.19904418618835
,119.157347997194
,136.22788255200587
,139.880418920346
,129.1764581742381
,118.56127435374958
,93.18375604455306
,92.42281096781552
,87.86982292533598
,86.22110859240468
,88.28834271754164
,89.12538230195291
,97.96502761005385
,119.14466557924837
,141.94765304548292
,115.18775118021321
,96.3416781130138
,81.41447219101263
,59.96850344495999
,21.236399039019858
,7.729623926928738
,6.436017296474944
,32.81544662337589
,71.42072684985978
,95.03538906461438
,117.78764685906643
,135.5049847291052
,140.26089145871475
,135.4035253855402
,122.96207338088162
,109.77235871743116
,100.41273427355956
,95.01002422872313
,92.32135162425052
,91.68723072696925
,94.05884288280122
,107.07100369501292
,129.1384109204012
,147.78156530047065
,138.6882716334572
,112.8288214423269
,98.94157379186701
,83.72267225711647
,53.31023402350663
,37.76158962216982
,38.72545338603736
,71.61096311904416
,85.7772239643078
,112.23274779888249
,135.72058583418084
,139.85505408445474
,165.42280866283565
,150.4068258152151
,135.07378251895392
,122.1503986323616
,113.04442254740252
,109.78504113537677
,105.82812673634164
,106.33542345416666
,106.86808500788293
,115.3272577776151
,122.74647227580598
,138.4853529463272
,138.76436614113095
,125.32100311876795
,108.9480015509655
,93.84324177772558
,86.24647342829593
,76.3161401768712
,76.84880173058747
,88.90978119687728
,98.75133752268263
,116.74768858752516
,126.32291413647238
,123.050850306501
,123.92593714474916
,122.87329645526225
,113.55171926522753
,106.24664652854727
,106.6017542310248
,105.96763333374352
,104.87694539041973
,104.88962780836535
,103.49456183434656
,104.91499264425661
,103.3170079831078
,105.34619485440786
,98.26940564074886
,80.10818314261321
,49.898663596133375
,19.65109679581667
,-3.798693985644789
,-18.865406505047844
,-17.68594163610466
,-3.9635654189379323
,18.484314344819126
,75.23813465149304
,114.55363028293195
,126.50046798771113
,130.85053734306064
,116.10088527229826
,109.7469938815399
,92.94279010358616
,86.38598002569782
,83.31683488285645
,81.7949447293814
,81.05936448853512
,78.15509077898689
,80.72962162194887
,79.05554245312631
,70.3807685783185
,51.281047152206554
,43.13893483111501
,2.098630359071038
,-19.4487977305466
,-21.833092304324197
,-24.10324511659114
,-16.74744270812839
,32.358879577333376
,43.91256232579816
,78.16777319693253
,112.05519394764374
,142.3281255838517
,145.35922347285617
,129.31596477163998
,120.24803594051778
,112.91759836794625
,93.56422858292183
,89.55658451210418
,83.22805795723707
,82.3910183728258
,84.81336020044026
,98.58646608938949
,129.1764581742381
,157.62312162627597
,138.87850790264156
,119.13198316130274
,96.77288032316507
,89.18879439168104
,80.42524359125386
,69.89883669638473
,73.28504228786672
,82.64466673173831
,98.58646608938949
,112.90491595000064
,152.7530731351558
,191.13006983861845
,197.103488691008
,156.2787853240397
,125.56196905973484
,115.78382482365762
,119.75342164063838
,108.78313011767237
,106.15786960292789
,102.68288708582652
,106.18323443881916
,120.07048208927901
,144.71242015762925
,174.50341991190345
,164.3701679733487
,135.66985616239833
,123.81179538323852
,105.58716079537474
,97.2421297871532
,94.31249124171373
,95.7456044695694
,112.81613902438126
,114.45217093936695
,135.39084296759455
,190.96519840532528
,280.76939987829917
,274.28868430808456
,183.54598390713443
,144.5602311422818
,124.8898009086167
,120.50168429943028
,117.05206661822015
,113.14588189096753
,108.1997388921736
,114.7819138059532
,127.50237900541553
,163.33020970180746
,206.46311313487965
,179.2466442235674
,134.6045330549658
,124.01471407036854
,115.974061092842
,110.40647961471242
,105.20668825700598
,105.82812673634164
,112.58785550136001
,119.24612492281338
,132.77826487079574
,189.63354452103465
,140.01992551774788
,131.4085637326682
,132.57534618366572
,128.21259441037057
,109.60748728413802
,100.51419361712456
,96.1514418438294
,93.7544648521062
,92.57499998316304
,92.73987141645617
,98.57378367144389
,118.10470730770707
,131.76367143514568
,122.73378985786037
,97.74942650497822
,88.45321415083477
,88.44053173288913
,89.56926693004979
,93.69105276237808
,92.73987141645617
,93.76714727005182
,97.31822429482695
,93.66568792648683
,106.86808500788293
,114.80727864184446
,110.83768182486368
,100.0829914069733
,99.75324854038703
,96.13875942588379
,86.39866244364343
,85.72649429252529
,86.42402727953468
,83.68462500327959
,83.45634148025835
,88.7195449276929
,91.73796039875177
,104.61061461356158
,109.22701474576925
,97.45773089222882
,88.83368668920353
,82.8475854188683
,81.42715460895826
,81.46520186279514
,81.43983702690389
,83.62121291355146
,88.82100427125789
,95.27635500558125
,106.23396411060165
,108.44070483314047
,112.96832803972876
,112.38493681423
,108.02218504093483
,99.23326940461641
,97.85088584854323
,94.51540992884374
,95.56805061833064
,97.44504847428323
,98.58646608938949
,98.54841883555262
,111.81422800667686
,112.25811263477374
,100.19713316848393
,83.4436590623127
,46.2714920636845
,11.027052592791364
,-14.84508001628457
,-22.974509919430474
,-22.25161209652984
,13.550853763970828
,70.95147738587164
,98.59914850733513
,120.79337991217967
,118.6627336973146
,119.05588865362898
,114.17315774456318
,103.19018380365155
,96.29094844123128
,94.42663300322434
,88.6180855841279
,85.14310306702652
,83.45634148025835
,82.92367992654206
,85.15578548497214
,88.42784931494351
,87.62885698436911
,80.26037215796072
,53.29755160556101
,4.774620545598012
,-9.467734807339383
,-16.366970169759625
,-16.468429513324622
,-16.93767897731277
,2.5932446589504394
,62.7079057212151
,102.63215741404402
,134.4016143678358
,144.4334069628255
,141.74473435835293
,127.00776470553615
,107.92072569736983
,96.31631327712255
,94.16030222636621
,92.3086692063049
,88.74490976358416
,89.18879439168104
,90.02583397609231
,99.53764743531141
,138.6502243796203
,169.91238461558703
,173.18444844555842
,138.16829249768654
,125.23222619314859
,119.08125348952024
,106.37347070800352
,100.33663976588582
,101.3765980374271
,105.01645198782161
,105.98031575168913
,107.46415865132732
,99.94348480957143
,138.28243425919717
,129.21450542807497
,103.15213654981467
,94.13493739047497
,82.93636234448768
,55.45356265631733
,42.02288205189998
,45.497864569001344
,44.47058871540569
,54.096543936135404
,73.42454888526859
,100.38736943766831
,130.73639558155003
,114.14779290867193
,92.99351977536867
,83.34219971874771
,80.66620953222073
,-10.926212871086292
,-17.97763724885405
,-22.023328573508564
,76.95026107415246
,87.40057346134786
,86.57621629488219
,71.48413893958791
,88.79563943536665
,88.93514603276853
,78.06631385336752
,80.93254030907886
,71.88997631384792
,54.5911582360148
,40.488309480479295
,36.74699618651978
,35.38997746633786
,44.43254146156881
,84.87677229016838
,99.22058698667077
,114.04633356510692
,111.39570821447123
,103.4184673266728
,89.48049000443044
,87.29911411778285
,77.69852373294438
,77.78730065856377
,81.17350625004575
,86.6776756384472
,94.64223410829999
,107.09636853090419
,126.36096139030926
,140.01992551774788
,133.08264290149074
,120.2099886866809
,115.58090613652762
,102.92385302679341
,93.74178243416058
,87.71763390998849
,85.20651515675465
,82.46711288049956
,85.61235253101465
,91.94087908588176
,117.50863366426267
,151.87798629690764
,150.50828515878013
,113.62781377290128
,100.6790650504177
,88.58003833029102
,81.85835681910953
,79.37260290176694
,82.13737001391328
,88.00932952273786
,97.20408253331632
,125.00394267012732
,144.39535970898862
,152.13163465582016
,110.11478400196305
,109.79772355332241
,106.71589599253541
,97.14067044358819
,96.46850229247005
,92.60036481905428
,89.68340869156043
,89.25220648140916
,88.58003833029102
,92.53695272932616
,116.40526330299326
,139.94383101007412
,142.11252447877607
,112.62590275519688
,100.12103866081019
,84.64848876714713
,78.83994134805067
,69.69591800925471
,58.2310121864093
,64.49612665154828
,68.98570260429969
,74.6166961721574
,96.37972536685068
,105.52374870564663
,99.0303507174864
,83.65926016738834
,77.05172041771748
,69.92420153227597
,60.13337487825312
,49.366002042417115
,42.631638113289995
,35.580213735522236
,36.26506430458601
,46.220762391902
,63.78591124659325
,81.84567440116389
,81.32569526539325
,71.58559828315292
,33.00568289256028
,12.067010864332644
,-14.80703276244769
,-21.604808781302935
,-22.391118693931716
,-8.250222684559333
,13.512806510133949
,73.65283240828985
,98.25672322280325
,100.85661890165646
,101.99803651676274
,96.56996163603505
,96.30363085917692
,85.7772239643078
,71.69974004466353
,68.78278391716968
,66.56336077668523
,66.75359704586961
,66.05606405886022
,62.784000228888836
,67.71746080973713
,68.61791248387655
,58.57343747094119
,32.802764205430265
,-6.88052154643178
,-18.003002084745305
,-23.114016516832365
,-24.80077810360055
,-28.161618859191293
,-23.71009016027675
,9.923682231521951
,68.98570260429969
,102.37850905513152
,106.7032135745898
,104.17941240341031
,104.26818932902971
,100.37468701972269
,93.61495825470432
,87.3752086254566
,87.29911411778285
,85.13042064908089
,86.95668883325095
,86.47475695131719
,89.94973946841856
,109.01141364069362
,141.47840358149477
,139.94383101007412
,123.050850306501
,110.31770268909304
,103.6087035958572
,101.80780024757837
,91.8140549064255
,93.2471681342812
,92.6510944908368
,94.13493739047497
,97.64796716141322
,125.44782729822421
,128.0857702309143
,119.42367877405212
,95.55536820038502
,94.14761980842059
,85.2826096644284
,91.91551424999052
,92.19452744479428
,90.74873179899298
,85.73917671047091
,85.11773823113528
,93.69105276237808
,112.05519394764374
,135.98691661103896
,126.76679876456926
,120.52704913532153
,100.0829914069733
,93.8559241956712
,84.96554921578776
,75.36495883094929
,66.28434758188146
,82.51784255228205
,87.04546575887034
,93.62764067264995
,110.62208071978807
,131.8144011069282
,123.81179538323852
,96.17680667972067
,93.13302637277056
,86.10696683089404
,89.16342955578979
,85.51089318744965
,86.19574375651344
,86.20842617445906
,88.00932952273786
,96.18948909766628
,123.19035690390288
,151.9921280584183
,141.1359782969629
,101.55415188866586
,82.58125464201018
,72.16898950865168
,42.593590859453116
,26.56301457618254
,20.614960559684206
,62.23865625722695
,81.89640407294641
,92.61304723699992
,119.48709086378025
,128.79598563586933
,115.59358855447323
,95.99925282848191
,89.12538230195291
,82.51784255228205
,78.49751606351877
,78.68775233270316
,77.63511164321625
,76.24004566919746
,77.26732152279311
,87.93323501506413
,109.60748728413802
,142.40422009152545
,125.5366042238436
,97.01384626413196
,71.05293672943664
,43.13893483111501
,-6.347859992715513
,-12.917352488549497
,-9.328228209937478
,44.31839970005818
,78.78921167626817
,93.33594505990055
,125.44782729822421
,144.788514665303
,123.57082944227164
,103.2662783113253
,98.35818256636824
,80.80571612962261
,75.27618190532992
,73.2723598699211
,71.75046971644603
,75.8215258769918
,76.20199841536058
,87.55276247669535
,106.7032135745898
,125.90439434426673
,117.48326882837144
,93.00620219331431
,67.6413663020634
,32.62521035419151
,-8.453141371689327
,-18.396157041059695
,-10.292091973805029
,-0.5393125736190569
,67.71746080973713
,91.04042741174234
,106.79199050020917
,126.31023171852675
,124.20495033955292
,100.20981558642956
,94.3505384955506
,84.8387250363315
,79.6516160965707
,78.2058204507694
,77.28000394073874
,77.05172041771748
,76.40491710249059
,79.91794687342883
,90.31752958884171
,99.2839990763989
,91.44626478600237
,65.9546047152952
,27.628337683615086
,-5.80251602105362
,-18.624440564080956
,-25.992925390489347
,-21.554079109520444
,-15.479200913565847
,33.715898297515295
,93.36130989579182
,105.04181682371285
,117.24230288740455
,112.7400445167075
,98.21867596896637
,89.91169221458168
,82.34028870104329
,91.58577138340425
,87.76836358177098
,82.89831509065083
,85.26992724648277
,84.483617333854
,87.67958665615161
,90.02583397609231
,93.86860661361683
,84.80067778249465
,63.54494530562637
,7.995954703786879
,-14.236323954894544
,-23.114016516832365
,-27.185072677378145
,-25.58708801622933
,-13.094906339788267
,62.784000228888836
,105.92958607990664
,116.68427649779701
,116.65891166190576
,114.24925225223694
,112.72736209876189
,105.77739706455912
,97.21676495126195
,91.12920433736174
,87.67958665615161
,87.69226907409723
,87.43862071518473
,87.67958665615161
,98.82743203035638
,129.31596477163998
,124.69956463943231
,117.76228202317519
,113.58976651906441
,102.23900245772964
,93.08229670098805
,87.69226907409723
,85.3840690079934
,86.48743936926283
,91.02774499379673
,106.18323443881916
,124.49664595230232
,128.0223581411862
,125.37173279055047
,115.46676437501698
,118.56127435374958
,104.94035748014785
,92.0550208473924
,90.72336696310171
,87.4259382972391
,85.2826096644284
,87.09619543065283
,85.62503494896029
,90.73604938104734
,120.03243483544213
,131.83976594281944
,121.03434585314656
,118.2188490692177
,98.96693862775825
,88.98587570455103
,78.97944794545255
,77.30536877662999
,74.7181555157224
,78.8145765121594
,90.72336696310171
,105.98031575168913
,119.157347997194
,116.60818199012328
,109.72162904564865
,92.61304723699992
,81.82030956527265
,69.69591800925471
,60.09532762441625
,60.792860611425645
,60.95773204471877
,62.64449363148695
,61.350887001033165
,69.15057403759282
,97.64796716141322
,115.70773031598387
,106.83003775404605
,90.64727245542798
,67.22284650985775
,67.26089376369463
,66.23361791009897
,63.82395850043013
,66.17020582037082
,73.75429175185486
,95.04807148256
,116.86183034903577
,112.77809177054438
,111.56057964776434
,111.12937743761307
,109.23969716371488
,92.71450658056492
,84.38215799028899
,74.18549396200613
,64.20443103879889
,58.76367374012557
,55.18723187945919
,51.58542518290157
,59.68949025015623
,77.14049734333686
,87.4259382972391
,92.5623175652174
,84.22996897494149
,88.6180855841279
,92.48622305754365
,87.54008005874974
,87.67958665615161
,87.56544489464098
,87.5273976408041
,84.90213712605964
,86.84254707174034
,98.82743203035638
,105.02913440576722
,92.60036481905428
,76.1639511615237
,65.54876734103519
,39.30884461153613
,-1.9597433835291156
,-2.8855598935597584
,-8.199493012776841
,-9.772112838034388
,1.7435226565935267
,21.959296861920507
,67.90769707892153
,68.38962896085529
,59.25828804000496
,46.550505258488265
,44.35644695389506
,33.233966415581534
,13.068921882037067
,11.356795459377622
,45.485182151055724
,61.858183718858186
,46.61391734821639
,70.33003890653599
,60.29824631154625
,74.29963572351676
,62.75863539299759
,55.52965716399108
,53.830213159277264
,37.93914347340857
,2.745433674297942
,-4.749875331566699
,-5.853245692836111
,-4.838652257186084
,-1.566588427214711
,2.238136956472914
,22.174897966996134
,52.67611312622536
,49.40404929625399
,32.87885871310402
,5.459471114661795
,43.12625241316939
,0.12017315955345964
,-18.84004166915659
,-18.64980539997221
,-17.508387784865903
,-0.8563730222596888
,64.59758599511328
,97.81283859470635
,106.42420037978604
,108.5041169228686
,91.29407577065486
,88.08542403041162
,77.67315889705313
,71.52218619342477
,65.07951787704704
,58.43393087353931
,55.288691223024195
,60.437752908948134
,65.96728713324083
,72.54946204702044
,88.80832185331228
,72.04216532919543
,25.59915081231501
,-11.775934873443205
,-20.3872966585229
,-20.37461424057726
,-23.050604427104233
,-20.285837314957902
,-18.332744951331563
,49.898663596133375
,93.84324177772558
,111.77618075283998
,116.2150270338089
,113.45025992166254
,85.91673056170967
,73.31040712375797
,64.5595387412764
,33.0183653105059
,13.487441674242703
,7.945225032004373
,9.403703095751311
,16.860964847779073
,66.33507725366397
,87.14692510243535
,93.81787694183434
,89.15074713784416
,71.5348686113704
,67.12138716629275
,66.2970299998271
,56.25255498689174
,55.50429232809983
,55.605751671664834
,40.374167718968664
,69.4422696503422
,71.57291586520728
,100.15908591464706
,99.99421448135392
,95.31440225941813
,71.57291586520728
,72.11825983686919
,67.73014322768277
,58.218329768463676
,49.42941413214524
,49.251860280906484
,45.612006330511974
,43.10088757727813
,66.82969155354337
,94.93392972104937
,113.31075332426065
,113.85609729592255
,98.56110125349825
,93.8051945238887
,93.84324177772558
,97.59723748963071
,97.10262318975131
,95.02270664666874
,93.84324177772558
,98.85279686624764
,117.44522157453456
,149.4556444692932
,153.81839624258834
,120.56509638915841
,102.13754311416463
,96.81092757700195
,79.71502818629882
,80.69157436811199
,71.09098398327352
,71.1290312371104
,70.54564001161162
,70.54564001161162
,85.58698769512341
,108.87190704329174
,143.95147508089173
,153.41255886832835
,120.33681286613717
,103.53260908818343
,94.88320004926686
,85.47284593361277
,82.32760628309768
,81.97249858062015
,87.4259382972391
,99.00498588159513
,116.87451276698141
,146.43722899823433
,162.02392065340803
,131.3578340608857
,102.88580577295653
,99.19522215077953
,85.86600088992716
,79.74039302219008
,73.70356208007237
,71.11634881916477
,70.60905210133974
,70.48222792188349
,76.81075447675059
,96.43045503863317
,105.05449924165849
,107.73048942818546
,98.62451334322637
,76.49369402810996
,69.13789161964719
,65.14292996677518
,53.487787874745386
,54.61652307190605
,69.61982350158095
,82.30224144720641
,104.02722338806282
,122.42941182716535
,143.25394209388236
,121.50359531713471
,105.68862013893977
,99.04303313543201
,90.58386036569983
,80.1589128143957
,76.79807205880498
,73.20894778019297
,76.82343689469621
,78.3072797943344
,82.72076123941207
,102.39119147307713
,123.29181624746789
,144.6109608140643
,117.33107981302392
,101.28782111180773
,92.41012854986991
,87.29911411778285
,83.68462500327959
,80.70425678605761
,86.23379101035032
,97.80015617676074
,113.29807090631503
,144.33194761926052
,157.3694732673635
,139.05606175388033
,112.52444341163189
,106.72857841048105
,96.77288032316507
,104.45842559821409
,94.36322091349622
,90.22875266322232
,86.79181739995784
,86.44939211542595
,87.21033719216346
,96.82360999494756
,110.08941916607179
,112.20738296299125
,102.53069807047902
,77.17854459717374
,61.312839747196286
,45.0286151050132
,26.5883794120738
,30.570658647000187
,54.794076923144814
,79.6008864247882
,105.92958607990664
,121.27531179411343
,154.541294065489
,121.30067663000469
,102.92385302679341
,97.47041331017446
,80.6408446963295
,70.87538287819788
,62.581081541758834
,59.46120672713498
,60.85627270115377
,56.44279125607612
,61.350887001033165
,68.02183884043215
,68.1486630198884
,63.67176948508262
,49.92402843202463
,9.162737154784423
,-3.481633537004157
,-16.443064677433384
,-22.708179142572348
,-25.447581418827454
,-18.07909659241905
,41.33803148283619
,78.01558418158501
,114.12242807278068
,109.48066310468177
,99.16985731488828
,79.46137982738631
,74.00794011076738
,65.57413217692644
,38.509852280961724
,31.268191634009582
,25.64988048409751
,27.70443219128883
,35.618260989359115
,51.43323616755406
,86.42402727953468
,112.75272693465314
,115.31457535966948
,96.40509020274192
,74.26158846967988
,66.6901849561415
,55.276008805078575
,44.03938650525442
,58.256377022300555
,69.84810702460223
,99.15717489694265
,127.41360207979616
,173.09567151993906
,196.41863812194424
,137.7370902875353
,104.10331789573658
,96.31631327712255
,78.34532704817128
,68.8461960068978
,62.96155408012759
,56.68375719704299
,51.92785046743345
,48.79529323486396
,62.1118320777707
,88.03469435862912
,113.48830717549941
,117.28035014124143
,95.01002422872313
,76.13858632563245
,71.91534114973916
,75.99907972823056
,79.6516160965707
,81.19887108593701
,89.3663482429198
,109.0494608945305
,121.4021359735697
,162.27756901232055
,177.82621341365734
,122.17576346825285
,96.39240778479629
,82.3910183728258
,67.47649486877026
,56.10036597154422
,50.73570318054466
,43.98865683347192
,43.89987990785254
,45.612006330511974
,56.81058137649926
,94.61686927240874
,117.74959960522956
,118.19348423332646
,91.87746699615364
,65.54876734103519
,59.79094959372124
,52.33368784169346
,52.27027575196534
,54.66725274368855
,68.21207510961653
,87.71763390998849
,112.27079505271936
,128.28868891804433
,130.83785492511504
,105.94226849785225
,89.61999660183231
,78.1043611072044
,61.21138040363128
,37.39379950174668
,29.09949816530763
,17.507768163005977
,11.280700951703878
,11.59776140034451
,30.532611393163315
,55.37746814864357
,76.25272808714307
,86.36061518980657
,62.07378482393382
,52.04199222894408
,52.80293730568161
,31.38233339552022
,11.242653697866999
,9.746128380283196
,20.982750680107344
,39.90491825498052
,65.62486184870895
,86.32256793596969
,113.36148299604315
,98.75133752268263
,86.36061518980657
,75.3142291591668
,65.92923987940395
,63.50689805178949
,55.74525826906672
,54.286780205319786
,55.84671761263172
,56.68375719704299
,64.72441017456953
,91.37017027832862
,124.35713935490043
,141.0725662072348
,105.19400583906037
,75.75811378726368
,61.744041957347555
,49.264542698852104
,42.69505020301812
,43.81110298223316
,50.000122939698386
,66.79164429970649
,97.60991990757634
,111.92836976818748
,166.6910504573982
,136.11374079049523
,108.6436235202705
,96.55727921808943
,87.93323501506413
,87.40057346134786
,72.06753016508668
,68.17402785577966
,63.177155185203226
,62.87277715450822
,62.96155408012759
,68.19939269167091
,72.52409721112919
,73.41186646732298
,55.732575851121084
,40.843417182956806
,23.798247464036194
,11.039735010736976
,7.019408521973716
,8.160826137080008
,31.762805933888977
,62.03573757009694
,87.98396468684662
,92.8540131779668
,96.62069130781755
,68.61791248387655
,51.34445924193468
,35.68167307908725
,20.995433098052963
,-19.867317522752245
,-20.323884568794753
,-20.336566986740394
,-20.412661494414138
,-20.39997907646851
,-20.34924940468602
,-20.336566986740394
,-13.969993178036418
,-15.250917390544572
,-19.7912230150785
,-23.570583562874873
,-35.17499598312217
,-42.77176433255181
,-47.616447987780745
,-48.19983921327952
,-31.535142032727663
,-20.47607358414227
,9.137372318893156
,54.00776701051603
,68.92229051457156
,57.3305605122699
,48.11044266580019
,48.097760247854566
,38.53521711685298
,21.426635308204233
,16.594634070920932
,19.790603393218554
,21.388588054367354
,36.75967860446541
,53.08195050048538
,93.67837034443247
,123.81179538323852
,121.41481839151533
,114.37607643169319
,95.88511106697128
,89.9624218863642
,77.6604764791075
,72.96798183922607
,75.89762038466556
,90.69800212721047
,100.53955845301583
,100.55224087096144
,116.84914793109016
,122.72110743991473
,116.84914793109016
,108.42802241519486
,106.90613226171979
,95.13684840817938
,96.2402187694488
,86.09428441294843
,82.27687661131516
,86.27183826418718
,85.10505581318965
,95.3017198414725
,98.8781617021389
,179.0437255364374
,187.93410051632083
,128.71989112819557
,102.40387389102277
,89.10001746606166
,78.09167868925877
,75.91030280261118
,76.98830832798934
,85.54894044128653
,93.76714727005182
,104.29355416492095
,107.79390151791358
,108.4533872510861
,97.05189351796882
,80.19696006823258
,59.867044101394995
,50.39327789601277
,21.51541223382361
,11.242653697866999
,6.18236893756243
,0.8050237286172433
,-3.4309038652216515
,10.697309726205106
,40.62781607788117
,65.24438931034018
,60.716766103751894
,41.439490826401205
,12.13042295406077
,1.2869556105510043
,-10.368186481478787
,-16.290875662085867
,-14.236323954894544
,2.542514987167934
,37.97719072724545
,66.95651573299962
,77.67315889705313
,87.69226907409723
,65.11756513088392
,45.599323912566355
,37.2542929043448
,21.540777069714856
,-4.305990703469817
,-14.198276701057665
,-13.120271175679505
,-15.973815213445235
,-11.890076634953843
,8.858359124089404
,57.21641875075927
,79.34723806587569
,81.12277657826326
,66.06874647680583
,55.605751671664834
,47.13389648398703
,40.716593003500556
,41.477538080238084
,54.50238131039542
,57.22910116870489
,83.95095578013773
,88.11078886630288
,94.02079562896434
,108.42802241519486
,91.56040654751301
,87.34984378956534
,84.77531294660338
,76.92489623826123
,79.2965083940932
,74.80693244134177
,77.26732152279311
,74.36304781324489
,74.68010826188552
,81.41447219101263
,93.66568792648683
,98.71329026884577
,105.75203222866789
,99.48691776352891
,91.1672515911986
,83.5451184058777
,76.82343689469621
,74.54060166448365
,74.48987199270114
,83.6338953314971
,91.38285269627426
,94.03347804690995
,102.06144860649088
,132.81631212463262
,109.10019056631302
,92.42281096781552
,84.88945470811402
,75.32691157711241
,80.08281830672196
,74.60401375421176
,72.66360380853106
,71.85192906001105
,71.17976090889289
,72.04216532919543
,77.0644028356631
,90.34289442473295
,92.48622305754365
,89.97510430430982
,79.94331170932007
,72.20703676248856
,61.82013646502131
,54.286780205319786
,61.95964306242319
,67.94574433275841
,88.69418009180164
,95.08611873639688
,96.36704294890504
,95.55536820038502
,93.9954307930731
,82.67003156762955
,75.50446542835117
,61.541123270217554
,56.26523740483736
,43.13893483111501
,33.34810817709216
,31.141367454553333
,31.141367454553333
,33.88076973080843
,43.557454623320645
,58.091505589007426
,59.61339574248248
,26.144494783976903
,2.288866628255434
,-16.126004228792752
,-19.56293949205724
,-24.014468190971783
,-24.63590667030742
,-20.43802633030539
,-2.1499796527134833
,61.41429909076129
,74.09671703638674
,64.61026841305892
,51.76297903414033
,40.50099189842492
,0.7923413106716168
,-12.600292039908865
,-21.03409997374979
,-19.765858179187234
,-20.37461424057726
,-20.488756002087896
,-18.890771340939082
,14.197657079197732
,71.76315213439167
,98.64987817911762
,109.07482573042174
,98.29477047664011
,88.63076800207352
,88.072741612466
,77.33073361252124
,77.54633471759686
,79.57552158889695
,96.0499825002644
,112.22006538093686
,110.17819609169116
,116.40526330299326
,149.63319832053196
,119.23344250486774
,108.0475498768261
,100.90734857343895
,96.30363085917692
,89.93705705047294
,84.9275019619509
,82.25151177542392
,80.3491490835801
,80.2476897400151
,85.4855283515584
,114.31266434196507
,164.3194383015662
,162.15074483286426
,115.0228797469201
,97.59723748963071
,83.88754369040959
,74.76888518750489
,68.96033776840844
,68.38962896085529
,78.12972594309565
,97.00116384618632
,122.23917555798099
,152.23309399938518
,179.13250246205678
,132.44852200420945
,109.06214331247614
,98.15526387923822
,90.05119881198357
,88.52930865850853
,84.86408987222276
,82.99977443421582
,83.88754369040959
,85.9801426514378
,94.2490791519856
,117.59741058988206
,189.6589093569259
,196.58350955523738
,132.62607585544822
,110.01332465839803
,95.31440225941813
,84.62312393125589
,84.76263052865777
,83.50707115204084
,97.67333199730447
,117.62277542577331
,172.67715172773342
,212.56335616672544
,218.2577618243113
,144.80119708324867
,111.23083678117808
,105.68862013893977
,93.77982968799746
,95.97388799259065
,86.25915584624155
,83.96363819808334
,82.88563267270519
,81.97249858062015
,91.63650105518674
,113.17124672685877
,190.78764455408657
,193.97093145843854
,120.27340077640903
,103.93844646244344
,87.55276247669535
,81.90908649089204
,78.28191495844315
,79.3091908120388
,94.02079562896434
,109.87381806099616
,146.1074861316481
,174.5668320016316
,142.30276074796046
,111.07864776583058
,99.91811997368016
,93.86860661361683
,84.52166458769086
,86.79181739995784
,82.04859308829391
,79.7530754401357
,83.62121291355146
,86.1323316667853
,93.89397144950807
,115.98674351078762
,154.60470615521712
,169.73483076434832
,125.82829983659298
,106.55102455924228
,91.19261642708986
,84.26801622877836
,79.08090728901756
,82.74612607530331
,96.07534733615566
,122.53087117073036
,132.6641231092851
,133.29824400656636
,135.8600924315827
,130.9139494327888
,120.81874474807091
,117.9652007103052
,104.29355416492095
,112.15665329120874
,105.20668825700598
,102.65752224993528
,101.3258683656446
,103.4184673266728
,108.97336638685674
,119.04320623568337
,132.19487364529695
,137.58490127218778
,122.94939096293601
,100.01957931724519
,88.64345042001914
,79.74039302219008
,77.39414570224938
,79.71502818629882
,88.09810644835726
,107.1090509488498
,136.34202431351648
,156.55779851884344
,132.3090154068076
,112.29615988861062
,95.27635500558125
,91.7125955628605
,83.72267225711647
,90.00046914020106
,79.74039302219008
,69.22666854526658
2036-10-27 02:00:00+01:00,68.75741908127843
2036-10-27 03:00:00+01:00,67.07065749451024
2036-10-27 04:00:00+01:00,66.89310364327149
2036-10-27 05:00:00+01:00,79.7023457683532
2036-10-27 06:00:00+01:00,83.78608434684459
2036-10-27 07:00:00+01:00,92.16916260890301
2036-10-27 08:00:00+01:00,79.95599412726571
2036-10-27 09:00:00+01:00,69.87347186049347
2036-10-27 10:00:00+01:00,42.41603700821436
2036-10-27 11:00:00+01:00,18.991611062644147
2036-10-27 12:00:00+01:00,13.119651553819558
2036-10-27 13:00:00+01:00,12.878685612852678
2036-10-27 14:00:00+01:00,33.95686423848219
2036-10-27 15:00:00+01:00,95.01002422872313
2036-10-27 16:00:00+01:00,123.54546460638039
2036-10-27 17:00:00+01:00,142.44226734536232
2036-10-27 18:00:00+01:00,154.541294065489
2036-10-27 19:00:00+01:00,145.0675278601068
2036-10-27 20:00:00+01:00,128.9735394871081
2036-10-27 21:00:00+01:00,121.68114916837345
2036-10-27 22:00:00+01:00,116.76037100547077
2036-10-27 23:00:00+01:00,104.67402670328971
2036-10-28 00:00:00+01:00,100.04494415313643
2036-10-28 01:00:00+01:00,95.31440225941813
2036-10-28 02:00:00+01:00,91.72527798080613
2036-10-28 03:00:00+01:00,87.51471522285847
2036-10-28 04:00:00+01:00,91.06579224763361
2036-10-28 05:00:00+01:00,104.02722338806282
2036-10-28 06:00:00+01:00,130.71103074565877
2036-10-28 07:00:00+01:00,152.84185006077522
2036-10-28 08:00:00+01:00,149.8995290973901
2036-10-28 09:00:00+01:00,126.3863262262005
2036-10-28 10:00:00+01:00,114.56631270087757
2036-10-28 11:00:00+01:00,106.27201136443853
2036-10-28 12:00:00+01:00,109.01141364069362
2036-10-28 13:00:00+01:00,110.40647961471242
2036-10-28 14:00:00+01:00,121.68114916837345
2036-10-28 15:00:00+01:00,131.7763538530913
2036-10-28 16:00:00+01:00,163.87555367346934
2036-10-28 17:00:00+01:00,203.6983460227333
2036-10-28 18:00:00+01:00,207.363564809019
2036-10-28 19:00:00+01:00,178.7139826698511
2036-10-28 20:00:00+01:00,138.05415073617593
2036-10-28 21:00:00+01:00,127.43896691568742
2036-10-28 22:00:00+01:00,120.9582513454728
2036-10-28 23:00:00+01:00,108.68167077410737
2036-10-29 00:00:00+01:00,112.32152472450187
2036-10-29 01:00:00+01:00,109.01141364069362
2036-10-29 02:00:00+01:00,107.71780701023982
2036-10-29 03:00:00+01:00,106.89344984377416
2036-10-29 04:00:00+01:00,109.34115650727989
2036-10-29 05:00:00+01:00,122.02357445290534
2036-10-29 06:00:00+01:00,135.37816054964895
2036-10-29 07:00:00+01:00,172.84202316102653
2036-10-29 08:00:00+01:00,173.19713086350404
2036-10-29 09:00:00+01:00,147.04598505962434
2036-10-29 10:00:00+01:00,135.9615517751477
2036-10-29 11:00:00+01:00,128.66916145641306
2036-10-29 12:00:00+01:00,121.56700740686283
2036-10-29 13:00:00+01:00,123.21572173979413
2036-10-29 14:00:00+01:00,134.61721547291143
2036-10-29 15:00:00+01:00,157.24264908790724
2036-10-29 16:00:00+01:00,196.69765131674802
2036-10-29 17:00:00+01:00,233.32447434371431
2036-10-29 18:00:00+01:00,188.88528186224272
2036-10-29 19:00:00+01:00,177.57256505474487
2036-10-29 20:00:00+01:00,145.40995314463868
2036-10-29 21:00:00+01:00,129.4808362049331
2036-10-29 22:00:00+01:00,124.10349099598793
2036-10-29 23:00:00+01:00,110.48257412238618
2036-10-30 00:00:00+01:00,116.59549957217764
2036-10-30 01:00:00+01:00,110.31770268909304
2036-10-30 02:00:00+01:00,107.9460905332611
2036-10-30 03:00:00+01:00,107.69244217434859
2036-10-30 04:00:00+01:00,109.06214331247614
2036-10-30 05:00:00+01:00,122.0996689605791
2036-10-30 06:00:00+01:00,138.13024524384969
2036-10-30 07:00:00+01:00,179.01836070054614
2036-10-30 08:00:00+01:00,177.8896255033855
2036-10-30 09:00:00+01:00,146.79233670071187
2036-10-30 10:00:00+01:00,129.86130874330186
2036-10-30 11:00:00+01:00,123.55814702432602
2036-10-30 12:00:00+01:00,113.2853884883694
2036-10-30 13:00:00+01:00,117.81301169495768
2036-10-30 14:00:00+01:00,136.48153091091837
2036-10-30 15:00:00+01:00,163.26679761207933
2036-10-30 16:00:00+01:00,192.2461226178335
2036-10-30 17:00:00+01:00,188.92332911607963
2036-10-30 18:00:00+01:00,190.69886762846718
2036-10-30 19:00:00+01:00,185.76540704761885
2036-10-30 20:00:00+01:00,149.93757635122694
2036-10-30 21:00:00+01:00,136.11374079049523
2036-10-30 22:00:00+01:00,125.15613168547483
2036-10-30 23:00:00+01:00,114.50290061114944
2036-10-31 00:00:00+01:00,109.46798068673613
2036-10-31 01:00:00+01:00,105.96763333374352
2036-10-31 02:00:00+01:00,101.63024639633961
2036-10-31 03:00:00+01:00,99.24595182256202
2036-10-31 04:00:00+01:00,101.60488156044838
2036-10-31 05:00:00+01:00,106.57638939513353
2036-10-31 06:00:00+01:00,125.47319213411546
2036-10-31 07:00:00+01:00,138.8531430667503
2036-10-31 08:00:00+01:00,136.494213328864
2036-10-31 09:00:00+01:00,122.56891842456723
2036-10-31 10:00:00+01:00,108.09827954860859
2036-10-31 11:00:00+01:00,103.6087035958572
2036-10-31 12:00:00+01:00,95.68219237984128
2036-10-31 13:00:00+01:00,96.43045503863317
2036-10-31 14:00:00+01:00,102.70825192171777
2036-10-31 15:00:00+01:00,113.18392914480441
2036-10-31 16:00:00+01:00,123.95130198064041
2036-10-31 17:00:00+01:00,139.52531121786848
2036-10-31 18:00:00+01:00,142.36617283768857
2036-10-31 19:00:00+01:00,126.19608995701611
2036-10-31 20:00:00+01:00,112.06787636558937
2036-10-31 21:00:00+01:00,103.98917613422594
2036-10-31 22:00:00+01:00,102.65752224993528
2036-10-31 23:00:00+01:00,89.86096254279919
2036-11-01 00:00:00+01:00,92.5623175652174
2036-11-01 01:00:00+01:00,81.80762714732701
2036-11-01 02:00:00+01:00,79.68966335040759
2036-11-01 03:00:00+01:00,75.73274895137243
2036-11-01 04:00:00+01:00,74.74352035161364
2036-11-01 05:00:00+01:00,81.83299198321828
2036-11-01 06:00:00+01:00,94.78174070570186
2036-11-01 07:00:00+01:00,95.65682754395002
2036-11-01 08:00:00+01:00,88.92246361482292
2036-11-01 09:00:00+01:00,68.46572346852905
2036-11-01 10:00:00+01:00,29.784348734371406
2036-11-01 11:00:00+01:00,23.861659553764326
2036-11-01 12:00:00+01:00,17.43167365533222
2036-11-01 13:00:00+01:00,16.619998906812185
2036-11-01 14:00:00+01:00,39.79077649346989
2036-11-01 15:00:00+01:00,79.81648752986383
2036-11-01 16:00:00+01:00,102.70825192171777
2036-11-01 17:00:00+01:00,119.58855020734526
2036-11-01 18:00:00+01:00,125.16881410342046
2036-11-01 19:00:00+01:00,120.7553326583428
2036-11-01 20:00:00+01:00,117.11547870794828
2036-11-01 21:00:00+01:00,104.80085088274598
2036-11-01 22:00:00+01:00,102.70825192171777
2036-11-01 23:00:00+01:00,96.25290118739441
2036-11-02 00:00:00+01:00,97.73674408703259
2036-11-02 01:00:00+01:00,92.5496351472718
2036-11-02 02:00:00+01:00,92.42281096781552
2036-11-02 03:00:00+01:00,90.02583397609231
2036-11-02 04:00:00+01:00,92.38476371397866
2036-11-02 05:00:00+01:00,92.47354063959804
2036-11-02 06:00:00+01:00,102.53069807047902
2036-11-02 07:00:00+01:00,106.19591685676477
2036-11-02 08:00:00+01:00,106.1071399311454
2036-11-02 09:00:00+01:00,100.95807824522146
2036-11-02 10:00:00+01:00,92.44817580370677
2036-11-02 11:00:00+01:00,91.37017027832862
2036-11-02 12:00:00+01:00,86.43670969748031
2036-11-02 13:00:00+01:00,90.02583397609231
2036-11-02 14:00:00+01:00,101.79511782963274
2036-11-02 15:00:00+01:00,122.0996689605791
2036-11-02 16:00:00+01:00,142.21398382234105
2036-11-02 17:00:00+01:00,160.99664479981237
2036-11-02 18:00:00+01:00,163.3682569556443
2036-11-02 19:00:00+01:00,148.75811148228382
2036-11-02 20:00:00+01:00,124.80102398299732
2036-11-02 21:00:00+01:00,117.62277542577331
2036-11-02 22:00:00+01:00,115.42871712118011
2036-11-02 23:00:00+01:00,107.2992872180342
2036-11-03 00:00:00+01:00,106.09445751319977
2036-11-03 01:00:00+01:00,105.10522891344098
2036-11-03 02:00:00+01:00,105.11791133138661
2036-11-03 03:00:00+01:00,102.69556950377216
2036-11-03 04:00:00+01:00,101.44001012715523
2036-11-03 05:00:00+01:00,102.64483983198964
2036-11-03 06:00:00+01:00,103.68479810353092
2036-11-03 07:00:00+01:00,104.80085088274598
2036-11-03 08:00:00+01:00,95.28903742352688
2036-11-03 09:00:00+01:00,80.32378424768885
2036-11-03 10:00:00+01:00,52.66343070827973
2036-11-03 11:00:00+01:00,37.76158962216982
2036-11-03 12:00:00+01:00,37.38111708380106
2036-11-03 13:00:00+01:00,36.69626651473728
2036-11-03 14:00:00+01:00,72.46068512140107
2036-11-03 15:00:00+01:00,105.07986407754973
2036-11-03 16:00:00+01:00,125.9931712698861
2036-11-03 17:00:00+01:00,144.90265642681365
2036-11-03 18:00:00+01:00,150.63510933823636
2036-11-03 19:00:00+01:00,138.20633975152344
2036-11-03 20:00:00+01:00,126.46242073387425
2036-11-03 21:00:00+01:00,120.40022495586528
2036-11-03 22:00:00+01:00,114.87069073157258
2036-11-03 23:00:00+01:00,107.8065839358592
2036-11-04 00:00:00+01:00,103.0253123703584
2036-11-04 01:00:00+01:00,102.11217827827338
2036-11-04 02:00:00+01:00,101.59219914250274
2036-11-04 03:00:00+01:00,102.2643672936209
2036-11-04 04:00:00+01:00,105.0671816596041
2036-11-04 05:00:00+01:00,109.40456859700802
2036-11-04 06:00:00+01:00,133.29824400656636
2036-11-04 07:00:00+01:00,157.8767699851885
2036-11-04 08:00:00+01:00,154.07204460150086
2036-11-04 09:00:00+01:00,130.83785492511504
2036-11-04 10:00:00+01:00,120.90752167369031
2036-11-04 11:00:00+01:00,111.56057964776434
2036-11-04 12:00:00+01:00,108.52948175875986
2036-11-04 13:00:00+01:00,112.91759836794625
2036-11-04 14:00:00+01:00,125.08003717780107
2036-11-04 15:00:00+01:00,155.4417457396284
2036-11-04 16:00:00+01:00,182.45529596381064
2036-11-04 17:00:00+01:00,182.9245454277988
2036-11-04 18:00:00+01:00,201.49160530019444
2036-11-04 19:00:00+01:00,194.17385014556854
2036-11-04 20:00:00+01:00,151.85262146101644
2036-11-04 21:00:00+01:00,126.46242073387425
2036-11-04 22:00:00+01:00,120.03243483544213
2036-11-04 23:00:00+01:00,111.30693128885183
2036-11-05 00:00:00+01:00,110.5840334659512
2036-11-05 01:00:00+01:00,109.40456859700802
2036-11-05 02:00:00+01:00,109.07482573042174
2036-11-05 03:00:00+01:00,107.83194877175046
2036-11-05 04:00:00+01:00,108.13632680244547
2036-11-05 05:00:00+01:00,111.5859444836556
2036-11-05 06:00:00+01:00,139.6901826511616
2036-11-05 07:00:00+01:00,172.43618578676654
2036-11-05 08:00:00+01:00,161.78295471244115
2036-11-05 09:00:00+01:00,133.09532531943637
2036-11-05 10:00:00+01:00,115.78382482365762
2036-11-05 11:00:00+01:00,109.37920376111677
2036-11-05 12:00:00+01:00,106.84272017199167
2036-11-05 13:00:00+01:00,108.30119823573858
2036-11-05 14:00:00+01:00,120.29876561230029
2036-11-05 15:00:00+01:00,163.43166904537247
2036-11-05 16:00:00+01:00,225.91794226346906
2036-11-05 17:00:00+01:00,219.10748382666821
2036-11-05 18:00:00+01:00,228.77148630123477
2036-11-05 19:00:00+01:00,223.77461363065837
2036-11-05 20:00:00+01:00,187.12242576780082
2036-11-05 21:00:00+01:00,147.1093971493525
2036-11-05 22:00:00+01:00,127.74334494638242
2036-11-05 23:00:00+01:00,120.28608319435466
2036-11-06 00:00:00+01:00,120.97093376341843
2036-11-06 01:00:00+01:00,116.64622924396016
2036-11-06 02:00:00+01:00,115.3272577776151
2036-11-06 03:00:00+01:00,115.40335228528886
2036-11-06 04:00:00+01:00,116.74768858752516
2036-11-06 05:00:00+01:00,130.50811205852875
2036-11-06 06:00:00+01:00,159.47475464633732
2036-11-06 07:00:00+01:00,175.37850675015164
2036-11-06 08:00:00+01:00,193.86947211487356
2036-11-06 09:00:00+01:00,172.37277369703838
2036-11-06 10:00:00+01:00,152.57551928391706
2036-11-06 11:00:00+01:00,144.5729135602274
2036-11-06 12:00:00+01:00,136.26592980584275
2036-11-06 13:00:00+01:00,143.20321242209985
2036-11-06 14:00:00+01:00,159.18305903358794
2036-11-06 15:00:00+01:00,164.91551194501062
2036-11-06 16:00:00+01:00,176.02531006537856
2036-11-06 17:00:00+01:00,190.2803478362615
2036-11-06 18:00:00+01:00,193.90751936871044
2036-11-06 19:00:00+01:00,191.43444786931343
2036-11-06 20:00:00+01:00,163.33020970180746
2036-11-06 21:00:00+01:00,154.70616549878216
2036-11-06 22:00:00+01:00,135.32743087786645
2036-11-06 23:00:00+01:00,124.17958550366168
2036-11-07 00:00:00+01:00,112.8288214423269
2036-11-07 01:00:00+01:00,109.0494608945305
2036-11-07 02:00:00+01:00,106.89344984377416
2036-11-07 03:00:00+01:00,107.52757074105544
2036-11-07 04:00:00+01:00,107.37538172570794
2036-11-07 05:00:00+01:00,116.08820285435263
2036-11-07 06:00:00+01:00,146.3104048187781
2036-11-07 07:00:00+01:00,163.07656134289493
2036-11-07 08:00:00+01:00,166.51349660615944
2036-11-07 09:00:00+01:00,154.64275340905402
2036-11-07 10:00:00+01:00,140.76818817653975
2036-11-07 11:00:00+01:00,132.14414397351447
2036-11-07 12:00:00+01:00,127.12190646704677
2036-11-07 13:00:00+01:00,131.14223295581004
2036-11-07 14:00:00+01:00,145.79042568300747
2036-11-07 15:00:00+01:00,155.8856303677253
2036-11-07 16:00:00+01:00,176.71016063444233
2036-11-07 17:00:00+01:00,182.5948025612125
2036-11-07 18:00:00+01:00,189.519402759524
2036-11-07 19:00:00+01:00,180.32464974894555
2036-11-07 20:00:00+01:00,158.65039747987166
2036-11-07 21:00:00+01:00,128.93549223327122
2036-11-07 22:00:00+01:00,119.10661832541149
2036-11-07 23:00:00+01:00,111.96641702202436
2036-11-08 00:00:00+01:00,111.56057964776434
2036-11-08 01:00:00+01:00,109.48066310468177
2036-11-08 02:00:00+01:00,108.87190704329174
2036-11-08 03:00:00+01:00,108.12364438449984
2036-11-08 04:00:00+01:00,109.02409605863926
2036-11-08 05:00:00+01:00,112.892233532055
2036-11-08 06:00:00+01:00,131.18028020964692
2036-11-08 07:00:00+01:00,164.26870862978373
2036-11-08 08:00:00+01:00,167.0968878316582
2036-11-08 09:00:00+01:00,141.21207280463665
2036-11-08 10:00:00+01:00,125.20686135725734
2036-11-08 11:00:00+01:00,117.3691270668608
2036-11-08 12:00:00+01:00,111.8395928425681
2036-11-08 13:00:00+01:00,111.6366741554381
2036-11-08 14:00:00+01:00,115.26384568788697
2036-11-08 15:00:00+01:00,127.26141306444865
2036-11-08 16:00:00+01:00,147.9591191517094
2036-11-08 17:00:00+01:00,163.7614119119587
2036-11-08 18:00:00+01:00,157.318743595581
2036-11-08 19:00:00+01:00,138.77704855907655
2036-11-08 20:00:00+01:00,124.67419980354106
2036-11-08 21:00:00+01:00,114.66777204444259
2036-11-08 22:00:00+01:00,112.90491595000064
2036-11-08 23:00:00+01:00,107.78121909996796
2036-11-09 00:00:00+01:00,118.43445017429335
2036-11-09 01:00:00+01:00,115.8218720774945
2036-11-09 02:00:00+01:00,113.01905771151128
2036-11-09 03:00:00+01:00,110.31770268909304
2036-11-09 04:00:00+01:00,109.91186531483304
2036-11-09 05:00:00+01:00,110.33038510703867
2036-11-09 06:00:00+01:00,114.37607643169319
2036-11-09 07:00:00+01:00,117.24230288740455
2036-11-09 08:00:00+01:00,118.65005127936897
2036-11-09 09:00:00+01:00,118.20616665127207
2036-11-09 10:00:00+01:00,114.45217093936695
2036-11-09 11:00:00+01:00,111.81422800667686
2036-11-09 12:00:00+01:00,107.73048942818546
2036-11-09 13:00:00+01:00,107.54025315900107
2036-11-09 14:00:00+01:00,114.97215007513759
2036-11-09 15:00:00+01:00,131.70025934541755
2036-11-09 16:00:00+01:00,150.9902170407139
2036-11-09 17:00:00+01:00,176.0126276474329
2036-11-09 18:00:00+01:00,178.27009804175424
2036-11-09 19:00:00+01:00,161.2756579946161
2036-11-09 20:00:00+01:00,141.64327501478792
2036-11-09 21:00:00+01:00,129.23987026396622
2036-11-09 22:00:00+01:00,125.6380635674086
2036-11-09 23:00:00+01:00,118.00324796414208
2036-11-10 00:00:00+01:00,116.78573584136203
2036-11-10 01:00:00+01:00,114.21120499840006
2036-11-10 02:00:00+01:00,112.87955111410938
2036-11-10 03:00:00+01:00,113.17124672685877
2036-11-10 04:00:00+01:00,112.22006538093686
2036-11-10 05:00:00+01:00,112.93028078589188
2036-11-10 06:00:00+01:00,115.47944679296262
2036-11-10 07:00:00+01:00,117.8256941129033
2036-11-10 08:00:00+01:00,120.3621777020284
2036-11-10 09:00:00+01:00,119.77878647652965
2036-11-10 10:00:00+01:00,116.74768858752516
2036-11-10 11:00:00+01:00,116.73500616957952
2036-11-10 12:00:00+01:00,115.2765281058326
2036-11-10 13:00:00+01:00,114.43948852142131
2036-11-10 14:00:00+01:00,115.20043359815885
2036-11-10 15:00:00+01:00,129.29059993574873
2036-11-10 16:00:00+01:00,140.7301409227029
2036-11-10 17:00:00+01:00,165.94278779860628
2036-11-10 18:00:00+01:00,161.56735360736553
2036-11-10 19:00:00+01:00,148.08594333116565
2036-11-10 20:00:00+01:00,140.94574202777852
2036-11-10 21:00:00+01:00,129.20182301012935
2036-11-10 22:00:00+01:00,128.35210100777243
2036-11-10 23:00:00+01:00,119.24612492281338
2036-11-11 00:00:00+01:00,112.81613902438126
2036-11-11 01:00:00+01:00,110.30502027114743
2036-11-11 02:00:00+01:00,108.60557626643362
2036-11-11 03:00:00+01:00,106.55102455924228
2036-11-11 04:00:00+01:00,107.4514762333817
2036-11-11 05:00:00+01:00,113.09515221918502
2036-11-11 06:00:00+01:00,133.22214949889263
2036-11-11 07:00:00+01:00,155.07395561920526
2036-11-11 08:00:00+01:00,161.08542172543176
2036-11-11 09:00:00+01:00,150.0009884409551
2036-11-11 10:00:00+01:00,139.75359474088972
2036-11-11 11:00:00+01:00,136.3039770596796
2036-11-11 12:00:00+01:00,129.25255268191185
2036-11-11 13:00:00+01:00,130.4193351329094
2036-11-11 14:00:00+01:00,135.63180890856145
2036-11-11 15:00:00+01:00,148.32690927213255
2036-11-11 16:00:00+01:00,156.79876445981034
2036-11-11 17:00:00+01:00,171.38354509727958
2036-11-11 18:00:00+01:00,171.59914620235526
2036-11-11 19:00:00+01:00,154.2749632886309
2036-11-11 20:00:00+01:00,135.61912649061583
2036-11-11 21:00:00+01:00,128.74525596408682
2036-11-11 22:00:00+01:00,124.58542287792167
2036-11-11 23:00:00+01:00,116.6715940798514
2036-11-12 00:00:00+01:00,116.37989846710201
2036-11-12 01:00:00+01:00,113.05710496534815
2036-11-12 02:00:00+01:00,111.52253239392746
2036-11-12 03:00:00+01:00,110.96450600431996
2036-11-12 04:00:00+01:00,114.55363028293195
2036-11-12 05:00:00+01:00,119.9563403277684
2036-11-12 06:00:00+01:00,152.8798973146121
2036-11-12 07:00:00+01:00,189.83646320816464
2036-11-12 08:00:00+01:00,206.32360653747773
2036-11-12 09:00:00+01:00,180.02027171825054
2036-11-12 10:00:00+01:00,161.8083195483324
2036-11-12 11:00:00+01:00,158.58698539014352
2036-11-12 12:00:00+01:00,151.1677708919526
2036-11-12 13:00:00+01:00,155.8729479497797
2036-11-12 14:00:00+01:00,164.17993170416435
2036-11-12 15:00:00+01:00,181.4533849461062
2036-11-12 16:00:00+01:00,189.79841595432777
2036-11-12 17:00:00+01:00,183.7235377583732
2036-11-12 18:00:00+01:00,180.73048712320556
2036-11-12 19:00:00+01:00,182.5313904714844
2036-11-12 20:00:00+01:00,164.04042510676248
2036-11-12 21:00:00+01:00,144.09098167829364
2036-11-12 22:00:00+01:00,137.25515840560152
2036-11-12 23:00:00+01:00,128.3647834257181
2036-11-13 00:00:00+01:00,124.0527613242054
2036-11-13 01:00:00+01:00,120.53973155326716
2036-11-13 02:00:00+01:00,118.29494357689146
2036-11-13 03:00:00+01:00,117.95251829235957
2036-11-13 04:00:00+01:00,119.53782053556274
2036-11-13 05:00:00+01:00,131.63684725568945
2036-11-13 06:00:00+01:00,157.35679084941785
2036-11-13 07:00:00+01:00,199.28486457765558
2036-11-13 08:00:00+01:00,206.84358567324838
2036-11-13 09:00:00+01:00,190.12815882091402
2036-11-13 10:00:00+01:00,188.33993789058084
2036-11-13 11:00:00+01:00,188.606268667439
2036-11-13 12:00:00+01:00,174.14831220942597
2036-11-13 13:00:00+01:00,172.76592865335277
2036-11-13 14:00:00+01:00,177.86426066749422
2036-11-13 15:00:00+01:00,187.52826314206084
2036-11-13 16:00:00+01:00,211.47266822340168
2036-11-13 17:00:00+01:00,220.68010365192575
2036-11-13 18:00:00+01:00,223.57169494352834
2036-11-13 19:00:00+01:00,185.42298176308702
2036-11-13 20:00:00+01:00,158.3206546132854
2036-11-13 21:00:00+01:00,136.50689574680962
2036-11-13 22:00:00+01:00,129.6710724741175
2036-11-13 23:00:00+01:00,119.66464471501901
2036-11-14 00:00:00+01:00,126.76679876456926
2036-11-14 01:00:00+01:00,122.6957426040235
2036-11-14 02:00:00+01:00,120.40022495586528
2036-11-14 03:00:00+01:00,119.48709086378025
2036-11-14 04:00:00+01:00,119.10661832541149
2036-11-14 05:00:00+01:00,131.90317803254757
2036-11-14 06:00:00+01:00,143.45686078101238
2036-11-14 07:00:00+01:00,154.6934830808365
2036-11-14 08:00:00+01:00,162.98778441727558
2036-11-14 09:00:00+01:00,159.29720079509855
2036-11-14 10:00:00+01:00,144.6236432320099
2036-11-14 11:00:00+01:00,141.94765304548292
2036-11-14 12:00:00+01:00,138.54876503605533
2036-11-14 13:00:00+01:00,139.37312220252096
2036-11-14 14:00:00+01:00,145.86652019068123
2036-11-14 15:00:00+01:00,158.78990407727355
2036-11-14 16:00:00+01:00,177.06526833691981
2036-11-14 17:00:00+01:00,187.19852027547455
2036-11-14 18:00:00+01:00,185.2707927477395
2036-11-14 19:00:00+01:00,174.89657486821787
2036-11-14 20:00:00+01:00,147.08403231346125
2036-11-14 21:00:00+01:00,138.01610348233905
2036-11-14 22:00:00+01:00,134.61721547291143
2036-11-14 23:00:00+01:00,125.16881410342046
2036-11-15 00:00:00+01:00,121.13580519671156
2036-11-15 01:00:00+01:00,119.47440844583463
2036-11-15 02:00:00+01:00,117.63545784371892
2036-11-15 03:00:00+01:00,115.56822371858198
2036-11-15 04:00:00+01:00,116.7730534234164
2036-11-15 05:00:00+01:00,123.87520747296665
2036-11-15 06:00:00+01:00,135.54303198294207
2036-11-15 07:00:00+01:00,159.0689172720773
2036-11-15 08:00:00+01:00,169.5319120772183
2036-11-15 09:00:00+01:00,154.85835451412964
2036-11-15 10:00:00+01:00,143.976839916783
2036-11-15 11:00:00+01:00,138.53608261810967
2036-11-15 12:00:00+01:00,135.39084296759455
2036-11-15 13:00:00+01:00,135.47961989321396
2036-11-15 14:00:00+01:00,139.56335847170533
2036-11-15 15:00:00+01:00,151.80189178923388
2036-11-15 16:00:00+01:00,161.37711733818114
2036-11-15 17:00:00+01:00,166.3486251728663
2036-11-15 18:00:00+01:00,156.88754138542973
2036-11-15 19:00:00+01:00,153.39987645038275
2036-11-15 20:00:00+01:00,146.7162421930381
2036-11-15 21:00:00+01:00,139.46189912814035
2036-11-15 22:00:00+01:00,134.8581814138783
2036-11-15 23:00:00+01:00,126.55119765949362
2036-11-16 00:00:00+01:00,125.37173279055047
2036-11-16 01:00:00+01:00,119.77878647652965
2036-11-16 02:00:00+01:00,116.62086440806888
2036-11-16 03:00:00+01:00,115.2765281058326
2036-11-16 04:00:00+01:00,114.94678523924634
2036-11-16 05:00:00+01:00,116.26575670559137
2036-11-16 06:00:00+01:00,133.26019675272948
2036-11-16 07:00:00+01:00,133.24751433478386
2036-11-16 08:00:00+01:00,133.23483191683826
2036-11-16 09:00:00+01:00,134.8074517420958
2036-11-16 10:00:00+01:00,125.27027344698547
2036-11-16 11:00:00+01:00,115.5301764647451
2036-11-16 12:00:00+01:00,111.89032251435061
2036-11-16 13:00:00+01:00,114.05901598305255
2036-11-16 14:00:00+01:00,127.48969658746992
2036-11-16 15:00:00+01:00,138.02878590028467
2036-11-16 16:00:00+01:00,139.17020351539094
2036-11-16 17:00:00+01:00,144.99143335243303
2036-11-16 18:00:00+01:00,148.80884115406633
2036-11-16 19:00:00+01:00,145.27044654723682
2036-11-16 20:00:00+01:00,144.4334069628255
2036-11-16 21:00:00+01:00,137.09028697230838
2036-11-16 22:00:00+01:00,128.68184387435872
2036-11-16 23:00:00+01:00,123.0001206347185
2036-11-17 00:00:00+01:00,127.80675703611055
2036-11-17 01:00:00+01:00,126.18340753907049
2036-11-17 02:00:00+01:00,123.02548547060974
2036-11-17 03:00:00+01:00,120.23535352257215
2036-11-17 04:00:00+01:00,119.91829307393152
2036-11-17 05:00:00+01:00,121.54164257097159
2036-11-17 06:00:00+01:00,126.63997458511301
2036-11-17 07:00:00+01:00,127.5277438413068
2036-11-17 08:00:00+01:00,126.70338667484114
2036-11-17 09:00:00+01:00,127.55310867719804
2036-11-17 10:00:00+01:00,124.62347013175855
2036-11-17 11:00:00+01:00,123.03816788855538
2036-11-17 12:00:00+01:00,121.55432498891719
2036-11-17 13:00:00+01:00,120.17194143284402
2036-11-17 14:00:00+01:00,122.97475579882726
2036-11-17 15:00:00+01:00,135.9108221033652
2036-11-17 16:00:00+01:00,146.90647846222248
2036-11-17 17:00:00+01:00,149.5571038128582
2036-11-17 18:00:00+01:00,146.28503998288681
2036-11-17 19:00:00+01:00,146.42454658028873
2036-11-17 20:00:00+01:00,141.71936952246168
2036-11-17 21:00:00+01:00,136.92541553901526
2036-11-17 22:00:00+01:00,134.22406051659704
2036-11-17 23:00:00+01:00,129.70911972795437
2036-11-18 00:00:00+01:00,124.01471407036854
2036-11-18 01:00:00+01:00,122.44209424511098
2036-11-18 02:00:00+01:00,120.3621777020284
2036-11-18 03:00:00+01:00,121.51627773508031
2036-11-18 04:00:00+01:00,123.87520747296665
2036-11-18 05:00:00+01:00,131.94122528638445
2036-11-18 06:00:00+01:00,146.27235756494122
2036-11-18 07:00:00+01:00,169.88701977969583
2036-11-18 08:00:00+01:00,174.4653726580666
2036-11-18 09:00:00+01:00,157.28069634174412
2036-11-18 10:00:00+01:00,149.58246864874945
2036-11-18 11:00:00+01:00,144.90265642681365
2036-11-18 12:00:00+01:00,141.16134313285414
2036-11-18 13:00:00+01:00,146.27235756494122
2036-11-18 14:00:00+01:00,157.03973040077722
2036-11-18 15:00:00+01:00,173.69174516338347
2036-11-18 16:00:00+01:00,164.3194383015662
2036-11-18 17:00:00+01:00,189.89987529789278
2036-11-18 18:00:00+01:00,210.0776022493829
2036-11-18 19:00:00+01:00,198.18149421638623
2036-11-18 20:00:00+01:00,151.47214892264765
2036-11-18 21:00:00+01:00,150.68583901001887
2036-11-18 22:00:00+01:00,148.8595708258488
2036-11-18 23:00:00+01:00,141.70668710451605
2036-11-19 00:00:00+01:00,131.43392856855942
2036-11-19 01:00:00+01:00,127.28677790033991
2036-11-19 02:00:00+01:00,124.30640968311792
2036-11-19 03:00:00+01:00,122.03625687085098
2036-11-19 04:00:00+01:00,124.90248332656232
2036-11-19 05:00:00+01:00,131.9792725402213
2036-11-19 06:00:00+01:00,154.31301054246777
2036-11-19 07:00:00+01:00,171.82742972537653
2036-11-19 08:00:00+01:00,174.89657486821787
2036-11-19 09:00:00+01:00,170.06457363093455
2036-11-19 10:00:00+01:00,156.73535237008224
2036-11-19 11:00:00+01:00,153.4886533760021
2036-11-19 12:00:00+01:00,151.63702035594076
2036-11-19 13:00:00+01:00,156.54511610089781
2036-11-19 14:00:00+01:00,157.24264908790724
2036-11-19 15:00:00+01:00,176.11408699099792
2036-11-19 16:00:00+01:00,176.22822875250853
2036-11-19 17:00:00+01:00,178.58715849039487
2036-11-19 18:00:00+01:00,164.05310752470808
2036-11-19 19:00:00+01:00,154.90908418591215
2036-11-19 20:00:00+01:00,148.97371258735944
2036-11-19 21:00:00+01:00,133.32360884245762
2036-11-19 22:00:00+01:00,132.6641231092851
2036-11-19 23:00:00+01:00,128.44087793339182
2036-11-20 00:00:00+01:00,128.0350405591318
2036-11-20 01:00:00+01:00,124.09080857804229
2036-11-20 02:00:00+01:00,120.27340077640903
2036-11-20 03:00:00+01:00,119.2080776689765
2036-11-20 04:00:00+01:00,116.30380395942825
2036-11-20 05:00:00+01:00,122.97475579882726
2036-11-20 06:00:00+01:00,135.8600924315827
2036-11-20 07:00:00+01:00,153.46328854011085
2036-11-20 08:00:00+01:00,163.63458773250247
2036-11-20 09:00:00+01:00,153.42524128627394
2036-11-20 10:00:00+01:00,152.41064785062395
2036-11-20 11:00:00+01:00,150.28000163575888
2036-11-20 12:00:00+01:00,146.39918174439748
2036-11-20 13:00:00+01:00,147.03330264167874
2036-11-20 14:00:00+01:00,151.73847969950577
2036-11-20 15:00:00+01:00,161.212245904888
2036-11-20 16:00:00+01:00,160.38788873842236
2036-11-20 17:00:00+01:00,166.45008451643133
2036-11-20 18:00:00+01:00,164.21797895800125
2036-11-20 19:00:00+01:00,153.75498415286023
2036-11-20 20:00:00+01:00,146.41186416234308
2036-11-20 21:00:00+01:00,134.88354624976955
2036-11-20 22:00:00+01:00,133.32360884245762
2036-11-20 23:00:00+01:00,129.40474169725934
2036-11-21 00:00:00+01:00,121.96016236317722
2036-11-21 01:00:00+01:00,120.3621777020284
2036-11-21 02:00:00+01:00,122.94939096293601
2036-11-21 03:00:00+01:00,121.9982096170141
2036-11-21 04:00:00+01:00,121.85870301961222
2036-11-21 05:00:00+01:00,129.64570763822624
2036-11-21 06:00:00+01:00,146.93184329811373
2036-11-21 07:00:00+01:00,155.01054352947716
2036-11-21 08:00:00+01:00,156.9382710572122
2036-11-21 09:00:00+01:00,149.58246864874945
2036-11-21 10:00:00+01:00,146.27235756494122
2036-11-21 11:00:00+01:00,149.4556444692932
2036-11-21 12:00:00+01:00,148.08594333116565
2036-11-21 13:00:00+01:00,153.75498415286023
2036-11-21 14:00:00+01:00,163.6092228966112
2036-11-21 15:00:00+01:00,169.79824285407642
2036-11-21 16:00:00+01:00,175.87312105003105
2036-11-21 17:00:00+01:00,198.84097994955872
2036-11-21 18:00:00+01:00,185.60053561432574
2036-11-21 19:00:00+01:00,169.30362855419705
2036-11-21 20:00:00+01:00,155.60661717292152
2036-11-21 21:00:00+01:00,142.59445636070984
2036-11-21 22:00:00+01:00,135.59376165472457
2036-11-21 23:00:00+01:00,125.35905037260483
2036-11-22 00:00:00+01:00,125.96780643399487
2036-11-22 01:00:00+01:00,124.20495033955292
2036-11-22 02:00:00+01:00,122.93670854499038
2036-11-22 03:00:00+01:00,122.94939096293601
2036-11-22 04:00:00+01:00,123.38059317308725
2036-11-22 05:00:00+01:00,129.31596477163998
2036-11-22 06:00:00+01:00,145.13093994983493
2036-11-22 07:00:00+01:00,158.2699249415029
2036-11-22 08:00:00+01:00,163.08924376084056
2036-11-22 09:00:00+01:00,160.83177336651923
2036-11-22 10:00:00+01:00,147.09671473140688
2036-11-22 11:00:00+01:00,144.99143335243303
2036-11-22 12:00:00+01:00,138.95460241031532
2036-11-22 13:00:00+01:00,141.98570029931983
2036-11-22 14:00:00+01:00,146.4625938341256
2036-11-22 15:00:00+01:00,151.97944564047268
2036-11-22 16:00:00+01:00,164.294073465675
2036-11-22 17:00:00+01:00,159.3225656309898
2036-11-22 18:00:00+01:00,154.16082152712025
2036-11-22 19:00:00+01:00,153.4886533760021
2036-11-22 20:00:00+01:00,150.38146097932383
2036-11-22 21:00:00+01:00,149.82343458971633
2036-11-22 22:00:00+01:00,144.50950147049926
2036-11-22 23:00:00+01:00,135.54303198294207
2036-11-23 00:00:00+01:00,142.54372668892734
2036-11-23 01:00:00+01:00,137.1536990620365
2036-11-23 02:00:00+01:00,132.15682639146007
2036-11-23 03:00:00+01:00,131.43392856855942
2036-11-23 04:00:00+01:00,129.73448456384563
2036-11-23 05:00:00+01:00,134.89622866771518
2036-11-23 06:00:00+01:00,148.36495652596943
2036-11-23 07:00:00+01:00,150.10244778452008
2036-11-23 08:00:00+01:00,150.96485220482262
2036-11-23 09:00:00+01:00,149.82343458971633
2036-11-23 10:00:00+01:00,145.92993228040933
2036-11-23 11:00:00+01:00,136.11374079049523
2036-11-23 12:00:00+01:00,131.33246922499444
2036-11-23 13:00:00+01:00,131.82708352487384
2036-11-23 14:00:00+01:00,141.92228820959167
2036-11-23 15:00:00+01:00,156.40560950349595
2036-11-23 16:00:00+01:00,162.63267671479807
2036-11-23 17:00:00+01:00,162.6199942968524
2036-11-23 18:00:00+01:00,159.3352480489354
2036-11-23 19:00:00+01:00,156.2787853240397
2036-11-23 20:00:00+01:00,145.7270135932793
2036-11-23 21:00:00+01:00,141.90960579164604
2036-11-23 22:00:00+01:00,143.93879266294613
2036-11-23 23:00:00+01:00,131.82708352487384
2036-11-24 00:00:00+01:00,131.6114824197982
2036-11-24 01:00:00+01:00,133.13337257327325
2036-11-24 02:00:00+01:00,132.4104747503726
2036-11-24 03:00:00+01:00,130.5588417303113
2036-11-24 04:00:00+01:00,131.05345603019066
2036-11-24 05:00:00+01:00,132.9558187220345
2036-11-24 06:00:00+01:00,136.08837595460398
2036-11-24 07:00:00+01:00,138.26975184125155
2036-11-24 08:00:00+01:00,140.60331674324664
2036-11-24 09:00:00+01:00,137.71172545164404
2036-11-24 10:00:00+01:00,133.12069015532762
2036-11-24 11:00:00+01:00,132.58802860161134
2036-11-24 12:00:00+01:00,131.83976594281944
2036-11-24 13:00:00+01:00,130.54615931236566
2036-11-24 14:00:00+01:00,131.89049561460195
2036-11-24 15:00:00+01:00,133.70408138082638
2036-11-24 16:00:00+01:00,147.41377518004754
2036-11-24 17:00:00+01:00,148.35227410802378
2036-11-24 18:00:00+01:00,153.86912591437084
2036-11-24 19:00:00+01:00,153.36182919654584
2036-11-24 20:00:00+01:00,146.13285096753933
2036-11-24 21:00:00+01:00,139.47458154608597
2036-11-24 22:00:00+01:00,137.6990430336984
2036-11-24 23:00:00+01:00,133.18410224505573
2036-11-25 00:00:00+01:00,134.18601326276016
2036-11-25 01:00:00+01:00,127.64188560281741
2036-11-25 02:00:00+01:00,124.72492947532356
2036-11-25 03:00:00+01:00,130.53347689442
2036-11-25 04:00:00+01:00,130.88858459689754
2036-11-25 05:00:00+01:00,138.20633975152344
2036-11-25 06:00:00+01:00,151.24386539962637
2036-11-25 07:00:00+01:00,155.91099520361655
2036-11-25 08:00:00+01:00,155.4417457396284
2036-11-25 09:00:00+01:00,152.74039071721018
2036-11-25 10:00:00+01:00,149.4429620513476
2036-11-25 11:00:00+01:00,148.68201697461006
2036-11-25 12:00:00+01:00,147.13476198524376
2036-11-25 13:00:00+01:00,147.9210718978725
2036-11-25 14:00:00+01:00,149.4429620513476
2036-11-25 15:00:00+01:00,152.7530731351558
2036-11-25 16:00:00+01:00,156.78608204186472
2036-11-25 17:00:00+01:00,157.68653371600413
2036-11-25 18:00:00+01:00,160.0708282897817
2036-11-25 19:00:00+01:00,155.0359083653684
2036-11-25 20:00:00+01:00,152.11895223787454
2036-11-25 21:00:00+01:00,147.93375431581816
2036-11-25 22:00:00+01:00,145.23239929339994
2036-11-25 23:00:00+01:00,136.9380979569609
2036-11-26 00:00:00+01:00,135.53034956499647
2036-11-26 01:00:00+01:00,132.77826487079574
2036-11-26 02:00:00+01:00,127.88285154378431
2036-11-26 03:00:00+01:00,125.16881410342046
2036-11-26 04:00:00+01:00,125.54928664178922
2036-11-26 05:00:00+01:00,134.18601326276016
2036-11-26 06:00:00+01:00,153.2984171068177
2036-11-26 07:00:00+01:00,161.84636680216929
2036-11-26 08:00:00+01:00,163.38093937358994
2036-11-26 09:00:00+01:00,153.13354567352457
2036-11-26 10:00:00+01:00,148.9483477514682
2036-11-26 11:00:00+01:00,147.41377518004754
2036-11-26 12:00:00+01:00,143.35540143744737
2036-11-26 13:00:00+01:00,148.9483477514682
2036-11-26 14:00:00+01:00,150.77461593563822
2036-11-26 15:00:00+01:00,156.79876445981034
2036-11-26 16:00:00+01:00,163.38093937358994
2036-11-26 17:00:00+01:00,177.48378812912546
2036-11-26 18:00:00+01:00,185.48639385281513
2036-11-26 19:00:00+01:00,180.08368380797867
2036-11-26 20:00:00+01:00,161.84636680216929
2036-11-26 21:00:00+01:00,149.31613787189133
2036-11-26 22:00:00+01:00,145.87920260862683
2036-11-26 23:00:00+01:00,135.88545726747395
2036-11-27 00:00:00+01:00,124.09080857804229
2036-11-27 01:00:00+01:00,119.157347997194
2036-11-27 02:00:00+01:00,117.28035014124143
2036-11-27 03:00:00+01:00,112.87955111410938
2036-11-27 04:00:00+01:00,119.23344250486774
2036-11-27 05:00:00+01:00,141.74473435835293
2036-11-27 06:00:00+01:00,172.8800704148634
2036-11-27 07:00:00+01:00,218.15630248074632
2036-11-27 08:00:00+01:00,233.64153479235495
2036-11-27 09:00:00+01:00,194.5923699377742
2036-11-27 10:00:00+01:00,188.6189510853846
2036-11-27 11:00:00+01:00,178.66325299806863
2036-11-27 12:00:00+01:00,157.9782293287535
2036-11-27 13:00:00+01:00,155.06127320125967
2036-11-27 14:00:00+01:00,155.0232259474228
2036-11-27 15:00:00+01:00,153.41255886832835
2036-11-27 16:00:00+01:00,156.84949413159285
2036-11-27 17:00:00+01:00,156.01245454718156
2036-11-27 18:00:00+01:00,167.61686696742885
2036-11-27 19:00:00+01:00,157.9401820749166
2036-11-27 20:00:00+01:00,155.73344135237784
2036-11-27 21:00:00+01:00,145.85383777273557
2036-11-27 22:00:00+01:00,135.20060669841018
2036-11-27 23:00:00+01:00,126.94435261580801
2036-11-28 00:00:00+01:00,133.19678466300138
2036-11-28 01:00:00+01:00,132.65144069133947
2036-11-28 02:00:00+01:00,133.00654839381698
2036-11-28 03:00:00+01:00,133.1587374091645
2036-11-28 04:00:00+01:00,132.60071101955697
2036-11-28 05:00:00+01:00,133.1714198271101
2036-11-28 06:00:00+01:00,153.46328854011085
2036-11-28 07:00:00+01:00,154.76957758851026
2036-11-28 08:00:00+01:00,147.66742353896
2036-11-28 09:00:00+01:00,146.27235756494122
2036-11-28 10:00:00+01:00,148.78347631817505
2036-11-28 11:00:00+01:00,154.66811824494528
2036-11-28 12:00:00+01:00,152.82916764282956
2036-11-28 13:00:00+01:00,154.36374021425024
2036-11-28 14:00:00+01:00,150.81266318947513
2036-11-28 15:00:00+01:00,150.26731921781322
2036-11-28 16:00:00+01:00,147.41377518004754
2036-11-28 17:00:00+01:00,156.03781938307282
2036-11-28 18:00:00+01:00,159.74108542319544
2036-11-28 19:00:00+01:00,158.54893813630667
2036-11-28 20:00:00+01:00,150.4575554869976
2036-11-28 21:00:00+01:00,146.88111362633123
2036-11-28 22:00:00+01:00,144.5729135602274
2036-11-28 23:00:00+01:00,133.67871654493513
2036-11-29 00:00:00+01:00,122.6957426040235
2036-11-29 01:00:00+01:00,119.91829307393152
2036-11-29 02:00:00+01:00,114.22388741634569
2036-11-29 03:00:00+01:00,113.23465881658689
2036-11-29 04:00:00+01:00,116.62086440806888
2036-11-29 05:00:00+01:00,126.81752843635176
2036-11-29 06:00:00+01:00,156.10123147280095
2036-11-29 07:00:00+01:00,197.21763045251868
2036-11-29 08:00:00+01:00,222.8361147026821
2036-11-29 09:00:00+01:00,190.24230058242466
2036-11-29 10:00:00+01:00,173.8566165966766
2036-11-29 11:00:00+01:00,165.33403173721626
2036-11-29 12:00:00+01:00,155.8349006959428
2036-11-29 13:00:00+01:00,154.4271523039784
2036-11-29 14:00:00+01:00,157.78799305956912
2036-11-29 15:00:00+01:00,177.39501120350607
2036-11-29 16:00:00+01:00,189.88719287994712
2036-11-29 17:00:00+01:00,188.20043129317898
2036-11-29 18:00:00+01:00,184.20546964030694
2036-11-29 19:00:00+01:00,165.62572734996564
2036-11-29 20:00:00+01:00,146.03139162397434
2036-11-29 21:00:00+01:00,136.73517926983087
2036-11-29 22:00:00+01:00,127.75602736432805
2036-11-29 23:00:00+01:00,123.16499206801164
2036-11-30 00:00:00+01:00,121.60505466069971
2036-11-30 01:00:00+01:00,118.92906447417273
2036-11-30 02:00:00+01:00,114.10974565483507
2036-11-30 03:00:00+01:00,113.17124672685877
2036-11-30 04:00:00+01:00,114.04633356510692
2036-11-30 05:00:00+01:00,117.90178862057707
2036-11-30 06:00:00+01:00,123.17767448595725
2036-11-30 07:00:00+01:00,127.69261527459992
2036-11-30 08:00:00+01:00,137.29320565943837
2036-11-30 09:00:00+01:00,125.7902525827561
2036-11-30 10:00:00+01:00,118.97979414595522
2036-11-30 11:00:00+01:00,114.40144126758443
2036-11-30 12:00:00+01:00,113.48830717549941
2036-11-30 13:00:00+01:00,113.7800027882488
2036-11-30 14:00:00+01:00,119.766104058584
2036-11-30 15:00:00+01:00,138.9038727385328
2036-11-30 16:00:00+01:00,145.1182575318893
2036-11-30 17:00:00+01:00,154.65543582699962
2036-11-30 18:00:00+01:00,161.009327217758
2036-11-30 19:00:00+01:00,149.1639488565438
2036-11-30 20:00:00+01:00,139.44921671019472
2036-11-30 21:00:00+01:00,130.12763952016002
2036-11-30 22:00:00+01:00,123.72301845761916
2036-11-30 23:00:00+01:00,119.65196229707337
2036-12-01 00:00:00+01:00,111.10401260172182
2036-12-01 01:00:00+01:00,107.0075916052848
2036-12-01 02:00:00+01:00,101.74438815785025
2036-12-01 03:00:00+01:00,100.19713316848393
2036-12-01 04:00:00+01:00,96.53191438219818
2036-12-01 05:00:00+01:00,98.04112211772761
2036-12-01 06:00:00+01:00,92.81596592412993
2036-12-01 07:00:00+01:00,97.82552101265198
2036-12-01 08:00:00+01:00,106.2085992747104
2036-12-01 09:00:00+01:00,100.38736943766831
2036-12-01 10:00:00+01:00,97.28017704099008
2036-12-01 11:00:00+01:00,94.6929637800825
2036-12-01 12:00:00+01:00,95.70755721573252
2036-12-01 13:00:00+01:00,95.6441451260044
2036-12-01 14:00:00+01:00,100.53955845301583
2036-12-01 15:00:00+01:00,118.86565238444462
2036-12-01 16:00:00+01:00,142.08715964288479
2036-12-01 17:00:00+01:00,145.3719058908018
2036-12-01 18:00:00+01:00,142.08715964288479
2036-12-01 19:00:00+01:00,137.17906389792776
2036-12-01 20:00:00+01:00,138.72631888729407
2036-12-01 21:00:00+01:00,136.900050703124
2036-12-01 22:00:00+01:00,129.91203841508437
2036-12-01 23:00:00+01:00,125.66342840329986
2036-12-02 00:00:00+01:00,116.6715940798514
2036-12-02 01:00:00+01:00,107.09636853090419
2036-12-02 02:00:00+01:00,105.19400583906037
2036-12-02 03:00:00+01:00,107.6036652487292
2036-12-02 04:00:00+01:00,102.59411016020714
2036-12-02 05:00:00+01:00,115.50481162885386
2036-12-02 06:00:00+01:00,140.51453981762725
2036-12-02 07:00:00+01:00,160.56544258966107
2036-12-02 08:00:00+01:00,163.90091850936062
2036-12-02 09:00:00+01:00,155.40369848579155
2036-12-02 10:00:00+01:00,151.81457420717953
2036-12-02 11:00:00+01:00,149.26540820010882
2036-12-02 12:00:00+01:00,145.0167981883243
2036-12-02 13:00:00+01:00,147.26158616470002
2036-12-02 14:00:00+01:00,152.22041158143955
2036-12-02 15:00:00+01:00,163.44435146331807
2036-12-02 16:00:00+01:00,162.97510199932992
2036-12-02 17:00:00+01:00,168.53000105951386
2036-12-02 18:00:00+01:00,168.06075159552574
2036-12-02 19:00:00+01:00,163.90091850936062
2036-12-02 20:00:00+01:00,155.39101606784592
2036-12-02 21:00:00+01:00,142.1378893146673
2036-12-02 22:00:00+01:00,128.65647903846747
2036-12-02 23:00:00+01:00,106.79199050020917
2036-12-03 00:00:00+01:00,126.90630536197114
2036-12-03 01:00:00+01:00,127.50237900541553
2036-12-03 02:00:00+01:00,127.51506142336116
2036-12-03 03:00:00+01:00,124.21763275749855
2036-12-03 04:00:00+01:00,125.21954377520295
2036-12-03 05:00:00+01:00,130.30519337139876
2036-12-03 06:00:00+01:00,153.1081808376333
2036-12-03 07:00:00+01:00,165.5242680064007
2036-12-03 08:00:00+01:00,171.67524071002902
2036-12-03 09:00:00+01:00,166.71641529328946
2036-12-03 10:00:00+01:00,162.6199942968524
2036-12-03 11:00:00+01:00,156.76071720597344
2036-12-03 12:00:00+01:00,152.0935874019833
2036-12-03 13:00:00+01:00,155.8729479497797
2036-12-03 14:00:00+01:00,165.42280866283565
2036-12-03 15:00:00+01:00,176.11408699099792
2036-12-03 16:00:00+01:00,226.7803466837716
2036-12-03 17:00:00+01:00,253.65439031055192
2036-12-03 18:00:00+01:00,224.51019387150464
2036-12-03 19:00:00+01:00,190.90178631559718
2036-12-03 20:00:00+01:00,169.55727691310955
2036-12-03 21:00:00+01:00,159.5128019001742
2036-12-03 22:00:00+01:00,153.36182919654584
2036-12-03 23:00:00+01:00,144.49681905255363
2036-12-04 00:00:00+01:00,143.2158948400455
2036-12-04 01:00:00+01:00,140.51453981762725
2036-12-04 02:00:00+01:00,136.98882762874337
2036-12-04 03:00:00+01:00,132.70217036312198
2036-12-04 04:00:00+01:00,135.12451219073643
2036-12-04 05:00:00+01:00,144.54754872433614
2036-12-04 06:00:00+01:00,167.00811090603884
2036-12-04 07:00:00+01:00,229.58316104975484
2036-12-04 08:00:00+01:00,273.33750296216266
2036-12-04 09:00:00+01:00,276.64761404597084
2036-12-04 10:00:00+01:00,226.89448844528224
2036-12-04 11:00:00+01:00,215.50567713011057
2036-12-04 12:00:00+01:00,208.6952186933097
2036-12-04 13:00:00+01:00,216.63441232727124
2036-12-04 14:00:00+01:00,265.42367416409235
2036-12-04 15:00:00+01:00,298.5121025842292
2036-12-04 16:00:00+01:00,283.90195711086864
2036-12-04 17:00:00+01:00,308.36634132798014
2036-12-04 18:00:00+01:00,252.7412562184669
2036-12-04 19:00:00+01:00,233.08350840274744
2036-12-04 20:00:00+01:00,192.14466327426845
2036-12-04 21:00:00+01:00,161.97319098162552
2036-12-04 22:00:00+01:00,151.14240605606142
2036-12-04 23:00:00+01:00,140.6286815791379
2036-12-05 00:00:00+01:00,125.72684049302798
2036-12-05 01:00:00+01:00,120.26071835846341
2036-12-05 02:00:00+01:00,117.50863366426267
2036-12-05 03:00:00+01:00,116.11356769024388
2036-12-05 04:00:00+01:00,116.0247907646245
2036-12-05 05:00:00+01:00,125.33368553671359
2036-12-05 06:00:00+01:00,146.43722899823433
2036-12-05 07:00:00+01:00,159.8805920205973
2036-12-05 08:00:00+01:00,165.4989031705094
2036-12-05 09:00:00+01:00,168.82169667226327
2036-12-05 10:00:00+01:00,162.6580415506893
2036-12-05 11:00:00+01:00,157.54702711860222
2036-12-05 12:00:00+01:00,149.46832688723882
2036-12-05 13:00:00+01:00,151.21850056373515
2036-12-05 14:00:00+01:00,157.06509523666847
2036-12-05 15:00:00+01:00,152.82916764282956
2036-12-05 16:00:00+01:00,152.62624895569957
2036-12-05 17:00:00+01:00,152.11895223787454
2036-12-05 18:00:00+01:00,161.09810414337738
2036-12-05 19:00:00+01:00,155.30223914222654
2036-12-05 20:00:00+01:00,161.09810414337738
2036-12-05 21:00:00+01:00,151.20581814578952
2036-12-05 22:00:00+01:00,144.58559597817302
2036-12-05 23:00:00+01:00,134.04650666535827
2036-12-06 00:00:00+01:00,127.12190646704677
2036-12-06 01:00:00+01:00,121.60505466069971
2036-12-06 02:00:00+01:00,119.18271283308525
2036-12-06 03:00:00+01:00,118.53590951785834
2036-12-06 04:00:00+01:00,119.461726027889
2036-12-06 05:00:00+01:00,127.13458888499241
2036-12-06 06:00:00+01:00,144.50950147049926
2036-12-06 07:00:00+01:00,155.15005012687902
2036-12-06 08:00:00+01:00,159.7030381693586
2036-12-06 09:00:00+01:00,153.3364643606546
2036-12-06 10:00:00+01:00,149.5063741410757
2036-12-06 11:00:00+01:00,145.79042568300747
2036-12-06 12:00:00+01:00,131.94122528638445
2036-12-06 13:00:00+01:00,145.79042568300747
2036-12-06 14:00:00+01:00,150.96485220482262
2036-12-06 15:00:00+01:00,152.47405994035205
2036-12-06 16:00:00+01:00,150.952169786877
2036-12-06 17:00:00+01:00,156.46902159322406
2036-12-06 18:00:00+01:00,162.91168990960182
2036-12-06 19:00:00+01:00,156.9382710572122
2036-12-06 20:00:00+01:00,150.96485220482262
2036-12-06 21:00:00+01:00,141.75741677629856
2036-12-06 22:00:00+01:00,145.15630478572618
2036-12-06 23:00:00+01:00,131.85244836076507
2036-12-07 00:00:00+01:00,131.44661098650505
2036-12-07 01:00:00+01:00,127.66725043870868
2036-12-07 02:00:00+01:00,125.21954377520295
2036-12-07 03:00:00+01:00,124.3444569369548
2036-12-07 04:00:00+01:00,123.82447780118416
2036-12-07 05:00:00+01:00,123.97666681653166
2036-12-07 06:00:00+01:00,125.21954377520295
2036-12-07 07:00:00+01:00,129.35401202547686
2036-12-07 08:00:00+01:00,131.66221209158067
2036-12-07 09:00:00+01:00,134.82013416004145
2036-12-07 10:00:00+01:00,131.83976594281944
2036-12-07 11:00:00+01:00,131.59880000185257
2036-12-07 12:00:00+01:00,130.25446369961625
2036-12-07 13:00:00+01:00,131.53538791212443
2036-12-07 14:00:00+01:00,131.87781319665632
2036-12-07 15:00:00+01:00,138.14292766179528
2036-12-07 16:00:00+01:00,138.16829249768654
2036-12-07 17:00:00+01:00,139.55067605375973
2036-12-07 18:00:00+01:00,138.14292766179528
2036-12-07 19:00:00+01:00,136.59567267242898
2036-12-07 20:00:00+01:00,131.5227054941788
2036-12-07 21:00:00+01:00,128.49160760517432
2036-12-07 22:00:00+01:00,130.35592304318126
2036-12-07 23:00:00+01:00,123.44400526281541
2036-12-08 00:00:00+01:00,128.23795924626182
2036-12-08 01:00:00+01:00,125.47319213411546
2036-12-08 02:00:00+01:00,110.36843236087554
2036-12-08 03:00:00+01:00,97.66064957935883
2036-12-08 04:00:00+01:00,96.12607700793816
2036-12-08 05:00:00+01:00,110.77426973513556
2036-12-08 06:00:00+01:00,126.24681962879862
2036-12-08 07:00:00+01:00,126.81752843635176
2036-12-08 08:00:00+01:00,131.89049561460195
2036-12-08 09:00:00+01:00,132.19487364529695
2036-12-08 10:00:00+01:00,132.49925167599199
2036-12-08 11:00:00+01:00,130.8251725071694
2036-12-08 12:00:00+01:00,128.40283067955494
2036-12-08 13:00:00+01:00,129.3793768613681
2036-12-08 14:00:00+01:00,133.19678466300138
2036-12-08 15:00:00+01:00,137.76245512342652
2036-12-08 16:00:00+01:00,149.07517193092445
2036-12-08 17:00:00+01:00,153.45060612216523
2036-12-08 18:00:00+01:00,149.4429620513476
2036-12-08 19:00:00+01:00,148.28886201829567
2036-12-08 20:00:00+01:00,135.61912649061583
2036-12-08 21:00:00+01:00,132.39779233242695
2036-12-08 22:00:00+01:00,132.57534618366572
2036-12-08 23:00:00+01:00,128.26332408215308
2036-12-09 00:00:00+01:00,124.91516574450795
2036-12-09 01:00:00+01:00,115.11165667253947
2036-12-09 02:00:00+01:00,109.36652134317114
2036-12-09 03:00:00+01:00,109.16360265604112
2036-12-09 04:00:00+01:00,107.83194877175046
2036-12-09 05:00:00+01:00,130.5842065662025
2036-12-09 06:00:00+01:00,145.1816696216174
2036-12-09 07:00:00+01:00,156.03781938307282
2036-12-09 08:00:00+01:00,160.59080742555233
2036-12-09 09:00:00+01:00,157.22996666996158
2036-12-09 10:00:00+01:00,155.65734684470408
2036-12-09 11:00:00+01:00,155.67002926264968
2036-12-09 12:00:00+01:00,154.541294065489
2036-12-09 13:00:00+01:00,154.61738857316274
2036-12-09 14:00:00+01:00,155.67002926264968
2036-12-09 15:00:00+01:00,171.40890993317086
2036-12-09 16:00:00+01:00,178.8408068493074
2036-12-09 17:00:00+01:00,176.2155463345629
2036-12-09 18:00:00+01:00,163.57117564277434
2036-12-09 19:00:00+01:00,164.86478227322812
2036-12-09 20:00:00+01:00,156.2787853240397
2036-12-09 21:00:00+01:00,150.21658954603072
2036-12-09 22:00:00+01:00,145.81579051889867
2036-12-09 23:00:00+01:00,142.20130140439545
2036-12-10 00:00:00+01:00,133.89431765001078
2036-12-10 01:00:00+01:00,125.75220532891922
2036-12-10 02:00:00+01:00,131.45929340445068
2036-12-10 03:00:00+01:00,131.5227054941788
2036-12-10 04:00:00+01:00,128.30137133598996
2036-12-10 05:00:00+01:00,140.57795190735538
2036-12-10 06:00:00+01:00,155.21346221660713
2036-12-10 07:00:00+01:00,192.69000724593036
2036-12-10 08:00:00+01:00,204.0661361431564
2036-12-10 09:00:00+01:00,185.06787406060948
2036-12-10 10:00:00+01:00,185.04250922471823
2036-12-10 11:00:00+01:00,179.2466442235674
2036-12-10 12:00:00+01:00,179.05640795438302
2036-12-10 13:00:00+01:00,185.18201582212012
2036-12-10 14:00:00+01:00,198.08003487282122
2036-12-10 15:00:00+01:00,207.70599009355092
2036-12-10 16:00:00+01:00,217.33194531428063
2036-12-10 17:00:00+01:00,231.62503033900052
2036-12-10 18:00:00+01:00,213.6794089459405
2036-12-10 19:00:00+01:00,203.73639327657014
2036-12-10 20:00:00+01:00,181.7958102306381
2036-12-10 21:00:00+01:00,163.5584932248287
2036-12-10 22:00:00+01:00,154.97249627564025
2036-12-10 23:00:00+01:00,145.96797953424618
2036-12-11 00:00:00+01:00,135.44157263937706
2036-12-11 01:00:00+01:00,130.90126701484317
2036-12-11 02:00:00+01:00,126.74143392867802
2036-12-11 03:00:00+01:00,124.20495033955292
2036-12-11 04:00:00+01:00,130.7237131636044
2036-12-11 05:00:00+01:00,140.6413639970835
2036-12-11 06:00:00+01:00,184.7254487760776
2036-12-11 07:00:00+01:00,271.24490400113444
2036-12-11 08:00:00+01:00,332.3995233349404
2036-12-11 09:00:00+01:00,279.488475665791
2036-12-11 10:00:00+01:00,365.10747921670844
2036-12-11 11:00:00+01:00,287.11060885111186
2036-12-11 12:00:00+01:00,284.51071317225865
2036-12-11 13:00:00+01:00,305.42402036459504
2036-12-11 14:00:00+01:00,290.40803751697456
2036-12-11 15:00:00+01:00,265.943653299863
2036-12-11 16:00:00+01:00,285.7028604591475
2036-12-11 17:00:00+01:00,307.694173176862
2036-12-11 18:00:00+01:00,333.8199541448504
2036-12-11 19:00:00+01:00,292.0567518499058
2036-12-11 20:00:00+01:00,232.52548201313994
2036-12-11 21:00:00+01:00,200.2740931774144
2036-12-11 22:00:00+01:00,164.24334379389248
2036-12-11 23:00:00+01:00,148.08594333116565
2036-12-12 00:00:00+01:00,132.81631212463262
2036-12-12 01:00:00+01:00,125.3844152084961
2036-12-12 02:00:00+01:00,121.1484876146572
2036-12-12 03:00:00+01:00,119.81683373036651
2036-12-12 04:00:00+01:00,125.89171192632111
2036-12-12 05:00:00+01:00,138.94191999236972
2036-12-12 06:00:00+01:00,189.64622693898025
2036-12-12 07:00:00+01:00,221.93566302854268
2036-12-12 08:00:00+01:00,254.80849034360384
2036-12-12 09:00:00+01:00,240.98465478287213
2036-12-12 10:00:00+01:00,219.71623988805823
2036-12-12 11:00:00+01:00,212.42384956932358
2036-12-12 12:00:00+01:00,205.49924937101207
2036-12-12 13:00:00+01:00,203.3051910664189
2036-12-12 14:00:00+01:00,214.25011775349364
2036-12-12 15:00:00+01:00,226.14622578649033
2036-12-12 16:00:00+01:00,244.25671861284349
2036-12-12 17:00:00+01:00,314.4412195239347
2036-12-12 18:00:00+01:00,320.57950980961743
2036-12-12 19:00:00+01:00,280.70598778857106
2036-12-12 20:00:00+01:00,222.86147953857332
2036-12-12 21:00:00+01:00,187.79459391891893
2036-12-12 22:00:00+01:00,160.21033488718356
2036-12-12 23:00:00+01:00,149.49369172313007
2036-12-13 00:00:00+01:00,144.6236432320099
2036-12-13 01:00:00+01:00,138.00342106439342
2036-12-13 02:00:00+01:00,133.27287917067514
2036-12-13 03:00:00+01:00,132.3090154068076
2036-12-13 04:00:00+01:00,134.84549899593267
2036-12-13 05:00:00+01:00,140.26089145871475
2036-12-13 06:00:00+01:00,181.26314867692184
2036-12-13 07:00:00+01:00,279.17141521715035
2036-12-13 08:00:00+01:00,373.59201682233186
2036-12-13 09:00:00+01:00,301.1754103528105
2036-12-13 10:00:00+01:00,240.97197236492647
2036-12-13 11:00:00+01:00,216.69782441699937
2036-12-13 12:00:00+01:00,204.68757462249206
2036-12-13 13:00:00+01:00,206.551890060499
2036-12-13 14:00:00+01:00,218.80310579597318
2036-12-13 15:00:00+01:00,244.64987356915788
2036-12-13 16:00:00+01:00,286.53990004355876
2036-12-13 17:00:00+01:00,347.22526991337656
2036-12-13 18:00:00+01:00,338.9563334128287
2036-12-13 19:00:00+01:00,282.874681257273
2036-12-13 20:00:00+01:00,207.32551755518213
2036-12-13 21:00:00+01:00,176.72284305238793
2036-12-13 22:00:00+01:00,157.4328853570916
2036-12-13 23:00:00+01:00,143.976839916783
2036-12-14 00:00:00+01:00,133.5518923654789
2036-12-14 01:00:00+01:00,127.81943945405617
2036-12-14 02:00:00+01:00,121.38945355562407
2036-12-14 03:00:00+01:00,125.43514488027859
2036-12-14 04:00:00+01:00,124.85175365477983
2036-12-14 05:00:00+01:00,128.74525596408682
2036-12-14 06:00:00+01:00,133.57725720137012
2036-12-14 07:00:00+01:00,128.77062079997808
2036-12-14 08:00:00+01:00,134.5030737114008
2036-12-14 09:00:00+01:00,134.61721547291143
2036-12-14 10:00:00+01:00,133.57725720137012
2036-12-14 11:00:00+01:00,133.67871654493513
2036-12-14 12:00:00+01:00,135.9995990289846
2036-12-14 13:00:00+01:00,132.53729892982884
2036-12-14 14:00:00+01:00,136.72249685188524
2036-12-14 15:00:00+01:00,140.70477608681165
2036-12-14 16:00:00+01:00,145.82847293684432
2036-12-14 17:00:00+01:00,147.14744440318935
2036-12-14 18:00:00+01:00,147.13476198524376
2036-12-14 19:00:00+01:00,139.42385187430347
2036-12-14 20:00:00+01:00,136.20251771611458
2036-12-14 21:00:00+01:00,132.70217036312198
2036-12-14 22:00:00+01:00,131.14223295581004
2036-12-14 23:00:00+01:00,124.68688222148668
2036-12-15 00:00:00+01:00,105.44765419797287
2036-12-15 01:00:00+01:00,105.44765419797287
2036-12-15 02:00:00+01:00,105.68862013893977
2036-12-15 03:00:00+01:00,110.76158731718994
2036-12-15 04:00:00+01:00,111.00255325815682
2036-12-15 05:00:00+01:00,110.60939830184243
2036-12-15 06:00:00+01:00,105.68862013893977
2036-12-15 07:00:00+01:00,101.76975299374149
2036-12-15 08:00:00+01:00,104.94035748014785
2036-12-15 09:00:00+01:00,112.8288214423269
2036-12-15 10:00:00+01:00,117.77496444112083
2036-12-15 11:00:00+01:00,111.06596534788494
2036-12-15 12:00:00+01:00,112.23274779888249
2036-12-15 13:00:00+01:00,106.46224763362292
2036-12-15 14:00:00+01:00,108.09827954860859
2036-12-15 15:00:00+01:00,111.11669501966746
2036-12-15 16:00:00+01:00,118.6627336973146
2036-12-15 17:00:00+01:00,120.10852934311589
2036-12-15 18:00:00+01:00,109.59480486619239
2036-12-15 19:00:00+01:00,111.07864776583058
2036-12-15 20:00:00+01:00,105.43497178002725
2036-12-15 21:00:00+01:00,123.95130198064041
2036-12-15 22:00:00+01:00,124.09080857804229
2036-12-15 23:00:00+01:00,112.44834890395813
2036-12-16 00:00:00+01:00,106.83003775404605
2036-12-16 01:00:00+01:00,103.29164314721655
2036-12-16 02:00:00+01:00,100.89466615549334
2036-12-16 03:00:00+01:00,100.61565296068957
2036-12-16 04:00:00+01:00,101.31318594769897
2036-12-16 05:00:00+01:00,106.06909267730852
2036-12-16 06:00:00+01:00,124.45859869846544
2036-12-16 07:00:00+01:00,136.3039770596796
2036-12-16 08:00:00+01:00,138.9038727385328
2036-12-16 09:00:00+01:00,134.73135723442203
2036-12-16 10:00:00+01:00,133.00654839381698
2036-12-16 11:00:00+01:00,131.05345603019066
2036-12-16 12:00:00+01:00,127.12190646704677
2036-12-16 13:00:00+01:00,128.45356035133744
2036-12-16 14:00:00+01:00,128.66916145641306
2036-12-16 15:00:00+01:00,135.70790341623518
2036-12-16 16:00:00+01:00,145.1182575318893
2036-12-16 17:00:00+01:00,145.77774326506182
2036-12-16 18:00:00+01:00,145.92993228040933
2036-12-16 19:00:00+01:00,140.6413639970835
2036-12-16 20:00:00+01:00,133.6660341269895
2036-12-16 21:00:00+01:00,127.10922404910116
2036-12-16 22:00:00+01:00,127.9335812155668
2036-12-16 23:00:00+01:00,121.56700740686283
2036-12-17 00:00:00+01:00,116.45599297477577
2036-12-17 01:00:00+01:00,115.31457535966948
2036-12-17 02:00:00+01:00,121.18653486849406
2036-12-17 03:00:00+01:00,120.4636370455934
2036-12-17 04:00:00+01:00,120.42558979175652
2036-12-17 05:00:00+01:00,117.8256941129033
2036-12-17 06:00:00+01:00,126.34827897236362
2036-12-17 07:00:00+01:00,138.20633975152344
2036-12-17 08:00:00+01:00,143.65977946814237
2036-12-17 09:00:00+01:00,135.21328911635584
2036-12-17 10:00:00+01:00,126.42437348003737
2036-12-17 11:00:00+01:00,123.31718108335915
2036-12-17 12:00:00+01:00,127.07117679526428
2036-12-17 13:00:00+01:00,130.9646791045713
2036-12-17 14:00:00+01:00,139.89310133829161
2036-12-17 15:00:00+01:00,139.96919584596537
2036-12-17 16:00:00+01:00,154.24959845273963
2036-12-17 17:00:00+01:00,154.8710369320753
2036-12-17 18:00:00+01:00,151.48483134059325
2036-12-17 19:00:00+01:00,144.02756958856548
2036-12-17 20:00:00+01:00,145.52409490614932
2036-12-17 21:00:00+01:00,134.56648580112892
2036-12-17 22:00:00+01:00,128.00967572324055
2036-12-17 23:00:00+01:00,112.91759836794625
2036-12-18 00:00:00+01:00,117.55936333604518
2036-12-18 01:00:00+01:00,114.26193467018257
2036-12-18 02:00:00+01:00,107.2992872180342
2036-12-18 03:00:00+01:00,107.04563885912168
2036-12-18 04:00:00+01:00,106.56370697718792
2036-12-18 05:00:00+01:00,121.9982096170141
2036-12-18 06:00:00+01:00,135.82204517774585
2036-12-18 07:00:00+01:00,135.02305284717144
2036-12-18 08:00:00+01:00,136.73517926983087
2036-12-18 09:00:00+01:00,134.2113780986514
2036-12-18 10:00:00+01:00,135.3020660419752
2036-12-18 11:00:00+01:00,132.32169782475322
2036-12-18 12:00:00+01:00,130.43201755085502
2036-12-18 13:00:00+01:00,132.98118355792573
2036-12-18 14:00:00+01:00,138.61217712578343
2036-12-18 15:00:00+01:00,144.44608938077116
2036-12-18 16:00:00+01:00,140.692093668866
2036-12-18 17:00:00+01:00,153.20964018119832
2036-12-18 18:00:00+01:00,168.69487249280704
2036-12-18 19:00:00+01:00,155.45442815757403
2036-12-18 20:00:00+01:00,146.86843120838563
2036-12-18 21:00:00+01:00,134.28747260632517
2036-12-18 22:00:00+01:00,131.94122528638445
2036-12-18 23:00:00+01:00,120.60314364299529
2036-12-19 00:00:00+01:00,108.85922462534613
2036-12-19 01:00:00+01:00,103.53260908818343
2036-12-19 02:00:00+01:00,101.99803651676274
2036-12-19 03:00:00+01:00,101.64292881428523
2036-12-19 04:00:00+01:00,102.55606290637027
2036-12-19 05:00:00+01:00,112.11860603737186
2036-12-19 06:00:00+01:00,130.59688898414817
2036-12-19 07:00:00+01:00,147.17280923908064
2036-12-19 08:00:00+01:00,144.39535970898862
2036-12-19 09:00:00+01:00,136.96346279285214
2036-12-19 10:00:00+01:00,136.189835298169
2036-12-19 11:00:00+01:00,130.64761865593064
2036-12-19 12:00:00+01:00,124.12885583187916
2036-12-19 13:00:00+01:00,123.92593714474916
2036-12-19 14:00:00+01:00,130.4700648046919
2036-12-19 15:00:00+01:00,140.19747936898662
2036-12-19 16:00:00+01:00,145.46068281642118
2036-12-19 17:00:00+01:00,138.14292766179528
2036-12-19 18:00:00+01:00,136.12642320844085
2036-12-19 19:00:00+01:00,133.84358797822824
2036-12-19 20:00:00+01:00,125.71415807508234
2036-12-19 21:00:00+01:00,121.79529092988408
2036-12-19 22:00:00+01:00,114.09706323688943
2036-12-19 23:00:00+01:00,104.81353330069159
2036-12-20 00:00:00+01:00,99.57569468914829
2036-12-20 01:00:00+01:00,89.65804385566919
2036-12-20 02:00:00+01:00,82.63198431379267
2036-12-20 03:00:00+01:00,69.61982350158095
2036-12-20 04:00:00+01:00,69.7846949348741
2036-12-20 05:00:00+01:00,92.60036481905428
2036-12-20 06:00:00+01:00,109.40456859700802
2036-12-20 07:00:00+01:00,132.05536704789506
2036-12-20 08:00:00+01:00,134.71867481647644
2036-12-20 09:00:00+01:00,129.26523509985748
2036-12-20 10:00:00+01:00,126.37364380825485
2036-12-20 11:00:00+01:00,125.24490861109419
2036-12-20 12:00:00+01:00,117.09011387205703
2036-12-20 13:00:00+01:00,111.53521481187309
2036-12-20 14:00:00+01:00,118.96711172800961
2036-12-20 15:00:00+01:00,124.82638881888856
2036-12-20 16:00:00+01:00,129.26523509985748
2036-12-20 17:00:00+01:00,130.3686054611269
2036-12-20 18:00:00+01:00,129.65839005617187
2036-12-20 19:00:00+01:00,129.3286471895856
2036-12-20 20:00:00+01:00,125.0419899239642
2036-12-20 21:00:00+01:00,122.4547766630566
2036-12-20 22:00:00+01:00,120.60314364299529
2036-12-20 23:00:00+01:00,107.48952348721856
2036-12-21 00:00:00+01:00,113.19661156275001
2036-12-21 01:00:00+01:00,99.32204633023576
2036-12-21 02:00:00+01:00,84.59775909536462
2036-12-21 03:00:00+01:00,74.79425002339616
2036-12-21 04:00:00+01:00,74.13476429022361
2036-12-21 05:00:00+01:00,88.09810644835726
2036-12-21 06:00:00+01:00,111.15474227350433
2036-12-21 07:00:00+01:00,122.67037776813225
2036-12-21 08:00:00+01:00,126.42437348003737
2036-12-21 09:00:00+01:00,128.09845264885993
2036-12-21 10:00:00+01:00,115.83455449544013
2036-12-21 11:00:00+01:00,98.9796210457039
2036-12-21 12:00:00+01:00,91.43358236805673
2036-12-21 13:00:00+01:00,92.5496351472718
2036-12-21 14:00:00+01:00,109.41725101495365
2036-12-21 15:00:00+01:00,125.89171192632111
2036-12-21 16:00:00+01:00,128.75793838203248
2036-12-21 17:00:00+01:00,128.7833032179237
2036-12-21 18:00:00+01:00,130.31787578934438
2036-12-21 19:00:00+01:00,128.7833032179237
2036-12-21 20:00:00+01:00,128.7833032179237
2036-12-21 21:00:00+01:00,125.95512401604923
2036-12-21 22:00:00+01:00,118.30762599483708
2036-12-21 23:00:00+01:00,107.07100369501292
2036-12-22 00:00:00+01:00,118.20616665127207
2036-12-22 01:00:00+01:00,97.02652868207755
2036-12-22 02:00:00+01:00,88.2249306278135
2036-12-22 03:00:00+01:00,82.46711288049956
2036-12-22 04:00:00+01:00,83.67194258533398
2036-12-22 05:00:00+01:00,85.44748109772152
2036-12-22 06:00:00+01:00,95.97388799259065
2036-12-22 07:00:00+01:00,110.25429059936492
2036-12-22 08:00:00+01:00,117.61009300782769
2036-12-22 09:00:00+01:00,108.80849495356361
2036-12-22 10:00:00+01:00,97.93966277416261
2036-12-22 11:00:00+01:00,83.0378216880527
2036-12-22 12:00:00+01:00,92.52427031138053
2036-12-22 13:00:00+01:00,80.57743260660135
2036-12-22 14:00:00+01:00,94.02079562896434
2036-12-22 15:00:00+01:00,117.50863366426267
2036-12-22 16:00:00+01:00,127.18531855677489
2036-12-22 17:00:00+01:00,131.5227054941788
2036-12-22 18:00:00+01:00,130.6729834918219
2036-12-22 19:00:00+01:00,129.54424829466123
2036-12-22 20:00:00+01:00,130.31787578934438
2036-12-22 21:00:00+01:00,122.36599973743722
2036-12-22 22:00:00+01:00,110.26697301731056
2036-12-22 23:00:00+01:00,89.56926693004979
2036-12-23 00:00:00+01:00,68.0472036763234
2036-12-23 01:00:00+01:00,56.30328465867424
2036-12-23 02:00:00+01:00,40.729275421446175
2036-12-23 03:00:00+01:00,36.02409836361913
2036-12-23 04:00:00+01:00,31.445745485248345
2036-12-23 05:00:00+01:00,70.31735648859036
2036-12-23 06:00:00+01:00,107.04563885912168
2036-12-23 07:00:00+01:00,134.021141829467
2036-12-23 08:00:00+01:00,135.20060669841018
2036-12-23 09:00:00+01:00,138.28243425919717
2036-12-23 10:00:00+01:00,121.6557843324822
2036-12-23 11:00:00+01:00,108.55484659465111
2036-12-23 12:00:00+01:00,107.66707733845732
2036-12-23 13:00:00+01:00,106.91881467966543
2036-12-23 14:00:00+01:00,115.3272577776151
2036-12-23 15:00:00+01:00,133.42506818602263
2036-12-23 16:00:00+01:00,138.28243425919717
2036-12-23 17:00:00+01:00,137.5975836901334
2036-12-23 18:00:00+01:00,137.47075951067714
2036-12-23 19:00:00+01:00,136.697132015994
2036-12-23 20:00:00+01:00,135.3527957137577
2036-12-23 21:00:00+01:00,126.72875151073238
2036-12-23 22:00:00+01:00,119.63927987912777
2036-12-23 23:00:00+01:00,109.51871035851865
2036-12-24 00:00:00+01:00,92.5496351472718
2036-12-24 01:00:00+01:00,83.60853049560583
2036-12-24 02:00:00+01:00,79.71502818629882
2036-12-24 03:00:00+01:00,72.8792049136067
2036-12-24 04:00:00+01:00,70.79928837052412
2036-12-24 05:00:00+01:00,80.78035129373137
2036-12-24 06:00:00+01:00,92.33403404219615
2036-12-24 07:00:00+01:00,115.974061092842
2036-12-24 08:00:00+01:00,128.12381748475119
2036-12-24 09:00:00+01:00,128.07308781296868
2036-12-24 10:00:00+01:00,120.56509638915841
2036-12-24 11:00:00+01:00,116.53208748244953
2036-12-24 12:00:00+01:00,111.37034337857995
2036-12-24 13:00:00+01:00,109.30310925344301
2036-12-24 14:00:00+01:00,110.9898708402112
2036-12-24 15:00:00+01:00,119.94365790982278
2036-12-24 16:00:00+01:00,132.57534618366572
2036-12-24 17:00:00+01:00,136.6844495980484
2036-12-24 18:00:00+01:00,134.9723231753889
2036-12-24 19:00:00+01:00,132.0807318837863
2036-12-24 20:00:00+01:00,115.974061092842
2036-12-24 21:00:00+01:00,110.12746641990867
2036-12-24 22:00:00+01:00,106.47493005156852
2036-12-24 23:00:00+01:00,92.5623175652174
2036-12-25 00:00:00+01:00,101.35123320153585
2036-12-25 01:00:00+01:00,91.3067581886005
2036-12-25 02:00:00+01:00,85.73917671047091
2036-12-25 03:00:00+01:00,77.97753692774813
2036-12-25 04:00:00+01:00,70.22857956297098
2036-12-25 05:00:00+01:00,70.60905210133974
2036-12-25 06:00:00+01:00,71.30658508834915
2036-12-25 07:00:00+01:00,87.59080973053223
2036-12-25 08:00:00+01:00,98.59914850733513
2036-12-25 09:00:00+01:00,97.6860144152501
2036-12-25 10:00:00+01:00,99.85470788395205
2036-12-25 11:00:00+01:00,97.85088584854323
2036-12-25 12:00:00+01:00,97.07725835386007
2036-12-25 13:00:00+01:00,93.71641759826932
2036-12-25 14:00:00+01:00,97.74942650497822
2036-12-25 15:00:00+01:00,110.45720928649493
2036-12-25 16:00:00+01:00,122.42941182716535
2036-12-25 17:00:00+01:00,132.5626637657201
2036-12-25 18:00:00+01:00,133.1587374091645
2036-12-25 19:00:00+01:00,129.8359439074106
2036-12-25 20:00:00+01:00,124.87711849067108
2036-12-25 21:00:00+01:00,119.89292823804026
2036-12-25 22:00:00+01:00,119.27148975870462
2036-12-25 23:00:00+01:00,109.16360265604112
2036-12-26 00:00:00+01:00,111.95373460407873
2036-12-26 01:00:00+01:00,108.31388065368422
2036-12-26 02:00:00+01:00,105.11791133138661
2036-12-26 03:00:00+01:00,102.40387389102277
2036-12-26 04:00:00+01:00,100.42541669150519
2036-12-26 05:00:00+01:00,104.99108715193034
2036-12-26 06:00:00+01:00,113.8307324600313
2036-12-26 07:00:00+01:00,119.74073922269277
2036-12-26 08:00:00+01:00,131.9158604504932
2036-12-26 09:00:00+01:00,133.1587374091645
2036-12-26 10:00:00+01:00,124.09080857804229
2036-12-26 11:00:00+01:00,119.57586778939962
2036-12-26 12:00:00+01:00,118.47249742813023
2036-12-26 13:00:00+01:00,115.63163580831011
2036-12-26 14:00:00+01:00,118.32030841278271
2036-12-26 15:00:00+01:00,136.7098144339396
2036-12-26 16:00:00+01:00,143.26662451182798
2036-12-26 17:00:00+01:00,148.92298291557694
2036-12-26 18:00:00+01:00,147.1093971493525
2036-12-26 19:00:00+01:00,147.36304550826497
2036-12-26 20:00:00+01:00,143.31735418361046
2036-12-26 21:00:00+01:00,138.2951166771428
2036-12-26 22:00:00+01:00,137.81318479520905
2036-12-26 23:00:00+01:00,129.91203841508437
2036-12-27 00:00:00+01:00,123.34254591925038
2036-12-27 01:00:00+01:00,120.09584692517028
2036-12-27 02:00:00+01:00,115.63163580831011
2036-12-27 03:00:00+01:00,112.62590275519688
2036-12-27 04:00:00+01:00,112.56249066546874
2036-12-27 05:00:00+01:00,119.67732713296465
2036-12-27 06:00:00+01:00,125.46050971616984
2036-12-27 07:00:00+01:00,142.89883439140485
2036-12-27 08:00:00+01:00,153.56474788367586
2036-12-27 09:00:00+01:00,148.6693345566644
2036-12-27 10:00:00+01:00,137.407347420949
2036-12-27 11:00:00+01:00,130.9773615225169
2036-12-27 12:00:00+01:00,129.25255268191185
2036-12-27 13:00:00+01:00,125.47319213411546
2036-12-27 14:00:00+01:00,134.93427592155206
2036-12-27 15:00:00+01:00,144.86460917297677
2036-12-27 16:00:00+01:00,172.38545611498404
2036-12-27 17:00:00+01:00,183.7362201763188
2036-12-27 18:00:00+01:00,186.34879827311767
2036-12-27 19:00:00+01:00,170.78747145383522
2036-12-27 20:00:00+01:00,150.3560961434326
2036-12-27 21:00:00+01:00,140.4384453099535
2036-12-27 22:00:00+01:00,140.42576289200787
2036-12-27 23:00:00+01:00,131.45929340445068
2036-12-28 00:00:00+01:00,133.18410224505573
2036-12-28 01:00:00+01:00,125.60001631357171
2036-12-28 02:00:00+01:00,119.157347997194
2036-12-28 03:00:00+01:00,115.8218720774945
2036-12-28 04:00:00+01:00,114.0843808189438
2036-12-28 05:00:00+01:00,116.17697977997202
2036-12-28 06:00:00+01:00,122.63233051429538
2036-12-28 07:00:00+01:00,130.40665271496377
2036-12-28 08:00:00+01:00,138.53608261810967
2036-12-28 09:00:00+01:00,139.56335847170533
2036-12-28 10:00:00+01:00,129.63302522028062
2036-12-28 11:00:00+01:00,119.43636119199775
2036-12-28 12:00:00+01:00,116.58281715423202
2036-12-28 13:00:00+01:00,114.64240720855132
2036-12-28 14:00:00+01:00,122.61964809634974
2036-12-28 15:00:00+01:00,138.52340020016408
2036-12-28 16:00:00+01:00,150.9394873689314
2036-12-28 17:00:00+01:00,157.64848646216726
2036-12-28 18:00:00+01:00,158.63771506192603
2036-12-28 19:00:00+01:00,152.76575555310146
2036-12-28 20:00:00+01:00,143.063705824698
2036-12-28 21:00:00+01:00,134.0591890833039
2036-12-28 22:00:00+01:00,132.10609671967757
2036-12-28 23:00:00+01:00,124.16690308571604
2036-12-29 00:00:00+01:00,126.538515241548
2036-12-29 01:00:00+01:00,117.99056554619645
2036-12-29 02:00:00+01:00,111.35766096063435
2036-12-29 03:00:00+01:00,100.48882878123331
2036-12-29 04:00:00+01:00,95.07343631845126
2036-12-29 05:00:00+01:00,95.18757807996188
2036-12-29 06:00:00+01:00,97.9903924459451
2036-12-29 07:00:00+01:00,109.70894662770301
2036-12-29 08:00:00+01:00,115.85991933133138
2036-12-29 09:00:00+01:00,115.87260174927701
2036-12-29 10:00:00+01:00,113.94487422154192
2036-12-29 11:00:00+01:00,110.74890489924431
2036-12-29 12:00:00+01:00,108.77044769972673
2036-12-29 13:00:00+01:00,108.80849495356361
2036-12-29 14:00:00+01:00,112.91759836794625
2036-12-29 15:00:00+01:00,126.62729216716738
2036-12-29 16:00:00+01:00,143.875380573218
2036-12-29 17:00:00+01:00,148.37763894391503
2036-12-29 18:00:00+01:00,149.8995290973901
2036-12-29 19:00:00+01:00,146.9445257160594
2036-12-29 20:00:00+01:00,140.590634325301
2036-12-29 21:00:00+01:00,128.50429002311995
2036-12-29 22:00:00+01:00,120.33681286613717
2036-12-29 23:00:00+01:00,112.06787636558937
2036-12-30 00:00:00+01:00,114.43948852142131
2036-12-30 01:00:00+01:00,113.32343574220627
2036-12-30 02:00:00+01:00,111.99178185791561
2036-12-30 03:00:00+01:00,110.76158731718994
2036-12-30 04:00:00+01:00,111.06596534788494
2036-12-30 05:00:00+01:00,121.33872388384157
2036-12-30 06:00:00+01:00,136.900050703124
2036-12-30 07:00:00+01:00,147.6801059569056
2036-12-30 08:00:00+01:00,150.0644005306832
2036-12-30 09:00:00+01:00,147.565964195395
2036-12-30 10:00:00+01:00,143.875380573218
2036-12-30 11:00:00+01:00,136.97614521079774
2036-12-30 12:00:00+01:00,132.9558187220345
2036-12-30 13:00:00+01:00,131.89049561460195
2036-12-30 14:00:00+01:00,143.33003660155612
2036-12-30 15:00:00+01:00,147.9464367337638
2036-12-30 16:00:00+01:00,148.72006422844694
2036-12-30 17:00:00+01:00,154.51592922959776
2036-12-30 18:00:00+01:00,163.46971629920932
2036-12-30 19:00:00+01:00,157.52166228271102
2036-12-30 20:00:00+01:00,150.07708294862886
2036-12-30 21:00:00+01:00,148.0478960773288
2036-12-30 22:00:00+01:00,143.875380573218
2036-12-30 23:00:00+01:00,137.00151004668902
2036-12-31 00:00:00+01:00,113.2853884883694
2036-12-31 01:00:00+01:00,108.70703560999861
2036-12-31 02:00:00+01:00,108.1490092203911
2036-12-31 03:00:00+01:00,109.40456859700802
2036-12-31 04:00:00+01:00,107.88267844353295
2036-12-31 05:00:00+01:00,110.07673674812617
2036-12-31 06:00:00+01:00,116.27843912353701
2036-12-31 07:00:00+01:00,133.6660341269895
2036-12-31 08:00:00+01:00,134.09723633714077
2036-12-31 09:00:00+01:00,131.19296262759255
2036-12-31 10:00:00+01:00,126.66533942100426
2036-12-31 11:00:00+01:00,121.71919642221033
2036-12-31 12:00:00+01:00,123.71033603967354
2036-12-31 13:00:00+01:00,115.84723691338574
2036-12-31 14:00:00+01:00,123.71033603967354
2036-12-31 15:00:00+01:00,131.68757692747195
2036-12-31 16:00:00+01:00,144.75046741146616
2036-12-31 17:00:00+01:00,145.63823666765995
2036-12-31 18:00:00+01:00,143.6090497963599
2036-12-31 19:00:00+01:00,138.18097491563216
2036-12-31 20:00:00+01:00,125.16881410342046
2036-12-31 21:00:00+01:00,119.24612492281338
2036-12-31 22:00:00+01:00,123.6976536217279
2036-12-31 23:00:00+01:00,114.05901598305255
